date,close,adjclose
2000-07-21,21.5625,12.40971565246582
2000-07-24,22.0625,12.697476387023926
2000-07-25,22.75,13.093144416809082
2000-07-26,22.625,13.02120590209961
2000-07-27,22.625,13.02120590209961
2000-07-28,22.375,12.877326011657715
2000-07-31,22.5,12.949270248413086
2000-08-01,22.3125,12.84135627746582
2000-08-02,22.3125,12.84135627746582
2000-08-03,21.5625,12.40971565246582
2000-08-04,21.4375,12.33777904510498
2000-08-07,21.75,12.517622947692871
2000-08-08,22.25,12.805389404296875
2000-08-09,22.25,12.805389404296875
2000-08-10,22.3125,12.84135627746582
2000-08-11,22.9375,13.201061248779297
2000-08-14,24.5,14.100314140319824
2000-08-15,23.6875,13.632702827453613
2000-08-16,22.375,12.877326011657715
2000-08-17,22.5,12.949270248413086
2000-08-18,24.0,13.812552452087402
2000-08-21,24.125,13.884499549865723
2000-08-22,24.125,13.884499549865723
2000-08-23,24.75,14.244200706481934
2000-08-24,25.1875,14.49598503112793
2000-08-25,25.4375,14.639875411987305
2000-08-28,26.0,14.96359634399414
2000-08-29,26.9375,15.503152847290039
2000-08-30,27.375,15.754945755004883
2000-08-31,27.3125,15.718972206115723
2000-09-01,27.21875,15.665020942687988
2000-09-05,26.5,15.25135326385498
2000-09-06,27.6875,15.934793472290039
2000-09-07,29.0,16.690174102783203
2000-09-08,28.625,16.474348068237305
2000-09-11,28.4375,16.366439819335938
2000-09-12,28.171875,16.213560104370117
2000-09-13,28.40625,16.348461151123047
2000-09-14,29.375,16.90599250793457
2000-09-15,29.5,16.977933883666992
2000-09-18,27.625,15.898822784423828
2000-09-19,28.75,16.546289443969727
2000-09-20,28.25,16.258525848388672
2000-09-21,28.375,16.33047103881836
2000-09-22,29.375,16.90599250793457
2000-09-25,30.46875,17.535472869873047
2000-09-26,30.875,17.83659553527832
2000-09-27,31.4375,18.16156005859375
2000-09-28,30.9375,17.872709274291992
2000-09-29,31.0,17.908809661865234
2000-10-02,29.375,16.970041275024414
2000-10-03,30.0625,17.367206573486328
2000-10-04,30.0,17.33110237121582
2000-10-05,30.125,17.403322219848633
2000-10-06,29.5625,17.0783634185791
2000-10-09,30.125,17.403322219848633
2000-10-10,31.0,17.908809661865234
2000-10-11,31.0,17.908809661865234
2000-10-12,30.875,17.83659553527832
2000-10-13,30.6875,17.728275299072266
2000-10-16,30.0,17.33110237121582
2000-10-17,30.75,17.76438331604004
2000-10-18,31.375,18.125450134277344
2000-10-19,31.875,18.414297103881836
2000-10-20,31.375,18.125450134277344
2000-10-23,30.25,17.47553253173828
2000-10-24,29.0625,16.789506912231445
2000-10-25,26.625,15.381364822387695
2000-10-26,25.75,14.875864028930664
2000-10-27,27.4375,15.850740432739258
2000-10-30,28.75,16.60896873474121
2000-10-31,28.9375,16.717294692993164
2000-11-01,29.125,16.82561683654785
2000-11-02,29.0,16.753400802612305
2000-11-03,28.1875,16.28401756286621
2000-11-06,27.875,16.10348129272461
2000-11-07,27.75,16.031267166137695
2000-11-08,27.1875,15.706310272216797
2000-11-09,26.75,15.453567504882812
2000-11-10,26.375,15.236923217773438
2000-11-13,27.25,15.742422103881836
2000-11-14,29.25,16.897830963134766
2000-11-15,30.0,17.33110237121582
2000-11-16,29.5625,17.0783634185791
2000-11-17,29.375,16.970041275024414
2000-11-20,29.5,17.04225730895996
2000-11-21,30.5625,17.656068801879883
2000-11-22,30.4375,17.583847045898438
2000-11-24,29.25,16.897830963134766
2000-11-27,28.4375,16.42844009399414
2000-11-28,30.0,17.33110237121582
2000-11-29,29.4375,17.00614356994629
2000-11-30,27.5625,15.922947883605957
2000-12-01,26.9375,15.561888694763184
2000-12-04,27.4375,15.850740432739258
2000-12-05,28.75,16.60896873474121
2000-12-06,29.25,16.897830963134766
2000-12-07,29.75,17.186674118041992
2000-12-08,30.1875,17.439422607421875
2000-12-11,32.75,18.919790267944336
2000-12-12,32.4375,18.7392578125
2000-12-13,33.0625,19.10032081604004
2000-12-14,34.25,19.786344528198242
2000-12-15,36.0,20.797319412231445
2000-12-18,37.25,21.519451141357422
2000-12-19,36.875,21.37627410888672
2000-12-20,36.0,20.869035720825195
2000-12-21,36.0,20.869035720825195
2000-12-22,36.0,20.869035720825195
2000-12-26,36.125,20.941495895385742
2000-12-27,36.0,20.869035720825195
2000-12-28,37.6875,21.847270965576172
2000-12-29,39.75,23.04289436340332
2001-01-02,39.4375,22.861738204956055
2001-01-03,41.75,24.202281951904297
2001-01-04,40.0,23.187820434570312
2001-01-05,39.3125,22.789283752441406
2001-01-08,39.8125,23.079132080078125
2001-01-09,40.9375,23.73128318786621
2001-01-10,41.25,23.912437438964844
2001-01-11,38.9375,22.571889877319336
2001-01-12,37.0,21.44873046875
2001-01-16,37.0625,21.484962463378906
2001-01-17,38.25,22.173351287841797
2001-01-18,40.1875,23.296512603759766
2001-01-19,39.5625,22.934206008911133
2001-01-22,39.25,22.7530517578125
2001-01-23,41.0625,23.803749084472656
2001-01-24,41.125,23.839988708496094
2001-01-25,39.6875,23.00666046142578
2001-01-26,40.25,23.332744598388672
2001-01-29,41.150001525878906,23.854482650756836
2001-01-30,41.5,24.057373046875
2001-01-31,41.5099983215332,24.063159942626953
2001-02-01,41.0,23.76752281188965
2001-02-02,40.18000030517578,23.29216957092285
2001-02-05,38.88999938964844,22.54435920715332
2001-02-06,39.5,22.897972106933594
2001-02-07,39.5099983215332,22.90376091003418
2001-02-08,39.20000076293945,22.72406005859375
2001-02-09,37.79999923706055,21.912490844726562
2001-02-12,37.45000076293945,21.709590911865234
2001-02-13,37.650001525878906,21.82554054260254
2001-02-14,37.90999984741211,21.97626304626465
2001-02-15,37.400001525878906,21.680618286132812
2001-02-16,36.2400016784668,21.008163452148438
2001-02-20,36.68000030517578,21.263233184814453
2001-02-21,35.900001525878906,20.811077117919922
2001-02-22,35.08000183105469,20.335729598999023
2001-02-23,36.0,20.869035720825195
2001-02-26,38.599998474121094,22.376245498657227
2001-02-27,37.810001373291016,21.918291091918945
2001-02-28,38.0,22.028425216674805
2001-03-01,38.2400016784668,22.167556762695312
2001-03-02,38.04999923706055,22.057415008544922
2001-03-05,37.900001525878906,21.970458984375
2001-03-06,38.29999923706055,22.202329635620117
2001-03-07,40.25,23.332744598388672
2001-03-08,40.79999923706055,23.651567459106445
2001-03-09,40.08000183105469,23.23420524597168
2001-03-12,38.70000076293945,22.43421173095703
2001-03-13,38.119998931884766,22.097993850708008
2001-03-14,38.7400016784668,22.4574031829834
2001-03-15,39.099998474121094,22.666093826293945
2001-03-16,38.599998474121094,22.376245498657227
2001-03-19,38.810001373291016,22.49798583984375
2001-03-20,37.79999923706055,22.138385772705078
2001-03-21,36.150001525878906,21.172029495239258
2001-03-22,34.5,20.275775909423828
2001-03-23,37.709999084472656,22.162296295166016
2001-03-26,38.650001525878906,22.714736938476562
2001-03-27,39.25,23.067365646362305
2001-03-28,38.65999984741211,22.720624923706055
2001-03-29,37.900001525878906,22.273969650268555
2001-03-30,37.900001525878906,22.273969650268555
2001-04-02,39.310001373291016,23.10262680053711
2001-04-03,38.349998474121094,22.53843116760254
2001-04-04,36.88999938964844,21.680389404296875
2001-04-05,37.25,21.891956329345703
2001-04-06,36.0,21.157323837280273
2001-04-09,36.97999954223633,21.7332763671875
2001-04-10,38.349998474121094,22.53843116760254
2001-04-11,39.09000015258789,22.973339080810547
2001-04-12,40.099998474121094,23.566917419433594
2001-04-16,40.79999923706055,23.978300094604492
2001-04-17,41.25,24.242769241333008
2001-04-18,41.4900016784668,24.383817672729492
2001-04-19,39.900001525878906,23.449371337890625
2001-04-20,39.599998474121094,23.273059844970703
2001-04-23,40.099998474121094,23.566917419433594
2001-04-24,40.900001525878906,24.03708267211914
2001-04-25,41.75,24.5366153717041
2001-04-26,44.79999923706055,26.32912254333496
2001-04-27,44.599998474121094,26.211578369140625
2001-04-30,44.810001373291016,26.33499526977539
2001-05-01,44.75,26.29973793029785
2001-05-02,45.5,26.740514755249023
2001-05-03,42.79999923706055,25.153711318969727
2001-05-04,40.400001525878906,23.743221282958984
2001-05-07,40.18000030517578,23.613933563232422
2001-05-08,39.5,23.214290618896484
2001-05-09,39.790000915527344,23.384733200073242
2001-05-10,42.08000183105469,24.730575561523438
2001-05-11,42.709999084472656,25.100812911987305
2001-05-14,43.060001373291016,25.306514739990234
2001-05-15,43.0,25.27124786376953
2001-05-16,42.630001068115234,25.053804397583008
2001-05-17,42.0099983215332,24.689428329467773
2001-05-18,40.599998474121094,23.86077117919922
2001-05-21,42.29999923706055,24.859865188598633
2001-05-22,42.5,24.9774112701416
2001-05-23,41.58000183105469,24.436708450317383
2001-05-24,42.0,24.683547973632812
2001-05-25,42.150001525878906,24.771709442138672
2001-05-29,41.5,24.389707565307617
2001-05-30,41.29999923706055,24.272153854370117
2001-05-31,41.400001525878906,24.330928802490234
2001-06-01,41.70000076293945,24.50724220275879
2001-06-04,41.459999084472656,24.36618995666504
2001-06-05,40.04999923706055,23.53752899169922
2001-06-06,39.5099983215332,23.22016143798828
2001-06-07,39.25,23.067365646362305
2001-06-08,38.220001220703125,22.46202850341797
2001-06-11,37.349998474121094,21.95073127746582
2001-06-12,38.900001525878906,22.861665725708008
2001-06-13,40.400001525878906,23.743221282958984
2001-06-14,40.150001525878906,23.596296310424805
2001-06-15,41.209999084472656,24.219266891479492
2001-06-18,40.5,23.802000045776367
2001-06-19,39.5,23.214290618896484
2001-06-20,39.5,23.214290618896484
2001-06-21,39.61000061035156,23.278940200805664
2001-06-22,39.599998474121094,23.273059844970703
2001-06-25,39.0,22.920433044433594
2001-06-26,38.279998779296875,22.56498146057129
2001-06-27,37.599998474121094,22.164148330688477
2001-06-28,38.29999923706055,22.576770782470703
2001-06-29,39.04999923706055,23.018890380859375
2001-07-02,39.279998779296875,23.15445899963379
2001-07-03,39.45000076293945,23.25466537475586
2001-07-05,37.400001525878906,22.046260833740234
2001-07-06,37.7400016784668,22.24667739868164
2001-07-09,37.599998474121094,22.164148330688477
2001-07-10,36.40999984741211,21.46268081665039
2001-07-11,35.5,20.926259994506836
2001-07-12,34.91999816894531,20.584365844726562
2001-07-13,34.5099983215332,20.34267807006836
2001-07-16,33.959999084472656,20.01847267150879
2001-07-17,36.22999954223633,21.35655975341797
2001-07-18,36.900001525878906,21.751514434814453
2001-07-19,37.20000076293945,21.928356170654297
2001-07-20,37.52000045776367,22.116989135742188
2001-07-23,37.599998474121094,22.164148330688477
2001-07-24,36.599998474121094,21.574684143066406
2001-07-25,35.70000076293945,21.04414939880371
2001-07-26,35.720001220703125,21.055944442749023
2001-07-27,35.0,20.63151741027832
2001-07-30,35.7400016784668,21.067729949951172
2001-07-31,35.599998474121094,20.98520851135254
2001-08-01,35.84000015258789,21.12667465209961
2001-08-02,35.79999923706055,21.10309600830078
2001-08-03,36.5,21.515729904174805
2001-08-06,36.939998626708984,21.77509117126465
2001-08-07,36.79999923706055,21.692562103271484
2001-08-08,36.529998779296875,21.533414840698242
2001-08-09,36.02000045776367,21.2327823638916
2001-08-10,36.25,21.368356704711914
2001-08-13,36.560001373291016,21.551084518432617
2001-08-14,33.79999923706055,19.924161911010742
2001-08-15,30.829999923706055,18.17341423034668
2001-08-16,30.700000762939453,18.096790313720703
2001-08-17,29.0,17.09468650817871
2001-08-20,29.049999237060547,17.124156951904297
2001-08-21,29.260000228881836,17.247943878173828
2001-08-22,29.549999237060547,17.418899536132812
2001-08-23,28.969999313354492,17.077009201049805
2001-08-24,30.100000381469727,17.74310302734375
2001-08-27,29.700000762939453,17.507322311401367
2001-08-28,29.100000381469727,17.153636932373047
2001-08-29,28.200000762939453,16.623117446899414
2001-08-30,26.809999465942383,15.803749084472656
2001-08-31,26.100000381469727,15.385222434997559
2001-09-04,25.850000381469727,15.2378511428833
2001-09-05,25.700000762939453,15.149429321289062
2001-09-06,27.0,15.915746688842773
2001-09-07,25.0,14.736802101135254
2001-09-10,24.030000686645508,14.165014266967773
2001-09-17,15.699999809265137,9.425333976745605
2001-09-18,15.399999618530273,9.245230674743652
2001-09-19,14.699999809265137,8.824992179870605
2001-09-20,11.949999809265137,7.174058437347412
2001-09-21,12.5,7.504242897033691
2001-09-24,13.0,7.804415225982666
2001-09-25,12.800000190734863,7.6843461990356445
2001-09-26,12.59000015258789,7.558272838592529
2001-09-27,12.779999732971191,7.672336101531982
2001-09-28,12.75,7.654327392578125
2001-10-01,11.449999809265137,6.873886585235596
2001-10-02,12.0,7.20407772064209
2001-10-03,11.979999542236328,7.192066669464111
2001-10-04,12.920000076293945,7.756389617919922
2001-10-05,12.5,7.504242897033691
2001-10-08,12.25,7.3541579246521
2001-10-09,12.550000190734863,7.534261226654053
2001-10-10,13.289999961853027,7.978515148162842
2001-10-11,14.15999984741211,8.50080680847168
2001-10-12,14.140000343322754,8.488805770874023
2001-10-15,14.350000381469727,8.614873886108398
2001-10-16,14.800000190734863,8.885025024414062
2001-10-17,14.8100004196167,8.89102840423584
2001-10-18,15.0600004196167,9.041109085083008
2001-10-19,16.600000381469727,9.9656400680542
2001-10-22,17.299999237060547,10.385878562927246
2001-10-23,17.15999984741211,10.301827430725098
2001-10-24,17.450000762939453,10.475926399230957
2001-10-25,17.299999237060547,10.385878562927246
2001-10-26,17.889999389648438,10.740074157714844
2001-10-29,17.75,10.656025886535645
2001-10-30,16.770000457763672,10.067695617675781
2001-10-31,17.15999984741211,10.301827430725098
2001-11-01,17.75,10.656025886535645
2001-11-02,18.209999084472656,10.932181358337402
2001-11-05,18.639999389648438,11.190328598022461
2001-11-06,17.610000610351562,10.571983337402344
2001-11-07,17.59000015258789,10.559971809387207
2001-11-08,17.489999771118164,10.4999418258667
2001-11-09,17.0,10.205769538879395
2001-11-12,16.3700008392334,9.827556610107422
2001-11-13,17.020000457763672,10.217781066894531
2001-11-14,16.700000762939453,10.025665283203125
2001-11-15,16.399999618530273,9.845568656921387
2001-11-16,16.350000381469727,9.81554889678955
2001-11-19,17.100000381469727,10.265806198120117
2001-11-20,17.489999771118164,10.4999418258667
2001-11-21,17.979999542236328,10.794105529785156
2001-11-23,18.770000457763672,11.268372535705566
2001-11-26,19.010000228881836,11.412453651428223
2001-11-27,18.520000457763672,11.118287086486816
2001-11-28,17.850000381469727,10.716059684753418
2001-11-29,17.790000915527344,10.680046081542969
2001-11-30,18.5,11.106279373168945
2001-12-03,19.350000381469727,11.616571426391602
2001-12-04,19.299999237060547,11.586551666259766
2001-12-05,20.68000030517578,12.415020942687988
2001-12-06,20.700000762939453,12.427030563354492
2001-12-07,20.100000381469727,12.066826820373535
2001-12-10,20.450000762939453,12.276945114135742
2001-12-11,20.219999313354492,12.13886547088623
2001-12-12,20.81999969482422,12.499072074890137
2001-12-13,20.350000381469727,12.216909408569336
2001-12-14,21.100000381469727,12.667162895202637
2001-12-17,21.15999984741211,12.703178405761719
2001-12-18,21.40999984741211,12.85326862335205
2001-12-19,21.549999237060547,12.937314987182617
2001-12-20,21.030000686645508,12.719579696655273
2001-12-21,21.549999237060547,13.034089088439941
2001-12-24,21.75,13.15505599975586
2001-12-26,21.399999618530273,12.943367004394531
2001-12-27,21.700000762939453,13.124820709228516
2001-12-28,22.200000762939453,13.427227973937988
2001-12-31,22.1299991607666,13.384892463684082
2002-01-02,22.739999771118164,13.753836631774902
2002-01-03,23.920000076293945,14.467537879943848
2002-01-04,24.0,14.5159273147583
2002-01-07,23.90999984741211,14.4614896774292
2002-01-08,23.809999465942383,14.40100383758545
2002-01-09,23.549999237060547,14.243749618530273
2002-01-10,22.229999542236328,13.4453763961792
2002-01-11,22.0,13.306266784667969
2002-01-14,20.8700008392334,12.622808456420898
2002-01-15,21.149999618530273,12.792159080505371
2002-01-16,20.8700008392334,12.622808456420898
2002-01-17,21.200000762939453,12.82239818572998
2002-01-18,20.8799991607666,12.628851890563965
2002-01-22,20.610000610351562,12.46555233001709
2002-01-23,21.09000015258789,12.755871772766113
2002-01-24,21.1200008392334,12.774011611938477
2002-01-25,21.190000534057617,12.816349983215332
2002-01-28,21.84000015258789,13.209491729736328
2002-01-29,21.149999618530273,12.792159080505371
2002-01-30,21.270000457763672,12.864737510681152
2002-01-31,21.950000762939453,13.276020050048828
2002-02-01,21.959999084472656,13.28207015991211
2002-02-04,21.770000457763672,13.167150497436523
2002-02-05,22.309999465942383,13.493762016296387
2002-02-06,22.450000762939453,13.57844066619873
2002-02-07,22.1299991607666,13.384892463684082
2002-02-08,22.479999542236328,13.596583366394043
2002-02-11,22.479999542236328,13.596583366394043
2002-02-12,21.969999313354492,13.28812313079834
2002-02-13,22.790000915527344,13.784088134765625
2002-02-14,23.579999923706055,14.26189136505127
2002-02-15,25.010000228881836,15.126800537109375
2002-02-19,24.360000610351562,14.733662605285645
2002-02-20,23.989999771118164,14.509881973266602
2002-02-21,23.799999237060547,14.394959449768066
2002-02-22,23.239999771118164,14.056249618530273
2002-02-25,21.93000030517578,13.26392650604248
2002-02-26,21.450000762939453,12.973608016967773
2002-02-27,21.899999618530273,13.245782852172852
2002-02-28,21.950000762939453,13.276020050048828
2002-03-01,19.850000381469727,13.711191177368164
2002-03-04,20.100000381469727,13.883870124816895
2002-03-05,20.649999618530273,14.263777732849121
2002-03-06,21.5,14.850911140441895
2002-03-07,21.25,14.678228378295898
2002-03-08,21.309999465942383,14.719670295715332
2002-03-11,21.299999237060547,14.7127685546875
2002-03-12,21.350000381469727,14.747296333312988
2002-03-13,21.799999237060547,15.058131217956543
2002-03-14,21.600000381469727,14.919981002807617
2002-03-15,21.829999923706055,15.078858375549316
2002-03-18,22.350000381469727,15.438036918640137
2002-03-19,22.760000228881836,15.721242904663086
2002-03-20,22.809999465942383,15.755780220031738
2002-03-21,21.8799991607666,15.209405899047852
2002-03-22,20.989999771118164,14.590747833251953
2002-03-25,21.149999618530273,14.701964378356934
2002-03-26,21.100000381469727,14.667205810546875
2002-03-27,20.0,13.902568817138672
2002-03-28,20.18000030517578,14.027693748474121
2002-04-01,20.700000762939453,14.38916015625
2002-04-02,20.68000030517578,14.37525463104248
2002-04-03,20.510000228881836,14.257078170776367
2002-04-04,20.020000457763672,13.91646957397461
2002-04-05,19.950000762939453,13.867807388305664
2002-04-08,19.579999923706055,13.610615730285645
2002-04-09,19.649999618530273,13.659272193908691
2002-04-10,20.940000534057617,14.555988311767578
2002-04-11,21.110000610351562,14.674163818359375
2002-04-12,21.40999984741211,14.882691383361816
2002-04-15,21.15999984741211,14.708913803100586
2002-04-16,21.8700008392334,15.2024564743042
2002-04-17,21.649999618530273,15.049532890319824
2002-04-18,21.260000228881836,14.77842903137207
2002-04-19,21.600000381469727,15.014769554138184
2002-04-22,21.280000686645508,14.792327880859375
2002-04-23,21.780000686645508,15.139894485473633
2002-04-24,22.40999984741211,15.577824592590332
2002-04-25,22.399999618530273,15.570874214172363
2002-04-26,22.270000457763672,15.480512619018555
2002-04-29,22.3799991607666,15.55697250366211
2002-04-30,23.030000686645508,16.008808135986328
2002-05-01,22.530000686645508,15.661239624023438
2002-05-02,23.049999237060547,16.022708892822266
2002-05-03,23.25,16.1617374420166
2002-05-06,23.350000381469727,16.23124885559082
2002-05-07,23.549999237060547,16.37026596069336
2002-05-08,23.209999084472656,16.133930206298828
2002-05-09,22.420000076293945,15.58477783203125
2002-05-10,22.309999465942383,15.508315086364746
2002-05-13,21.799999237060547,15.153801918029785
2002-05-14,22.729999542236328,15.800267219543457
2002-05-15,22.8700008392334,15.897584915161133
2002-05-16,22.68000030517578,15.765511512756348
2002-05-17,22.84000015258789,15.876734733581543
2002-05-20,23.329999923706055,16.217342376708984
2002-05-21,23.149999618530273,16.092222213745117
2002-05-22,22.75,15.814166069030762
2002-05-23,22.84000015258789,15.876734733581543
2002-05-24,22.770000457763672,15.828073501586914
2002-05-28,23.06999969482422,16.036605834960938
2002-05-29,23.100000381469727,16.057466506958008
2002-05-30,23.770000457763672,16.5231990814209
2002-05-31,23.600000381469727,16.405027389526367
2002-06-03,23.5,16.335519790649414
2002-06-04,22.729999542236328,15.800267219543457
2002-06-05,22.8799991607666,15.904536247253418
2002-06-06,21.56999969482422,14.993914604187012
2002-06-07,21.829999923706055,15.174654960632324
2002-06-10,22.25,15.466605186462402
2002-06-11,21.790000915527344,15.14684772491455
2002-06-12,21.799999237060547,15.153801918029785
2002-06-13,22.25,15.466605186462402
2002-06-14,21.84000015258789,15.181608200073242
2002-06-17,23.049999237060547,16.022708892822266
2002-06-18,22.299999237060547,15.501359939575195
2002-06-19,22.079999923706055,15.348431587219238
2002-06-20,21.389999389648438,14.868793487548828
2002-06-21,19.3700008392334,13.464634895324707
2002-06-24,19.09000015258789,13.35757827758789
2002-06-25,19.100000381469727,13.364575386047363
2002-06-26,19.149999618530273,13.399556159973145
2002-06-27,20.690000534057617,14.477123260498047
2002-06-28,21.399999618530273,14.973920822143555
2002-07-01,21.0,14.694037437438965
2002-07-02,20.889999389648438,14.617067337036133
2002-07-03,20.5,14.344173431396484
2002-07-05,20.81999969482422,14.568093299865723
2002-07-08,20.68000030517578,14.470121383666992
2002-07-09,20.399999618530273,14.27420425415039
2002-07-10,20.149999618530273,14.099273681640625
2002-07-11,20.84000015258789,14.582080841064453
2002-07-12,20.510000228881836,14.351175308227539
2002-07-15,20.40999984741211,14.281203269958496
2002-07-16,20.709999084472656,14.491116523742676
2002-07-17,20.940000534057617,14.652050971984863
2002-07-18,21.200000762939453,14.833978652954102
2002-07-19,20.559999465942383,14.386157035827637
2002-07-22,20.010000228881836,14.001323699951172
2002-07-23,19.309999465942383,13.511519432067871
2002-07-24,18.479999542236328,12.930750846862793
2002-07-25,18.799999237060547,13.154661178588867
2002-07-26,18.3700008392334,12.853784561157227
2002-07-29,18.3700008392334,12.853784561157227
2002-07-30,17.600000381469727,12.31500244140625
2002-07-31,17.100000381469727,11.965142250061035
2002-08-01,17.799999237060547,12.45494556427002
2002-08-02,18.299999237060547,12.804801940917969
2002-08-05,17.479999542236328,12.231034278869629
2002-08-06,18.450000762939453,12.909764289855957
2002-08-07,19.34000015258789,13.532503128051758
2002-08-08,19.520000457763672,13.658452033996582
2002-08-09,18.59000015258789,13.007719039916992
2002-08-12,17.8799991607666,12.51092529296875
2002-08-13,16.8799991607666,11.811200141906738
2002-08-14,15.510000228881836,10.852594375610352
2002-08-15,15.65999984741211,10.957551956176758
2002-08-16,16.8700008392334,11.80421257019043
2002-08-19,17.600000381469727,12.31500244140625
2002-08-20,17.5,12.245033264160156
2002-08-21,17.649999618530273,12.34998893737793
2002-08-22,18.0,12.594891548156738
2002-08-23,17.260000228881836,12.077102661132812
2002-08-26,17.84000015258789,12.482933044433594
2002-08-27,17.950000762939453,12.559906005859375
2002-08-28,17.709999084472656,12.391973495483398
2002-08-29,17.5,12.245033264160156
2002-08-30,17.479999542236328,12.231034278869629
2002-09-03,16.969999313354492,11.874183654785156
2002-09-04,17.049999237060547,11.930156707763672
2002-09-05,16.84000015258789,11.783219337463379
2002-09-06,16.75,11.72024917602539
2002-09-09,17.280000686645508,12.091089248657227
2002-09-10,16.969999313354492,11.874183654785156
2002-09-11,17.149999618530273,12.000131607055664
2002-09-12,17.06999969482422,11.94415283203125
2002-09-13,16.549999237060547,11.580296516418457
2002-09-16,16.469999313354492,11.524320602416992
2002-09-17,16.040000915527344,11.223443031311035
2002-09-18,14.930000305175781,10.527488708496094
2002-09-19,14.199999809265137,10.012748718261719
2002-09-20,15.100000381469727,10.647359848022461
2002-09-23,14.520000457763672,10.238388061523438
2002-09-24,14.039999961853027,9.89992904663086
2002-09-25,14.5600004196167,10.266592979431152
2002-09-26,14.539999961853027,10.252490997314453
2002-09-27,13.75,9.695443153381348
2002-09-30,13.300000190734863,9.37813663482666
2002-10-01,14.649999618530273,10.330052375793457
2002-10-02,14.479999542236328,10.210183143615723
2002-10-03,14.65999984741211,10.337104797363281
2002-10-04,14.649999618530273,10.330052375793457
2002-10-07,14.050000190734863,9.906980514526367
2002-10-08,14.199999809265137,10.012748718261719
2002-10-09,12.850000381469727,9.060832977294922
2002-10-10,13.350000381469727,9.413394927978516
2002-10-11,13.5600004196167,9.561473846435547
2002-10-14,13.350000381469727,9.413394927978516
2002-10-15,13.5,9.519163131713867
2002-10-16,13.149999618530273,9.27236557006836
2002-10-17,13.550000190734863,9.554417610168457
2002-10-18,14.140000343322754,9.970441818237305
2002-10-21,14.510000228881836,10.231337547302246
2002-10-22,14.800000190734863,10.435823440551758
2002-10-23,15.479999542236328,10.915305137634277
2002-10-24,14.829999923706055,10.456975936889648
2002-10-25,15.5,10.929408073425293
2002-10-28,15.0,10.5768461227417
2002-10-29,15.130000114440918,10.668509483337402
2002-10-30,15.600000381469727,10.999920845031738
2002-10-31,15.680000305175781,11.0563325881958
2002-11-01,15.649999618530273,11.035178184509277
2002-11-04,15.0,10.5768461227417
2002-11-05,15.5,10.929408073425293
2002-11-06,15.5,10.929408073425293
2002-11-07,16.1299991607666,11.373636245727539
2002-11-08,16.469999313354492,11.613377571105957
2002-11-11,16.020000457763672,11.296072959899902
2002-11-12,15.529999732971191,10.950560569763184
2002-11-13,15.399999618530273,10.85890007019043
2002-11-14,14.630000114440918,10.315953254699707
2002-11-15,14.510000228881836,10.231337547302246
2002-11-18,14.819999694824219,10.44992733001709
2002-11-19,14.0600004196167,9.914032936096191
2002-11-20,14.199999809265137,10.012748718261719
2002-11-21,14.479999542236328,10.210183143615723
2002-11-22,14.390000343322754,10.146722793579102
2002-11-25,14.100000381469727,9.942233085632324
2002-11-26,14.460000038146973,10.196081161499023
2002-11-27,14.489999771118164,10.217231750488281
2002-11-29,14.619999885559082,10.308900833129883
2002-12-02,15.550000190734863,10.964667320251465
2002-12-03,14.760000228881836,10.407618522644043
2002-12-04,15.09000015258789,10.640308380126953
2002-12-05,14.850000381469727,10.471076011657715
2002-12-06,14.989999771118164,10.569795608520508
2002-12-09,14.430000305175781,10.1749267578125
2002-12-10,14.729999542236328,10.386466026306152
2002-12-11,14.829999923706055,10.456975936889648
2002-12-12,14.720000267028809,10.379410743713379
2002-12-13,14.670000076293945,10.344156265258789
2002-12-16,15.1899995803833,10.710820198059082
2002-12-17,15.350000381469727,10.823638916015625
2002-12-18,15.390000343322754,10.851845741271973
2002-12-19,15.850000381469727,11.176199913024902
2002-12-20,15.680000305175781,11.0563325881958
2002-12-23,15.729999542236328,11.091584205627441
2002-12-24,16.049999237060547,11.48367977142334
2002-12-26,15.649999618530273,11.197481155395508
2002-12-27,15.800000190734863,11.304808616638184
2002-12-30,15.869999885559082,11.354888916015625
2002-12-31,15.899999618530273,11.376352310180664
2003-01-02,16.270000457763672,11.641083717346191
2003-01-03,15.789999961853027,11.297650337219238
2003-01-06,16.1299991607666,11.540916442871094
2003-01-07,16.049999237060547,11.48367977142334
2003-01-08,16.170000076293945,11.569537162780762
2003-01-09,15.930000305175781,11.397817611694336
2003-01-10,15.8100004196167,11.311958312988281
2003-01-13,15.5,11.090153694152832
2003-01-14,15.430000305175781,11.040068626403809
2003-01-15,15.25,10.91128158569336
2003-01-16,15.170000076293945,10.854044914245605
2003-01-17,15.100000381469727,10.803959846496582
2003-01-21,15.010000228881836,10.739567756652832
2003-01-22,14.949999809265137,10.696632385253906
2003-01-23,14.619999885559082,10.460521697998047
2003-01-24,14.0600004196167,10.059846878051758
2003-01-27,13.850000381469727,9.909592628479004
2003-01-28,13.399999618530273,9.587616920471191
2003-01-29,13.789999961853027,9.86666202545166
2003-01-30,14.140000343322754,10.117084503173828
2003-01-31,14.100000381469727,10.088462829589844
2003-02-03,13.920000076293945,9.959674835205078
2003-02-04,13.550000190734863,9.694944381713867
2003-02-05,13.420000076293945,9.60192584991455
2003-02-06,13.270000457763672,9.494607925415039
2003-02-07,12.739999771118164,9.11539363861084
2003-02-10,12.710000038146973,9.093923568725586
2003-02-11,12.489999771118164,8.936519622802734
2003-02-12,12.59000015258789,9.008068084716797
2003-02-13,10.930000305175781,7.820351600646973
2003-02-14,10.399999618530273,7.441135883331299
2003-02-18,10.760000228881836,7.698713302612305
2003-02-19,10.75,7.691558837890625
2003-02-20,10.380000114440918,7.426828384399414
2003-02-21,10.550000190734863,7.548460006713867
2003-02-24,10.399999618530273,7.441135883331299
2003-02-25,9.529999732971191,6.81865930557251
2003-02-26,9.149999618530273,6.5467705726623535
2003-02-27,9.649999618530273,6.90451717376709
2003-02-28,10.3100004196167,7.376742362976074
2003-03-03,10.449999809265137,7.4769086837768555
2003-03-04,10.350000381469727,7.405364036560059
2003-03-05,10.100000381469727,7.226491451263428
2003-03-06,10.050000190734863,7.190711975097656
2003-03-07,10.140000343322754,7.255108833312988
2003-03-10,9.800000190734863,7.011840343475342
2003-03-11,9.479999542236328,6.782881736755371
2003-03-12,9.5,6.797189712524414
2003-03-13,9.739999771118164,6.968909740447998
2003-03-14,10.029999732971191,7.17640495300293
2003-03-17,10.529999732971191,7.534152507781982
2003-03-18,10.789999961853027,7.720181465148926
2003-03-19,10.789999961853027,7.720181465148926
2003-03-20,11.039999961853027,7.899050235748291
2003-03-21,11.970000267028809,8.564464569091797
2003-03-24,11.199999809265137,8.013532638549805
2003-03-25,10.75,7.691558837890625
2003-03-26,10.8100004196167,7.734488487243652
2003-03-27,11.300000190734863,8.085083961486816
2003-03-28,11.199999809265137,8.013532638549805
2003-03-31,11.59000015258789,8.292576789855957
2003-04-01,12.380000114440918,8.85781478881836
2003-04-02,13.199999809265137,9.4445219039917
2003-04-03,13.510000228881836,9.666325569152832
2003-04-04,13.479999542236328,9.644856452941895
2003-04-07,13.149999618530273,9.408743858337402
2003-04-08,12.880000114440918,9.215559959411621
2003-04-09,13.430000305175781,9.609084129333496
2003-04-10,13.25,9.480293273925781
2003-04-11,13.430000305175781,9.609084129333496
2003-04-14,13.760000228881836,9.845193862915039
2003-04-15,13.550000190734863,9.694944381713867
2003-04-16,13.850000381469727,9.909592628479004
2003-04-17,14.239999771118164,10.18863582611084
2003-04-21,14.59000015258789,10.439055442810059
2003-04-22,13.970000267028809,9.995451927185059
2003-04-23,13.520000457763672,9.673478126525879
2003-04-24,13.119999885559082,9.387280464172363
2003-04-25,13.3100004196167,9.523226737976074
2003-04-28,13.6899995803833,9.795111656188965
2003-04-29,13.859999656677246,9.916746139526367
2003-04-30,13.869999885559082,9.923900604248047
2003-05-01,14.079999923706055,10.074158668518066
2003-05-02,14.489999771118164,10.367506980895996
2003-05-05,14.199999809265137,10.160012245178223
2003-05-06,14.369999885559082,10.281647682189941
2003-05-07,14.329999923706055,10.253028869628906
2003-05-08,14.15999984741211,10.131394386291504
2003-05-09,14.25,10.195788383483887
2003-05-12,14.970000267028809,10.710942268371582
2003-05-13,15.369999885559082,10.997145652770996
2003-05-14,15.010000228881836,10.739567756652832
2003-05-15,14.829999923706055,10.6107759475708
2003-05-16,14.729999542236328,10.539226531982422
2003-05-19,14.199999809265137,10.160012245178223
2003-05-20,14.229999542236328,10.181479454040527
2003-05-21,14.25,10.195788383483887
2003-05-22,14.34000015258789,10.260185241699219
2003-05-23,14.4399995803833,10.331731796264648
2003-05-27,14.0,10.016911506652832
2003-05-28,14.279999732971191,10.217254638671875
2003-05-29,14.720000267028809,10.532071113586426
2003-05-30,14.75,10.553536415100098
2003-06-02,14.970000267028809,10.710942268371582
2003-06-03,14.920000076293945,10.675171852111816
2003-06-04,15.680000305175781,11.218947410583496
2003-06-05,16.559999465942383,11.848580360412598
2003-06-06,17.0,12.163400650024414
2003-06-09,16.75,11.98452377319336
2003-06-10,19.450000762939453,13.916357040405273
2003-06-11,19.3700008392334,13.85912036895752
2003-06-12,19.75,14.131003379821777
2003-06-13,20.260000228881836,14.495904922485352
2003-06-16,19.6299991607666,14.045148849487305
2003-06-17,20.100000381469727,14.381423950195312
2003-06-18,19.899999618530273,14.238327980041504
2003-06-19,19.770000457763672,14.145317077636719
2003-06-20,19.299999237060547,13.80903434753418
2003-06-23,19.100000381469727,13.665928840637207
2003-06-24,18.850000381469727,13.48706340789795
2003-06-25,19.280000686645508,13.794718742370605
2003-06-26,19.1200008392334,13.790399551391602
2003-06-27,19.25,13.884157180786133
2003-06-30,19.100000381469727,13.77596664428711
2003-07-01,19.0,13.703841209411621
2003-07-02,19.299999237060547,13.9202241897583
2003-07-03,19.110000610351562,13.783182144165039
2003-07-07,19.100000381469727,13.77596664428711
2003-07-08,19.440000534057617,14.021199226379395
2003-07-09,19.75,14.244786262512207
2003-07-10,19.459999084472656,14.035625457763672
2003-07-11,19.75,14.244786262512207
2003-07-14,19.799999237060547,14.280847549438477
2003-07-15,19.479999542236328,14.050043106079102
2003-07-16,19.719999313354492,14.223150253295898
2003-07-17,19.0,13.703841209411621
2003-07-18,19.299999237060547,13.9202241897583
2003-07-21,19.270000457763672,13.898584365844727
2003-07-22,19.239999771118164,13.876948356628418
2003-07-23,19.190000534057617,13.8408842086792
2003-07-24,19.260000228881836,13.891373634338379
2003-07-25,19.100000381469727,13.77596664428711
2003-07-28,18.799999237060547,13.559592247009277
2003-07-29,17.8799991607666,12.896040916442871
2003-07-30,17.889999389648438,12.903257369995117
2003-07-31,18.219999313354492,13.141265869140625
2003-08-01,17.68000030517578,12.751788139343262
2003-08-04,17.299999237060547,12.477715492248535
2003-08-05,17.18000030517578,12.391161918640137
2003-08-06,17.510000228881836,12.62917709350586
2003-08-07,17.950000762939453,12.946531295776367
2003-08-08,18.09000015258789,13.047500610351562
2003-08-11,18.010000228881836,12.989806175231934
2003-08-12,18.18000030517578,13.112414360046387
2003-08-13,18.139999389648438,13.083564758300781
2003-08-14,17.5,12.621966361999512
2003-08-15,17.510000228881836,12.62917709350586
2003-08-18,17.81999969482422,12.852761268615723
2003-08-19,17.65999984741211,12.7373628616333
2003-08-20,18.149999618530273,13.090782165527344
2003-08-21,18.399999618530273,13.271092414855957
2003-08-22,18.59000015258789,13.408129692077637
2003-08-25,18.549999237060547,13.379281997680664
2003-08-26,18.6299991607666,13.436980247497559
2003-08-27,19.110000610351562,13.783182144165039
2003-08-28,19.760000228881836,14.252002716064453
2003-08-29,20.389999389648438,14.70638656616211
2003-09-02,20.610000610351562,14.86506462097168
2003-09-03,21.770000457763672,15.701726913452148
2003-09-04,22.479999542236328,16.21381187438965
2003-09-05,22.25,16.04791831970215
2003-09-08,21.700000762939453,15.65123462677002
2003-09-09,21.6200008392334,15.59353256225586
2003-09-10,21.100000381469727,15.218480110168457
2003-09-11,21.450000762939453,15.470928192138672
2003-09-12,21.170000076293945,15.268967628479004
2003-09-15,21.0,15.14634895324707
2003-09-16,20.899999618530273,15.074224472045898
2003-09-17,21.1200008392334,15.232911109924316
2003-09-18,21.479999542236328,15.492559432983398
2003-09-19,21.780000686645508,15.708935737609863
2003-09-22,21.219999313354492,15.30502986907959
2003-09-23,21.020000457763672,15.160775184631348
2003-09-24,20.739999771118164,14.958830833435059
2003-09-25,21.010000228881836,15.153568267822266
2003-09-26,21.0,15.14634895324707
2003-09-29,21.0,15.14634895324707
2003-09-30,21.100000381469727,15.218480110168457
2003-10-01,21.899999618530273,15.795489311218262
2003-10-02,21.420000076293945,15.4492826461792
2003-10-03,21.790000915527344,15.716148376464844
2003-10-06,21.979999542236328,15.853184700012207
2003-10-07,23.979999542236328,17.295686721801758
2003-10-08,23.700000762939453,17.0937442779541
2003-10-09,24.0,17.310117721557617
2003-10-10,23.889999389648438,17.23078155517578
2003-10-13,24.079999923706055,17.367820739746094
2003-10-14,24.950000762939453,17.995317459106445
2003-10-15,26.479999542236328,19.098833084106445
2003-10-16,26.079999923706055,18.810335159301758
2003-10-17,25.200000762939453,18.17562484741211
2003-10-20,25.649999618530273,18.50019073486328
2003-10-21,25.6200008392334,18.47855567932129
2003-10-22,25.399999618530273,18.319875717163086
2003-10-23,25.18000030517578,18.161197662353516
2003-10-24,25.5,18.392000198364258
2003-10-27,25.790000915527344,18.601163864135742
2003-10-28,26.15999984741211,18.86803436279297
2003-10-29,26.600000381469727,19.185380935668945
2003-10-30,26.31999969482422,18.983430862426758
2003-10-31,25.950000762939453,18.71656608581543
2003-11-03,26.450000762939453,19.077192306518555
2003-11-04,26.40999984741211,19.0483455657959
2003-11-05,26.239999771118164,18.925729751586914
2003-11-06,26.729999542236328,19.27914047241211
2003-11-07,27.149999618530273,19.582077026367188
2003-11-10,27.170000076293945,19.596487045288086
2003-11-11,27.170000076293945,19.596487045288086
2003-11-12,27.899999618530273,20.12301254272461
2003-11-13,27.700000762939453,19.97876739501953
2003-11-14,26.280000686645508,18.954578399658203
2003-11-17,26.43000030517578,19.062763214111328
2003-11-18,26.899999618530273,19.401758193969727
2003-11-19,27.389999389648438,19.755178451538086
2003-11-20,27.399999618530273,19.762388229370117
2003-11-21,27.360000610351562,19.733537673950195
2003-11-24,28.09000015258789,20.260055541992188
2003-11-25,28.649999618530273,20.663955688476562
2003-11-26,28.709999084472656,20.707231521606445
2003-11-28,29.420000076293945,21.21932601928711
2003-12-01,29.799999237060547,21.4934024810791
2003-12-02,30.020000457763672,21.652082443237305
2003-12-03,31.25,22.53921890258789
2003-12-04,31.170000076293945,22.481517791748047
2003-12-05,30.40999984741211,21.933368682861328
2003-12-08,30.149999618530273,21.745840072631836
2003-12-09,30.299999237060547,21.854028701782227
2003-12-10,30.280000686645508,21.839597702026367
2003-12-11,31.079999923706055,22.416603088378906
2003-12-12,30.950000762939453,22.322843551635742
2003-12-15,31.219999313354492,22.517587661743164
2003-12-16,31.25,22.53921890258789
2003-12-17,31.93000030517578,23.029666900634766
2003-12-18,32.61000061035156,23.520130157470703
2003-12-19,35.150001525878906,25.352123260498047
2003-12-22,35.20000076293945,25.3881778717041
2003-12-23,34.68000030517578,25.179800033569336
2003-12-24,34.869998931884766,25.317739486694336
2003-12-26,35.099998474121094,25.484739303588867
2003-12-29,35.45000076293945,25.738866806030273
2003-12-30,35.38999938964844,25.6953067779541
2003-12-31,35.029998779296875,25.433921813964844
2004-01-02,35.400001525878906,25.702573776245117
2004-01-05,36.810001373291016,26.726303100585938
2004-01-06,36.70000076293945,26.64644432067871
2004-01-07,36.099998474121094,26.210800170898438
2004-01-08,35.75,25.95667839050293
2004-01-09,33.099998474121094,24.03261375427246
2004-01-12,33.310001373291016,24.185087203979492
2004-01-13,31.690000534057617,23.008874893188477
2004-01-14,30.530000686645508,22.166643142700195
2004-01-15,32.41999816894531,23.538898468017578
2004-01-16,32.7599983215332,23.785755157470703
2004-01-20,32.119998931884766,23.321081161499023
2004-01-21,31.850000381469727,23.125049591064453
2004-01-22,31.34000015258789,22.754756927490234
2004-01-23,31.639999389648438,22.972570419311523
2004-01-26,32.20000076293945,23.379167556762695
2004-01-27,31.110000610351562,22.58776092529297
2004-01-28,30.100000381469727,21.85443878173828
2004-01-29,28.969999313354492,21.033985137939453
2004-01-30,29.469999313354492,21.397018432617188
2004-02-02,29.520000457763672,21.433317184448242
2004-02-03,30.299999237060547,21.999643325805664
2004-02-04,29.700000762939453,21.564016342163086
2004-02-05,28.649999618530273,20.801647186279297
2004-02-06,28.479999542236328,20.67822265625
2004-02-09,28.790000915527344,20.903291702270508
2004-02-10,28.889999389648438,20.97590446472168
2004-02-11,29.8799991607666,21.6947021484375
2004-02-12,29.56999969482422,21.46962547302246
2004-02-13,28.75,20.874252319335938
2004-02-17,29.030000686645508,21.07756233215332
2004-02-18,28.90999984741211,20.990428924560547
2004-02-19,28.450000762939453,20.65644073486328
2004-02-20,29.100000381469727,21.128368377685547
2004-02-23,28.309999465942383,20.554790496826172
2004-02-24,28.110000610351562,20.409576416015625
2004-02-25,29.0,21.055770874023438
2004-02-26,29.059999465942383,21.099328994750977
2004-02-27,30.190000534057617,21.91978645324707
2004-03-01,31.850000381469727,23.125049591064453
2004-03-02,31.6299991607666,22.965303421020508
2004-03-03,31.899999618530273,23.161344528198242
2004-03-04,31.850000381469727,23.125049591064453
2004-03-05,32.4900016784668,23.589723587036133
2004-03-08,30.760000228881836,22.33363914489746
2004-03-09,30.059999465942383,21.825397491455078
2004-03-10,29.030000686645508,21.07756233215332
2004-03-11,28.459999084472656,20.6636962890625
2004-03-12,29.010000228881836,21.06303596496582
2004-03-15,28.399999618530273,20.620134353637695
2004-03-16,28.979999542236328,21.041250228881836
2004-03-17,30.34000015258789,22.028697967529297
2004-03-18,30.0,21.781835556030273
2004-03-19,29.450000762939453,21.38249969482422
2004-03-22,28.350000381469727,20.583837509155273
2004-03-23,29.25,21.237279891967773
2004-03-24,28.510000228881836,20.842519760131836
2004-03-25,28.899999618530273,21.12763023376465
2004-03-26,31.530000686645508,23.05031394958496
2004-03-29,31.6200008392334,23.11611557006836
2004-03-30,31.899999618530273,23.320804595947266
2004-03-31,32.099998474121094,23.46702003479004
2004-04-01,32.41999816894531,23.700956344604492
2004-04-02,32.45000076293945,23.722888946533203
2004-04-05,32.34000015258789,23.642475128173828
2004-04-06,32.56999969482422,23.81062126159668
2004-04-07,32.209999084472656,23.54743194580078
2004-04-08,31.34000015258789,22.91141128540039
2004-04-12,31.389999389648438,22.947969436645508
2004-04-13,30.829999923706055,22.538570404052734
2004-04-14,30.360000610351562,22.194976806640625
2004-04-15,29.530000686645508,21.58819580078125
2004-04-16,29.3799991607666,21.478544235229492
2004-04-19,29.190000534057617,21.339630126953125
2004-04-20,28.65999984741211,20.952171325683594
2004-04-21,27.790000915527344,20.316150665283203
2004-04-22,29.030000686645508,21.222671508789062
2004-04-23,28.559999465942383,20.879070281982422
2004-04-26,29.350000381469727,21.456605911254883
2004-04-27,28.280000686645508,20.67437171936035
2004-04-28,27.790000915527344,20.316150665283203
2004-04-29,26.3700008392334,19.278045654296875
2004-04-30,25.799999237060547,18.861339569091797
2004-05-03,26.040000915527344,19.036792755126953
2004-05-04,26.700000762939453,19.519296646118164
2004-05-05,26.600000381469727,19.44618797302246
2004-05-06,25.489999771118164,18.63471221923828
2004-05-07,25.200000762939453,18.42270851135254
2004-05-10,23.850000381469727,17.435775756835938
2004-05-11,24.979999542236328,18.261863708496094
2004-05-12,25.299999237060547,18.49581527709961
2004-05-13,25.239999771118164,18.45194435119629
2004-05-14,26.0,19.007551193237305
2004-05-17,24.149999618530273,17.65509033203125
2004-05-18,24.399999618530273,17.837858200073242
2004-05-19,24.0,17.54543685913086
2004-05-20,23.399999618530273,17.106800079345703
2004-05-21,23.280000686645508,17.019073486328125
2004-05-24,23.6299991607666,17.274944305419922
2004-05-25,24.59000015258789,17.976757049560547
2004-05-26,24.610000610351562,17.991384506225586
2004-05-27,25.450000762939453,18.6054744720459
2004-05-28,25.459999084472656,18.612783432006836
2004-06-01,26.549999237060547,19.40963363647461
2004-06-02,27.25,19.921377182006836
2004-06-03,26.139999389648438,19.109905242919922
2004-06-04,26.149999618530273,19.117212295532227
2004-06-07,27.389999389648438,20.023731231689453
2004-06-08,27.719999313354492,20.264978408813477
2004-06-09,26.979999542236328,19.723987579345703
2004-06-10,27.0,19.738615036010742
2004-06-14,25.979999542236328,18.99293327331543
2004-06-15,25.959999084472656,18.978302001953125
2004-06-16,26.799999237060547,19.5924072265625
2004-06-17,26.729999542236328,19.541231155395508
2004-06-18,27.25,19.921377182006836
2004-06-21,26.899999618530273,19.66550636291504
2004-06-22,26.809999465942383,19.599714279174805
2004-06-23,27.479999542236328,20.089521408081055
2004-06-24,27.75,20.286909103393555
2004-06-25,27.899999618530273,20.39656639099121
2004-06-28,27.799999237060547,20.540653228759766
2004-06-29,27.299999237060547,20.171207427978516
2004-06-30,28.59000015258789,21.124357223510742
2004-07-01,28.950000762939453,21.390352249145508
2004-07-02,29.1200008392334,21.515958786010742
2004-07-06,28.260000228881836,20.88052749633789
2004-07-07,28.040000915527344,20.717973709106445
2004-07-08,28.450000762939453,21.020912170410156
2004-07-09,29.010000228881836,21.43468475341797
2004-07-12,29.200000762939453,21.57506561279297
2004-07-13,29.290000915527344,21.641569137573242
2004-07-14,29.6200008392334,21.885398864746094
2004-07-15,29.200000762939453,21.57506561279297
2004-07-16,28.899999618530273,21.353408813476562
2004-07-19,28.5,21.057861328125
2004-07-20,28.270000457763672,20.887914657592773
2004-07-21,27.75,20.50370216369629
2004-07-22,27.450000762939453,20.282039642333984
2004-07-23,27.829999923706055,20.56281852722168
2004-07-26,27.520000457763672,20.33376121520996
2004-07-27,27.75,20.50370216369629
2004-07-28,28.139999389648438,20.791858673095703
2004-07-29,28.450000762939453,21.020912170410156
2004-07-30,28.600000381469727,21.13174057006836
2004-08-02,27.739999771118164,20.496305465698242
2004-08-03,28.969999313354492,21.405126571655273
2004-08-04,28.709999084472656,21.2130126953125
2004-08-05,28.600000381469727,21.13174057006836
2004-08-06,28.510000228881836,21.065250396728516
2004-08-09,28.290000915527344,20.902692794799805
2004-08-10,28.719999313354492,21.220407485961914
2004-08-11,28.100000381469727,20.762313842773438
2004-08-12,28.149999618530273,20.79925537109375
2004-08-13,28.15999984741211,20.806644439697266
2004-08-16,28.290000915527344,20.902692794799805
2004-08-17,28.139999389648438,20.791858673095703
2004-08-18,27.940000534057617,20.64409637451172
2004-08-19,27.079999923706055,20.008665084838867
2004-08-20,27.34000015258789,20.20076560974121
2004-08-23,27.280000686645508,20.156435012817383
2004-08-24,27.65999984741211,20.437210083007812
2004-08-25,27.68000030517578,20.45198631286621
2004-08-26,27.40999984741211,20.252487182617188
2004-08-27,27.149999618530273,20.060373306274414
2004-08-30,26.809999465942383,19.80916976928711
2004-08-31,26.549999237060547,19.61705780029297
2004-09-01,27.690000534057617,20.459367752075195
2004-09-02,27.920000076293945,20.629318237304688
2004-09-03,27.68000030517578,20.45198631286621
2004-09-07,28.0,20.688419342041016
2004-09-08,27.719999313354492,20.481538772583008
2004-09-09,27.510000228881836,20.326377868652344
2004-09-10,27.18000030517578,20.082550048828125
2004-09-13,28.149999618530273,20.79925537109375
2004-09-14,28.770000457763672,21.257349014282227
2004-09-15,27.899999618530273,20.614534378051758
2004-09-16,27.75,20.50370216369629
2004-09-17,27.920000076293945,20.629318237304688
2004-09-20,27.850000381469727,20.57758903503418
2004-09-21,27.959999084472656,20.658863067626953
2004-09-22,27.010000228881836,19.956941604614258
2004-09-23,26.290000915527344,19.424951553344727
2004-09-24,26.079999923706055,19.507230758666992
2004-09-27,25.489999771118164,19.0659122467041
2004-09-28,25.329999923706055,18.946247100830078
2004-09-29,26.09000015258789,19.514705657958984
2004-09-30,26.399999618530273,19.7465877532959
2004-10-01,27.239999771118164,20.374876022338867
2004-10-04,27.700000762939453,20.718944549560547
2004-10-05,26.950000762939453,20.157974243164062
2004-10-06,26.510000228881836,19.82886505126953
2004-10-07,26.040000915527344,19.477312088012695
2004-10-08,26.049999237060547,19.48478889465332
2004-10-11,25.889999389648438,19.36511993408203
2004-10-12,25.450000762939453,19.036006927490234
2004-10-13,25.6299991607666,19.170637130737305
2004-10-14,25.700000762939453,19.222993850708008
2004-10-15,25.3799991607666,18.983646392822266
2004-10-18,25.309999465942383,18.931285858154297
2004-10-19,25.149999618530273,18.811614990234375
2004-10-20,24.399999618530273,18.250629425048828
2004-10-21,24.200000762939453,18.10103416442871
2004-10-22,24.18000030517578,18.086078643798828
2004-10-25,25.110000610351562,18.781700134277344
2004-10-26,25.540000915527344,19.10331916809082
2004-10-27,25.600000381469727,19.148195266723633
2004-10-28,26.25,19.634384155273438
2004-10-29,26.540000915527344,19.85129737854004
2004-11-01,26.770000457763672,20.023332595825195
2004-11-02,26.8700008392334,20.098125457763672
2004-11-03,27.600000381469727,20.644161224365234
2004-11-04,27.68000030517578,20.703994750976562
2004-11-05,27.760000228881836,20.76382827758789
2004-11-08,27.950000762939453,20.905941009521484
2004-11-09,28.299999237060547,21.167734146118164
2004-11-10,28.399999618530273,21.24253273010254
2004-11-11,28.649999618530273,21.42952537536621
2004-11-12,28.799999237060547,21.54172706604004
2004-11-15,29.489999771118164,22.057828903198242
2004-11-16,28.950000762939453,21.653921127319336
2004-11-17,28.950000762939453,21.653921127319336
2004-11-18,28.299999237060547,21.167734146118164
2004-11-19,27.450000762939453,20.53195571899414
2004-11-22,26.8700008392334,20.098125457763672
2004-11-23,26.59000015258789,19.88869857788086
2004-11-24,27.600000381469727,20.644161224365234
2004-11-26,28.290000915527344,21.160253524780273
2004-11-29,27.989999771118164,20.935869216918945
2004-11-30,27.969999313354492,20.9209041595459
2004-12-01,27.84000015258789,20.823665618896484
2004-12-02,27.649999618530273,20.681550979614258
2004-12-03,27.780000686645508,20.77878761291504
2004-12-06,28.25,21.130334854125977
2004-12-07,27.989999771118164,20.935869216918945
2004-12-08,27.719999313354492,20.733911514282227
2004-12-09,28.719999313354492,21.481882095336914
2004-12-10,29.459999084472656,22.03538703918457
2004-12-13,29.260000228881836,21.885791778564453
2004-12-14,29.5,22.0653133392334
2004-12-15,29.31999969482422,21.930675506591797
2004-12-16,29.31999969482422,21.930675506591797
2004-12-17,29.8700008392334,22.342065811157227
2004-12-20,30.6200008392334,22.903039932250977
2004-12-21,30.8700008392334,23.35316276550293
2004-12-22,31.3700008392334,23.73140525817871
2004-12-23,32.779998779296875,24.79807472229004
2004-12-27,33.5,25.34276008605957
2004-12-28,33.18000030517578,25.100677490234375
2004-12-29,33.150001525878906,25.077991485595703
2004-12-30,33.65999984741211,25.46379852294922
2004-12-31,33.439998626708984,25.297361373901367
2005-01-03,33.310001373291016,25.19902229309082
2005-01-04,31.850000381469727,24.094528198242188
2005-01-05,30.90999984741211,23.383424758911133
2005-01-06,30.389999389648438,22.990039825439453
2005-01-07,30.399999618530273,22.99760627746582
2005-01-10,30.049999237060547,22.73282814025879
2005-01-11,30.399999618530273,22.99760627746582
2005-01-12,30.020000457763672,22.710128784179688
2005-01-13,29.790000915527344,22.536142349243164
2005-01-14,30.31999969482422,22.937082290649414
2005-01-18,30.510000228881836,23.08081817626953
2005-01-19,31.34000015258789,23.708711624145508
2005-01-20,30.790000915527344,23.292638778686523
2005-01-21,31.010000228881836,23.459070205688477
2005-01-24,31.25,23.640623092651367
2005-01-25,31.299999237060547,23.678455352783203
2005-01-26,31.899999618530273,24.132349014282227
2005-01-27,31.790000915527344,24.049129486083984
2005-01-28,31.329999923706055,23.701148986816406
2005-01-31,31.850000381469727,24.094528198242188
2005-02-01,31.799999237060547,24.056703567504883
2005-02-02,31.5,23.82975196838379
2005-02-03,31.020000457763672,23.466629028320312
2005-02-04,30.829999923706055,23.322893142700195
2005-02-07,31.09000015258789,23.51958656311035
2005-02-08,33.45000076293945,25.304927825927734
2005-02-09,33.970001220703125,25.69831657409668
2005-02-10,33.66999816894531,25.47136116027832
2005-02-11,33.83000183105469,25.592397689819336
2005-02-14,35.0,26.477510452270508
2005-02-15,34.869998931884766,26.379148483276367
2005-02-16,34.18000030517578,25.857173919677734
2005-02-17,34.29999923706055,25.947952270507812
2005-02-18,33.58000183105469,25.403284072875977
2005-02-22,32.310001373291016,24.442520141601562
2005-02-23,32.5,24.586254119873047
2005-02-24,33.27000045776367,25.168764114379883
2005-02-25,33.709999084472656,25.50162124633789
2005-02-28,33.7599983215332,25.539443969726562
2005-03-01,33.2400016784668,25.14607048034668
2005-03-02,32.810001373291016,24.820772171020508
2005-03-03,33.29999923706055,25.191457748413086
2005-03-04,34.18000030517578,25.857173919677734
2005-03-07,34.0,25.721012115478516
2005-03-08,34.400001525878906,26.02360725402832
2005-03-09,33.380001068115234,25.251981735229492
2005-03-10,33.72999954223633,25.516752243041992
2005-03-11,33.18000030517578,25.100677490234375
2005-03-14,32.83000183105469,24.835901260375977
2005-03-15,31.100000381469727,23.52715492248535
2005-03-16,31.549999237060547,23.86757469177246
2005-03-17,31.5,23.82975196838379
2005-03-18,31.700000762939453,23.981050491333008
2005-03-21,31.520000457763672,23.844884872436523
2005-03-22,30.739999771118164,23.422748565673828
2005-03-23,30.030000686645508,22.88176155090332
2005-03-24,30.399999618530273,23.163684844970703
2005-03-28,30.75,23.430377960205078
2005-03-29,29.700000762939453,22.63031005859375
2005-03-30,30.479999542236328,23.224639892578125
2005-03-31,31.299999237060547,23.849454879760742
2005-04-01,31.079999923706055,23.68182373046875
2005-04-04,30.559999465942383,23.285600662231445
2005-04-05,30.389999389648438,23.15606689453125
2005-04-06,31.299999237060547,23.849454879760742
2005-04-07,31.850000381469727,24.26852798461914
2005-04-08,31.399999618530273,23.92564582824707
2005-04-11,31.559999465942383,24.04756736755371
2005-04-12,31.850000381469727,24.26852798461914
2005-04-13,31.219999313354492,23.788496017456055
2005-04-14,30.170000076293945,22.988433837890625
2005-04-15,29.020000457763672,22.112180709838867
2005-04-18,29.43000030517578,22.42458724975586
2005-04-19,30.25,23.049388885498047
2005-04-20,29.790000915527344,22.69888687133789
2005-04-21,30.489999771118164,23.232263565063477
2005-04-22,30.0,22.858909606933594
2005-04-25,29.889999389648438,22.775087356567383
2005-04-26,29.979999542236328,22.843664169311523
2005-04-27,29.25,22.287431716918945
2005-04-28,28.709999084472656,21.875965118408203
2005-04-29,28.84000015258789,21.975021362304688
2005-05-02,29.190000534057617,22.241718292236328
2005-05-03,29.299999237060547,22.325529098510742
2005-05-04,30.25,23.049388885498047
2005-05-05,29.979999542236328,22.843664169311523
2005-05-06,30.100000381469727,22.93509864807129
2005-05-09,30.549999237060547,23.277986526489258
2005-05-10,30.149999618530273,22.973194122314453
2005-05-11,30.100000381469727,22.93509864807129
2005-05-12,29.639999389648438,22.584590911865234
2005-05-13,29.5,22.477920532226562
2005-05-16,29.360000610351562,22.371246337890625
2005-05-17,29.049999237060547,22.13503646850586
2005-05-18,29.639999389648438,22.584590911865234
2005-05-19,30.34000015258789,23.117969512939453
2005-05-20,29.850000381469727,22.74460792541504
2005-05-23,30.0,22.858909606933594
2005-05-24,29.799999237060547,22.706506729125977
2005-05-25,29.75,22.66840934753418
2005-05-26,30.049999237060547,22.89699935913086
2005-05-27,30.5,23.23988151550293
2005-05-31,30.299999237060547,23.087488174438477
2005-06-01,30.360000610351562,23.133211135864258
2005-06-02,31.0,23.620861053466797
2005-06-03,32.06999969482422,24.436168670654297
2005-06-06,32.29999923706055,24.611417770385742
2005-06-07,31.399999618530273,23.92564582824707
2005-06-08,31.549999237060547,24.039941787719727
2005-06-09,32.0099983215332,24.390445709228516
2005-06-10,32.5099983215332,24.771434783935547
2005-06-13,33.54999923706055,25.563875198364258
2005-06-14,33.95000076293945,25.868661880493164
2005-06-15,33.529998779296875,25.54863929748535
2005-06-16,33.5,25.72679901123047
2005-06-17,33.4900016784668,25.719118118286133
2005-06-20,33.31999969482422,25.58856773376465
2005-06-21,33.0,25.342823028564453
2005-06-22,32.959999084472656,25.312089920043945
2005-06-23,32.04999923706055,24.61325454711914
2005-06-24,31.719999313354492,24.359825134277344
2005-06-27,32.220001220703125,24.743806838989258
2005-06-28,32.59000015258789,25.027952194213867
2005-06-29,33.02000045776367,25.35818099975586
2005-06-30,33.06999969482422,25.396574020385742
2005-07-01,32.09000015258789,24.643957138061523
2005-07-05,32.13999938964844,24.682369232177734
2005-07-06,32.15999984741211,24.697725296020508
2005-07-07,32.119998931884766,24.66700553894043
2005-07-08,31.850000381469727,24.459659576416016
2005-07-11,31.5,24.19087028503418
2005-07-12,32.20000076293945,24.728450775146484
2005-07-13,32.52000045776367,24.974193572998047
2005-07-14,33.439998626708984,25.68071937561035
2005-07-15,33.5099983215332,25.734481811523438
2005-07-18,33.7400016784668,25.91111183166504
2005-07-19,33.779998779296875,25.941831588745117
2005-07-20,33.70000076293945,25.880393981933594
2005-07-21,33.849998474121094,25.995580673217773
2005-07-22,33.58000183105469,25.788236618041992
2005-07-25,32.540000915527344,24.98955726623535
2005-07-26,32.459999084472656,24.928115844726562
2005-07-27,32.400001525878906,24.882041931152344
2005-07-28,32.900001525878906,25.266019821166992
2005-07-29,32.34000015258789,24.835966110229492
2005-08-01,32.54999923706055,24.997236251831055
2005-08-02,32.66999816894531,25.089385986328125
2005-08-03,32.849998474121094,25.227619171142578
2005-08-04,32.93000030517578,25.289060592651367
2005-08-05,32.66999816894531,25.089385986328125
2005-08-08,33.150001525878906,25.458017349243164
2005-08-09,33.90999984741211,26.041667938232422
2005-08-10,34.06999969482422,26.16453742980957
2005-08-11,34.13999938964844,26.21829605102539
2005-08-12,33.869998931884766,26.010948181152344
2005-08-15,35.560001373291016,27.30880355834961
2005-08-16,35.209999084472656,27.040021896362305
2005-08-17,35.97999954223633,27.631345748901367
2005-08-18,35.150001525878906,26.993946075439453
2005-08-19,34.849998474121094,26.7635498046875
2005-08-22,36.56999969482422,28.084440231323242
2005-08-23,35.72999954223633,27.43936538696289
2005-08-24,35.099998474121094,26.955543518066406
2005-08-25,35.369998931884766,27.16289710998535
2005-08-26,35.20000076293945,27.032339096069336
2005-08-29,35.0,26.87874412536621
2005-08-30,35.02000045776367,26.894105911254883
2005-08-31,35.86000061035156,27.539199829101562
2005-09-01,35.7599983215332,27.4624080657959
2005-09-02,35.81999969482422,27.50847816467285
2005-09-06,36.5099983215332,28.038366317749023
2005-09-07,36.689998626708984,28.176605224609375
2005-09-08,36.540000915527344,28.061418533325195
2005-09-09,36.84000015258789,28.29180335998535
2005-09-12,36.279998779296875,27.861732482910156
2005-09-13,36.220001220703125,27.81566047668457
2005-09-14,36.61000061035156,28.115177154541016
2005-09-15,35.56999969482422,27.31648063659668
2005-09-16,36.56999969482422,28.084440231323242
2005-09-19,36.619998931884766,28.122844696044922
2005-09-20,36.68000030517578,28.385169982910156
2005-09-21,36.869998931884766,28.532211303710938
2005-09-22,37.0,28.6328125
2005-09-23,38.529998779296875,29.816829681396484
2005-09-26,38.5,29.793609619140625
2005-09-27,37.75,29.213211059570312
2005-09-28,38.95000076293945,30.141847610473633
2005-09-29,39.0,30.180543899536133
2005-09-30,38.599998474121094,29.870986938476562
2005-10-03,38.720001220703125,29.9638671875
2005-10-04,38.400001525878906,29.716238021850586
2005-10-05,37.7400016784668,29.205476760864258
2005-10-06,36.790000915527344,28.47031021118164
2005-10-07,37.9900016784668,29.398956298828125
2005-10-10,37.970001220703125,29.383474349975586
2005-10-11,38.209999084472656,29.569189071655273
2005-10-12,38.34000015258789,29.6697940826416
2005-10-13,37.779998779296875,29.236440658569336
2005-10-14,38.349998474121094,29.677532196044922
2005-10-17,39.16999816894531,30.312105178833008
2005-10-18,38.310001373291016,29.64657974243164
2005-10-19,39.150001525878906,30.296632766723633
2005-10-20,38.31999969482422,29.654321670532227
2005-10-21,37.869998931884766,29.306076049804688
2005-10-24,38.56999969482422,29.847782135009766
2005-10-25,37.959999084472656,29.375730514526367
2005-10-26,36.959999084472656,28.60187530517578
2005-10-27,36.720001220703125,28.416135787963867
2005-10-28,37.619998931884766,29.112621307373047
2005-10-31,38.790000915527344,30.018022537231445
2005-11-01,38.68000030517578,29.932907104492188
2005-11-02,38.75,29.987064361572266
2005-11-03,38.939998626708984,30.134111404418945
2005-11-04,38.75,29.987064361572266
2005-11-07,38.900001525878906,30.103160858154297
2005-11-08,38.900001525878906,30.103160858154297
2005-11-09,39.0,30.180543899536133
2005-11-10,39.0,30.180543899536133
2005-11-11,37.93000030517578,29.352510452270508
2005-11-14,37.33000183105469,28.88819694519043
2005-11-15,38.81999969482422,30.041255950927734
2005-11-16,39.0,30.180543899536133
2005-11-17,38.0,29.406679153442383
2005-11-18,37.70000076293945,29.174524307250977
2005-11-21,36.20000076293945,28.013723373413086
2005-11-22,36.61000061035156,28.33102035522461
2005-11-23,37.72999954223633,29.197729110717773
2005-11-25,38.0,29.406679153442383
2005-11-28,38.0099983215332,29.414430618286133
2005-11-29,38.5,29.793609619140625
2005-11-30,37.709999084472656,29.182260513305664
2005-12-01,38.20000076293945,29.561452865600586
2005-12-02,38.119998931884766,29.499540328979492
2005-12-05,38.349998474121094,29.677532196044922
2005-12-06,39.02000045776367,30.196012496948242
2005-12-07,39.0,30.180543899536133
2005-12-08,38.83000183105469,30.048978805541992
2005-12-09,39.31999969482422,30.428178787231445
2005-12-12,40.02000045776367,30.969871520996094
2005-12-13,40.560001373291016,31.38776206970215
2005-12-14,41.779998779296875,32.33187484741211
2005-12-15,41.400001525878906,32.03779983520508
2005-12-16,40.04999923706055,30.993101119995117
2005-12-19,39.5099983215332,30.57520866394043
2005-12-20,40.0099983215332,30.962142944335938
2005-12-21,40.15999984741211,31.30198097229004
2005-12-22,39.689998626708984,30.935636520385742
2005-12-23,40.0,31.177261352539062
2005-12-27,39.54999923706055,30.826515197753906
2005-12-28,39.45000076293945,30.748584747314453
2005-12-29,39.529998779296875,30.81093978881836
2005-12-30,39.099998474121094,30.475778579711914
2006-01-03,39.2599983215332,30.60047721862793
2006-01-04,39.84000015258789,31.05256462097168
2006-01-05,39.9900016784668,31.169464111328125
2006-01-06,41.099998474121094,32.034629821777344
2006-01-09,41.43000030517578,32.29184341430664
2006-01-10,41.27000045776367,32.16714096069336
2006-01-11,40.939998626708984,31.909921646118164
2006-01-12,40.04999923706055,31.216236114501953
2006-01-13,41.209999084472656,32.12037658691406
2006-01-17,39.900001525878906,31.099321365356445
2006-01-18,39.91999816894531,31.114912033081055
2006-01-19,41.06999969482422,32.011260986328125
2006-01-20,40.38999938964844,31.481243133544922
2006-01-23,40.04999923706055,31.216236114501953
2006-01-24,40.56999969482422,31.621530532836914
2006-01-25,39.86000061035156,31.068134307861328
2006-01-26,40.5,31.566986083984375
2006-01-27,39.09000015258789,30.467981338500977
2006-01-30,38.7400016784668,30.19518280029297
2006-01-31,40.650001525878906,31.683895111083984
2006-02-01,40.400001525878906,31.489042282104492
2006-02-02,39.61000061035156,30.87328338623047
2006-02-03,39.65999984741211,30.912260055541992
2006-02-06,39.66999816894531,30.920063018798828
2006-02-07,38.5,30.00811195373535
2006-02-08,37.900001525878906,29.540456771850586
2006-02-09,37.79999923706055,29.46251106262207
2006-02-10,37.43000030517578,29.17412757873535
2006-02-13,37.0,28.838960647583008
2006-02-14,37.349998474121094,29.11176300048828
2006-02-15,37.86000061035156,29.50927734375
2006-02-16,38.38999938964844,29.922386169433594
2006-02-17,38.900001525878906,30.31989288330078
2006-02-21,38.65999984741211,30.1328182220459
2006-02-22,38.63999938964844,30.117231369018555
2006-02-23,39.0099983215332,30.40563201904297
2006-02-24,39.79999923706055,31.021379470825195
2006-02-27,39.90999984741211,31.107118606567383
2006-02-28,39.75,30.982402801513672
2006-03-01,40.880001068115234,31.8631649017334
2006-03-02,40.380001068115234,31.47344207763672
2006-03-03,40.2400016784668,31.36432647705078
2006-03-06,39.81999969482422,31.03695297241211
2006-03-07,39.900001525878906,31.099321365356445
2006-03-08,40.15999984741211,31.30198097229004
2006-03-09,39.75,30.982402801513672
2006-03-10,39.970001220703125,31.153888702392578
2006-03-13,40.040000915527344,31.208446502685547
2006-03-14,39.939998626708984,31.13050079345703
2006-03-15,40.18000030517578,31.317564010620117
2006-03-16,39.970001220703125,31.153888702392578
2006-03-17,39.75,30.982402801513672
2006-03-20,39.900001525878906,31.099321365356445
2006-03-21,39.65999984741211,30.912260055541992
2006-03-22,40.47999954223633,31.551393508911133
2006-03-23,39.5099983215332,30.79534339904785
2006-03-24,39.060001373291016,30.444608688354492
2006-03-27,38.90999984741211,30.32769012451172
2006-03-28,38.439998626708984,29.961353302001953
2006-03-29,38.349998474121094,29.891206741333008
2006-03-30,37.27000045776367,29.049409866333008
2006-03-31,36.849998474121094,28.722057342529297
2006-04-03,37.41999816894531,29.16633415222168
2006-04-04,37.54999923706055,29.267650604248047
2006-04-05,37.20000076293945,28.994863510131836
2006-04-06,37.29999923706055,29.07280921936035
2006-04-07,36.619998931884766,28.542783737182617
2006-04-10,36.72999954223633,28.628517150878906
2006-04-11,36.029998779296875,28.082918167114258
2006-04-12,36.22999954223633,28.238815307617188
2006-04-13,36.83000183105469,28.70647430419922
2006-04-17,36.279998779296875,28.27777099609375
2006-04-18,36.959999084472656,28.80780029296875
2006-04-19,37.9900016784668,29.610614776611328
2006-04-20,37.849998474121094,29.501483917236328
2006-04-21,38.2400016784668,29.805471420288086
2006-04-24,38.650001525878906,30.12503433227539
2006-04-25,38.31999969482422,29.867828369140625
2006-04-26,38.650001525878906,30.12503433227539
2006-04-27,39.040000915527344,30.429014205932617
2006-04-28,38.83000183105469,30.265323638916016
2006-05-01,38.47999954223633,29.99252700805664
2006-05-02,37.90999984741211,29.548250198364258
2006-05-03,37.70000076293945,29.38456916809082
2006-05-04,37.209999084472656,29.002655029296875
2006-05-05,37.459999084472656,29.197509765625
2006-05-08,38.20000076293945,29.77427864074707
2006-05-09,38.45000076293945,29.969148635864258
2006-05-10,38.689998626708984,30.156211853027344
2006-05-11,38.40999984741211,29.937965393066406
2006-05-12,36.150001525878906,28.176450729370117
2006-05-15,34.220001220703125,26.672157287597656
2006-05-16,35.68000030517578,27.810115814208984
2006-05-17,34.84000015258789,27.1553897857666
2006-05-18,34.900001525878906,27.20215606689453
2006-05-19,34.599998474121094,26.96832847595215
2006-05-22,33.560001373291016,26.157718658447266
2006-05-23,33.060001373291016,25.768014907836914
2006-05-24,31.989999771118164,24.93402099609375
2006-05-25,33.130001068115234,25.822561264038086
2006-05-26,34.5099983215332,26.898181915283203
2006-05-30,33.65999984741211,26.235668182373047
2006-05-31,33.45000076293945,26.071985244750977
2006-06-01,34.65999984741211,27.015098571777344
2006-06-02,34.709999084472656,27.05406379699707
2006-06-05,33.93000030517578,26.44611930847168
2006-06-06,32.75,25.52639389038086
2006-06-07,33.189998626708984,25.86933708190918
2006-06-08,34.02000045776367,26.516260147094727
2006-06-09,34.54999923706055,26.929359436035156
2006-06-12,33.9900016784668,26.492876052856445
2006-06-13,33.310001373291016,25.962865829467773
2006-06-14,33.0099983215332,25.729034423828125
2006-06-15,35.15999984741211,27.404804229736328
2006-06-16,35.06999969482422,27.33465576171875
2006-06-19,34.529998779296875,26.913759231567383
2006-06-20,34.209999084472656,26.66435432434082
2006-06-21,35.060001373291016,27.326868057250977
2006-06-22,34.88999938964844,27.194374084472656
2006-06-23,34.470001220703125,27.077327728271484
2006-06-26,35.29999923706055,27.729320526123047
2006-06-27,34.060001373291016,26.75525665283203
2006-06-28,34.880001068115234,27.399396896362305
2006-06-29,35.70000076293945,28.043521881103516
2006-06-30,36.470001220703125,28.648393630981445
2006-07-03,36.79999923706055,28.90761375427246
2006-07-05,36.29999923706055,28.514850616455078
2006-07-06,36.33000183105469,28.538414001464844
2006-07-07,35.880001068115234,28.184926986694336
2006-07-10,35.88999938964844,28.192777633666992
2006-07-11,36.709999084472656,28.83692169189453
2006-07-12,35.939998626708984,28.232046127319336
2006-07-13,34.20000076293945,26.865234375
2006-07-14,33.720001220703125,26.488176345825195
2006-07-17,33.529998779296875,26.33892250061035
2006-07-18,33.709999084472656,26.480318069458008
2006-07-19,35.099998474121094,27.572206497192383
2006-07-20,34.45000076293945,27.061616897583008
2006-07-21,34.099998474121094,26.786680221557617
2006-07-24,35.310001373291016,27.7371768951416
2006-07-25,35.880001068115234,28.184926986694336
2006-07-26,35.75,28.082801818847656
2006-07-27,34.9900016784668,27.48579978942871
2006-07-28,34.970001220703125,27.470090866088867
2006-07-31,34.529998779296875,27.124452590942383
2006-08-01,34.150001525878906,26.825950622558594
2006-08-02,34.41999816894531,27.038036346435547
2006-08-03,34.45000076293945,27.061616897583008
2006-08-04,34.029998779296875,26.731687545776367
2006-08-07,33.75,26.51173973083496
2006-08-08,33.77000045776367,26.527454376220703
2006-08-09,33.65999984741211,26.441038131713867
2006-08-10,34.25,26.904510498046875
2006-08-11,33.83000183105469,26.57457733154297
2006-08-14,33.939998626708984,26.660985946655273
2006-08-15,35.2599983215332,27.697887420654297
2006-08-16,35.880001068115234,28.184926986694336
2006-08-17,35.75,28.082801818847656
2006-08-18,35.970001220703125,28.25562286376953
2006-08-21,35.869998931884766,28.177066802978516
2006-08-22,36.40999984741211,28.60125732421875
2006-08-23,36.22999954223633,28.459863662719727
2006-08-24,35.20000076293945,27.650758743286133
2006-08-25,35.0099983215332,27.50151252746582
2006-08-28,36.040000915527344,28.310606002807617
2006-08-29,36.150001525878906,28.397022247314453
2006-08-30,38.59000015258789,30.313711166381836
2006-08-31,38.599998474121094,30.321571350097656
2006-09-01,39.47999954223633,31.01282501220703
2006-09-05,40.0099983215332,31.429180145263672
2006-09-06,39.689998626708984,31.177793502807617
2006-09-07,40.189998626708984,31.57056427001953
2006-09-08,41.779998779296875,32.81957244873047
2006-09-11,41.29999923706055,32.44252014160156
2006-09-12,41.41999816894531,32.536773681640625
2006-09-13,41.18000030517578,32.34825134277344
2006-09-14,40.83000183105469,32.07331085205078
2006-09-15,40.709999084472656,31.979045867919922
2006-09-18,41.060001373291016,32.253997802734375
2006-09-19,40.83000183105469,32.07331085205078
2006-09-20,41.25,32.40323257446289
2006-09-21,39.93000030517578,31.36632537841797
2006-09-22,39.66999816894531,31.162092208862305
2006-09-25,39.75,31.224945068359375
2006-09-26,40.09000015258789,31.750030517578125
2006-09-27,39.91999816894531,31.61536979675293
2006-09-28,39.43000030517578,31.227306365966797
2006-09-29,39.27000045776367,31.100605010986328
2006-10-02,39.59000015258789,31.354026794433594
2006-10-03,40.02000045776367,31.69457244873047
2006-10-04,41.08000183105469,32.53406524658203
2006-10-05,41.029998779296875,32.49447250366211
2006-10-06,41.349998474121094,32.747886657714844
2006-10-09,41.900001525878906,33.1834831237793
2006-10-10,42.9900016784668,34.04672622680664
2006-10-11,41.349998474121094,32.747886657714844
2006-10-12,43.099998474121094,34.13383102416992
2006-10-13,42.68000030517578,33.80120849609375
2006-10-16,43.5,34.45064163208008
2006-10-17,42.5,33.65865707397461
2006-10-18,43.150001525878906,34.1734504699707
2006-10-19,42.560001373291016,33.70616149902344
2006-10-20,41.47999954223633,32.85084915161133
2006-10-23,41.29999923706055,32.70829391479492
2006-10-24,40.81999969482422,32.32815933227539
2006-10-25,42.04999923706055,33.30227279663086
2006-10-26,42.08000183105469,33.32603073120117
2006-10-27,41.7599983215332,33.07259750366211
2006-10-30,41.470001220703125,32.84292984008789
2006-10-31,41.630001068115234,32.969635009765625
2006-11-01,41.099998474121094,32.54990005493164
2006-11-02,40.4900016784668,32.066802978515625
2006-11-03,40.75,32.27271270751953
2006-11-06,41.849998474121094,33.14387893676758
2006-11-07,42.099998474121094,33.34186935424805
2006-11-08,41.529998779296875,32.89043426513672
2006-11-09,41.88999938964844,33.17555618286133
2006-11-10,41.369998931884766,32.763736724853516
2006-11-13,41.290000915527344,32.70036697387695
2006-11-14,41.849998474121094,33.14387893676758
2006-11-15,42.36000061035156,33.54777145385742
2006-11-16,42.709999084472656,33.82497024536133
2006-11-17,42.459999084472656,33.62697982788086
2006-11-20,42.869998931884766,33.95169448852539
2006-11-21,42.689998626708984,33.80913162231445
2006-11-22,42.2400016784668,33.452754974365234
2006-11-24,42.45000076293945,33.61906051635742
2006-11-27,41.5,32.86669921875
2006-11-28,41.599998474121094,32.945892333984375
2006-11-29,41.77000045776367,33.08051681518555
2006-11-30,41.63999938964844,32.977561950683594
2006-12-01,40.68000030517578,32.21726608276367
2006-12-04,41.369998931884766,32.763736724853516
2006-12-05,42.58000183105469,33.722023010253906
2006-12-06,41.70000076293945,33.02509307861328
2006-12-07,41.45000076293945,32.82707977294922
2006-12-08,41.470001220703125,32.84292984008789
2006-12-11,42.31999969482422,33.5161018371582
2006-12-12,42.369998931884766,33.55568313598633
2006-12-13,43.27000045776367,34.26846694946289
2006-12-14,43.439998626708984,34.40309524536133
2006-12-15,43.459999084472656,34.418949127197266
2006-12-18,42.4900016784668,33.6507453918457
2006-12-19,42.33000183105469,33.69451904296875
2006-12-20,40.790000915527344,32.46867752075195
2006-12-21,40.599998474121094,32.31744384765625
2006-12-22,40.5,32.23783874511719
2006-12-26,40.27000045776367,32.05475997924805
2006-12-27,41.220001220703125,32.81097412109375
2006-12-28,41.15999984741211,32.763206481933594
2006-12-29,41.43000030517578,32.978126525878906
2007-01-03,40.779998779296875,32.46072769165039
2007-01-04,40.650001525878906,32.35725021362305
2007-01-05,39.790000915527344,31.672687530517578
2007-01-08,39.77000045776367,31.65676498413086
2007-01-09,39.0099983215332,31.05181312561035
2007-01-10,39.099998474121094,31.123458862304688
2007-01-11,39.45000076293945,31.402053833007812
2007-01-12,39.43000030517578,31.38612174987793
2007-01-16,40.0099983215332,31.847803115844727
2007-01-17,40.349998474121094,32.118446350097656
2007-01-18,40.5,32.23783874511719
2007-01-19,41.130001068115234,32.73931884765625
2007-01-22,40.43000030517578,32.182125091552734
2007-01-23,41.36000061035156,32.92240524291992
2007-01-24,40.59000015258789,32.30949020385742
2007-01-25,40.439998626708984,32.19009017944336
2007-01-26,40.189998626708984,31.99107551574707
2007-01-29,39.310001373291016,31.290613174438477
2007-01-30,39.72999954223633,31.62493133544922
2007-01-31,40.54999923706055,32.27762985229492
2007-02-01,41.08000183105469,32.69951629638672
2007-02-02,41.119998931884766,32.73136901855469
2007-02-05,41.040000915527344,32.667694091796875
2007-02-06,41.59000015258789,33.1054801940918
2007-02-07,44.0,35.023826599121094
2007-02-08,44.2400016784668,35.21487808227539
2007-02-09,44.56999969482422,35.47755432128906
2007-02-12,44.13999938964844,35.135250091552734
2007-02-13,44.599998474121094,35.50141143798828
2007-02-14,45.150001525878906,35.93922424316406
2007-02-15,45.380001068115234,36.1223030090332
2007-02-16,45.97999954223633,36.59990310668945
2007-02-20,46.22999954223633,36.79890060424805
2007-02-21,46.119998931884766,36.711334228515625
2007-02-22,46.04999923706055,36.65562057495117
2007-02-23,45.79999923706055,36.456626892089844
2007-02-26,45.849998474121094,36.49641418457031
2007-02-27,45.0,35.81983184814453
2007-02-28,45.349998474121094,36.09843063354492
2007-03-01,45.060001373291016,35.867591857910156
2007-03-02,44.5099983215332,35.42979431152344
2007-03-05,44.5,35.42183303833008
2007-03-06,45.18000030517578,35.963104248046875
2007-03-07,45.040000915527344,35.85166931152344
2007-03-08,45.380001068115234,36.1223030090332
2007-03-09,45.43000030517578,36.1620979309082
2007-03-12,45.7599983215332,36.424781799316406
2007-03-13,45.040000915527344,35.85166931152344
2007-03-14,45.54999923706055,36.25762176513672
2007-03-15,45.04999923706055,35.859615325927734
2007-03-16,44.849998474121094,35.700435638427734
2007-03-19,45.38999938964844,36.1302604675293
2007-03-20,45.02000045776367,35.9267692565918
2007-03-21,45.849998474121094,36.589111328125
2007-03-22,44.79999923706055,35.7512092590332
2007-03-23,45.2400016784668,36.10233688354492
2007-03-26,44.84000015258789,35.783119201660156
2007-03-27,44.790000915527344,35.74323272705078
2007-03-28,44.099998474121094,35.19258117675781
2007-03-29,44.849998474121094,35.791114807128906
2007-03-30,45.86000061035156,36.59710693359375
2007-04-02,45.849998474121094,36.589111328125
2007-04-03,47.029998779296875,37.53077697753906
2007-04-04,47.5099983215332,37.913841247558594
2007-04-05,47.15999984741211,37.63452911376953
2007-04-09,47.0,37.50684356689453
2007-04-10,47.150001525878906,37.626548767089844
2007-04-11,46.439998626708984,37.059967041015625
2007-04-12,46.65999984741211,37.23550796508789
2007-04-13,47.040000915527344,37.53876495361328
2007-04-16,47.09000015258789,37.578670501708984
2007-04-17,47.040000915527344,37.53876495361328
2007-04-18,47.79999923706055,38.145259857177734
2007-04-19,47.83000183105469,38.16919708251953
2007-04-20,47.54999923706055,37.94575500488281
2007-04-23,47.34000015258789,37.77818298339844
2007-04-24,47.220001220703125,37.68241500854492
2007-04-25,47.4900016784668,37.89787673950195
2007-04-26,47.060001373291016,37.55472946166992
2007-04-27,47.119998931884766,37.602603912353516
2007-04-30,46.90999984741211,37.43503189086914
2007-05-01,47.529998779296875,37.92980194091797
2007-05-02,48.4900016784668,38.69589614868164
2007-05-03,48.349998474121094,38.58418273925781
2007-05-04,47.349998474121094,37.78615188598633
2007-05-07,47.4900016784668,37.89787673950195
2007-05-08,47.16999816894531,37.642513275146484
2007-05-09,47.38999938964844,37.81808090209961
2007-05-10,47.0,37.50684356689453
2007-05-11,47.33000183105469,37.77020263671875
2007-05-14,47.220001220703125,37.68241500854492
2007-05-15,47.56999969482422,37.96171951293945
2007-05-16,47.189998626708984,37.65846633911133
2007-05-17,47.0099983215332,37.514835357666016
2007-05-18,47.189998626708984,37.65846633911133
2007-05-21,47.09000015258789,37.578670501708984
2007-05-22,46.52000045776367,37.12380599975586
2007-05-23,46.65999984741211,37.23550796508789
2007-05-24,46.279998779296875,36.932273864746094
2007-05-25,47.4900016784668,37.89787673950195
2007-05-29,48.18000030517578,38.44851303100586
2007-05-30,48.61000061035156,38.791656494140625
2007-05-31,48.47999954223633,38.68791961669922
2007-06-01,48.380001068115234,38.608116149902344
2007-06-04,48.349998474121094,38.58418273925781
2007-06-05,48.349998474121094,38.58418273925781
2007-06-06,47.95000076293945,38.26496887207031
2007-06-07,47.599998474121094,37.98567199707031
2007-06-08,47.529998779296875,37.92980194091797
2007-06-11,47.880001068115234,38.20909881591797
2007-06-12,48.13999938964844,38.41658020019531
2007-06-13,49.970001220703125,39.87696838378906
2007-06-14,50.459999084472656,40.267982482910156
2007-06-15,51.43000030517578,41.04207229614258
2007-06-18,51.099998474121094,40.778724670410156
2007-06-19,50.349998474121094,40.18020248413086
2007-06-20,49.91999816894531,39.837059020996094
2007-06-21,50.27000045776367,40.11636734008789
2007-06-22,48.689998626708984,38.966331481933594
2007-06-25,48.400001525878906,38.7342643737793
2007-06-26,48.66999816894531,38.95034408569336
2007-06-27,48.689998626708984,38.966331481933594
2007-06-28,48.369998931884766,38.710243225097656
2007-06-29,48.209999084472656,38.582183837890625
2007-07-02,49.2400016784668,39.406517028808594
2007-07-03,48.709999084472656,38.98234939575195
2007-07-05,48.7599983215332,39.02236557006836
2007-07-06,49.0099983215332,39.22243118286133
2007-07-09,49.720001220703125,39.7906608581543
2007-07-10,49.720001220703125,39.7906608581543
2007-07-11,50.560001373291016,40.46290588378906
2007-07-12,51.18000030517578,40.959075927734375
2007-07-13,50.060001373291016,40.062744140625
2007-07-16,47.93000030517578,38.35812759399414
2007-07-17,48.369998931884766,38.710243225097656
2007-07-18,48.0099983215332,38.42214584350586
2007-07-19,48.7599983215332,39.02236557006836
2007-07-20,48.099998474121094,38.494163513183594
2007-07-23,48.0,38.41413497924805
2007-07-24,46.029998779296875,36.837554931640625
2007-07-25,46.09000015258789,36.885581970214844
2007-07-26,44.540000915527344,35.64512634277344
2007-07-27,44.63999938964844,35.72515106201172
2007-07-30,44.369998931884766,35.50905990600586
2007-07-31,43.22999954223633,34.59672927856445
2007-08-01,43.529998779296875,34.836822509765625
2007-08-02,43.77000045776367,35.02888107299805
2007-08-03,44.310001373291016,35.4610481262207
2007-08-06,46.459999084472656,37.18169403076172
2007-08-07,48.29999923706055,38.65422439575195
2007-08-08,49.93000030517578,39.95872116088867
2007-08-09,49.040000915527344,39.24644470214844
2007-08-10,47.25,37.81393051147461
2007-08-13,47.52000045776367,38.02999496459961
2007-08-14,46.25,37.01362609863281
2007-08-15,41.88999938964844,33.52433395385742
2007-08-16,42.0,33.612369537353516
2007-08-17,42.869998931884766,34.308624267578125
2007-08-20,41.86000061035156,33.50033187866211
2007-08-21,40.31999969482422,32.267879486083984
2007-08-22,41.41999816894531,33.148193359375
2007-08-23,41.06999969482422,32.86809158325195
2007-08-24,42.2599983215332,33.8204345703125
2007-08-27,41.560001373291016,33.260250091552734
2007-08-28,41.56999969482422,33.268245697021484
2007-08-29,44.25,35.41304397583008
2007-08-30,43.97999954223633,35.19696044921875
2007-08-31,45.15999984741211,36.14130783081055
2007-09-04,45.7599983215332,36.62147521972656
2007-09-05,45.27000045776367,36.229331970214844
2007-09-06,45.83000183105469,36.67750930786133
2007-09-07,44.349998474121094,35.49305725097656
2007-09-10,42.61000061035156,34.10054016113281
2007-09-11,42.349998474121094,33.89247131347656
2007-09-12,41.959999084472656,33.58037185668945
2007-09-13,41.880001068115234,33.5163459777832
2007-09-14,41.810001373291016,33.4603157043457
2007-09-17,42.02000045776367,33.62836456298828
2007-09-18,43.84000015258789,35.08491134643555
2007-09-19,43.09000015258789,34.48469543457031
2007-09-20,43.27000045776367,34.628753662109375
2007-09-21,44.04999923706055,35.25298309326172
2007-09-24,44.88999938964844,35.92522430419922
2007-09-25,45.41999816894531,37.08546829223633
2007-09-26,44.93000030517578,36.685386657714844
2007-09-27,43.970001220703125,35.90153884887695
2007-09-28,43.91999816894531,35.860721588134766
2007-10-01,45.40999984741211,37.07730484008789
2007-10-02,45.7599983215332,37.363067626953125
2007-10-03,45.279998779296875,36.97115707397461
2007-10-04,46.2599983215332,37.77131652832031
2007-10-05,47.93000030517578,39.1348876953125
2007-10-08,49.880001068115234,40.7270622253418
2007-10-09,50.310001373291016,41.078163146972656
2007-10-10,49.58000183105469,40.48210906982422
2007-10-11,48.93000030517578,39.951393127441406
2007-10-12,49.189998626708984,40.16367721557617
2007-10-15,48.560001373291016,39.64927291870117
2007-10-16,48.33000183105469,39.461483001708984
2007-10-17,48.869998931884766,39.90239334106445
2007-10-18,49.369998931884766,40.31064224243164
2007-10-19,47.939998626708984,39.143062591552734
2007-10-22,48.2599983215332,39.40433120727539
2007-10-23,49.0099983215332,40.0167121887207
2007-10-24,48.36000061035156,39.48599624633789
2007-10-25,48.0,39.19205093383789
2007-10-26,47.95000076293945,39.15121841430664
2007-10-29,48.459999084472656,39.56761932373047
2007-10-30,48.349998474121094,39.477813720703125
2007-10-31,48.77000045776367,39.82074737548828
2007-11-01,47.689998626708984,38.938926696777344
2007-11-02,47.880001068115234,39.09407043457031
2007-11-05,48.0099983215332,39.20021438598633
2007-11-06,48.939998626708984,39.95954895019531
2007-11-07,46.849998474121094,38.25307083129883
2007-11-08,46.84000015258789,38.24489974975586
2007-11-09,46.290000915527344,37.79582595825195
2007-11-12,46.0099983215332,37.56721115112305
2007-11-13,48.9900016784668,40.00038146972656
2007-11-14,47.810001373291016,39.03691101074219
2007-11-15,47.959999084472656,39.159366607666016
2007-11-16,48.83000183105469,39.8697395324707
2007-11-19,47.2400016784668,38.57150650024414
2007-11-20,46.93000030517578,38.31837463378906
2007-11-21,44.5,36.33428192138672
2007-11-23,44.25,36.130165100097656
2007-11-26,42.7599983215332,34.913578033447266
2007-11-27,43.630001068115234,35.623931884765625
2007-11-28,44.25,36.130165100097656
2007-11-29,43.83000183105469,35.787235260009766
2007-11-30,43.58000183105469,35.583099365234375
2007-12-03,43.79999923706055,35.76273727416992
2007-12-04,44.59000015258789,36.40778350830078
2007-12-05,46.099998474121094,37.64070510864258
2007-12-06,47.33000183105469,38.64498519897461
2007-12-07,47.599998474121094,38.865447998046875
2007-12-10,48.5099983215332,39.60844802856445
2007-12-11,46.869998931884766,38.26940155029297
2007-12-12,46.84000015258789,38.24489974975586
2007-12-13,46.81999969482422,38.228580474853516
2007-12-14,47.20000076293945,38.538856506347656
2007-12-17,44.75,36.53841018676758
2007-12-18,45.02000045776367,36.96869659423828
2007-12-19,45.86000061035156,37.658477783203125
2007-12-20,45.95000076293945,37.73237609863281
2007-12-21,45.869998931884766,37.66668701171875
2007-12-24,46.84000015258789,38.46321487426758
2007-12-26,47.560001373291016,39.05447006225586
2007-12-27,46.939998626708984,38.54533767700195
2007-12-28,46.20000076293945,37.93767166137695
2007-12-31,45.59000015258789,37.43677520751953
2008-01-02,45.130001068115234,37.05903625488281
2008-01-03,46.65999984741211,38.315406799316406
2008-01-04,45.77000045776367,37.58457565307617
2008-01-07,45.869998931884766,37.66668701171875
2008-01-08,45.349998474121094,37.23969650268555
2008-01-09,47.70000076293945,39.16942596435547
2008-01-10,48.0099983215332,39.423973083496094
2008-01-11,45.77000045776367,37.58457565307617
2008-01-14,45.95000076293945,37.73237609863281
2008-01-15,44.33000183105469,36.40209197998047
2008-01-16,43.439998626708984,35.6712760925293
2008-01-17,42.369998931884766,34.792633056640625
2008-01-18,42.09000015258789,34.562705993652344
2008-01-22,41.27000045776367,33.88935089111328
2008-01-23,41.15999984741211,33.79901885986328
2008-01-24,42.09000015258789,34.562705993652344
2008-01-25,40.97999954223633,33.651206970214844
2008-01-28,42.150001525878906,34.611961364746094
2008-01-29,41.900001525878906,34.40668869018555
2008-01-30,42.40999984741211,34.82547378540039
2008-01-31,43.400001525878906,35.638404846191406
2008-02-01,44.599998474121094,36.62381362915039
2008-02-04,44.220001220703125,36.311771392822266
2008-02-05,42.189998626708984,34.64481735229492
2008-02-06,42.15999984741211,34.620182037353516
2008-02-07,42.41999816894531,34.83367919921875
2008-02-08,42.52000045776367,34.91579818725586
2008-02-11,44.150001525878906,36.254302978515625
2008-02-12,45.72999954223633,37.55173873901367
2008-02-13,45.45000076293945,37.321807861328125
2008-02-14,44.709999084472656,36.71414566040039
2008-02-15,44.16999816894531,36.27071762084961
2008-02-19,43.75,35.925838470458984
2008-02-20,45.34000015258789,37.23146057128906
2008-02-21,45.0,36.952274322509766
2008-02-22,45.52000045776367,37.379276275634766
2008-02-25,46.54999923706055,38.2250862121582
2008-02-26,47.349998474121094,38.88201141357422
2008-02-27,47.400001525878906,38.92306900024414
2008-02-28,45.900001525878906,37.691322326660156
2008-02-29,44.31999969482422,36.39387512207031
2008-03-03,43.93000030517578,36.073638916015625
2008-03-04,43.380001068115234,35.62200927734375
2008-03-05,43.970001220703125,36.10647964477539
2008-03-06,42.470001220703125,34.874752044677734
2008-03-07,42.25,34.694091796875
2008-03-10,41.31999969482422,33.93040466308594
2008-03-11,42.310001373291016,34.74335479736328
2008-03-12,42.560001373291016,34.94865417480469
2008-03-13,41.790000915527344,34.31635665893555
2008-03-14,42.13999938964844,34.60376739501953
2008-03-17,40.459999084472656,33.224212646484375
2008-03-18,41.04999923706055,34.232421875
2008-03-19,39.5,32.93983459472656
2008-03-20,40.0,33.35680389404297
2008-03-24,40.91999816894531,34.12400436401367
2008-03-25,40.880001068115234,34.09064483642578
2008-03-26,40.22999954223633,33.54860305786133
2008-03-27,39.959999084472656,33.323448181152344
2008-03-28,39.27000045776367,32.7480354309082
2008-03-31,39.5099983215332,32.948177337646484
2008-04-01,39.97999954223633,33.340118408203125
2008-04-02,40.41999816894531,33.70703125
2008-04-03,40.45000076293945,33.73207092285156
2008-04-04,41.459999084472656,34.57432556152344
2008-04-07,41.959999084472656,34.99127960205078
2008-04-08,43.61000061035156,36.367244720458984
2008-04-09,42.880001068115234,35.75849151611328
2008-04-10,43.95000076293945,36.65076446533203
2008-04-11,42.68000030517578,35.591697692871094
2008-04-14,41.5099983215332,34.61601257324219
2008-04-15,41.349998474121094,34.482582092285156
2008-04-16,41.93000030517578,34.96625900268555
2008-04-17,42.0,35.024635314941406
2008-04-18,42.220001220703125,35.208106994628906
2008-04-21,42.869998931884766,35.750144958496094
2008-04-22,42.130001068115234,35.13303756713867
2008-04-23,41.79999923706055,34.85785675048828
2008-04-24,41.68000030517578,34.757774353027344
2008-04-25,41.7599983215332,34.824501037597656
2008-04-28,41.560001373291016,34.6577262878418
2008-04-29,41.119998931884766,34.290794372558594
2008-04-30,41.68000030517578,34.757774353027344
2008-05-01,43.15999984741211,35.99198913574219
2008-05-02,42.08000183105469,35.091346740722656
2008-05-05,41.65999984741211,34.74110794067383
2008-05-06,41.959999084472656,34.99127960205078
2008-05-07,40.79999923706055,34.023929595947266
2008-05-08,40.439998626708984,33.723724365234375
2008-05-09,40.689998626708984,33.93220138549805
2008-05-12,41.459999084472656,34.57432556152344
2008-05-13,41.15999984741211,34.32414245605469
2008-05-14,41.27000045776367,34.41587829589844
2008-05-15,41.84000015258789,34.89120101928711
2008-05-16,42.09000015258789,35.099693298339844
2008-05-19,41.88999938964844,34.93290328979492
2008-05-20,41.560001373291016,34.6577262878418
2008-05-21,40.36000061035156,33.657020568847656
2008-05-22,38.130001068115234,31.79737663269043
2008-05-23,37.79999923706055,31.522180557250977
2008-05-27,36.58000183105469,30.50480079650879
2008-05-28,36.150001525878906,30.14621353149414
2008-05-29,36.7599983215332,30.65489387512207
2008-05-30,37.52000045776367,31.288681030273438
2008-06-02,35.52000045776367,29.6208438873291
2008-06-03,34.97999954223633,29.170528411865234
2008-06-04,34.61000061035156,28.861968994140625
2008-06-05,34.709999084472656,28.945362091064453
2008-06-06,33.27000045776367,27.744510650634766
2008-06-09,32.5099983215332,27.11073875427246
2008-06-10,31.899999618530273,26.6020450592041
2008-06-11,31.68000030517578,26.418588638305664
2008-06-12,31.450000762939453,26.226789474487305
2008-06-13,31.549999237060547,26.310171127319336
2008-06-16,31.110000610351562,25.943252563476562
2008-06-17,30.719999313354492,25.618022918701172
2008-06-18,29.729999542236328,24.79244613647461
2008-06-19,29.850000381469727,24.892513275146484
2008-06-20,30.5,25.434558868408203
2008-06-23,29.780000686645508,24.83413314819336
2008-06-24,29.110000610351562,24.457740783691406
2008-06-25,28.940000534057617,24.31490707397461
2008-06-26,27.90999984741211,23.449514389038086
2008-06-27,26.84000015258789,22.55051612854004
2008-06-30,26.5,22.264856338500977
2008-07-01,26.100000381469727,21.928789138793945
2008-07-02,24.90999984741211,20.928970336914062
2008-07-03,24.420000076293945,20.51728057861328
2008-07-07,25.059999465942383,21.054994583129883
2008-07-08,27.809999465942383,23.36549949645996
2008-07-09,26.989999771118164,22.67654800415039
2008-07-10,27.209999084472656,22.861387252807617
2008-07-11,27.06999969482422,22.743757247924805
2008-07-14,26.65999984741211,22.399282455444336
2008-07-15,27.260000228881836,22.903390884399414
2008-07-16,29.6200008392334,24.88623046875
2008-07-17,29.290000915527344,24.608972549438477
2008-07-18,28.420000076293945,23.878007888793945
2008-07-21,29.06999969482422,24.424129486083984
2008-07-22,30.739999771118164,25.827232360839844
2008-07-23,30.889999389648438,25.953266143798828
2008-07-24,30.1200008392334,25.306320190429688
2008-07-25,30.260000228881836,25.423948287963867
2008-07-28,29.829999923706055,25.062667846679688
2008-07-29,31.209999084472656,26.22212028503418
2008-07-30,31.809999465942383,26.726226806640625
2008-07-31,30.559999465942383,25.676008224487305
2008-08-01,29.739999771118164,24.987049102783203
2008-08-04,29.81999969482422,25.05426597595215
2008-08-05,30.649999618530273,25.751617431640625
2008-08-06,30.139999389648438,25.323123931884766
2008-08-07,28.889999389648438,24.272891998291016
2008-08-08,29.520000457763672,24.802215576171875
2008-08-11,29.899999618530273,25.121482849121094
2008-08-12,31.350000381469727,26.33974266052246
2008-08-13,32.119998931884766,26.98668670654297
2008-08-14,32.349998474121094,27.179929733276367
2008-08-15,32.66999816894531,27.448789596557617
2008-08-18,32.970001220703125,27.700843811035156
2008-08-19,32.5099983215332,27.314359664916992
2008-08-20,32.970001220703125,27.700843811035156
2008-08-21,32.540000915527344,27.33956527709961
2008-08-22,33.0,27.726045608520508
2008-08-25,32.529998779296875,27.33116340637207
2008-08-26,33.11000061035156,27.818479537963867
2008-08-27,32.97999954223633,27.709243774414062
2008-08-28,33.72999954223633,28.339374542236328
2008-08-29,33.95000076293945,28.524229049682617
2008-09-02,34.619998931884766,29.087146759033203
2008-09-03,34.650001525878906,29.11235237121582
2008-09-04,32.540000915527344,27.33956527709961
2008-09-05,32.97999954223633,27.709243774414062
2008-09-08,32.0,26.8858699798584
2008-09-09,31.049999237060547,26.087697982788086
2008-09-10,30.93000030517578,25.98687171936035
2008-09-11,30.889999389648438,25.953266143798828
2008-09-12,30.989999771118164,26.03728485107422
2008-09-15,29.959999084472656,25.171892166137695
2008-09-16,30.510000228881836,25.633996963500977
2008-09-17,29.010000228881836,24.373727798461914
2008-09-18,29.780000686645508,25.02065658569336
2008-09-19,31.34000015258789,26.331348419189453
2008-09-22,30.0,25.205495834350586
2008-09-23,29.600000381469727,25.063251495361328
2008-09-24,29.979999542236328,25.385009765625
2008-09-25,30.959999084472656,26.214801788330078
2008-09-26,28.940000534057617,24.504405975341797
2008-09-29,25.93000030517578,21.955745697021484
2008-09-30,27.010000228881836,22.870210647583008
2008-10-01,26.6200008392334,22.539993286132812
2008-10-02,25.079999923706055,21.23602867126465
2008-10-03,24.030000686645508,20.346954345703125
2008-10-06,21.809999465942383,18.467208862304688
2008-10-07,20.610000610351562,17.451133728027344
2008-10-08,18.989999771118164,16.07942771911621
2008-10-09,18.6299991607666,15.774601936340332
2008-10-10,17.200000762939453,14.56378173828125
2008-10-13,20.5,17.358001708984375
2008-10-14,20.399999618530273,17.273319244384766
2008-10-15,18.139999389648438,15.359709739685059
2008-10-16,18.260000228881836,15.461312294006348
2008-10-17,19.25,16.29958152770996
2008-10-20,19.989999771118164,16.926162719726562
2008-10-21,18.719999313354492,15.850808143615723
2008-10-22,17.100000381469727,14.479108810424805
2008-10-23,17.209999084472656,14.572242736816406
2008-10-24,16.719999313354492,14.157349586486816
2008-10-27,15.710000038146973,13.302149772644043
2008-10-28,18.75,15.876219749450684
2008-10-29,19.850000381469727,16.807613372802734
2008-10-30,22.299999237060547,18.88210678100586
2008-10-31,20.920000076293945,17.713619232177734
2008-11-03,20.010000228881836,16.943098068237305
2008-11-04,21.649999618530273,18.33173370361328
2008-11-05,20.31999969482422,17.205581665039062
2008-11-06,17.719999313354492,15.00407886505127
2008-11-07,17.15999984741211,14.529913902282715
2008-11-10,16.31999969482422,13.818655967712402
2008-11-11,15.59000015258789,13.200543403625488
2008-11-12,14.300000190734863,12.108258247375488
2008-11-13,14.6899995803833,12.438485145568848
2008-11-14,14.0,11.854242324829102
2008-11-17,14.470000267028809,12.252202987670898
2008-11-18,14.5,12.277603149414062
2008-11-19,13.369999885559082,11.32079792022705
2008-11-20,12.300000190734863,10.414795875549316
2008-11-21,13.460000038146973,11.397003173828125
2008-11-24,13.8100004196167,11.693359375
2008-11-25,14.65999984741211,12.413082122802734
2008-11-26,15.880000114440918,13.446097373962402
2008-11-28,15.529999732971191,13.149738311767578
2008-12-01,14.399999618530273,12.19293212890625
2008-12-02,14.770000457763672,12.50622272491455
2008-12-03,15.279999732971191,12.938055038452148
2008-12-04,15.520000457763672,13.141270637512207
2008-12-05,15.859999656677246,13.429158210754395
2008-12-08,16.139999389648438,13.666243553161621
2008-12-09,15.979999542236328,13.530766487121582
2008-12-10,16.469999313354492,13.94566535949707
2008-12-11,16.09000015258789,13.623906135559082
2008-12-12,17.0,14.394433975219727
2008-12-15,16.56999969482422,14.03033447265625
2008-12-16,17.239999771118164,14.597647666931152
2008-12-17,16.40999984741211,13.894862174987793
2008-12-18,16.229999542236328,13.742449760437012
2008-12-19,16.06999969482422,13.606972694396973
2008-12-22,15.800000190734863,13.378355026245117
2008-12-23,15.489999771118164,13.115869522094727
2008-12-24,15.0600004196167,12.751775741577148
2008-12-26,15.0,12.700968742370605
2008-12-29,14.65999984741211,12.413082122802734
2008-12-30,15.600000381469727,13.20900821685791
2008-12-31,16.209999084472656,13.725516319274902
2009-01-02,17.309999465942383,14.65692138671875
2009-01-05,18.649999618530273,15.79154109954834
2009-01-06,19.09000015258789,16.164108276367188
2009-01-07,18.15999984741211,15.376640319824219
2009-01-08,18.1299991607666,15.351237297058105
2009-01-09,18.280000686645508,15.478245735168457
2009-01-12,17.399999618530273,14.733123779296875
2009-01-13,17.5,14.817797660827637
2009-01-14,16.59000015258789,14.04727554321289
2009-01-15,17.329999923706055,14.67385482788086
2009-01-16,17.399999618530273,14.733123779296875
2009-01-20,16.829999923706055,14.25048828125
2009-01-21,17.469999313354492,14.792397499084473
2009-01-22,16.850000381469727,14.267427444458008
2009-01-23,17.06999969482422,14.453704833984375
2009-01-26,16.549999237060547,14.01340389251709
2009-01-27,16.299999237060547,13.801721572875977
2009-01-28,16.239999771118164,13.750917434692383
2009-01-29,15.59000015258789,13.200543403625488
2009-01-30,15.069999694824219,12.76024341583252
2009-02-02,15.210000038146973,12.8787841796875
2009-02-03,15.40999984741211,13.048129081726074
2009-02-04,15.319999694824219,12.971925735473633
2009-02-05,15.680000305175781,13.27674674987793
2009-02-06,16.100000381469727,13.632377624511719
2009-02-09,16.639999389648438,14.089608192443848
2009-02-10,15.5600004196167,13.175142288208008
2009-02-11,15.550000190734863,13.166670799255371
2009-02-12,15.699999809265137,13.293683052062988
2009-02-13,15.5600004196167,13.175142288208008
2009-02-17,14.539999961853027,12.31147575378418
2009-02-18,14.770000457763672,12.50622272491455
2009-02-19,14.399999618530273,12.19293212890625
2009-02-20,13.239999771118164,11.210722923278809
2009-02-23,11.489999771118164,9.728944778442383
2009-02-24,11.609999656677246,9.830549240112305
2009-02-25,11.489999771118164,9.728944778442383
2009-02-26,11.350000381469727,9.610403060913086
2009-02-27,10.8100004196167,9.153166770935059
2009-03-02,9.970000267028809,8.441909790039062
2009-03-03,10.25,8.679000854492188
2009-03-04,10.399999618530273,8.806005477905273
2009-03-05,9.75,8.255632400512695
2009-03-06,10.020000457763672,8.484247207641602
2009-03-09,9.850000381469727,8.340304374694824
2009-03-10,10.510000228881836,8.899147033691406
2009-03-11,10.760000228881836,9.110830307006836
2009-03-12,12.109999656677246,10.25391674041748
2009-03-13,11.729999542236328,9.932160377502441
2009-03-16,11.819999694824219,10.008363723754883
2009-03-17,12.069999694824219,10.220047950744629
2009-03-18,12.75,10.795823097229004
2009-03-19,12.829999923706055,10.863564491271973
2009-03-20,12.9399995803833,10.95670223236084
2009-03-23,13.869999885559082,11.744162559509277
2009-03-24,13.829999923706055,11.710295677185059
2009-03-25,13.489999771118164,11.422409057617188
2009-03-26,14.670000076293945,12.421548843383789
2009-03-27,13.170000076293945,11.15145206451416
2009-03-30,12.989999771118164,10.999039649963379
2009-03-31,13.270000457763672,11.236129760742188
2009-04-01,14.319999694824219,12.12519359588623
2009-04-02,15.119999885559082,12.802577018737793
2009-04-03,15.619999885559082,13.225946426391602
2009-04-06,15.529999732971191,13.149738311767578
2009-04-07,14.850000381469727,12.573959350585938
2009-04-08,15.4399995803833,13.073530197143555
2009-04-09,17.18000030517578,14.546847343444824
2009-04-13,17.34000015258789,14.68232250213623
2009-04-14,17.510000228881836,14.826266288757324
2009-04-15,16.969999313354492,14.369032859802246
2009-04-16,17.350000381469727,14.690791130065918
2009-04-17,16.6200008392334,14.07267951965332
2009-04-20,15.600000381469727,13.20900821685791
2009-04-21,16.020000457763672,13.564637184143066
2009-04-22,16.239999771118164,13.750917434692383
2009-04-23,16.18000030517578,13.700114250183105
2009-04-24,17.309999465942383,14.65692138671875
2009-04-27,16.610000610351562,14.06421184539795
2009-04-28,16.059999465942383,13.598502159118652
2009-04-29,16.639999389648438,14.089608192443848
2009-04-30,16.219999313354492,13.73398494720459
2009-05-01,16.75,14.182751655578613
2009-05-04,18.729999542236328,15.85927677154541
2009-05-05,19.1200008392334,16.189510345458984
2009-05-06,19.8700008392334,16.824554443359375
2009-05-07,19.950000762939453,16.892288208007812
2009-05-08,20.309999465942383,17.19711685180664
2009-05-11,19.170000076293945,16.231840133666992
2009-05-12,18.190000534057617,15.4020414352417
2009-05-13,17.489999771118164,14.809331893920898
2009-05-14,17.649999618530273,14.944808006286621
2009-05-15,17.469999313354492,14.792397499084473
2009-05-18,18.729999542236328,15.85927677154541
2009-05-19,18.940000534057617,16.037099838256836
2009-05-20,18.719999313354492,15.850808143615723
2009-05-21,17.940000534057617,15.190364837646484
2009-05-22,18.100000381469727,15.325840950012207
2009-05-26,18.989999771118164,16.07942771911621
2009-05-27,18.219999313354492,15.427444458007812
2009-05-28,18.389999389648438,15.571389198303223
2009-05-29,19.18000030517578,16.240318298339844
2009-06-01,20.0,16.93463134765625
2009-06-02,19.34000015258789,16.375783920288086
2009-06-03,17.809999465942383,15.080284118652344
2009-06-04,18.18000030517578,15.39357852935791
2009-06-05,17.600000381469727,14.902472496032715
2009-06-08,17.520000457763672,14.834734916687012
2009-06-09,17.790000915527344,15.063353538513184
2009-06-10,17.6299991607666,14.927871704101562
2009-06-11,17.420000076293945,14.750057220458984
2009-06-12,17.670000076293945,14.961738586425781
2009-06-15,16.829999923706055,14.25048828125
2009-06-16,16.280000686645508,13.78478717803955
2009-06-17,16.520000457763672,13.988004684448242
2009-06-18,16.600000381469727,14.055743217468262
2009-06-19,16.670000076293945,14.115012168884277
2009-06-22,15.850000381469727,13.420693397521973
2009-06-23,16.190000534057617,13.708584785461426
2009-06-24,16.229999542236328,13.742449760437012
2009-06-25,16.799999237060547,14.22508716583252
2009-06-26,16.90999984741211,14.31822681427002
2009-06-29,16.989999771118164,14.385967254638672
2009-06-30,16.559999465942383,14.021870613098145
2009-07-01,16.770000457763672,14.199684143066406
2009-07-02,16.299999237060547,13.801721572875977
2009-07-06,15.989999771118164,13.539233207702637
2009-07-07,15.760000228881836,13.344488143920898
2009-07-08,15.649999618530273,13.25134563446045
2009-07-09,15.59000015258789,13.200543403625488
2009-07-10,15.15999984741211,12.836445808410645
2009-07-13,15.529999732971191,13.149738311767578
2009-07-14,15.75,13.336020469665527
2009-07-15,16.639999389648438,14.089608192443848
2009-07-16,17.049999237060547,14.436774253845215
2009-07-17,16.93000030517578,14.335163116455078
2009-07-20,17.559999465942383,14.86860466003418
2009-07-21,17.690000534057617,14.978676795959473
2009-07-22,17.700000762939453,14.987150192260742
2009-07-23,17.56999969482422,14.877068519592285
2009-07-24,17.729999542236328,15.012540817260742
2009-07-27,17.84000015258789,15.105684280395508
2009-07-28,17.8799991607666,15.139556884765625
2009-07-29,17.700000762939453,14.987150192260742
2009-07-30,18.31999969482422,15.512118339538574
2009-07-31,19.489999771118164,16.502792358398438
2009-08-03,21.8799991607666,18.5264835357666
2009-08-04,21.729999542236328,18.39946937561035
2009-08-05,21.700000762939453,18.374073028564453
2009-08-06,21.610000610351562,18.297863006591797
2009-08-07,22.09000015258789,18.704296112060547
2009-08-10,23.290000915527344,19.72037696838379
2009-08-11,23.219999313354492,19.66109848022461
2009-08-12,23.389999389648438,19.80504608154297
2009-08-13,23.0,19.47481918334961
2009-08-14,22.040000915527344,18.661964416503906
2009-08-17,21.549999237060547,18.247068405151367
2009-08-18,21.719999313354492,18.391002655029297
2009-08-19,21.549999237060547,18.247068405151367
2009-08-20,22.1200008392334,18.729698181152344
2009-08-21,22.450000762939453,19.00912094116211
2009-08-24,22.139999389648438,18.74662971496582
2009-08-25,21.579999923706055,18.2724666595459
2009-08-26,21.950000762939453,18.58575439453125
2009-08-27,22.399999618530273,18.96678924560547
2009-08-28,21.799999237060547,18.458742141723633
2009-08-31,21.239999771118164,17.984573364257812
2009-09-01,20.93000030517578,17.722089767456055
2009-09-02,21.15999984741211,17.91683578491211
2009-09-03,21.700000762939453,18.374073028564453
2009-09-04,21.860000610351562,18.509552001953125
2009-09-08,22.809999465942383,19.313945770263672
2009-09-09,22.829999923706055,19.330875396728516
2009-09-10,23.770000457763672,20.12681007385254
2009-09-11,23.690000534057617,20.05906867980957
2009-09-14,23.530000686645508,19.923587799072266
2009-09-15,23.530000686645508,19.923587799072266
2009-09-16,23.700000762939453,20.067537307739258
2009-09-17,23.18000030517578,19.62723159790039
2009-09-18,23.15999984741211,19.610301971435547
2009-09-21,22.969999313354492,19.449419021606445
2009-09-22,24.350000381469727,20.61790657043457
2009-09-23,24.649999618530273,20.871923446655273
2009-09-24,23.959999084472656,20.287689208984375
2009-09-25,23.350000381469727,19.771177291870117
2009-09-28,23.670000076293945,20.042133331298828
2009-09-29,23.209999084472656,19.652631759643555
2009-09-30,22.940000534057617,19.424020767211914
2009-10-01,22.280000686645508,18.865177154541016
2009-10-02,22.56999969482422,19.11072540283203
2009-10-05,23.0,19.47481918334961
2009-10-06,23.3700008392334,19.788108825683594
2009-10-07,22.65999984741211,19.186935424804688
2009-10-08,23.229999542236328,19.669570922851562
2009-10-09,23.270000457763672,19.703439712524414
2009-10-12,23.469999313354492,19.872783660888672
2009-10-13,23.5,19.898189544677734
2009-10-14,24.1299991607666,20.431629180908203
2009-10-15,23.729999542236328,20.092933654785156
2009-10-16,23.43000030517578,19.838918685913086
2009-10-19,23.75,20.10986328125
2009-10-20,23.0,19.47481918334961
2009-10-21,23.079999923706055,19.542560577392578
2009-10-22,23.84000015258789,20.186079025268555
2009-10-23,23.489999771118164,19.88971710205078
2009-10-26,23.360000610351562,19.779647827148438
2009-10-27,23.049999237060547,19.517162322998047
2009-10-28,22.639999389648438,19.170000076293945
2009-10-29,23.450000762939453,19.855850219726562
2009-10-30,20.25,17.14631462097168
2009-11-02,20.25,17.14631462097168
2009-11-03,20.479999542236328,17.3410587310791
2009-11-04,20.299999237060547,17.188650131225586
2009-11-05,20.489999771118164,17.34952735900879
2009-11-06,20.270000457763672,17.163246154785156
2009-11-09,21.139999389648438,17.899900436401367
2009-11-10,21.049999237060547,17.823692321777344
2009-11-11,20.600000381469727,17.442665100097656
2009-11-12,20.110000610351562,17.02776527404785
2009-11-13,20.56999969482422,17.417272567749023
2009-11-16,21.020000457763672,17.798294067382812
2009-11-17,21.270000457763672,18.009973526000977
2009-11-18,20.989999771118164,17.772891998291016
2009-11-19,20.360000610351562,17.239450454711914
2009-11-20,20.489999771118164,17.34952735900879
2009-11-23,20.6299991607666,17.468067169189453
2009-11-24,20.700000762939453,17.527339935302734
2009-11-25,20.780000686645508,17.595083236694336
2009-11-27,20.360000610351562,17.239450454711914
2009-11-30,20.329999923706055,17.21405029296875
2009-12-01,20.610000610351562,17.451133728027344
2009-12-02,20.68000030517578,17.510404586791992
2009-12-03,20.479999542236328,17.3410587310791
2009-12-04,20.440000534057617,17.307191848754883
2009-12-07,20.540000915527344,17.391862869262695
2009-12-08,20.549999237060547,17.40032386779785
2009-12-09,20.440000534057617,17.307191848754883
2009-12-10,20.350000381469727,17.230985641479492
2009-12-11,22.450000762939453,19.00912094116211
2009-12-14,22.15999984741211,18.763568878173828
2009-12-15,22.06999969482422,18.687355041503906
2009-12-16,22.0,18.628089904785156
2009-12-17,21.479999542236328,18.18779182434082
2009-12-18,21.170000076293945,17.92530059814453
2009-12-21,21.68000030517578,18.357135772705078
2009-12-22,21.200000762939453,18.410982131958008
2009-12-23,21.59000015258789,18.74967384338379
2009-12-24,21.75,18.88861846923828
2009-12-28,22.0,19.105737686157227
2009-12-29,22.040000915527344,19.140466690063477
2009-12-30,22.270000457763672,19.3402156829834
2009-12-31,22.110000610351562,19.20125961303711
2010-01-04,23.229999542236328,20.173921585083008
2010-01-05,22.739999771118164,19.748380661010742
2010-01-06,22.440000534057617,19.487842559814453
2010-01-07,22.219999313354492,19.296789169311523
2010-01-08,22.25,19.322839736938477
2010-01-11,22.399999618530273,19.45311737060547
2010-01-12,22.979999542236328,19.956806182861328
2010-01-13,22.65999984741211,19.67890739440918
2010-01-14,22.31999969482422,19.383634567260742
2010-01-15,22.260000228881836,19.33152198791504
2010-01-19,22.899999618530273,19.8873291015625
2010-01-20,22.760000228881836,19.765745162963867
2010-01-21,22.1200008392334,19.209949493408203
2010-01-22,21.639999389648438,18.793094635009766
2010-01-25,21.8700008392334,18.992835998535156
2010-01-26,21.399999618530273,18.58466911315918
2010-01-27,21.420000076293945,18.602041244506836
2010-01-28,21.40999984741211,18.593351364135742
2010-01-29,21.229999542236328,18.437030792236328
2010-02-01,21.290000915527344,18.4891414642334
2010-02-02,21.440000534057617,18.61940574645996
2010-02-03,21.479999542236328,18.654144287109375
2010-02-04,20.3799991607666,17.698850631713867
2010-02-05,20.700000762939453,17.976757049560547
2010-02-08,20.610000610351562,17.898597717285156
2010-02-09,21.219999313354492,18.42835235595703
2010-02-10,21.399999618530273,18.58466911315918
2010-02-11,22.079999923706055,19.175207138061523
2010-02-12,21.899999618530273,19.01888656616211
2010-02-16,22.440000534057617,19.487842559814453
2010-02-17,22.15999984741211,19.244680404663086
2010-02-18,22.350000381469727,19.40969467163086
2010-02-19,22.43000030517578,19.479169845581055
2010-02-22,22.479999542236328,19.522586822509766
2010-02-23,22.010000228881836,19.114421844482422
2010-02-24,22.079999923706055,19.175207138061523
2010-02-25,21.860000610351562,18.98415184020996
2010-02-26,21.959999084472656,19.07098960876465
2010-03-01,22.200000762939453,19.27942657470703
2010-03-02,22.56999969482422,19.600738525390625
2010-03-03,22.829999923706055,19.8265380859375
2010-03-04,22.729999542236328,19.73969078063965
2010-03-05,22.780000686645508,19.783117294311523
2010-03-08,22.709999084472656,19.722328186035156
2010-03-09,23.209999084472656,20.156545639038086
2010-03-10,23.420000076293945,20.338926315307617
2010-03-11,23.65999984741211,20.547351837158203
2010-03-12,23.350000381469727,20.27812957763672
2010-03-15,23.389999389648438,20.312864303588867
2010-03-16,23.75,20.625505447387695
2010-03-17,23.860000610351562,20.72103500366211
2010-03-18,23.450000762939453,20.364973068237305
2010-03-19,24.559999465942383,21.328947067260742
2010-03-22,24.420000076293945,21.207365036010742
2010-03-23,24.65999984741211,21.41579246520996
2010-03-24,24.09000015258789,20.920772552490234
2010-03-25,23.520000457763672,20.425762176513672
2010-03-26,23.65999984741211,20.547351837158203
2010-03-29,24.0,20.842618942260742
2010-03-30,24.030000686645508,20.868667602539062
2010-03-31,23.959999084472656,20.80788230895996
2010-04-01,23.959999084472656,20.80788230895996
2010-04-05,23.8799991607666,20.738405227661133
2010-04-06,23.8799991607666,20.738405227661133
2010-04-07,24.079999923706055,20.912086486816406
2010-04-08,24.049999237060547,20.886037826538086
2010-04-09,24.0,20.842618942260742
2010-04-12,23.969999313354492,20.81656837463379
2010-04-13,24.18000030517578,20.99893569946289
2010-04-14,24.709999084472656,21.459211349487305
2010-04-15,24.5,21.276838302612305
2010-04-16,23.8799991607666,20.738405227661133
2010-04-19,23.75,20.625505447387695
2010-04-20,23.760000228881836,20.634185791015625
2010-04-21,23.75,20.625505447387695
2010-04-22,23.959999084472656,20.80788230895996
2010-04-23,23.639999389648438,20.52998161315918
2010-04-26,23.760000228881836,20.634185791015625
2010-04-27,22.809999465942383,19.809171676635742
2010-04-28,23.3799991607666,20.304180145263672
2010-04-29,24.190000534057617,21.00762939453125
2010-04-30,24.079999923706055,21.060094833374023
2010-05-03,24.079999923706055,21.060094833374023
2010-05-04,23.3799991607666,20.44788932800293
2010-05-05,22.65999984741211,19.818178176879883
2010-05-06,21.979999542236328,19.223461151123047
2010-05-07,21.940000534057617,19.1884765625
2010-05-10,22.899999618530273,20.0280818939209
2010-05-11,22.75,19.896896362304688
2010-05-12,23.0,20.115543365478516
2010-05-13,22.75,19.896896362304688
2010-05-14,22.790000915527344,19.9318790435791
2010-05-17,22.479999542236328,19.660755157470703
2010-05-18,22.18000030517578,19.398387908935547
2010-05-19,22.239999771118164,19.45085906982422
2010-05-20,21.229999542236328,18.567520141601562
2010-05-21,21.709999084472656,18.987321853637695
2010-05-24,21.6200008392334,18.90860939025879
2010-05-25,21.420000076293945,18.733694076538086
2010-05-26,21.6299991607666,18.9173583984375
2010-05-27,22.440000534057617,19.625768661499023
2010-05-28,21.780000686645508,19.048545837402344
2010-06-01,20.950000762939453,18.322633743286133
2010-06-02,21.559999465942383,18.856130599975586
2010-06-03,21.489999771118164,18.7949161529541
2010-06-04,20.440000534057617,17.87659454345703
2010-06-07,20.010000228881836,17.50052261352539
2010-06-08,20.450000762939453,17.885337829589844
2010-06-09,20.459999084472656,17.894079208374023
2010-06-10,21.399999618530273,18.71619987487793
2010-06-11,21.850000381469727,19.109766006469727
2010-06-14,21.799999237060547,19.066022872924805
2010-06-15,22.31999969482422,19.520824432373047
2010-06-16,21.959999084472656,19.205961227416992
2010-06-17,22.440000534057617,19.625768661499023
2010-06-18,22.450000762939453,19.634511947631836
2010-06-21,22.530000686645508,19.704486846923828
2010-06-22,22.200000762939453,19.512001037597656
2010-06-23,22.329999923706055,19.626262664794922
2010-06-24,22.030000686645508,19.362585067749023
2010-06-25,22.479999542236328,19.75809669494629
2010-06-28,22.229999542236328,19.538366317749023
2010-06-29,21.18000030517578,18.615501403808594
2010-06-30,20.950000762939453,18.41335678100586
2010-07-01,21.030000686645508,18.483671188354492
2010-07-02,20.969999313354492,18.430932998657227
2010-07-06,20.850000381469727,18.325454711914062
2010-07-07,21.290000915527344,18.712181091308594
2010-07-08,21.399999618530273,18.808866500854492
2010-07-09,21.479999542236328,18.879182815551758
2010-07-12,21.399999618530273,18.808866500854492
2010-07-13,21.969999313354492,19.30985450744629
2010-07-14,22.149999618530273,19.468053817749023
2010-07-15,22.25,19.55594825744629
2010-07-16,21.459999084472656,18.861600875854492
2010-07-19,21.84000015258789,19.19559669494629
2010-07-20,23.079999923706055,20.28545570373535
2010-07-21,23.030000686645508,20.241504669189453
2010-07-22,23.799999237060547,20.918272018432617
2010-07-23,24.280000686645508,21.34015655517578
2010-07-26,24.68000030517578,21.691720962524414
2010-07-27,24.510000228881836,21.54229736328125
2010-07-28,24.899999618530273,21.88507652282715
2010-07-29,25.200000762939453,22.14875602722168
2010-07-30,26.3700008392334,23.177095413208008
2010-08-02,26.989999771118164,23.722023010253906
2010-08-03,26.639999389648438,23.414398193359375
2010-08-04,27.020000457763672,23.748397827148438
2010-08-05,27.100000381469727,23.818700790405273
2010-08-06,26.719999313354492,23.484712600708008
2010-08-09,26.979999542236328,23.713237762451172
2010-08-10,26.540000915527344,23.32651138305664
2010-08-11,25.3799991607666,22.306964874267578
2010-08-12,25.139999389648438,22.096017837524414
2010-08-13,25.540000915527344,22.447587966918945
2010-08-16,25.5,22.412437438964844
2010-08-17,25.56999969482422,22.473960876464844
2010-08-18,26.90999984741211,23.651708602905273
2010-08-19,26.239999771118164,23.06283187866211
2010-08-20,25.440000534057617,22.35970687866211
2010-08-23,24.81999969482422,21.81476593017578
2010-08-24,23.889999389648438,20.997373580932617
2010-08-25,24.06999969482422,21.15557861328125
2010-08-26,24.139999389648438,21.21710205078125
2010-08-27,24.760000228881836,21.76202964782715
2010-08-30,24.600000381469727,21.62140655517578
2010-08-31,24.790000915527344,21.78839874267578
2010-09-01,26.290000915527344,23.106781005859375
2010-09-02,26.780000686645508,23.537443161010742
2010-09-03,26.969999313354492,23.704444885253906
2010-09-07,26.649999618530273,23.423194885253906
2010-09-08,26.920000076293945,23.660503387451172
2010-09-09,26.729999542236328,23.493501663208008
2010-09-10,26.90999984741211,23.651708602905273
2010-09-13,27.31999969482422,24.012069702148438
2010-09-14,27.3799991607666,24.064800262451172
2010-09-15,27.360000610351562,24.047224044799805
2010-09-16,27.3799991607666,24.064800262451172
2010-09-17,27.8799991607666,24.504261016845703
2010-09-20,28.5,25.049190521240234
2010-09-21,28.75,25.268922805786133
2010-09-22,28.469999313354492,25.0228214263916
2010-09-23,28.290000915527344,24.864614486694336
2010-09-24,28.729999542236328,25.251340866088867
2010-09-27,28.030000686645508,24.69626808166504
2010-09-28,28.579999923706055,25.18085289001465
2010-09-29,28.239999771118164,24.88129234313965
2010-09-30,28.389999389648438,25.013450622558594
2010-10-01,28.389999389648438,25.013450622558594
2010-10-04,28.010000228881836,24.678646087646484
2010-10-05,28.799999237060547,25.374691009521484
2010-10-06,28.540000915527344,25.14561653137207
2010-10-07,28.239999771118164,24.88129234313965
2010-10-08,28.6299991607666,25.22490882873535
2010-10-11,29.459999084472656,25.95619773864746
2010-10-12,29.260000228881836,25.779985427856445
2010-10-13,28.329999923706055,24.960586547851562
2010-10-14,27.450000762939453,24.18525505065918
2010-10-15,27.270000457763672,24.026662826538086
2010-10-18,27.719999313354492,24.42313575744629
2010-10-19,27.549999237060547,24.273359298706055
2010-10-20,28.299999237060547,24.934154510498047
2010-10-21,28.360000610351562,24.987016677856445
2010-10-22,28.420000076293945,25.039886474609375
2010-10-25,28.299999237060547,24.934154510498047
2010-10-26,28.510000228881836,25.11917495727539
2010-10-27,28.190000534057617,24.837242126464844
2010-10-28,28.15999984741211,24.810815811157227
2010-10-29,28.850000381469727,25.418745040893555
2010-11-01,29.280000686645508,25.797597885131836
2010-11-02,29.40999984741211,25.91214370727539
2010-11-03,30.450000762939453,26.828441619873047
2010-11-04,31.25,27.53330421447754
2010-11-05,31.219999313354492,27.506866455078125
2010-11-08,30.579999923706055,26.942989349365234
2010-11-09,29.670000076293945,26.14121437072754
2010-11-10,29.690000534057617,26.15884017944336
2010-11-11,29.459999084472656,25.95619773864746
2010-11-12,28.850000381469727,25.418745040893555
2010-11-15,28.959999084472656,25.515661239624023
2010-11-16,28.5,25.110370635986328
2010-11-17,28.829999923706055,25.401119232177734
2010-11-18,29.3799991607666,25.885709762573242
2010-11-19,29.639999389648438,26.114784240722656
2010-11-22,29.09000015258789,25.630203247070312
2010-11-23,28.770000457763672,25.348257064819336
2010-11-24,29.729999542236328,26.19408416748047
2010-11-26,29.25,25.771167755126953
2010-11-29,28.850000381469727,25.418745040893555
2010-11-30,29.1200008392334,25.656625747680664
2010-12-01,29.31999969482422,25.83284568786621
2010-12-02,29.690000534057617,26.15884017944336
2010-12-03,29.760000228881836,26.22051429748535
2010-12-06,29.649999618530273,26.123598098754883
2010-12-07,29.459999084472656,25.95619773864746
2010-12-08,29.799999237060547,26.25575065612793
2010-12-09,29.270000457763672,25.78879165649414
2010-12-10,29.280000686645508,25.797597885131836
2010-12-13,29.510000228881836,26.000247955322266
2010-12-14,29.75,26.211698532104492
2010-12-15,29.690000534057617,26.15884017944336
2010-12-16,29.899999618530273,26.343862533569336
2010-12-17,29.770000457763672,26.229328155517578
2010-12-20,29.020000457763672,25.568525314331055
2010-12-21,29.299999237060547,26.24388313293457
2010-12-22,29.270000457763672,26.217012405395508
2010-12-23,29.229999542236328,26.181184768676758
2010-12-27,28.8700008392334,25.858734130859375
2010-12-28,28.690000534057617,25.6975040435791
2010-12-29,28.81999969482422,25.81394386291504
2010-12-30,29.190000534057617,26.145357131958008
2010-12-31,29.399999618530273,26.333454132080078
2011-01-03,29.549999237060547,26.46780776977539
2011-01-04,29.5,26.423019409179688
2011-01-05,29.549999237060547,26.46780776977539
2011-01-06,29.489999771118164,26.4140625
2011-01-07,29.3700008392334,26.306581497192383
2011-01-10,29.139999389648438,26.100568771362305
2011-01-11,29.549999237060547,26.46780776977539
2011-01-12,30.170000076293945,27.023136138916016
2011-01-13,30.010000228881836,26.87982177734375
2011-01-14,33.0,29.557954788208008
2011-01-18,33.25,29.781875610351562
2011-01-19,33.0099983215332,29.566917419433594
2011-01-20,33.060001373291016,29.6116943359375
2011-01-21,32.45000076293945,29.06532096862793
2011-01-24,32.34000015258789,28.966793060302734
2011-01-25,32.09000015258789,28.742868423461914
2011-01-26,31.940000534057617,28.608516693115234
2011-01-27,32.290000915527344,28.92201042175293
2011-01-28,32.7599983215332,29.34298324584961
2011-01-31,33.0,29.557954788208008
2011-02-01,33.619998931884766,30.113285064697266
2011-02-02,33.7599983215332,30.238676071166992
2011-02-03,33.939998626708984,30.399900436401367
2011-02-04,33.279998779296875,29.808746337890625
2011-02-07,34.459999084472656,30.86565589904785
2011-02-08,34.72999954223633,31.107501983642578
2011-02-09,33.81999969482422,30.292436599731445
2011-02-10,33.41999816894531,29.934139251708984
2011-02-11,33.900001525878906,30.36407470703125
2011-02-14,34.630001068115234,31.01793098449707
2011-02-15,34.43000030517578,30.838794708251953
2011-02-16,34.43000030517578,30.838794708251953
2011-02-17,34.130001068115234,30.57008934020996
2011-02-18,35.27000045776367,31.59117889404297
2011-02-22,34.130001068115234,30.57008934020996
2011-02-23,33.02000045776367,29.575862884521484
2011-02-24,32.7599983215332,29.34298324584961
2011-02-25,33.56999969482422,30.068498611450195
2011-02-28,34.060001373291016,30.50738525390625
2011-03-01,33.349998474121094,29.871444702148438
2011-03-02,32.91999816894531,29.48630142211914
2011-03-03,33.900001525878906,30.36407470703125
2011-03-04,33.7599983215332,30.238676071166992
2011-03-07,33.36000061035156,29.880403518676758
2011-03-08,34.0,30.453655242919922
2011-03-09,33.880001068115234,30.346160888671875
2011-03-10,32.93000030517578,29.495254516601562
2011-03-11,33.34000015258789,29.862491607666016
2011-03-14,33.349998474121094,29.871444702148438
2011-03-15,33.189998626708984,29.728132247924805
2011-03-16,32.47999954223633,29.09219741821289
2011-03-17,33.099998474121094,29.64752197265625
2011-03-18,33.970001220703125,30.426782608032227
2011-03-21,34.52000045776367,30.91940689086914
2011-03-22,34.11000061035156,30.552169799804688
2011-03-23,34.31999969482422,30.740272521972656
2011-03-24,35.060001373291016,31.403079986572266
2011-03-25,32.79999923706055,29.378812789916992
2011-03-28,32.959999084472656,29.65139389038086
2011-03-29,33.36000061035156,30.011241912841797
2011-03-30,33.29999923706055,29.957258224487305
2011-03-31,33.70000076293945,30.317119598388672
2011-04-01,34.380001068115234,30.928857803344727
2011-04-04,34.349998474121094,30.901874542236328
2011-04-05,34.13999938964844,30.71295928955078
2011-04-06,33.7599983215332,30.37108612060547
2011-04-07,33.86000061035156,30.461057662963867
2011-04-08,33.459999084472656,30.101215362548828
2011-04-11,33.40999984741211,30.05622100830078
2011-04-12,33.04999923706055,29.73236656188965
2011-04-13,32.540000915527344,29.273555755615234
2011-04-14,32.33000183105469,29.084640502929688
2011-04-15,32.310001373291016,29.066646575927734
2011-04-18,31.75,28.56285858154297
2011-04-19,32.2400016784668,29.003671646118164
2011-04-20,32.5099983215332,29.24656867980957
2011-04-21,32.59000015258789,29.318540573120117
2011-04-25,32.4900016784668,29.228580474853516
2011-04-26,32.70000076293945,29.417503356933594
2011-04-27,32.439998626708984,29.18359375
2011-04-28,32.369998931884766,29.12062644958496
2011-04-29,32.47999954223633,29.219589233398438
2011-05-02,32.11000061035156,28.88672637939453
2011-05-03,33.790000915527344,30.39808464050293
2011-05-04,32.560001373291016,29.291549682617188
2011-05-05,33.20000076293945,29.867307662963867
2011-05-06,33.599998474121094,30.227144241333008
2011-05-09,34.08000183105469,30.658973693847656
2011-05-10,34.15999984741211,30.730932235717773
2011-05-11,33.33000183105469,29.98426628112793
2011-05-12,33.099998474121094,29.777345657348633
2011-05-13,33.11000061035156,29.786348342895508
2011-05-16,32.56999969482422,29.300554275512695
2011-05-17,32.290000915527344,29.048660278320312
2011-05-18,32.630001068115234,29.35452651977539
2011-05-19,32.83000183105469,29.534456253051758
2011-05-20,32.599998474121094,29.327539443969727
2011-05-23,31.739999771118164,28.553861618041992
2011-05-24,31.139999389648438,28.014097213745117
2011-05-25,31.40999984741211,28.256990432739258
2011-05-26,31.520000457763672,28.355945587158203
2011-05-27,31.959999084472656,28.751781463623047
2011-05-31,32.290000915527344,29.048660278320312
2011-06-01,31.75,28.56285858154297
2011-06-02,32.09000015258789,28.86873435974121
2011-06-03,31.559999465942383,28.391931533813477
2011-06-06,31.110000610351562,27.987106323242188
2011-06-07,30.8700008392334,27.771198272705078
2011-06-08,30.350000381469727,27.303401947021484
2011-06-09,30.809999465942383,27.717214584350586
2011-06-10,30.5,27.43834114074707
2011-06-13,30.959999084472656,27.8521671295166
2011-06-14,32.119998931884766,28.895721435546875
2011-06-15,31.639999389648438,28.463905334472656
2011-06-16,30.959999084472656,27.8521671295166
2011-06-17,31.700000762939453,28.517885208129883
2011-06-20,31.329999923706055,28.185016632080078
2011-06-21,30.540000915527344,27.69710350036621
2011-06-22,30.56999969482422,27.72431182861328
2011-06-23,30.290000915527344,27.470380783081055
2011-06-24,30.110000610351562,27.307130813598633
2011-06-27,29.940000534057617,27.152957916259766
2011-06-28,30.65999984741211,27.805938720703125
2011-06-29,30.079999923706055,27.279924392700195
2011-06-30,30.780000686645508,27.914764404296875
2011-07-01,31.18000030517578,28.27752685546875
2011-07-05,31.139999389648438,28.241252899169922
2011-07-06,31.229999542236328,28.322874069213867
2011-07-07,31.229999542236328,28.322874069213867
2011-07-08,30.3700008392334,27.542932510375977
2011-07-11,29.329999923706055,26.59974479675293
2011-07-12,29.139999389648438,26.427427291870117
2011-07-13,29.719999313354492,26.953432083129883
2011-07-14,29.350000381469727,26.617876052856445
2011-07-15,29.270000457763672,26.545326232910156
2011-07-18,28.68000030517578,26.010244369506836
2011-07-19,28.5,25.847003936767578
2011-07-20,29.049999237060547,26.345800399780273
2011-07-21,29.790000915527344,27.016923904418945
2011-07-22,29.670000076293945,26.908090591430664
2011-07-25,29.350000381469727,26.617876052856445
2011-07-26,28.90999984741211,26.21883773803711
2011-07-27,27.799999237060547,25.212160110473633
2011-07-28,27.09000015258789,24.568256378173828
2011-07-29,29.520000457763672,26.772052764892578
2011-08-01,29.170000076293945,26.454633712768555
2011-08-02,28.420000076293945,25.774452209472656
2011-08-03,28.079999923706055,25.466096878051758
2011-08-04,25.31999969482422,22.963022232055664
2011-08-05,24.81999969482422,22.509567260742188
2011-08-08,21.399999618530273,19.407928466796875
2011-08-09,23.06999969482422,20.922470092773438
2011-08-10,22.520000457763672,20.42366600036621
2011-08-11,23.40999984741211,21.230812072753906
2011-08-12,23.8700008392334,21.648000717163086
2011-08-15,23.950000762939453,21.72055435180664
2011-08-16,23.860000610351562,21.638927459716797
2011-08-17,23.799999237060547,21.584516525268555
2011-08-18,22.559999465942383,20.45993995666504
2011-08-19,22.459999084472656,20.369251251220703
2011-08-22,22.729999542236328,20.614116668701172
2011-08-23,23.56999969482422,21.37592315673828
2011-08-24,23.649999618530273,21.4484806060791
2011-08-25,23.110000610351562,20.958740234375
2011-08-26,23.510000228881836,21.321510314941406
2011-08-29,24.280000686645508,22.019832611083984
2011-08-30,25.100000381469727,22.763504028320312
2011-08-31,25.489999771118164,23.11719512939453
2011-09-01,25.639999389648438,23.253232955932617
2011-09-02,24.579999923706055,22.29189682006836
2011-09-06,24.540000915527344,22.255630493164062
2011-09-07,25.459999084472656,23.089984893798828
2011-09-08,24.989999771118164,22.663738250732422
2011-09-09,23.709999084472656,21.502893447875977
2011-09-12,23.899999618530273,21.675201416015625
2011-09-13,24.829999923706055,22.518632888793945
2011-09-14,25.969999313354492,23.55251693725586
2011-09-15,26.450000762939453,23.987831115722656
2011-09-16,26.389999389648438,23.933414459228516
2011-09-19,26.200000762939453,23.7611026763916
2011-09-20,25.670000076293945,23.280439376831055
2011-09-21,25.989999771118164,23.570650100708008
2011-09-22,24.350000381469727,22.083316802978516
2011-09-23,25.200000762939453,22.854190826416016
2011-09-26,25.360000610351562,23.193496704101562
2011-09-27,26.09000015258789,23.86113166809082
2011-09-28,25.479999542236328,23.303241729736328
2011-09-29,25.829999923706055,23.62335205078125
2011-09-30,25.3700008392334,23.202646255493164
2011-10-03,24.670000076293945,22.56244659423828
2011-10-04,24.540000915527344,22.443552017211914
2011-10-05,24.510000228881836,22.416112899780273
2011-10-06,25.6299991607666,23.440427780151367
2011-10-07,25.860000610351562,23.650781631469727
2011-10-10,26.68000030517578,24.40073013305664
2011-10-11,26.739999771118164,24.455602645874023
2011-10-12,27.760000228881836,25.38846206665039
2011-10-13,27.450000762939453,25.104951858520508
2011-10-14,27.690000534057617,25.324447631835938
2011-10-17,26.56999969482422,24.300128936767578
2011-10-18,27.549999237060547,25.196407318115234
2011-10-19,28.06999969482422,25.67198371887207
2011-10-20,27.459999084472656,25.114089965820312
2011-10-21,28.15999984741211,25.75429344177246
2011-10-24,28.829999923706055,26.367055892944336
2011-10-25,28.43000030517578,26.001224517822266
2011-10-26,27.799999237060547,25.425046920776367
2011-10-27,29.18000030517578,26.687152862548828
2011-10-28,29.190000534057617,26.696300506591797
2011-10-31,27.81999969482422,25.443340301513672
2011-11-01,27.25,24.922035217285156
2011-11-02,27.030000686645508,24.72083282470703
2011-11-03,26.049999237060547,23.82455062866211
2011-11-04,26.950000762939453,24.647659301757812
2011-11-07,27.600000381469727,25.242137908935547
2011-11-08,27.93000030517578,25.543943405151367
2011-11-09,26.479999542236328,24.21781349182129
2011-11-10,26.469999313354492,24.208667755126953
2011-11-11,27.020000457763672,24.71168327331543
2011-11-14,26.579999923706055,24.30927276611328
2011-11-15,26.739999771118164,24.455602645874023
2011-11-16,26.239999771118164,23.998319625854492
2011-11-17,25.459999084472656,23.284950256347656
2011-11-18,25.25,23.0928955078125
2011-11-21,25.0,22.86425018310547
2011-11-22,24.670000076293945,22.56244659423828
2011-11-23,22.969999313354492,21.00766944885254
2011-11-25,23.790000915527344,21.757627487182617
2011-11-28,24.850000381469727,22.727069854736328
2011-11-29,24.3700008392334,22.288070678710938
2011-11-30,25.520000457763672,23.339826583862305
2011-12-01,25.510000228881836,23.330684661865234
2011-12-02,25.43000030517578,23.257518768310547
2011-12-05,25.540000915527344,23.35811424255371
2011-12-06,25.059999465942383,22.919126510620117
2011-12-07,25.200000762939453,23.047163009643555
2011-12-08,24.600000381469727,22.49842643737793
2011-12-09,24.729999542236328,22.61731719970703
2011-12-12,24.280000686645508,22.205760955810547
2011-12-13,23.65999984741211,21.63872528076172
2011-12-14,23.420000076293945,21.419231414794922
2011-12-15,23.65999984741211,21.63872528076172
2011-12-16,23.56999969482422,21.556415557861328
2011-12-19,23.299999237060547,21.309486389160156
2011-12-20,24.260000228881836,22.18747329711914
2011-12-21,24.459999084472656,22.370380401611328
2011-12-22,24.530000686645508,22.434410095214844
2011-12-23,24.559999465942383,22.46183967590332
2011-12-27,24.979999542236328,22.845956802368164
2011-12-28,24.950000762939453,22.818525314331055
2011-12-29,25.25,23.0928955078125
2011-12-30,25.219999313354492,23.06545639038086
2012-01-03,26.31999969482422,24.07148551940918
2012-01-04,26.489999771118164,24.226959228515625
2012-01-05,26.059999465942383,23.833694458007812
2012-01-06,25.989999771118164,23.769676208496094
2012-01-09,26.110000610351562,23.879417419433594
2012-01-10,26.43000030517578,24.172090530395508
2012-01-11,26.709999084472656,24.42816734313965
2012-01-12,26.8799991607666,24.583637237548828
2012-01-13,26.3700008392334,24.117216110229492
2012-01-17,26.729999542236328,24.44645881652832
2012-01-18,27.600000381469727,25.242137908935547
2012-01-19,27.59000015258789,25.232990264892578
2012-01-20,27.799999237060547,25.425046920776367
2012-01-23,27.68000030517578,25.3153018951416
2012-01-24,27.389999389648438,25.05007553100586
2012-01-25,27.829999923706055,25.45248794555664
2012-01-26,27.729999542236328,25.36102867126465
2012-01-27,27.440000534057617,25.09579849243164
2012-01-30,27.1299991607666,24.812280654907227
2012-01-31,27.420000076293945,25.0775089263916
2012-02-01,28.639999389648438,26.19328498840332
2012-02-02,27.850000381469727,25.47077751159668
2012-02-03,28.280000686645508,25.864042282104492
2012-02-06,28.520000457763672,26.08354377746582
2012-02-07,28.940000534057617,26.467660903930664
2012-02-08,28.459999084472656,26.028667449951172
2012-02-09,28.299999237060547,25.88233184814453
2012-02-10,28.530000686645508,26.09268569946289
2012-02-13,29.260000228881836,26.76031494140625
2012-02-14,29.309999465942383,26.806047439575195
2012-02-15,30.510000228881836,27.903533935546875
2012-02-16,30.600000381469727,27.98584747314453
2012-02-17,30.549999237060547,27.940114974975586
2012-02-21,30.6299991607666,28.01327896118164
2012-02-22,30.920000076293945,28.27851104736328
2012-02-23,30.65999984741211,28.040719985961914
2012-02-24,30.709999084472656,28.086444854736328
2012-02-27,30.290000915527344,27.702329635620117
2012-02-28,29.950000762939453,27.391374588012695
2012-02-29,30.059999465942383,27.491975784301758
2012-03-01,30.469999313354492,27.866947174072266
2012-03-02,30.260000228881836,27.674894332885742
2012-03-05,29.610000610351562,27.080419540405273
2012-03-06,28.420000076293945,25.992080688476562
2012-03-07,28.600000381469727,26.15670394897461
2012-03-08,29.239999771118164,26.74203109741211
2012-03-09,29.309999465942383,26.806047439575195
2012-03-12,29.299999237060547,26.796903610229492
2012-03-13,30.010000228881836,27.446245193481445
2012-03-14,30.6299991607666,28.01327896118164
2012-03-15,30.799999237060547,28.168760299682617
2012-03-16,30.8799991607666,28.241920471191406
2012-03-19,30.809999465942383,28.17789649963379
2012-03-20,30.15999984741211,27.583433151245117
2012-03-21,31.389999389648438,28.708358764648438
2012-03-22,31.049999237060547,28.397401809692383
2012-03-23,31.399999618530273,28.717498779296875
2012-03-26,32.279998779296875,29.522323608398438
2012-03-27,32.02000045776367,29.28453254699707
2012-03-28,31.850000381469727,29.129058837890625
2012-03-29,32.09000015258789,29.348552703857422
2012-03-30,31.979999542236328,29.24794578552246
2012-04-02,32.25,29.494882583618164
2012-04-03,32.11000061035156,29.36684226989746
2012-04-04,33.52000045776367,30.65639305114746
2012-04-05,33.68000030517578,30.802719116210938
2012-04-09,33.810001373291016,30.921600341796875
2012-04-10,33.349998474121094,30.500905990600586
2012-04-11,34.45000076293945,31.506938934326172
2012-04-12,34.720001220703125,31.753887176513672
2012-04-13,34.630001068115234,31.671552658081055
2012-04-16,34.84000015258789,31.863624572753906
2012-04-17,34.849998474121094,31.872774124145508
2012-04-18,34.45000076293945,31.506938934326172
2012-04-19,35.290000915527344,32.275177001953125
2012-04-20,34.58000183105469,31.625829696655273
2012-04-23,34.11000061035156,31.195985794067383
2012-04-24,34.95000076293945,31.964231491088867
2012-04-25,34.939998626708984,31.955080032348633
2012-04-26,34.70000076293945,31.73558235168457
2012-04-27,35.02000045776367,32.02824020385742
2012-04-30,34.63999938964844,31.68069839477539
2012-05-01,34.54999923706055,31.59840202331543
2012-05-02,34.029998779296875,31.122814178466797
2012-05-03,34.130001068115234,31.214271545410156
2012-05-04,33.54999923706055,30.68382453918457
2012-05-07,33.5,30.638097763061523
2012-05-08,33.060001373291016,30.235689163208008
2012-05-09,32.630001068115234,29.842422485351562
2012-05-10,32.5,29.723529815673828
2012-05-11,31.690000534057617,28.982725143432617
2012-05-14,31.18000030517578,28.516292572021484
2012-05-15,30.59000015258789,27.976701736450195
2012-05-16,30.350000381469727,27.757204055786133
2012-05-17,29.3799991607666,26.87006378173828
2012-05-18,29.43000030517578,26.915800094604492
2012-05-21,29.56999969482422,27.04383087158203
2012-05-22,29.420000076293945,26.90665054321289
2012-05-23,29.290000915527344,26.78775405883789
2012-05-24,29.1299991607666,26.641429901123047
2012-05-25,28.719999313354492,26.266448974609375
2012-05-29,29.079999923706055,26.595703125
2012-05-30,28.459999084472656,26.028667449951172
2012-05-31,28.200000762939453,25.79088020324707
2012-06-01,27.309999465942383,24.97690200805664
2012-06-04,27.06999969482422,24.757415771484375
2012-06-05,27.190000534057617,24.867158889770508
2012-06-06,27.8799991607666,25.498212814331055
2012-06-07,27.690000534057617,25.324447631835938
2012-06-08,27.389999389648438,25.05007553100586
2012-06-11,26.690000534057617,24.40987777709961
2012-06-12,27.100000381469727,24.784849166870117
2012-06-13,26.719999313354492,24.43731117248535
2012-06-14,26.75,24.46474838256836
2012-06-15,26.729999542236328,24.44645881652832
2012-06-18,26.8799991607666,24.583637237548828
2012-06-19,27.329999923706055,24.99519920349121
2012-06-20,26.850000381469727,24.55620765686035
2012-06-21,26.139999389648438,23.906858444213867
2012-06-22,26.110000610351562,23.879417419433594
2012-06-25,25.299999237060547,23.13862419128418
2012-06-26,24.90999984741211,22.94245147705078
2012-06-27,25.329999923706055,23.329269409179688
2012-06-28,25.639999389648438,23.614788055419922
2012-06-29,26.530000686645508,24.434492111206055
2012-07-02,26.6200008392334,24.51738166809082
2012-07-03,26.709999084472656,24.600269317626953
2012-07-05,27.0,24.86736297607422
2012-07-06,26.260000228881836,24.185819625854492
2012-07-09,26.0,23.946348190307617
2012-07-10,24.93000030517578,22.96086311340332
2012-07-11,23.059999465942383,21.238569259643555
2012-07-12,23.600000381469727,21.735916137695312
2012-07-13,24.420000076293945,22.49115562438965
2012-07-16,23.90999984741211,22.02143096923828
2012-07-17,24.530000686645508,22.59246253967285
2012-07-18,24.829999923706055,22.86876678466797
2012-07-19,25.559999465942383,23.541107177734375
2012-07-20,25.540000915527344,23.52267837524414
2012-07-23,25.34000015258789,23.33848762512207
2012-07-24,24.850000381469727,22.887189865112305
2012-07-25,24.5,22.564834594726562
2012-07-26,25.09000015258789,23.108226776123047
2012-07-27,25.3700008392334,23.366113662719727
2012-07-30,25.229999542236328,23.237171173095703
2012-07-31,25.3799991607666,23.375322341918945
2012-08-01,24.610000610351562,22.6661434173584
2012-08-02,23.8799991607666,21.99380111694336
2012-08-03,24.649999618530273,22.70298194885254
2012-08-06,25.010000228881836,23.0345458984375
2012-08-07,25.729999542236328,23.697683334350586
2012-08-08,25.90999984741211,23.86345863342285
2012-08-09,25.90999984741211,23.86345863342285
2012-08-10,26.110000610351562,24.047664642333984
2012-08-13,25.700000762939453,23.670045852661133
2012-08-14,25.739999771118164,23.70688819885254
2012-08-15,26.290000915527344,24.21344757080078
2012-08-16,26.770000457763672,24.655529022216797
2012-08-17,27.229999542236328,25.079198837280273
2012-08-20,27.149999618530273,25.005516052246094
2012-08-21,27.0,24.86736297607422
2012-08-22,26.6299991607666,24.526592254638672
2012-08-23,26.260000228881836,24.185819625854492
2012-08-24,26.6299991607666,24.526592254638672
2012-08-27,26.639999389648438,24.535795211791992
2012-08-28,26.709999084472656,24.600269317626953
2012-08-29,26.239999771118164,24.16739845275879
2012-08-30,26.170000076293945,24.102922439575195
2012-08-31,26.950000762939453,24.821311950683594
2012-09-04,26.860000610351562,24.73842430114746
2012-09-05,26.360000610351562,24.277915954589844
2012-09-06,27.010000228881836,24.876577377319336
2012-09-07,27.309999465942383,25.152873992919922
2012-09-10,27.020000457763672,24.885787963867188
2012-09-11,26.850000381469727,24.729211807250977
2012-09-12,27.15999984741211,25.014732360839844
2012-09-13,28.350000381469727,26.11073875427246
2012-09-14,28.399999618530273,26.156782150268555
2012-09-17,28.110000610351562,25.88968849182129
2012-09-18,27.600000381469727,25.41997528076172
2012-09-19,27.540000915527344,25.364717483520508
2012-09-20,27.09000015258789,24.950252532958984
2012-09-21,27.010000228881836,24.876577377319336
2012-09-24,26.530000686645508,24.434492111206055
2012-09-25,26.15999984741211,24.220613479614258
2012-09-26,26.170000076293945,24.22987174987793
2012-09-27,26.600000381469727,24.627994537353516
2012-09-28,26.6200008392334,24.64651107788086
2012-10-01,27.149999618530273,25.13721466064453
2012-10-02,26.219999313354492,24.276165008544922
2012-10-03,25.170000076293945,23.304012298583984
2012-10-04,25.600000381469727,23.70212745666504
2012-10-05,26.5,24.535404205322266
2012-10-08,26.690000534057617,24.711322784423828
2012-10-09,26.969999313354492,24.970563888549805
2012-10-10,27.280000686645508,25.257583618164062
2012-10-11,27.56999969482422,25.526084899902344
2012-10-12,27.65999984741211,25.609407424926758
2012-10-15,27.40999984741211,25.377948760986328
2012-10-16,27.959999084472656,25.887168884277344
2012-10-17,27.8700008392334,25.803842544555664
2012-10-18,28.15999984741211,26.072341918945312
2012-10-19,27.969999313354492,25.89643096923828
2012-10-22,28.1200008392334,26.035306930541992
2012-10-23,28.18000030517578,26.09086036682129
2012-10-24,27.729999542236328,25.674219131469727
2012-10-25,27.75,25.692739486694336
2012-10-26,27.760000228881836,25.70199966430664
2012-10-31,27.90999984741211,25.84087562561035
2012-11-01,27.920000076293945,25.85013198852539
2012-11-02,27.530000686645508,25.489055633544922
2012-11-05,27.950000762939453,25.877906799316406
2012-11-06,28.299999237060547,26.201963424682617
2012-11-07,28.200000762939453,26.109375
2012-11-08,27.530000686645508,25.489055633544922
2012-11-09,27.399999618530273,25.368684768676758
2012-11-12,27.389999389648438,25.35943031311035
2012-11-13,27.100000381469727,25.090923309326172
2012-11-14,26.59000015258789,24.61874008178711
2012-11-15,26.40999984741211,24.452083587646484
2012-11-16,26.350000381469727,24.396528244018555
2012-11-19,26.59000015258789,24.61874008178711
2012-11-20,26.6200008392334,24.64651107788086
2012-11-21,27.1200008392334,25.10944366455078
2012-11-23,27.149999618530273,25.13721466064453
2012-11-26,26.950000762939453,24.952051162719727
2012-11-27,27.09000015258789,25.081666946411133
2012-11-28,26.489999771118164,24.526145935058594
2012-11-29,25.110000610351562,23.248458862304688
2012-11-30,24.93000030517578,23.081806182861328
2012-12-03,25.3700008392334,23.489179611206055
2012-12-04,25.469999313354492,23.58176612854004
2012-12-05,25.8700008392334,23.95211410522461
2012-12-06,25.459999084472656,23.572507858276367
2012-12-07,25.90999984741211,23.98914909362793
2012-12-10,25.920000076293945,23.9984073638916
2012-12-11,26.170000076293945,24.22987174987793
2012-12-12,25.809999465942383,23.89655876159668
2012-12-13,25.100000381469727,23.23920440673828
2012-12-14,24.649999618530273,22.82255744934082
2012-12-17,25.600000381469727,23.70212745666504
2012-12-18,26.75,24.8601016998291
2012-12-19,26.649999618530273,24.767166137695312
2012-12-20,27.549999237060547,25.603572845458984
2012-12-21,27.700000762939453,25.74298667907715
2012-12-24,27.639999389648438,25.68722152709961
2012-12-26,27.969999313354492,25.99390983581543
2012-12-27,28.15999984741211,26.170482635498047
2012-12-28,28.15999984741211,26.170482635498047
2012-12-31,28.510000228881836,26.495750427246094
2013-01-02,29.040000915527344,26.988309860229492
2013-01-03,28.729999542236328,26.700212478637695
2013-01-04,28.030000686645508,26.049673080444336
2013-01-07,28.350000381469727,26.347057342529297
2013-01-08,26.799999237060547,24.90656852722168
2013-01-09,27.68000030517578,25.72439193725586
2013-01-10,27.770000457763672,25.80803680419922
2013-01-11,27.309999465942383,25.380537033081055
2013-01-14,28.0,26.021787643432617
2013-01-15,28.270000457763672,26.272708892822266
2013-01-16,27.600000381469727,25.650047302246094
2013-01-17,27.6200008392334,25.668636322021484
2013-01-18,27.729999542236328,25.770862579345703
2013-01-22,28.280000686645508,26.28200912475586
2013-01-23,28.559999465942383,26.54222297668457
2013-01-24,31.15999984741211,28.95853042602539
2013-01-25,32.0,29.73918342590332
2013-01-28,32.220001220703125,29.943647384643555
2013-01-29,32.56999969482422,30.268917083740234
2013-01-30,32.72999954223633,30.41761589050293
2013-01-31,32.970001220703125,30.640663146972656
2013-02-01,32.9900016784668,30.65924644470215
2013-02-04,32.65999984741211,30.35256004333496
2013-02-05,33.209999084472656,30.86369514465332
2013-02-06,33.290000915527344,30.93804359436035
2013-02-07,33.31999969482422,30.96592903137207
2013-02-08,32.959999084472656,30.631351470947266
2013-02-11,33.08000183105469,30.742889404296875
2013-02-12,33.029998779296875,30.69641876220703
2013-02-13,32.83000183105469,30.510557174682617
2013-02-14,32.849998474121094,30.52912712097168
2013-02-15,33.04999923706055,30.71500015258789
2013-02-19,33.36000061035156,31.003095626831055
2013-02-20,32.970001220703125,30.640663146972656
2013-02-21,32.54999923706055,30.25033187866211
2013-02-22,33.529998779296875,31.16108512878418
2013-02-25,33.15999984741211,30.81722640991211
2013-02-26,32.72999954223633,30.41761589050293
2013-02-27,33.900001525878906,31.50495719909668
2013-02-28,33.939998626708984,31.542123794555664
2013-03-01,34.0099983215332,31.6071720123291
2013-03-04,33.70000076293945,31.319082260131836
2013-03-05,33.790000915527344,31.402727127075195
2013-03-06,33.70000076293945,31.319082260131836
2013-03-07,33.810001373291016,31.421300888061523
2013-03-08,34.65999984741211,32.21125793457031
2013-03-11,35.52000045776367,33.010498046875
2013-03-12,35.29999923706055,32.80604553222656
2013-03-13,35.470001220703125,32.96402359008789
2013-03-14,35.560001373291016,33.04766845703125
2013-03-15,34.83000183105469,32.36924362182617
2013-03-18,34.630001068115234,32.18336868286133
2013-03-19,34.45000076293945,32.01609420776367
2013-03-20,35.06999969482422,32.592281341552734
2013-03-21,34.68000030517578,32.22983169555664
2013-03-22,34.79999923706055,32.41802215576172
2013-03-25,34.189998626708984,31.84976577758789
2013-03-26,35.279998779296875,32.86515426635742
2013-03-27,35.2599983215332,32.846534729003906
2013-03-28,35.66999816894531,33.22845458984375
2013-04-01,34.43000030517578,32.07334518432617
2013-04-02,34.540000915527344,32.17581558227539
2013-04-03,33.34000015258789,31.05794906616211
2013-04-04,33.2599983215332,30.98342514038086
2013-04-05,34.68000030517578,32.30623245239258
2013-04-08,34.9900016784668,32.59500503540039
2013-04-09,35.790000915527344,33.34026336669922
2013-04-10,36.22999954223633,33.750144958496094
2013-04-11,36.2400016784668,33.75945281982422
2013-04-12,35.619998931884766,33.1818962097168
2013-04-15,33.72999954223633,31.42125129699707
2013-04-16,33.88999938964844,31.57029914855957
2013-04-17,32.349998474121094,30.135709762573242
2013-04-18,32.689998626708984,30.452436447143555
2013-04-19,33.84000015258789,31.523725509643555
2013-04-22,33.290000915527344,31.011371612548828
2013-04-23,34.61000061035156,32.24102020263672
2013-04-24,34.79999923706055,32.41802215576172
2013-04-25,34.099998474121094,31.76593017578125
2013-04-26,32.790000915527344,30.54559898376465
2013-04-29,32.7400016784668,30.4990177154541
2013-04-30,34.93000030517578,32.53910827636719
2013-05-01,34.29999923706055,31.952241897583008
2013-05-02,34.16999816894531,31.831138610839844
2013-05-03,35.099998474121094,32.697479248046875
2013-05-06,34.41999816894531,32.064029693603516
2013-05-07,35.220001220703125,32.888580322265625
2013-05-08,35.880001068115234,33.504886627197266
2013-05-09,36.130001068115234,33.738338470458984
2013-05-10,35.36000061035156,33.01930618286133
2013-05-13,35.7599983215332,33.39282989501953
2013-05-14,35.70000076293945,33.336795806884766
2013-05-15,36.09000015258789,33.700984954833984
2013-05-16,36.04999923706055,33.663639068603516
2013-05-17,37.0,34.55073165893555
2013-05-20,36.72999954223633,34.29861068725586
2013-05-21,37.61000061035156,35.12036895751953
2013-05-22,37.20000076293945,34.73750305175781
2013-05-23,36.5099983215332,34.09318161010742
2013-05-24,36.310001373291016,33.90641784667969
2013-05-28,36.459999084472656,34.04648971557617
2013-05-29,35.790000915527344,33.42085647583008
2013-05-30,36.25,33.85038757324219
2013-05-31,36.27000045776367,33.86906814575195
2013-06-03,36.61000061035156,34.18655776977539
2013-06-04,36.5,34.08384704589844
2013-06-05,36.0,33.616943359375
2013-06-06,36.08000183105469,33.69164276123047
2013-06-07,36.43000030517578,34.018470764160156
2013-06-10,36.380001068115234,33.971778869628906
2013-06-11,35.4900016784668,33.14070510864258
2013-06-12,35.040000915527344,32.72048568725586
2013-06-13,35.459999084472656,33.11268615722656
2013-06-14,35.2400016784668,32.907249450683594
2013-06-17,36.79999923706055,34.36398696899414
2013-06-18,38.58000183105469,36.02615737915039
2013-06-19,37.7599983215332,35.26042938232422
2013-06-20,37.470001220703125,34.98964309692383
2013-06-21,36.869998931884766,34.42934799194336
2013-06-24,36.029998779296875,33.64494323730469
2013-06-25,35.7400016784668,33.44376754760742
2013-06-26,36.459999084472656,34.11750411987305
2013-06-27,37.52000045776367,35.10941696166992
2013-06-28,36.88999938964844,34.51988983154297
2013-07-01,37.150001525878906,34.763179779052734
2013-07-02,36.43000030517578,34.08942794799805
2013-07-03,36.91999816894531,34.54795837402344
2013-07-05,36.83000183105469,34.463748931884766
2013-07-08,36.9900016784668,34.61345291137695
2013-07-09,37.7400016784668,35.31527328491211
2013-07-10,37.15999984741211,34.77252960205078
2013-07-11,37.459999084472656,35.05326461791992
2013-07-12,37.77000045776367,35.343353271484375
2013-07-15,38.709999084472656,36.22294616699219
2013-07-16,38.31999969482422,35.858009338378906
2013-07-17,38.88999938964844,36.39139175415039
2013-07-18,38.869998931884766,36.3726692199707
2013-07-19,38.810001373291016,36.316524505615234
2013-07-22,39.220001220703125,36.70018768310547
2013-07-23,38.029998779296875,35.58663558959961
2013-07-24,37.2400016784668,34.847408294677734
2013-07-25,37.630001068115234,35.21232986450195
2013-07-26,35.29999923706055,33.03202819824219
2013-07-29,35.709999084472656,33.41569137573242
2013-07-30,34.900001525878906,32.65773010253906
2013-07-31,33.970001220703125,31.787487030029297
2013-08-01,34.25,32.04949188232422
2013-08-02,34.040000915527344,31.852983474731445
2013-08-05,33.650001525878906,31.488056182861328
2013-08-06,32.91999816894531,30.80495262145996
2013-08-07,32.779998779296875,30.6739444732666
2013-08-08,33.560001373291016,31.403825759887695
2013-08-09,33.66999816894531,31.50676155090332
2013-08-12,33.75,31.581623077392578
2013-08-13,33.43000030517578,31.282188415527344
2013-08-14,32.45000076293945,30.365142822265625
2013-08-15,31.739999771118164,29.700759887695312
2013-08-16,32.41999816894531,30.337078094482422
2013-08-19,33.560001373291016,31.403825759887695
2013-08-20,33.38999938964844,31.244749069213867
2013-08-21,33.41999816894531,31.272830963134766
2013-08-22,33.22999954223633,31.095029830932617
2013-08-23,33.72999954223633,31.562908172607422
2013-08-26,33.369998931884766,31.22603416442871
2013-08-27,32.66999816894531,30.571006774902344
2013-08-28,32.5,30.411928176879883
2013-08-29,32.68000030517578,30.580364227294922
2013-08-30,32.95000076293945,30.83302116394043
2013-09-03,33.119998931884766,30.992088317871094
2013-09-04,33.439998626708984,31.291532516479492
2013-09-05,34.150001525878906,31.955921173095703
2013-09-06,34.599998474121094,32.37700271606445
2013-09-09,35.560001373291016,33.27533721923828
2013-09-10,36.310001373291016,33.977149963378906
2013-09-11,35.68000030517578,33.38762283325195
2013-09-12,33.95000076293945,31.768783569335938
2013-09-13,33.02000045776367,30.898523330688477
2013-09-16,33.18000030517578,31.04824447631836
2013-09-17,33.470001220703125,31.319612503051758
2013-09-18,33.65999984741211,31.49739646911621
2013-09-19,33.43000030517578,31.282188415527344
2013-09-20,33.529998779296875,31.375751495361328
2013-09-23,33.36000061035156,31.216686248779297
2013-09-24,33.09000015258789,31.032869338989258
2013-09-25,33.40999984741211,31.33296775817871
2013-09-26,33.15999984741211,31.098512649536133
2013-09-27,33.33000183105469,31.25794792175293
2013-09-30,32.470001220703125,30.4514102935791
2013-10-01,33.5099983215332,31.426748275756836
2013-10-02,33.72999954223633,31.633073806762695
2013-10-03,33.650001525878906,31.558040618896484
2013-10-04,33.97999954223633,31.867528915405273
2013-10-07,34.310001373291016,32.17702102661133
2013-10-08,34.369998931884766,32.23328399658203
2013-10-09,33.630001068115234,31.539295196533203
2013-10-10,34.68000030517578,32.52401351928711
2013-10-11,35.33000183105469,33.13359832763672
2013-10-14,35.290000915527344,33.096092224121094
2013-10-15,33.630001068115234,31.539295196533203
2013-10-16,32.970001220703125,30.92032241821289
2013-10-17,32.54999923706055,30.526437759399414
2013-10-18,32.470001220703125,30.4514102935791
2013-10-21,32.349998474121094,30.3388671875
2013-10-22,32.97999954223633,30.929702758789062
2013-10-23,33.75,31.651832580566406
2013-10-24,33.04999923706055,30.995342254638672
2013-10-25,32.630001068115234,30.601463317871094
2013-10-28,32.790000915527344,30.75151252746582
2013-10-29,30.520000457763672,28.622631072998047
2013-10-30,30.18000030517578,28.30377197265625
2013-10-31,29.389999389648438,27.562885284423828
2013-11-01,29.719999313354492,27.87236976623535
2013-11-04,29.549999237060547,27.71293067932129
2013-11-05,29.959999084472656,28.097450256347656
2013-11-06,29.389999389648438,27.562885284423828
2013-11-07,30.1200008392334,28.24750328063965
2013-11-08,30.8799991607666,28.960254669189453
2013-11-11,30.75,28.83833885192871
2013-11-12,31.200000762939453,29.260356903076172
2013-11-13,31.540000915527344,29.579225540161133
2013-11-14,31.350000381469727,29.401037216186523
2013-11-15,30.93000030517578,29.007144927978516
2013-11-18,31.93000030517578,29.944976806640625
2013-11-19,31.229999542236328,29.28849220275879
2013-11-20,30.8799991607666,28.960254669189453
2013-11-21,31.139999389648438,29.20409393310547
2013-11-22,31.219999313354492,29.279117584228516
2013-11-25,31.25,29.3072452545166
2013-11-26,30.190000534057617,28.313152313232422
2013-11-27,30.950000762939453,29.02590560913086
2013-11-29,31.010000228881836,29.08217430114746
2013-12-02,31.020000457763672,29.091552734375
2013-12-03,30.030000686645508,28.163097381591797
2013-12-04,29.5,27.666046142578125
2013-12-05,29.360000610351562,27.53474235534668
2013-12-06,30.110000610351562,28.238126754760742
2013-12-09,30.219999313354492,28.34128189086914
2013-12-10,30.1299991607666,28.256877899169922
2013-12-11,30.18000030517578,28.30377197265625
2013-12-12,30.969999313354492,29.044660568237305
2013-12-13,31.549999237060547,29.588600158691406
2013-12-16,32.09000015258789,30.09503173828125
2013-12-17,32.02000045776367,30.171358108520508
2013-12-18,31.889999389648438,30.048858642578125
2013-12-19,31.110000610351562,29.313892364501953
2013-12-20,31.309999465942383,29.502342224121094
2013-12-23,31.6299991607666,29.803878784179688
2013-12-24,31.520000457763672,29.700220108032227
2013-12-26,32.130001068115234,30.27500343322754
2013-12-27,32.29999923706055,30.43519401550293
2013-12-30,32.209999084472656,30.350385665893555
2013-12-31,32.18000030517578,30.322114944458008
2014-01-02,32.130001068115234,30.27500343322754
2014-01-03,32.529998779296875,30.651906967163086
2014-01-06,32.25,30.388072967529297
2014-01-07,32.540000915527344,30.661333084106445
2014-01-08,32.52000045776367,30.642486572265625
2014-01-09,31.93000030517578,30.086549758911133
2014-01-10,32.540000915527344,30.661333084106445
2014-01-13,32.619998931884766,30.73671531677246
2014-01-14,33.720001220703125,31.773204803466797
2014-01-15,34.38999938964844,32.40452575683594
2014-01-16,34.5,32.508174896240234
2014-01-17,33.869998931884766,31.914546966552734
2014-01-21,33.75,31.80147361755371
2014-01-22,33.779998779296875,31.82973861694336
2014-01-23,33.130001068115234,31.217266082763672
2014-01-24,31.989999771118164,30.143083572387695
2014-01-27,31.530000686645508,29.70964813232422
2014-01-28,31.90999984741211,30.067707061767578
2014-01-29,31.100000381469727,29.304471969604492
2014-01-30,30.889999389648438,29.106592178344727
2014-01-31,30.690000534057617,28.91814613342285
2014-02-03,29.860000610351562,28.136062622070312
2014-02-04,30.760000228881836,28.984100341796875
2014-02-05,30.790000915527344,29.012367248535156
2014-02-06,31.510000228881836,29.690799713134766
2014-02-07,32.36000061035156,30.49172592163086
2014-02-10,31.850000381469727,30.011167526245117
2014-02-11,32.5099983215332,30.633068084716797
2014-02-12,32.70000076293945,30.812097549438477
2014-02-13,33.66999816894531,31.726093292236328
2014-02-14,33.5099983215332,31.575326919555664
2014-02-18,32.79999923706055,30.906314849853516
2014-02-19,33.0099983215332,31.104188919067383
2014-02-20,32.9900016784668,31.085357666015625
2014-02-21,33.38999938964844,31.462255477905273
2014-02-24,34.06999969482422,32.10300827026367
2014-02-25,34.130001068115234,32.1595344543457
2014-02-26,35.720001220703125,33.657745361328125
2014-02-27,36.47999954223633,34.37384796142578
2014-02-28,35.900001525878906,33.82735061645508
2014-03-03,35.560001373291016,33.5069694519043
2014-03-04,36.16999816894531,34.08174133300781
2014-03-05,35.88999938964844,33.81792449951172
2014-03-06,35.290000915527344,33.252559661865234
2014-03-07,34.810001373291016,32.80027770996094
2014-03-10,34.36000061035156,32.376243591308594
2014-03-11,34.279998779296875,32.30086898803711
2014-03-12,34.220001220703125,32.24433135986328
2014-03-13,33.189998626708984,31.2737979888916
2014-03-14,33.20000076293945,31.283231735229492
2014-03-17,33.369998931884766,31.443410873413086
2014-03-18,34.09000015258789,32.12184524536133
2014-03-19,33.810001373291016,31.858013153076172
2014-03-20,34.0,32.037044525146484
2014-03-21,33.93000030517578,31.971086502075195
2014-03-24,33.88999938964844,31.933395385742188
2014-03-25,34.54999923706055,32.63713836669922
2014-03-26,34.38999938964844,32.486000061035156
2014-03-27,35.36000061035156,33.40230178833008
2014-03-28,35.52000045776367,33.553436279296875
2014-03-31,35.4900016784668,33.52510452270508
2014-04-01,35.84000015258789,33.85572052001953
2014-04-02,35.849998474121094,33.865169525146484
2014-04-03,35.5,33.5345458984375
2014-04-04,35.22999954223633,33.27948760986328
2014-04-07,34.84000015258789,32.91108703613281
2014-04-08,34.77000045776367,32.84496307373047
2014-04-09,35.220001220703125,33.270050048828125
2014-04-10,34.720001220703125,32.79773712158203
2014-04-11,34.63999938964844,32.722164154052734
2014-04-14,34.220001220703125,32.325416564941406
2014-04-15,33.68000030517578,31.81531524658203
2014-04-16,34.4900016784668,32.580474853515625
2014-04-17,34.810001373291016,32.88275146484375
2014-04-21,35.209999084472656,33.260597229003906
2014-04-22,33.65999984741211,31.796415328979492
2014-04-23,34.279998779296875,32.38209533691406
2014-04-24,34.150001525878906,32.25928497314453
2014-04-25,34.15999984741211,32.26873779296875
2014-04-28,33.900001525878906,32.02314758300781
2014-04-29,34.5,32.7056884765625
2014-04-30,34.400001525878906,32.61089324951172
2014-05-01,34.41999816894531,32.62984848022461
2014-05-02,34.90999984741211,33.0943603515625
2014-05-05,34.47999954223633,32.68672180175781
2014-05-06,34.779998779296875,32.97111511230469
2014-05-07,34.97999954223633,33.16072463989258
2014-05-08,34.810001373291016,32.99956512451172
2014-05-09,34.2599983215332,32.4781608581543
2014-05-12,34.540000915527344,32.74359893798828
2014-05-13,34.5,32.7056884765625
2014-05-14,34.130001068115234,32.35493469238281
2014-05-15,33.70000076293945,31.947296142578125
2014-05-16,33.720001220703125,31.96625328063965
2014-05-19,33.59000015258789,31.84300994873047
2014-05-20,33.779998779296875,32.023128509521484
2014-05-21,34.099998474121094,32.32648849487305
2014-05-22,34.400001525878906,32.61089324951172
2014-05-23,34.95000076293945,33.13227462768555
2014-05-27,35.5,33.65367126464844
2014-05-28,35.75,33.89066696166992
2014-05-29,36.060001373291016,34.184547424316406
2014-05-30,36.2400016784668,34.35519790649414
2014-06-02,36.439998626708984,34.54479217529297
2014-06-03,36.599998474121094,34.69647216796875
2014-06-04,36.63999938964844,34.73439407348633
2014-06-05,36.709999084472656,34.80074691772461
2014-06-06,36.7400016784668,34.82917785644531
2014-06-09,37.5,35.54965591430664
2014-06-10,37.79999923706055,35.834049224853516
2014-06-11,37.20000076293945,35.2652587890625
2014-06-12,36.04999923706055,34.17507553100586
2014-06-13,36.349998474121094,34.459468841552734
2014-06-16,36.22999954223633,34.345703125
2014-06-17,36.560001373291016,34.658546447753906
2014-06-18,37.41999816894531,35.47381591796875
2014-06-19,36.7400016784668,34.82917785644531
2014-06-20,36.16999816894531,34.288822174072266
2014-06-23,36.56999969482422,34.66802215576172
2014-06-24,36.09000015258789,34.297393798828125
2014-06-25,36.130001068115234,34.33540725708008
2014-06-26,36.04999923706055,34.2593879699707
2014-06-27,35.86000061035156,34.07881164550781
2014-06-30,36.43000030517578,34.620506286621094
2014-07-01,36.869998931884766,35.03865051269531
2014-07-02,36.97999954223633,35.1431884765625
2014-07-03,37.29999923706055,35.44729232788086
2014-07-07,37.95000076293945,36.06501007080078
2014-07-08,37.099998474121094,35.25722122192383
2014-07-09,37.380001068115234,35.52332305908203
2014-07-10,38.150001525878906,36.25508117675781
2014-07-11,38.279998779296875,36.37861633300781
2014-07-14,39.599998474121094,37.63304901123047
2014-07-15,39.029998779296875,37.091365814208984
2014-07-16,38.2400016784668,36.34060287475586
2014-07-17,38.61000061035156,36.692222595214844
2014-07-18,38.43000030517578,36.52117156982422
2014-07-21,39.099998474121094,37.15788650512695
2014-07-22,39.40999984741211,37.45248031616211
2014-07-23,39.310001373291016,37.35746383666992
2014-07-24,39.5,37.538021087646484
2014-07-25,39.099998474121094,37.15788650512695
2014-07-28,39.060001373291016,37.119876861572266
2014-07-29,38.36000061035156,36.45463943481445
2014-07-30,38.59000015258789,36.673213958740234
2014-07-31,38.040000915527344,36.150543212890625
2014-08-01,38.459999084472656,36.5496711730957
2014-08-04,38.31999969482422,36.41663360595703
2014-08-05,37.119998931884766,35.27623748779297
2014-08-06,37.16999816894531,35.323753356933594
2014-08-07,37.36000061035156,35.50431442260742
2014-08-08,38.220001220703125,36.32160568237305
2014-08-11,38.540000915527344,36.62571334838867
2014-08-12,38.81999969482422,36.89179229736328
2014-08-13,39.04999923706055,37.11037063598633
2014-08-14,38.7599983215332,36.83476638793945
2014-08-15,38.599998474121094,36.68272399902344
2014-08-18,39.36000061035156,37.40497970581055
2014-08-19,39.4900016784668,37.528526306152344
2014-08-20,39.599998474121094,37.63304901123047
2014-08-21,39.900001525878906,37.91815185546875
2014-08-22,39.310001373291016,37.35746383666992
2014-08-25,39.439998626708984,37.480995178222656
2014-08-26,39.40999984741211,37.45248031616211
2014-08-27,38.849998474121094,36.92030334472656
2014-08-28,38.40999984741211,36.502159118652344
2014-08-29,38.75,36.825279235839844
2014-09-02,38.790000915527344,36.86329650878906
2014-09-03,38.77000045776367,36.844276428222656
2014-09-04,39.09000015258789,37.14839172363281
2014-09-05,39.290000915527344,37.33845901489258
2014-09-08,39.040000915527344,37.100868225097656
2014-09-09,38.36000061035156,36.45463943481445
2014-09-10,39.529998779296875,37.5665283203125
2014-09-11,39.970001220703125,37.98467254638672
2014-09-12,39.45000076293945,37.490501403808594
2014-09-15,39.970001220703125,37.98467254638672
2014-09-16,39.88999938964844,37.908653259277344
2014-09-17,39.95000076293945,37.96566390991211
2014-09-18,39.970001220703125,37.98467254638672
2014-09-19,39.72999954223633,37.756591796875
2014-09-22,38.7400016784668,36.81577682495117
2014-09-23,38.5099983215332,36.680519104003906
2014-09-24,38.25,36.43286895751953
2014-09-25,37.779998779296875,35.98520278930664
2014-09-26,38.91999816894531,37.0710334777832
2014-09-29,38.689998626708984,36.85196304321289
2014-09-30,39.220001220703125,37.356781005859375
2014-10-01,39.209999084472656,37.347251892089844
2014-10-02,37.95000076293945,36.14711380004883
2014-10-03,38.130001068115234,36.318565368652344
2014-10-06,38.43000030517578,36.60431671142578
2014-10-07,37.59000015258789,35.80422592163086
2014-10-08,38.380001068115234,36.556697845458984
2014-10-09,37.720001220703125,35.928043365478516
2014-10-10,36.400001525878906,34.67076110839844
2014-10-13,35.189998626708984,33.51823425292969
2014-10-14,36.290000915527344,34.56597900390625
2014-10-15,34.88999938964844,33.232479095458984
2014-10-16,35.099998474121094,33.432518005371094
2014-10-17,36.380001068115234,34.65170669555664
2014-10-20,35.72999954223633,34.03257369995117
2014-10-21,36.310001373291016,34.58502960205078
2014-10-22,35.529998779296875,33.84208679199219
2014-10-23,35.970001220703125,34.26117706298828
2014-10-24,36.88999938964844,35.13747024536133
2014-10-27,37.27000045776367,35.49943161010742
2014-10-28,37.7599983215332,35.96613693237305
2014-10-29,37.79999923706055,36.00424575805664
2014-10-30,37.95000076293945,36.14711380004883
2014-10-31,38.63999938964844,36.80433654785156
2014-11-03,38.16999816894531,36.356666564941406
2014-11-04,38.41999816894531,36.59478759765625
2014-11-05,38.33000183105469,36.50905990600586
2014-11-06,37.369998931884766,35.59467315673828
2014-11-07,37.560001373291016,35.77565383911133
2014-11-10,35.72999954223633,34.03257369995117
2014-11-11,37.79999923706055,36.00424575805664
2014-11-12,37.58000183105469,35.79469680786133
2014-11-13,37.2599983215332,35.48991012573242
2014-11-14,36.7599983215332,35.013648986816406
2014-11-17,36.91999816894531,35.166053771972656
2014-11-18,38.08000183105469,36.27094268798828
2014-11-19,38.130001068115234,36.318565368652344
2014-11-20,37.66999816894531,35.88042449951172
2014-11-21,37.97999954223633,36.17569351196289
2014-11-24,36.61000061035156,34.87077331542969
2014-11-25,36.56999969482422,34.832679748535156
2014-11-26,37.130001068115234,35.36608123779297
2014-11-28,36.93000030517578,35.17557144165039
2014-12-01,35.34000015258789,33.661109924316406
2014-12-02,35.34000015258789,33.661109924316406
2014-12-03,35.70000076293945,34.00400924682617
2014-12-04,35.619998931884766,33.92780685424805
2014-12-05,35.939998626708984,34.232601165771484
2014-12-08,35.290000915527344,33.61349105834961
2014-12-09,36.189998626708984,34.47072982788086
2014-12-10,36.150001525878906,34.43263244628906
2014-12-11,36.220001220703125,34.49930953979492
2014-12-12,35.22999954223633,33.556331634521484
2014-12-15,34.33000183105469,32.69910430908203
2014-12-16,34.630001068115234,33.16355895996094
2014-12-17,35.560001373291016,34.054168701171875
2014-12-18,36.31999969482422,34.7819938659668
2014-12-19,36.33000183105469,34.791568756103516
2014-12-22,36.790000915527344,35.23208236694336
2014-12-23,37.349998474121094,35.76837158203125
2014-12-24,37.66999816894531,36.0748176574707
2014-12-26,36.95000076293945,35.38530349731445
2014-12-29,36.810001373291016,35.25123596191406
2014-12-30,37.029998779296875,35.46192169189453
2014-12-31,36.86000061035156,35.29912567138672
2015-01-02,37.040000915527344,35.47149658203125
2015-01-05,35.79999923706055,34.28400421142578
2015-01-06,35.13999938964844,33.65195846557617
2015-01-07,35.16999816894531,33.68068313598633
2015-01-08,34.68000030517578,33.2114372253418
2015-01-09,34.470001220703125,33.01033020019531
2015-01-12,34.189998626708984,32.742183685302734
2015-01-13,34.70000076293945,33.230587005615234
2015-01-14,32.54999923706055,31.171634674072266
2015-01-15,32.2599983215332,30.893911361694336
2015-01-16,32.720001220703125,31.334436416625977
2015-01-20,32.59000015258789,31.209945678710938
2015-01-21,33.86000061035156,32.4261589050293
2015-01-22,35.16999816894531,33.68068313598633
2015-01-23,35.20000076293945,33.709415435791016
2015-01-26,35.58000183105469,34.073333740234375
2015-01-27,35.5099983215332,34.006282806396484
2015-01-28,34.939998626708984,33.46043395996094
2015-01-29,35.41999816894531,33.92009735107422
2015-01-30,35.2599983215332,33.76688003540039
2015-02-02,35.59000015258789,34.082908630371094
2015-02-03,36.31999969482422,34.7819938659668
2015-02-04,35.81999969482422,34.303165435791016
2015-02-05,35.65999984741211,34.149940490722656
2015-02-06,35.5099983215332,34.006282806396484
2015-02-09,35.45000076293945,33.9488410949707
2015-02-10,35.59000015258789,34.082908630371094
2015-02-11,36.0,34.475547790527344
2015-02-12,36.52000045776367,34.9735221862793
2015-02-13,36.15999984741211,34.62876892089844
2015-02-17,36.38999938964844,34.84902572631836
2015-02-18,36.439998626708984,34.896907806396484
2015-02-19,36.38999938964844,34.84902572631836
2015-02-20,36.790000915527344,35.23208236694336
2015-02-23,36.47999954223633,34.935211181640625
2015-02-24,36.16999816894531,34.63833236694336
2015-02-25,35.81999969482422,34.303165435791016
2015-02-26,36.0099983215332,34.48511505126953
2015-02-27,34.9900016784668,33.50830841064453
2015-03-02,35.38999938964844,33.89136505126953
2015-03-03,35.150001525878906,33.661537170410156
2015-03-04,34.900001525878906,33.422119140625
2015-03-05,33.33000183105469,31.918603897094727
2015-03-06,33.060001373291016,31.660043716430664
2015-03-09,32.75,31.36317253112793
2015-03-10,32.22999954223633,30.865190505981445
2015-03-11,32.099998474121094,30.74068832397461
2015-03-12,31.729999542236328,30.386354446411133
2015-03-13,30.709999084472656,29.409549713134766
2015-03-16,30.8700008392334,29.562774658203125
2015-03-17,30.90999984741211,29.652952194213867
2015-03-18,31.600000381469727,30.314889907836914
2015-03-19,31.110000610351562,29.844818115234375
2015-03-20,31.8799991607666,30.5835018157959
2015-03-23,31.690000534057617,30.401235580444336
2015-03-24,30.84000015258789,29.585800170898438
2015-03-25,30.389999389648438,29.154102325439453
2015-03-26,30.329999923706055,29.096538543701172
2015-03-27,30.200000762939453,28.971830368041992
2015-03-30,30.850000381469727,29.595394134521484
2015-03-31,30.75,29.499465942382812
2015-04-01,30.6200008392334,29.374746322631836
2015-04-02,31.290000915527344,30.017499923706055
2015-04-06,31.34000015258789,30.06546401977539
2015-04-07,31.020000457763672,29.75847816467285
2015-04-08,31.520000457763672,30.238143920898438
2015-04-09,31.510000228881836,30.22854995727539
2015-04-10,31.559999465942383,30.276514053344727
2015-04-13,31.270000457763672,29.99831199645996
2015-04-14,31.549999237060547,30.26692008972168
2015-04-15,31.700000762939453,30.410825729370117
2015-04-16,30.809999465942383,29.55702018737793
2015-04-17,30.5,29.25963020324707
2015-04-20,30.889999389648438,29.63376808166504
2015-04-21,31.059999465942383,29.79685401916504
2015-04-22,30.68000030517578,29.432300567626953
2015-04-23,30.979999542236328,29.720108032226562
2015-04-24,30.68000030517578,29.432300567626953
2015-04-27,30.899999618530273,29.643360137939453
2015-04-28,30.670000076293945,29.450353622436523
2015-04-29,30.510000228881836,29.296714782714844
2015-04-30,31.18000030517578,29.940074920654297
2015-05-01,30.790000915527344,29.565582275390625
2015-05-04,30.56999969482422,29.354328155517578
2015-05-05,30.889999389648438,29.66160774230957
2015-05-06,30.700000762939453,29.479164123535156
2015-05-07,30.739999771118164,29.51757049560547
2015-05-08,31.280000686645508,30.036096572875977
2015-05-11,30.93000030517578,29.700008392333984
2015-05-12,30.639999389648438,29.421545028686523
2015-05-13,30.3700008392334,29.16228485107422
2015-05-14,30.780000686645508,29.555980682373047
2015-05-15,31.010000228881836,29.776832580566406
2015-05-18,30.469999313354492,29.258304595947266
2015-05-19,31.3700008392334,30.122522354125977
2015-05-20,31.75,30.487409591674805
2015-05-21,32.029998779296875,30.756269454956055
2015-05-22,32.650001525878906,31.35161590576172
2015-05-26,31.09000015258789,29.853652954101562
2015-05-27,30.399999618530273,29.19108772277832
2015-05-28,30.920000076293945,29.69040870666504
2015-05-29,30.1200008392334,28.922222137451172
2015-06-01,29.84000015258789,28.653362274169922
2015-06-02,30.75,29.527177810668945
2015-06-03,30.6200008392334,29.402339935302734
2015-06-04,30.030000686645508,28.835805892944336
2015-06-05,30.020000457763672,28.826204299926758
2015-06-08,30.1299991607666,28.931825637817383
2015-06-09,29.649999618530273,28.470916748046875
2015-06-10,30.1200008392334,28.922222137451172
2015-06-11,30.229999542236328,29.027851104736328
2015-06-12,30.760000228881836,29.536775588989258
2015-06-15,31.049999237060547,29.815244674682617
2015-06-16,31.25,30.007287979125977
2015-06-17,31.610000610351562,30.352975845336914
2015-06-18,31.940000534057617,30.669845581054688
2015-06-19,31.540000915527344,30.285757064819336
2015-06-22,31.139999389648438,29.901662826538086
2015-06-23,30.989999771118164,29.807403564453125
2015-06-24,30.190000534057617,29.037935256958008
2015-06-25,29.93000030517578,28.78785514831543
2015-06-26,30.600000381469727,29.432283401489258
2015-06-29,29.90999984741211,28.768617630004883
2015-06-30,30.290000915527344,29.13411521911621
2015-07-01,30.030000686645508,28.884035110473633
2015-07-02,30.309999465942383,29.153348922729492
2015-07-06,29.690000534057617,28.557010650634766
2015-07-07,29.360000610351562,28.23960304260254
2015-07-08,29.639999389648438,28.508920669555664
2015-07-09,29.760000228881836,28.624343872070312
2015-07-10,29.75,28.614723205566406
2015-07-13,30.260000228881836,29.105260848999023
2015-07-14,30.899999618530273,29.72083854675293
2015-07-15,30.68000030517578,29.50922966003418
2015-07-16,30.549999237060547,29.38419532775879
2015-07-17,30.440000534057617,29.278390884399414
2015-07-20,30.149999618530273,28.99945831298828
2015-07-21,30.290000915527344,29.13411521911621
2015-07-22,29.34000015258789,28.220365524291992
2015-07-23,28.8799991607666,27.777921676635742
2015-07-24,28.420000076293945,27.335474014282227
2015-07-27,27.93000030517578,26.864177703857422
2015-07-28,28.350000381469727,27.268146514892578
2015-07-29,28.530000686645508,27.4412784576416
2015-07-30,26.579999923706055,25.565692901611328
2015-07-31,27.850000381469727,26.7872257232666
2015-08-03,27.770000457763672,26.71027946472168
2015-08-04,28.06999969482422,26.998836517333984
2015-08-05,28.190000534057617,27.1142520904541
2015-08-06,28.15999984741211,27.08539581298828
2015-08-07,27.899999618530273,26.835317611694336
2015-08-10,28.940000534057617,27.835630416870117
2015-08-11,27.709999084472656,26.652568817138672
2015-08-12,27.6200008392334,26.566003799438477
2015-08-13,27.260000228881836,26.219738006591797
2015-08-14,27.06999969482422,26.036991119384766
2015-08-17,27.020000457763672,25.98889923095703
2015-08-18,26.690000534057617,25.715272903442383
2015-08-19,26.420000076293945,25.455135345458984
2015-08-20,26.09000015258789,25.13718032836914
2015-08-21,25.68000030517578,24.742156982421875
2015-08-24,24.479999542236328,23.585979461669922
2015-08-25,24.219999313354492,23.335477828979492
2015-08-26,25.520000457763672,24.588003158569336
2015-08-27,25.84000015258789,24.89631462097168
2015-08-28,25.520000457763672,24.588003158569336
2015-08-31,25.280000686645508,24.356765747070312
2015-09-01,24.329999923706055,23.44146156311035
2015-09-02,25.190000534057617,24.270048141479492
2015-09-03,25.15999984741211,24.241151809692383
2015-09-04,24.610000610351562,23.71123504638672
2015-09-08,24.829999923706055,23.923198699951172
2015-09-09,24.59000015258789,23.691965103149414
2015-09-10,24.780000686645508,23.875024795532227
2015-09-11,24.450000762939453,23.557083129882812
2015-09-14,25.31999969482422,24.395301818847656
2015-09-15,25.75,24.809600830078125
2015-09-16,26.850000381469727,25.869430541992188
2015-09-17,26.93000030517578,25.94650650024414
2015-09-18,26.25,25.291339874267578
2015-09-21,26.260000228881836,25.300979614257812
2015-09-22,26.059999465942383,25.108280181884766
2015-09-23,25.149999618530273,24.23151397705078
2015-09-24,25.260000228881836,24.337501525878906
2015-09-25,25.40999984741211,24.48201560974121
2015-09-28,24.90999984741211,24.000280380249023
2015-09-29,25.139999389648438,24.22187614440918
2015-09-30,25.579999923706055,24.64581298828125
2015-10-01,25.530000686645508,24.59763526916504
2015-10-02,25.670000076293945,24.732521057128906
2015-10-05,26.43000030517578,25.464767456054688
2015-10-06,26.479999542236328,25.512935638427734
2015-10-07,27.100000381469727,26.11029815673828
2015-10-08,27.65999984741211,26.649845123291016
2015-10-09,28.110000610351562,27.08341407775879
2015-10-12,27.459999084472656,26.4571475982666
2015-10-13,26.610000610351562,25.638193130493164
2015-10-14,26.489999771118164,25.522573471069336
2015-10-15,27.18000030517578,26.187379837036133
2015-10-16,27.559999465942383,26.553497314453125
2015-10-19,27.170000076293945,26.17774200439453
2015-10-20,27.149999618530273,26.158472061157227
2015-10-21,26.780000686645508,25.801986694335938
2015-10-22,27.690000534057617,26.678756713867188
2015-10-23,28.06999969482422,27.044878005981445
2015-10-26,27.290000915527344,26.293359756469727
2015-10-27,28.440000534057617,27.401365280151367
2015-10-28,28.3799991607666,27.343551635742188
2015-10-29,29.3700008392334,28.297401428222656
2015-10-30,29.3700008392334,28.297401428222656
2015-11-02,29.899999618530273,28.80804443359375
2015-11-03,31.0,29.867868423461914
2015-11-04,29.84000015258789,28.750234603881836
2015-11-05,29.950000762939453,28.856220245361328
2015-11-06,29.920000076293945,28.82731056213379
2015-11-09,29.06999969482422,28.00835418701172
2015-11-10,29.510000228881836,28.432283401489258
2015-11-11,29.479999542236328,28.403383255004883
2015-11-12,28.920000076293945,27.86383056640625
2015-11-13,29.579999923706055,28.49972915649414
2015-11-16,30.3700008392334,29.26087760925293
2015-11-17,30.0,28.904394149780273
2015-11-18,30.450000762939453,29.33795738220215
2015-11-19,31.280000686645508,30.137645721435547
2015-11-20,31.6200008392334,30.465229034423828
2015-11-23,31.799999237060547,30.63865852355957
2015-11-24,31.6299991607666,30.47486686706543
2015-11-25,31.209999084472656,30.07020378112793
2015-11-27,30.889999389648438,29.761886596679688
2015-11-30,31.290000915527344,30.147281646728516
2015-12-01,30.639999389648438,29.521015167236328
2015-12-02,31.229999542236328,30.08946990966797
2015-12-03,31.610000610351562,30.45559310913086
2015-12-04,31.989999771118164,30.82171058654785
2015-12-07,31.8799991607666,30.715728759765625
2015-12-08,31.3799991607666,30.233989715576172
2015-12-09,31.15999984741211,30.022024154663086
2015-12-10,30.959999084472656,29.82933235168457
2015-12-11,30.049999237060547,28.95256233215332
2015-12-14,29.989999771118164,28.894752502441406
2015-12-15,29.959999084472656,28.86585235595703
2015-12-16,30.219999313354492,29.11635398864746
2015-12-17,29.790000915527344,28.702062606811523
2015-12-18,28.559999465942383,27.51697540283203
2015-12-21,28.670000076293945,27.62296485900879
2015-12-22,29.18000030517578,28.156566619873047
2015-12-23,29.31999969482422,28.291654586791992
2015-12-24,29.350000381469727,28.32060432434082
2015-12-28,29.59000015258789,28.552188873291016
2015-12-29,29.860000610351562,28.812715530395508
2015-12-30,29.8799991607666,28.832015991210938
2015-12-31,29.540000915527344,28.503948211669922
2016-01-04,29.010000228881836,27.99252700805664
2016-01-05,29.329999923706055,28.30130958557129
2016-01-06,28.93000030517578,27.91533088684082
2016-01-07,27.959999084472656,26.979351043701172
2016-01-08,27.770000457763672,26.796022415161133
2016-01-11,27.950000762939453,26.96970558166504
2016-01-12,28.93000030517578,27.91533088684082
2016-01-13,27.920000076293945,26.940759658813477
2016-01-14,28.049999237060547,27.06619644165039
2016-01-15,26.530000686645508,25.599512100219727
2016-01-19,27.09000015258789,26.13987159729004
2016-01-20,26.440000534057617,25.512664794921875
2016-01-21,25.790000915527344,24.88546371459961
2016-01-22,27.18000030517578,26.226713180541992
2016-01-25,26.670000076293945,25.734596252441406
2016-01-26,27.100000381469727,26.149517059326172
2016-01-27,27.190000534057617,26.23636245727539
2016-01-28,26.329999923706055,25.406522750854492
2016-01-29,28.780000686645508,27.770599365234375
2016-02-01,28.860000610351562,27.847789764404297
2016-02-02,27.3700008392334,26.410045623779297
2016-02-03,28.06999969482422,27.08549690246582
2016-02-04,28.469999313354492,27.47146987915039
2016-02-05,28.43000030517578,27.43287467956543
2016-02-08,28.559999465942383,27.558305740356445
2016-02-09,28.549999237060547,27.548662185668945
2016-02-10,28.760000228881836,27.751296997070312
2016-02-11,27.600000381469727,26.63197898864746
2016-02-12,28.290000915527344,27.297780990600586
2016-02-16,29.200000762939453,28.175865173339844
2016-02-17,29.559999465942383,28.523239135742188
2016-02-18,29.700000762939453,28.658327102661133
2016-02-19,29.15999984741211,28.137264251708984
2016-02-22,30.25,29.189037322998047
2016-02-23,29.84000015258789,28.793418884277344
2016-02-24,29.6299991607666,28.590778350830078
2016-02-25,30.34000015258789,29.275880813598633
2016-02-26,29.65999984741211,28.61972999572754
2016-02-29,29.969999313354492,28.918855667114258
2016-03-01,30.1200008392334,29.0635986328125
2016-03-02,29.770000457763672,28.72587013244629
2016-03-03,26.239999771118164,25.319677352905273
2016-03-04,24.68000030517578,23.814393997192383
2016-03-07,25.290000915527344,24.402997970581055
2016-03-08,24.989999771118164,24.113521575927734
2016-03-09,25.25,24.364404678344727
2016-03-10,24.149999618530273,23.302988052368164
2016-03-11,24.979999542236328,24.10387420654297
2016-03-14,24.549999237060547,23.688953399658203
2016-03-15,24.719999313354492,23.85299301147461
2016-03-16,24.920000076293945,24.045976638793945
2016-03-17,24.989999771118164,24.113521575927734
2016-03-18,25.1299991607666,24.248611450195312
2016-03-21,25.43000030517578,24.53809356689453
2016-03-22,25.75,24.88895606994629
2016-03-23,25.329999923706055,24.482990264892578
2016-03-24,25.559999465942383,24.705307006835938
2016-03-28,25.93000030517578,25.06293296813965
2016-03-29,26.40999984741211,25.526880264282227
2016-03-30,26.440000534057617,25.555877685546875
2016-03-31,26.360000610351562,25.47855567932129
2016-04-01,26.1299991607666,25.25624656677246
2016-04-04,25.479999542236328,24.627981185913086
2016-04-05,24.850000381469727,24.0190486907959
2016-04-06,24.549999237060547,23.72907829284668
2016-04-07,24.3799991607666,23.56476402282715
2016-04-08,24.540000915527344,23.71941375732422
2016-04-11,23.969999313354492,23.16847038269043
2016-04-12,24.170000076293945,23.361783981323242
2016-04-13,24.540000915527344,23.71941375732422
2016-04-14,24.93000030517578,24.09637451171875
2016-04-15,25.110000610351562,24.270353317260742
2016-04-18,24.65999984741211,23.835397720336914
2016-04-19,24.479999542236328,23.66141700744629
2016-04-20,24.639999389648438,23.816068649291992
2016-04-21,24.479999542236328,23.66141700744629
2016-04-22,24.239999771118164,23.429445266723633
2016-04-25,23.989999771118164,23.187807083129883
2016-04-26,24.450000762939453,23.632427215576172
2016-04-27,24.75,23.922395706176758
2016-04-28,24.25,23.439109802246094
2016-04-29,23.100000381469727,22.327566146850586
2016-05-02,23.06999969482422,22.298568725585938
2016-05-03,22.729999542236328,21.969942092895508
2016-05-04,22.68000030517578,21.921613693237305
2016-05-05,22.489999771118164,21.73796272277832
2016-05-06,21.84000015258789,21.109699249267578
2016-05-09,22.100000381469727,21.361003875732422
2016-05-10,22.56999969482422,21.81528663635254
2016-05-11,22.219999313354492,21.476993560791016
2016-05-12,21.610000610351562,20.88739013671875
2016-05-13,21.0,20.297786712646484
2016-05-16,21.360000610351562,20.645748138427734
2016-05-17,21.420000076293945,20.7037410736084
2016-05-18,21.31999969482422,20.607084274291992
2016-05-19,21.34000015258789,20.62641716003418
2016-05-20,21.479999542236328,20.761735916137695
2016-05-23,21.1200008392334,20.41377830505371
2016-05-24,21.329999923706055,20.61675262451172
2016-05-25,21.15999984741211,20.45243263244629
2016-05-26,21.31999969482422,20.607084274291992
2016-05-27,21.079999923706055,20.375112533569336
2016-05-31,20.81999969482422,20.123807907104492
2016-06-01,20.790000915527344,20.094812393188477
2016-06-02,21.100000381469727,20.39444351196289
2016-06-03,21.1200008392334,20.41377830505371
2016-06-06,21.420000076293945,20.7037410736084
2016-06-07,21.899999618530273,21.167692184448242
2016-06-08,22.020000457763672,21.28367805480957
2016-06-09,21.690000534057617,20.96471405029297
2016-06-10,20.510000228881836,19.824167251586914
2016-06-13,20.469999313354492,19.78550910949707
2016-06-14,19.889999389648438,19.224903106689453
2016-06-15,20.06999969482422,19.39888572692871
2016-06-16,20.920000076293945,20.2204647064209
2016-06-17,21.010000228881836,20.307453155517578
2016-06-20,21.059999465942383,20.35577964782715
2016-06-21,21.450000762939453,20.77911376953125
2016-06-22,21.510000228881836,20.837234497070312
2016-06-23,22.030000686645508,21.340970993041992
2016-06-24,21.34000015258789,20.67255401611328
2016-06-27,20.989999771118164,20.33350372314453
2016-06-28,21.09000015258789,20.430374145507812
2016-06-29,21.56999969482422,20.895357131958008
2016-06-30,21.719999313354492,21.040666580200195
2016-07-01,21.760000228881836,21.079416275024414
2016-07-05,21.40999984741211,20.740360260009766
2016-07-06,21.299999237060547,20.633804321289062
2016-07-07,20.950000762939453,20.294750213623047
2016-07-08,21.59000015258789,20.91473388671875
2016-07-11,21.40999984741211,20.740360260009766
2016-07-12,21.719999313354492,21.040666580200195
2016-07-13,21.770000457763672,21.089099884033203
2016-07-14,22.020000457763672,21.331281661987305
2016-07-15,21.31999969482422,20.65317726135254
2016-07-18,21.059999465942383,20.40130615234375
2016-07-19,21.190000534057617,20.527244567871094
2016-07-20,20.950000762939453,20.294750213623047
2016-07-21,20.700000762939453,20.052570343017578
2016-07-22,21.299999237060547,20.633804321289062
2016-07-25,20.950000762939453,20.294750213623047
2016-07-26,21.459999084472656,20.788799285888672
2016-07-27,21.420000076293945,20.750051498413086
2016-07-28,21.200000762939453,20.536930084228516
2016-07-29,18.270000457763672,17.698572158813477
2016-08-01,17.389999389648438,16.846094131469727
2016-08-02,17.420000076293945,16.87516212463379
2016-08-03,17.700000762939453,17.146400451660156
2016-08-04,18.190000534057617,17.621076583862305
2016-08-05,18.420000076293945,17.843881607055664
2016-08-08,18.510000228881836,17.931068420410156
2016-08-09,18.719999313354492,18.134498596191406
2016-08-10,18.6200008392334,18.037630081176758
2016-08-11,18.8799991607666,18.289491653442383
2016-08-12,18.81999969482422,18.231367111206055
2016-08-15,18.979999542236328,18.38636589050293
2016-08-16,18.81999969482422,18.231367111206055
2016-08-17,18.360000610351562,17.785757064819336
2016-08-18,18.209999084472656,17.64044952392578
2016-08-19,18.0,17.4370174407959
2016-08-22,17.489999771118164,16.942968368530273
2016-08-23,17.469999313354492,16.923595428466797
2016-08-24,17.709999084472656,17.156084060668945
2016-08-25,17.479999542236328,16.933284759521484
2016-08-26,17.25,16.71047592163086
2016-08-29,17.56999969482422,17.020463943481445
2016-08-30,17.6299991607666,17.078590393066406
2016-08-31,17.610000610351562,17.05921745300293
2016-09-01,17.799999237060547,17.24327278137207
2016-09-02,18.510000228881836,17.931068420410156
2016-09-06,19.649999618530273,19.035409927368164
2016-09-07,19.770000457763672,19.151657104492188
2016-09-08,19.979999542236328,19.355087280273438
2016-09-09,19.139999389648438,18.541362762451172
2016-09-12,19.18000030517578,18.580110549926758
2016-09-13,19.010000228881836,18.415430068969727
2016-09-14,18.8700008392334,18.279808044433594
2016-09-15,19.049999237060547,18.45417594909668
2016-09-16,18.719999313354492,18.134498596191406
2016-09-19,18.25,17.679201126098633
2016-09-20,18.389999389648438,17.814817428588867
2016-09-21,18.6200008392334,18.037630081176758
2016-09-22,18.399999618530273,17.824506759643555
2016-09-23,18.56999969482422,17.989192962646484
2016-09-26,17.950000762939453,17.38858413696289
2016-09-27,17.770000457763672,17.237255096435547
2016-09-28,18.190000534057617,17.644668579101562
2016-09-29,17.399999618530273,16.87835121154785
2016-09-30,17.260000228881836,16.742549896240234
2016-10-03,17.56999969482422,17.04325294494629
2016-10-04,17.34000015258789,16.820146560668945
2016-10-05,17.8799991607666,17.343955993652344
2016-10-06,18.31999969482422,17.77077293395996
2016-10-07,17.969999313354492,17.43126106262207
2016-10-10,17.719999313354492,17.18875503540039
2016-10-11,17.469999313354492,16.946252822875977
2016-10-12,17.170000076293945,16.655248641967773
2016-10-13,17.979999542236328,17.440963745117188
2016-10-14,18.40999984741211,17.858074188232422
2016-10-17,18.8700008392334,18.30428123474121
2016-10-18,19.860000610351562,19.264602661132812
2016-10-19,19.75,19.157899856567383
2016-10-20,19.68000030517578,19.089996337890625
2016-10-21,19.84000015258789,19.245201110839844
2016-10-24,19.93000030517578,19.332502365112305
2016-10-25,20.100000381469727,19.497404098510742
2016-10-26,19.989999771118164,19.390701293945312
2016-10-27,20.06999969482422,19.468305587768555
2016-10-28,20.0,19.400400161743164
2016-10-31,21.389999389648438,20.748727798461914
2016-11-01,21.899999618530273,21.24344253540039
2016-11-02,21.5,20.855432510375977
2016-11-03,21.06999969482422,20.43832778930664
2016-11-04,21.440000534057617,20.797237396240234
2016-11-07,22.110000610351562,21.447145462036133
2016-11-08,21.81999969482422,21.165842056274414
2016-11-09,21.799999237060547,21.14643669128418
2016-11-10,22.0,21.340444564819336
2016-11-11,20.81999969482422,20.19582176208496
2016-11-14,20.719999313354492,20.098817825317383
2016-11-15,20.940000534057617,20.31222152709961
2016-11-16,20.690000534057617,20.069717407226562
2016-11-17,21.040000915527344,20.409225463867188
2016-11-18,20.75,20.127918243408203
2016-11-21,20.299999237060547,19.691408157348633
2016-11-22,19.530000686645508,18.94449234008789
2016-11-23,19.719999313354492,19.128795623779297
2016-11-25,19.68000030517578,19.089996337890625
2016-11-28,19.709999084472656,19.119096755981445
2016-11-29,19.360000610351562,18.779592514038086
2016-11-30,19.59000015258789,19.002695083618164
2016-12-01,19.610000610351562,19.0220947265625
2016-12-02,19.540000915527344,18.954195022583008
2016-12-05,19.729999542236328,19.13849639892578
2016-12-06,19.34000015258789,18.760190963745117
2016-12-07,20.15999984741211,19.555604934692383
2016-12-08,19.06999969482422,18.49828338623047
2016-12-09,19.020000457763672,18.449787139892578
2016-12-12,18.56999969482422,18.013277053833008
2016-12-13,18.520000457763672,17.964771270751953
2016-12-14,18.219999313354492,17.67376708984375
2016-12-15,17.729999542236328,17.198455810546875
2016-12-16,18.229999542236328,17.683467864990234
2016-12-19,18.010000228881836,17.470064163208008
2016-12-20,17.739999771118164,17.208154678344727
2016-12-21,18.260000228881836,17.712568283081055
2016-12-22,18.450000762939453,17.896869659423828
2016-12-23,18.729999542236328,18.168479919433594
2016-12-27,19.0,18.430383682250977
2016-12-28,19.100000381469727,18.527385711669922
2016-12-29,19.290000915527344,18.71169090270996
2016-12-30,19.25,18.67288589477539
2017-01-03,20.049999237060547,19.44890594482422
2017-01-04,20.209999084472656,19.60410499572754
2017-01-05,20.549999237060547,19.93391227722168
2017-01-06,20.479999542236328,19.866016387939453
2017-01-09,20.75,20.127918243408203
2017-01-10,20.610000610351562,19.99211311340332
2017-01-11,21.030000686645508,20.399524688720703
2017-01-12,20.690000534057617,20.069717407226562
2017-01-13,20.8799991607666,20.25402069091797
2017-01-17,21.760000228881836,21.10763931274414
2017-01-18,21.639999389648438,20.99123191833496
2017-01-19,22.030000686645508,21.369544982910156
2017-01-20,22.639999389648438,21.96125602722168
2017-01-23,23.1200008392334,22.42686653137207
2017-01-24,23.600000381469727,22.892478942871094
2017-01-25,23.729999542236328,23.01857566833496
2017-01-26,23.219999313354492,22.523868560791016
2017-01-27,23.15999984741211,22.465662002563477
2017-01-30,22.65999984741211,21.980655670166016
2017-01-31,22.860000610351562,22.174663543701172
2017-02-01,23.190000534057617,22.494770050048828
2017-02-02,22.950000762939453,22.261962890625
2017-02-03,23.020000457763672,22.329864501953125
2017-02-06,22.8799991607666,22.19405746459961
2017-02-07,23.049999237060547,22.358964920043945
2017-02-08,22.34000015258789,21.67025375366211
2017-02-09,22.65999984741211,21.980655670166016
2017-02-10,23.329999923706055,22.630571365356445
2017-02-13,23.559999465942383,22.853673934936523
2017-02-14,23.780000686645508,23.067079544067383
2017-02-15,23.90999984741211,23.193180084228516
2017-02-16,23.389999389648438,22.688770294189453
2017-02-17,23.3799991607666,22.6790714263916
2017-02-21,23.75,23.037979125976562
2017-02-22,23.690000534057617,22.979780197143555
2017-02-23,23.25,22.552968978881836
2017-02-24,23.010000228881836,22.320165634155273
2017-02-27,23.260000228881836,22.562667846679688
2017-02-28,23.09000015258789,22.397768020629883
2017-03-01,23.25,22.552968978881836
2017-03-02,22.610000610351562,21.932157516479492
2017-03-03,23.3799991607666,22.6790714263916
2017-03-06,23.219999313354492,22.523868560791016
2017-03-07,23.510000228881836,22.80517578125
2017-03-08,23.760000228881836,23.04768180847168
2017-03-09,24.0,23.28048324584961
2017-03-10,23.799999237060547,23.08648109436035
2017-03-13,23.959999084472656,23.241682052612305
2017-03-14,23.450000762939453,22.746973037719727
2017-03-15,23.6200008392334,22.91187858581543
2017-03-16,23.959999084472656,23.241682052612305
2017-03-17,23.780000686645508,23.067079544067383
2017-03-20,24.670000076293945,23.93039321899414
2017-03-21,22.979999542236328,22.336334228515625
2017-03-22,22.899999618530273,22.258577346801758
2017-03-23,22.709999084472656,22.073896408081055
2017-03-24,22.770000457763672,22.13221549987793
2017-03-27,22.3799991607666,21.753141403198242
2017-03-28,22.549999237060547,21.918378829956055
2017-03-29,22.6299991607666,21.996137619018555
2017-03-30,22.299999237060547,21.67538070678711
2017-03-31,22.079999923706055,21.4615421295166
2017-04-03,21.690000534057617,21.082469940185547
2017-04-04,22.139999389648438,21.519861221313477
2017-04-05,21.600000381469727,20.994985580444336
2017-04-06,22.010000228881836,21.393503189086914
2017-04-07,21.969999313354492,21.35462188720703
2017-04-10,21.610000610351562,21.00470542907715
2017-04-11,21.440000534057617,20.8394718170166
2017-04-12,21.270000457763672,20.67422866821289
2017-04-13,20.010000228881836,19.449520111083984
2017-04-17,20.6200008392334,20.042434692382812
2017-04-18,20.229999542236328,19.663362503051758
2017-04-19,20.020000457763672,19.459245681762695
2017-04-20,19.90999984741211,19.352327346801758
2017-04-21,19.690000534057617,19.138484954833984
2017-04-24,19.889999389648438,19.332881927490234
2017-04-25,19.450000762939453,19.031509399414062
2017-04-26,19.360000610351562,18.943449020385742
2017-04-27,19.110000610351562,18.698827743530273
2017-04-28,19.200000762939453,18.78689193725586
2017-05-01,19.06999969482422,18.659685134887695
2017-05-02,18.690000534057617,18.287864685058594
2017-05-03,19.40999984741211,18.99237060546875
2017-05-04,18.989999771118164,18.581405639648438
2017-05-05,18.799999237060547,18.39549446105957
2017-05-08,18.809999465942383,18.40528106689453
2017-05-09,19.309999465942383,18.89452362060547
2017-05-10,19.81999969482422,19.3935489654541
2017-05-11,19.959999084472656,19.530536651611328
2017-05-12,20.290000915527344,19.853439331054688
2017-05-15,20.530000686645508,20.088275909423828
2017-05-16,20.420000076293945,19.98064422607422
2017-05-17,19.110000610351562,18.698827743530273
2017-05-18,18.450000762939453,18.05302619934082
2017-05-19,18.670000076293945,18.268293380737305
2017-05-22,19.670000076293945,19.246776580810547
2017-05-23,19.520000457763672,19.100004196166992
2017-05-24,20.020000457763672,19.589250564575195
2017-05-25,20.31999969482422,19.882795333862305
2017-05-26,20.1299991607666,19.69687843322754
2017-05-30,20.280000686645508,19.843650817871094
2017-05-31,19.760000228881836,19.334840774536133
2017-06-01,19.65999984741211,19.236989974975586
2017-06-02,20.0,19.56967544555664
2017-06-05,19.469999313354492,19.05108070373535
2017-06-06,19.31999969482422,18.904306411743164
2017-06-07,19.549999237060547,19.129358291625977
2017-06-08,19.3799991607666,18.963014602661133
2017-06-09,18.920000076293945,18.51291847229004
2017-06-12,18.940000534057617,18.53248405456543
2017-06-13,19.100000381469727,18.73751449584961
2017-06-14,19.139999389648438,18.776756286621094
2017-06-15,19.170000076293945,18.806190490722656
2017-06-16,18.760000228881836,18.403968811035156
2017-06-19,19.6299991607666,19.25745964050293
2017-06-20,18.81999969482422,18.462833404541016
2017-06-21,18.809999465942383,18.453018188476562
2017-06-22,18.989999771118164,18.629606246948242
2017-06-23,18.959999084472656,18.600173950195312
2017-06-26,18.719999313354492,18.364728927612305
2017-06-27,18.020000457763672,17.678016662597656
2017-06-28,18.260000228881836,17.91345977783203
2017-06-29,18.190000534057617,17.84478759765625
2017-06-30,18.229999542236328,17.884031295776367
2017-07-03,18.31999969482422,17.972320556640625
2017-07-05,19.079999923706055,18.7178955078125
2017-07-06,18.700000762939453,18.345109939575195
2017-07-07,18.790000915527344,18.433401107788086
2017-07-10,19.15999984741211,18.796377182006836
2017-07-11,19.530000686645508,19.159358978271484
2017-07-12,19.3700008392334,19.002391815185547
2017-07-13,19.3700008392334,19.002391815185547
2017-07-14,19.360000610351562,18.992584228515625
2017-07-17,19.5,19.129928588867188
2017-07-18,19.350000381469727,18.982772827148438
2017-07-19,19.479999542236328,19.11030387878418
2017-07-20,19.790000915527344,19.414426803588867
2017-07-21,19.770000457763672,19.394805908203125
2017-07-24,19.790000915527344,19.414426803588867
2017-07-25,19.68000030517578,19.3065128326416
2017-07-26,19.770000457763672,19.394805908203125
2017-07-27,20.0,19.620441436767578
2017-07-28,20.020000457763672,19.640056610107422
2017-07-31,20.270000457763672,19.885311126708984
2017-08-01,20.0,19.620441436767578
2017-08-02,19.959999084472656,19.581193923950195
2017-08-03,20.059999465942383,19.679298400878906
2017-08-04,20.56999969482422,20.17961883544922
2017-08-07,20.850000381469727,20.454307556152344
2017-08-08,21.31999969482422,20.91538429260254
2017-08-09,21.399999618530273,20.993867874145508
2017-08-10,20.770000457763672,20.375823974609375
2017-08-11,20.81999969482422,20.42487144470215
2017-08-14,21.010000228881836,20.611268997192383
2017-08-15,21.270000457763672,20.866336822509766
2017-08-16,21.6200008392334,21.209693908691406
2017-08-17,21.030000686645508,20.630887985229492
2017-08-18,21.030000686645508,20.630887985229492
2017-08-21,21.0,20.60146141052246
2017-08-22,21.530000686645508,21.121400833129883
2017-08-23,21.670000076293945,21.258745193481445
2017-08-24,21.93000030517578,21.513809204101562
2017-08-25,21.6299991607666,21.219501495361328
2017-08-28,21.479999542236328,21.072349548339844
2017-08-29,22.3700008392334,21.945459365844727
2017-08-30,22.56999969482422,22.14166259765625
2017-08-31,22.700000762939453,22.269195556640625
2017-09-01,22.809999465942383,22.377105712890625
2017-09-05,22.739999771118164,22.30843734741211
2017-09-06,23.469999313354492,23.024581909179688
2017-09-07,23.540000915527344,23.09325408935547
2017-09-08,23.559999465942383,23.112873077392578
2017-09-11,23.649999618530273,23.201168060302734
2017-09-12,23.559999465942383,23.112873077392578
2017-09-13,23.920000076293945,23.46604347229004
2017-09-14,23.799999237060547,23.348318099975586
2017-09-15,23.850000381469727,23.39737319946289
2017-09-18,23.639999389648438,23.19135856628418
2017-09-19,23.65999984741211,23.26214599609375
2017-09-20,23.229999542236328,22.839378356933594
2017-09-21,23.06999969482422,22.68206787109375
2017-09-22,23.059999465942383,22.67223358154297
2017-09-25,22.780000686645508,22.396944046020508
2017-09-26,22.729999542236328,22.347782135009766
2017-09-27,22.979999542236328,22.59358024597168
2017-09-28,22.670000076293945,22.288793563842773
2017-09-29,22.610000610351562,22.229801177978516
2017-10-02,22.8799991607666,22.49526023864746
2017-10-03,22.90999984741211,22.524757385253906
2017-10-04,22.899999618530273,22.514925003051758
2017-10-05,22.549999237060547,22.17081069946289
2017-10-06,22.709999084472656,22.3281192779541
2017-10-09,22.510000228881836,22.131484985351562
2017-10-10,22.6200008392334,22.239635467529297
2017-10-11,22.389999389648438,22.013500213623047
2017-10-12,22.290000915527344,21.91518211364746
2017-10-13,22.049999237060547,21.679214477539062
2017-10-16,21.420000076293945,21.059814453125
2017-10-17,20.309999465942383,19.968477249145508
2017-10-18,20.3799991607666,20.03729820251465
2017-10-19,20.43000030517578,20.08646011352539
2017-10-20,20.389999389648438,20.047130584716797
2017-10-23,20.06999969482422,19.732515335083008
2017-10-24,20.1299991607666,19.791501998901367
2017-10-25,19.829999923706055,19.49654769897461
2017-10-26,19.809999465942383,19.476884841918945
2017-10-27,19.229999542236328,18.906641006469727
2017-10-30,18.829999923706055,18.51336669921875
2017-10-31,19.139999389648438,18.81814956665039
2017-11-01,19.09000015258789,18.768991470336914
2017-11-02,19.209999084472656,18.886972427368164
2017-11-03,19.860000610351562,19.526042938232422
2017-11-06,20.040000915527344,19.703018188476562
2017-11-07,20.059999465942383,19.722681045532227
2017-11-08,19.8700008392334,19.53588104248047
2017-11-09,19.530000686645508,19.201595306396484
2017-11-10,19.1200008392334,18.798490524291992
2017-11-13,18.959999084472656,18.641178131103516
2017-11-14,18.59000015258789,18.27739715576172
2017-11-15,18.479999542236328,18.169248580932617
2017-11-16,18.719999313354492,18.405214309692383
2017-11-17,18.780000686645508,18.464202880859375
2017-11-20,18.90999984741211,18.592021942138672
2017-11-21,19.18000030517578,18.857479095458984
2017-11-22,19.350000381469727,19.024620056152344
2017-11-24,19.389999389648438,19.063947677612305
2017-11-27,19.18000030517578,18.857479095458984
2017-11-28,19.299999237060547,18.975461959838867
2017-11-29,19.270000457763672,18.945964813232422
2017-11-30,19.139999389648438,18.81814956665039
2017-12-01,18.950000762939453,18.631345748901367
2017-12-04,19.0,18.680505752563477
2017-12-05,19.209999084472656,18.886972427368164
2017-12-06,19.65999984741211,19.329408645629883
2017-12-07,19.649999618530273,19.3195743560791
2017-12-08,19.950000762939453,19.614532470703125
2017-12-11,20.260000228881836,19.9193172454834
2017-12-12,20.09000015258789,19.752180099487305
2017-12-13,19.68000030517578,19.34907341003418
2017-12-14,19.510000228881836,19.181930541992188
2017-12-15,19.520000457763672,19.191762924194336
2017-12-18,19.790000915527344,19.457225799560547
2017-12-19,19.989999771118164,19.65386199951172
2017-12-20,19.989999771118164,19.65386199951172
2017-12-21,24.420000076293945,24.009366989135742
2017-12-22,24.100000381469727,23.694746017456055
2017-12-26,25.260000228881836,24.835241317749023
2017-12-27,24.399999618530273,24.09271240234375
2017-12-28,24.149999618530273,23.845861434936523
2017-12-29,23.93000030517578,23.628629684448242
2018-01-02,25.229999542236328,24.91225814819336
2018-01-03,26.25,25.919414520263672
2018-01-04,26.889999389648438,26.551353454589844
2018-01-05,25.760000228881836,25.435585021972656
2018-01-08,25.450000762939453,25.129487991333008
2018-01-09,24.979999542236328,24.6654052734375
2018-01-10,25.229999542236328,24.91225814819336
2018-01-11,25.530000686645508,25.20848274230957
2018-01-12,25.350000381469727,25.030746459960938
2018-01-16,24.780000686645508,24.467927932739258
2018-01-17,24.690000534057617,24.379058837890625
2018-01-18,24.5,24.19145393371582
2018-01-19,24.68000030517578,24.36918830871582
2018-01-22,24.469999313354492,24.16183090209961
2018-01-23,24.1299991607666,23.826112747192383
2018-01-24,25.040000915527344,24.724655151367188
2018-01-25,25.15999984741211,24.843141555786133
2018-01-26,25.5,25.178857803344727
2018-01-29,25.440000534057617,25.119617462158203
2018-01-30,25.43000030517578,25.109743118286133
2018-01-31,25.25,24.932010650634766
2018-02-01,25.68000030517578,25.356595993041992
2018-02-02,26.479999542236328,26.146516799926758
2018-02-05,25.3799991607666,25.060373306274414
2018-02-06,27.110000610351562,26.768583297729492
2018-02-07,26.229999542236328,25.899667739868164
2018-02-08,25.889999389648438,25.563949584960938
2018-02-09,26.31999969482422,25.9885311126709
2018-02-12,26.81999969482422,26.48223304748535
2018-02-13,26.950000762939453,26.610599517822266
2018-02-14,27.110000610351562,26.768583297729492
2018-02-15,27.25,26.90682029724121
2018-02-16,27.25,26.90682029724121
2018-02-20,27.600000381469727,27.252416610717773
2018-02-21,27.5,27.153671264648438
2018-02-22,27.399999618530273,27.054929733276367
2018-02-23,27.829999923706055,27.479516983032227
2018-02-26,27.950000762939453,27.598003387451172
2018-02-27,27.93000030517578,27.578258514404297
2018-02-28,26.719999313354492,26.383493423461914
2018-03-01,26.559999465942383,26.225507736206055
2018-03-02,26.3700008392334,26.037904739379883
2018-03-05,26.540000915527344,26.20576286315918
2018-03-06,26.229999542236328,25.899667739868164
2018-03-07,26.239999771118164,25.909542083740234
2018-03-08,25.469999313354492,25.14923667907715
2018-03-09,27.18000030517578,26.83770179748535
2018-03-12,26.84000015258789,26.501985549926758
2018-03-13,26.549999237060547,26.215635299682617
2018-03-14,25.889999389648438,25.563949584960938
2018-03-15,25.360000610351562,25.040620803833008
2018-03-16,25.389999389648438,25.07024383544922
2018-03-19,24.979999542236328,24.68971824645996
2018-03-20,24.729999542236328,24.442623138427734
2018-03-21,26.020000457763672,25.717636108398438
2018-03-22,25.559999465942383,25.262977600097656
2018-03-23,25.510000228881836,25.21356201171875
2018-03-26,25.760000228881836,25.460655212402344
2018-03-27,25.530000686645508,25.233327865600586
2018-03-28,25.440000534057617,25.144372940063477
2018-03-29,26.0,25.69786834716797
2018-04-02,25.610000610351562,25.312400817871094
2018-04-03,25.8799991607666,25.579261779785156
2018-04-04,25.479999542236328,25.183908462524414
2018-04-05,26.100000381469727,25.796703338623047
2018-04-06,25.649999618530273,25.351932525634766
2018-04-09,24.610000610351562,24.32402229309082
2018-04-10,26.170000076293945,25.865888595581055
2018-04-11,27.489999771118164,27.170551300048828
2018-04-12,27.06999969482422,26.75543212890625
2018-04-13,26.920000076293945,26.607173919677734
2018-04-16,26.5,26.19205665588379
2018-04-17,27.0,26.68624496459961
2018-04-18,27.020000457763672,26.70601463317871
2018-04-19,26.780000686645508,26.468799591064453
2018-04-20,27.489999771118164,27.170551300048828
2018-04-23,27.43000030517578,27.111249923706055
2018-04-24,27.059999465942383,26.74555015563965
2018-04-25,26.40999984741211,26.184385299682617
2018-04-26,26.530000686645508,26.30335807800293
2018-04-27,25.950000762939453,25.728315353393555
2018-04-30,25.219999313354492,25.004549026489258
2018-05-01,25.270000457763672,25.054122924804688
2018-05-02,24.729999542236328,24.518735885620117
2018-05-03,24.969999313354492,24.75668716430664
2018-05-04,24.979999542236328,24.766597747802734
2018-05-07,24.75,24.538562774658203
2018-05-08,25.0,24.786428451538086
2018-05-09,25.489999771118164,25.272241592407227
2018-05-10,25.170000076293945,24.954978942871094
2018-05-11,24.860000610351562,24.647628784179688
2018-05-14,24.540000915527344,24.33035659790039
2018-05-15,25.09000015258789,24.875659942626953
2018-05-16,25.15999984741211,24.9450626373291
2018-05-17,24.639999389648438,24.429502487182617
2018-05-18,24.31999969482422,24.112239837646484
2018-05-21,24.56999969482422,24.3601016998291
2018-05-22,24.829999923706055,24.61787986755371
2018-05-23,25.280000686645508,25.06403923034668
2018-05-24,25.010000228881836,24.796344757080078
2018-05-25,25.389999389648438,25.173097610473633
2018-05-29,23.65999984741211,23.457876205444336
2018-05-30,24.010000228881836,23.804887771606445
2018-05-31,24.059999465942383,23.854459762573242
2018-06-01,24.15999984741211,23.953603744506836
2018-06-04,24.15999984741211,23.953603744506836
2018-06-05,23.229999542236328,23.031551361083984
2018-06-06,24.059999465942383,23.854459762573242
2018-06-07,23.959999084472656,23.755311965942383
2018-06-08,24.520000457763672,24.310531616210938
2018-06-11,24.899999618530273,24.68728256225586
2018-06-12,26.3700008392334,26.144725799560547
2018-06-13,26.469999313354492,26.24386978149414
2018-06-14,25.979999542236328,25.758056640625
2018-06-15,25.68000030517578,25.460620880126953
2018-06-18,25.969999313354492,25.748140335083008
2018-06-19,25.56999969482422,25.351560592651367
2018-06-20,25.690000534057617,25.470535278320312
2018-06-21,25.479999542236328,25.2623291015625
2018-06-22,25.6200008392334,25.401132583618164
2018-06-25,25.350000381469727,25.133440017700195
2018-06-26,25.09000015258789,24.875659942626953
2018-06-27,24.40999984741211,24.221742630004883
2018-06-28,25.34000015258789,25.14457130432129
2018-06-29,24.899999618530273,24.707962036132812
2018-07-02,24.979999542236328,24.78734588623047
2018-07-03,26.209999084472656,26.007858276367188
2018-07-05,23.5,23.318761825561523
2018-07-06,23.440000534057617,23.259225845336914
2018-07-09,23.389999389648438,23.209609985351562
2018-07-10,23.709999084472656,23.52713966369629
2018-07-11,22.190000534057617,22.018863677978516
2018-07-12,22.280000686645508,22.108169555664062
2018-07-13,21.5,21.334186553955078
2018-07-16,21.75,21.582258224487305
2018-07-17,22.299999237060547,22.128015518188477
2018-07-18,22.1200008392334,21.949403762817383
2018-07-19,21.719999313354492,21.552488327026367
2018-07-20,21.790000915527344,21.6219482421875
2018-07-23,21.3799991607666,21.215110778808594
2018-07-24,21.389999389648438,21.225032806396484
2018-07-25,21.5,21.334186553955078
2018-07-26,20.899999618530273,20.738813400268555
2018-07-27,20.889999389648438,20.728891372680664
2018-07-30,20.5,20.341899871826172
2018-07-31,20.450000762939453,20.29228401184082
2018-08-01,20.34000015258789,20.18313217163086
2018-08-02,20.059999465942383,19.905288696289062
2018-08-03,20.18000030517578,20.02436637878418
2018-08-06,19.950000762939453,19.796140670776367
2018-08-07,19.950000762939453,19.796140670776367
2018-08-08,19.3799991607666,19.230533599853516
2018-08-09,19.299999237060547,19.151151657104492
2018-08-10,18.860000610351562,18.71454620361328
2018-08-13,18.649999618530273,18.50616455078125
2018-08-14,19.1299991607666,18.98246192932129
2018-08-15,18.649999618530273,18.50616455078125
2018-08-16,19.3799991607666,19.230533599853516
2018-08-17,19.68000030517578,19.528221130371094
2018-08-20,19.709999084472656,19.557987213134766
2018-08-21,19.450000762939453,19.29999351501465
2018-08-22,19.56999969482422,19.419071197509766
2018-08-23,18.8700008392334,18.724470138549805
2018-08-24,19.110000610351562,18.962617874145508
2018-08-27,19.5,19.349609375
2018-08-28,19.209999084472656,19.061847686767578
2018-08-29,19.18000030517578,19.032079696655273
2018-08-30,18.90999984741211,18.76416015625
2018-08-31,19.190000534057617,19.0419979095459
2018-09-04,19.030000686645508,18.88323402404785
2018-09-05,18.959999084472656,18.813772201538086
2018-09-06,19.200000762939453,19.051923751831055
2018-09-07,19.25,19.101537704467773
2018-09-10,19.43000030517578,19.280149459838867
2018-09-11,19.18000030517578,19.032079696655273
2018-09-12,18.65999984741211,18.516088485717773
2018-09-13,18.219999313354492,18.079483032226562
2018-09-14,18.40999984741211,18.268016815185547
2018-09-17,18.6200008392334,18.476396560668945
2018-09-18,18.889999389648438,18.744314193725586
2018-09-19,18.84000015258789,18.694700241088867
2018-09-20,18.739999771118164,18.59547233581543
2018-09-21,18.940000534057617,18.793930053710938
2018-09-24,18.6200008392334,18.476396560668945
2018-09-25,18.850000381469727,18.70462417602539
2018-09-26,19.3799991607666,19.240741729736328
2018-09-27,19.770000457763672,19.627941131591797
2018-09-28,19.59000015258789,19.449234008789062
2018-10-01,19.190000534057617,19.052106857299805
2018-10-02,19.979999542236328,19.8364315032959
2018-10-03,20.760000228881836,20.61082649230957
2018-10-04,20.18000030517578,20.03499412536621
2018-10-05,19.899999618530273,19.757003784179688
2018-10-08,20.3799991607666,20.233556747436523
2018-10-09,20.190000534057617,20.044923782348633
2018-10-10,20.079999923706055,19.935712814331055
2018-10-11,19.329999923706055,19.191102981567383
2018-10-12,19.209999084472656,19.071964263916016
2018-10-15,19.479999542236328,19.340023040771484
2018-10-16,20.25,20.104488372802734
2018-10-17,20.299999237060547,20.154130935668945
2018-10-18,20.229999542236328,20.084632873535156
2018-10-19,20.0,19.856285095214844
2018-10-22,20.059999465942383,19.91585350036621
2018-10-23,19.940000534057617,19.79671859741211
2018-10-24,19.139999389648438,19.002466201782227
2018-10-25,20.31999969482422,20.173986434936523
2018-10-26,21.34000015258789,21.18665885925293
2018-10-29,20.93000030517578,20.779603958129883
2018-10-30,21.8799991607666,21.7227783203125
2018-10-31,22.270000457763672,22.10997772216797
2018-11-01,23.139999389648438,22.973722457885742
2018-11-02,23.040000915527344,22.87444496154785
2018-11-05,23.260000228881836,23.09286117553711
2018-11-06,23.190000534057617,23.023365020751953
2018-11-07,23.040000915527344,22.87444496154785
2018-11-08,21.93000030517578,21.77242088317871
2018-11-09,21.8799991607666,21.7227783203125
2018-11-12,21.59000015258789,21.43486213684082
2018-11-13,21.18000030517578,21.027807235717773
2018-11-14,21.450000762939453,21.295867919921875
2018-11-15,21.8700008392334,21.71285057067871
2018-11-16,21.690000534057617,21.534143447875977
2018-11-19,21.360000610351562,21.206514358520508
2018-11-20,21.1200008392334,20.968238830566406
2018-11-21,21.649999618530273,21.49443244934082
2018-11-23,21.6200008392334,21.46464729309082
2018-11-26,21.489999771118164,21.335580825805664
2018-11-27,21.989999771118164,21.831989288330078
2018-11-28,22.610000610351562,22.447532653808594
2018-11-29,22.549999237060547,22.387962341308594
2018-11-30,22.450000762939453,22.288684844970703
2018-12-03,22.6299991607666,22.467388153076172
2018-12-04,22.15999984741211,22.00076675415039
2018-12-06,21.59000015258789,21.43486213684082
2018-12-07,21.059999465942383,20.908668518066406
2018-12-10,21.440000534057617,21.285940170288086
2018-12-11,21.34000015258789,21.18665885925293
2018-12-12,21.729999542236328,21.573856353759766
2018-12-13,21.329999923706055,21.17673110961914
2018-12-14,21.1200008392334,20.968238830566406
2018-12-17,21.860000610351562,21.702922821044922
2018-12-18,21.969999313354492,21.812129974365234
2018-12-19,21.280000686645508,21.127090454101562
2018-12-20,21.149999618530273,20.998023986816406
2018-12-21,21.579999923706055,21.42493438720703
2018-12-24,21.139999389648438,20.988096237182617
2018-12-26,22.0,21.841917037963867
2018-12-27,21.979999542236328,21.822059631347656
2018-12-28,21.989999771118164,21.84192657470703
2018-12-31,22.1299991607666,21.980981826782227
2019-01-02,22.81999969482422,22.666336059570312
2019-01-03,22.690000534057617,22.53721046447754
2019-01-04,22.139999389648438,21.99091339111328
2019-01-07,22.81999969482422,22.666336059570312
2019-01-08,23.030000686645508,22.874923706054688
2019-01-09,23.110000610351562,22.954383850097656
2019-01-10,22.649999618530273,22.497480392456055
2019-01-11,23.229999542236328,23.07357406616211
2019-01-14,23.450000762939453,23.292095184326172
2019-01-15,23.399999618530273,23.242429733276367
2019-01-16,22.799999237060547,22.64647102355957
2019-01-17,21.790000915527344,21.643272399902344
2019-01-18,21.020000457763672,20.878456115722656
2019-01-22,20.450000762939453,20.31229591369629
2019-01-23,20.75,20.610275268554688
2019-01-24,20.5,20.361957550048828
2019-01-25,20.700000762939453,20.56061363220215
2019-01-28,20.479999542236328,20.342092514038086
2019-01-29,20.649999618530273,20.510948181152344
2019-01-30,20.950000762939453,20.808929443359375
2019-01-31,21.280000686645508,21.136707305908203
2019-02-01,20.969999313354492,20.82879066467285
2019-02-04,21.1299991607666,20.987712860107422
2019-02-05,21.3799991607666,21.23603057861328
2019-02-06,20.59000015258789,20.451353073120117
2019-02-07,19.920000076293945,19.785865783691406
2019-02-08,20.059999465942383,19.9249210357666
2019-02-11,19.8700008392334,19.736202239990234
2019-02-12,20.059999465942383,19.9249210357666
2019-02-13,20.0,19.865325927734375
2019-02-14,20.600000381469727,20.461284637451172
2019-02-15,20.799999237060547,20.65993881225586
2019-02-19,20.65999984741211,20.5208797454834
2019-02-20,20.520000457763672,20.381824493408203
2019-02-21,20.68000030517578,20.54074478149414
2019-02-22,20.850000381469727,20.70960235595703
2019-02-25,20.790000915527344,20.650007247924805
2019-02-26,21.059999465942383,20.91818618774414
2019-02-27,20.829999923706055,20.689733505249023
2019-02-28,20.520000457763672,20.381824493408203
2019-03-01,20.239999771118164,20.103710174560547
2019-03-04,20.190000534057617,20.054044723510742
2019-03-05,20.450000762939453,20.31229591369629
2019-03-06,19.969999313354492,19.835527420043945
2019-03-07,19.829999923706055,19.69647216796875
2019-03-08,19.899999618530273,19.7659969329834
2019-03-11,20.100000381469727,19.964651107788086
2019-03-12,19.709999084472656,19.5772762298584
2019-03-13,19.6299991607666,19.49781608581543
2019-03-14,19.469999313354492,19.33889389038086
2019-03-15,20.40999984741211,20.272563934326172
2019-03-18,20.809999465942383,20.669870376586914
2019-03-19,20.600000381469727,20.461284637451172
2019-03-20,20.510000228881836,20.371891021728516
2019-03-21,20.219999313354492,20.083843231201172
2019-03-22,19.18000030517578,19.05084800720215
2019-03-25,19.299999237060547,19.1700382232666
2019-03-26,19.290000915527344,19.160106658935547
2019-03-27,18.670000076293945,18.544279098510742
2019-03-28,18.989999771118164,18.862125396728516
2019-03-29,19.010000228881836,18.88199234008789
2019-04-01,19.31999969482422,19.189903259277344
2019-04-02,19.399999618530273,19.269363403320312
2019-04-03,19.110000610351562,18.981319427490234
2019-04-04,19.530000686645508,19.39849090576172
2019-04-05,20.010000228881836,19.875255584716797
2019-04-08,19.979999542236328,19.845460891723633
2019-04-09,19.6200008392334,19.487884521484375
2019-04-10,19.579999923706055,19.44815444946289
2019-04-11,19.290000915527344,19.160106658935547
2019-04-12,19.1299991607666,19.001182556152344
2019-04-15,18.889999389648438,18.762798309326172
2019-04-16,19.200000762939453,19.07071304321289
2019-04-17,19.3700008392334,19.239566802978516
2019-04-18,19.790000915527344,19.65673828125
2019-04-22,19.780000686645508,19.646806716918945
2019-04-23,19.489999771118164,19.3587589263916
2019-04-24,19.260000228881836,19.130308151245117
2019-04-25,19.34000015258789,19.20977020263672
2019-04-26,19.690000534057617,19.55741310119629
2019-04-29,19.81999969482422,19.686538696289062
2019-04-30,20.010000228881836,19.875255584716797
2019-05-01,19.75,19.617008209228516
2019-05-02,19.889999389648438,19.756065368652344
2019-05-03,19.959999084472656,19.825592041015625
2019-05-06,19.479999542236328,19.348827362060547
2019-05-07,19.309999465942383,19.17997169494629
2019-05-08,19.530000686645508,19.39849090576172
2019-05-09,19.540000915527344,19.408424377441406
2019-05-10,19.56999969482422,19.438220977783203
2019-05-13,19.030000686645508,18.901857376098633
2019-05-14,19.049999237060547,18.921720504760742
2019-05-15,18.040000915527344,17.91852378845215
2019-05-16,17.149999618530273,17.034515380859375
2019-05-17,17.690000534057617,17.570878982543945
2019-05-20,18.190000534057617,18.067514419555664
2019-05-21,18.639999389648438,18.514482498168945
2019-05-22,18.700000762939453,18.574081420898438
2019-05-23,18.510000228881836,18.385358810424805
2019-05-24,18.40999984741211,18.28603172302246
2019-05-28,18.940000534057617,18.812463760375977
2019-05-29,19.239999771118164,19.110443115234375
2019-05-30,19.190000534057617,19.060781478881836
2019-05-31,19.229999542236328,19.100509643554688
2019-06-03,19.299999237060547,19.1700382232666
2019-06-04,19.3799991607666,19.24949836730957
2019-06-05,18.920000076293945,18.7925968170166
2019-06-06,19.020000457763672,18.891923904418945
2019-06-07,19.079999923706055,18.951519012451172
2019-06-10,19.049999237060547,18.921720504760742
2019-06-11,19.190000534057617,19.060781478881836
2019-06-12,19.020000457763672,18.891923904418945
2019-06-13,19.639999389648438,19.507749557495117
2019-06-14,19.200000762939453,19.07071304321289
2019-06-17,19.18000030517578,19.05084800720215
2019-06-18,19.420000076293945,19.28923225402832
2019-06-19,19.299999237060547,19.1700382232666
2019-06-20,19.81999969482422,19.686538696289062
2019-06-21,20.040000915527344,19.90505599975586
2019-06-24,20.34000015258789,20.203035354614258
2019-06-25,19.670000076293945,19.537548065185547
2019-06-26,19.68000030517578,19.547481536865234
2019-06-27,19.809999465942383,19.676603317260742
2019-06-28,20.1299991607666,19.994449615478516
2019-07-01,20.219999313354492,20.083843231201172
2019-07-02,20.18000030517578,20.04411506652832
2019-07-03,20.040000915527344,19.90505599975586
2019-07-05,20.389999389648438,20.25269889831543
2019-07-08,20.3700008392334,20.232833862304688
2019-07-09,20.540000915527344,20.401689529418945
2019-07-10,20.6299991607666,20.4910831451416
2019-07-11,20.520000457763672,20.381824493408203
2019-07-12,20.579999923706055,20.44141960144043
2019-07-15,20.520000457763672,20.381824493408203
2019-07-16,20.440000534057617,20.3023624420166
2019-07-17,20.520000457763672,20.381824493408203
2019-07-18,20.729999542236328,20.59040641784668
2019-07-19,20.579999923706055,20.44141960144043
2019-07-22,20.6299991607666,20.4910831451416
2019-07-23,20.6299991607666,20.4910831451416
2019-07-24,20.670000076293945,20.530813217163086
2019-07-25,20.329999923706055,20.19310188293457
2019-07-26,20.610000610351562,20.47121810913086
2019-07-29,20.600000381469727,20.461284637451172
2019-07-30,20.440000534057617,20.3023624420166
2019-07-31,20.200000762939453,20.06397819519043
2019-08-01,20.010000228881836,19.875255584716797
2019-08-02,19.920000076293945,19.785865783691406
2019-08-05,19.31999969482422,19.189903259277344
2019-08-06,19.639999389648438,19.507749557495117
2019-08-07,19.6299991607666,19.49781608581543
2019-08-08,20.010000228881836,19.875255584716797
2019-08-09,19.829999923706055,19.69647216796875
2019-08-12,19.459999084472656,19.328960418701172
2019-08-13,19.6299991607666,19.49781608581543
2019-08-14,18.09000015258789,17.968185424804688
2019-08-15,18.079999923706055,17.958253860473633
2019-08-16,18.09000015258789,17.968185424804688
2019-08-19,17.670000076293945,17.551015853881836
2019-08-20,17.739999771118164,17.620542526245117
2019-08-21,18.100000381469727,17.978118896484375
2019-08-22,17.8799991607666,17.759599685668945
2019-08-23,17.190000534057617,17.074249267578125
2019-08-26,17.020000457763672,16.905393600463867
2019-08-27,16.920000076293945,16.806066513061523
2019-08-28,17.15999984741211,17.04444694519043
2019-08-29,17.3799991607666,17.262968063354492
2019-08-30,17.530000686645508,17.411958694458008
2019-09-03,17.18000030517578,17.064315795898438
2019-09-04,17.559999465942383,17.441755294799805
2019-09-05,17.940000534057617,17.819196701049805
2019-09-06,17.739999771118164,17.620542526245117
2019-09-09,17.950000762939453,17.829130172729492
2019-09-10,18.329999923706055,18.206567764282227
2019-09-11,18.43000030517578,18.305896759033203
2019-09-12,19.149999618530273,19.021047592163086
2019-09-13,19.040000915527344,18.91179084777832
2019-09-16,18.899999618530273,18.772733688354492
2019-09-17,18.969999313354492,18.84225845336914
2019-09-18,19.030000686645508,18.901857376098633
2019-09-19,18.770000457763672,18.64360809326172
2019-09-20,18.709999084472656,18.584012985229492
2019-09-23,18.350000381469727,18.226436614990234
2019-09-24,17.75,17.630475997924805
2019-09-25,17.850000381469727,17.72980308532715
2019-09-26,17.450000762939453,17.332494735717773
2019-09-27,17.3700008392334,17.253034591674805
2019-09-30,17.25,17.13384246826172
2019-10-01,17.139999389648438,17.02458381652832
2019-10-02,16.899999618530273,16.78619956970215
2019-10-03,17.530000686645508,17.411958694458008
2019-10-04,17.450000762939453,17.332494735717773
2019-10-07,16.889999389648438,16.77626609802246
2019-10-08,16.59000015258789,16.478286743164062
2019-10-09,16.559999465942383,16.448490142822266
2019-10-10,16.5,16.388893127441406
2019-10-11,16.860000610351562,16.746469497680664
2019-10-14,16.799999237060547,16.686872482299805
2019-10-15,16.75,16.637208938598633
2019-10-16,16.84000015258789,16.726604461669922
2019-10-17,16.899999618530273,16.78619956970215
2019-10-18,17.020000457763672,16.905393600463867
2019-10-21,17.229999542236328,17.113977432250977
2019-10-22,17.59000015258789,17.471553802490234
2019-10-23,17.690000534057617,17.570878982543945
2019-10-24,17.850000381469727,17.72980308532715
2019-10-25,17.690000534057617,17.570878982543945
2019-10-28,17.81999969482422,17.70000457763672
2019-10-29,17.739999771118164,17.620542526245117
2019-10-30,17.600000381469727,17.48148536682129
2019-10-31,17.3700008392334,17.253034591674805
2019-11-01,17.760000228881836,17.64040756225586
2019-11-04,17.90999984741211,17.789400100708008
2019-11-05,18.079999923706055,17.958253860473633
2019-11-06,17.760000228881836,17.64040756225586
2019-11-07,17.760000228881836,17.64040756225586
2019-11-08,17.31999969482422,17.203371047973633
2019-11-11,17.110000610351562,16.99478530883789
2019-11-12,16.450000762939453,16.339231491088867
2019-11-13,16.530000686645508,16.418691635131836
2019-11-14,16.559999465942383,16.448490142822266
2019-11-15,16.790000915527344,16.676942825317383
2019-11-18,16.489999771118164,16.37895965576172
2019-11-19,16.520000457763672,16.40875816345215
2019-11-20,16.559999465942383,16.448490142822266
2019-11-21,16.790000915527344,16.676942825317383
2019-11-22,17.139999389648438,17.02458381652832
2019-11-25,17.049999237060547,16.9351863861084
2019-11-26,16.90999984741211,16.796131134033203
2019-11-27,16.8799991607666,16.766332626342773
2019-11-29,17.020000457763672,16.905393600463867
2019-12-02,17.5,17.382160186767578
2019-12-03,17.559999465942383,17.441755294799805
2019-12-04,17.420000076293945,17.302698135375977
2019-12-05,17.530000686645508,17.411958694458008
2019-12-06,17.950000762939453,17.829130172729492
2019-12-09,17.850000381469727,17.72980308532715
2019-12-10,17.780000686645508,17.660274505615234
2019-12-11,18.040000915527344,17.91852378845215
2019-12-12,18.5,18.375425338745117
2019-12-13,18.489999771118164,18.36549186706543
2019-12-16,18.790000915527344,18.66347312927246
2019-12-17,18.770000457763672,18.64360809326172
2019-12-18,19.030000686645508,18.901857376098633
2019-12-19,18.969999313354492,18.84225845336914
2019-12-20,18.809999465942383,18.683338165283203
2019-12-23,19.290000915527344,19.160106658935547
2019-12-24,19.149999618530273,19.021047592163086
2019-12-26,19.420000076293945,19.28923225402832
2019-12-27,19.3700008392334,19.239566802978516
2019-12-30,19.600000381469727,19.468019485473633
2019-12-31,19.489999771118164,19.3587589263916
2020-01-02,20.030000686645508,19.895124435424805
2020-01-03,20.049999237060547,19.914987564086914
2020-01-06,19.989999771118164,19.855392456054688
2020-01-07,20.15999984741211,20.024248123168945
2020-01-08,19.969999313354492,19.835527420043945
2020-01-09,19.780000686645508,19.646806716918945
2020-01-10,19.690000534057617,19.55741310119629
2020-01-13,19.719999313354492,19.587209701538086
2020-01-14,19.68000030517578,19.547481536865234
2020-01-15,19.1200008392334,18.991252899169922
2020-01-16,18.81999969482422,18.693269729614258
2020-01-17,18.760000228881836,18.633676528930664
2020-01-21,18.06999969482422,17.948322296142578
2020-01-22,18.329999923706055,18.206567764282227
2020-01-23,18.229999542236328,18.107242584228516
2020-01-24,17.829999923706055,17.709938049316406
2020-01-27,17.34000015258789,17.223237991333008
2020-01-28,17.459999084472656,17.342426300048828
2020-01-29,17.260000228881836,17.143775939941406
2020-01-30,17.059999465942383,16.945119857788086
2020-01-31,16.84000015258789,16.726604461669922
2020-02-03,17.09000015258789,16.97492218017578
2020-02-04,17.219999313354492,17.104042053222656
2020-02-05,17.34000015258789,17.223237991333008
2020-02-06,17.360000610351562,17.243101119995117
2020-02-07,17.139999389648438,17.02458381652832
2020-02-10,17.010000228881836,16.895458221435547
2020-02-11,17.43000030517578,17.312633514404297
2020-02-12,17.479999542236328,17.362295150756836
2020-02-13,17.610000610351562,17.491418838500977
2020-02-14,17.43000030517578,17.312633514404297
2020-02-18,17.15999984741211,17.04444694519043
2020-02-19,17.489999771118164,17.37222671508789
2020-02-20,17.829999923706055,17.709938049316406
2020-02-21,17.799999237060547,17.680137634277344
2020-02-24,17.290000915527344,17.173574447631836
2020-02-25,16.84000015258789,16.726604461669922
2020-02-26,16.1299991607666,16.02138328552246
2020-02-27,15.420000076293945,15.316165924072266
2020-02-28,15.239999771118164,15.137377738952637
2020-03-02,15.369999885559082,15.266502380371094
2020-03-03,15.069999694824219,14.968522071838379
2020-03-04,15.140000343322754,15.038050651550293
2020-03-05,14.25,14.154044151306152
2020-03-06,13.829999923706055,13.736872673034668
2020-03-09,12.600000381469727,12.515154838562012
2020-03-10,13.170000076293945,13.081316947937012
2020-03-11,11.920000076293945,11.83973503112793
2020-03-12,9.119999885559082,9.058588981628418
2020-03-13,9.949999809265137,9.8829984664917
2020-03-16,8.079999923706055,8.025591850280762
2020-03-17,8.489999771118164,8.432830810546875
2020-03-18,6.889999866485596,6.843604564666748
2020-03-19,7.679999828338623,7.628284931182861
2020-03-20,6.769999980926514,6.724411964416504
2020-03-23,6.110000133514404,6.068856239318848
2020-03-24,7.21999979019165,7.171382427215576
2020-03-25,8.25,8.194446563720703
2020-03-26,8.239999771118164,8.184513092041016
2020-03-27,7.170000076293945,7.1217193603515625
2020-03-30,7.21999979019165,7.171382427215576
2020-03-31,7.400000095367432,7.350170612335205
2020-04-01,7.199999809265137,7.151516914367676
2020-04-02,6.989999771118164,6.942930698394775
2020-04-03,6.389999866485596,6.346971035003662
2020-04-06,6.739999771118164,6.694614410400391
2020-04-07,6.800000190734863,6.754210948944092
2020-04-08,7.179999828338623,7.131651878356934
2020-04-09,7.579999923706055,7.528958320617676
2020-04-13,7.449999809265137,7.3998332023620605
2020-04-14,7.369999885559082,7.320371627807617
2020-04-15,7.019999980926514,6.972729206085205
2020-04-16,6.989999771118164,6.942930698394775
2020-04-17,7.159999847412109,7.111786365509033
2020-04-20,6.869999885559082,6.8237385749816895
2020-04-21,6.380000114440918,6.337038993835449
2020-04-22,6.550000190734863,6.505893707275391
2020-04-23,6.690000057220459,6.644951343536377
2020-04-24,5.820000171661377,5.7808098793029785
2020-04-27,5.409999847412109,5.373570442199707
2020-04-28,5.949999809265137,5.909934043884277
2020-04-29,6.590000152587891,6.545624256134033
2020-04-30,6.329999923706055,6.287374973297119
2020-05-01,5.809999942779541,5.770876884460449
2020-05-04,5.599999904632568,5.562290668487549
2020-05-05,5.329999923706055,5.294108867645264
2020-05-06,5.019999980926514,4.986196994781494
2020-05-07,4.860000133514404,4.827274322509766
2020-05-08,5.309999942779541,5.274243354797363
2020-05-11,4.960000038146973,4.926600456237793
2020-05-12,4.610000133514404,4.5789570808410645
2020-05-13,4.210000038146973,4.1816511154174805
2020-05-14,4.510000228881836,4.479630947113037
2020-05-15,4.340000152587891,4.310775279998779
2020-05-18,4.639999866485596,4.608755588531494
2020-05-19,4.5,4.469697952270508
2020-05-20,4.679999828338623,4.648486137390137
2020-05-21,4.730000019073486,4.69814920425415
2020-05-22,4.650000095367432,4.618688583374023
2020-05-26,5.010000228881836,4.976263999938965
2020-05-27,5.5,5.462964057922363
2020-05-28,5.179999828338623,5.145118713378906
2020-05-29,5.489999771118164,5.453031539916992
2020-06-01,5.510000228881836,5.472897052764893
2020-06-02,6.329999923706055,6.287374973297119
2020-06-03,6.800000190734863,6.754210948944092
2020-06-04,7.0,6.952863693237305
2020-06-05,7.289999961853027,7.240910530090332
2020-06-08,8.800000190734863,8.740742683410645
2020-06-09,8.430000305175781,8.373234748840332
2020-06-10,7.619999885559082,7.568688869476318
2020-06-11,6.590000152587891,6.545624256134033
2020-06-12,7.079999923706055,7.032325267791748
2020-06-15,6.690000057220459,6.644951343536377
2020-06-16,6.960000038146973,6.913133144378662
2020-06-17,6.820000171661377,6.774075984954834
2020-06-18,6.599999904632568,6.5555572509765625
2020-06-19,6.570000171661377,6.525759696960449
2020-06-22,6.420000076293945,6.376769542694092
2020-06-23,6.590000152587891,6.545624256134033
2020-06-24,6.079999923706055,6.039059162139893
2020-06-25,6.110000133514404,6.068856239318848
2020-06-26,5.679999828338623,5.64175271987915
2020-06-29,6.21999979019165,6.1781158447265625
2020-06-30,5.980000019073486,5.939732074737549
2020-07-01,6.050000190734863,6.009261131286621
2020-07-02,6.039999961853027,5.999328136444092
2020-07-06,6.320000171661377,6.277442932128906
2020-07-07,6.059999942779541,6.019193649291992
2020-07-08,6.079999923706055,6.039059162139893
2020-07-09,5.929999828338623,5.890068531036377
2020-07-10,6.059999942779541,6.019193649291992
2020-07-13,6.070000171661377,6.029126167297363
2020-07-14,6.0,5.959597587585449
2020-07-15,6.480000019073486,6.436365127563477
2020-07-16,6.179999828338623,6.138385772705078
2020-07-17,6.179999828338623,6.138385772705078
2020-07-20,6.190000057220459,6.148318290710449
2020-07-21,6.519999980926514,6.476096153259277
2020-07-22,6.46999979019165,6.4264326095581055
2020-07-23,6.28000020980835,6.237712860107422
2020-07-24,6.099999904632568,6.058924198150635
2020-07-27,6.150000095367432,6.108587741851807
2020-07-28,6.269999980926514,6.227778911590576
2020-07-29,6.309999942779541,6.267509937286377
2020-07-30,6.110000133514404,6.068856239318848
2020-07-31,5.78000020980835,5.741078853607178
2020-08-03,5.710000038146973,5.671550273895264
2020-08-04,5.619999885559082,5.582156658172607
2020-08-05,5.75,5.711280822753906
2020-08-06,5.659999847412109,5.621886730194092
2020-08-07,5.510000228881836,5.472897052764893
2020-08-10,5.800000190734863,5.760944843292236
2020-08-11,5.860000133514404,5.820540904998779
2020-08-12,5.710000038146973,5.671550273895264
2020-08-13,5.599999904632568,5.562290668487549
2020-08-14,5.670000076293945,5.631819725036621
2020-08-17,5.340000152587891,5.304041862487793
2020-08-18,5.360000133514404,5.323907375335693
2020-08-19,5.139999866485596,5.105388641357422
2020-08-20,5.119999885559082,5.0855231285095215
2020-08-21,5.119999885559082,5.0855231285095215
2020-08-24,5.389999866485596,5.353704929351807
2020-08-25,5.510000228881836,5.472897052764893
2020-08-26,5.159999847412109,5.125254154205322
2020-08-27,5.239999771118164,5.204715251922607
2020-08-28,5.539999961853027,5.502695560455322
2020-08-31,5.300000190734863,5.264311790466309
2020-09-01,5.599999904632568,5.562290668487549
2020-09-02,5.570000171661377,5.532493591308594
2020-09-03,5.539999961853027,5.502695560455322
2020-09-04,5.53000020980835,5.492762565612793
2020-09-08,5.409999847412109,5.373570442199707
2020-09-09,5.369999885559082,5.333839416503906
2020-09-10,5.199999809265137,5.164984703063965
2020-09-11,5.070000171661377,5.035860061645508
2020-09-14,5.179999828338623,5.145118713378906
2020-09-15,5.119999885559082,5.0855231285095215
2020-09-16,5.230000019073486,5.194782257080078
2020-09-17,5.25,5.2146477699279785
2020-09-18,4.920000076293945,4.886870384216309
2020-09-21,4.670000076293945,4.638553142547607
2020-09-22,4.449999809265137,4.420034408569336
2020-09-23,4.28000020980835,4.2511796951293945
2020-09-24,4.400000095367432,4.370371341705322
2020-09-25,4.360000133514404,4.330641269683838
2020-09-28,4.440000057220459,4.410101890563965
2020-09-29,4.289999961853027,4.261111736297607
2020-09-30,4.409999847412109,4.380303859710693
2020-10-01,4.519999980926514,4.489563465118408
2020-10-02,4.559999942779541,4.529294490814209
2020-10-05,4.559999942779541,4.529294490814209
2020-10-06,4.699999809265137,4.668351650238037
2020-10-07,4.46999979019165,4.439899921417236
2020-10-08,4.739999771118164,4.70808219909668
2020-10-09,4.800000190734863,4.767678260803223
2020-10-12,4.78000020980835,4.7478132247924805
2020-10-13,4.610000133514404,4.5789570808410645
2020-10-14,4.659999847412109,4.628620624542236
2020-10-15,4.639999866485596,4.608755588531494
2020-10-16,4.510000228881836,4.479630947113037
2020-10-19,4.519999980926514,4.489563465118408
2020-10-20,4.650000095367432,4.618688583374023
2020-10-21,4.789999961853027,4.757745265960693
2020-10-22,4.840000152587891,4.807409286499023
2020-10-23,4.989999771118164,4.956398010253906
2020-10-26,4.849999904632568,4.817340850830078
2020-10-27,4.510000228881836,4.479630947113037
2020-10-28,4.170000076293945,4.141920566558838
2020-10-29,4.190000057220459,4.161785125732422
2020-10-30,4.119999885559082,4.092256546020508
2020-11-02,4.110000133514404,4.082324504852295
2020-11-03,4.210000038146973,4.1816511154174805
2020-11-04,4.340000152587891,4.310775279998779
2020-11-05,4.690000057220459,4.658419132232666
2020-11-06,4.769999980926514,4.737879753112793
2020-11-09,5.5,5.462964057922363
2020-11-10,5.460000038146973,5.423233985900879
2020-11-11,5.300000190734863,5.264311790466309
2020-11-12,5.119999885559082,5.0855231285095215
2020-11-13,5.460000038146973,5.423233985900879
2020-11-16,5.909999847412109,5.870203495025635
2020-11-17,6.039999961853027,5.999328136444092
2020-11-18,6.019999980926514,5.97946310043335
2020-11-19,6.090000152587891,6.048991680145264
2020-11-20,5.820000171661377,5.7808098793029785
2020-11-23,6.039999961853027,5.999328136444092
2020-11-24,6.260000228881836,6.217846870422363
2020-11-25,6.21999979019165,6.1781158447265625
2020-11-27,6.269999980926514,6.227778911590576
2020-11-30,5.96999979019165,5.9297990798950195
2020-12-01,6.260000228881836,6.217846870422363
2020-12-02,6.480000019073486,6.436365127563477
2020-12-03,7.28000020980835,7.230978488922119
2020-12-04,7.269999980926514,7.221045970916748
2020-12-07,7.289999961853027,7.240910530090332
2020-12-08,7.190000057220459,7.1415839195251465
2020-12-09,6.949999809265137,6.903200149536133
2020-12-10,7.070000171661377,7.022392749786377
2020-12-11,7.139999866485596,7.091920852661133
2020-12-14,7.130000114440918,7.081988334655762
2020-12-15,7.349999904632568,7.300506591796875
2020-12-16,7.289999961853027,7.240910530090332
2020-12-17,7.21999979019165,7.171382427215576
2020-12-18,7.050000190734863,7.002527236938477
2020-12-21,6.670000076293945,6.625085830688477
2020-12-22,6.340000152587891,6.297308444976807
2020-12-23,6.590000152587891,6.545624256134033
2020-12-24,6.519999980926514,6.476096153259277
2020-12-28,6.599999904632568,6.5555572509765625
2020-12-29,6.650000095367432,6.605220317840576
2020-12-30,6.869999885559082,6.8237385749816895
2020-12-31,6.809999942779541,6.7641425132751465
2021-01-04,6.320000171661377,6.277442932128906
2021-01-05,6.510000228881836,6.466163635253906
2021-01-06,6.739999771118164,6.694614410400391
2021-01-07,6.619999885559082,6.575422286987305
2021-01-08,6.559999942779541,6.515827178955078
2021-01-11,6.320000171661377,6.277442932128906
2021-01-12,7.0,6.952863693237305
2021-01-13,6.989999771118164,6.942930698394775
2021-01-14,7.710000038146973,7.658082962036133
2021-01-15,7.230000019073486,7.181314945220947
2021-01-19,7.079999923706055,7.032325267791748
2021-01-20,6.920000076293945,6.8734025955200195
2021-01-21,6.619999885559082,6.575422286987305
2021-01-22,6.389999866485596,6.346971035003662
2021-01-25,6.389999866485596,6.346971035003662
2021-01-26,6.5,6.456231117248535
2021-01-27,6.559999942779541,6.515827178955078
2021-01-28,6.769999980926514,6.724411964416504
2021-01-29,6.420000076293945,6.376769542694092
2021-02-01,6.619999885559082,6.575422286987305
2021-02-02,7.090000152587891,7.042257308959961
2021-02-03,7.179999828338623,7.131651878356934
2021-02-04,6.980000019073486,6.9329986572265625
2021-02-05,7.090000152587891,7.042257308959961
2021-02-08,7.210000038146973,7.161449909210205
2021-02-09,7.150000095367432,7.101853370666504
2021-02-10,7.239999771118164,7.191247463226318
2021-02-11,7.510000228881836,7.4594292640686035
2021-02-12,7.539999961853027,7.489227771759033
2021-02-16,8.25,8.194446563720703
2021-02-17,8.529999732971191,8.472559928894043
2021-02-18,8.359999656677246,8.303705215454102
2021-02-19,8.739999771118164,8.681147575378418
2021-02-22,9.199999809265137,9.138050079345703
2021-02-23,9.149999618530273,9.088386535644531
2021-02-24,9.6899995803833,9.624749183654785
2021-02-25,8.9399995803833,8.879799842834473
2021-02-26,8.800000190734863,8.740742683410645
2021-03-01,8.6899995803833,8.631484031677246
2021-03-02,8.789999961853027,8.73081111907959
2021-03-03,8.84000015258789,8.780473709106445
2021-03-04,8.729999542236328,8.671213150024414
2021-03-05,9.069999694824219,9.008925437927246
2021-03-08,8.430000305175781,8.373234748840332
2021-03-09,8.510000228881836,8.452696800231934
2021-03-10,9.760000228881836,9.694279670715332
2021-03-11,9.960000038146973,9.892932891845703
2021-03-12,10.34000015258789,10.27037239074707
2021-03-15,10.420000076293945,10.349834442138672
2021-03-16,10.010000228881836,9.942595481872559
2021-03-17,10.289999961853027,10.220709800720215
2021-03-18,10.0,9.932662963867188
2021-03-19,10.680000305175781,10.608083724975586
2021-03-22,9.760000228881836,9.694279670715332
2021-03-23,9.680000305175781,9.614818572998047
2021-03-24,9.359999656677246,9.296972274780273
2021-03-25,9.369999885559082,9.306903839111328
2021-03-26,9.260000228881836,9.19764518737793
2021-03-29,9.069999694824219,9.008925437927246
2021-03-30,9.960000038146973,9.892932891845703
2021-03-31,10.010000228881836,9.942595481872559
2021-04-01,9.800000190734863,9.734009742736816
2021-04-05,10.34000015258789,10.27037239074707
2021-04-06,10.34000015258789,10.27037239074707
2021-04-07,10.510000228881836,10.439228057861328
2021-04-08,11.59000015258789,11.511956214904785
2021-04-09,11.279999732971191,11.2040433883667
2021-04-12,11.180000305175781,11.104717254638672
2021-04-13,11.109999656677246,11.035188674926758
2021-04-14,11.420000076293945,11.343100547790527
2021-04-15,11.420000076293945,11.343100547790527
2021-04-16,11.25,11.17424488067627
2021-04-19,11.149999618530273,11.074917793273926
2021-04-20,10.800000190734863,10.727275848388672
2021-04-21,11.020000457763672,10.945794105529785
2021-04-22,11.050000190734863,10.975591659545898
2021-04-23,11.260000228881836,11.184178352355957
2021-04-26,11.699999809265137,11.621214866638184
2021-04-27,11.59000015258789,11.511956214904785
2021-04-28,11.729999542236328,11.65101146697998
2021-04-29,11.3100004196167,11.233842849731445
2021-04-30,11.050000190734863,10.975591659545898
2021-05-03,11.6899995803833,11.611282348632812
2021-05-04,11.579999923706055,11.502022743225098
2021-05-05,11.630000114440918,11.551687240600586
2021-05-06,11.989999771118164,11.909261703491211
2021-05-07,12.819999694824219,12.733673095703125
2021-05-10,12.569999694824219,12.485355377197266
2021-05-11,12.550000190734863,12.46549129486084
2021-05-12,11.670000076293945,11.59141731262207
2021-05-13,11.710000038146973,11.631147384643555
2021-05-14,12.069999694824219,11.988724708557129
2021-05-17,12.170000076293945,12.088048934936523
2021-05-18,12.359999656677246,12.276771545410156
2021-05-19,11.979999542236328,11.89932918548584
2021-05-20,12.25,12.167510986328125
2021-05-21,12.430000305175781,12.34630012512207
2021-05-24,12.789999961853027,12.703875541687012
2021-05-25,12.949999809265137,12.862797737121582
2021-05-26,12.640000343322754,12.554885864257812
2021-05-27,13.470000267028809,13.379297256469727
2021-05-28,13.390000343322754,13.299835205078125
2021-06-01,13.850000381469727,13.75673770904541
2021-06-02,13.970000267028809,13.875929832458496
2021-06-03,13.550000190734863,13.458758354187012
2021-06-04,13.680000305175781,13.587882995605469
2021-06-07,13.869999885559082,13.776602745056152
2021-06-08,13.890000343322754,13.796468734741211
2021-06-09,13.630000114440918,13.538219451904297
2021-06-10,15.720000267028809,15.614145278930664
2021-06-11,16.34000015258789,16.229969024658203
2021-06-14,16.59000015258789,16.478286743164062
2021-06-15,16.809999465942383,16.696802139282227
2021-06-16,16.15999984741211,16.051183700561523
2021-06-17,15.949999809265137,15.842596054077148
2021-06-18,15.680000305175781,15.57441520690918
2021-06-21,16.149999618530273,16.041250228881836
2021-06-22,16.110000610351562,16.00152015686035
2021-06-23,15.819999694824219,15.713471412658691
2021-06-24,15.979999542236328,15.872393608093262
2021-06-25,15.430000305175781,15.326098442077637
2021-06-28,15.300000190734863,15.19697380065918
2021-06-29,15.020000457763672,14.918858528137207
2021-06-30,15.140000343322754,15.038050651550293
2021-07-01,14.8100004196167,14.710274696350098
2021-07-02,14.949999809265137,14.84933090209961
2021-07-06,14.3100004196167,14.213641166687012
2021-07-07,14.210000038146973,14.114314079284668
2021-07-08,13.869999885559082,13.776602745056152
2021-07-09,14.0600004196167,13.965323448181152
2021-07-12,15.15999984741211,15.057916641235352
2021-07-13,14.75,14.650677680969238
2021-07-14,14.619999885559082,14.521552085876465
2021-07-15,14.199999809265137,14.104379653930664
2021-07-16,13.65999984741211,13.56801700592041
2021-07-19,13.079999923706055,12.991922378540039
2021-07-20,13.930000305175781,13.836200714111328
2021-07-21,14.5,14.402359962463379
2021-07-22,14.319999694824219,14.223572731018066
2021-07-23,14.170000076293945,14.074583053588867
2021-07-26,14.829999923706055,14.730138778686523
2021-07-27,14.510000228881836,14.412293434143066
2021-07-28,15.0,14.898994445800781
2021-07-29,15.210000038146973,15.107580184936523
2021-07-30,14.300000190734863,14.203706741333008
2021-08-02,14.600000381469727,14.501688003540039
2021-08-03,14.609999656677246,14.511619567871094
2021-08-04,14.15999984741211,14.064650535583496
2021-08-05,14.3100004196167,14.213641166687012
2021-08-06,14.630000114440918,14.531485557556152
2021-08-09,14.420000076293945,14.32289981842041
2021-08-10,15.0,14.898994445800781
2021-08-11,15.289999961853027,15.187041282653809
2021-08-12,14.680000305175781,14.581149101257324
2021-08-13,15.75,15.643942832946777
2021-08-16,14.720000267028809,14.620880126953125
2021-08-17,13.779999732971191,13.687209129333496
2021-08-18,14.0600004196167,13.965323448181152
2021-08-19,14.449999809265137,14.352697372436523
2021-08-20,14.699999809265137,14.60101318359375
2021-08-23,15.670000076293945,15.564481735229492
2021-08-24,17.239999771118164,17.123910903930664
2021-08-25,17.889999389648438,17.769533157348633
2021-08-26,17.610000610351562,17.491418838500977
2021-08-27,18.100000381469727,17.978118896484375
2021-08-30,17.75,17.630475997924805
2021-08-31,17.940000534057617,17.819196701049805
2021-09-01,17.709999084472656,17.590744018554688
2021-09-02,17.68000030517578,17.56094741821289
2021-09-03,16.8799991607666,16.766332626342773
2021-09-07,16.90999984741211,16.796131134033203
2021-09-08,15.8100004196167,15.703540802001953
2021-09-09,16.420000076293945,16.309431076049805
2021-09-10,16.06999969482422,15.96178913116455
2021-09-13,16.690000534057617,16.577613830566406
2021-09-14,16.25,16.140575408935547
2021-09-15,16.420000076293945,16.309431076049805
2021-09-16,16.110000610351562,16.00152015686035
2021-09-17,15.890000343322754,15.783000946044922
2021-09-20,15.270000457763672,15.167176246643066
2021-09-21,15.300000190734863,15.19697380065918
2021-09-22,16.059999465942383,15.95185661315918
2021-09-23,17.950000762939453,17.829130172729492
2021-09-24,17.770000457763672,17.650341033935547
2021-09-27,17.420000076293945,17.302698135375977
2021-09-28,17.06999969482422,16.955055236816406
2021-09-29,17.329999923706055,17.21330451965332
2021-09-30,17.0,16.885526657104492
2021-10-01,18.110000610351562,17.988052368164062
2021-10-04,17.610000610351562,17.491418838500977
2021-10-05,16.809999465942383,16.696802139282227
2021-10-06,17.110000610351562,16.99478530883789
2021-10-07,17.610000610351562,17.491418838500977
2021-10-08,18.020000457763672,17.898658752441406
2021-10-11,18.809999465942383,18.683338165283203
2021-10-12,18.809999465942383,18.683338165283203
2021-10-13,18.8799991607666,18.752866744995117
2021-10-14,18.850000381469727,18.72307014465332
2021-10-15,18.829999923706055,18.703203201293945
2021-10-18,18.639999389648438,18.514482498168945
2021-10-19,17.760000228881836,17.64040756225586
2021-10-20,17.799999237060547,17.680137634277344
2021-10-21,17.049999237060547,16.9351863861084
2021-10-22,17.200000762939453,17.084178924560547
2021-10-25,17.489999771118164,17.37222671508789
2021-10-26,16.639999389648438,16.5279483795166
2021-10-27,16.209999084472656,16.100847244262695
2021-10-28,15.9399995803833,15.832663536071777
2021-10-29,15.529999732971191,15.42542552947998
2021-11-01,15.8100004196167,15.703540802001953
2021-11-02,15.4399995803833,15.336030960083008
2021-11-03,16.040000915527344,15.931990623474121
2021-11-04,15.520000457763672,15.41549301147461
2021-11-05,16.790000915527344,16.676942825317383
2021-11-08,16.559999465942383,16.448490142822266
2021-11-09,17.139999389648438,17.02458381652832
2021-11-10,16.489999771118164,16.37895965576172
2021-11-11,17.040000915527344,16.925256729125977
2021-11-12,16.209999084472656,16.100847244262695
2021-11-15,16.790000915527344,16.676942825317383
2021-11-16,15.630000114440918,15.524750709533691
2021-11-17,15.15999984741211,15.057916641235352
2021-11-18,15.229999542236328,15.12744426727295
2021-11-19,14.770000457763672,14.670543670654297
2021-11-22,14.510000228881836,14.412293434143066
2021-11-23,14.739999771118164,14.640743255615234
2021-11-24,14.739999771118164,14.640743255615234
2021-11-26,13.979999542236328,13.88586139678955
2021-11-29,14.0600004196167,13.965323448181152
2021-11-30,13.729999542236328,13.63754653930664
2021-12-01,12.920000076293945,12.833000183105469
2021-12-02,13.800000190734863,13.707075119018555
2021-12-03,13.539999961853027,13.448823928833008
2021-12-06,14.229999542236328,14.134177207946777
2021-12-07,14.489999771118164,14.39242935180664
2021-12-08,15.329999923706055,15.22677230834961
2021-12-09,14.84000015258789,14.740070343017578
2021-12-10,15.329999923706055,15.22677230834961
2021-12-13,14.569999694824219,14.47188949584961
2021-12-14,14.529999732971191,14.432158470153809
2021-12-15,14.630000114440918,14.531485557556152
2021-12-16,14.479999542236328,14.382494926452637
2021-12-17,14.789999961853027,14.690406799316406
2021-12-20,13.899999618530273,13.806400299072266
2021-12-21,16.06999969482422,15.96178913116455
2021-12-22,16.65999984741211,16.547813415527344
2021-12-23,17.18000030517578,17.064315795898438
2021-12-27,17.350000381469727,17.233169555664062
2021-12-28,17.34000015258789,17.223237991333008
2021-12-29,17.110000610351562,16.99478530883789
2021-12-30,17.709999084472656,17.590744018554688
2021-12-31,17.75,17.630475997924805
2022-01-03,17.739999771118164,17.620542526245117
2022-01-04,17.6299991607666,17.51128387451172
2022-01-05,16.479999542236328,16.36902618408203
2022-01-06,16.760000228881836,16.647140502929688
2022-01-07,17.030000686645508,16.915327072143555
2022-01-10,16.65999984741211,16.547813415527344
2022-01-11,16.770000457763672,16.657075881958008
2022-01-12,16.700000762939453,16.587547302246094
2022-01-13,16.020000457763672,15.912125587463379
2022-01-14,15.899999618530273,15.792932510375977
2022-01-18,15.1899995803833,15.087713241577148
2022-01-19,15.029999732971191,14.928791999816895
2022-01-20,15.390000343322754,15.286368370056152
2022-01-21,14.979999542236328,14.879128456115723
2022-01-24,15.100000381469727,14.998321533203125
2022-01-25,15.279999732971191,15.177107810974121
2022-01-26,14.970000267028809,14.869196891784668
2022-01-27,14.720000267028809,14.620880126953125
2022-01-28,14.739999771118164,14.640743255615234
2022-01-31,15.350000381469727,15.246636390686035
2022-02-01,15.720000267028809,15.614145278930664
2022-02-02,15.270000457763672,15.167176246643066
2022-02-03,14.40999984741211,14.312966346740723
2022-02-04,14.300000190734863,14.203706741333008
2022-02-07,14.680000305175781,14.581149101257324
2022-02-08,14.819999694824219,14.720205307006836
2022-02-09,15.399999618530273,15.29629898071289
2022-02-10,15.239999771118164,15.137377738952637
2022-02-11,14.5,14.402359962463379
2022-02-14,14.449999809265137,14.352697372436523
2022-02-15,15.350000381469727,15.246636390686035
2022-02-16,15.65999984741211,15.554549217224121
2022-02-17,14.949999809265137,14.84933090209961
2022-02-18,14.930000305175781,14.829465866088867
2022-02-22,13.800000190734863,13.707075119018555
2022-02-23,13.630000114440918,13.538219451904297
2022-02-24,13.739999771118164,13.647477149963379
2022-02-25,13.760000228881836,13.667344093322754
2022-02-28,13.779999732971191,13.687209129333496
2022-03-01,13.149999618530273,13.061450958251953
2022-03-02,14.0,13.90572738647461
2022-03-03,13.579999923706055,13.488555908203125
2022-03-04,13.010000228881836,12.922392845153809
2022-03-07,12.039999961853027,11.9589262008667
2022-03-08,12.329999923706055,12.246973037719727
2022-03-09,13.260000228881836,13.170710563659668
2022-03-10,11.15999984741211,11.08485221862793
2022-03-11,10.4399995803833,10.369699478149414
2022-03-14,10.350000381469727,10.280306816101074
2022-03-15,10.600000381469727,10.528623580932617
2022-03-16,11.229999542236328,11.154378890991211
2022-03-17,11.649999618530273,11.571551322937012
2022-03-18,12.069999694824219,11.988724708557129
2022-03-21,12.319999694824219,12.237039566040039
2022-03-22,12.5,12.415827751159668
2022-03-23,12.5600004196167,12.475425720214844
2022-03-24,12.789999961853027,12.703875541687012
2022-03-25,12.789999961853027,12.703875541687012
2022-03-28,12.619999885559082,12.535019874572754
2022-03-29,13.229999542236328,13.140912055969238
2022-03-30,12.829999923706055,12.743606567382812
2022-03-31,12.609999656677246,12.525086402893066
2022-04-01,12.949999809265137,12.862797737121582
2022-04-04,13.270000457763672,13.180644035339355
2022-04-05,12.350000381469727,12.266839027404785
2022-04-06,12.0600004196167,11.978791236877441
2022-04-07,11.970000267028809,11.889397621154785
2022-04-08,11.800000190734863,11.720542907714844
2022-04-11,11.729999542236328,11.65101146697998
2022-04-12,11.640000343322754,11.561619758605957
2022-04-13,11.930000305175781,11.849665641784668
2022-04-14,11.630000114440918,11.551687240600586
2022-04-18,11.569999694824219,11.492090225219727
2022-04-19,12.09000015258789,12.008588790893555
2022-04-20,12.050000190734863,11.968857765197754
2022-04-21,11.770000457763672,11.690744400024414
2022-04-22,11.399999618530273,11.323235511779785
2022-04-25,11.529999732971191,11.452359199523926
2022-04-26,10.859999656677246,10.786870956420898
2022-04-27,10.829999923706055,10.757073402404785
2022-04-28,11.649999618530273,11.571551322937012
2022-04-29,11.369999885559082,11.293437004089355
2022-05-02,10.970000267028809,10.896130561828613
2022-05-03,11.449999809265137,11.37289810180664
2022-05-04,11.800000190734863,11.720542907714844
2022-05-05,11.520000457763672,11.442427635192871
2022-05-06,11.279999732971191,11.2040433883667
2022-05-09,10.199999809265137,10.131316184997559
2022-05-10,10.15999984741211,10.091585159301758
2022-05-11,10.029999732971191,9.9624605178833
2022-05-12,10.319999694824219,10.250508308410645
2022-05-13,10.9399995803833,10.866332054138184
2022-05-16,10.609999656677246,10.538554191589355
2022-05-17,11.149999618530273,11.074917793273926
2022-05-18,10.4399995803833,10.369699478149414
2022-05-19,10.449999809265137,10.379631996154785
2022-05-20,10.40999984741211,10.339900970458984
2022-05-23,10.65999984741211,10.588217735290527
2022-05-24,10.039999961853027,9.972393989562988
2022-05-25,10.119999885559082,10.051855087280273
2022-05-26,10.489999771118164,10.41936206817627
2022-05-27,10.710000038146973,10.6378812789917
2022-05-31,10.710000038146973,10.6378812789917
2022-06-01,10.65999984741211,10.588217735290527
2022-06-02,11.149999618530273,11.074917793273926
2022-06-03,10.800000190734863,10.727275848388672
2022-06-06,10.920000076293945,10.846467971801758
2022-06-07,10.779999732971191,10.707409858703613
2022-06-08,10.649999618530273,10.578285217285156
2022-06-09,10.380000114440918,10.310104370117188
2022-06-10,9.609999656677246,9.5452880859375
2022-06-13,8.829999923706055,8.770541191101074
2022-06-14,8.8100004196167,8.750676155090332
2022-06-15,9.170000076293945,9.108250617980957
2022-06-16,8.449999809265137,8.393099784851074
2022-06-17,8.869999885559082,8.810271263122559
2022-06-21,9.010000228881836,8.949329376220703
2022-06-22,9.149999618530273,9.088386535644531
2022-06-23,9.3100004196167,9.247308731079102
2022-06-24,9.5,9.436029434204102
2022-06-27,9.369999885559082,9.306903839111328
2022-06-28,9.149999618530273,9.088386535644531
2022-06-29,9.0600004196167,8.998992919921875
2022-06-30,8.779999732971191,8.720877647399902
2022-07-01,8.90999984741211,8.85000228881836
2022-07-05,8.579999923706055,8.522223472595215
2022-07-06,8.470000267028809,8.412965774536133
2022-07-07,8.739999771118164,8.681147575378418
2022-07-08,8.680000305175781,8.621550559997559
2022-07-11,8.079999923706055,8.025591850280762
2022-07-12,8.229999542236328,8.174581527709961
2022-07-13,8.260000228881836,8.204379081726074
2022-07-14,8.210000038146973,8.154715538024902
2022-07-15,8.229999542236328,8.174581527709961
2022-07-18,8.260000228881836,8.204379081726074
2022-07-19,8.949999809265137,8.88973331451416
2022-07-20,8.880000114440918,8.82020378112793
2022-07-21,8.720000267028809,8.661282539367676
2022-07-22,8.65999984741211,8.601685523986816
2022-07-25,8.779999732971191,8.720877647399902
2022-07-26,8.710000038146973,8.651349067687988
2022-07-27,9.100000381469727,9.038723945617676
2022-07-28,9.109999656677246,9.04865550994873
2022-07-29,9.119999885559082,9.058588981628418
2022-08-01,9.270000457763672,9.207578659057617
2022-08-02,9.210000038146973,9.147981643676758
2022-08-03,9.550000190734863,9.485692977905273
2022-08-04,10.180000305175781,10.1114501953125
2022-08-05,10.34000015258789,10.27037239074707
2022-08-08,10.670000076293945,10.598151206970215
2022-08-09,10.619999885559082,10.548486709594727
2022-08-10,11.09000015258789,11.0153226852417
2022-08-11,11.130000114440918,11.0550537109375
2022-08-12,11.600000381469727,11.521889686584473
2022-08-15,11.789999961853027,11.71060848236084
2022-08-16,11.84000015258789,11.760272026062012
2022-08-17,11.739999771118164,11.660945892333984
2022-08-18,11.779999732971191,11.700675964355469
2022-08-19,11.270000457763672,11.194110870361328
2022-08-22,10.800000190734863,10.727275848388672
2022-08-23,11.0,10.925928115844727
2022-08-24,11.180000305175781,11.104717254638672
2022-08-25,11.520000457763672,11.442427635192871
2022-08-26,11.399999618530273,11.323235511779785
2022-08-29,11.399999618530273,11.323235511779785
2022-08-30,11.149999618530273,11.074917793273926
2022-08-31,10.65999984741211,10.588217735290527
2022-09-01,10.369999885559082,10.3001708984375
2022-09-02,10.1899995803833,10.121382713317871
2022-09-06,10.010000228881836,9.942595481872559
2022-09-07,10.270000457763672,10.200844764709473
2022-09-08,10.350000381469727,10.280306816101074
2022-09-09,10.579999923706055,10.508756637573242
2022-09-12,10.649999618530273,10.578285217285156
2022-09-13,10.119999885559082,10.051855087280273
2022-09-14,10.180000305175781,10.1114501953125
2022-09-15,10.350000381469727,10.280306816101074
2022-09-16,10.130000114440918,10.061786651611328
2022-09-19,10.380000114440918,10.310104370117188
2022-09-20,10.8100004196167,10.737208366394043
2022-09-21,10.489999771118164,10.41936206817627
2022-09-22,10.649999618530273,10.578285217285156
2022-09-23,9.680000305175781,9.614818572998047
2022-09-26,9.220000267028809,9.157914161682129
2022-09-27,9.369999885559082,9.306903839111328
2022-09-28,9.579999923706055,9.515490531921387
2022-09-29,8.90999984741211,8.85000228881836
2022-09-30,8.600000381469727,8.542089462280273
2022-10-03,9.350000381469727,9.287040710449219
2022-10-04,9.710000038146973,9.64461612701416
2022-10-05,9.680000305175781,9.614818572998047
2022-10-06,9.84000015258789,9.773740768432617
2022-10-07,9.449999809265137,9.386366844177246
2022-10-10,9.550000190734863,9.485692977905273
2022-10-11,9.170000076293945,9.108250617980957
2022-10-12,8.930000305175781,8.869867324829102
2022-10-13,8.770000457763672,8.710945129394531
2022-10-14,8.539999961853027,8.482494354248047
2022-10-17,9.109999656677246,9.04865550994873
2022-10-18,9.449999809265137,9.386366844177246
2022-10-19,9.329999923706055,9.26717472076416
2022-10-20,9.399999618530273,9.336703300476074
2022-10-21,9.6899995803833,9.624749183654785
2022-10-24,9.510000228881836,9.445961952209473
2022-10-25,9.930000305175781,9.863133430480957
2022-10-26,9.5,9.436029434204102
2022-10-27,9.699999809265137,9.634681701660156
2022-10-28,9.859999656677246,9.793604850769043
2022-10-31,10.569999694824219,10.498824119567871
2022-11-01,10.699999809265137,10.627949714660645
2022-11-02,10.350000381469727,10.280306816101074
2022-11-03,10.539999961853027,10.469025611877441
2022-11-04,10.75,10.677613258361816
2022-11-07,10.350000381469727,10.280306816101074
2022-11-08,10.380000114440918,10.310104370117188
2022-11-09,10.279999732971191,10.210777282714844
2022-11-10,9.890000343322754,9.823403358459473
2022-11-11,10.380000114440918,10.310104370117188
2022-11-14,9.829999923706055,9.76380729675293
2022-11-15,10.359999656677246,10.290237426757812
2022-11-16,10.609999656677246,10.538554191589355
2022-11-17,10.260000228881836,10.190912246704102
2022-11-18,10.529999732971191,10.45909309387207
2022-11-21,10.770000457763672,10.697477340698242
2022-11-22,10.609999656677246,10.538554191589355
2022-11-23,10.579999923706055,10.508756637573242
2022-11-25,10.739999771118164,10.667678833007812
2022-11-28,10.420000076293945,10.349834442138672
2022-11-29,10.25,10.180978775024414
2022-11-30,10.619999885559082,10.548486709594727
2022-12-01,10.729999542236328,10.657746315002441
2022-12-02,10.720000267028809,10.647814750671387
2022-12-05,10.25,10.180978775024414
2022-12-06,10.40999984741211,10.339900970458984
2022-12-07,10.380000114440918,10.310104370117188
2022-12-08,10.180000305175781,10.1114501953125
2022-12-09,10.029999732971191,9.9624605178833
2022-12-12,10.140000343322754,10.071720123291016
2022-12-13,10.119999885559082,10.051855087280273
2022-12-14,10.529999732971191,10.45909309387207
2022-12-15,10.1899995803833,10.121382713317871
2022-12-16,10.289999961853027,10.220709800720215
2022-12-19,10.260000228881836,10.190912246704102
2022-12-20,10.789999961853027,10.7173433303833
2022-12-21,10.850000381469727,10.776938438415527
2022-12-22,10.869999885559082,10.796804428100586
2022-12-23,11.0,10.925928115844727
2022-12-27,10.550000190734863,10.478960037231445
2022-12-28,10.779999732971191,10.707409858703613
2022-12-29,10.930000305175781,10.856400489807129
2022-12-30,10.930000305175781,10.856400489807129
2023-01-03,10.65999984741211,10.588217735290527
2023-01-04,11.020000457763672,10.945794105529785
2023-01-05,11.0600004196167,10.985525131225586
2023-01-06,11.119999885559082,11.045120239257812
2023-01-09,11.25,11.17424488067627
2023-01-10,11.5600004196167,11.482157707214355
2023-01-11,12.039999961853027,11.9589262008667
2023-01-12,12.369999885559082,12.286702156066895
2023-01-13,12.34000015258789,12.256905555725098
2023-01-17,12.84000015258789,12.753539085388184
2023-01-18,12.609999656677246,12.525086402893066
2023-01-19,12.640000343322754,12.554885864257812
2023-01-20,12.510000228881836,12.425761222839355
2023-01-23,12.59000015258789,12.50522232055664
2023-01-24,13.0600004196167,12.972057342529297
2023-01-25,13.199999809265137,13.111114501953125
2023-01-26,13.09000015258789,13.001855850219727
2023-01-27,12.8100004196167,12.723740577697754
2023-01-30,12.649999618530273,12.564817428588867
2023-01-31,12.890000343322754,12.803201675415039
2023-02-01,12.90999984741211,12.823067665100098
2023-02-02,13.039999961853027,12.952192306518555
2023-02-03,12.8100004196167,12.723740577697754
2023-02-06,12.699999809265137,12.614480972290039
2023-02-07,13.020000457763672,12.932327270507812
2023-02-08,12.75,12.664144515991211
2023-02-09,12.350000381469727,12.266839027404785
2023-02-10,12.319999694824219,12.237039566040039
2023-02-13,12.359999656677246,12.276771545410156
2023-02-14,12.479999542236328,12.395963668823242
2023-02-15,12.5600004196167,12.475425720214844
2023-02-16,12.430000305175781,12.34630012512207
2023-02-17,12.779999732971191,12.693942070007324
2023-02-21,12.399999618530273,12.316500663757324
2023-02-22,12.460000038146973,12.376097679138184
2023-02-23,12.520000457763672,12.435693740844727
2023-02-24,12.350000381469727,12.266839027404785
2023-02-27,12.34000015258789,12.256905555725098
2023-02-28,12.699999809265137,12.614480972290039
2023-03-01,12.930000305175781,12.842931747436523
2023-03-02,13.319999694824219,13.230306625366211
2023-03-03,13.75,13.657411575317383
2023-03-06,13.869999885559082,13.776602745056152
2023-03-07,13.989999771118164,13.895794868469238
2023-03-08,14.079999923706055,13.985189437866211
2023-03-09,13.829999923706055,13.736872673034668
2023-03-10,14.420000076293945,14.32289981842041
2023-03-13,14.170000076293945,14.074583053588867
2023-03-14,14.869999885559082,14.769868850708008
2023-03-15,14.6899995803833,14.591081619262695
2023-03-16,15.239999771118164,15.137377738952637
2023-03-17,15.1899995803833,15.087713241577148
2023-03-20,15.109999656677246,15.008252143859863
2023-03-21,15.420000076293945,15.316165924072266
2023-03-22,15.300000190734863,15.19697380065918
2023-03-23,15.4399995803833,15.336030960083008
2023-03-24,15.479999542236328,15.375761985778809
2023-03-27,15.65999984741211,15.554549217224121
2023-03-28,15.869999885559082,15.763134956359863
2023-03-29,16.280000686645508,16.17037582397461
2023-03-30,16.31999969482422,16.21010398864746
2023-03-31,16.3700008392334,16.259769439697266
2023-04-03,16.260000228881836,16.150510787963867
2023-04-04,16.350000381469727,16.23990249633789
2023-04-05,15.550000190734863,15.445289611816406
2023-04-06,15.539999961853027,15.435357093811035
2023-04-10,15.640000343322754,15.534685134887695
2023-04-11,16.329999923706055,16.22003746032715
2023-04-12,16.389999389648438,16.279634475708008
2023-04-13,16.389999389648438,16.279634475708008
2023-04-14,16.65999984741211,16.547813415527344
2023-04-17,16.489999771118164,16.37895965576172
2023-04-18,16.459999084472656,16.349163055419922
2023-04-19,16.299999237060547,16.19023895263672
2023-04-20,15.970000267028809,15.862462997436523
2023-04-21,15.789999961853027,15.683673858642578
2023-04-24,15.90999984741211,15.802865982055664
2023-04-25,15.5600004196167,15.45522403717041
2023-04-26,15.470000267028809,15.365829467773438
2023-04-27,15.319999694824219,15.216838836669922
2023-04-28,15.449999809265137,15.345963478088379
2023-05-01,15.329999923706055,15.22677230834961
2023-05-02,15.15999984741211,15.057916641235352
2023-05-03,14.859999656677246,14.759936332702637
2023-05-04,13.520000457763672,13.428960800170898
2023-05-05,13.279999732971191,13.19057559967041
2023-05-08,12.989999771118164,12.902528762817383
2023-05-09,13.130000114440918,13.041584968566895
2023-05-10,13.550000190734863,13.458758354187012
2023-05-11,13.720000267028809,13.627613067626953
2023-05-12,14.300000190734863,14.203706741333008
2023-05-15,14.420000076293945,14.32289981842041
2023-05-16,14.359999656677246,14.263303756713867
2023-05-17,14.600000381469727,14.501688003540039
2023-05-18,14.520000457763672,14.422225952148438
2023-05-19,14.380000114440918,14.283167839050293
2023-05-22,14.470000267028809,14.372562408447266
2023-05-23,14.199999809265137,14.104379653930664
2023-05-24,13.979999542236328,13.88586139678955
2023-05-25,14.3100004196167,14.213641166687012
2023-05-26,14.789999961853027,14.690406799316406
2023-05-30,14.850000381469727,14.750004768371582
2023-05-31,14.880000114440918,14.779802322387695
2023-06-01,15.5,15.395626068115234
2023-06-02,15.649999618530273,15.54461669921875
2023-06-05,15.630000114440918,15.524750709533691
2023-06-06,15.890000343322754,15.783000946044922
2023-06-07,15.5600004196167,15.45522403717041
2023-06-08,15.770000457763672,15.663809776306152
2023-06-09,15.930000305175781,15.822731971740723
2023-06-12,16.100000381469727,15.991585731506348
2023-06-13,16.43000030517578,16.319364547729492
2023-06-14,16.809999465942383,16.696802139282227
2023-06-15,17.079999923706055,16.964988708496094
2023-06-16,16.6200008392334,16.508087158203125
2023-06-20,16.030000686645508,15.922059059143066
2023-06-21,14.970000267028809,14.869196891784668
2023-06-22,14.539999961853027,14.442091941833496
2023-06-23,14.430000305175781,14.332832336425781
2023-06-26,14.289999961853027,14.193775177001953
2023-06-27,14.550000190734863,14.45202350616455
2023-06-28,15.020000457763672,14.918858528137207
2023-06-29,15.220000267028809,15.117511749267578
2023-06-30,15.460000038146973,15.35589599609375
2023-07-03,15.3100004196167,15.20690631866455
2023-07-05,15.470000267028809,15.365829467773438
2023-07-06,15.09000015258789,14.988388061523438
2023-07-07,15.0,14.898994445800781
2023-07-10,14.800000190734863,14.70034122467041
2023-07-11,14.819999694824219,14.720205307006836
2023-07-12,14.699999809265137,14.60101318359375
2023-07-13,15.0,14.898994445800781
2023-07-14,14.550000190734863,14.45202350616455
2023-07-17,14.5600004196167,14.461956977844238
2023-07-18,14.449999809265137,14.352697372436523
2023-07-19,14.5600004196167,14.461956977844238
2023-07-20,14.319999694824219,14.223572731018066
2023-07-21,14.6899995803833,14.591081619262695
2023-07-24,15.520000457763672,15.41549301147461
2023-07-25,15.300000190734863,15.19697380065918
2023-07-26,15.4399995803833,15.336030960083008
2023-07-27,15.3100004196167,15.20690631866455
2023-07-28,15.520000457763672,15.41549301147461
2023-07-31,15.640000343322754,15.534685134887695
2023-08-01,15.65999984741211,15.554549217224121
2023-08-02,15.550000190734863,15.445289611816406
2023-08-03,15.010000228881836,14.908926963806152
2023-08-04,14.40999984741211,14.312966346740723
2023-08-07,14.619999885559082,14.521552085876465
2023-08-08,14.75,14.650677680969238
2023-08-09,14.699999809265137,14.60101318359375
2023-08-10,14.760000228881836,14.66061019897461
2023-08-11,14.960000038146973,14.859262466430664
2023-08-14,14.680000305175781,14.581149101257324
2023-08-15,14.579999923706055,14.481821060180664
2023-08-16,14.640000343322754,14.54141902923584
2023-08-17,14.789999961853027,14.690406799316406
2023-08-18,15.050000190734863,14.948657989501953
2023-08-21,15.050000190734863,14.948657989501953
2023-08-22,15.460000038146973,15.35589599609375
2023-08-23,15.930000305175781,15.822731971740723
2023-08-24,15.260000228881836,15.157242774963379
2023-08-25,15.140000343322754,15.038050651550293
2023-08-28,15.489999771118164,15.38569450378418
2023-08-29,15.649999618530273,15.54461669921875
2023-08-30,15.779999732971191,15.67374038696289
2023-08-31,15.640000343322754,15.534685134887695
2023-09-01,15.949999809265137,15.842596054077148
2023-09-05,15.609999656677246,15.504886627197266
2023-09-06,15.539999961853027,15.435357093811035
2023-09-07,15.0,14.898994445800781
2023-09-08,14.8100004196167,14.710274696350098
2023-09-11,14.8100004196167,14.710274696350098
2023-09-12,14.579999923706055,14.481821060180664
2023-09-13,14.859999656677246,14.759936332702637
2023-09-14,14.579999923706055,14.481821060180664
2023-09-15,14.65999984741211,14.561283111572266
2023-09-18,14.6899995803833,14.591081619262695
2023-09-19,14.399999618530273,14.303033828735352
2023-09-20,14.710000038146973,14.610946655273438
2023-09-21,14.199999809265137,14.104379653930664
2023-09-22,14.1899995803833,14.09444808959961
2023-09-25,13.8100004196167,13.717007637023926
2023-09-26,13.680000305175781,13.587882995605469
2023-09-27,13.449999809265137,13.359430313110352
2023-09-28,13.579999923706055,13.488555908203125
2023-09-29,13.720000267028809,13.627613067626953
2023-10-02,13.5,13.409093856811523
2023-10-03,13.119999885559082,13.031654357910156
2023-10-04,13.029999732971191,12.942258834838867
2023-10-05,12.880000114440918,12.793269157409668
2023-10-06,12.979999542236328,12.892594337463379
2023-10-09,13.119999885559082,13.031654357910156
2023-10-10,13.720000267028809,13.627613067626953
2023-10-11,13.84000015258789,13.746805191040039
2023-10-12,13.649999618530273,13.558084487915039
2023-10-13,13.40999984741211,13.319700241088867
2023-10-16,13.930000305175781,13.836200714111328
2023-10-17,14.0600004196167,13.965323448181152
2023-10-18,14.0600004196167,13.965323448181152
2023-10-19,14.100000381469727,14.005054473876953
2023-10-20,14.039999961853027,13.94545841217041
2023-10-23,14.210000038146973,14.114314079284668
2023-10-24,14.1899995803833,14.09444808959961
2023-10-25,14.039999961853027,13.94545841217041
2023-10-26,14.350000381469727,14.25337028503418
2023-10-27,13.880000114440918,13.78653621673584
2023-10-30,13.760000228881836,13.667344093322754
2023-10-31,13.9399995803833,13.84613037109375
2023-11-01,14.319999694824219,14.223572731018066
2023-11-02,14.59000015258789,14.491755485534668
2023-11-03,15.149999618530273,15.04798412322998
2023-11-06,15.15999984741211,15.057916641235352
2023-11-07,15.010000228881836,14.908926963806152
2023-11-08,15.470000267028809,15.365829467773438
2023-11-09,15.170000076293945,15.067849159240723
2023-11-10,15.609999656677246,15.504886627197266
2023-11-13,15.449999809265137,15.345963478088379
2023-11-14,16.059999465942383,15.95185661315918
2023-11-15,16.110000610351562,16.00152015686035
2023-11-16,16.149999618530273,16.041250228881836
2023-11-17,16.190000534057617,16.08098030090332
2023-11-20,16.459999084472656,16.349163055419922
2023-11-21,16.100000381469727,15.991585731506348
2023-11-22,16.31999969482422,16.21010398864746
2023-11-24,16.280000686645508,16.17037582397461
2023-11-27,16.479999542236328,16.36902618408203
2023-11-28,16.299999237060547,16.19023895263672
2023-11-29,16.459999084472656,16.349163055419922
2023-11-30,17.489999771118164,17.37222671508789
2023-12-01,18.690000534057617,18.564146041870117
2023-12-04,18.540000915527344,18.415157318115234
2023-12-05,18.790000915527344,18.66347312927246
2023-12-06,18.8700008392334,18.742935180664062
2023-12-07,18.920000076293945,18.7925968170166
2023-12-08,18.65999984741211,18.53434944152832
2023-12-11,19.229999542236328,19.100509643554688
2023-12-12,19.239999771118164,19.110443115234375
2023-12-13,19.739999771118164,19.60707664489746
2023-12-14,19.40999984741211,19.279298782348633
2023-12-15,19.219999313354492,19.090576171875
2023-12-18,19.0,18.872058868408203
2023-12-19,18.690000534057617,18.564146041870117
2023-12-20,18.200000762939453,18.07744789123535
2023-12-21,18.469999313354492,18.345626831054688
2023-12-22,18.6299991607666,18.504549026489258
2023-12-26,18.670000076293945,18.544279098510742
2023-12-27,18.690000534057617,18.564146041870117
2023-12-28,18.56999969482422,18.4449520111084
2023-12-29,18.450000762939453,18.325763702392578
2024-01-02,17.829999923706055,17.709938049316406
2024-01-03,17.510000228881836,17.392091751098633
2024-01-04,17.25,17.13384246826172
2024-01-05,17.5,17.382160186767578
2024-01-08,17.780000686645508,17.660274505615234
2024-01-09,17.559999465942383,17.441755294799805
2024-01-10,18.290000915527344,18.166841506958008
2024-01-11,17.950000762939453,17.829130172729492
2024-01-12,17.889999389648438,17.769533157348633
2024-01-16,17.350000381469727,17.233169555664062
2024-01-17,17.25,17.13384246826172
2024-01-18,17.100000381469727,16.984851837158203
2024-01-19,17.31999969482422,17.203371047973633
2024-01-22,17.469999313354492,17.352359771728516
2024-01-23,18.1299991607666,18.007915496826172
2024-01-24,18.360000610351562,18.236370086669922
2024-01-25,18.420000076293945,18.295963287353516
2024-01-26,18.18000030517578,18.057579040527344
2024-01-29,18.06999969482422,17.948322296142578
2024-01-30,18.510000228881836,18.385358810424805
2024-01-31,18.40999984741211,18.28603172302246
2024-02-01,18.350000381469727,18.226436614990234
2024-02-02,17.989999771118164,17.868860244750977
2024-02-05,18.15999984741211,18.037715911865234
2024-02-06,17.68000030517578,17.56094741821289
2024-02-07,17.389999389648438,17.272899627685547
2024-02-08,17.59000015258789,17.471553802490234
2024-02-09,18.110000610351562,17.988052368164062
2024-02-12,18.1200008392334,17.99798583984375
2024-02-13,17.6299991607666,17.51128387451172
2024-02-14,18.229999542236328,18.107242584228516
2024-02-15,18.270000457763672,18.146974563598633
2024-02-16,18.1200008392334,17.99798583984375
2024-02-20,18.459999084472656,18.335695266723633
2024-02-21,18.139999389648438,18.017850875854492
2024-02-22,18.299999237060547,18.176773071289062
2024-02-23,18.190000534057617,18.067514419555664
2024-02-26,18.309999465942383,18.18670654296875
2024-02-27,18.950000762939453,18.822397232055664
2024-02-28,19.25,19.120376586914062
2024-02-29,19.489999771118164,19.3587589263916
2024-03-01,20.850000381469727,20.70960235595703
2024-03-04,21.729999542236328,21.583675384521484
2024-03-05,21.610000610351562,21.4644832611084
2024-03-06,21.6200008392334,21.474416732788086
2024-03-07,21.3700008392334,21.226099014282227
2024-03-08,21.440000534057617,21.295629501342773
2024-03-11,21.239999771118164,21.096973419189453
2024-03-12,21.239999771118164,21.096973419189453
2024-03-13,21.440000534057617,21.295629501342773
2024-03-14,23.479999542236328,23.32189178466797
2024-03-15,23.329999923706055,23.172901153564453
2024-03-18,23.479999542236328,23.32189178466797
2024-03-19,25.06999969482422,24.901185989379883
2024-03-20,25.479999542236328,25.30842399597168
2024-03-21,24.729999542236328,24.563474655151367
2024-03-22,26.729999542236328,26.550006866455078
2024-03-25,27.040000915527344,26.857921600341797
2024-03-26,26.760000228881836,26.579805374145508
2024-03-27,26.649999618530273,26.47054672241211
2024-03-28,26.639999389648438,26.460613250732422
2024-04-01,25.639999389648438,25.46734619140625
2024-04-02,25.8700008392334,25.695798873901367
2024-04-03,26.190000534057617,26.013643264770508
2024-04-04,25.649999618530273,25.477279663085938
2024-04-05,25.59000015258789,25.41768455505371
2024-04-08,25.829999923706055,25.656068801879883
2024-04-09,25.979999542236328,25.805057525634766
2024-04-10,25.889999389648438,25.71566390991211
2024-04-11,25.59000015258789,25.41768455505371
2024-04-12,24.850000381469727,24.68266487121582
2024-04-15,24.149999618530273,23.98737907409668
2024-04-16,24.290000915527344,24.12643814086914
2024-04-17,24.399999618530273,24.23569679260254
2024-04-18,24.219999313354492,24.056907653808594
2024-04-19,23.790000915527344,23.629806518554688
2024-04-22,24.200000762939453,24.037044525146484
2024-04-23,24.280000686645508,24.116504669189453
2024-04-24,24.459999084472656,24.295291900634766
2024-04-25,25.0,24.831655502319336
2024-04-26,25.989999771118164,25.814990997314453
2024-04-29,26.09000015258789,25.914318084716797
2024-04-30,25.549999237060547,25.37795066833496
2024-05-01,25.950000762939453,25.77526092529297
2024-05-02,25.770000457763672,25.596473693847656
2024-05-03,26.959999084472656,26.778457641601562
2024-05-06,27.079999923706055,26.897647857666016
2024-05-07,26.56999969482422,26.391084671020508
2024-05-08,26.3700008392334,26.19243049621582
2024-05-09,26.399999618530273,26.22222900390625
2024-05-10,25.920000076293945,25.745460510253906
2024-05-13,26.440000534057617,26.261960983276367
2024-05-14,28.850000381469727,28.655731201171875
2024-05-15,30.350000381469727,30.145631790161133
2024-05-16,29.989999771118164,29.788053512573242
2024-05-17,30.93000030517578,30.721725463867188
2024-05-20,30.510000228881836,30.30455207824707
2024-05-21,30.84000015258789,30.63233184814453
2024-05-22,29.989999771118164,29.788053512573242
2024-05-23,29.360000610351562,29.16229820251465
2024-05-24,29.1200008392334,28.923913955688477
2024-05-28,28.75,28.5564022064209
2024-05-29,28.1200008392334,27.930646896362305
2024-05-30,28.100000381469727,27.910783767700195
2024-05-31,27.790000915527344,27.602869033813477
2024-06-03,28.049999237060547,27.861116409301758
2024-06-04,28.610000610351562,28.417346954345703
2024-06-05,27.75,27.563138961791992
2024-06-06,28.1299991607666,27.94057846069336
2024-06-07,28.850000381469727,28.655731201171875
2024-06-10,29.149999618530273,28.953710556030273
2024-06-11,28.889999389648438,28.69546127319336
2024-06-12,29.59000015258789,29.390748977661133
2024-06-13,29.420000076293945,29.221893310546875
2024-06-14,27.729999542236328,27.543272018432617
2024-06-17,27.75,27.563138961791992
2024-06-18,27.1299991607666,26.947311401367188
2024-06-20,26.65999984741211,26.48047637939453
2024-06-21,27.6299991607666,27.443944931030273
2024-06-24,27.809999465942383,27.62273597717285
2024-06-25,27.520000457763672,27.334688186645508
2024-06-26,27.399999618530273,27.215496063232422
2024-06-27,27.670000076293945,27.48367691040039
2024-06-28,25.799999237060547,25.62626838684082
2024-07-01,26.040000915527344,25.864654541015625
2024-07-02,25.899999618530273,25.725595474243164
2024-07-03,26.920000076293945,26.738727569580078
2024-07-05,26.170000076293945,25.993778228759766
2024-07-08,26.739999771118164,26.559938430786133
2024-07-09,28.719999313354492,28.526607513427734
2024-07-10,29.399999618530273,29.2020263671875
2024-07-11,29.700000762939453,29.500009536743164
2024-07-12,29.40999984741211,29.211959838867188
2024-07-15,29.90999984741211,29.708595275878906
2024-07-16,30.0,29.797988891601562
2024-07-17,29.309999465942383,29.112632751464844
2024-07-18,29.290000915527344,29.092769622802734
2024-07-19,29.75,29.549671173095703
2024-07-22,27.719999313354492,27.53333854675293
2024-07-23,29.979999542236328,29.778120040893555
2024-07-24,28.93000030517578,28.735193252563477
2024-07-25,28.770000457763672,28.576271057128906
2024-07-26,29.299999237060547,29.10270118713379
2024-07-29,29.049999237060547,28.85438346862793
2024-07-30,30.469999313354492,30.264822006225586
2024-07-31,31.059999465942383,30.85085105895996
2024-08-01,29.399999618530273,29.2020263671875
2024-08-02,27.579999923706055,27.394283294677734
2024-08-05,27.100000381469727,26.917516708374023
2024-08-06,27.25,27.066505432128906
2024-08-07,27.079999923706055,26.897647857666016
2024-08-08,29.920000076293945,29.718524932861328
2024-08-09,31.219999313354492,31.00977325439453
2024-08-12,31.520000457763672,31.307754516601562
2024-08-13,32.18000030517578,31.963306427001953
2024-08-14,32.150001525878906,31.93351173400879
2024-08-15,32.63999938964844,32.42020797729492
2024-08-16,32.5,32.281150817871094
2024-08-19,32.54999923706055,32.330814361572266
2024-08-20,32.54999923706055,32.330814361572266
2024-08-21,32.83000183105469,32.60893249511719
2024-08-22,32.970001220703125,32.74799346923828
2024-08-23,33.68000030517578,33.453208923339844
2024-08-26,33.689998626708984,33.463138580322266
2024-08-27,33.20000076293945,32.9764404296875
2024-08-28,33.400001525878906,33.17509460449219
2024-08-29,32.97999954223633,32.75791931152344
2024-08-30,33.22999954223633,33.0062370300293
2024-09-03,32.810001373291016,32.58906555175781
2024-09-04,34.790000915527344,34.55573272705078
2024-09-05,35.81999969482422,35.578800201416016
2024-09-06,33.790000915527344,33.56246566772461
2024-09-09,34.369998931884766,34.13855743408203
2024-09-10,34.16999816894531,33.939903259277344
2024-09-11,34.79999923706055,34.5656623840332
2024-09-12,36.060001373291016,35.817176818847656
2024-09-13,36.95000076293945,36.70119094848633
2024-09-16,35.43000030517578,35.19142150878906
2024-09-17,35.130001068115234,34.8934440612793
2024-09-18,34.79999923706055,34.5656623840332
2024-09-19,34.79999923706055,34.5656623840332
2024-09-20,35.099998474121094,34.863643646240234
2024-09-23,35.630001068115234,35.390079498291016
2024-09-24,36.619998931884766,36.3734130859375
2024-09-25,36.529998779296875,36.28401565551758
2024-09-26,36.93000030517578,36.68132400512695
2024-09-27,35.720001220703125,35.479469299316406
2024-09-30,35.369998931884766,35.1318244934082
2024-10-01,34.849998474121094,34.615325927734375
2024-10-02,34.209999084472656,33.97964096069336
2024-10-03,33.29999923706055,33.07576370239258
2024-10-04,33.93000030517578,33.70152282714844
2024-10-07,33.790000915527344,33.56246566772461
2024-10-08,33.59000015258789,33.36381530761719
2024-10-09,33.18000030517578,32.956573486328125
2024-10-10,33.59000015258789,33.36381530761719
2024-10-11,32.5,32.281150817871094
2024-10-14,33.150001525878906,32.92677688598633
2024-10-15,32.470001220703125,32.25136184692383
2024-10-16,34.52000045776367,34.28755187988281
2024-10-17,34.29999923706055,34.06903076171875
2024-10-18,33.86000061035156,33.631996154785156
2024-10-21,35.31999969482422,35.0821647644043
2024-10-22,35.029998779296875,34.79411697387695
2024-10-23,34.790000915527344,34.55573272705078
2024-10-24,34.91999816894531,34.684852600097656
2024-10-25,34.86000061035156,34.625267028808594
2024-10-28,34.38999938964844,34.158424377441406
2024-10-29,34.709999084472656,34.47627639770508
2024-10-30,34.189998626708984,33.959774017333984
2024-10-31,33.52000045776367,33.294281005859375
2024-11-01,33.209999084472656,32.98637008666992
2024-11-04,33.86000061035156,33.631996154785156
2024-11-05,34.220001220703125,33.98957061767578
2024-11-06,35.560001373291016,35.32054901123047
2024-11-07,35.18000030517578,34.94310760498047
2024-11-08,37.43000030517578,37.177955627441406
2024-11-11,38.83000183105469,38.56853103637695
2024-11-12,37.560001373291016,37.30708312988281
2024-11-13,39.18000030517578,38.916175842285156
2024-11-14,38.20000076293945,37.942771911621094
2024-11-15,37.91999816894531,37.66465759277344
2024-11-18,38.810001373291016,38.54866409301758
2024-11-19,37.689998626708984,37.43620300292969
2024-11-20,37.5,37.24748611450195
2024-11-21,38.81999969482422,38.558597564697266
2024-11-22,39.0,38.73738098144531
2024-11-25,38.90999984741211,38.64799118041992
2024-11-26,40.0,39.73065185546875
2024-11-27,38.20000076293945,37.942771911621094
2024-11-29,38.22999954223633,37.97256851196289
2024-12-02,38.0,37.744117736816406
2024-12-03,37.04999923706055,36.800514221191406
2024-12-04,37.11000061035156,36.860111236572266
2024-12-05,37.5,37.24748611450195
2024-12-06,37.84000015258789,37.5851936340332
2024-12-09,37.0,36.750850677490234
2024-12-10,37.150001525878906,36.899845123291016
2024-12-11,38.11000061035156,37.85337448120117
2024-12-12,36.75,36.50253677368164
2024-12-13,36.5099983215332,36.26414489746094
2024-12-16,36.40999984741211,36.16482162475586
2024-12-17,37.08000183105469,36.83031463623047
2024-12-18,35.029998779296875,34.79411697387695
2024-12-19,36.58000183105469,36.333683013916016
2024-12-20,36.099998474121094,35.856910705566406
2024-12-23,36.119998931884766,35.87677764892578
2024-12-24,36.58000183105469,36.333683013916016
2024-12-26,36.400001525878906,36.1548957824707
2024-12-27,36.45000076293945,36.204559326171875
2024-12-30,36.400001525878906,36.1548957824707
2024-12-31,36.68000030517578,36.43300247192383
2025-01-02,37.88999938964844,37.634857177734375
2025-01-03,37.11000061035156,36.860111236572266
2025-01-06,37.209999084472656,36.959434509277344
2025-01-07,37.95000076293945,37.694454193115234
2025-01-08,37.63999938964844,37.386539459228516
2025-01-10,37.65999984741211,37.40640640258789
2025-01-13,37.2599983215332,37.009098052978516
2025-01-14,37.77000045776367,37.515663146972656
2025-01-15,38.4900016784668,38.23081970214844
2025-01-16,39.72999954223633,39.46246337890625
2025-01-17,39.380001068115234,39.11482620239258
2025-01-21,41.52000045776367,41.24041748046875
2025-01-22,41.279998779296875,41.00203323364258
2025-01-23,41.5,41.220550537109375
2025-01-24,41.189998626708984,40.912635803222656
2025-01-27,40.29999923706055,40.028629302978516
2025-01-28,40.4900016784668,40.21735382080078
2025-01-29,40.33000183105469,40.05842590332031
2025-01-30,40.959999084472656,40.68418502807617
2025-01-31,40.970001220703125,40.694122314453125
2025-02-03,40.709999084472656,40.43586730957031
2025-02-04,39.849998474121094,39.5816535949707
2025-02-05,45.7599983215332,45.45186233520508
2025-02-06,44.650001525878906,44.34933853149414
2025-02-07,43.0099983215332,42.72037887573242
2025-02-10,42.06999969482422,41.786712646484375
2025-02-11,41.790000915527344,41.50859451293945
2025-02-12,41.43000030517578,41.151023864746094
2025-02-13,42.15999984741211,41.876102447509766
2025-02-14,42.209999084472656,41.92576599121094
2025-02-18,42.59000015258789,42.30320739746094
2025-02-19,42.75,42.462135314941406
2025-02-20,43.08000183105469,42.78990936279297
2025-02-21,41.2400016784668,40.962303161621094
2025-02-24,41.529998779296875,41.25034713745117
2025-02-25,42.15999984741211,41.876102447509766
2025-02-26,42.88999938964844,42.60118865966797
2025-02-27,47.5,47.18014907836914
2025-02-28,47.650001525878906,47.32914352416992
2025-03-03,49.95000076293945,49.613651275634766
2025-03-04,49.880001068115234,49.54412078857422
2025-03-05,52.880001068115234,52.523921966552734
2025-03-06,51.849998474121094,51.5008544921875
2025-03-07,51.02000045776367,50.67644500732422
2025-03-10,51.0,50.656578063964844
2025-03-11,50.59000015258789,50.24934005737305
2025-03-12,50.599998474121094,50.25926971435547
2025-03-13,51.0,50.656578063964844
2025-03-14,52.33000183105469,51.97762680053711
2025-03-17,54.619998931884766,54.252201080322266
2025-03-18,55.20000076293945,54.82830047607422
2025-03-19,56.400001525878906,56.02021789550781
2025-03-20,52.5,52.14647674560547
2025-03-21,52.63999938964844,52.2855339050293
2025-03-24,49.4900016784668,49.1567497253418
2025-03-25,48.88999938964844,48.560787200927734
2025-03-26,48.5,48.17341613769531
2025-03-27,47.47999954223633,47.160282135009766
2025-03-28,46.209999084472656,45.898834228515625
2025-03-31,46.20000076293945,45.88890075683594
2025-04-01,46.34000015258789,46.0279541015625
2025-04-02,45.83000183105469,45.521392822265625
2025-04-03,45.16999816894531,44.8658332824707
2025-04-04,41.70000076293945,41.41920471191406
2025-04-07,40.689998626708984,40.41600036621094
2025-04-08,40.41999816894531,40.14781951904297
2025-04-09,43.099998474121094,42.809776306152344
2025-04-10,41.040000915527344,40.763648986816406
2025-04-11,41.310001373291016,41.03182601928711
2025-04-14,43.09000015258789,42.799842834472656
2025-04-15,44.119998931884766,43.822906494140625
2025-04-16,42.560001373291016,42.273414611816406
2025-04-17,43.560001373291016,43.26667785644531
2025-04-21,42.08000183105469,41.79664993286133
2025-04-22,42.709999084472656,42.422401428222656
2025-04-23,44.25,43.952030181884766
2025-04-24,44.59000015258789,44.28974533081055
2025-04-25,44.790000915527344,44.488399505615234
2025-04-28,45.380001068115234,45.07442092895508
2025-04-29,45.59000015258789,45.28301239013672
2025-04-30,45.939998626708984,45.630653381347656
2025-05-01,45.790000915527344,45.48166275024414
2025-05-02,46.720001220703125,46.40540313720703
2025-05-05,46.56999969482422,46.256412506103516
2025-05-06,46.459999084472656,46.14714813232422
2025-05-07,46.970001220703125,46.65371322631836
2025-05-08,49.4900016784668,49.1567497253418
2025-05-09,48.209999084472656,47.8853645324707
2025-05-12,48.04999923706055,47.7264404296875
2025-05-13,49.400001525878906,49.06735610961914
2025-05-14,49.68000030517578,49.34546661376953
2025-05-15,49.38999938964844,49.05742263793945
2025-05-16,48.810001373291016,48.529476165771484
2025-05-19,49.97999954223633,49.692745208740234
2025-05-20,48.68000030517578,48.40021514892578
2025-05-21,47.790000915527344,47.51533508300781
2025-05-22,47.40999984741211,47.137516021728516
2025-05-23,47.4900016784668,47.21706008911133
2025-05-27,48.58000183105469,48.30079650878906
2025-05-28,46.880001068115234,46.61056900024414
2025-05-29,46.880001068115234,46.61056900024414
2025-05-30,45.9900016784668,45.725677490234375
2025-06-02,46.06999969482422,45.80522155761719
2025-06-03,45.959999084472656,45.69585037231445
2025-06-04,47.84000015258789,47.56504821777344
2025-06-05,47.68000030517578,47.40597152709961
2025-06-06,46.5099983215332,46.24269104003906
2025-06-09,48.369998931884766,48.09199905395508
2025-06-10,47.38999938964844,47.11763000488281
2025-06-11,47.81999969482422,47.545162200927734
2025-06-12,49.790000915527344,49.50384521484375
2025-06-13,48.290000915527344,48.0124626159668
2025-06-16,51.040000915527344,50.74665832519531
2025-06-17,51.08000183105469,50.78642654418945
2025-06-18,53.150001525878906,52.84453201293945
2025-06-20,52.4900016784668,52.188323974609375
2025-06-23,53.279998779296875,52.97378158569336
2025-06-24,53.22999954223633,52.924068450927734
2025-06-25,52.900001525878906,52.59596633911133
2025-06-26,53.790000915527344,53.48085403442383
2025-06-27,54.95000076293945,54.634185791015625
2025-06-30,56.90999984741211,56.58292007446289
2025-07-01,59.16999816894531,58.82992935180664
2025-07-02,59.369998931884766,59.02878189086914
2025-07-03,61.02000045776367,60.66929626464844
2025-07-07,59.88999938964844,59.54579162597656
2025-07-08,59.630001068115234,59.287288665771484
2025-07-09,57.20000076293945,56.87125015258789
2025-07-10,54.540000915527344,54.22654342651367
2025-07-11,53.91999816894531,53.610103607177734
2025-07-14,52.900001525878906,52.59596633911133
2025-07-15,53.33000183105469,53.023494720458984
2025-07-16,51.15999984741211,50.865966796875
2025-07-17,51.040000915527344,50.74665832519531
2025-07-18,49.29999923706055,49.016658782958984
2025-07-21,48.970001220703125,48.68855667114258
2025-07-22,48.68000030517578,48.40021514892578
2025-07-23,49.83000183105469,49.543609619140625
2025-07-24,47.61000061035156,47.336368560791016
2025-07-25,47.84000015258789,47.56504821777344
2025-07-28,47.38999938964844,47.11763000488281
2025-07-29,49.599998474121094,49.3149299621582
2025-07-30,54.83000183105469,54.51487350463867
2025-07-31,57.58000183105469,57.24907302856445
2025-08-01,56.84000015258789,56.51332473754883
2025-08-04,57.810001373291016,57.47774887084961
2025-08-05,57.16999816894531,56.8414192199707
2025-08-06,57.13999938964844,56.81159973144531
2025-08-07,57.95000076293945,57.616943359375
2025-08-08,58.38999938964844,58.054412841796875
2025-08-11,57.77000045776367,57.4379768371582
2025-08-12,58.709999084472656,58.37257385253906
2025-08-13,58.709999084472656,58.37257385253906
2025-08-14,59.779998779296875,59.436424255371094
2025-08-15,57.52000045776367,57.18941116333008
2025-08-18,57.86000061035156,57.527462005615234
2025-08-19,56.029998779296875,55.707977294921875
2025-08-20,55.65999984741211,55.34010314941406
2025-08-21,56.279998779296875,55.956539154052734
2025-08-22,56.93000030517578,56.602806091308594
2025-08-25,55.90999984741211,55.58866500854492
2025-08-26,56.25,55.92671203613281
2025-08-27,55.849998474121094,55.52901077270508
2025-08-28,56.45000076293945,56.12556457519531
2025-08-29,56.33000183105469,56.006256103515625
2025-09-02,57.439998626708984,57.1098747253418
2025-09-03,57.130001068115234,56.801658630371094
2025-09-04,58.90999984741211,58.5714225769043
2025-09-05,60.970001220703125,60.61958694458008
2025-09-08,60.310001373291016,59.96337890625
2025-09-09,60.189998626708984,59.84406661987305
2025-09-10,59.38999938964844,59.048667907714844
2025-09-11,58.79999923706055,58.46205520629883
2025-09-12,57.31999969482422,56.990562438964844
2025-09-15,56.959999084472656,56.632633209228516
2025-09-16,57.119998931884766,56.791709899902344
2025-09-17,56.709999084472656,56.38406753540039
2025-09-18,57.31999969482422,56.990562438964844
2025-09-19,57.939998626708984,57.606998443603516
2025-09-22,60.27000045776367,59.92361068725586
2025-09-23,60.720001220703125,60.37102127075195
2025-09-24,60.31999969482422,59.973323822021484
2025-09-25,59.9900016784668,59.64521789550781
2025-09-26,60.61000061035156,60.261653900146484
2025-09-29,59.5,59.15803527832031
2025-09-30,60.45000076293945,60.102577209472656
2025-10-01,60.560001373291016,60.21194076538086
2025-10-02,56.779998779296875,56.45366668701172
2025-10-03,57.349998474121094,57.0203857421875
2025-10-06,58.68000030517578,58.34274673461914
2025-10-07,57.72999954223633,57.3982048034668
2025-10-08,58.310001373291016,57.974876403808594
2025-10-09,57.63999938964844,57.30872344970703
2025-10-10,56.040000915527344,55.71792221069336
2025-10-13,57.790000915527344,57.457862854003906
2025-10-14,60.5,60.15229034423828
2025-10-15,59.15999984741211,58.819984436035156
2025-10-16,59.54999923706055,59.20774841308594
2025-10-17,59.470001220703125,59.12820816040039
2025-10-20,60.70000076293945,60.351139068603516
2025-10-21,63.83000183105469,63.46315002441406
2025-10-22,63.060001373291016,62.69757843017578
2025-10-23,64.19999694824219,63.831016540527344
2025-10-24,64.18000030517578,63.81113815307617
2025-10-27,64.2699966430664,63.90061569213867
2025-10-28,66.93000030517578,66.54533386230469
2025-10-29,65.80999755859375,65.4317626953125
2025-10-30,65.22000122070312,64.84516143798828
2025-10-31,64.4800033569336,64.10942077636719
2025-11-03,64.66999816894531,64.2983169555664
2025-11-04,62.04999923706055,61.69337463378906
2025-11-05,64.58000183105469,64.2088394165039
2025-11-06,63.880001068115234,63.51286315917969
2025-11-07,64.4000015258789,64.02986907958984
2025-11-10,65.31999969482422,64.944580078125
2025-11-11,65.58999633789062,65.2130355834961
2025-11-12,63.689998626708984,63.323951721191406
2025-11-13,62.63999938964844,62.27998733520508
2025-11-14,62.880001068115234,62.51860809326172
2025-11-17,63.20000076293945,62.836769104003906
2025-11-18,63.290000915527344,62.92625427246094
2025-11-19,64.56999969482422,64.19889068603516
2025-11-20,62.04999923706055,61.69337463378906
2025-11-21,60.9900016784668,60.63947296142578
2025-11-24,60.939998626708984,60.58975601196289
2025-11-25,60.9900016784668,60.63947296142578
2025-11-26,61.93000030517578,61.57406997680664
2025-11-28,62.720001220703125,62.359527587890625
2025-12-01,61.61000061035156,61.25590896606445
2025-12-02,63.689998626708984,63.323951721191406
2025-12-03,65.0999984741211,64.72584533691406
2025-12-04,63.65999984741211,63.294124603271484
2025-12-05,61.86000061035156,61.50447082519531
2025-12-08,63.720001220703125,63.353782653808594
2025-12-09,65.68000030517578,65.3025131225586
2025-12-10,65.20999908447266,64.83521270751953
2025-12-11,64.5199966430664,64.14917755126953
2025-12-12,64.04000091552734,63.67194747924805
2025-12-15,64.54000091552734,64.16907501220703
2025-12-16,64.98999786376953,64.61648559570312
2025-12-17,62.41999816894531,62.061248779296875
2025-12-18,63.33000183105469,62.96602249145508
2025-12-19,63.560001373291016,63.1947021484375
2025-12-22,64.5,64.1292953491211
2025-12-23,64.83999633789062,64.46734619140625
2025-12-24,64.5999984741211,64.22872161865234
2025-12-26,64.37000274658203,64.00004577636719
2025-12-29,64.27999877929688,63.91056442260742
2025-12-30,64.80999755859375,64.43750762939453
2025-12-31,64.37000274658203,64.00004577636719
2026-01-02,65.43000030517578,65.05394744873047
2026-01-05,68.3499984741211,67.95716094970703
2026-01-06,69.37999725341797,68.98124694824219
2026-01-07,69.83999633789062,69.4385986328125
2026-01-08,70.66999816894531,70.26383972167969
2026-01-09,71.44999694824219,71.03935241699219
2026-01-12,72.72000122070312,72.30204772949219
2026-01-13,72.51000213623047,72.09326171875
2026-01-14,71.58999633789062,71.17854309082031
2026-01-15,73.93000030517578,73.50509643554688
2026-01-16,73.62999725341797,73.20681762695312
2026-01-20,73.38999938964844,72.96820831298828
2026-01-21,75.06999969482422,74.63854217529297
2026-01-22,77.5999984741211,77.15399932861328
2026-01-23,78.80000305175781,78.34710693359375
2026-01-26,77.30999755859375,76.86566925048828
2026-01-27,79.88999938964844,79.43083953857422
2026-01-28,76.4800033569336,76.04045104980469
2026-01-29,74.77999877929688,74.35021209716797
2026-01-30,73.45999908447266,73.03779602050781
2026-02-02,73.83000183105469,73.40567016601562
2026-02-03,73.2699966430664,72.84888458251953
2026-02-04,69.91999816894531,69.51815032958984
2026-02-05,69.62000274658203,69.21987915039062
2026-02-06,70.98999786376953,70.58199310302734
2026-02-09,72.48999786376953,72.07337188720703
2026-02-10,72.2699966430664,71.85462951660156
2026-02-11,72.44000244140625,72.02366638183594
2026-02-12,71.44999694824219,71.03935241699219
2026-02-13,71.04000091552734,70.63170623779297
2026-02-17,71.51000213623047,71.09901428222656
2026-02-18,72.05000305175781,71.63591003417969
2026-02-19,72.4000015258789,71.98389434814453
2026-02-20,74.26000213623047,73.83319854736328
2026-02-23,72.5,72.08332061767578
2026-02-24,72.9800033569336,72.56056213378906
2026-02-25,71.7300033569336,71.3177490234375
2026-02-26,73.27999877929688,72.85884094238281
2026-02-27,72.22000122070312,71.80492401123047
2026-03-02,71.87999725341797,71.46688079833984
2026-03-03,69.08000183105469,68.68297576904297
2026-03-04,70.70999908447266,70.30360412597656
2026-03-05,66.47000122070312,66.08797454833984
2026-03-06,61.689998626708984,61.335445404052734
2026-03-09,64.43000030517578,64.05970764160156
2026-03-10,65.80000305175781,65.42182922363281
2026-03-11,65.08999633789062,64.71591186523438
2026-03-12,56.68000030517578,56.354244232177734
2026-03-13,55.83000183105469,55.50912857055664
2026-03-16,59.0,58.66090774536133
2026-03-17,58.560001373291016,58.22344207763672
2026-03-18,58.90999984741211,58.5714225769043
2026-03-19,58.060001373291016,57.726314544677734
2026-03-20,54.599998474121094,54.286197662353516
2026-03-23,58.709999084472656,58.37257385253906
2026-03-24,57.83000183105469,57.49763107299805
2026-03-25,58.900001525878906,58.561485290527344
2026-03-26,57.119998931884766,56.791709899902344
2026-03-27,55.97999954223633,55.65826416015625
2026-03-30,55.59000015258789,55.270503997802734
2026-03-31,59.34000015258789,58.99895477294922
2026-04-01,62.38999938964844,62.03142547607422
2026-04-02,62.7599983215332,62.39929962158203
2026-04-06,63.540000915527344,63.1748161315918
2026-04-07,62.93000030517578,62.568321228027344
2026-04-08,66.76000213623047,66.37631225585938
2026-04-09,67.55999755859375,67.17170715332031
2026-04-10,68.81999969482422,68.42446899414062
2026-04-13,69.69999694824219,69.29940795898438
2026-04-14,69.45999908447266,69.060791015625
2026-04-15,68.16000366210938,67.76826477050781
2026-04-16,66.22000122070312,65.83941650390625
2026-04-17,67.95999908447266,67.56941223144531
2026-04-20,67.9800033569336,67.58930206298828
2026-04-21,65.80000305175781,65.42182922363281
2026-04-22,64.37999725341797,64.0099868774414
2026-04-23,63.060001373291016,62.69757843017578
2026-04-24,62.619998931884766,62.26009750366211
2026-04-27,63.08000183105469,62.71746063232422
2026-04-28,63.13999938964844,62.77711486816406
2026-04-29,60.790000915527344,60.44062042236328
2026-04-30,62.70000076293945,62.33964157104492
2026-05-01,62.61000061035156,62.25016403198242
2026-05-04,63.619998931884766,63.25435256958008
2026-05-05,63.93000030517578,63.56257247924805
2026-05-06,68.41999816894531,68.02677154541016
2026-05-07,67.75,67.3606185913086
2026-05-08,60.11000061035156,59.7645263671875
2026-05-11,60.36000061035156,60.013092041015625
2026-05-12,59.959999084472656,59.615386962890625
2026-05-13,58.2599983215332,57.92516326904297
2026-05-14,58.720001220703125,58.38251876831055
2026-05-15,55.7599983215332,55.44802474975586
2026-05-18,56.38999938964844,56.074501037597656
2026-05-19,54.31999969482422,54.016082763671875
2026-05-20,56.47999954223633,56.163997650146484
2026-05-21,56.52000045776367,56.20377731323242
2026-05-22,57.58000183105469,57.25784683227539
2026-05-26,57.900001525878906,57.576053619384766
2026-05-27,58.06999969482422,57.74510192871094
2026-05-28,58.400001525878906,58.07325744628906
2026-05-29,57.75,57.4268913269043
2026-06-01,56.959999084472656,56.64131164550781
2026-06-02,57.27000045776367,56.94957733154297
2026-06-03,55.20000076293945,54.89115905761719
2026-06-04,56.5099983215332,56.19382858276367
2026-06-05,56.68000030517578,56.36288070678711
2026-06-08,56.540000915527344,56.223663330078125
2026-06-09,56.29999923706055,55.98500442504883
2026-06-10,53.81999969482422,53.51887893676758
2026-06-11,56.099998474121094,55.7861213684082
2026-06-12,57.79999923706055,57.47661209106445
2026-06-15,61.5,61.15591049194336
2026-06-16,59.91999816894531,59.584747314453125
2026-06-17,61.310001373291016,60.966976165771484
2026-06-18,60.70000076293945,60.36038589477539
2026-06-22,60.959999084472656,60.61893081665039
2026-06-23,61.08000183105469,60.73826599121094
2026-06-24,61.66999816894531,61.32495880126953
2026-06-25,62.79999923706055,62.448638916015625
2026-06-26,63.75,63.3933219909668
2026-06-29,62.150001525878906,61.802276611328125
2026-06-30,63.79999923706055,63.44303894042969
2026-07-01,63.04999923706055,62.69723892211914
2026-07-02,64.11000061035156,63.972496032714844
2026-07-06,67.23999786376953,67.09577941894531
2026-07-07,65.97000122070312,65.82850646972656
2026-07-08,63.41999816894531,63.283973693847656
2026-07-09,65.54000091552734,65.39942932128906
2026-07-10,66.01000213623047,65.86842346191406
2026-07-13,64.4800033569336,64.34170532226562
2026-07-14,64.91000366210938,64.77078247070312
2026-07-15,64.9000015258789,64.76080322265625
2026-07-16,64.37000274658203,64.23194122314453
2026-07-17,64.08999633789062,63.95253372192383
2026-07-20,65.93000030517578,65.78858947753906
2026-07-21,65.47000122070312,65.32958221435547
2026-07-22,66.05000305175781,65.90834045410156
2026-07-23,65.47000122070312,65.32958221435547
2026-07-24,64.93000030517578,64.79074096679688
2026-07-27,67.98999786376953,67.84416961669922
2026-07-28,69.08999633789062,68.94181060791016
2026-07-29,67.66000366210938,67.51488494873047
2026-07-30,68.11000061035156,67.96392059326172
2026-07-31,68.33000183105469,68.1834487915039
2026-08-03,70.94000244140625,70.78784942626953
2026-08-04,70.5199966430664,70.36874389648438
2026-08-05,72.77999877929688,72.6239013671875
2026-08-06,71.93000030517578,71.77572631835938
2026-08-07,73.01000213623047,72.85340881347656
2026-08-10,73.80000305175781,73.64171600341797
2026-08-11,71.38999938964844,71.23687744140625
2026-08-12,73.95999908447266,73.8013687133789
2026-08-13,74.22000122070312,74.0608139038086
2026-08-14,75.37999725341797,75.21832275390625
2026-08-17,77.1500015258789,76.98452758789062
2026-08-18,77.08000183105469,76.91468048095703
2026-08-19,77.75,77.58324432373047
2026-08-20,75.08000183105469,74.9189682006836
2026-08-21,75.94999694824219,75.78710174560547
2026-08-24,76.26000213623047,76.096435546875
2026-08-25,74.62999725341797,74.46993255615234
2026-08-26,75.2699966430664,75.10855865478516
2026-08-27,75.44000244140625,75.2781982421875
2026-08-28,72.54000091552734,72.38441467285156
2026-08-31,71.55999755859375,71.4065170288086
2026-09-01,71.70999908447266,71.55619812011719
2026-09-02,72.20999908447266,72.05512237548828
2026-09-03,73.61000061035156,73.45211791992188
2026-09-04,73.80999755859375,73.65168762207031
2026-09-08,73.91000366210938,73.75148010253906
2026-09-09,74.33000183105469,74.17057800292969
2026-09-10,74.75,74.58967590332031
2026-09-11,75.48999786376953,75.32808685302734
2026-09-14,75.0,74.83914184570312
2026-09-15,74.08000183105469,73.92111206054688
2026-09-16,74.01000213623047,73.85126495361328
2026-09-17,74.55000305175781,74.39010620117188
2026-09-18,75.06999969482422,74.90898895263672
2026-09-21,77.0199966430664,76.85480499267578
2026-09-22,76.93000030517578,76.76499938964844
2026-09-23,75.43000030517578,75.43000030517578
2026-09-24,76.4000015258789,76.4000015258789
2026-09-25,78.62999725341797,78.62999725341797
2026-09-28,76.52999877929688,76.52999877929688
2026-09-29,76.87000274658203,76.87000274658203
2026-09-30,75.31999969482422,75.31999969482422
2026-10-01,74.08999633789062,74.08999633789062
2026-10-02,75.20999908447266,75.20999908447266
2026-10-05,75.2699966430664,75.2699966430664
2026-10-06,75.19999694824219,75.19999694824219
