date,close,adjclose
2003-10-07,5.787499904632568,0.9009515047073364
2003-10-08,5.849999904632568,0.9106807112693787
2003-10-09,5.900000095367432,0.9184646010398865
2003-10-10,5.887499809265137,0.9165182113647461
2003-10-13,5.989999771118164,0.9324747920036316
2003-10-14,5.900000095367432,0.9184646010398865
2003-10-15,5.797500133514404,0.9025083184242249
2003-10-16,5.702499866485596,0.8877190947532654
2003-10-17,5.644999980926514,0.8787681460380554
2003-10-20,5.625,0.8756548166275024
2003-10-21,5.672500133514404,0.8830491900444031
2003-10-22,5.572500228881836,0.8674818873405457
2003-10-23,5.465000152587891,0.8507471084594727
2003-10-24,5.534999847412109,0.8616440892219543
2003-10-27,5.525000095367432,0.8600876927375793
2003-10-28,5.684999942779541,0.8849949836730957
2003-10-29,5.644999980926514,0.8787681460380554
2003-10-30,5.565000057220459,0.8663143515586853
2003-10-31,5.440000057220459,0.8468553423881531
2003-11-03,5.644999980926514,0.8787681460380554
2003-11-04,5.639999866485596,0.8779897689819336
2003-11-05,5.522500038146973,0.8596982955932617
2003-11-06,5.6875,0.8853840827941895
2003-11-07,5.712500095367432,0.8892760276794434
2003-11-10,5.577499866485596,0.8682602643966675
2003-11-11,5.550000190734863,0.8639792203903198
2003-11-12,5.675000190734863,0.883437991142273
2003-11-13,5.824999809265137,0.9067886471748352
2003-11-14,5.8125,0.9048433899879456
2003-11-17,5.71750020980835,0.8900545835494995
2003-11-18,5.817500114440918,0.9056217670440674
2003-11-19,5.875,0.9145725965499878
2003-11-20,5.787499904632568,0.9009515047073364
2003-11-21,5.637499809265137,0.9180086851119995
2003-11-24,5.739999771118164,0.9346994161605835
2003-11-25,5.630000114440918,0.9167876839637756
2003-11-26,5.577499866485596,0.9082382917404175
2003-11-28,5.630000114440918,0.9167876839637756
2003-12-01,5.892499923706055,0.9595328569412231
2003-12-02,5.897500038146973,0.9603468179702759
2003-12-03,5.800000190734863,0.9444703459739685
2003-12-04,5.837500095367432,0.9505767226219177
2003-12-05,5.869999885559082,0.9558694362640381
2003-12-08,5.860000133514404,0.9542405009269714
2003-12-09,6.025000095367432,0.9811089634895325
2003-12-10,6.067500114440918,0.9880298972129822
2003-12-11,6.212500095367432,1.0116417407989502
2003-12-12,6.175000190734863,1.0055352449417114
2003-12-15,6.184999942779541,1.007163405418396
2003-12-16,6.210000038146973,1.0112344026565552
2003-12-17,6.34499979019165,1.0332179069519043
2003-12-18,6.449999809265137,1.0503159761428833
2003-12-19,6.487500190734863,1.0564225912094116
2003-12-22,6.639999866485596,1.0812557935714722
2003-12-23,6.602499961853027,1.0751489400863647
2003-12-24,6.542500019073486,1.0653786659240723
2003-12-26,6.472499847412109,1.053979754447937
2003-12-29,6.697500228881836,1.0906188488006592
2003-12-30,6.642499923706055,1.0816625356674194
2003-12-31,6.664999961853027,1.0853264331817627
2004-01-02,6.849999904632568,1.1154522895812988
2004-01-05,7.335000038146973,1.1944291591644287
2004-01-06,7.702499866485596,1.2542728185653687
2004-01-07,7.675000190734863,1.249794602394104
2004-01-08,7.537499904632568,1.227403998374939
2004-01-09,7.552499771118164,1.229846477508545
2004-01-12,7.6875,1.251829981803894
2004-01-13,7.697500228881836,1.2534584999084473
2004-01-14,7.465000152587891,1.215598464012146
2004-01-15,7.184999942779541,1.1700036525726318
2004-01-16,7.449999809265137,1.2131558656692505
2004-01-20,7.747499942779541,1.2616002559661865
2004-01-21,7.577499866485596,1.2339180707931519
2004-01-22,7.462500095367432,1.2151910066604614
2004-01-23,7.5,1.2212975025177002
2004-01-26,7.554999828338623,1.2302535772323608
2004-01-27,7.502500057220459,1.2217048406600952
2004-01-28,7.340000152587891,1.1952433586120605
2004-01-29,6.849999904632568,1.1154522895812988
2004-01-30,6.690000057220459,1.0893973112106323
2004-02-02,6.78000020980835,1.1040527820587158
2004-02-03,6.90749979019165,1.1248153448104858
2004-02-04,6.820000171661377,1.1105667352676392
2004-02-05,6.71750020980835,1.093875765800476
2004-02-06,6.917500019073486,1.1264435052871704
2004-02-09,7.027500152587891,1.1443554162979126
2004-02-10,7.192500114440918,1.1712241172790527
2004-02-11,7.449999809265137,1.2131558656692505
2004-02-12,7.550000190734863,1.2294402122497559
2004-02-13,7.409999847412109,1.2066420316696167
2004-02-17,7.315000057220459,1.191172480583191
2004-02-18,7.175000190734863,1.1683748960494995
2004-02-19,6.875,1.1195229291915894
2004-02-20,6.894999980926514,1.1227799654006958
2004-02-23,6.90749979019165,1.1248153448104858
2004-02-24,6.815000057220459,1.1097522974014282
2004-02-25,7.002500057220459,1.1402848958969116
2004-02-26,6.957499980926514,1.132957100868225
2004-02-27,7.025000095367432,1.143949031829834
2004-03-01,7.375,1.2009429931640625
2004-03-02,7.372499942779541,1.2005360126495361
2004-03-03,7.497499942779541,1.2208906412124634
2004-03-04,7.322500228881836,1.1923936605453491
2004-03-05,7.449999809265137,1.2131558656692505
2004-03-08,7.510000228881836,1.222926139831543
2004-03-09,7.550000190734863,1.2294402122497559
2004-03-10,7.142499923706055,1.1630823612213135
2004-03-11,7.012499809265137,1.1419135332107544
2004-03-12,7.150000095367432,1.1643037796020508
2004-03-15,6.912499904632568,1.125629186630249
2004-03-16,6.987500190734863,1.1378424167633057
2004-03-17,7.119999885559082,1.1594183444976807
2004-03-18,7.420000076293945,1.2082710266113281
2004-03-19,7.199999809265137,1.1724457740783691
2004-03-22,7.074999809265137,1.1520910263061523
2004-03-23,7.012499809265137,1.1419135332107544
2004-03-24,6.994999885559082,1.1390634775161743
2004-03-25,6.820000171661377,1.1408199071884155
2004-03-26,6.815000057220459,1.1399834156036377
2004-03-29,6.872499942779541,1.149601697921753
2004-03-30,7.164999961853027,1.1985300779342651
2004-03-31,7.385000228881836,1.235330581665039
2004-04-01,7.375,1.2336580753326416
2004-04-02,7.46750020980835,1.2491310834884644
2004-04-05,7.460000038146973,1.2478768825531006
2004-04-06,7.472499847412109,1.2499674558639526
2004-04-07,7.449999809265137,1.2462040185928345
2004-04-08,7.545000076293945,1.2620947360992432
2004-04-12,7.647500038146973,1.2792407274246216
2004-04-13,7.565000057220459,1.265440583229065
2004-04-14,7.4375,1.2441126108169556
2004-04-15,7.309999942779541,1.2227855920791626
2004-04-16,7.275000095367432,1.216930627822876
2004-04-19,7.25,1.212748646736145
2004-04-20,6.987500190734863,1.168838620185852
2004-04-21,6.8125,1.1395652294158936
2004-04-22,6.887499809265137,1.1521111726760864
2004-04-23,7.037499904632568,1.1772030591964722
2004-04-26,6.887499809265137,1.1521111726760864
2004-04-27,6.9375,1.1604748964309692
2004-04-28,6.65749979019165,1.1136378049850464
2004-04-29,6.300000190734863,1.0538369417190552
2004-04-30,6.237500190734863,1.0433818101882935
2004-05-03,6.292500019073486,1.0525821447372437
2004-05-04,6.545000076293945,1.094819188117981
2004-05-05,6.699999809265137,1.1207468509674072
2004-05-06,6.179999828338623,1.0337635278701782
2004-05-07,5.875,0.9827447533607483
2004-05-10,5.519999980926514,0.9233616590499878
2004-05-11,6.070000171661377,1.015363097190857
2004-05-12,5.932499885559082,0.9923624992370605
2004-05-13,6.002500057220459,1.0040723085403442
2004-05-14,5.877500057220459,0.9831627011299133
2004-05-17,5.639999866485596,0.9434347748756409
2004-05-18,5.650000095367432,0.9451077580451965
2004-05-19,5.6875,0.9513805508613586
2004-05-20,5.375,0.8991066217422485
2004-05-21,5.212500095367432,0.8719245791435242
2004-05-24,5.612500190734863,0.9388349056243896
2004-05-25,5.577499866485596,0.9329797625541687
2004-05-26,5.525000095367432,0.9241982102394104
2004-05-27,5.737500190734863,0.9597442150115967
2004-05-28,5.760000228881836,0.9635083079338074
2004-06-01,5.807499885559082,0.9714532494544983
2004-06-02,5.855000019073486,0.9793993234634399
2004-06-03,5.724999904632568,0.9576530456542969
2004-06-04,5.804999828338623,0.971035361289978
2004-06-07,6.0,1.003653883934021
2004-06-08,5.877500057220459,0.9831627011299133
2004-06-09,5.75,0.9618352651596069
2004-06-10,5.792500019073486,0.9689443111419678
2004-06-14,5.644999980926514,0.9442713856697083
2004-06-15,5.947500228881836,0.9948721528053284
2004-06-16,5.982500076293945,1.000726580619812
2004-06-17,5.987500190734863,1.001563310623169
2004-06-18,5.974999904632568,0.9994717240333557
2004-06-21,5.902500152587891,0.9873450994491577
2004-06-22,5.942500114440918,0.9940358996391296
2004-06-23,6.237500190734863,1.0433818101882935
2004-06-24,6.262499809265137,1.0475631952285767
2004-06-25,6.122499942779541,1.024145483970642
2004-06-28,6.0,1.003653883934021
2004-06-29,6.107500076293945,1.02163565158844
2004-06-30,6.300000190734863,1.0538369417190552
2004-07-01,6.247499942779541,1.0450547933578491
2004-07-02,6.320000171661377,1.0571820735931396
2004-07-06,6.175000190734863,1.0329276323318481
2004-07-07,6.127500057220459,1.0249817371368408
2004-07-08,6.027500152587891,1.008254051208496
2004-07-09,6.150000095367432,1.028745412826538
2004-07-12,6.150000095367432,1.028745412826538
2004-07-13,6.112500190734863,1.022472858428955
2004-07-14,6.130000114440918,1.0254002809524536
2004-07-15,6.382500171661377,1.0676369667053223
2004-07-16,6.525000095367432,1.0914738178253174
2004-07-19,6.447500228881836,1.07850980758667
2004-07-20,6.375,1.066382646560669
2004-07-21,6.322500228881836,1.0576002597808838
2004-07-22,6.144999980926514,1.0279088020324707
2004-07-23,6.119999885559082,1.0237270593643188
2004-07-26,6.0625,1.014108419418335
2004-07-27,6.212500095367432,1.039199948310852
2004-07-28,6.3125,1.0559276342391968
2004-07-29,6.425000190734863,1.0747461318969727
2004-07-30,6.412499904632568,1.0726548433303833
2004-08-02,6.389999866485596,1.068891167640686
2004-08-03,6.380000114440918,1.067218542098999
2004-08-04,6.447500228881836,1.07850980758667
2004-08-05,6.25,1.0454727411270142
2004-08-06,6.412499904632568,1.0726548433303833
2004-08-09,6.442500114440918,1.0776740312576294
2004-08-10,6.550000190734863,1.0956556797027588
2004-08-11,6.550000190734863,1.0956556797027588
2004-08-12,6.597499847412109,1.1036009788513184
2004-08-13,6.539999961853027,1.0939826965332031
2004-08-16,6.659999847412109,1.11405611038208
2004-08-17,6.644999980926514,1.1115472316741943
2004-08-18,6.732500076293945,1.1261835098266602
2004-08-19,6.867499828338623,1.1487656831741333
2004-08-20,7.087500095367432,1.1855661869049072
2004-08-23,7.052499771118164,1.1797118186950684
2004-08-24,7.047500133514404,1.178875207901001
2004-08-25,7.112500190734863,1.1897480487823486
2004-08-26,6.947500228881836,1.162147879600525
2004-08-27,6.962500095367432,1.1646568775177002
2004-08-30,6.940000057220459,1.1608933210372925
2004-08-31,6.972499847412109,1.1663296222686768
2004-09-01,6.989999771118164,1.1692571640014648
2004-09-02,7.077499866485596,1.1838937997817993
2004-09-03,7.09499979019165,1.1868208646774292
2004-09-07,7.090000152587891,1.1859849691390991
2004-09-08,7.25,1.212748646736145
2004-09-09,7.289999961853027,1.21943998336792
2004-09-10,7.227499961853027,1.2089848518371582
2004-09-13,7.244999885559082,1.2119117975234985
2004-09-14,7.357500076293945,1.2307308912277222
2004-09-15,7.324999809265137,1.2252941131591797
2004-09-16,7.46999979019165,1.249549388885498
2004-09-17,7.579999923706055,1.2679499387741089
2004-09-20,7.625,1.2754768133163452
2004-09-21,7.755000114440918,1.2972228527069092
2004-09-22,7.670000076293945,1.283004879951477
2004-09-23,7.860000133514404,1.314786672592163
2004-09-24,8.050000190734863,1.346569538116455
2004-09-27,8.092499732971191,1.3536784648895264
2004-09-28,7.912499904632568,1.3677666187286377
2004-09-29,7.985000133514404,1.3802993297576904
2004-09-30,7.980000019073486,1.379434585571289
2004-10-01,8.2475004196167,1.4256752729415894
2004-10-04,8.350000381469727,1.4433938264846802
2004-10-05,8.449999809265137,1.4606797695159912
2004-10-06,8.477499961853027,1.465433120727539
2004-10-07,8.487500190734863,1.4671622514724731
2004-10-08,8.529999732971191,1.474508285522461
2004-10-11,8.479999542236328,1.465866208076477
2004-10-12,8.319999694824219,1.4382076263427734
2004-10-13,8.067500114440918,1.3945599794387817
2004-10-14,7.917500019073486,1.3686307668685913
2004-10-15,8.114999771118164,1.4027711153030396
2004-10-18,8.274999618530273,1.4304285049438477
2004-10-19,8.042499542236328,1.3902381658554077
2004-10-20,8.057499885559082,1.392831802368164
2004-10-21,8.242500305175781,1.4248113632202148
2004-10-22,8.237500190734863,1.4239466190338135
2004-10-25,8.212499618530273,1.419624924659729
2004-10-26,8.162500381469727,1.4109820127487183
2004-10-27,8.212499618530273,1.419624924659729
2004-10-28,8.095000267028809,1.3993141651153564
2004-10-29,8.149999618530273,1.4088214635849
2004-11-01,8.197500228881836,1.4170321226119995
2004-11-02,8.147500038146973,1.408388614654541
2004-11-03,8.282500267028809,1.4317256212234497
2004-11-04,8.350000381469727,1.4433938264846802
2004-11-05,8.542499542236328,1.4766690731048584
2004-11-08,8.369999885559082,1.4468507766723633
2004-11-09,8.329999923706055,1.4399363994598389
2004-11-10,8.397500038146973,1.4516043663024902
2004-11-11,8.479999542236328,1.465866208076477
2004-11-12,8.587499618530273,1.484447717666626
2004-11-15,8.462499618530273,1.4628403186798096
2004-11-16,8.182499885559082,1.41443932056427
2004-11-17,8.292499542236328,1.4334535598754883
2004-11-18,8.15999984741211,1.4105496406555176
2004-11-19,8.104999542236328,1.4010422229766846
2004-11-22,8.279999732971191,1.431293249130249
2004-11-23,8.137499809265137,1.4066604375839233
2004-11-24,8.149999618530273,1.4088214635849
2004-11-26,8.512499809265137,1.4714837074279785
2004-11-29,8.359999656677246,1.4451215267181396
2004-11-30,8.619999885559082,1.4900662899017334
2004-12-01,8.774999618530273,1.516859769821167
2004-12-02,8.59000015258789,1.4848802089691162
2004-12-03,8.587499618530273,1.484447717666626
2004-12-06,8.574999809265137,1.482287049293518
2004-12-07,8.3725004196167,1.4472830295562744
2004-12-08,8.449999809265137,1.4606797695159912
2004-12-09,8.149999618530273,1.4088214635849
2004-12-10,8.3125,1.4369115829467773
2004-12-13,8.375,1.447715401649475
2004-12-14,8.382499694824219,1.4490113258361816
2004-12-15,8.670000076293945,1.4987092018127441
2004-12-16,8.757499694824219,1.5138347148895264
2004-12-17,8.75,1.5125387907028198
2004-12-20,8.867500305175781,1.532849669456482
2004-12-21,8.967499732971191,1.5501353740692139
2004-12-22,8.930000305175781,1.543652892112732
2004-12-23,8.967499732971191,1.5501353740692139
2004-12-27,8.987500190734863,1.5535929203033447
2004-12-28,9.032500267028809,1.5613716840744019
2004-12-29,9.175000190734863,1.586004376411438
2004-12-30,9.100000381469727,1.5730394124984741
2004-12-31,9.052499771118164,1.5648289918899536
2005-01-03,8.875,1.534145474433899
2005-01-04,8.574999809265137,1.482287049293518
2005-01-05,8.487500190734863,1.4671622514724731
2005-01-06,8.524999618530273,1.4736441373825073
2005-01-07,8.585000038146973,1.4840158224105835
2005-01-10,8.557499885559082,1.4792619943618774
2005-01-11,8.545000076293945,1.4771010875701904
2005-01-12,8.524999618530273,1.4736441373825073
2005-01-13,8.625,1.490930438041687
2005-01-14,8.672499656677246,1.4991413354873657
2005-01-18,8.524999618530273,1.4736441373825073
2005-01-19,8.524999618530273,1.4736441373825073
2005-01-20,8.357500076293945,1.4446898698806763
2005-01-21,8.492500305175781,1.4680265188217163
2005-01-24,8.59749984741211,1.4861770868301392
2005-01-25,8.72249984741211,1.5077846050262451
2005-01-26,8.887499809265137,1.5363062620162964
2005-01-27,8.842499732971191,1.528528094291687
2005-01-28,8.787500381469727,1.5190199613571167
2005-01-31,8.962499618530273,1.5492712259292603
2005-02-01,9.0,1.5557538270950317
2005-02-02,9.100000381469727,1.5730394124984741
2005-02-03,9.25,1.5989688634872437
2005-02-04,9.274999618530273,1.6032909154891968
2005-02-07,9.5,1.642183780670166
2005-02-08,9.699999809265137,1.6767569780349731
2005-02-09,9.664999961853027,1.6707059144973755
2005-02-10,9.677499771118164,1.6728671789169312
2005-02-11,9.824999809265137,1.6983639001846313
2005-02-14,9.817500114440918,1.6970678567886353
2005-02-15,9.837499618530273,1.7005248069763184
2005-02-16,10.057499885559082,1.73855459690094
2005-02-17,9.97249984741211,1.7238612174987793
2005-02-18,10.0,1.7286152839660645
2005-02-22,10.045000076293945,1.736393928527832
2005-02-23,10.3125,1.7826342582702637
2005-02-24,10.487500190734863,1.8128856420516968
2005-02-25,10.864999771118164,1.8781402111053467
2005-02-28,10.625,1.8366540670394897
2005-03-01,10.130000114440918,1.7510870695114136
2005-03-02,10.399999618530273,1.7977596521377563
2005-03-03,10.600000381469727,1.832331657409668
2005-03-04,10.904999732971191,1.8850538730621338
2005-03-07,10.779999732971191,1.8634470701217651
2005-03-08,10.600000381469727,1.832331657409668
2005-03-09,10.289999961853027,1.778745174407959
2005-03-10,10.03499984741211,1.7346649169921875
2005-03-11,9.875,1.707006812095642
2005-03-14,9.6875,1.6745954751968384
2005-03-15,9.412500381469727,1.6270586252212524
2005-03-16,9.587499618530273,1.6573095321655273
2005-03-17,9.875,1.707006812095642
2005-03-18,9.712499618530273,1.6789172887802124
2005-03-21,9.694999694824219,1.6758922338485718
2005-03-22,9.432499885559082,1.6305161714553833
2005-03-23,9.25,1.5989688634872437
2005-03-24,9.385000228881836,1.6223055124282837
2005-03-28,9.220000267028809,1.5937830209732056
2005-03-29,9.167499542236328,1.5847076177597046
2005-03-30,9.442500114440918,1.6322448253631592
2005-03-31,9.617500305175781,1.662495493888855
2005-04-01,9.75,1.695049524307251
2005-04-04,9.805000305175781,1.7046114206314087
2005-04-05,9.625,1.673317551612854
2005-04-06,9.682499885559082,1.6833146810531616
2005-04-07,9.71500015258789,1.6889643669128418
2005-04-08,9.640000343322754,1.6759257316589355
2005-04-11,9.647500038146973,1.6772297620773315
2005-04-12,9.697500228881836,1.6859219074249268
2005-04-13,9.550000190734863,1.6602784395217896
2005-04-14,9.262499809265137,1.610296368598938
2005-04-15,8.954999923706055,1.556837558746338
2005-04-18,8.90999984741211,1.5490145683288574
2005-04-19,9.289999961853027,1.6150782108306885
2005-04-20,9.225000381469727,1.6037776470184326
2005-04-21,9.454999923706055,1.6437629461288452
2005-04-22,9.217499732971191,1.6024736166000366
2005-04-25,9.494999885559082,1.6507173776626587
2005-04-26,9.537500381469727,1.6581053733825684
2005-04-27,9.297499656677246,1.6163818836212158
2005-04-28,8.899999618530273,1.5472750663757324
2005-04-29,9.1875,1.5972578525543213
2005-05-02,9.362500190734863,1.6276814937591553
2005-05-03,9.380000114440918,1.6307240724563599
2005-05-04,9.694999694824219,1.6854872703552246
2005-05-05,9.845000267028809,1.7115647792816162
2005-05-06,10.017499923706055,1.7415541410446167
2005-05-09,10.125,1.7602431774139404
2005-05-10,9.770000457763672,1.6985262632369995
2005-05-11,9.899999618530273,1.721126675605774
2005-05-12,9.5600004196167,1.6620174646377563
2005-05-13,9.324999809265137,1.621161937713623
2005-05-16,9.462499618530273,1.6450669765472412
2005-05-17,9.662500381469727,1.6798373460769653
2005-05-18,9.862500190734863,1.7146072387695312
2005-05-19,10.020000457763672,1.7419898509979248
2005-05-20,10.037500381469727,1.7450309991836548
2005-05-23,9.9350004196167,1.7272114753723145
2005-05-24,10.072500228881836,1.7511162757873535
2005-05-25,10.207500457763672,1.7745859622955322
2005-05-26,10.350000381469727,1.799359917640686
2005-05-27,10.522500038146973,1.829349160194397
2005-05-31,10.475000381469727,1.821090817451477
2005-06-01,10.397500038146973,1.8076181411743164
2005-06-02,10.770000457763672,1.8723777532577515
2005-06-03,10.694999694824219,1.8593381643295288
2005-06-06,10.477499961853027,1.8215261697769165
2005-06-07,10.192500114440918,1.7719783782958984
2005-06-08,10.180000305175781,1.7698057889938354
2005-06-09,10.142499923706055,1.7632858753204346
2005-06-10,10.305000305175781,1.7915363311767578
2005-06-13,10.307499885559082,1.791971206665039
2005-06-14,10.524999618530273,1.8297842741012573
2005-06-15,10.672499656677246,1.8554264307022095
2005-06-16,10.925000190734863,1.8993240594863892
2005-06-17,11.212499618530273,1.9493063688278198
2005-06-20,11.382499694824219,1.97886061668396
2005-06-21,11.414999961853027,1.984510898590088
2005-06-22,11.457500457763672,1.991899847984314
2005-06-23,11.242500305175781,1.9545223712921143
2005-06-24,11.137499809265137,1.9362677335739136
2005-06-27,11.625,2.02101993560791
2005-06-28,11.507499694824219,2.0005931854248047
2005-06-29,11.545000076293945,2.007112503051758
2005-06-30,11.510000228881836,2.0010273456573486
2005-07-01,11.489999771118164,2.0344927310943604
2005-07-05,11.547499656677246,2.0446743965148926
2005-07-06,11.412500381469727,2.0207700729370117
2005-07-07,11.255000114440918,1.9928823709487915
2005-07-08,11.454999923706055,2.0282955169677734
2005-07-11,11.512499809265137,2.0384767055511475
2005-07-12,11.6875,2.0694637298583984
2005-07-13,11.625,2.0583958625793457
2005-07-14,11.454999923706055,2.0282955169677734
2005-07-15,11.112500190734863,1.9676504135131836
2005-07-18,11.157500267028809,1.9756181240081787
2005-07-19,11.137499809265137,1.9720760583877563
2005-07-20,11.244999885559082,1.991110920906067
2005-07-21,11.25,1.991997241973877
2005-07-22,11.3100004196167,2.0026209354400635
2005-07-25,10.694999694824219,1.8937256336212158
2005-07-26,10.869999885559082,1.9247115850448608
2005-07-27,11.157500267028809,1.9756181240081787
2005-07-28,11.447500228881836,2.0269668102264404
2005-07-29,11.430000305175781,2.023869276046753
2005-08-01,11.732500076293945,2.0774307250976562
2005-08-02,12.114999771118164,2.1451590061187744
2005-08-03,12.395000457763672,2.1947379112243652
2005-08-04,12.292499542236328,2.1765880584716797
2005-08-05,12.350000381469727,2.186769723892212
2005-08-08,12.475000381469727,2.2089033126831055
2005-08-09,12.880000114440918,2.2806153297424316
2005-08-10,13.02750015258789,2.306732654571533
2005-08-11,12.824999809265137,2.270876169204712
2005-08-12,12.875,2.2797300815582275
2005-08-15,13.135000228881836,2.3257670402526855
2005-08-16,12.795000076293945,2.26556396484375
2005-08-17,12.53499984741211,2.219526529312134
2005-08-18,12.395000457763672,2.1947379112243652
2005-08-19,12.25,2.1690638065338135
2005-08-22,12.800000190734863,2.266449451446533
2005-08-23,12.507499694824219,2.2146573066711426
2005-08-24,12.675000190734863,2.244317054748535
2005-08-25,12.949999809265137,2.2930097579956055
2005-08-26,12.625,2.2354629039764404
2005-08-29,12.9975004196167,2.3014204502105713
2005-08-30,13.217499732971191,2.340374231338501
2005-08-31,13.7475004196167,2.4342200756073
2005-09-01,13.699999809265137,2.425809860229492
2005-09-02,13.744999885559082,2.43377685546875
2005-09-06,14.100000381469727,2.496635913848877
2005-09-07,13.9350004196167,2.467419385910034
2005-09-08,14.100000381469727,2.496635913848877
2005-09-09,14.582500457763672,2.5820705890655518
2005-09-12,14.6899995803833,2.601104497909546
2005-09-13,14.442500114440918,2.557281732559204
2005-09-14,14.699999809265137,2.602875232696533
2005-09-15,14.984999656677246,2.6533398628234863
2005-09-16,15.0625,2.667062520980835
2005-09-19,15.470000267028809,2.7392168045043945
2005-09-20,15.457500457763672,2.737004280090332
2005-09-21,16.200000762939453,2.868475914001465
2005-09-22,15.862500190734863,2.808715343475342
2005-09-23,15.729999542236328,2.785254955291748
2005-09-26,15.667499542236328,2.774188280105591
2005-09-27,15.792499542236328,2.7963201999664307
2005-09-28,16.232500076293945,2.8742308616638184
2005-09-29,16.110000610351562,2.8525400161743164
2005-09-30,15.9375,2.821995973587036
2005-10-03,16.079999923706055,2.8472273349761963
2005-10-04,15.262499809265137,2.7024753093719482
2005-10-05,14.4375,2.556396245956421
2005-10-06,13.697500228881836,2.4253666400909424
2005-10-07,14.137499809265137,2.5032753944396973
2005-10-10,14.057499885559082,2.4891114234924316
2005-10-11,14.367500305175781,2.544001817703247
2005-10-12,14.142499923706055,2.5041611194610596
2005-10-13,13.842499732971191,2.4510412216186523
2005-10-14,13.822500228881836,2.447500228881836
2005-10-17,14.164999961853027,2.5081450939178467
2005-10-18,13.632499694824219,2.4138574600219727
2005-10-19,14.074999809265137,2.4922099113464355
2005-10-20,13.142499923706055,2.3270950317382812
2005-10-21,13.512499809265137,2.3926098346710205
2005-10-24,14.125,2.5010628700256348
2005-10-25,14.125,2.5010628700256348
2005-10-26,14.15999984741211,2.5072593688964844
2005-10-27,13.675000190734863,2.4213826656341553
2005-10-28,13.962499618530273,2.472289562225342
2005-10-31,14.342499732971191,2.539573907852173
2005-11-01,14.539999961853027,2.574544668197632
2005-11-02,14.475000381469727,2.5630359649658203
2005-11-03,15.077500343322754,2.6697185039520264
2005-11-04,14.762499809265137,2.613942861557007
2005-11-07,14.557499885559082,2.577643632888794
2005-11-08,14.97249984741211,2.651127338409424
2005-11-09,14.979999542236328,2.6524546146392822
2005-11-10,14.569999694824219,2.579857110977173
2005-11-11,14.212499618530273,2.5165557861328125
2005-11-14,14.022500038146973,2.482912302017212
2005-11-15,14.15250015258789,2.505932092666626
2005-11-16,14.675000190734863,2.598449945449829
2005-11-17,14.887499809265137,2.636075258255005
2005-11-18,14.75,2.6117284297943115
2005-11-21,14.882499694824219,2.635190963745117
2005-11-22,15.287500381469727,2.706902265548706
2005-11-23,15.470000267028809,2.7392168045043945
2005-11-25,15.462499618530273,2.737889051437378
2005-11-28,14.96500015258789,2.6497981548309326
2005-11-29,15.302499771118164,2.7095582485198975
2005-11-30,15.399999618530273,2.7268216609954834
2005-12-01,15.949999809265137,2.824207305908203
2005-12-02,16.225000381469727,2.872901439666748
2005-12-05,16.127500534057617,2.8556385040283203
2005-12-06,16.549999237060547,2.930448055267334
2005-12-07,16.274999618530273,2.8817553520202637
2005-12-08,16.15999984741211,2.861391067504883
2005-12-09,16.077499389648438,2.8467843532562256
2005-12-12,16.18000030517578,2.8649349212646484
2005-12-13,16.09000015258789,2.8489980697631836
2005-12-14,16.225000381469727,2.872901439666748
2005-12-15,15.862500190734863,2.808715343475342
2005-12-16,15.572500228881836,2.7573654651641846
2005-12-19,15.15250015258789,2.6829993724823
2005-12-20,15.492500305175781,2.743201494216919
2005-12-21,15.975000381469727,2.8286356925964355
2005-12-22,15.770000457763672,2.792336940765381
2005-12-23,15.8125,2.799862861633301
2005-12-27,15.522500038146973,2.7485129833221436
2005-12-28,15.649999618530273,2.7710888385772705
2005-12-29,16.084999084472656,2.848112106323242
2005-12-30,16.092500686645508,2.8494412899017334
2006-01-03,16.9375,3.0388596057891846
2006-01-04,17.297500610351562,3.1034491062164307
2006-01-05,17.27750015258789,3.099860668182373
2006-01-06,17.787500381469727,3.191363573074341
2006-01-09,18.337499618530273,3.290041923522949
2006-01-10,18.112499237060547,3.2496728897094727
2006-01-11,18.587499618530273,3.3348958492279053
2006-01-12,18.802499771118164,3.3734700679779053
2006-01-13,18.704999923706055,3.35597562789917
2006-01-17,18.43000030517578,3.3066370487213135
2006-01-18,18.4424991607666,3.3088808059692383
2006-01-19,19.05500030517578,3.418771266937256
2006-01-20,19.280000686645508,3.459141969680786
2006-01-23,19.924999237060547,3.5748648643493652
2006-01-24,20.1924991607666,3.6228573322296143
2006-01-25,19.719999313354492,3.538083791732788
2006-01-26,20.572500228881836,3.6910367012023926
2006-01-27,20.469999313354492,3.6726455688476562
2006-01-30,21.052499771118164,3.7771570682525635
2006-01-31,21.549999237060547,3.8664169311523438
2006-02-01,20.787500381469727,3.7296102046966553
2006-02-02,20.197500228881836,3.623755931854248
2006-02-03,19.9950008392334,3.5874247550964355
2006-02-06,20.862499237060547,3.74306583404541
2006-02-07,19.787500381469727,3.5501956939697266
2006-02-08,19.487499237060547,3.4963691234588623
2006-02-09,19.427499771118164,3.485605478286743
2006-02-10,19.0575008392334,3.419221878051758
2006-02-13,18.872499465942383,3.386028528213501
2006-02-14,19.100000381469727,3.426846981048584
2006-02-15,19.327499389648438,3.467663049697876
2006-02-16,20.524999618530273,3.682514190673828
2006-02-17,20.75,3.722882032394409
2006-02-21,20.5,3.6780285835266113
2006-02-22,20.329999923706055,3.647526979446411
2006-02-23,20.5575008392334,3.6883461475372314
2006-02-24,20.962499618530273,3.7610082626342773
2006-02-27,20.264999389648438,3.6358654499053955
2006-02-28,19.99250030517578,3.586974859237671
2006-03-01,21.325000762939453,3.8260459899902344
2006-03-02,21.424999237060547,3.8439886569976807
2006-03-03,21.49250030517578,3.856097459793091
2006-03-06,20.614999771118164,3.6986610889434814
2006-03-07,19.579999923706055,3.5129666328430176
2006-03-08,19.467500686645508,3.4927828311920166
2006-03-09,18.947500228881836,3.399484395980835
2006-03-10,19.31999969482422,3.466317892074585
2006-03-13,19.522499084472656,3.5026490688323975
2006-03-14,20.354999542236328,3.6520140171051025
2006-03-15,20.897499084472656,3.7493457794189453
2006-03-16,20.667499542236328,3.708080530166626
2006-03-17,20.112499237060547,3.608504056930542
2006-03-20,20.112499237060547,3.608504056930542
2006-03-21,19.6924991607666,3.5331501960754395
2006-03-22,19.537500381469727,3.5053420066833496
2006-03-23,19.514999389648438,3.5013039112091064
2006-03-24,19.684999465942383,3.531803846359253
2006-03-27,19.510000228881836,3.5004067420959473
2006-03-28,18.7450008392334,3.363154172897339
2006-03-29,19.387500762939453,3.478428363800049
2006-03-30,19.690000534057617,3.5327014923095703
2006-03-31,19.962499618530273,3.581592082977295
2006-04-03,20.565000534057617,3.6896908283233643
2006-04-04,20.27750015258789,3.687191963195801
2006-04-05,20.614999771118164,3.7485604286193848
2006-04-06,20.799999237060547,3.7821991443634033
2006-04-07,20.434999465942383,3.715829849243164
2006-04-10,20.309999465942383,3.6931004524230957
2006-04-11,20.25749969482422,3.6835529804229736
2006-04-12,20.2549991607666,3.6830992698669434
2006-04-13,20.25749969482422,3.6835529804229736
2006-04-17,20.5,3.7276499271392822
2006-04-18,21.649999618530273,3.9367623329162598
2006-04-19,22.110000610351562,4.020405292510986
2006-04-20,21.825000762939453,3.968583822250366
2006-04-21,22.454999923706055,4.083139896392822
2006-04-24,21.857500076293945,3.9744913578033447
2006-04-25,21.4950008392334,3.9085781574249268
2006-04-26,21.780000686645508,3.9603986740112305
2006-04-27,21.584999084472656,3.9249417781829834
2006-04-28,22.22249984741211,4.040862083435059
2006-05-01,22.417499542236328,4.076320648193359
2006-05-02,22.864999771118164,4.157693862915039
2006-05-03,22.627500534057617,4.114506244659424
2006-05-04,22.522499084472656,4.095414638519287
2006-05-05,23.075000762939453,4.195878505706787
2006-05-08,23.012500762939453,4.184513092041016
2006-05-09,23.387500762939453,4.252702713012695
2006-05-10,23.3125,4.239064693450928
2006-05-11,22.547500610351562,4.099959373474121
2006-05-12,21.905000686645508,3.9831297397613525
2006-05-15,21.082500457763672,3.833568572998047
2006-05-16,21.5575008392334,3.919940710067749
2006-05-17,20.232500076293945,3.6790082454681396
2006-05-18,19.9375,3.625365734100342
2006-05-19,19.59000015258789,3.5621793270111084
2006-05-22,18.662500381469727,3.393524408340454
2006-05-23,18.514999389648438,3.366703987121582
2006-05-24,17.917499542236328,3.258056402206421
2006-05-25,18.75,3.4094347953796387
2006-05-26,19.969999313354492,3.6312754154205322
2006-05-30,18.69499969482422,3.3994333744049072
2006-05-31,19.09000015258789,3.4712605476379395
2006-06-01,19.610000610351562,3.5658152103424072
2006-06-02,19.809999465942383,3.6021838188171387
2006-06-05,19.0,3.4548935890197754
2006-06-06,18.857500076293945,3.4289841651916504
2006-06-07,18.052499771118164,3.2826037406921387
2006-06-08,17.81999969482422,3.240328073501587
2006-06-09,17.452499389648438,3.1735010147094727
2006-06-12,16.4950008392334,2.9993934631347656
2006-06-13,15.774999618530273,2.868471622467041
2006-06-14,16.514999389648438,3.0030298233032227
2006-06-15,17.799999237060547,3.236689567565918
2006-06-16,18.082500457763672,3.288058280944824
2006-06-19,17.477500915527344,3.178048610687256
2006-06-20,17.559999465942383,3.193049430847168
2006-06-21,18.167499542236328,3.3035144805908203
2006-06-22,18.06999969482422,3.285785675048828
2006-06-23,18.354999542236328,3.337608575820923
2006-06-26,18.357500076293945,3.3380658626556396
2006-06-27,18.13249969482422,3.2971508502960205
2006-06-28,18.61750030517578,3.3853418827056885
2006-06-29,19.8075008392334,3.6017277240753174
2006-06-30,19.959999084472656,3.6294572353363037
2006-07-03,20.19499969482422,3.6721889972686768
2006-07-05,19.397499084472656,3.527174949645996
2006-07-06,19.81999969482422,3.6040003299713135
2006-07-07,19.542499542236328,3.553539752960205
2006-07-10,19.572500228881836,3.55899715423584
2006-07-11,20.087499618530273,3.6526424884796143
2006-07-12,19.90999984741211,3.6203651428222656
2006-07-13,19.549999237060547,3.554903268814087
2006-07-14,19.962499618530273,3.629911422729492
2006-07-17,19.139999389648438,3.4803507328033447
2006-07-18,19.229999542236328,3.496716022491455
2006-07-19,20.040000915527344,3.6440045833587646
2006-07-20,19.309999465942383,3.511263847351074
2006-07-21,19.110000610351562,3.4748971462249756
2006-07-24,19.947500228881836,3.627183198928833
2006-07-25,20.05500030517578,3.6467325687408447
2006-07-26,20.209999084472656,3.674916982650757
2006-07-27,20.350000381469727,3.7003729343414307
2006-07-28,20.885000228881836,3.7976555824279785
2006-07-31,20.709999084472656,3.7658350467681885
2006-08-01,20.545000076293945,3.7358319759368896
2006-08-02,20.975000381469727,3.8140206336975098
2006-08-03,21.075000762939453,3.8322062492370605
2006-08-04,20.96500015258789,3.8122034072875977
2006-08-07,21.172500610351562,3.84993314743042
2006-08-08,21.25749969482422,3.8653905391693115
2006-08-09,21.114999771118164,3.8394789695739746
2006-08-10,21.272499084472656,3.8681182861328125
2006-08-11,21.052499771118164,3.8281145095825195
2006-08-14,20.502500534057617,3.7281033992767334
2006-08-15,21.094999313354492,3.8358421325683594
2006-08-16,21.135000228881836,3.84311580657959
2006-08-17,20.71500015258789,3.7667436599731445
2006-08-18,20.844999313354492,3.7903828620910645
2006-08-21,20.842500686645508,3.7899279594421387
2006-08-22,20.72249984741211,3.768108606338501
2006-08-23,19.700000762939453,3.5821797847747803
2006-08-24,20.072500228881836,3.649914503097534
2006-08-25,20.332500457763672,3.6971914768218994
2006-08-28,20.264999389648438,3.6849162578582764
2006-08-29,20.212499618530273,3.67536997795105
2006-08-30,20.145000457763672,3.6630959510803223
2006-08-31,20.155000686645508,3.6649162769317627
2006-09-01,20.510000228881836,3.72946834564209
2006-09-05,20.50749969482422,3.729012966156006
2006-09-06,19.697500228881836,3.5817248821258545
2006-09-07,19.5049991607666,3.5467216968536377
2006-09-08,18.96500015258789,3.448530673980713
2006-09-11,18.125,3.2957870960235596
2006-09-12,18.162500381469727,3.3026070594787598
2006-09-13,18.8700008392334,3.431256055831909
2006-09-14,18.325000762939453,3.3321549892425537
2006-09-15,18.15999984741211,3.302151918411255
2006-09-18,18.917499542236328,3.4398910999298096
2006-09-19,18.462499618530273,3.357156991958618
2006-09-20,17.69499969482422,3.217597723007202
2006-09-21,17.542499542236328,3.1898679733276367
2006-09-22,17.290000915527344,3.143953800201416
2006-09-25,17.302499771118164,3.1462273597717285
2006-09-26,17.827499389648438,3.2416911125183105
2006-09-27,18.325000762939453,3.3321549892425537
2006-09-28,18.702499389648438,3.4007973670959473
2006-09-29,18.709999084472656,3.402160406112671
2006-10-02,18.795000076293945,3.4176180362701416
2006-10-03,17.875,3.250328779220581
2006-10-04,18.55500030517578,3.3739771842956543
2006-10-05,18.674999237060547,3.39579701423645
2006-10-06,18.514999389648438,3.366703987121582
2006-10-09,18.8799991607666,3.4330739974975586
2006-10-10,19.032499313354492,3.460803747177124
2006-10-11,18.852500915527344,3.4280736446380615
2006-10-12,19.232500076293945,3.4971702098846436
2006-10-13,19.49250030517578,3.5444483757019043
2006-10-16,19.80500030517578,3.60127329826355
2006-10-17,19.407499313354492,3.5289928913116455
2006-10-18,19.142499923706055,3.4808051586151123
2006-10-19,19.49250030517578,3.5444483757019043
2006-10-20,19.262500762939453,3.502626419067383
2006-10-23,19.107500076293945,3.4744412899017334
2006-10-24,19.512500762939453,3.548086404800415
2006-10-25,20.184999465942383,3.6703696250915527
2006-10-26,20.28499984741211,3.6885550022125244
2006-10-27,20.167499542236328,3.6671886444091797
2006-10-30,19.727500915527344,3.5871810913085938
2006-10-31,20.239999771118164,3.6803700923919678
2006-11-01,19.837499618530273,3.6924710273742676
2006-11-02,19.700000762939453,3.6668765544891357
2006-11-03,20.190000534057617,3.7580838203430176
2006-11-06,20.592500686645508,3.833003520965576
2006-11-07,20.457500457763672,3.8078746795654297
2006-11-08,20.75749969482422,3.8637149333953857
2006-11-09,20.93000030517578,3.8958239555358887
2006-11-10,21.049999237060547,3.9181602001190186
2006-11-13,20.2549991607666,3.7701826095581055
2006-11-14,20.674999237060547,3.8483591079711914
2006-11-15,20.907499313354492,3.8916356563568115
2006-11-16,20.282499313354492,3.775301218032837
2006-11-17,20.13249969482422,3.7473814487457275
2006-11-20,20.102500915527344,3.7417967319488525
2006-11-21,20.584999084472656,3.831608295440674
2006-11-22,20.639999389648438,3.8418431282043457
2006-11-24,20.440000534057617,3.8046185970306396
2006-11-27,19.940000534057617,3.7115490436553955
2006-11-28,20.364999771118164,3.790658473968506
2006-11-29,21.145000457763672,3.9358432292938232
2006-11-30,21.225000381469727,3.9507336616516113
2006-12-01,21.1200008392334,3.9311890602111816
2006-12-04,21.489999771118164,4.000060081481934
2006-12-05,21.725000381469727,4.043802738189697
2006-12-06,21.457500457763672,3.9940099716186523
2006-12-07,21.737499237060547,4.046128749847412
2006-12-08,22.1200008392334,4.117325782775879
2006-12-11,22.052499771118164,4.104763031005859
2006-12-12,21.7549991607666,4.049385070800781
2006-12-13,21.772499084472656,4.052643299102783
2006-12-14,22.052499771118164,4.104763031005859
2006-12-15,22.084999084472656,4.110809803009033
2006-12-18,21.954999923706055,4.08661413192749
2006-12-19,22.280000686645508,4.147107124328613
2006-12-20,22.34000015258789,4.158275127410889
2006-12-21,22.422500610351562,4.1736321449279785
2006-12-22,22.457500457763672,4.180144786834717
2006-12-26,22.712499618530273,4.2276105880737305
2006-12-27,23.287500381469727,4.334640026092529
2006-12-28,23.31999969482422,4.340689182281494
2006-12-29,23.190000534057617,4.31649112701416
2007-01-03,22.719999313354492,4.270580768585205
2007-01-04,22.145000457763672,4.162499904632568
2007-01-05,21.572500228881836,4.0548906326293945
2007-01-08,21.774999618530273,4.092952728271484
2007-01-09,21.145000457763672,3.974534511566162
2007-01-10,20.915000915527344,3.931302547454834
2007-01-11,20.885000228881836,3.9256632328033447
2007-01-12,21.094999313354492,3.965137004852295
2007-01-16,20.672500610351562,3.8857195377349854
2007-01-17,20.645000457763672,3.880551815032959
2007-01-18,20.299999237060547,3.8157029151916504
2007-01-19,21.227500915527344,3.990041971206665
2007-01-22,21.157499313354492,3.97688364982605
2007-01-23,21.969999313354492,4.129607200622559
2007-01-24,22.15250015258789,4.163910865783691
2007-01-25,21.602500915527344,4.0605292320251465
2007-01-26,21.77750015258789,4.093423366546631
2007-01-29,21.18000030517578,3.981112480163574
2007-01-30,21.709999084472656,4.080735206604004
2007-01-31,22.174999237060547,4.168139934539795
2007-02-01,22.375,4.205732822418213
2007-02-02,22.487499237060547,4.2268781661987305
2007-02-05,22.52750015258789,4.234396457672119
2007-02-06,22.3075008392334,4.193045139312744
2007-02-07,21.43000030517578,4.02810525894165
2007-02-08,21.637500762939453,4.067107677459717
2007-02-09,21.225000381469727,3.989572525024414
2007-02-12,21.072500228881836,3.960906744003296
2007-02-13,21.440000534057617,4.029984474182129
2007-02-14,21.287500381469727,4.001319408416748
2007-02-15,21.112499237060547,3.96842622756958
2007-02-16,21.25749969482422,3.9956812858581543
2007-02-20,21.059999465942383,3.958559036254883
2007-02-21,21.28499984741211,4.000848770141602
2007-02-22,21.657499313354492,4.070866107940674
2007-02-23,21.782499313354492,4.094362258911133
2007-02-26,21.97249984741211,4.1300740242004395
2007-02-27,20.102500915527344,3.778580665588379
2007-02-28,20.354999542236328,3.826040506362915
2007-03-01,19.987499237060547,3.756964921951294
2007-03-02,19.322500228881836,3.631967544555664
2007-03-05,18.877500534057617,3.5483217239379883
2007-03-06,19.737499237060547,3.709972620010376
2007-03-07,19.59749984741211,3.683656930923462
2007-03-08,20.047500610351562,3.768242835998535
2007-03-09,20.225000381469727,3.801604986190796
2007-03-12,20.145000457763672,3.7865676879882812
2007-03-13,19.52750015258789,3.670499563217163
2007-03-14,19.75,3.712320327758789
2007-03-15,19.5575008392334,3.6761393547058105
2007-03-16,19.327499389648438,3.6329057216644287
2007-03-19,19.762500762939453,3.7146708965301514
2007-03-20,20.202499389648438,3.797377586364746
2007-03-21,21.125,3.9707744121551514
2007-03-22,21.350000381469727,4.013066291809082
2007-03-23,21.447500228881836,4.031394004821777
2007-03-26,21.65250015258789,4.069926738739014
2007-03-27,21.450000762939453,4.031864166259766
2007-03-28,21.299999237060547,4.003668308258057
2007-03-29,22.6875,4.264471054077148
2007-03-30,22.337499618530273,4.198683261871338
2007-04-02,22.59000015258789,4.246143817901611
2007-04-03,22.30500030517578,4.223894119262695
2007-04-04,22.68000030517578,4.294907569885254
2007-04-05,22.782499313354492,4.314316272735596
2007-04-09,22.780000686645508,4.313845634460449
2007-04-10,23.047500610351562,4.364501953125
2007-04-11,22.610000610351562,4.281650066375732
2007-04-12,22.9950008392334,4.354558944702148
2007-04-13,23.645000457763672,4.477649688720703
2007-04-16,23.90250015258789,4.526411056518555
2007-04-17,23.389999389648438,4.4293599128723145
2007-04-18,23.297500610351562,4.411844253540039
2007-04-19,22.86750030517578,4.330414772033691
2007-04-20,23.155000686645508,4.384858131408691
2007-04-23,22.844999313354492,4.326152801513672
2007-04-24,22.8075008392334,4.319052219390869
2007-04-25,23.575000762939453,4.46439266204834
2007-04-26,22.959999084472656,4.347931385040283
2007-04-27,22.614999771118164,4.28259801864624
2007-04-30,22.30500030517578,4.223894119262695
2007-05-01,22.40999984741211,4.243778228759766
2007-05-02,22.552499771118164,4.270762920379639
2007-05-03,22.799999237060547,4.31763219833374
2007-05-04,22.5674991607666,4.27360200881958
2007-05-07,22.270000457763672,4.217266082763672
2007-05-08,22.24250030517578,4.212059020996094
2007-05-09,22.53499984741211,4.267448902130127
2007-05-10,21.93000030517578,4.152880668640137
2007-05-11,22.572500228881836,4.2745513916015625
2007-05-14,22.440000534057617,4.2494587898254395
2007-05-15,22.672500610351562,4.293488502502441
2007-05-16,23.604999542236328,4.470074653625488
2007-05-17,23.592500686645508,4.467706680297852
2007-05-18,23.645000457763672,4.477649688720703
2007-05-21,24.087499618530273,4.5614447593688965
2007-05-22,24.079999923706055,4.560024738311768
2007-05-23,24.122499465942383,4.568074703216553
2007-05-24,23.377500534057617,4.426992416381836
2007-05-25,23.922500610351562,4.53019905090332
2007-05-29,23.672500610351562,4.482858657836914
2007-05-30,23.985000610351562,4.542036056518555
2007-05-31,23.969999313354492,4.539194107055664
2007-06-01,24.6875,4.67506742477417
2007-06-04,24.8125,4.698739528656006
2007-06-05,24.6875,4.67506742477417
2007-06-06,24.079999923706055,4.560024738311768
2007-06-07,23.469999313354492,4.444510459899902
2007-06-08,24.227500915527344,4.587957382202148
2007-06-11,24.75,4.6869025230407715
2007-06-12,24.627500534057617,4.663704872131348
2007-06-13,25.332500457763672,4.797211170196533
2007-06-14,26.0575008392334,4.934503078460693
2007-06-15,26.600000381469727,5.037237644195557
2007-06-18,26.8174991607666,5.078425407409668
2007-06-19,27.020000457763672,5.116774082183838
2007-06-20,26.36750030517578,4.993208408355713
2007-06-21,26.922500610351562,5.098309516906738
2007-06-22,26.36750030517578,4.993208408355713
2007-06-25,26.165000915527344,4.954860687255859
2007-06-26,26.059999465942383,4.93497896194458
2007-06-27,26.454999923706055,5.009779453277588
2007-06-28,26.59749984741211,5.036763668060303
2007-06-29,26.670000076293945,5.050491809844971
2007-07-02,27.6299991607666,5.232288837432861
2007-07-03,28.125,5.326025485992432
2007-07-05,28.405000686645508,5.3790507316589355
2007-07-06,28.670000076293945,5.429233551025391
2007-07-09,29.344999313354492,5.5570573806762695
2007-07-10,28.364999771118164,5.3714752197265625
2007-07-11,28.71500015258789,5.4377546310424805
2007-07-12,29.719999313354492,5.628069877624512
2007-07-13,30.05500030517578,5.691508769989014
2007-07-16,29.704999923706055,5.625229358673096
2007-07-17,30.084999084472656,5.697189807891846
2007-07-18,30.239999771118164,5.726542949676514
2007-07-19,30.68000030517578,5.809864521026611
2007-07-20,30.40999984741211,5.758737087249756
2007-07-23,31.174999237060547,5.903603553771973
2007-07-24,29.104999542236328,5.511606693267822
2007-07-25,29.610000610351562,5.607240676879883
2007-07-26,27.540000915527344,5.215245723724365
2007-07-27,27.145000457763672,5.140444755554199
2007-07-30,28.489999771118164,5.395146369934082
2007-07-31,27.924999237060547,5.288151741027832
2007-08-01,27.704999923706055,5.246491432189941
2007-08-02,28.329999923706055,5.3648481369018555
2007-08-03,26.399999618530273,4.999362468719482
2007-08-06,26.770000457763672,5.069431304931641
2007-08-07,26.7450008392334,5.064694881439209
2007-08-08,27.7549991607666,5.255960941314697
2007-08-09,26.334999084472656,4.9870524406433105
2007-08-10,25.700000762939453,4.866802215576172
2007-08-13,25.565000534057617,4.841238975524902
2007-08-14,24.954999923706055,4.7257232666015625
2007-08-15,23.579999923706055,4.465340614318848
2007-08-16,22.709999084472656,4.300588130950928
2007-08-17,23.149999618530273,4.383913040161133
2007-08-20,22.780000686645508,4.365897178649902
2007-08-21,22.78499984741211,4.366854190826416
2007-08-22,24.43000030517578,4.682125568389893
2007-08-23,24.625,4.719499111175537
2007-08-24,25.514999389648438,4.890071392059326
2007-08-27,25.56999969482422,4.90061092376709
2007-08-28,24.024999618530273,4.604504585266113
2007-08-29,25.219999313354492,4.833532333374023
2007-08-30,25.424999237060547,4.872821807861328
2007-08-31,26.614999771118164,5.10089111328125
2007-09-04,27.7450008392334,5.317460060119629
2007-09-05,27.165000915527344,5.206301689147949
2007-09-06,27.8700008392334,5.341421127319336
2007-09-07,27.25,5.222591400146484
2007-09-10,27.125,5.198636054992676
2007-09-11,28.420000076293945,5.446829795837402
2007-09-12,28.614999771118164,5.4842023849487305
2007-09-13,29.145000457763672,5.585778713226318
2007-09-14,28.670000076293945,5.494743347167969
2007-09-17,28.200000762939453,5.404666900634766
2007-09-18,30.514999389648438,5.848343849182129
2007-09-19,30.415000915527344,5.82918119430542
2007-09-20,30.15999984741211,5.780309677124023
2007-09-21,31.15999984741211,5.971962928771973
2007-09-24,32.03499984741211,6.139659881591797
2007-09-25,31.924999237060547,6.11857795715332
2007-09-26,32.369998931884766,6.2038655281066895
2007-09-27,32.880001068115234,6.301608085632324
2007-09-28,32.349998474121094,6.200031757354736
2007-10-01,33.349998474121094,6.391686916351318
2007-10-02,33.19499969482422,6.36198091506958
2007-10-03,31.920000076293945,6.117619514465332
2007-10-04,32.525001525878906,6.233570575714111
2007-10-05,33.845001220703125,6.545315742492676
2007-10-08,33.974998474121094,6.570457458496094
2007-10-09,34.935001373291016,6.756114959716797
2007-10-10,36.08000183105469,6.977547645568848
2007-10-11,35.58000183105469,6.880852699279785
2007-10-12,36.21500015258789,7.003655433654785
2007-10-15,36.8849983215332,7.133227348327637
2007-10-16,36.56999969482422,7.072307586669922
2007-10-17,37.064998626708984,7.168036937713623
2007-10-18,37.57500076293945,7.266665458679199
2007-10-19,34.814998626708984,6.732906341552734
2007-10-22,34.630001068115234,6.697129249572754
2007-10-23,35.974998474121094,6.957238674163818
2007-10-24,37.310001373291016,7.215416431427002
2007-10-25,38.30500030517578,7.407844066619873
2007-10-26,40.28499984741211,7.790755271911621
2007-10-29,41.32500076293945,7.991884231567383
2007-10-30,40.10499954223633,7.755945205688477
2007-10-31,41.595001220703125,8.044100761413574
2007-11-01,40.564998626708984,7.844902515411377
2007-11-02,40.150001525878906,7.764645576477051
2007-11-05,39.25,7.590594291687012
2007-11-06,40.744998931884766,7.879715442657471
2007-11-07,39.5,7.638942241668701
2007-11-08,49.82500076293945,9.635706901550293
2007-11-09,45.66999816894531,8.83216381072998
2007-11-12,40.595001220703125,7.850705623626709
2007-11-13,44.845001220703125,8.67261791229248
2007-11-14,43.869998931884766,8.48405933380127
2007-11-15,42.279998779296875,8.176569938659668
2007-11-16,45.025001525878906,8.70743179321289
2007-11-19,43.130001068115234,8.34095287322998
2007-11-20,44.85499954223633,8.674552917480469
2007-11-21,42.08000183105469,8.137892723083496
2007-11-23,42.75,8.267465591430664
2007-11-26,39.88999938964844,7.714365005493164
2007-11-27,40.18000030517578,7.770449161529541
2007-11-28,41.68000030517578,8.06053638458252
2007-11-29,40.82500076293945,7.895190238952637
2007-11-30,40.584999084472656,7.848774433135986
2007-12-03,41.1150016784668,7.95127010345459
2007-12-04,41.01499938964844,7.931930065155029
2007-12-05,43.810001373291016,8.472460746765137
2007-12-06,45.540000915527344,8.807025909423828
2007-12-07,45.724998474121094,8.842803001403809
2007-12-10,45.125,8.726768493652344
2007-12-11,44.314998626708984,8.570121765136719
2007-12-12,47.96500015258789,9.275999069213867
2007-12-13,46.900001525878906,9.070036888122559
2007-12-14,45.38999938964844,8.778018951416016
2007-12-17,41.95000076293945,8.112751960754395
2007-12-18,44.2400016784668,8.555619239807129
2007-12-19,44.595001220703125,8.624271392822266
2007-12-20,45.90999984741211,8.878580093383789
2007-12-21,47.849998474121094,9.25376033782959
2007-12-24,49.125,9.500333786010742
2007-12-26,49.34000015258789,9.541910171508789
2007-12-27,48.3849983215332,9.357222557067871
2007-12-28,49.05500030517578,9.486793518066406
2007-12-31,48.11000061035156,9.304039001464844
2008-01-02,49.25,9.524506568908691
2008-01-03,48.5,9.379462242126465
2008-01-04,46.005001068115234,8.896953582763672
2008-01-07,45.0,8.702593803405762
2008-01-08,46.415000915527344,8.976243019104004
2008-01-09,48.40999984741211,9.362059593200684
2008-01-10,48.30500030517578,9.34174919128418
2008-01-11,46.7599983215332,9.042963027954102
2008-01-14,46.654998779296875,9.05810832977295
2008-01-15,44.224998474121094,8.58631706237793
2008-01-16,41.6349983215332,8.08346939086914
2008-01-17,39.060001373291016,7.583528995513916
2008-01-18,40.125,7.790302753448486
2008-01-22,40.52000045776367,7.8669939041137695
2008-01-23,41.0,7.960182189941406
2008-01-24,42.90999984741211,8.331010818481445
2008-01-25,43.685001373291016,8.48147964477539
2008-01-28,45.775001525878906,8.887255668640137
2008-01-29,45.505001068115234,8.834834098815918
2008-01-30,45.505001068115234,8.834834098815918
2008-01-31,46.70000076293945,9.066840171813965
2008-02-01,47.095001220703125,9.143535614013672
2008-02-04,47.60499954223633,9.242548942565918
2008-02-05,44.375,8.615442276000977
2008-02-06,44.005001068115234,8.543607711791992
2008-02-07,46.7400016784668,9.07461166381836
2008-02-08,46.5,9.028013229370117
2008-02-11,48.099998474121094,9.338652610778809
2008-02-12,47.599998474121094,9.241578102111816
2008-02-13,48.70000076293945,9.455143928527832
2008-02-14,47.650001525878906,9.251285552978516
2008-02-15,47.70000076293945,9.260994911193848
2008-02-19,49.255001068115234,9.56290054321289
2008-02-20,50.0,9.707539558410645
2008-02-21,48.904998779296875,9.494945526123047
2008-02-22,49.20500183105469,9.553192138671875
2008-02-25,49.79499816894531,9.667741775512695
2008-02-26,50.244998931884766,9.755106925964355
2008-02-27,51.345001220703125,9.968676567077637
2008-02-28,51.5,9.998766899108887
2008-02-29,48.96500015258789,9.506595611572266
2008-03-03,48.51499938964844,9.419225692749023
2008-03-04,46.82500076293945,9.091114044189453
2008-03-05,48.595001220703125,9.434759140014648
2008-03-06,47.005001068115234,9.126060485839844
2008-03-07,45.98500061035156,8.928022384643555
2008-03-10,44.82500076293945,8.702808380126953
2008-03-11,47.505001068115234,9.223135948181152
2008-03-12,47.2599983215332,9.175564765930176
2008-03-13,46.255001068115234,8.980445861816406
2008-03-14,44.58000183105469,8.655242919921875
2008-03-17,42.790000915527344,8.307711601257324
2008-03-18,44.35499954223633,8.611560821533203
2008-03-19,40.275001525878906,7.819422245025635
2008-03-20,40.0,7.7660322189331055
2008-03-24,40.400001525878906,7.843695640563965
2008-03-25,42.54999923706055,8.261115074157715
2008-03-26,43.334999084472656,8.41352367401123
2008-03-27,41.79999923706055,8.115503311157227
2008-03-28,41.709999084472656,8.098031997680664
2008-03-31,42.345001220703125,8.22131633758545
2008-04-01,43.375,8.421290397644043
2008-04-02,45.099998474121094,8.756202697753906
2008-04-03,45.83000183105469,8.897931098937988
2008-04-04,46.154998779296875,8.961030960083008
2008-04-07,46.05500030517578,8.964051246643066
2008-04-08,47.18000030517578,9.183012962341309
2008-04-09,47.369998931884766,9.219995498657227
2008-04-10,47.6349983215332,9.271576881408691
2008-04-11,46.584999084472656,9.067207336425781
2008-04-14,49.56999969482422,9.648200988769531
2008-04-15,50.125,9.756223678588867
2008-04-16,50.33000183105469,9.796124458312988
2008-04-17,51.244998931884766,9.974218368530273
2008-04-18,51.23500061035156,9.972271919250488
2008-04-21,52.79999923706055,10.27687931060791
2008-04-22,52.05500030517578,10.13187313079834
2008-04-23,51.44499969482422,10.013143539428711
2008-04-24,49.724998474121094,9.678369522094727
2008-04-25,50.529998779296875,9.835051536560059
2008-04-28,50.5099983215332,9.831162452697754
2008-04-29,47.974998474121094,9.337749481201172
2008-04-30,50.54999923706055,9.838944435119629
2008-05-01,51.209999084472656,9.96740436553955
2008-05-02,52.04999923706055,10.130905151367188
2008-05-05,52.875,10.291478157043457
2008-05-06,54.28499984741211,10.565916061401367
2008-05-07,52.91999816894531,10.300235748291016
2008-05-08,53.290000915527344,10.372252464294434
2008-05-09,54.0099983215332,10.5123929977417
2008-05-12,55.06999969482422,10.718709945678711
2008-05-13,56.529998779296875,11.002878189086914
2008-05-14,55.59000015258789,10.81991958618164
2008-05-15,57.08000183105469,11.109926223754883
2008-05-16,58.79999923706055,11.444706916809082
2008-05-19,60.369998931884766,11.750290870666504
2008-05-20,62.150001525878906,12.096744537353516
2008-05-21,63.5099983215332,12.361449241638184
2008-05-22,60.84000015258789,11.841767311096191
2008-05-23,61.15999984741211,11.904048919677734
2008-05-27,59.439998626708984,11.569273948669434
2008-05-28,61.72999954223633,12.014995574951172
2008-05-29,60.290000915527344,11.73471736907959
2008-05-30,60.439998626708984,11.763911247253418
2008-06-02,60.779998779296875,11.830092430114746
2008-06-03,58.09000015258789,11.306516647338867
2008-06-04,55.130001068115234,10.730386734008789
2008-06-05,58.4900016784668,11.384366989135742
2008-06-06,57.810001373291016,11.252016067504883
2008-06-09,58.2599983215332,11.339597702026367
2008-06-10,55.900001525878906,10.880260467529297
2008-06-11,55.22999954223633,10.749852180480957
2008-06-12,54.97999954223633,10.701188087463379
2008-06-13,56.0099983215332,10.901664733886719
2008-06-16,56.43000030517578,10.983415603637695
2008-06-17,57.25,11.143014907836914
2008-06-18,56.459999084472656,10.989252090454102
2008-06-19,54.75,10.656426429748535
2008-06-20,53.689998626708984,10.450109481811523
2008-06-23,54.560001373291016,10.619441986083984
2008-06-24,54.43000030517578,10.594138145446777
2008-06-25,56.54999923706055,11.006775856018066
2008-06-26,55.97999954223633,10.895832061767578
2008-06-27,56.630001068115234,11.022345542907715
2008-06-30,57.95000076293945,11.279261589050293
2008-07-01,57.400001525878906,11.172216415405273
2008-07-02,54.400001525878906,10.588298797607422
2008-07-03,53.63999938964844,10.440374374389648
2008-07-07,52.47999954223633,10.21459674835205
2008-07-08,50.58000183105469,9.844782829284668
2008-07-09,49.15999984741211,9.568399429321289
2008-07-10,50.22999954223633,9.77665901184082
2008-07-11,50.63999938964844,9.856462478637695
2008-07-14,51.33000183105469,9.990761756896973
2008-07-15,50.650001525878906,9.858407974243164
2008-07-16,49.849998474121094,9.70269775390625
2008-07-17,47.41999816894531,9.229728698730469
2008-07-18,48.0099983215332,9.344563484191895
2008-07-21,49.27000045776367,9.589808464050293
2008-07-22,47.33000183105469,9.212209701538086
2008-07-23,45.66999816894531,8.889110565185547
2008-07-24,43.72999954223633,8.511513710021973
2008-07-25,43.90999984741211,8.546548843383789
2008-07-28,44.20000076293945,8.602995872497559
2008-07-29,44.20000076293945,8.602995872497559
2008-07-30,46.66999816894531,9.083745002746582
2008-07-31,45.84000015258789,8.922200202941895
2008-08-01,44.40999984741211,8.643867492675781
2008-08-04,42.13999938964844,8.202040672302246
2008-08-05,40.95000076293945,7.970421314239502
2008-08-06,42.2400016784668,8.221503257751465
2008-08-07,42.720001220703125,8.31493091583252
2008-08-08,41.59000015258789,8.09499454498291
2008-08-11,40.38999938964844,7.861422538757324
2008-08-12,40.470001220703125,7.876995086669922
2008-08-13,42.0,8.174790382385254
2008-08-14,41.18000030517578,8.015189170837402
2008-08-15,39.65999984741211,7.719338893890381
2008-08-18,38.810001373291016,7.553896427154541
2008-08-19,40.43000030517578,7.869208812713623
2008-08-20,42.209999084472656,8.215665817260742
2008-08-21,44.04999923706055,8.573798179626465
2008-08-22,43.04999923706055,8.379158020019531
2008-08-25,41.66999816894531,8.110559463500977
2008-08-26,41.849998474121094,8.145593643188477
2008-08-27,43.54999923706055,8.47647762298584
2008-08-28,43.439998626708984,8.455066680908203
2008-08-29,42.970001220703125,8.363590240478516
2008-09-02,39.720001220703125,7.731016635894775
2008-09-03,39.09000015258789,7.608395099639893
2008-09-04,37.08000183105469,7.217173099517822
2008-09-05,36.560001373291016,7.115963935852051
2008-09-08,35.5,6.909642696380615
2008-09-09,31.729999542236328,6.175859451293945
2008-09-10,32.29999923706055,6.286803245544434
2008-09-11,34.33000183105469,6.681917667388916
2008-09-12,37.27000045776367,7.254153251647949
2008-09-15,32.849998474121094,6.393852710723877
2008-09-16,34.290000915527344,6.674130916595459
2008-09-17,32.13999938964844,6.2556586265563965
2008-09-18,32.91999816894531,6.407479286193848
2008-09-19,38.630001068115234,7.518863201141357
2008-09-22,38.56999969482422,7.507186412811279
2008-09-23,36.119998931884766,7.030318737030029
2008-09-24,36.81999969482422,7.166566371917725
2008-09-25,39.61000061035156,7.7096052169799805
2008-09-26,38.38999938964844,7.472146987915039
2008-09-29,33.119998931884766,6.44640588760376
2008-09-30,37.41999816894531,7.283348083496094
2008-10-01,36.349998474121094,7.075085163116455
2008-10-02,31.209999084472656,6.074650287628174
2008-10-03,30.0,5.839135646820068
2008-10-06,27.799999237060547,5.410932540893555
2008-10-07,23.899999618530273,4.651844024658203
2008-10-08,23.549999237060547,4.5837225914001465
2008-10-09,22.3799991607666,4.355996608734131
2008-10-10,21.110000610351562,4.1088032722473145
2008-10-13,26.75,5.206562519073486
2008-10-14,26.149999618530273,5.089781761169434
2008-10-15,20.950000762939453,4.077664375305176
2008-10-16,21.170000076293945,4.120483875274658
2008-10-17,21.59000015258789,4.2022318840026855
2008-10-20,23.75,4.622650146484375
2008-10-21,21.950000762939453,4.272301197052002
2008-10-22,19.0,3.698119878768921
2008-10-23,19.950000762939453,3.8830254077911377
2008-10-24,17.8700008392334,3.4781792163848877
2008-10-27,16.31999969482422,3.176490068435669
2008-10-28,18.850000381469727,3.6689248085021973
2008-10-29,19.829999923706055,3.8596694469451904
2008-10-30,22.100000381469727,4.301497936248779
2008-10-31,22.06999969482422,4.295658588409424
2008-11-03,21.610000610351562,4.206125259399414
2008-11-04,24.889999389648438,4.844537258148193
2008-11-05,22.0,4.2820329666137695
2008-11-06,20.190000534057617,3.9297378063201904
2008-11-07,22.239999771118164,4.328747272491455
2008-11-10,22.3700008392334,4.354049205780029
2008-11-11,21.31999969482422,4.149679660797119
2008-11-12,18.100000381469727,3.522946357727051
2008-11-13,20.020000457763672,3.896650552749634
2008-11-14,17.860000610351562,3.4762322902679443
2008-11-17,17.40999984741211,3.3886454105377197
2008-11-18,16.889999389648438,3.2874326705932617
2008-11-19,14.729999542236328,2.867016315460205
2008-11-20,12.5600004196167,2.4446523189544678
2008-11-21,14.430000305175781,2.8086249828338623
2008-11-24,16.43000030517578,3.1979005336761475
2008-11-25,16.610000610351562,3.2329344749450684
2008-11-26,18.850000381469727,3.6689248085021973
2008-11-28,17.780000686645508,3.4606616497039795
2008-12-01,15.130000114440918,2.944871187210083
2008-12-02,15.539999961853027,3.0246734619140625
2008-12-03,15.890000343322754,3.0927963256835938
2008-12-04,14.619999885559082,2.8456053733825684
2008-12-05,15.260000228881836,2.9701740741729736
2008-12-08,16.25,3.1628658771514893
2008-12-09,16.15999984741211,3.145348072052002
2008-12-10,18.1299991607666,3.5287835597991943
2008-12-11,19.18000030517578,3.733156204223633
2008-12-12,18.989999771118164,3.6961729526519775
2008-12-15,19.360000610351562,3.768190383911133
2008-12-16,21.209999084472656,4.128268718719482
2008-12-17,20.510000228881836,3.9920215606689453
2008-12-18,19.350000381469727,3.766242742538452
2008-12-19,19.68000030517578,3.8304738998413086
2008-12-22,18.530000686645508,3.6066393852233887
2008-12-23,18.34000015258789,3.569657802581787
2008-12-24,18.8799991607666,3.6747632026672363
2008-12-26,19.190000534057617,3.735100030899048
2008-12-29,18.860000610351562,3.830352544784546
2008-12-30,19.889999389648438,4.03953742980957
2008-12-31,20.40999984741211,4.145147323608398
2009-01-02,21.399999618530273,4.3462114334106445
2009-01-05,22.239999771118164,4.516810894012451
2009-01-06,23.25,4.721935749053955
2009-01-07,21.729999542236328,4.413230895996094
2009-01-08,22.350000381469727,4.539150714874268
2009-01-09,22.31999969482422,4.53305721282959
2009-01-12,20.639999389648438,4.191859245300293
2009-01-13,21.0,4.2649736404418945
2009-01-14,19.579999923706055,3.9765801429748535
2009-01-15,20.739999771118164,4.212170124053955
2009-01-16,20.8799991607666,4.240602016448975
2009-01-20,19.479999542236328,3.9562699794769287
2009-01-21,21.040000915527344,4.273096561431885
2009-01-22,20.3799991607666,4.139053821563721
2009-01-23,20.489999771118164,4.161395072937012
2009-01-26,20.420000076293945,4.147180080413818
2009-01-27,20.600000381469727,4.183735370635986
2009-01-28,22.139999389648438,4.496500015258789
2009-01-29,21.780000686645508,4.423388481140137
2009-01-30,21.65999984741211,4.3990159034729
2009-02-02,21.489999771118164,4.364487648010254
2009-02-03,22.299999237060547,4.528994560241699
2009-02-04,22.489999771118164,4.567580699920654
2009-02-05,23.100000381469727,4.691470146179199
2009-02-06,24.260000228881836,4.927059650421143
2009-02-09,24.479999542236328,4.971736907958984
2009-02-10,23.399999618530273,4.7524003982543945
2009-02-11,23.790000915527344,4.831606388092041
2009-02-12,24.1299991607666,4.9006571769714355
2009-02-13,24.389999389648438,4.95346212387085
2009-02-17,22.739999771118164,4.618357181549072
2009-02-18,22.020000457763672,4.4721269607543945
2009-02-19,22.15999984741211,4.50056266784668
2009-02-20,21.709999084472656,4.409170150756836
2009-02-23,20.360000610351562,4.13499116897583
2009-02-24,21.760000228881836,4.41932487487793
2009-02-25,22.049999237060547,4.478221416473389
2009-02-26,22.670000076293945,4.604140758514404
2009-02-27,22.3799991607666,4.545242786407471
2009-03-02,20.469999313354492,4.1573333740234375
2009-03-03,20.610000610351562,4.185766696929932
2009-03-04,22.260000228881836,4.520871162414551
2009-03-05,21.770000457763672,4.4213547706604
2009-03-06,21.6200008392334,4.390892505645752
2009-03-09,21.59000015258789,4.384798049926758
2009-03-10,23.15999984741211,4.703656196594238
2009-03-11,23.170000076293945,4.705685138702393
2009-03-12,24.06999969482422,4.888471603393555
2009-03-13,24.15999984741211,4.906750202178955
2009-03-16,23.65999984741211,4.805203914642334
2009-03-17,24.59000015258789,4.994080543518066
2009-03-18,25.079999923706055,5.093595504760742
2009-03-19,25.959999084472656,5.272317409515381
2009-03-20,25.75,5.229670524597168
2009-03-23,27.719999313354492,5.629765033721924
2009-03-24,26.84000015258789,5.451041221618652
2009-03-25,27.31999969482422,5.548527240753174
2009-03-26,27.170000076293945,5.518062114715576
2009-03-27,25.75,5.229670524597168
2009-03-30,24.68000030517578,5.012358665466309
2009-03-31,24.5,4.975800514221191
2009-04-01,25.639999389648438,5.207329750061035
2009-04-02,27.389999389648438,5.562743186950684
2009-04-03,27.709999084472656,5.62773323059082
2009-04-06,27.25,5.534310817718506
2009-04-07,27.0,5.483536243438721
2009-04-08,27.190000534057617,5.522125244140625
2009-04-09,28.489999771118164,5.847873687744141
2009-04-13,28.389999389648438,5.827347755432129
2009-04-14,27.770000457763672,5.700085639953613
2009-04-15,27.399999618530273,5.624138355255127
2009-04-16,27.530000686645508,5.65082311630249
2009-04-17,26.90999984741211,5.523560523986816
2009-04-20,25.489999771118164,5.232090950012207
2009-04-21,26.09000015258789,5.3552470207214355
2009-04-22,25.770000457763672,5.2895660400390625
2009-04-23,26.309999465942383,5.4004058837890625
2009-04-24,26.899999618530273,5.52150821685791
2009-04-27,25.84000015258789,5.3039326667785645
2009-04-28,26.09000015258789,5.3552470207214355
2009-04-29,27.200000762939453,5.583086967468262
2009-04-30,26.979999542236328,5.537929534912109
2009-05-01,28.079999923706055,5.7637152671813965
2009-05-04,29.770000457763672,6.1106061935424805
2009-05-05,30.020000457763672,6.161922931671143
2009-05-06,30.8799991607666,6.338445663452148
2009-05-07,30.3799991607666,6.23581600189209
2009-05-08,31.68000030517578,6.502654075622559
2009-05-11,31.860000610351562,6.539600372314453
2009-05-12,31.3700008392334,6.439023017883301
2009-05-13,29.8799991607666,6.133185386657715
2009-05-14,30.420000076293945,6.244025230407715
2009-05-15,29.75,6.106500625610352
2009-05-18,31.59000015258789,6.484179973602295
2009-05-19,32.08000183105469,6.5847601890563965
2009-05-20,32.540000915527344,6.6791791915893555
2009-05-21,31.899999618530273,6.5478105545043945
2009-05-22,32.40999984741211,6.652494430541992
2009-05-26,33.45000076293945,6.865967273712158
2009-05-27,33.380001068115234,6.851595401763916
2009-05-28,34.63999938964844,7.110222339630127
2009-05-29,34.970001220703125,7.1779608726501465
2009-06-01,36.15999984741211,7.422220230102539
2009-06-02,35.88999938964844,7.366802215576172
2009-06-03,33.709999084472656,6.919332981109619
2009-06-04,35.029998779296875,7.190277099609375
2009-06-05,34.849998474121094,7.153329849243164
2009-06-08,34.599998474121094,7.102013111114502
2009-06-09,34.619998931884766,7.106119155883789
2009-06-10,34.93000030517578,7.169752597808838
2009-06-11,36.349998474121094,7.46121883392334
2009-06-12,35.349998474121094,7.255959510803223
2009-06-15,33.93000030517578,6.964492321014404
2009-06-16,33.06999969482422,6.787965774536133
2009-06-17,32.470001220703125,6.664811611175537
2009-06-18,32.16999816894531,6.6032328605651855
2009-06-19,32.41999816894531,6.654547214508057
2009-06-22,30.25,6.209131717681885
2009-06-23,31.510000228881836,6.4677605628967285
2009-06-24,31.6299991607666,6.492392539978027
2009-06-25,32.880001068115234,6.748964786529541
2009-06-26,33.380001068115234,6.851595401763916
2009-06-29,33.689998626708984,6.91522741317749
2009-06-30,33.36000061035156,6.847494602203369
2009-07-01,33.0,6.773599624633789
2009-07-02,31.549999237060547,6.47597074508667
2009-07-06,30.6200008392334,6.353954792022705
2009-07-07,29.469999313354492,6.115318775177002
2009-07-08,29.100000381469727,6.038539886474609
2009-07-09,29.6200008392334,6.146446228027344
2009-07-10,29.59000015258789,6.1402201652526855
2009-07-13,30.110000610351562,6.24812650680542
2009-07-14,30.09000015258789,6.243974208831787
2009-07-15,31.81999969482422,6.602967262268066
2009-07-16,32.349998474121094,6.712945938110352
2009-07-17,32.70000076293945,6.7855753898620605
2009-07-20,33.65999984741211,6.984785556793213
2009-07-21,33.560001373291016,6.964033603668213
2009-07-22,33.34000015258789,6.918382167816162
2009-07-23,34.29999923706055,7.117592811584473
2009-07-24,34.22999954223633,7.10306453704834
2009-07-27,34.54999923706055,7.169468879699707
2009-07-28,33.65999984741211,6.984785556793213
2009-07-29,32.619998931884766,6.768975257873535
2009-07-30,33.43000030517578,6.9370574951171875
2009-07-31,33.70000076293945,6.993085861206055
2009-08-03,35.4900016784668,7.364529609680176
2009-08-04,35.369998931884766,7.339625835418701
2009-08-05,35.599998474121094,7.387351036071777
2009-08-06,34.849998474121094,7.23171854019165
2009-08-07,35.220001220703125,7.30850076675415
2009-08-10,34.79999923706055,7.221344947814941
2009-08-11,34.040000915527344,7.063637733459473
2009-08-12,34.66999816894531,7.194370746612549
2009-08-13,35.5,7.366602897644043
2009-08-14,34.95000076293945,7.252471923828125
2009-08-17,34.04999923706055,7.065715312957764
2009-08-18,34.93000030517578,7.2483229637146
2009-08-19,35.58000183105469,7.383206367492676
2009-08-20,35.9900016784668,7.468282699584961
2009-08-21,36.79999923706055,7.636366367340088
2009-08-24,36.349998474121094,7.542984962463379
2009-08-25,35.70000076293945,7.4081034660339355
2009-08-26,35.56999969482422,7.381129264831543
2009-08-27,35.16999816894531,7.298120975494385
2009-08-28,34.45000076293945,7.148717403411865
2009-08-31,33.20000076293945,6.8893303871154785
2009-09-01,33.130001068115234,6.874803066253662
2009-09-02,34.18000030517578,7.092689514160156
2009-09-03,34.54999923706055,7.169468879699707
2009-09-04,35.400001525878906,7.345849514007568
2009-09-08,36.040000915527344,7.478658676147461
2009-09-09,35.9900016784668,7.468282699584961
2009-09-10,36.709999084472656,7.617687702178955
2009-09-11,36.40999984741211,7.555437088012695
2009-09-14,36.599998474121094,7.594863414764404
2009-09-15,37.08000183105469,7.6944684982299805
2009-09-16,38.349998474121094,7.958006381988525
2009-09-17,37.9900016784668,7.883303642272949
2009-09-18,38.06999969482422,7.899905681610107
2009-09-21,38.060001373291016,7.897828102111816
2009-09-22,38.880001068115234,8.067983627319336
2009-09-23,38.220001220703125,7.931030750274658
2009-09-24,37.470001220703125,7.775400161743164
2009-09-25,37.97999954223633,7.8812255859375
2009-09-28,38.939998626708984,8.080434799194336
2009-09-29,38.88999938964844,8.070060729980469
2009-09-30,39.310001373291016,8.157215118408203
2009-10-01,38.02000045776367,7.934743404388428
2009-10-02,38.310001373291016,7.995266914367676
2009-10-05,39.130001068115234,8.166398048400879
2009-10-06,39.369998931884766,8.216484069824219
2009-10-07,39.41999816894531,8.226922988891602
2009-10-08,40.68000030517578,8.489882469177246
2009-10-09,41.11000061035156,8.579623222351074
2009-10-12,41.66999816894531,8.696493148803711
2009-10-13,41.470001220703125,8.654753684997559
2009-10-14,42.52000045776367,8.873888969421387
2009-10-15,42.93000030517578,8.959453582763672
2009-10-16,42.689998626708984,8.909367561340332
2009-10-19,43.56999969482422,9.093024253845215
2009-10-20,42.060001373291016,8.777887344360352
2009-10-21,42.91999816894531,8.957367897033691
2009-10-22,43.189998626708984,9.013716697692871
2009-10-23,42.790000915527344,8.930238723754883
2009-10-26,42.470001220703125,8.863454818725586
2009-10-27,41.65999984741211,8.694405555725098
2009-10-28,39.029998779296875,8.145527839660645
2009-10-29,41.68000030517578,8.69858169555664
2009-10-30,40.119998931884766,8.373013496398926
2009-11-02,40.52000045776367,8.45649242401123
2009-11-03,41.09000015258789,8.57544994354248
2009-11-04,41.29999923706055,8.619274139404297
2009-11-05,42.7599983215332,8.923974990844727
2009-11-06,42.650001525878906,8.901021003723145
2009-11-09,44.369998931884766,9.259982109069824
2009-11-10,44.279998779296875,9.241199493408203
2009-11-11,44.189998626708984,9.222419738769531
2009-11-12,42.869998931884766,8.946932792663574
2009-11-13,43.70000076293945,9.120153427124023
2009-11-16,44.27000045776367,9.239113807678223
2009-11-17,45.400001525878906,9.474942207336426
2009-11-18,44.939998626708984,9.378939628601074
2009-11-19,44.81999969482422,9.353896141052246
2009-11-20,43.939998626708984,9.170242309570312
2009-11-23,45.2400016784668,9.441551208496094
2009-11-24,45.41999816894531,9.479114532470703
2009-11-25,46.66999816894531,9.739988327026367
2009-11-27,44.939998626708984,9.378939628601074
2009-11-30,45.060001373291016,9.403985023498535
2009-12-01,46.869998931884766,9.781728744506836
2009-12-02,46.90999984741211,9.790080070495605
2009-12-03,46.38999938964844,9.68155574798584
2009-12-04,45.290000915527344,9.451986312866211
2009-12-07,44.7400016784668,9.337203025817871
2009-12-08,43.279998779296875,9.032501220703125
2009-12-09,43.2400016784668,9.024153709411621
2009-12-10,43.630001068115234,9.105545043945312
2009-12-11,43.56999969482422,9.093024253845215
2009-12-14,44.0,9.182762145996094
2009-12-15,43.72999954223633,9.12641429901123
2009-12-16,43.689998626708984,9.118067741394043
2009-12-17,41.970001220703125,8.75910472869873
2009-12-18,41.470001220703125,8.654753684997559
2009-12-21,40.75,8.504491806030273
2009-12-22,41.34000015258789,8.627623558044434
2009-12-23,41.91999816894531,8.796119689941406
2009-12-24,42.290000915527344,8.873753547668457
2009-12-28,42.90999984741211,9.003850936889648
2009-12-29,42.459999084472656,8.909427642822266
2009-12-30,42.4900016784668,8.915721893310547
2009-12-31,42.38999938964844,8.894740104675293
2010-01-04,43.83000183105469,9.196897506713867
2010-01-05,43.40999984741211,9.108766555786133
2010-01-06,43.810001373291016,9.192699432373047
2010-01-07,43.11000061035156,9.045816421508789
2010-01-08,43.5,9.127650260925293
2010-01-11,43.16999816894531,9.058405876159668
2010-01-12,42.150001525878906,8.844380378723145
2010-01-13,41.630001068115234,8.735265731811523
2010-01-14,40.5099983215332,8.500255584716797
2010-01-15,40.58000183105469,8.514945983886719
2010-01-19,41.43000030517578,8.69329833984375
2010-01-20,40.0099983215332,8.395341873168945
2010-01-21,38.16999816894531,8.009251594543457
2010-01-22,37.88999938964844,7.950500965118408
2010-01-25,37.33000183105469,7.832996368408203
2010-01-26,36.52000045776367,7.663029670715332
2010-01-27,37.040000915527344,7.77214241027832
2010-01-28,37.040000915527344,7.77214241027832
2010-01-29,36.08000183105469,7.570704936981201
2010-02-01,37.36000061035156,7.83928918838501
2010-02-02,37.38999938964844,7.845582485198975
2010-02-03,36.849998474121094,7.732275009155273
2010-02-04,34.25,7.186713218688965
2010-02-05,34.06999969482422,7.148943901062012
2010-02-08,33.7599983215332,7.083894729614258
2010-02-09,34.9900016784668,7.341988563537598
2010-02-10,35.029998779296875,7.350380897521973
2010-02-11,36.20000076293945,7.595885276794434
2010-02-12,36.4900016784668,7.656734943389893
2010-02-16,37.02000045776367,7.767947673797607
2010-02-17,37.349998474121094,7.837189674377441
2010-02-18,38.22999954223633,8.021844863891602
2010-02-19,38.099998474121094,7.994565963745117
2010-02-22,38.290000915527344,8.034430503845215
2010-02-23,37.45000076293945,7.8581719398498535
2010-02-24,37.18000030517578,7.801521301269531
2010-02-25,37.70000076293945,7.910632610321045
2010-02-26,38.400001525878906,8.057512283325195
2010-03-01,38.93000030517578,8.168724060058594
2010-03-02,39.529998779296875,8.294622421264648
2010-03-03,39.279998779296875,8.242164611816406
2010-03-04,39.36000061035156,8.258955001831055
2010-03-05,40.400001525878906,8.477177619934082
2010-03-08,40.08000183105469,8.41003131866455
2010-03-09,41.15999984741211,8.636646270751953
2010-03-10,41.81999969482422,8.775132179260254
2010-03-11,42.04999923706055,8.823394775390625
2010-03-12,42.130001068115234,8.840184211730957
2010-03-15,41.81999969482422,8.775132179260254
2010-03-16,42.18000030517578,8.850674629211426
2010-03-17,42.06999969482422,8.827594757080078
2010-03-18,41.5,8.707987785339355
2010-03-19,40.5,8.498159408569336
2010-03-22,40.279998779296875,8.451997756958008
2010-03-23,40.43000030517578,8.483468055725098
2010-03-24,40.279998779296875,8.451997756958008
2010-03-25,38.900001525878906,8.162428855895996
2010-03-26,38.040000915527344,7.981974124908447
2010-03-29,38.88999938964844,8.16032886505127
2010-03-30,38.869998931884766,8.156135559082031
2010-03-31,39.59000015258789,8.30721378326416
2010-04-01,40.560001373291016,8.510748863220215
2010-04-05,41.040000915527344,8.611466407775879
2010-04-06,41.22999954223633,8.651333808898926
2010-04-07,40.33000183105469,8.46248722076416
2010-04-08,40.310001373291016,8.45828914642334
2010-04-09,40.06999969482422,8.40793228149414
2010-04-12,39.279998779296875,8.242164611816406
2010-04-13,38.959999084472656,8.175018310546875
2010-04-14,39.31999969482422,8.250557899475098
2010-04-15,38.459999084472656,8.070103645324707
2010-04-16,37.380001068115234,7.843485355377197
2010-04-19,38.15999984741211,8.00715446472168
2010-04-20,39.09000015258789,8.202293395996094
2010-04-21,38.5,8.078495025634766
2010-04-22,38.560001373291016,8.091084480285645
2010-04-23,38.720001220703125,8.183018684387207
2010-04-26,38.33000183105469,8.10059642791748
2010-04-27,36.540000915527344,7.7223005294799805
2010-04-28,36.970001220703125,7.813174724578857
2010-04-29,38.09000015258789,8.04987621307373
2010-04-30,37.939998626708984,8.018172264099121
2010-05-03,36.5,7.7138471603393555
2010-05-04,34.439998626708984,7.278487682342529
2010-05-05,33.70000076293945,7.122100830078125
2010-05-06,32.349998474121094,6.836794376373291
2010-05-07,31.959999084472656,6.75437068939209
2010-05-10,34.25,7.238335609436035
2010-05-11,33.369998931884766,7.052357196807861
2010-05-12,33.66999816894531,7.115760326385498
2010-05-13,33.77000045776367,7.136892318725586
2010-05-14,33.310001373291016,7.039676189422607
2010-05-17,33.06999969482422,6.988956928253174
2010-05-18,32.22999954223633,6.811429977416992
2010-05-19,31.25,6.604321479797363
2010-05-20,29.260000228881836,6.183758735656738
2010-05-21,29.969999313354492,6.3338093757629395
2010-05-24,29.110000610351562,6.197551250457764
2010-05-25,28.6299991607666,6.095357418060303
2010-05-26,29.100000381469727,6.195423126220703
2010-05-27,30.780000686645508,6.553096771240234
2010-05-28,30.969999313354492,6.593547821044922
2010-06-01,30.969999313354492,6.593547821044922
2010-06-02,32.29999923706055,6.876705646514893
2010-06-03,32.189998626708984,6.8532867431640625
2010-06-04,31.34000015258789,6.672321319580078
2010-06-07,31.420000076293945,6.689353942871094
2010-06-08,32.040000915527344,6.821352005004883
2010-06-09,32.04999923706055,6.823479175567627
2010-06-10,33.150001525878906,7.057671546936035
2010-06-11,32.869998931884766,6.998058319091797
2010-06-14,31.979999542236328,6.808577537536621
2010-06-15,32.56999969482422,6.9341888427734375
2010-06-16,33.04999923706055,7.036381244659424
2010-06-17,32.9900016784668,7.0236101150512695
2010-06-18,33.02000045776367,7.029992580413818
2010-06-21,33.34000015258789,7.098123073577881
2010-06-22,32.439998626708984,6.906509876251221
2010-06-23,31.790000915527344,6.768126010894775
2010-06-24,30.780000686645508,6.553096771240234
2010-06-25,31.389999389648438,6.682966232299805
2010-06-28,30.670000076293945,6.529677391052246
2010-06-29,29.579999923706055,6.297613620758057
2010-06-30,29.799999237060547,6.344452381134033
2010-07-01,29.530000686645508,6.286970138549805
2010-07-02,30.280000686645508,6.446645259857178
2010-07-06,30.399999618530273,6.472192764282227
2010-07-07,31.200000762939453,6.642516136169434
2010-07-08,31.459999084472656,6.697869300842285
2010-07-09,31.610000610351562,6.729803562164307
2010-07-12,30.959999084472656,6.591416835784912
2010-07-13,31.200000762939453,6.642516136169434
2010-07-14,31.06999969482422,6.614836692810059
2010-07-15,30.889999389648438,6.576517105102539
2010-07-16,30.149999618530273,6.4189677238464355
2010-07-19,30.399999618530273,6.472192764282227
2010-07-20,31.520000457763672,6.7106451988220215
2010-07-21,31.040000915527344,6.608450412750244
2010-07-22,31.979999542236328,6.808577537536621
2010-07-23,31.709999084472656,6.751091003417969
2010-07-26,31.850000381469727,6.780901908874512
2010-07-27,31.809999465942383,6.772382736206055
2010-07-28,31.43000030517578,6.691482067108154
2010-07-29,31.440000534057617,6.693612098693848
2010-07-30,31.850000381469727,6.780901908874512
2010-08-02,32.619998931884766,6.994687080383301
2010-08-03,33.290000915527344,7.138355731964111
2010-08-04,33.58000183105469,7.200538635253906
2010-08-05,33.61000061035156,7.206971645355225
2010-08-06,33.25,7.129777908325195
2010-08-09,33.08000183105469,7.093323707580566
2010-08-10,32.5,6.968957424163818
2010-08-11,31.219999313354492,6.694484233856201
2010-08-12,31.1299991607666,6.6751861572265625
2010-08-13,31.31999969482422,6.715930461883545
2010-08-16,31.68000030517578,6.793123245239258
2010-08-17,32.310001373291016,6.928214073181152
2010-08-18,31.68000030517578,6.793123245239258
2010-08-19,30.579999923706055,6.557250022888184
2010-08-20,30.59000015258789,6.559392929077148
2010-08-23,30.18000030517578,6.471478462219238
2010-08-24,29.510000228881836,6.327814102172852
2010-08-25,29.420000076293945,6.3085126876831055
2010-08-26,29.149999618530273,6.250617027282715
2010-08-27,30.139999389648438,6.462901592254639
2010-08-30,28.950000762939453,6.207731246948242
2010-08-31,29.559999465942383,6.338532447814941
2010-09-01,31.1200008392334,6.673041343688965
2010-09-02,31.829999923706055,6.825289249420166
2010-09-03,33.04999923706055,7.086893081665039
2010-09-07,31.790000915527344,6.816710472106934
2010-09-08,32.04999923706055,6.872459888458252
2010-09-09,31.799999237060547,6.818855285644531
2010-09-10,31.739999771118164,6.805989742279053
2010-09-13,32.70000076293945,7.011838912963867
2010-09-14,31.260000228881836,6.703063011169434
2010-09-15,30.959999084472656,6.638735294342041
2010-09-16,31.239999771118164,6.6987738609313965
2010-09-17,31.149999618530273,6.679474353790283
2010-09-20,31.8799991607666,6.836008548736572
2010-09-21,31.270000457763672,6.705206394195557
2010-09-22,30.510000228881836,6.54224157333374
2010-09-23,31.479999542236328,6.75023889541626
2010-09-24,30.790000915527344,6.602281093597412
2010-09-27,32.0,6.861740589141846
2010-09-28,31.65999984741211,6.7888336181640625
2010-09-29,32.099998474121094,6.883183002471924
2010-09-30,32.81999969482422,7.037572860717773
2010-10-01,32.959999084472656,7.067591667175293
2010-10-04,32.790000915527344,7.031139850616455
2010-10-05,32.72999954223633,7.018274784088135
2010-10-06,31.219999313354492,6.694484233856201
2010-10-07,30.459999084472656,6.531518459320068
2010-10-08,31.309999465942383,6.713785648345947
2010-10-11,31.360000610351562,6.724506855010986
2010-10-12,31.200000762939453,6.6901960372924805
2010-10-13,31.559999465942383,6.767391204833984
2010-10-14,32.099998474121094,6.883183002471924
2010-10-15,31.860000610351562,6.831720352172852
2010-10-18,31.989999771118164,6.8595967292785645
2010-10-19,30.6200008392334,6.565828800201416
2010-10-20,30.360000610351562,6.510076999664307
2010-10-21,29.020000457763672,6.22274112701416
2010-10-22,28.920000076293945,6.201298236846924
2010-10-25,29.209999084472656,6.263483047485352
2010-10-26,30.8700008392334,6.619437217712402
2010-10-27,30.639999389648438,6.570115566253662
2010-10-28,31.270000457763672,6.705206394195557
2010-10-29,31.190000534057617,6.688052177429199
2010-11-01,31.5,6.754525184631348
2010-11-02,31.90999984741211,6.842442512512207
2010-11-03,32.22999954223633,6.946325302124023
2010-11-04,33.25,7.166158676147461
2010-11-05,32.9900016784668,7.110121250152588
2010-11-08,33.0099983215332,7.114430904388428
2010-11-09,32.5,7.0045166015625
2010-11-10,32.220001220703125,6.944167613983154
2010-11-11,31.809999465942383,6.8558030128479
2010-11-12,30.68000030517578,6.6122636795043945
2010-11-15,30.75,6.627350330352783
2010-11-16,29.559999465942383,6.370876312255859
2010-11-17,29.790000915527344,6.420448303222656
2010-11-18,30.540000915527344,6.582087993621826
2010-11-19,30.520000457763672,6.577779769897461
2010-11-22,29.780000686645508,6.4182915687561035
2010-11-23,28.969999313354492,6.243717670440674
2010-11-24,29.989999771118164,6.4635515213012695
2010-11-26,29.200000762939453,6.293290615081787
2010-11-29,29.420000076293945,6.340702056884766
2010-11-30,29.280000686645508,6.3105292320251465
2010-12-01,30.059999465942383,6.478640079498291
2010-12-02,30.579999923706055,6.590710639953613
2010-12-03,31.139999389648438,6.71140193939209
2010-12-06,31.280000686645508,6.741577625274658
2010-12-07,30.600000381469727,6.595020771026611
2010-12-08,30.219999313354492,6.513121128082275
2010-12-09,30.190000534057617,6.506657600402832
2010-12-10,30.59000015258789,6.592865467071533
2010-12-13,30.959999084472656,6.672608852386475
2010-12-14,31.100000381469727,6.702782154083252
2010-12-15,30.260000228881836,6.521742343902588
2010-12-16,30.309999465942383,6.5325188636779785
2010-12-17,30.940000534057617,6.668298721313477
2010-12-20,30.84000015258789,6.64674711227417
2010-12-21,30.81999969482422,6.642434597015381
2010-12-22,30.940000534057617,6.720412731170654
2010-12-23,31.010000228881836,6.735618591308594
2010-12-27,31.469999313354492,6.835531711578369
2010-12-28,32.119998931884766,6.976718425750732
2010-12-29,32.90999984741211,7.148313045501709
2010-12-30,33.7599983215332,7.332935810089111
2010-12-31,34.16999816894531,7.421995639801025
2011-01-03,33.31999969482422,7.237366199493408
2011-01-04,33.2599983215332,7.224335670471191
2011-01-05,33.20000076293945,7.211303234100342
2011-01-06,32.83000183105469,7.130936622619629
2011-01-07,32.400001525878906,7.037537097930908
2011-01-10,32.439998626708984,7.046226501464844
2011-01-11,33.09000015258789,7.187409400939941
2011-01-12,34.09000015258789,7.404618740081787
2011-01-13,33.18000030517578,7.206957817077637
2011-01-14,33.400001525878906,7.254745960235596
2011-01-18,33.75,7.330767631530762
2011-01-19,33.25,7.222164630889893
2011-01-20,33.04999923706055,7.178722381591797
2011-01-21,32.810001373291016,7.126591682434082
2011-01-24,33.25,7.222164630889893
2011-01-25,32.54999923706055,7.070117950439453
2011-01-26,32.84000015258789,7.133108615875244
2011-01-27,32.68000030517578,7.098356246948242
2011-01-28,32.369998931884766,7.031018257141113
2011-01-31,33.25,7.222164630889893
2011-02-01,33.95000076293945,7.374208927154541
2011-02-02,33.86000061035156,7.354658126831055
2011-02-03,34.220001220703125,7.432853698730469
2011-02-04,33.81999969482422,7.345972061157227
2011-02-07,32.65999984741211,7.094010829925537
2011-02-08,32.869998931884766,7.139624118804932
2011-02-09,31.93000030517578,6.935449600219727
2011-02-10,32.130001068115234,6.978888988494873
2011-02-11,32.15999984741211,6.985408306121826
2011-02-14,32.52000045776367,7.063602447509766
2011-02-15,32.900001525878906,7.146140098571777
2011-02-16,33.40999984741211,7.256918430328369
2011-02-17,33.38999938964844,7.2525739669799805
2011-02-18,33.540000915527344,7.285153865814209
2011-02-22,33.709999084472656,7.32207727432251
2011-02-23,35.0,7.6022772789001465
2011-02-24,34.689998626708984,7.534943103790283
2011-02-25,35.29999923706055,7.6674394607543945
2011-02-28,35.16999816894531,7.639201641082764
2011-03-01,34.5099983215332,7.495846271514893
2011-03-02,35.58000183105469,7.7282609939575195
2011-03-03,35.7400016784668,7.7630109786987305
2011-03-04,35.849998474121094,7.786904811859131
2011-03-07,35.95000076293945,7.808625221252441
2011-03-08,34.95000076293945,7.59141731262207
2011-03-09,35.209999084472656,7.647890567779541
2011-03-10,34.41999816894531,7.476294994354248
2011-03-11,34.400001525878906,7.471953868865967
2011-03-14,34.75,7.547973155975342
2011-03-15,34.15999984741211,7.419823169708252
2011-03-16,33.63999938964844,7.306874752044678
2011-03-17,34.0,7.385070323944092
2011-03-18,33.95000076293945,7.374208927154541
2011-03-21,34.43000030517578,7.478468894958496
2011-03-22,34.7400016784668,7.587234020233154
2011-03-23,35.0,7.644014835357666
2011-03-24,34.93000030517578,7.628730773925781
2011-03-25,35.2400016784668,7.696434497833252
2011-03-28,34.65999984741211,7.569760322570801
2011-03-29,35.040000915527344,7.6527509689331055
2011-03-30,35.40999984741211,7.733559608459473
2011-03-31,35.540000915527344,7.7619547843933105
2011-04-01,36.099998474121094,7.884257793426514
2011-04-04,36.13999938964844,7.8929924964904785
2011-04-05,35.810001373291016,7.820921897888184
2011-04-06,35.58000183105469,7.770691394805908
2011-04-07,35.79999923706055,7.818735599517822
2011-04-08,36.220001220703125,7.910466194152832
2011-04-11,35.349998474121094,7.720456600189209
2011-04-12,33.9900016784668,7.423433780670166
2011-04-13,33.29999923706055,7.272733211517334
2011-04-14,33.16999816894531,7.244341850280762
2011-04-15,33.86000061035156,7.395039081573486
2011-04-18,32.470001220703125,7.091464042663574
2011-04-19,33.08000183105469,7.224686145782471
2011-04-20,33.79999923706055,7.381936073303223
2011-04-21,34.279998779296875,7.486770153045654
2011-04-25,33.70000076293945,7.360096454620361
2011-04-26,34.02000045776367,7.429983615875244
2011-04-27,33.45000076293945,7.305497646331787
2011-04-28,32.849998474121094,7.174455642700195
2011-04-29,33.369998931884766,7.288023948669434
2011-05-02,33.349998474121094,7.283656120300293
2011-05-03,32.88999938964844,7.183190822601318
2011-05-04,31.829999923706055,6.984177112579346
2011-05-05,30.56999969482422,6.707705497741699
2011-05-06,30.459999084472656,6.6835713386535645
2011-05-09,30.81999969482422,6.762560844421387
2011-05-10,31.18000030517578,6.841552257537842
2011-05-11,30.309999465942383,6.650655269622803
2011-05-12,29.770000457763672,6.586935043334961
2011-05-13,29.170000076293945,6.454176425933838
2011-05-16,29.84000015258789,6.60242223739624
2011-05-17,30.559999465942383,6.7617268562316895
2011-05-18,30.510000228881836,6.750665664672852
2011-05-19,29.920000076293945,6.62012243270874
2011-05-20,30.229999542236328,6.688713073730469
2011-05-23,29.479999542236328,6.522767543792725
2011-05-24,29.90999984741211,6.617910385131836
2011-05-25,29.950000762939453,6.626761436462402
2011-05-26,30.350000381469727,6.715263366699219
2011-05-27,30.8799991607666,6.83253288269043
2011-05-31,31.260000228881836,6.916612148284912
2011-06-01,30.549999237060547,6.759515285491943
2011-06-02,30.690000534057617,6.790494441986084
2011-06-03,30.729999542236328,6.799344539642334
2011-06-06,29.739999771118164,6.580295562744141
2011-06-07,29.489999771118164,6.524979591369629
2011-06-08,29.729999542236328,6.578082084655762
2011-06-09,30.31999969482422,6.708625793457031
2011-06-10,30.06999969482422,6.6533122062683105
2011-06-13,29.850000381469727,6.604635238647461
2011-06-14,30.260000228881836,6.695350646972656
2011-06-15,29.65999984741211,6.562595844268799
2011-06-16,29.399999618530273,6.505064964294434
2011-06-17,29.719999313354492,6.575868606567383
2011-06-20,29.43000030517578,6.5117034912109375
2011-06-21,29.670000076293945,6.564808368682861
2011-06-22,29.809999465942383,6.595783233642578
2011-06-23,29.010000228881836,6.418774604797363
2011-06-24,28.920000076293945,6.398862361907959
2011-06-27,29.31999969482422,6.487366676330566
2011-06-28,29.959999084472656,6.628973007202148
2011-06-29,30.299999237060547,6.704200267791748
2011-06-30,30.68000030517578,6.788280963897705
2011-07-01,30.959999084472656,6.850234508514404
2011-07-05,30.639999389648438,6.779429912567139
2011-07-06,30.3799991607666,6.7219014167785645
2011-07-07,30.920000076293945,6.841383934020996
2011-07-08,30.530000686645508,6.755092620849609
2011-07-11,29.690000534057617,6.569231033325195
2011-07-12,29.670000076293945,6.564808368682861
2011-07-13,29.739999771118164,6.580295562744141
2011-07-14,29.3700008392334,6.498427867889404
2011-07-15,29.690000534057617,6.569231033325195
2011-07-18,29.229999542236328,6.467451095581055
2011-07-19,29.399999618530273,6.505064964294434
2011-07-20,29.15999984741211,6.451964855194092
2011-07-21,30.030000686645508,6.644460201263428
2011-07-22,30.09000015258789,6.657736301422119
2011-07-25,30.93000030517578,6.8435959815979
2011-07-26,31.389999389648438,6.945374011993408
2011-07-27,30.829999923706055,6.821470260620117
2011-07-28,30.530000686645508,6.755092620849609
2011-07-29,30.729999542236328,6.799344539642334
2011-08-01,30.760000228881836,6.805980682373047
2011-08-02,30.0,6.637823581695557
2011-08-03,29.3700008392334,6.498427867889404
2011-08-04,26.700000762939453,5.959609508514404
2011-08-05,26.010000228881836,5.805595874786377
2011-08-08,23.709999084472656,5.292222023010254
2011-08-09,24.3799991607666,5.441770553588867
2011-08-10,24.260000228881836,5.414985656738281
2011-08-11,25.399999618530273,5.669441223144531
2011-08-12,25.670000076293945,5.729706287384033
2011-08-15,26.670000076293945,5.952914237976074
2011-08-16,26.40999984741211,5.89487886428833
2011-08-17,26.790000915527344,5.979698657989502
2011-08-18,25.43000030517578,5.676138401031494
2011-08-19,24.920000076293945,5.562300682067871
2011-08-22,24.770000457763672,5.528819561004639
2011-08-23,25.579999923706055,5.70961856842041
2011-08-24,25.420000076293945,5.673902988433838
2011-08-25,24.969999313354492,5.573461055755615
2011-08-26,25.270000457763672,5.640422344207764
2011-08-29,26.040000915527344,5.812292098999023
2011-08-30,26.290000915527344,5.8680949211120605
2011-08-31,26.649999618530273,5.94844913482666
2011-09-01,26.559999465942383,5.928359508514404
2011-09-02,25.399999618530273,5.669441223144531
2011-09-06,25.06999969482422,5.595781326293945
2011-09-07,25.780000686645508,5.754260540008545
2011-09-08,25.360000610351562,5.660513877868652
2011-09-09,24.280000686645508,5.419449806213379
2011-09-12,24.110000610351562,5.381505489349365
2011-09-13,24.1299991607666,5.3859686851501465
2011-09-14,24.350000381469727,5.435074806213379
2011-09-15,24.469999313354492,5.461859703063965
2011-09-16,24.239999771118164,5.410520553588867
2011-09-19,23.75,5.301151275634766
2011-09-20,23.399999618530273,5.22302770614624
2011-09-21,22.479999542236328,5.0176777839660645
2011-09-22,21.010000228881836,4.689565181732178
2011-09-23,21.1299991607666,4.716349124908447
2011-09-26,21.940000534057617,4.897148132324219
2011-09-27,21.979999542236328,4.906075954437256
2011-09-28,21.3700008392334,4.769920825958252
2011-09-29,21.3700008392334,4.769920825958252
2011-09-30,20.719999313354492,4.6248345375061035
2011-10-03,19.850000381469727,4.430646896362305
2011-10-04,20.139999389648438,4.495375633239746
2011-10-05,20.290000915527344,4.5288567543029785
2011-10-06,21.540000915527344,4.807863712310791
2011-10-07,20.920000076293945,4.669475555419922
2011-10-10,21.81999969482422,4.870363235473633
2011-10-11,22.110000610351562,4.935091495513916
2011-10-12,22.799999237060547,5.0891032218933105
2011-10-13,22.559999465942383,5.035533428192139
2011-10-14,23.100000381469727,5.156066417694092
2011-10-17,22.040000915527344,4.919467926025391
2011-10-18,22.489999771118164,5.019909381866455
2011-10-19,21.969999313354492,4.903842926025391
2011-10-20,21.440000534057617,4.7855448722839355
2011-10-21,22.139999389648438,4.941787242889404
2011-10-24,23.049999237060547,5.144906520843506
2011-10-25,22.84000015258789,5.0980329513549805
2011-10-26,23.31999969482422,5.205173015594482
2011-10-27,24.959999084472656,5.571230411529541
2011-10-28,25.8700008392334,5.774348258972168
2011-10-31,25.290000915527344,5.644886493682861
2011-11-01,24.530000686645508,5.475252151489258
2011-11-02,25.15999984741211,5.615870952606201
2011-11-03,25.530000686645508,5.698458194732666
2011-11-04,25.75,5.747564315795898
2011-11-07,26.34000015258789,5.879255771636963
2011-11-08,26.440000534057617,5.901575088500977
2011-11-09,24.420000076293945,5.4506988525390625
2011-11-10,24.889999389648438,5.555605888366699
2011-11-11,25.610000610351562,5.71631383895874
2011-11-14,25.190000534057617,5.6746368408203125
2011-11-15,25.100000381469727,5.654362678527832
2011-11-16,25.079999923706055,5.649857521057129
2011-11-17,24.479999542236328,5.514695167541504
2011-11-18,24.719999313354492,5.568759441375732
2011-11-21,24.469999313354492,5.512441635131836
2011-11-22,24.079999923706055,5.424583911895752
2011-11-23,23.350000381469727,5.260134696960449
2011-11-25,22.639999389648438,5.100191116333008
2011-11-28,23.65999984741211,5.32996940612793
2011-11-29,23.510000228881836,5.296179294586182
2011-11-30,25.06999969482422,5.647604465484619
2011-12-01,25.100000381469727,5.654362678527832
2011-12-02,25.239999771118164,5.685901641845703
2011-12-05,25.959999084472656,5.848099231719971
2011-12-06,26.049999237060547,5.868375778198242
2011-12-07,26.149999618530273,5.890900135040283
2011-12-08,24.799999237060547,5.586782455444336
2011-12-09,25.639999389648438,5.776011943817139
2011-12-12,24.670000076293945,5.557496547698975
2011-12-13,24.200000762939453,5.45161771774292
2011-12-14,23.34000015258789,5.257882118225098
2011-12-15,23.15999984741211,5.217333793640137
2011-12-16,23.079999923706055,5.199311256408691
2011-12-19,22.549999237060547,5.0799150466918945
2011-12-20,23.850000381469727,5.37277364730835
2011-12-21,23.799999237060547,5.361507892608643
2011-12-22,24.049999237060547,5.417826175689697
2011-12-23,24.25,5.462881088256836
2011-12-27,23.989999771118164,5.404309272766113
2011-12-28,23.059999465942383,5.1948065757751465
2011-12-29,23.200000762939453,5.226345539093018
2011-12-30,23.489999771118164,5.2916741371154785
2012-01-03,24.6200008392334,5.5974650382995605
2012-01-04,24.889999389648438,5.65885066986084
2012-01-05,24.40999984741211,5.549720764160156
2012-01-06,24.1299991607666,5.48606014251709
2012-01-09,25.079999923706055,5.7020463943481445
2012-01-10,25.450000762939453,5.786169528961182
2012-01-11,25.600000381469727,5.820272445678711
2012-01-12,25.93000030517578,5.89530086517334
2012-01-13,25.93000030517578,5.89530086517334
2012-01-17,26.969999313354492,6.131749153137207
2012-01-18,27.719999313354492,6.302264213562012
2012-01-19,27.530000686645508,6.259065628051758
2012-01-20,27.649999618530273,6.28634786605835
2012-01-23,28.760000228881836,6.538712501525879
2012-01-24,29.079999923706055,6.6114654541015625
2012-01-25,29.350000381469727,6.6728515625
2012-01-26,28.770000457763672,6.540985107421875
2012-01-27,28.65999984741211,6.515977382659912
2012-01-30,28.139999389648438,6.3977532386779785
2012-01-31,27.93000030517578,6.350008010864258
2012-02-01,28.760000228881836,6.538712501525879
2012-02-02,28.56999969482422,6.495513916015625
2012-02-03,28.719999313354492,6.529616832733154
2012-02-06,28.940000534057617,6.57963752746582
2012-02-07,29.68000030517578,6.747876167297363
2012-02-08,29.709999084472656,6.754700183868408
2012-02-09,29.739999771118164,6.7615203857421875
2012-02-10,27.450000762939453,6.240878582000732
2012-02-13,28.350000381469727,6.445496559143066
2012-02-14,27.030000686645508,6.145390033721924
2012-02-15,26.729999542236328,6.077182769775391
2012-02-16,27.639999389648438,6.2840752601623535
2012-02-17,27.979999542236328,6.36137580871582
2012-02-21,27.68000030517578,6.293169975280762
2012-02-22,27.809999465942383,6.322725772857666
2012-02-23,27.989999771118164,6.363649845123291
2012-02-24,28.450000762939453,6.468233108520508
2012-02-27,28.459999084472656,6.470505714416504
2012-02-28,28.739999771118164,6.534165859222412
2012-02-29,28.489999771118164,6.4773268699646
2012-03-01,28.979999542236328,6.588727951049805
2012-03-02,29.110000610351562,6.6182861328125
2012-03-05,28.190000534057617,6.409120559692383
2012-03-06,27.0,6.138568878173828
2012-03-07,27.09000015258789,6.159030914306641
2012-03-08,27.309999465942383,6.209047794342041
2012-03-09,26.610000610351562,6.049900054931641
2012-03-12,25.920000076293945,5.8930253982543945
2012-03-13,27.020000457763672,6.143115043640137
2012-03-14,27.34000015258789,6.2158684730529785
2012-03-15,26.93000030517578,6.122653484344482
2012-03-16,26.850000381469727,6.104465007781982
2012-03-19,27.09000015258789,6.159030914306641
2012-03-20,26.700000762939453,6.100991725921631
2012-03-21,26.489999771118164,6.053006172180176
2012-03-22,26.110000610351562,5.966175556182861
2012-03-23,26.200000762939453,5.986741542816162
2012-03-26,26.6299991607666,6.084996223449707
2012-03-27,26.239999771118164,5.995880603790283
2012-03-28,25.56999969482422,5.842783451080322
2012-03-29,25.479999542236328,5.822220802307129
2012-03-30,25.559999465942383,5.840499401092529
2012-04-02,25.40999984741211,5.806224822998047
2012-04-03,24.719999313354492,5.648557662963867
2012-04-04,23.799999237060547,5.4383368492126465
2012-04-05,24.149999618530273,5.518312454223633
2012-04-09,23.790000915527344,5.436053276062012
2012-04-10,23.079999923706055,5.273815155029297
2012-04-11,23.350000381469727,5.335510730743408
2012-04-12,24.100000381469727,5.506886959075928
2012-04-13,23.579999923706055,5.388066291809082
2012-04-16,23.299999237060547,5.324084758758545
2012-04-17,23.309999465942383,5.326371192932129
2012-04-18,23.200000762939453,5.301236629486084
2012-04-19,22.84000015258789,5.218976020812988
2012-04-20,22.979999542236328,5.250966548919678
2012-04-23,22.56999969482422,5.157279014587402
2012-04-24,22.56999969482422,5.157279014587402
2012-04-25,22.34000015258789,5.104724407196045
2012-04-26,22.5,5.1412835121154785
2012-04-27,22.190000534057617,5.070449352264404
2012-04-30,22.15999984741211,5.063593864440918
2012-05-01,22.690000534057617,5.184700965881348
2012-05-02,22.850000381469727,5.2212605476379395
2012-05-03,22.389999389648438,5.116149425506592
2012-05-04,21.209999084472656,4.846518039703369
2012-05-07,21.459999084472656,4.903641223907471
2012-05-08,20.860000610351562,4.766541957855225
2012-05-09,20.540000915527344,4.693421363830566
2012-05-10,20.520000457763672,4.688851356506348
2012-05-11,20.0,4.570030689239502
2012-05-14,19.09000015258789,4.408158779144287
2012-05-15,18.489999771118164,4.269611835479736
2012-05-16,19.209999084472656,4.4358696937561035
2012-05-17,18.420000076293945,4.25344705581665
2012-05-18,18.90999984741211,4.366593837738037
2012-05-21,19.959999084472656,4.609055519104004
2012-05-22,19.09000015258789,4.408158779144287
2012-05-23,18.790000915527344,4.338884353637695
2012-05-24,18.489999771118164,4.269611835479736
2012-05-25,18.65999984741211,4.308866500854492
2012-05-29,18.950000762939453,4.375831127166748
2012-05-30,18.270000457763672,4.218810081481934
2012-05-31,18.899999618530273,4.364284992218018
2012-06-01,18.450000762939453,4.260375022888184
2012-06-04,18.649999618530273,4.306557655334473
2012-06-05,18.75,4.329648971557617
2012-06-06,19.0,4.387375831604004
2012-06-07,19.049999237060547,4.398922920227051
2012-06-08,18.690000534057617,4.315793514251709
2012-06-11,17.920000076293945,4.137989044189453
2012-06-12,17.979999542236328,4.1518449783325195
2012-06-13,18.079999923706055,4.174936771392822
2012-06-14,17.65999984741211,4.077951908111572
2012-06-15,17.959999084472656,4.147225856781006
2012-06-18,18.43000030517578,4.255756855010986
2012-06-19,19.479999542236328,4.498216152191162
2012-06-20,19.68000030517578,4.544398784637451
2012-06-21,18.81999969482422,4.3458123207092285
2012-06-22,18.959999084472656,4.378140449523926
2012-06-25,17.280000686645508,3.990203857421875
2012-06-26,17.389999389648438,4.0156049728393555
2012-06-27,16.989999771118164,3.923239231109619
2012-06-28,17.110000610351562,3.9509479999542236
2012-06-29,18.139999389648438,4.188790321350098
2012-07-02,18.549999237060547,4.28346586227417
2012-07-03,19.010000228881836,4.3896870613098145
2012-07-05,19.399999618530273,4.4797444343566895
2012-07-06,18.850000381469727,4.3527398109436035
2012-07-09,18.469999313354492,4.264993667602539
2012-07-10,18.1200008392334,4.184172630310059
2012-07-11,18.170000076293945,4.195717811584473
2012-07-12,18.170000076293945,4.195717811584473
2012-07-13,19.149999618530273,4.4220147132873535
2012-07-16,19.079999923706055,4.405851364135742
2012-07-17,19.010000228881836,4.3896870613098145
2012-07-18,19.059999465942383,4.401231288909912
2012-07-19,19.579999923706055,4.521308422088623
2012-07-20,19.049999237060547,4.398922920227051
2012-07-23,18.610000610351562,4.297321319580078
2012-07-24,18.450000762939453,4.260375022888184
2012-07-25,18.59000015258789,4.292702674865723
2012-07-26,19.09000015258789,4.408158779144287
2012-07-27,19.940000534057617,4.604437351226807
2012-07-30,19.899999618530273,4.595200061798096
2012-07-31,19.030000686645508,4.3943047523498535
2012-08-01,19.389999389648438,4.477433204650879
2012-08-02,19.190000534057617,4.431251525878906
2012-08-03,19.670000076293945,4.542090892791748
2012-08-06,19.690000534057617,4.546708106994629
2012-08-07,20.010000228881836,4.620601177215576
2012-08-08,20.899999618530273,4.826114177703857
2012-08-09,20.81999969482422,4.807642459869385
2012-08-10,21.020000457763672,4.853824615478516
2012-08-13,20.829999923706055,4.809950828552246
2012-08-14,20.610000610351562,4.759149074554443
2012-08-15,20.729999542236328,4.786860466003418
2012-08-16,21.229999542236328,4.902317523956299
2012-08-17,21.360000610351562,4.93233585357666
2012-08-20,21.489999771118164,4.962355136871338
2012-08-21,21.040000915527344,4.858443260192871
2012-08-22,21.290000915527344,4.916171073913574
2012-08-23,21.010000228881836,4.851515769958496
2012-08-24,21.010000228881836,4.851515769958496
2012-08-27,21.049999237060547,4.860753536224365
2012-08-28,20.969999313354492,4.842278480529785
2012-08-29,20.75,4.791478157043457
2012-08-30,20.6200008392334,4.761457920074463
2012-08-31,20.579999923706055,4.752221584320068
2012-09-04,20.06999969482422,4.63445520401001
2012-09-05,20.200000762939453,4.664475440979004
2012-09-06,20.75,4.791478157043457
2012-09-07,21.40999984741211,4.943880558013916
2012-09-10,21.0,4.84920597076416
2012-09-11,21.56999969482422,4.980829238891602
2012-09-12,21.739999771118164,5.020081996917725
2012-09-13,22.760000228881836,5.255615711212158
2012-09-14,23.31999969482422,5.3849287033081055
2012-09-17,22.979999542236328,5.3064188957214355
2012-09-18,23.06999969482422,5.327200412750244
2012-09-19,22.479999542236328,5.190960884094238
2012-09-20,22.799999237060547,5.264852046966553
2012-09-21,22.40999984741211,5.174796104431152
2012-09-24,22.520000457763672,5.200196743011475
2012-09-25,22.360000610351562,5.16325044631958
2012-09-26,22.360000610351562,5.16325044631958
2012-09-27,22.469999313354492,5.188650608062744
2012-09-28,22.06999969482422,5.096285820007324
2012-10-01,22.280000686645508,5.144776821136475
2012-10-02,22.43000030517578,5.179413795471191
2012-10-03,22.100000381469727,5.103212833404541
2012-10-04,22.209999084472656,5.128612518310547
2012-10-05,21.979999542236328,5.075504302978516
2012-10-08,22.049999237060547,5.091667175292969
2012-10-09,21.81999969482422,5.038557052612305
2012-10-10,21.739999771118164,5.020081996917725
2012-10-11,22.010000228881836,5.082430362701416
2012-10-12,21.93000030517578,5.063957691192627
2012-10-15,22.31999969482422,5.154013633728027
2012-10-16,22.299999237060547,5.149395942687988
2012-10-17,22.209999084472656,5.128612518310547
2012-10-18,22.1299991607666,5.1101393699646
2012-10-19,21.969999313354492,5.073192596435547
2012-10-22,22.049999237060547,5.091667175292969
2012-10-23,21.219999313354492,4.900007247924805
2012-10-24,21.200000762939453,4.895389556884766
2012-10-25,21.459999084472656,4.955426216125488
2012-10-26,21.700000762939453,5.010847091674805
2012-10-31,20.530000686645508,4.740677356719971
2012-11-01,20.709999084472656,4.782240867614746
2012-11-02,20.700000762939453,4.779932975769043
2012-11-05,21.030000686645508,4.856132507324219
2012-11-06,21.31999969482422,4.923098564147949
2012-11-07,20.760000228881836,4.793787956237793
2012-11-08,20.100000381469727,4.641384124755859
2012-11-09,20.219999313354492,4.669093608856201
2012-11-12,19.809999465942383,4.574417591094971
2012-11-13,19.559999465942383,4.516689300537109
2012-11-14,19.020000457763672,4.391995906829834
2012-11-15,18.8700008392334,4.357358455657959
2012-11-16,18.579999923706055,4.290393352508545
2012-11-19,18.6299991607666,4.301938533782959
2012-11-20,18.579999923706055,4.290393352508545
2012-11-21,17.969999313354492,4.149535179138184
2012-11-23,18.25,4.214191913604736
2012-11-26,18.100000381469727,4.179553985595703
2012-11-27,17.670000076293945,4.080260753631592
2012-11-28,18.0,4.156463146209717
2012-11-29,18.1299991607666,4.18648099899292
2012-11-30,17.549999237060547,4.05255126953125
2012-12-03,17.84000015258789,4.119516849517822
2012-12-04,17.719999313354492,4.091806888580322
2012-12-05,18.079999923706055,4.174936771392822
2012-12-06,18.110000610351562,4.181864261627197
2012-12-07,18.530000686645508,4.2788472175598145
2012-12-10,18.8700008392334,4.357358455657959
2012-12-11,19.1299991607666,4.417396068572998
2012-12-12,19.09000015258789,4.408158779144287
2012-12-13,18.6200008392334,4.2996296882629395
2012-12-14,19.280000686645508,4.452033519744873
2012-12-17,19.100000381469727,4.410469055175781
2012-12-18,19.3700008392334,4.472815990447998
2012-12-19,20.020000457763672,4.622910022735596
2012-12-20,20.420000076293945,4.715275764465332
2012-12-21,19.799999237060547,4.572109222412109
2012-12-24,19.600000381469727,4.52592658996582
2012-12-26,19.520000457763672,4.507452487945557
2012-12-27,19.110000610351562,4.412779331207275
2012-12-28,18.979999542236328,4.382759094238281
2012-12-31,19.309999465942383,4.45896053314209
2013-01-02,19.43000030517578,4.486670970916748
2013-01-03,19.799999237060547,4.572109222412109
2013-01-04,20.049999237060547,4.629837989807129
2013-01-07,19.84000015258789,4.581346035003662
2013-01-08,19.290000915527344,4.454342365264893
2013-01-09,19.329999923706055,4.4635796546936035
2013-01-10,19.65999984741211,4.5397820472717285
2013-01-11,19.510000228881836,4.505143642425537
2013-01-14,19.3799991607666,4.475124835968018
2013-01-15,19.479999542236328,4.498216152191162
2013-01-16,19.350000381469727,4.468198299407959
2013-01-17,19.229999542236328,4.440486907958984
2013-01-18,19.149999618530273,4.4220147132873535
2013-01-22,19.149999618530273,4.4220147132873535
2013-01-23,19.1200008392334,4.415087699890137
2013-01-24,19.40999984741211,4.482052803039551
2013-01-25,19.59000015258789,4.523616313934326
2013-01-28,19.31999969482422,4.461270332336426
2013-01-29,19.219999313354492,4.438178539276123
2013-01-30,18.350000381469727,4.2372822761535645
2013-01-31,18.09000015258789,4.177245616912842
2013-02-01,18.5,4.271920204162598
2013-02-04,17.959999084472656,4.147225856781006
2013-02-05,18.059999465942383,4.17031717300415
2013-02-06,17.770000457763672,4.103353500366211
2013-02-07,17.719999313354492,4.091806888580322
2013-02-08,17.989999771118164,4.154154300689697
2013-02-11,17.670000076293945,4.080260753631592
2013-02-12,18.190000534057617,4.200336456298828
2013-02-13,18.209999084472656,4.204955577850342
2013-02-14,18.09000015258789,4.177245616912842
2013-02-15,17.969999313354492,4.149535179138184
2013-02-19,18.530000686645508,4.2788472175598145
2013-02-20,17.850000381469727,4.121825218200684
2013-02-21,17.43000030517578,4.02484130859375
2013-02-22,17.260000228881836,3.9855854511260986
2013-02-25,16.940000534057617,3.9116928577423096
2013-02-26,16.90999984741211,3.904766321182251
2013-02-27,17.030000686645508,3.932476043701172
2013-02-28,16.729999542236328,3.86320161819458
2013-03-01,17.079999923706055,3.944021463394165
2013-03-04,16.729999542236328,3.86320161819458
2013-03-05,16.889999389648438,3.9001479148864746
2013-03-06,18.360000610351562,4.2395920753479
2013-03-07,19.34000015258789,4.465888500213623
2013-03-08,18.950000762939453,4.375831127166748
2013-03-11,18.770000457763672,4.334266185760498
2013-03-12,19.309999465942383,4.45896053314209
2013-03-13,19.139999389648438,4.419705867767334
2013-03-14,19.260000228881836,4.447415828704834
2013-03-15,19.479999542236328,4.498216152191162
2013-03-18,19.329999923706055,4.4635796546936035
2013-03-19,19.18000030517578,4.428943157196045
2013-03-20,18.84000015258789,4.350431442260742
2013-03-21,18.40999984741211,4.251137733459473
2013-03-22,18.469999313354492,4.264993667602539
2013-03-25,18.40999984741211,4.251137733459473
2013-03-26,18.43000030517578,4.255756855010986
2013-03-27,18.309999465942383,4.228046894073486
2013-03-28,18.149999618530273,4.191100597381592
2013-04-01,17.90999984741211,4.135681629180908
2013-04-02,17.649999618530273,4.0756425857543945
2013-04-03,17.6299991607666,4.071024417877197
2013-04-04,17.579999923706055,4.059478282928467
2013-04-05,17.90999984741211,4.135681629180908
2013-04-08,17.440000534057617,4.027149677276611
2013-04-09,18.209999084472656,4.204955577850342
2013-04-10,18.540000915527344,4.281157493591309
2013-04-11,18.149999618530273,4.191100597381592
2013-04-12,18.149999618530273,4.191100597381592
2013-04-15,17.5,4.0410051345825195
2013-04-16,17.709999084472656,4.089498043060303
2013-04-17,17.1200008392334,3.9532582759857178
2013-04-18,17.510000228881836,4.0433149337768555
2013-04-19,18.190000534057617,4.200336456298828
2013-04-22,18.549999237060547,4.28346586227417
2013-04-23,19.040000915527344,4.396615505218506
2013-04-24,19.3700008392334,4.472815990447998
2013-04-25,19.209999084472656,4.4358696937561035
2013-04-26,19.34000015258789,4.465888500213623
2013-04-29,20.3700008392334,4.703731060028076
2013-04-30,19.969999313354492,4.790326118469238
2013-05-01,19.68000030517578,4.720763206481934
2013-05-02,20.190000534057617,4.8430986404418945
2013-05-03,19.899999618530273,4.773534774780273
2013-05-06,20.190000534057617,4.8430986404418945
2013-05-07,20.59000015258789,4.93904972076416
2013-05-08,20.31999969482422,4.874283313751221
2013-05-09,20.06999969482422,4.814311981201172
2013-05-10,19.600000381469727,4.701572418212891
2013-05-13,19.479999542236328,4.672786712646484
2013-05-14,19.299999237060547,4.629608154296875
2013-05-15,19.260000228881836,4.62001371383667
2013-05-16,19.5,4.677585124969482
2013-05-17,19.56999969482422,4.694375038146973
2013-05-20,19.790000915527344,4.7471489906311035
2013-05-21,19.860000610351562,4.763940811157227
2013-05-22,19.350000381469727,4.641602993011475
2013-05-23,19.280000686645508,4.62481164932251
2013-05-24,19.610000610351562,4.703969955444336
2013-05-28,19.40999984741211,4.655995845794678
2013-05-29,18.8799991607666,4.5288615226745605
2013-05-30,19.1200008392334,4.58643102645874
2013-05-31,18.639999389648438,4.47128963470459
2013-06-03,19.18000030517578,4.600822925567627
2013-06-04,18.850000381469727,4.521664142608643
2013-06-05,18.260000228881836,4.380137920379639
2013-06-06,18.399999618530273,4.41372013092041
2013-06-07,17.65999984741211,4.23621129989624
2013-06-10,17.709999084472656,4.248205184936523
2013-06-11,17.389999389648438,4.171445846557617
2013-06-12,16.90999984741211,4.056305885314941
2013-06-13,17.739999771118164,4.2554030418396
2013-06-14,17.0,4.077895164489746
2013-06-17,16.809999465942383,4.032318115234375
2013-06-18,16.489999771118164,3.955557107925415
2013-06-19,15.699999809265137,3.76605486869812
2013-06-20,14.970000267028809,3.590944766998291
2013-06-21,14.75,3.538172483444214
2013-06-24,14.3100004196167,3.432626247406006
2013-06-25,14.579999923706055,3.497394323348999
2013-06-26,14.949999809265137,3.586148262023926
2013-06-27,15.020000457763672,3.6029393672943115
2013-06-28,14.65999984741211,3.5165839195251465
2013-07-01,14.520000457763672,3.483001708984375
2013-07-02,13.770000457763672,3.3030946254730225
2013-07-03,13.899999618530273,3.334277868270874
2013-07-05,13.449999809265137,3.2263338565826416
2013-07-08,13.380000114440918,3.2095417976379395
2013-07-09,13.529999732971191,3.245523452758789
2013-07-10,13.460000038146973,3.2287325859069824
2013-07-11,14.010000228881836,3.360664129257202
2013-07-12,13.75,3.2982959747314453
2013-07-15,14.100000381469727,3.382253408432007
2013-07-16,14.0600004196167,3.3726582527160645
2013-07-17,14.5,3.4782042503356934
2013-07-18,14.640000343322754,3.5117859840393066
2013-07-19,14.270000457763672,3.423032283782959
2013-07-22,14.720000267028809,3.5309765338897705
2013-07-23,14.920000076293945,3.578951120376587
2013-07-24,14.699999809265137,3.526179075241089
2013-07-25,15.09000015258789,3.619729518890381
2013-07-26,15.149999618530273,3.634122610092163
2013-07-29,14.789999961853027,3.5477681159973145
2013-07-30,14.4399995803833,3.463810682296753
2013-07-31,14.34000015258789,3.439823627471924
2013-08-01,14.8100004196167,3.552564859390259
2013-08-02,14.779999732971191,3.5453684329986572
2013-08-05,14.479999542236328,3.4734058380126953
2013-08-06,14.25,3.4182348251342773
2013-08-07,14.15999984741211,3.3966457843780518
2013-08-08,14.680000305175781,3.5213816165924072
2013-08-09,15.09000015258789,3.619729518890381
2013-08-12,14.539999961853027,3.4877982139587402
2013-08-13,14.300000190734863,3.430227756500244
2013-08-14,14.729999542236328,3.5333755016326904
2013-08-15,15.369999885559082,3.6868956089019775
2013-08-16,15.029999732971191,3.605337619781494
2013-08-19,14.899999618530273,3.5741536617279053
2013-08-20,14.40999984741211,3.4566147327423096
2013-08-21,14.350000381469727,3.4422218799591064
2013-08-22,15.119999885559082,3.6269266605377197
2013-08-23,15.890000343322754,3.811631441116333
2013-08-26,15.399999618530273,3.694091796875
2013-08-27,14.890000343322754,3.5717544555664062
2013-08-28,14.760000228881836,3.540571928024292
2013-08-29,14.399999618530273,3.454216241836548
2013-08-30,14.260000228881836,3.420632839202881
2013-09-03,14.380000114440918,3.4494192600250244
2013-09-04,14.350000381469727,3.4422218799591064
2013-09-05,15.279999732971191,3.665306568145752
2013-09-06,15.5,3.7180800437927246
2013-09-09,16.139999389648438,3.8715999126434326
2013-09-10,16.190000534057617,3.883594036102295
2013-09-11,16.200000762939453,3.8859925270080566
2013-09-12,15.75,3.778048276901245
2013-09-13,16.059999465942383,3.852409839630127
2013-09-16,16.3799991607666,3.929171085357666
2013-09-17,16.5,3.9579555988311768
2013-09-18,17.389999389648438,4.171445846557617
2013-09-19,17.579999923706055,4.2170209884643555
2013-09-20,17.15999984741211,4.116272926330566
2013-09-23,17.43000030517578,4.181040287017822
2013-09-24,17.170000076293945,4.118673324584961
2013-09-25,16.950000762939453,4.065899848937988
2013-09-26,16.68000030517578,4.001133918762207
2013-09-27,16.469999313354492,3.9507579803466797
2013-09-30,16.729999542236328,4.013127326965332
2013-10-01,16.889999389648438,4.051506996154785
2013-10-02,17.15999984741211,4.116272926330566
2013-10-03,16.969999313354492,4.07069730758667
2013-10-04,17.030000686645508,4.085090160369873
2013-10-07,16.950000762939453,4.065899848937988
2013-10-08,16.690000534057617,4.0035319328308105
2013-10-09,16.5,3.9579555988311768
2013-10-10,16.780000686645508,4.025120735168457
2013-10-11,16.729999542236328,4.013127326965332
2013-10-14,16.889999389648438,4.051506996154785
2013-10-15,16.920000076293945,4.058703899383545
2013-10-16,16.979999542236328,4.073095321655273
2013-10-17,16.989999771118164,4.07549524307251
2013-10-18,16.600000381469727,3.9819438457489014
2013-10-21,17.450000762939453,4.185838222503662
2013-10-22,17.209999084472656,4.128267765045166
2013-10-23,16.809999465942383,4.032318115234375
2013-10-24,16.639999389648438,3.9915385246276855
2013-10-25,17.059999465942383,4.092285633087158
2013-10-28,18.239999771118164,4.375340461730957
2013-10-29,18.190000534057617,4.363347053527832
2013-10-30,18.3700008392334,4.406524181365967
2013-10-31,18.15999984741211,4.356149196624756
2013-11-01,17.700000762939453,4.24580717086792
2013-11-04,18.110000610351562,4.3441572189331055
2013-11-05,17.65999984741211,4.23621129989624
2013-11-06,17.799999237060547,4.269792556762695
2013-11-07,17.190000534057617,4.123471260070801
2013-11-08,16.90999984741211,4.056305885314941
2013-11-11,17.25,4.137862205505371
2013-11-12,16.799999237060547,4.029918670654297
2013-11-13,17.200000762939453,4.125870227813721
2013-11-14,17.809999465942383,4.272193431854248
2013-11-15,18.010000228881836,4.320169925689697
2013-11-18,18.790000915527344,4.507271766662598
2013-11-19,18.56999969482422,4.454499244689941
2013-11-20,17.860000610351562,4.284187316894531
2013-11-21,18.049999237060547,4.329764366149902
2013-11-22,18.239999771118164,4.375340461730957
2013-11-25,17.81999969482422,4.274592399597168
2013-11-26,16.809999465942383,4.032318115234375
2013-11-27,16.40999984741211,3.9363667964935303
2013-11-29,16.540000915527344,3.967550754547119
2013-12-02,14.9399995803833,3.5837481021881104
2013-12-03,14.8100004196167,3.552564859390259
2013-12-04,14.800000190734863,3.5501668453216553
2013-12-05,14.819999694824219,3.5549638271331787
2013-12-06,14.819999694824219,3.5549638271331787
2013-12-09,14.829999923706055,3.5573630332946777
2013-12-10,15.050000190734863,3.610135555267334
2013-12-11,14.329999923706055,3.437424421310425
2013-12-12,14.460000038146973,3.4686079025268555
2013-12-13,14.899999618530273,3.5741536617279053
2013-12-16,14.739999771118164,3.5357730388641357
2013-12-17,14.59000015258789,3.4997925758361816
2013-12-18,14.729999542236328,3.5333755016326904
2013-12-19,14.640000343322754,3.5117859840393066
2013-12-20,14.350000381469727,3.4422218799591064
2013-12-23,14.550000190734863,3.4901981353759766
2013-12-24,14.640000343322754,3.5117859840393066
2013-12-26,14.4399995803833,3.463810682296753
2013-12-27,14.640000343322754,3.5117859840393066
2013-12-30,14.600000381469727,3.5021917819976807
2013-12-31,14.6899995803833,3.523780107498169
2014-01-02,13.960000038146973,3.3486711978912354
2014-01-03,13.9399995803833,3.3438735008239746
2014-01-06,13.899999618530273,3.334277868270874
2014-01-07,13.609999656677246,3.264714241027832
2014-01-08,13.489999771118164,3.235928773880005
2014-01-09,13.34000015258789,3.199946880340576
2014-01-10,13.649999618530273,3.274308681488037
2014-01-13,13.359999656677246,3.204744577407837
2014-01-14,13.350000381469727,3.2023470401763916
2014-01-15,13.399999618530273,3.214339017868042
2014-01-16,13.1899995803833,3.1639657020568848
2014-01-17,13.260000228881836,3.1807572841644287
2014-01-21,13.010000228881836,3.120788097381592
2014-01-22,13.390000343322754,3.2119414806365967
2014-01-23,12.949999809265137,3.106395959854126
2014-01-24,12.609999656677246,3.0248377323150635
2014-01-27,12.609999656677246,3.0248377323150635
2014-01-28,12.539999961853027,3.0080463886260986
2014-01-29,12.079999923706055,2.8977036476135254
2014-01-30,12.15999984741211,2.916893243789673
2014-01-31,11.899999618530273,2.854525566101074
2014-02-03,11.369999885559082,2.727391242980957
2014-02-04,11.619999885559082,2.787360906600952
2014-02-05,11.380000114440918,2.7297897338867188
2014-02-06,11.9399995803833,2.8641207218170166
2014-02-07,12.0600004196167,2.892906904220581
2014-02-10,12.15999984741211,2.916893243789673
2014-02-11,12.5,2.9984512329101562
2014-02-12,12.229999542236328,2.933684825897217
2014-02-13,12.319999694824219,2.9552738666534424
2014-02-14,12.270000457763672,2.9432804584503174
2014-02-18,11.84000015258789,2.840132713317871
2014-02-19,11.819999694824219,2.8353357315063477
2014-02-20,11.90999984741211,2.856924295425415
2014-02-21,12.09000015258789,2.900101900100708
2014-02-24,12.329999923706055,2.957672595977783
2014-02-25,12.0600004196167,2.892906904220581
2014-02-26,11.65999984741211,2.7969553470611572
2014-02-27,12.15999984741211,2.916893243789673
2014-02-28,11.65999984741211,2.7969553470611572
2014-03-03,11.399999618530273,2.7345876693725586
2014-03-04,11.569999694824219,2.775367021560669
2014-03-05,11.470000267028809,2.7513787746429443
2014-03-06,11.630000114440918,2.7897589206695557
2014-03-07,11.34000015258789,2.7201948165893555
2014-03-10,11.039999961853027,2.6482324600219727
2014-03-11,11.050000190734863,2.6506316661834717
2014-03-12,11.25,2.69860577583313
2014-03-13,11.050000190734863,2.6506316661834717
2014-03-14,10.859999656677246,2.6050541400909424
2014-03-17,10.680000305175781,2.5618765354156494
2014-03-18,11.010000228881836,2.641036033630371
2014-03-19,11.359999656677246,2.7249937057495117
2014-03-20,11.970000267028809,2.871317148208618
2014-03-21,11.9399995803833,2.8641207218170166
2014-03-24,12.359999656677246,2.9648680686950684
2014-03-25,12.5600004196167,3.0128440856933594
2014-03-26,12.40999984741211,2.9768621921539307
2014-03-27,13.640000343322754,3.27190899848938
2014-03-28,13.899999618530273,3.334277868270874
2014-03-31,13.869999885559082,3.3270816802978516
2014-04-01,13.930000305175781,3.3414740562438965
2014-04-02,14.539999961853027,3.4877982139587402
2014-04-03,13.479999542236328,3.427537202835083
2014-04-04,13.720000267028809,3.4885623455047607
2014-04-07,14.829999923706055,3.770798921585083
2014-04-08,14.479999542236328,3.681804895401001
2014-04-09,14.399999618530273,3.6614644527435303
2014-04-10,14.210000038146973,3.6131534576416016
2014-04-11,14.59000015258789,3.709774971008301
2014-04-14,14.380000114440918,3.656379222869873
2014-04-15,13.770000457763672,3.501274824142456
2014-04-16,14.029999732971191,3.5673844814300537
2014-04-17,14.640000343322754,3.722487688064575
2014-04-21,14.600000381469727,3.7123184204101562
2014-04-22,14.289999961853027,3.633493661880493
2014-04-23,14.369999885559082,3.653836250305176
2014-04-24,14.479999542236328,3.681804895401001
2014-04-25,14.270000457763672,3.628408908843994
2014-04-28,14.789999961853027,3.7606289386749268
2014-04-29,14.9399995803833,3.7987682819366455
2014-04-30,14.800000190734863,3.763171434402466
2014-05-01,14.680000305175781,3.732659101486206
2014-05-02,15.789999961853027,4.014896869659424
2014-05-05,15.630000114440918,3.9742133617401123
2014-05-06,16.350000381469727,4.157288074493408
2014-05-07,16.770000457763672,4.264079570770264
2014-05-08,16.190000534057617,4.116603851318359
2014-05-09,16.010000228881836,4.070836544036865
2014-05-12,16.280000686645508,4.139488697052002
2014-05-13,16.270000457763672,4.1369452476501465
2014-05-14,16.510000228881836,4.197970390319824
2014-05-15,16.270000457763672,4.1369452476501465
2014-05-16,16.31999969482422,4.149659156799316
2014-05-19,16.270000457763672,4.1369452476501465
2014-05-20,15.609999656677246,3.969128131866455
2014-05-21,15.899999618530273,4.042866230010986
2014-05-22,15.869999885559082,4.035238265991211
2014-05-23,15.960000038146973,4.058122158050537
2014-05-27,15.649999618530273,3.9792985916137695
2014-05-28,15.819999694824219,4.022524833679199
2014-05-29,15.609999656677246,3.969128131866455
2014-05-30,14.930000305175781,3.7962260246276855
2014-06-02,14.630000114440918,3.7199463844299316
2014-06-03,14.8100004196167,3.7657134532928467
2014-06-04,14.5,3.6868908405303955
2014-06-05,14.489999771118164,3.68434739112854
2014-06-06,15.630000114440918,3.9742133617401123
2014-06-09,16.209999084472656,4.121689796447754
2014-06-10,16.43000030517578,4.177628517150879
2014-06-11,16.829999923706055,4.2793354988098145
2014-06-12,16.6200008392334,4.225939750671387
2014-06-13,16.969999313354492,4.314932823181152
2014-06-16,16.790000915527344,4.269164562225342
2014-06-17,16.440000534057617,4.18017053604126
2014-06-18,16.989999771118164,4.320019721984863
2014-06-19,16.709999084472656,4.248823165893555
2014-06-20,16.799999237060547,4.271707534790039
2014-06-23,16.530000686645508,4.203054428100586
2014-06-24,15.819999694824219,4.022524833679199
2014-06-25,15.569999694824219,3.9589569568634033
2014-06-26,15.760000228881836,4.007269382476807
2014-06-27,15.649999618530273,3.9792985916137695
2014-06-30,15.640000343322754,3.9767563343048096
2014-07-01,15.569999694824219,3.9589569568634033
2014-07-02,15.380000114440918,3.9106459617614746
2014-07-03,15.510000228881836,3.9437007904052734
2014-07-07,15.539999961853027,3.951328754425049
2014-07-08,15.539999961853027,3.951328754425049
2014-07-09,16.09000015258789,4.091177463531494
2014-07-10,16.270000457763672,4.1369452476501465
2014-07-11,16.3799991607666,4.164915084838867
2014-07-14,17.190000534057617,4.37087345123291
2014-07-15,17.290000915527344,4.396298885345459
2014-07-16,17.31999969482422,4.403926372528076
2014-07-17,17.25,4.3861284255981445
2014-07-18,18.350000381469727,4.665823936462402
2014-07-21,18.799999237060547,4.780245304107666
2014-07-22,19.040000915527344,4.841269493103027
2014-07-23,18.280000686645508,4.648024082183838
2014-07-24,18.239999771118164,4.63785457611084
2014-07-25,18.280000686645508,4.648024082183838
2014-07-28,18.1299991607666,4.6098833084106445
2014-07-29,17.600000381469727,4.47512149810791
2014-07-30,17.600000381469727,4.47512149810791
2014-07-31,16.81999969482422,4.276793003082275
2014-08-01,16.8700008392334,4.289506435394287
2014-08-04,17.139999389648438,4.358158111572266
2014-08-05,17.190000534057617,4.37087345123291
2014-08-06,17.780000686645508,4.520890712738037
2014-08-07,17.549999237060547,4.462409019470215
2014-08-08,16.959999084472656,4.312390327453613
2014-08-11,17.670000076293945,4.492920875549316
2014-08-12,17.209999084472656,4.37595796585083
2014-08-13,16.3700008392334,4.162372589111328
2014-08-14,16.360000610351562,4.1598310470581055
2014-08-15,17.639999389648438,4.485292434692383
2014-08-18,18.0,4.576830863952637
2014-08-19,18.5,4.703963756561279
2014-08-20,18.84000015258789,4.790416240692139
2014-08-21,18.790000915527344,4.7777018547058105
2014-08-22,18.280000686645508,4.648024082183838
2014-08-25,19.149999618530273,4.869236946105957
2014-08-26,19.290000915527344,4.904836654663086
2014-08-27,20.31999969482422,5.166732311248779
2014-08-28,20.31999969482422,5.166732311248779
2014-08-29,20.809999465942383,5.291323661804199
2014-09-02,21.860000610351562,5.558305740356445
2014-09-03,21.3799991607666,5.436255931854248
2014-09-04,20.3799991607666,5.181987285614014
2014-09-05,20.270000457763672,5.154018402099609
2014-09-08,19.239999771118164,4.892122268676758
2014-09-09,18.709999084472656,4.757359504699707
2014-09-10,18.260000228881836,4.642940044403076
2014-09-11,18.549999237060547,4.716676712036133
2014-09-12,17.209999084472656,4.37595796585083
2014-09-15,17.40999984741211,4.426811695098877
2014-09-16,18.520000457763672,4.709048748016357
2014-09-17,18.700000762939453,4.754817008972168
2014-09-18,18.040000915527344,4.587000846862793
2014-09-19,17.65999984741211,4.490377426147461
2014-09-22,17.059999465942383,4.337817668914795
2014-09-23,16.84000015258789,4.28187894821167
2014-09-24,17.0,4.3225626945495605
2014-09-25,16.389999389648438,4.1674580574035645
2014-09-26,17.350000381469727,4.411556243896484
2014-09-29,15.369999885559082,3.9081039428710938
2014-09-30,14.890000343322754,3.786055088043213
2014-10-01,13.84000015258789,3.519073724746704
2014-10-02,13.930000305175781,3.5419580936431885
2014-10-03,14.6899995803833,3.7352020740509033
2014-10-06,16.799999237060547,4.271707534790039
2014-10-07,17.520000457763672,4.4547810554504395
2014-10-08,17.5,4.449695587158203
2014-10-09,17.770000457763672,4.5183491706848145
2014-10-10,16.549999237060547,4.208139896392822
2014-10-13,18.440000534057617,4.6887078285217285
2014-10-14,18.09000015258789,4.599714756011963
2014-10-15,16.510000228881836,4.197970390319824
2014-10-16,15.210000038146973,3.8674213886260986
2014-10-17,15.649999618530273,3.9792985916137695
2014-10-20,14.569999694824219,3.7046892642974854
2014-10-21,13.59000015258789,3.4555063247680664
2014-10-22,13.239999771118164,3.3665122985839844
2014-10-23,12.359999656677246,3.1427557468414307
2014-10-24,13.460000038146973,3.4224517345428467
2014-10-27,11.489999771118164,2.9215428829193115
2014-10-28,12.079999923706055,3.071561574935913
2014-10-29,11.569999694824219,2.941884994506836
2014-10-30,11.800000190734863,3.0003654956817627
2014-10-31,12.229999542236328,3.109701156616211
2014-11-03,11.670000076293945,2.9673116207122803
2014-11-04,11.6899995803833,2.972395896911621
2014-11-05,11.609999656677246,2.9520552158355713
2014-11-06,11.0600004196167,2.8122079372406006
2014-11-07,11.270000457763672,2.8656046390533447
2014-11-10,11.039999961853027,2.807121753692627
2014-11-11,11.039999961853027,2.807121753692627
2014-11-12,10.979999542236328,2.7918660640716553
2014-11-13,10.520000457763672,2.674903392791748
2014-11-14,10.229999542236328,2.6011650562286377
2014-11-17,9.640000343322754,2.4511466026306152
2014-11-18,9.739999771118164,2.4765734672546387
2014-11-19,9.859999656677246,2.5070858001708984
2014-11-20,10.109999656677246,2.570652484893799
2014-11-21,11.4399995803833,2.908829927444458
2014-11-24,11.0600004196167,2.8122079372406006
2014-11-25,11.020000457763672,2.802037000656128
2014-11-26,11.210000038146973,2.8503475189208984
2014-11-28,10.210000038146973,2.5960793495178223
2014-12-01,9.649999618530273,2.4536890983581543
2014-12-02,9.510000228881836,2.4180922508239746
2014-12-03,9.829999923706055,2.499458074569702
2014-12-04,9.4399995803833,2.4002931118011475
2014-12-05,9.399999618530273,2.390122652053833
2014-12-08,8.75,2.2248477935791016
2014-12-09,8.760000228881836,2.2273905277252197
2014-12-10,8.3100004196167,2.1129698753356934
2014-12-11,7.980000019073486,2.0290610790252686
2014-12-12,7.570000171661377,1.9248112440109253
2014-12-15,6.659999847412109,1.6934269666671753
2014-12-16,6.71999979019165,1.7086832523345947
2014-12-17,7.019999980926514,1.784963607788086
2014-12-18,7.170000076293945,1.8231041431427002
2014-12-19,7.340000152587891,1.866329550743103
2014-12-22,7.730000019073486,1.9654943943023682
2014-12-23,7.989999771118164,2.0316035747528076
2014-12-24,7.949999809265137,2.021433115005493
2014-12-26,7.710000038146973,1.9604092836380005
2014-12-29,7.550000190734863,1.9197262525558472
2014-12-30,7.539999961853027,1.9171833992004395
2014-12-31,7.579999923706055,1.927353858947754
2015-01-02,6.949999809265137,1.767164945602417
2015-01-05,6.260000228881836,1.5917198657989502
2015-01-06,6.139999866485596,1.561207890510559
2015-01-07,6.300000190734863,1.6018905639648438
2015-01-08,6.869999885559082,1.746822714805603
2015-01-09,7.159999847412109,1.8205612897872925
2015-01-12,6.630000114440918,1.6857988834381104
2015-01-13,6.920000076293945,1.759536862373352
2015-01-14,6.989999771118164,1.7773357629776
2015-01-15,6.960000038146973,1.7697075605392456
2015-01-16,7.190000057220459,1.8281896114349365
2015-01-20,7.110000133514404,1.8078479766845703
2015-01-21,7.630000114440918,1.940066933631897
2015-01-22,7.96999979019165,2.0265188217163086
2015-01-23,7.610000133514404,1.934982180595398
2015-01-26,7.519999980926514,1.9120979309082031
2015-01-27,7.860000133514404,1.9985488653182983
2015-01-28,6.940000057220459,1.764621615409851
2015-01-29,6.610000133514404,1.680713415145874
2015-01-30,6.150000095367432,1.563750147819519
2015-02-02,6.519999980926514,1.6578294038772583
2015-02-03,7.440000057220459,1.8917561769485474
2015-02-04,7.389999866485596,1.8790428638458252
2015-02-05,7.21999979019165,1.8358172178268433
2015-02-06,6.590000152587891,1.675628423690796
2015-02-09,6.71999979019165,1.7086832523345947
2015-02-10,6.309999942779541,1.604433298110962
2015-02-11,6.329999923706055,1.60951828956604
2015-02-12,6.650000095367432,1.6908843517303467
2015-02-13,7.130000114440918,1.812933325767517
2015-02-17,7.190000057220459,1.8281896114349365
2015-02-18,7.079999923706055,1.8002192974090576
2015-02-19,6.730000019073486,1.7112258672714233
2015-02-20,6.739999771118164,1.7137686014175415
2015-02-23,6.590000152587891,1.675628423690796
2015-02-24,6.989999771118164,1.7773357629776
2015-02-25,6.519999980926514,1.6578294038772583
2015-02-26,6.329999923706055,1.60951828956604
2015-02-27,6.710000038146973,1.7061408758163452
2015-03-02,6.5,1.6527444124221802
2015-03-03,6.489999771118164,1.650201439857483
2015-03-04,6.210000038146973,1.5790060758590698
2015-03-05,6.110000133514404,1.5535796880722046
2015-03-06,6.03000020980835,1.533238410949707
2015-03-09,5.679999828338623,1.4442445039749146
2015-03-10,5.46999979019165,1.3908474445343018
2015-03-11,5.619999885559082,1.4289878606796265
2015-03-12,5.329999923706055,1.3552501201629639
2015-03-13,5.099999904632568,1.2967685461044312
2015-03-16,5.199999809265137,1.322195053100586
2015-03-17,5.5,1.3984758853912354
2015-03-18,5.75,1.4620431661605835
2015-03-19,5.389999866485596,1.3705062866210938
2015-03-20,5.670000076293945,1.4417015314102173
2015-03-23,5.920000076293945,1.5052686929702759
2015-03-24,5.96999979019165,1.5179814100265503
2015-03-25,6.119999885559082,1.556121587753296
2015-03-26,5.829999923706055,1.482384443283081
2015-03-27,5.78000020980835,1.4696710109710693
2015-03-30,6.0,1.5256098508834839
2015-03-31,6.090000152587891,1.5484942197799683
2015-04-01,6.409999847412109,1.629860281944275
2015-04-02,6.800000190734863,1.7290245294570923
2015-04-06,6.860000133514404,1.7442811727523804
2015-04-07,6.920000076293945,1.759536862373352
2015-04-08,6.920000076293945,1.759536862373352
2015-04-09,7.510000228881836,1.909555196762085
2015-04-10,7.71999979019165,1.9629515409469604
2015-04-13,7.869999885559082,2.001091480255127
2015-04-14,8.180000305175781,2.0799155235290527
2015-04-15,8.789999961853027,2.235018253326416
2015-04-16,8.579999923706055,2.181621789932251
2015-04-17,8.600000381469727,2.1867082118988037
2015-04-20,8.649999618530273,2.199420690536499
2015-04-21,8.399999618530273,2.1358537673950195
2015-04-22,8.710000038146973,2.214676856994629
2015-04-23,8.680000305175781,2.2070493698120117
2015-04-24,8.90999984741211,2.2655303478240967
2015-04-27,8.710000038146973,2.214676856994629
2015-04-28,8.699999809265137,2.2121338844299316
2015-04-29,8.699999809265137,2.2121338844299316
2015-04-30,8.680000305175781,2.2070493698120117
2015-05-01,8.75,2.2248477935791016
2015-05-04,8.949999809265137,2.2757010459899902
2015-05-05,9.359999656677246,2.379951000213623
2015-05-06,8.930000305175781,2.270615816116333
2015-05-07,9.039999961853027,2.2985849380493164
2015-05-08,9.09000015258789,2.311298370361328
2015-05-11,8.970000267028809,2.280787467956543
2015-05-12,9.140000343322754,2.324012041091919
2015-05-13,9.220000267028809,2.3443539142608643
2015-05-14,9.239999771118164,2.3494391441345215
2015-05-15,9.380000114440918,2.3850371837615967
2015-05-18,9.140000343322754,2.324012041091919
2015-05-19,8.520000457763672,2.1663661003112793
2015-05-20,8.5600004196167,2.176536798477173
2015-05-21,8.8100004196167,2.2401039600372314
2015-05-22,8.479999542236328,2.1561951637268066
2015-05-26,7.869999885559082,2.001091480255127
2015-05-27,7.980000019073486,2.0290610790252686
2015-05-28,8.0,2.034146785736084
2015-05-29,7.730000019073486,1.9654943943023682
2015-06-01,7.769999980926514,1.9756643772125244
2015-06-02,8.229999542236328,2.092628002166748
2015-06-03,8.170000076293945,2.0773725509643555
2015-06-04,7.920000076293945,2.0138049125671387
2015-06-05,7.960000038146973,2.0239760875701904
2015-06-08,8.109999656677246,2.0621163845062256
2015-06-09,8.350000381469727,2.123140811920166
2015-06-10,8.369999885559082,2.128225803375244
2015-06-11,8.359999656677246,2.125683069229126
2015-06-12,8.350000381469727,2.123140811920166
2015-06-15,8.319999694824219,2.1155123710632324
2015-06-16,8.649999618530273,2.199420690536499
2015-06-17,8.630000114440918,2.1943352222442627
2015-06-18,8.770000457763672,2.229933500289917
2015-06-19,8.5,2.1612813472747803
2015-06-22,8.550000190734863,2.1739935874938965
2015-06-23,8.430000305175781,2.143481969833374
2015-06-24,8.5,2.1612813472747803
2015-06-25,8.0600004196167,2.049403190612793
2015-06-26,8.4399995803833,2.146024227142334
2015-06-29,8.180000305175781,2.0799155235290527
2015-06-30,8.15999984741211,2.074829578399658
2015-07-01,7.739999771118164,1.9680372476577759
2015-07-02,7.929999828338623,2.0163474082946777
2015-07-06,7.289999961853027,1.8536162376403809
2015-07-07,7.409999847412109,1.8841280937194824
2015-07-08,7.170000076293945,1.8231041431427002
2015-07-09,7.340000152587891,1.866329550743103
2015-07-10,7.460000038146973,1.896841287612915
2015-07-13,7.559999942779541,1.9222686290740967
2015-07-14,7.639999866485596,1.9426100254058838
2015-07-15,7.53000020980835,1.9146406650543213
2015-07-16,7.559999942779541,1.9222686290740967
2015-07-17,7.179999828338623,1.8256464004516602
2015-07-20,6.789999961853027,1.7264814376831055
2015-07-21,6.809999942779541,1.731567144393921
2015-07-22,6.389999866485596,1.6247745752334595
2015-07-23,6.210000038146973,1.5790060758590698
2015-07-24,6.039999961853027,1.5357807874679565
2015-07-27,5.679999828338623,1.4442445039749146
2015-07-28,5.949999809265137,1.5128967761993408
2015-07-29,6.400000095367432,1.6273176670074463
2015-07-30,6.21999979019165,1.5815494060516357
2015-07-31,6.150000095367432,1.563750147819519
2015-08-03,5.800000190734863,1.4747565984725952
2015-08-04,5.889999866485596,1.4976403713226318
2015-08-05,5.75,1.4620431661605835
2015-08-06,5.849999904632568,1.4874697923660278
2015-08-07,5.519999980926514,1.4035608768463135
2015-08-10,5.800000190734863,1.4747565984725952
2015-08-11,5.590000152587891,1.4213601350784302
2015-08-12,5.699999809265137,1.449329137802124
2015-08-13,5.429999828338623,1.3806767463684082
2015-08-14,5.349999904632568,1.3603354692459106
2015-08-17,5.260000228881836,1.337451696395874
2015-08-18,5.210000038146973,1.3247379064559937
2015-08-19,5.039999961853027,1.2815124988555908
2015-08-20,5.03000020980835,1.278969645500183
2015-08-21,4.760000228881836,1.2103173732757568
2015-08-24,4.360000133514404,1.1086095571517944
2015-08-25,4.389999866485596,1.116237759590149
2015-08-26,4.480000019073486,1.1391221284866333
2015-08-27,5.039999961853027,1.2815124988555908
2015-08-28,5.03000020980835,1.278969645500183
2015-08-31,5.039999961853027,1.2815124988555908
2015-09-01,4.670000076293945,1.187432885169983
2015-09-02,4.690000057220459,1.1925185918807983
2015-09-03,4.670000076293945,1.187432885169983
2015-09-04,4.409999847412109,1.1213231086730957
2015-09-08,4.53000020980835,1.1518354415893555
2015-09-09,4.409999847412109,1.1213231086730957
2015-09-10,4.110000133514404,1.045042634010315
2015-09-11,3.9600000381469727,1.0069024562835693
2015-09-14,4.050000190734863,1.0297867059707642
2015-09-15,3.9700000286102295,1.009445071220398
2015-09-16,4.269999980926514,1.0857256650924683
2015-09-17,4.079999923706055,1.037414789199829
2015-09-18,3.799999952316284,0.9662195444107056
2015-09-21,3.680000066757202,0.9357076287269592
2015-09-22,3.430000066757202,0.8721405863761902
2015-09-23,3.299999952316284,0.8390854597091675
2015-09-24,3.4700000286102295,0.8823108077049255
2015-09-25,3.430000066757202,0.8721405863761902
2015-09-28,3.130000114440918,0.7958599328994751
2015-09-29,3.259999990463257,0.8289147019386292
2015-09-30,3.680000066757202,0.9357076287269592
2015-10-01,3.5199999809265137,0.8950245976448059
2015-10-02,3.940000057220459,1.0018173456192017
2015-10-05,4.019999980926514,1.0221586227416992
2015-10-06,4.25,1.0806406736373901
2015-10-07,4.380000114440918,1.1136952638626099
2015-10-08,4.630000114440918,1.1772621870040894
2015-10-09,4.679999828338623,1.1899755001068115
2015-10-12,4.5,1.1442077159881592
2015-10-13,4.159999847412109,1.0577561855316162
2015-10-14,4.210000038146973,1.0704697370529175
2015-10-15,4.21999979019165,1.073012113571167
2015-10-16,4.139999866485596,1.0526708364486694
2015-10-19,4.099999904632568,1.0425002574920654
2015-10-20,4.090000152587891,1.0399577617645264
2015-10-21,3.9000000953674316,0.9916466474533081
2015-10-22,4.119999885559082,1.047585368156433
2015-10-23,4.119999885559082,1.047585368156433
2015-10-26,4.03000020980835,1.0247015953063965
2015-10-27,3.859999895095825,0.9814757704734802
2015-10-28,3.9100000858306885,0.9941890835762024
2015-10-29,3.930000066757202,0.9992744326591492
2015-10-30,3.990000009536743,1.0145305395126343
2015-11-02,4.119999885559082,1.047585368156433
2015-11-03,4.5,1.1442077159881592
2015-11-04,4.260000228881836,1.0831830501556396
2015-11-05,4.199999809265137,1.0679268836975098
2015-11-06,4.119999885559082,1.047585368156433
2015-11-09,4.0,1.017073392868042
2015-11-10,4.079999923706055,1.037414789199829
2015-11-11,4.070000171661377,1.0348721742630005
2015-11-12,3.9800000190734863,1.0119880437850952
2015-11-13,3.759999990463257,0.9560489654541016
2015-11-16,4.099999904632568,1.0425002574920654
2015-11-17,4.070000171661377,1.0348721742630005
2015-11-18,4.230000019073486,1.0755550861358643
2015-11-19,4.199999809265137,1.0679268836975098
2015-11-20,4.309999942779541,1.0958962440490723
2015-11-23,4.300000190734863,1.0933541059494019
2015-11-24,4.53000020980835,1.1518354415893555
2015-11-25,4.170000076293945,1.060299038887024
2015-11-27,3.990000009536743,1.0145305395126343
2015-11-30,3.869999885559082,0.9840186238288879
2015-12-01,3.8499999046325684,0.9789329767227173
2015-12-02,3.9200000762939453,0.9967317581176758
2015-12-03,4.179999828338623,1.062841534614563
2015-12-04,3.9600000381469727,1.0069024562835693
2015-12-07,3.799999952316284,0.9662195444107056
2015-12-08,3.9100000858306885,0.9941890835762024
2015-12-09,4.03000020980835,1.0247015953063965
2015-12-10,3.819999933242798,0.9713050127029419
2015-12-11,3.680000066757202,0.9357076287269592
2015-12-14,3.680000066757202,0.9357076287269592
2015-12-15,3.799999952316284,0.9662195444107056
2015-12-16,3.799999952316284,0.9662195444107056
2015-12-17,3.619999885559082,0.9204512238502502
2015-12-18,3.4800000190734863,0.8848537802696228
2015-12-21,3.2899999618530273,0.8365428447723389
2015-12-22,3.359999895095825,0.8543416261672974
2015-12-23,3.5199999809265137,0.8950245976448059
2015-12-24,3.4800000190734863,0.8848537802696228
2015-12-28,3.440000057220459,0.8746829628944397
2015-12-29,3.4200000762939453,0.8695976734161377
2015-12-30,3.3499999046325684,0.8517986536026001
2015-12-31,3.4000000953674316,0.8645122647285461
2016-01-04,3.369999885559082,0.8568843007087708
2016-01-05,3.299999952316284,0.8390854597091675
2016-01-06,3.130000114440918,0.7958599328994751
2016-01-07,3.0299999713897705,0.7704330682754517
2016-01-08,3.0199999809265137,0.7678903937339783
2016-01-11,2.9800000190734863,0.7577196359634399
2016-01-12,2.759999990463257,0.7017804384231567
2016-01-13,2.5999999046325684,0.661097526550293
2016-01-14,2.8299999237060547,0.7195793390274048
2016-01-15,2.5299999713897705,0.6432989239692688
2016-01-19,2.259999990463257,0.5746462345123291
2016-01-20,2.1700000762939453,0.5517623424530029
2016-01-21,2.0799999237060547,0.5288780927658081
2016-01-22,2.0999999046325684,0.5339634418487549
2016-01-25,1.9900000095367432,0.5059940218925476
2016-01-26,2.0399999618530273,0.5187073945999146
2016-01-27,2.180000066757202,0.5543047785758972
2016-01-28,2.259999990463257,0.5746462345123291
2016-01-29,2.430000066757202,0.6178721189498901
2016-02-01,2.369999885559082,0.6026158928871155
2016-02-02,2.109999895095825,0.5365060567855835
2016-02-03,2.259999990463257,0.5746462345123291
2016-02-04,2.440000057220459,0.6204145550727844
2016-02-05,2.299999952316284,0.5848171710968018
2016-02-08,2.180000066757202,0.5543047785758972
2016-02-09,2.059999942779541,0.5237926840782166
2016-02-10,2.1500000953674316,0.5466770529747009
2016-02-11,2.059999942779541,0.5237926840782166
2016-02-12,2.2300000190734863,0.5670185089111328
2016-02-16,2.140000104904175,0.5441341996192932
2016-02-17,2.3499999046325684,0.5975306630134583
2016-02-18,2.259999990463257,0.5746462345123291
2016-02-19,2.190000057220459,0.5568476319313049
2016-02-22,2.5299999713897705,0.6432989239692688
2016-02-23,2.440000057220459,0.6204145550727844
2016-02-24,2.4100000858306885,0.6127866506576538
2016-02-25,2.450000047683716,0.6229574084281921
2016-02-26,2.390000104904175,0.6077014207839966
2016-02-29,2.5299999713897705,0.6432989239692688
2016-03-01,2.690000057220459,0.6839817762374878
2016-03-02,2.8399999141693115,0.7221222519874573
2016-03-03,3.4000000953674316,0.8645122647285461
2016-03-04,3.8399999141693115,0.9763904213905334
2016-03-07,3.8499999046325684,0.9789329767227173
2016-03-08,3.9200000762939453,0.9967317581176758
2016-03-09,4.059999942779541,1.0323292016983032
2016-03-10,4.320000171661377,1.09843909740448
2016-03-11,4.449999809265137,1.1314934492111206
2016-03-14,4.039999961853027,1.0272438526153564
2016-03-15,3.509999990463257,0.892481803894043
2016-03-16,3.819999933242798,0.9713050127029419
2016-03-17,4.340000152587891,1.1035246849060059
2016-03-18,4.360000133514404,1.1086095571517944
2016-03-21,4.429999828338623,1.1264088153839111
2016-03-22,4.449999809265137,1.1314934492111206
2016-03-23,4.190000057220459,1.0653842687606812
2016-03-24,4.210000038146973,1.0704697370529175
2016-03-28,4.630000114440918,1.1772621870040894
2016-03-29,4.610000133514404,1.1721769571304321
2016-03-30,4.610000133514404,1.1721769571304321
2016-03-31,4.53000020980835,1.1518354415893555
2016-04-01,4.639999866485596,1.179805040359497
2016-04-04,4.179999828338623,1.062841534614563
2016-04-05,4.230000019073486,1.0755550861358643
2016-04-06,4.159999847412109,1.0577561855316162
2016-04-07,4.119999885559082,1.047585368156433
2016-04-08,4.559999942779541,1.15946364402771
2016-04-11,4.739999771118164,1.205231785774231
2016-04-12,5.119999885559082,1.3018535375595093
2016-04-13,5.429999828338623,1.3806767463684082
2016-04-14,5.28000020980835,1.3425368070602417
2016-04-15,5.409999847412109,1.375591516494751
2016-04-18,5.110000133514404,1.2993109226226807
2016-04-19,5.400000095367432,1.3730491399765015
2016-04-20,5.340000152587891,1.357792615890503
2016-04-21,5.289999961853027,1.3450791835784912
2016-04-22,5.429999828338623,1.3806767463684082
2016-04-25,5.289999961853027,1.3450791835784912
2016-04-26,5.449999809265137,1.385762333869934
2016-04-27,5.800000190734863,1.4747565984725952
2016-04-28,5.820000171661377,1.479841709136963
2016-04-29,5.900000095367432,1.5001827478408813
2016-05-02,5.78000020980835,1.4696710109710693
2016-05-03,5.440000057220459,1.383219838142395
2016-05-04,5.579999923706055,1.4188170433044434
2016-05-05,5.480000019073486,1.3933907747268677
2016-05-06,5.699999809265137,1.449329137802124
2016-05-09,5.360000133514404,1.362878441810608
2016-05-10,5.809999942779541,1.4772990942001343
2016-05-11,5.849999904632568,1.4874697923660278
2016-05-12,5.679999828338623,1.4442445039749146
2016-05-13,5.309999942779541,1.3501646518707275
2016-05-16,5.510000228881836,1.401018500328064
2016-05-17,5.380000114440918,1.3679635524749756
2016-05-18,5.199999809265137,1.322195053100586
2016-05-19,4.960000038146973,1.2611709833145142
2016-05-20,5.03000020980835,1.278969645500183
2016-05-23,4.679999828338623,1.1899755001068115
2016-05-24,4.730000019073486,1.2026890516281128
2016-05-25,4.78000020980835,1.2154028415679932
2016-05-26,4.650000095367432,1.1823476552963257
2016-05-27,4.550000190734863,1.1569207906723022
2016-05-31,4.409999847412109,1.1213231086730957
2016-06-01,4.510000228881836,1.1467502117156982
2016-06-02,4.610000133514404,1.1721769571304321
2016-06-03,4.800000190734863,1.2204878330230713
2016-06-06,4.800000190734863,1.2204878330230713
2016-06-07,4.949999809265137,1.2586283683776855
2016-06-08,5.53000020980835,1.4061039686203003
2016-06-09,5.349999904632568,1.3603354692459106
2016-06-10,5.090000152587891,1.2942255735397339
2016-06-13,4.900000095367432,1.2459148168563843
2016-06-14,4.699999809265137,1.1950613260269165
2016-06-15,4.869999885559082,1.2382867336273193
2016-06-16,4.860000133514404,1.2357442378997803
2016-06-17,5.159999847412109,1.3120243549346924
2016-06-20,5.360000133514404,1.362878441810608
2016-06-21,5.550000190734863,1.411189079284668
2016-06-22,5.489999771118164,1.3959330320358276
2016-06-23,5.769999980926514,1.4671282768249512
2016-06-24,5.429999828338623,1.3806767463684082
2016-06-27,5.130000114440918,1.3043965101242065
2016-06-28,5.53000020980835,1.4061039686203003
2016-06-29,5.829999923706055,1.482384443283081
2016-06-30,5.809999942779541,1.4772990942001343
2016-07-01,6.050000190734863,1.5383232831954956
2016-07-05,5.570000171661377,1.4162746667861938
2016-07-06,5.670000076293945,1.4417015314102173
2016-07-07,5.630000114440918,1.431530475616455
2016-07-08,5.949999809265137,1.5128967761993408
2016-07-11,6.21999979019165,1.5815494060516357
2016-07-12,6.440000057220459,1.6374876499176025
2016-07-13,6.440000057220459,1.6374876499176025
2016-07-14,6.710000038146973,1.7061408758163452
2016-07-15,6.739999771118164,1.7137686014175415
2016-07-18,7.059999942779541,1.795134425163269
2016-07-19,7.179999828338623,1.8256464004516602
2016-07-20,7.199999809265137,1.8307322263717651
2016-07-21,7.159999847412109,1.8205612897872925
2016-07-22,7.269999980926514,1.8485307693481445
2016-07-25,7.230000019073486,1.8383601903915405
2016-07-26,7.21999979019165,1.8358172178268433
2016-07-27,6.989999771118164,1.7773357629776
2016-07-28,6.860000133514404,1.7442811727523804
2016-07-29,7.289999961853027,1.8536162376403809
2016-08-01,6.809999942779541,1.731567144393921
2016-08-02,6.920000076293945,1.759536862373352
2016-08-03,7.28000020980835,1.8510737419128418
2016-08-04,7.429999828338623,1.8892135620117188
2016-08-05,7.28000020980835,1.8510737419128418
2016-08-08,7.46999979019165,1.8993841409683228
2016-08-09,7.5,1.9070124626159668
2016-08-10,7.369999885559082,1.8739571571350098
2016-08-11,7.599999904632568,1.9324390888214111
2016-08-12,7.460000038146973,1.896841287612915
2016-08-15,7.619999885559082,1.9375245571136475
2016-08-16,7.78000020980835,1.978206992149353
2016-08-17,7.900000095367432,2.0087194442749023
2016-08-18,7.929999828338623,2.0163474082946777
2016-08-19,7.920000076293945,2.0138049125671387
2016-08-22,7.639999866485596,1.9426100254058838
2016-08-23,7.760000228881836,1.9731221199035645
2016-08-24,7.639999866485596,1.9426100254058838
2016-08-25,7.71999979019165,1.9629515409469604
2016-08-26,7.619999885559082,1.9375245571136475
2016-08-29,7.900000095367432,2.0087194442749023
2016-08-30,7.989999771118164,2.0316035747528076
2016-08-31,7.900000095367432,2.0087194442749023
2016-09-01,7.960000038146973,2.0239760875701904
2016-09-02,8.300000190734863,2.110427141189575
2016-09-06,8.65999984741211,2.201963186264038
2016-09-07,8.630000114440918,2.1943352222442627
2016-09-08,8.819999694824219,2.2426462173461914
2016-09-09,8.199999809265137,2.085000514984131
2016-09-12,8.5,2.1612813472747803
2016-09-13,7.820000171661377,1.9883781671524048
2016-09-14,7.789999961853027,1.9807504415512085
2016-09-15,8.149999618530273,2.07228684425354
2016-09-16,8.0,2.034146785736084
2016-09-19,7.909999847412109,2.0112624168395996
2016-09-20,8.210000038146973,2.087543249130249
2016-09-21,8.470000267028809,2.1536524295806885
2016-09-22,8.609999656677246,2.1892504692077637
2016-09-23,8.390000343322754,2.133310556411743
2016-09-26,8.229999542236328,2.092628002166748
2016-09-27,8.069999694824219,2.051945209503174
2016-09-28,8.550000190734863,2.1739935874938965
2016-09-29,8.220000267028809,2.09008526802063
2016-09-30,8.3100004196167,2.1129698753356934
2016-10-03,8.65999984741211,2.201963186264038
2016-10-04,8.59000015258789,2.1841652393341064
2016-10-05,8.989999771118164,2.285872220993042
2016-10-06,9.319999694824219,2.3697807788848877
2016-10-07,9.470000267028809,2.407921314239502
2016-10-10,9.75,2.479116201400757
2016-10-11,9.5600004196167,2.4308056831359863
2016-10-12,9.5,2.415548801422119
2016-10-13,9.880000114440918,2.5121712684631348
2016-10-14,10.100000381469727,2.568110942840576
2016-10-17,10.479999542236328,2.664731740951538
2016-10-18,10.859999656677246,2.7613534927368164
2016-10-19,11.039999961853027,2.807121753692627
2016-10-20,11.220000267028809,2.852890729904175
2016-10-21,11.369999885559082,2.891030788421631
2016-10-24,11.59000015258789,2.946970224380493
2016-10-25,11.550000190734863,2.9367992877960205
2016-10-26,11.430000305175781,2.9062867164611816
2016-10-27,11.420000076293945,2.903745174407959
2016-10-28,11.25,2.860517978668213
2016-10-31,11.0600004196167,2.8122079372406006
2016-11-01,10.40999984741211,2.6469333171844482
2016-11-02,10.109999656677246,2.570652484893799
2016-11-03,9.9399995803833,2.5274269580841064
2016-11-04,9.850000381469727,2.5045433044433594
2016-11-07,10.600000381469727,2.695244789123535
2016-11-08,10.699999809265137,2.7206709384918213
2016-11-09,10.279999732971191,2.6138782501220703
2016-11-10,9.270000457763672,2.357067584991455
2016-11-11,8.350000381469727,2.123140811920166
2016-11-14,8.220000267028809,2.09008526802063
2016-11-15,8.670000076293945,2.2045068740844727
2016-11-16,8.640000343322754,2.19687819480896
2016-11-17,8.380000114440918,2.1307685375213623
2016-11-18,8.489999771118164,2.158737897872925
2016-11-21,9.319999694824219,2.3697807788848877
2016-11-22,9.470000267028809,2.407921314239502
2016-11-23,9.300000190734863,2.3646953105926514
2016-11-25,8.899999618530273,2.262986898422241
2016-11-28,8.989999771118164,2.285872220993042
2016-11-29,8.609999656677246,2.1892504692077637
2016-11-30,9.380000114440918,2.3850371837615967
2016-12-01,8.880000114440918,2.2579028606414795
2016-12-02,9.050000190734863,2.3011281490325928
2016-12-05,9.039999961853027,2.2985849380493164
2016-12-06,9.270000457763672,2.357067584991455
2016-12-07,9.319999694824219,2.3697807788848877
2016-12-08,9.279999732971191,2.359610080718994
2016-12-09,9.199999809265137,2.339268684387207
2016-12-12,9.25,2.3519818782806396
2016-12-13,9.239999771118164,2.3494391441345215
2016-12-14,8.619999885559082,2.1917924880981445
2016-12-15,8.779999732971191,2.232475519180298
2016-12-16,8.680000305175781,2.2070493698120117
2016-12-19,8.449999809265137,2.1485674381256104
2016-12-20,8.529999732971191,2.1689088344573975
2016-12-21,8.569999694824219,2.179079055786133
2016-12-22,8.460000038146973,2.1511101722717285
2016-12-23,8.65999984741211,2.201963186264038
2016-12-27,8.779999732971191,2.232475519180298
2016-12-28,8.920000076293945,2.2680740356445312
2016-12-29,9.020000457763672,2.2935004234313965
2016-12-30,8.8100004196167,2.2401039600372314
2017-01-03,9.489999771118164,2.413006067276001
2017-01-04,9.550000190734863,2.42826247215271
2017-01-05,9.8100004196167,2.494372606277466
2017-01-06,9.699999809265137,2.466402769088745
2017-01-09,9.539999961853027,2.425719738006592
2017-01-10,9.649999618530273,2.4536890983581543
2017-01-11,10.010000228881836,2.5452256202697754
2017-01-12,9.979999542236328,2.537598133087158
2017-01-13,9.739999771118164,2.4765734672546387
2017-01-17,9.829999923706055,2.499458074569702
2017-01-18,9.720000267028809,2.4714884757995605
2017-01-19,9.819999694824219,2.496915340423584
2017-01-20,10.039999961853027,2.552854061126709
2017-01-23,10.140000343322754,2.578280210494995
2017-01-24,10.020000457763672,2.547769069671631
2017-01-25,9.970000267028809,2.535055160522461
2017-01-26,9.960000038146973,2.5325124263763428
2017-01-27,9.850000381469727,2.5045433044433594
2017-01-30,9.489999771118164,2.413006067276001
2017-01-31,9.510000228881836,2.4180922508239746
2017-02-01,9.550000190734863,2.42826247215271
2017-02-02,9.5,2.415548801422119
2017-02-03,9.760000228881836,2.4816582202911377
2017-02-06,9.520000457763672,2.4206347465515137
2017-02-07,9.350000381469727,2.377408504486084
2017-02-08,9.600000381469727,2.4409756660461426
2017-02-09,9.529999732971191,2.4231765270233154
2017-02-10,9.890000343322754,2.514714002609253
2017-02-13,10.010000228881836,2.5452256202697754
2017-02-14,10.270000457763672,2.6113357543945312
2017-02-15,10.319999694824219,2.6240487098693848
2017-02-16,10.149999618530273,2.5808234214782715
2017-02-17,10.039999961853027,2.552854061126709
2017-02-21,10.34000015258789,2.6291346549987793
2017-02-22,10.170000076293945,2.585908889770508
2017-02-23,10.119999885559082,2.573195695877075
2017-02-24,9.710000038146973,2.4689455032348633
2017-02-27,9.5600004196167,2.4308056831359863
2017-02-28,9.390000343322754,2.3875792026519775
2017-03-01,9.979999542236328,2.537598133087158
2017-03-02,9.510000228881836,2.4180922508239746
2017-03-03,9.770000457763672,2.4842019081115723
2017-03-06,9.5600004196167,2.4308056831359863
2017-03-07,9.720000267028809,2.4714884757995605
2017-03-08,9.140000343322754,2.324012041091919
2017-03-09,9.029999732971191,2.296043634414673
2017-03-10,9.050000190734863,2.3011281490325928
2017-03-13,9.069999694824219,2.30621337890625
2017-03-14,8.600000381469727,2.1867082118988037
2017-03-15,9.039999961853027,2.2985849380493164
2017-03-16,8.75,2.2248477935791016
2017-03-17,8.420000076293945,2.140939474105835
2017-03-20,8.8100004196167,2.2401039600372314
2017-03-21,8.359999656677246,2.125683069229126
2017-03-22,8.789999961853027,2.235018253326416
2017-03-23,8.630000114440918,2.1943352222442627
2017-03-24,8.649999618530273,2.199420690536499
2017-03-27,8.760000228881836,2.2273905277252197
2017-03-28,8.84000015258789,2.2477316856384277
2017-03-29,9.260000228881836,2.3545243740081787
2017-03-30,9.140000343322754,2.324012041091919
2017-03-31,9.220000267028809,2.3443539142608643
2017-04-03,9.359999656677246,2.379951000213623
2017-04-04,9.569999694824219,2.433347463607788
2017-04-05,9.319999694824219,2.3697807788848877
2017-04-06,9.1899995803833,2.3367254734039307
2017-04-07,9.3100004196167,2.3672385215759277
2017-04-10,9.470000267028809,2.407921314239502
2017-04-11,9.3100004196167,2.3672385215759277
2017-04-12,9.319999694824219,2.3697807788848877
2017-04-13,8.9399995803833,2.273158311843872
2017-04-17,9.15999984741211,2.3290977478027344
2017-04-18,9.010000228881836,2.290957450866699
2017-04-19,8.640000343322754,2.19687819480896
2017-04-20,8.739999771118164,2.2223055362701416
2017-04-21,8.75,2.2248477935791016
2017-04-24,8.960000038146973,2.2782442569732666
2017-04-25,9.020000457763672,2.2935004234313965
2017-04-26,8.829999923706055,2.2451887130737305
2017-04-27,8.569999694824219,2.179079055786133
2017-04-28,8.729999542236328,2.219762086868286
2017-05-01,8.789999961853027,2.235018253326416
2017-05-02,8.869999885559082,2.2553601264953613
2017-05-03,8.9399995803833,2.273158311843872
2017-05-04,8.510000228881836,2.163823127746582
2017-05-05,8.90999984741211,2.2655303478240967
2017-05-08,8.75,2.2248477935791016
2017-05-09,8.850000381469727,2.250274896621704
2017-05-10,9.279999732971191,2.359610080718994
2017-05-11,9.359999656677246,2.379951000213623
2017-05-12,9.899999618530273,2.517256736755371
2017-05-15,10.079999923706055,2.5630249977111816
2017-05-16,10.140000343322754,2.578280210494995
2017-05-17,9.920000076293945,2.5223419666290283
2017-05-18,7.789999961853027,1.9807504415512085
2017-05-19,8.380000114440918,2.1307685375213623
2017-05-22,8.149999618530273,2.07228684425354
2017-05-23,8.270000457763672,2.1027991771698
2017-05-24,8.539999961853027,2.1714513301849365
2017-05-25,8.359999656677246,2.125683069229126
2017-05-26,8.329999923706055,2.1180553436279297
2017-05-30,8.1899995803833,2.0824575424194336
2017-05-31,7.989999771118164,2.0316035747528076
2017-06-01,7.920000076293945,2.0138049125671387
2017-06-02,7.989999771118164,2.0316035747528076
2017-06-05,7.980000019073486,2.0290610790252686
2017-06-06,8.029999732971191,2.0417745113372803
2017-06-07,7.829999923706055,1.9909210205078125
2017-06-08,7.840000152587891,1.9934635162353516
2017-06-09,7.789999961853027,1.9807504415512085
2017-06-12,7.769999980926514,1.9756643772125244
2017-06-13,7.809999942779541,1.9858354330062866
2017-06-14,7.71999979019165,1.9629515409469604
2017-06-15,7.619999885559082,1.9375245571136475
2017-06-16,7.460000038146973,1.896841287612915
2017-06-19,7.449999809265137,1.8942989110946655
2017-06-20,7.119999885559082,1.8103901147842407
2017-06-21,6.960000038146973,1.7697075605392456
2017-06-22,7.21999979019165,1.8358172178268433
2017-06-23,7.150000095367432,1.818017840385437
2017-06-26,7.440000057220459,1.8917561769485474
2017-06-27,7.369999885559082,1.8739571571350098
2017-06-28,7.360000133514404,1.8714152574539185
2017-06-29,7.360000133514404,1.8714152574539185
2017-06-30,7.460000038146973,1.896841287612915
2017-07-03,7.480000019073486,1.9019269943237305
2017-07-05,7.420000076293945,1.886670708656311
2017-07-06,7.389999866485596,1.8790428638458252
2017-07-07,7.269999980926514,1.8485307693481445
2017-07-10,7.349999904632568,1.8688725233078003
2017-07-11,7.590000152587891,1.9298967123031616
2017-07-12,8.0600004196167,2.049403190612793
2017-07-13,8.050000190734863,2.0468599796295166
2017-07-14,8.180000305175781,2.0799155235290527
2017-07-17,8.100000381469727,2.0595734119415283
2017-07-18,8.1899995803833,2.0824575424194336
2017-07-19,8.390000343322754,2.133310556411743
2017-07-20,8.350000381469727,2.123140811920166
2017-07-21,8.079999923706055,2.054487705230713
2017-07-24,8.149999618530273,2.07228684425354
2017-07-25,8.329999923706055,2.1180553436279297
2017-07-26,8.279999732971191,2.105341672897339
2017-07-27,8.25,2.0977132320404053
2017-07-28,8.350000381469727,2.123140811920166
2017-07-31,8.5,2.1612813472747803
2017-08-01,8.390000343322754,2.133310556411743
2017-08-02,8.65999984741211,2.201963186264038
2017-08-03,8.550000190734863,2.1739935874938965
2017-08-04,8.529999732971191,2.1689088344573975
2017-08-07,8.640000343322754,2.19687819480896
2017-08-08,8.609999656677246,2.1892504692077637
2017-08-09,8.5600004196167,2.176536798477173
2017-08-10,8.3100004196167,2.1129698753356934
2017-08-11,8.15999984741211,2.074829578399658
2017-08-14,8.140000343322754,2.069744348526001
2017-08-15,8.289999961853027,2.107884407043457
2017-08-16,8.319999694824219,2.1155123710632324
2017-08-17,8.1899995803833,2.0824575424194336
2017-08-18,8.609999656677246,2.1892504692077637
2017-08-21,8.369999885559082,2.128225803375244
2017-08-22,8.670000076293945,2.2045068740844727
2017-08-23,8.739999771118164,2.2223055362701416
2017-08-24,8.739999771118164,2.2223055362701416
2017-08-25,8.770000457763672,2.229933500289917
2017-08-28,8.729999542236328,2.219762086868286
2017-08-29,8.710000038146973,2.214676856994629
2017-08-30,8.460000038146973,2.1511101722717285
2017-08-31,8.670000076293945,2.2045068740844727
2017-09-01,8.930000305175781,2.270615816116333
2017-09-05,9.220000267028809,2.3443539142608643
2017-09-06,9.670000076293945,2.4587748050689697
2017-09-07,9.8100004196167,2.494372606277466
2017-09-08,9.5,2.415548801422119
2017-09-11,9.65999984741211,2.4562320709228516
2017-09-12,9.529999732971191,2.4231765270233154
2017-09-13,9.579999923706055,2.4358906745910645
2017-09-14,9.680000305175781,2.4613170623779297
2017-09-15,9.649999618530273,2.4536890983581543
2017-09-18,9.59000015258789,2.4384331703186035
2017-09-19,9.630000114440918,2.4486043453216553
2017-09-20,10.149999618530273,2.5808234214782715
2017-09-21,9.989999771118164,2.5401411056518555
2017-09-22,10.020000457763672,2.547769069671631
2017-09-25,9.970000267028809,2.535055160522461
2017-09-26,9.829999923706055,2.499458074569702
2017-09-27,9.600000381469727,2.4409756660461426
2017-09-28,9.600000381469727,2.4409756660461426
2017-09-29,9.65999984741211,2.4562320709228516
2017-10-02,9.739999771118164,2.4765734672546387
2017-10-03,10.109999656677246,2.570652484893799
2017-10-04,10.010000228881836,2.5452256202697754
2017-10-05,10.100000381469727,2.568110942840576
2017-10-06,9.90999984741211,2.519798994064331
2017-10-09,9.949999809265137,2.5299699306488037
2017-10-10,10.149999618530273,2.5808234214782715
2017-10-11,10.149999618530273,2.5808234214782715
2017-10-12,10.100000381469727,2.568110942840576
2017-10-13,10.1899995803833,2.590993642807007
2017-10-16,10.15999984741211,2.5833661556243896
2017-10-17,10.1899995803833,2.590993642807007
2017-10-18,10.170000076293945,2.585908889770508
2017-10-19,10.149999618530273,2.5808234214782715
2017-10-20,10.130000114440918,2.5757389068603516
2017-10-23,9.979999542236328,2.537598133087158
2017-10-24,10.140000343322754,2.578280210494995
2017-10-25,10.289999961853027,2.6164207458496094
2017-10-26,10.140000343322754,2.578280210494995
2017-10-27,10.5,2.6698169708251953
2017-10-30,10.239999771118164,2.6037070751190186
2017-10-31,10.25,2.606250524520874
2017-11-01,10.359999656677246,2.634219169616699
2017-11-02,10.359999656677246,2.634219169616699
2017-11-03,10.210000038146973,2.5960793495178223
2017-11-06,10.720000267028809,2.725756883621216
2017-11-07,10.149999618530273,2.5808234214782715
2017-11-08,10.420000076293945,2.6494758129119873
2017-11-09,10.350000381469727,2.6316776275634766
2017-11-10,10.15999984741211,2.5833661556243896
2017-11-13,10.0600004196167,2.557939291000366
2017-11-14,9.199999809265137,2.339268684387207
2017-11-15,9.369999885559082,2.3824942111968994
2017-11-16,9.699999809265137,2.466402769088745
2017-11-17,9.850000381469727,2.5045433044433594
2017-11-20,9.869999885559082,2.5096285343170166
2017-11-21,9.739999771118164,2.4765734672546387
2017-11-22,9.970000267028809,2.535055160522461
2017-11-24,10.039999961853027,2.552854061126709
2017-11-27,9.84000015258789,2.502000570297241
2017-11-28,9.84000015258789,2.502000570297241
2017-11-29,9.460000038146973,2.4053781032562256
2017-11-30,9.380000114440918,2.3850371837615967
2017-12-01,9.579999923706055,2.4358906745910645
2017-12-04,9.5600004196167,2.4308056831359863
2017-12-05,9.460000038146973,2.4053781032562256
2017-12-06,9.5600004196167,2.4308056831359863
2017-12-07,9.25,2.3519818782806396
2017-12-08,9.300000190734863,2.3646953105926514
2017-12-11,9.319999694824219,2.3697807788848877
2017-12-12,9.489999771118164,2.413006067276001
2017-12-13,9.1899995803833,2.3367254734039307
2017-12-14,9.0,2.2884154319763184
2017-12-15,9.029999732971191,2.296043634414673
2017-12-18,9.260000228881836,2.3545243740081787
2017-12-19,9.210000038146973,2.3418116569519043
2017-12-20,9.300000190734863,2.3646953105926514
2017-12-21,9.619999885559082,2.446061134338379
2017-12-22,9.470000267028809,2.407921314239502
2017-12-26,9.680000305175781,2.4613170623779297
2017-12-27,9.670000076293945,2.4587748050689697
2017-12-28,9.760000228881836,2.4816582202911377
2017-12-29,9.829999923706055,2.499458074569702
2018-01-02,10.220000267028809,2.5986218452453613
2018-01-03,10.449999809265137,2.6571037769317627
2018-01-04,10.399999618530273,2.644390106201172
2018-01-05,10.489999771118164,2.6672744750976562
2018-01-08,10.550000190734863,2.6825311183929443
2018-01-09,10.489999771118164,2.6672744750976562
2018-01-10,10.420000076293945,2.6494758129119873
2018-01-11,10.75,2.7333850860595703
2018-01-12,10.819999694824219,2.751183032989502
2018-01-16,10.989999771118164,2.7944090366363525
2018-01-17,11.390000343322754,2.896116256713867
2018-01-18,11.40999984741211,2.9012014865875244
2018-01-19,11.470000267028809,2.9164581298828125
2018-01-22,11.600000381469727,2.9495131969451904
2018-01-23,11.34000015258789,2.8834030628204346
2018-01-24,12.25,3.1147868633270264
2018-01-25,12.420000076293945,3.1580121517181396
2018-01-26,12.65999984741211,3.21903657913208
2018-01-29,12.470000267028809,3.1707265377044678
2018-01-30,12.289999961853027,3.12495756149292
2018-01-31,12.390000343322754,3.1503841876983643
2018-02-01,12.930000305175781,3.287688970565796
2018-02-02,12.359999656677246,3.1427557468414307
2018-02-05,11.770000457763672,2.9927377700805664
2018-02-06,12.380000114440918,3.1478421688079834
2018-02-07,11.800000190734863,3.0003654956817627
2018-02-08,11.40999984741211,2.9012014865875244
2018-02-09,11.609999656677246,2.9520552158355713
2018-02-12,11.739999771118164,2.985109329223633
2018-02-13,11.770000457763672,2.9927377700805664
2018-02-14,11.960000038146973,3.041048288345337
2018-02-15,12.050000190734863,3.0639336109161377
2018-02-16,11.970000267028809,3.043592691421509
2018-02-20,12.569999694824219,3.196152925491333
2018-02-21,12.430000305175781,3.160555601119995
2018-02-22,12.760000228881836,3.2444639205932617
2018-02-23,13.0600004196167,3.320744037628174
2018-02-26,13.390000343322754,3.4046530723571777
2018-02-27,13.25,3.3690552711486816
2018-02-28,13.09000015258789,3.3283727169036865
2018-03-01,12.949999809265137,3.2927751541137695
2018-03-02,13.180000305175781,3.351256847381592
2018-03-05,13.579999923706055,3.452962875366211
2018-03-06,13.65999984741211,3.4733047485351562
2018-03-07,13.329999923706055,3.3893964290618896
2018-03-08,13.3100004196167,3.3843109607696533
2018-03-09,13.729999542236328,3.4911038875579834
2018-03-12,13.739999771118164,3.493645429611206
2018-03-13,13.59000015258789,3.4555063247680664
2018-03-14,13.710000038146973,3.4860193729400635
2018-03-15,12.960000038146973,3.2953171730041504
2018-03-16,13.020000457763672,3.3105738162994385
2018-03-19,12.739999771118164,3.239377975463867
2018-03-20,12.8100004196167,3.2571773529052734
2018-03-21,13.489999771118164,3.430079936981201
2018-03-22,13.130000114440918,3.338543176651001
2018-03-23,13.149999618530273,3.343628168106079
2018-03-26,13.390000343322754,3.4046530723571777
2018-03-27,12.880000114440918,3.274975299835205
2018-03-28,12.699999809265137,3.2292068004608154
2018-03-29,12.989999771118164,3.302945852279663
2018-04-02,12.579999923706055,3.198695182800293
2018-04-03,12.470000267028809,3.1707265377044678
2018-04-04,12.149999618530273,3.0893595218658447
2018-04-05,12.640000343322754,3.213951349258423
2018-04-06,12.630000114440918,3.211409330368042
2018-04-09,12.010000228881836,3.053762912750244
2018-04-10,12.600000381469727,3.2037811279296875
2018-04-11,12.890000343322754,3.2775185108184814
2018-04-12,12.760000228881836,3.2444639205932617
2018-04-13,12.390000343322754,3.1503841876983643
2018-04-16,12.069999694824219,3.0690183639526367
2018-04-17,12.390000343322754,3.1503841876983643
2018-04-18,12.949999809265137,3.2927751541137695
2018-04-19,13.140000343322754,3.3410871028900146
2018-04-20,13.140000343322754,3.3410871028900146
2018-04-23,13.050000190734863,3.318202018737793
2018-04-24,12.989999771118164,3.302945852279663
2018-04-25,12.529999732971191,3.185981512069702
2018-04-26,13.0,3.3054888248443604
2018-04-27,13.170000076293945,3.348714590072632
2018-04-30,13.149999618530273,3.343628168106079
2018-05-01,12.829999923706055,3.262263059616089
2018-05-02,12.760000228881836,3.2444639205932617
2018-05-03,12.729999542236328,3.2368357181549072
2018-05-04,12.640000343322754,3.213951349258423
2018-05-07,12.770000457763672,3.247006416320801
2018-05-08,12.859999656677246,3.2698898315429688
2018-05-09,13.8100004196167,3.511445999145508
2018-05-10,14.550000190734863,3.69960355758667
2018-05-11,14.15999984741211,3.6004385948181152
2018-05-14,14.460000038146973,3.676720380783081
2018-05-15,14.600000381469727,3.7123184204101562
2018-05-16,14.890000343322754,3.786055088043213
2018-05-17,14.109999656677246,3.587726354598999
2018-05-18,13.739999771118164,3.493645429611206
2018-05-21,13.649999618530273,3.470761775970459
2018-05-22,13.609999656677246,3.467705488204956
2018-05-23,12.90999984741211,3.289350986480713
2018-05-24,11.020000457763672,2.8077971935272217
2018-05-25,10.819999694824219,2.756838083267212
2018-05-29,10.329999923706055,2.631990671157837
2018-05-30,10.1899995803833,2.5963194370269775
2018-05-31,10.199999809265137,2.598867654800415
2018-06-01,8.5600004196167,2.18101167678833
2018-06-04,9.390000343322754,2.392487049102783
2018-06-05,8.75,2.2294211387634277
2018-06-06,8.510000228881836,2.1682703495025635
2018-06-07,7.989999771118164,2.0357797145843506
2018-06-08,8.289999961853027,2.1122167110443115
2018-06-11,8.25,2.1020255088806152
2018-06-12,8.300000190734863,2.1147654056549072
2018-06-13,8.180000305175781,2.0841903686523438
2018-06-14,7.96999979019165,2.030683755874634
2018-06-15,7.949999809265137,2.0255885124206543
2018-06-18,7.809999942779541,1.989917516708374
2018-06-19,8.1899995803833,2.086738348007202
2018-06-20,8.59000015258789,2.188654661178589
2018-06-21,8.050000190734863,2.051067352294922
2018-06-22,7.980000019073486,2.033231735229492
2018-06-25,8.319999694824219,2.119861125946045
2018-06-26,8.4399995803833,2.150435447692871
2018-06-27,8.489999771118164,2.163175106048584
2018-06-28,8.59000015258789,2.188654661178589
2018-06-29,8.84000015258789,2.252351999282837
2018-07-02,8.930000305175781,2.2752838134765625
2018-07-03,9.029999732971191,2.300762891769409
2018-07-05,9.100000381469727,2.3185977935791016
2018-07-06,9.210000038146973,2.3466246128082275
2018-07-09,9.470000267028809,2.412869930267334
2018-07-10,9.34000015258789,2.3797473907470703
2018-07-11,8.949999809265137,2.280378818511963
2018-07-12,9.260000228881836,2.3593640327453613
2018-07-13,9.380000114440918,2.389939785003662
2018-07-16,9.239999771118164,2.354269027709961
2018-07-17,9.5,2.4205141067504883
2018-07-18,9.359999656677246,2.38484263420105
2018-07-19,9.430000305175781,2.402678966522217
2018-07-20,10.1899995803833,2.5963194370269775
2018-07-23,10.170000076293945,2.5912246704101562
2018-07-24,10.479999542236328,2.670210123062134
2018-07-25,10.770000457763672,2.7440991401672363
2018-07-26,10.350000381469727,2.6370866298675537
2018-07-27,10.579999923706055,2.695688247680664
2018-07-30,10.609999656677246,2.703331470489502
2018-07-31,10.460000038146973,2.6651132106781006
2018-08-01,10.579999923706055,2.695688247680664
2018-08-02,10.869999885559082,2.7695775032043457
2018-08-03,11.359999656677246,2.894425868988037
2018-08-06,11.25,2.8663980960845947
2018-08-07,11.029999732971191,2.8103442192077637
2018-08-08,10.6899995803833,2.72371506690979
2018-08-09,10.65999984741211,2.716071367263794
2018-08-10,10.069999694824219,2.5657453536987305
2018-08-13,10.229999542236328,2.6065115928649902
2018-08-14,10.319999694824219,2.6364006996154785
2018-08-15,9.75,2.490785837173462
2018-08-16,9.649999618530273,2.4652392864227295
2018-08-17,9.380000114440918,2.3962643146514893
2018-08-20,9.239999771118164,2.3604984283447266
2018-08-21,8.770000457763672,2.2404298782348633
2018-08-22,9.020000457763672,2.3042964935302734
2018-08-23,8.699999809265137,2.2225472927093506
2018-08-24,8.880000114440918,2.268531560897827
2018-08-27,9.149999618530273,2.3375065326690674
2018-08-28,8.850000381469727,2.2608673572540283
2018-08-29,9.329999923706055,2.3834903240203857
2018-08-30,9.010000228881836,2.301741361618042
2018-08-31,9.489999771118164,2.4243645668029785
2018-09-04,8.9399995803833,2.2838590145111084
2018-09-05,9.0,2.299187183380127
2018-09-06,9.1899995803833,2.3477251529693604
2018-09-07,9.600000381469727,2.452465772628784
2018-09-10,9.399999618530273,2.4013729095458984
2018-09-11,8.880000114440918,2.268531560897827
2018-09-12,9.140000343322754,2.334951877593994
2018-09-13,8.90999984741211,2.2761950492858887
2018-09-14,9.020000457763672,2.3042964935302734
2018-09-17,9.430000305175781,2.4090375900268555
2018-09-18,9.75,2.490785837173462
2018-09-19,9.699999809265137,2.478013038635254
2018-09-20,9.8100004196167,2.5061137676239014
2018-09-21,9.970000267028809,2.5469882488250732
2018-09-24,9.770000457763672,2.4958949089050293
2018-09-25,9.8100004196167,2.5061137676239014
2018-09-26,10.029999732971191,2.5623159408569336
2018-09-27,10.6899995803833,2.7309229373931885
2018-09-28,10.460000038146973,2.672166109085083
2018-10-01,10.470000267028809,2.6747210025787354
2018-10-02,11.529999732971191,2.9455132484436035
2018-10-03,12.199999809265137,3.116675853729248
2018-10-04,12.3100004196167,3.1447763442993164
2018-10-05,12.470000267028809,3.1856513023376465
2018-10-08,14.069999694824219,3.594395875930786
2018-10-09,14.420000076293945,3.6838088035583496
2018-10-10,13.779999732971191,3.5203113555908203
2018-10-11,13.319999694824219,3.402796506881714
2018-10-12,13.819999694824219,3.530529737472534
2018-10-15,13.770000457763672,3.5177555084228516
2018-10-16,14.260000228881836,3.642934799194336
2018-10-17,14.289999961853027,3.6505978107452393
2018-10-18,13.770000457763672,3.5177555084228516
2018-10-19,13.869999885559082,3.5433013439178467
2018-10-22,14.300000190734863,3.6531524658203125
2018-10-23,14.069999694824219,3.594395875930786
2018-10-24,13.609999656677246,3.476881980895996
2018-10-25,14.239999771118164,3.637824535369873
2018-10-26,14.989999771118164,3.829422950744629
2018-10-29,14.15999984741211,3.617387533187866
2018-10-30,15.09000015258789,3.8549704551696777
2018-10-31,14.819999694824219,3.785994529724121
2018-11-01,14.75,3.7681121826171875
2018-11-02,14.789999961853027,3.7783312797546387
2018-11-05,15.119999885559082,3.8626344203948975
2018-11-06,14.380000114440918,3.6735904216766357
2018-11-07,14.029999732971191,3.584176778793335
2018-11-08,13.460000038146973,3.4385621547698975
2018-11-09,13.520000457763672,3.4538891315460205
2018-11-12,13.399999618530273,3.423234224319458
2018-11-13,12.600000381469727,3.2188620567321777
2018-11-14,13.170000076293945,3.364476442337036
2018-11-15,13.510000228881836,3.451333999633789
2018-11-16,13.789999961853027,3.522864818572998
2018-11-19,13.760000228881836,3.5152018070220947
2018-11-20,12.920000076293945,3.3006112575531006
2018-11-21,13.300000190734863,3.3976869583129883
2018-11-23,12.739999771118164,3.2676477432250977
2018-11-26,12.34000015258789,3.1650540828704834
2018-11-27,13.100000381469727,3.3599843978881836
2018-11-28,13.199999809265137,3.3856327533721924
2018-11-29,12.970000267028809,3.326641321182251
2018-11-30,13.140000343322754,3.3702428340911865
2018-12-03,13.489999771118164,3.4600133895874023
2018-12-04,13.119999885559082,3.3651137351989746
2018-12-06,12.760000228881836,3.2727787494659424
2018-12-07,12.670000076293945,3.249695062637329
2018-12-10,11.920000076293945,3.0573294162750244
2018-12-11,11.829999923706055,3.034245491027832
2018-12-12,11.979999542236328,3.0727181434631348
2018-12-13,11.979999542236328,3.0727181434631348
2018-12-14,11.729999542236328,3.0085959434509277
2018-12-17,11.579999923706055,2.970123291015625
2018-12-18,11.25,2.8854823112487793
2018-12-19,11.329999923706055,2.906001567840576
2018-12-20,11.199999809265137,2.8726580142974854
2018-12-21,11.039999961853027,2.831620216369629
2018-12-24,10.859999656677246,2.785452127456665
2018-12-26,11.569999694824219,2.9675581455230713
2018-12-27,11.5600004196167,2.9649932384490967
2018-12-28,11.59000015258789,3.0685131549835205
2018-12-31,11.59000015258789,3.0685131549835205
2019-01-02,12.710000038146973,3.3650388717651367
2019-01-03,12.979999542236328,3.4365217685699463
2019-01-04,13.289999961853027,3.518596649169922
2019-01-07,13.329999923706055,3.5291860103607178
2019-01-08,13.390000343322754,3.5450713634490967
2019-01-09,13.8100004196167,3.656269073486328
2019-01-10,13.630000114440918,3.6086130142211914
2019-01-11,13.449999809265137,3.560957670211792
2019-01-14,13.399999618530273,3.5477194786071777
2019-01-15,13.369999885559082,3.5397768020629883
2019-01-16,13.300000190734863,3.5212440490722656
2019-01-17,13.460000038146973,3.5636050701141357
2019-01-18,13.479999542236328,3.568899631500244
2019-01-22,13.199999809265137,3.494769334793091
2019-01-23,13.470000267028809,3.5662522315979004
2019-01-24,13.5,3.574195384979248
2019-01-25,13.850000381469727,3.6668596267700195
2019-01-28,13.149999618530273,3.4815311431884766
2019-01-29,13.579999923706055,3.5953750610351562
2019-01-30,13.930000305175781,3.6880393028259277
2019-01-31,14.140000343322754,3.743638753890991
2019-02-01,14.260000228881836,3.7754099369049072
2019-02-04,14.15999984741211,3.748933792114258
2019-02-05,14.180000305175781,3.7542285919189453
2019-02-06,13.739999771118164,3.6377367973327637
2019-02-07,13.479999542236328,3.568899631500244
2019-02-08,13.470000267028809,3.5662522315979004
2019-02-11,13.15999984741211,3.484178066253662
2019-02-12,13.829999923706055,3.661564350128174
2019-02-13,13.869999885559082,3.672153949737549
2019-02-14,14.4399995803833,3.8230645656585693
2019-02-15,14.449999809265137,3.8257124423980713
2019-02-19,14.65999984741211,3.8813114166259766
2019-02-20,14.460000038146973,3.8283605575561523
2019-02-21,14.520000457763672,3.8442461490631104
2019-02-22,14.510000228881836,3.841596841812134
2019-02-25,14.25,3.772761821746826
2019-02-26,14.180000305175781,3.7542285919189453
2019-02-27,14.510000228881836,3.841596841812134
2019-02-28,14.329999923706055,3.7939417362213135
2019-03-01,14.079999923706055,3.7277534008026123
2019-03-04,14.1899995803833,3.75687575340271
2019-03-05,14.300000190734863,3.7859983444213867
2019-03-06,13.890000343322754,3.677449941635132
2019-03-07,13.720000267028809,3.632441520690918
2019-03-08,13.770000457763672,3.6456785202026367
2019-03-11,14.390000343322754,3.8098275661468506
2019-03-12,14.380000114440918,3.8071792125701904
2019-03-13,14.699999809265137,3.8919007778167725
2019-03-14,14.609999656677246,3.8680732250213623
2019-03-15,14.75,3.905139684677124
2019-03-18,15.210000038146973,4.0269269943237305
2019-03-19,15.399999618530273,4.0772294998168945
2019-03-20,15.470000267028809,4.095763683319092
2019-03-21,15.0600004196167,3.9872121810913086
2019-03-22,13.850000381469727,3.6668596267700195
2019-03-25,14.1899995803833,3.75687575340271
2019-03-26,14.8100004196167,3.9210236072540283
2019-03-27,13.869999885559082,3.672153949737549
2019-03-28,14.229999542236328,3.7674663066864014
2019-03-29,14.300000190734863,3.7859983444213867
2019-04-01,14.449999809265137,3.8257124423980713
2019-04-02,14.699999809265137,3.8919007778167725
2019-04-03,14.239999771118164,3.7701146602630615
2019-04-04,14.720000267028809,3.897196054458618
2019-04-05,14.920000076293945,3.950148105621338
2019-04-08,15.210000038146973,4.0269269943237305
2019-04-09,15.15999984741211,4.013688087463379
2019-04-10,15.130000114440918,4.0057454109191895
2019-04-11,14.5600004196167,3.854835033416748
2019-04-12,13.180000305175781,3.489473581314087
2019-04-15,13.359999656677246,3.537128448486328
2019-04-16,13.680000305175781,3.6218512058258057
2019-04-17,13.569999694824219,3.5927281379699707
2019-04-18,14.020000457763672,3.7118680477142334
2019-04-22,13.890000343322754,3.677449941635132
2019-04-23,14.130000114440918,3.740989923477173
2019-04-24,13.84000015258789,3.6642117500305176
2019-04-25,14.029999732971191,3.71451473236084
2019-04-26,13.84000015258789,3.6665632724761963
2019-04-29,13.869999885559082,3.674510955810547
2019-04-30,13.800000190734863,3.6559672355651855
2019-05-01,13.449999809265137,3.5632431507110596
2019-05-02,13.40999984741211,3.5526463985443115
2019-05-03,13.609999656677246,3.6056301593780518
2019-05-06,13.4399995803833,3.560593605041504
2019-05-07,13.229999542236328,3.5049593448638916
2019-05-08,13.869999885559082,3.674510955810547
2019-05-09,13.510000228881836,3.5791385173797607
2019-05-10,13.489999771118164,3.5738399028778076
2019-05-13,12.960000038146973,3.4334299564361572
2019-05-14,13.100000381469727,3.4705185890197754
2019-05-15,12.890000343322754,3.4148855209350586
2019-05-16,12.529999732971191,3.319511890411377
2019-05-17,11.989999771118164,3.1764519214630127
2019-05-20,12.350000381469727,3.2718253135681152
2019-05-21,12.960000038146973,3.4334299564361572
2019-05-22,12.989999771118164,3.4552412033081055
2019-05-23,12.710000038146973,3.380763292312622
2019-05-24,12.949999809265137,3.444601535797119
2019-05-28,13.149999618530273,3.497800350189209
2019-05-29,13.350000381469727,3.5509986877441406
2019-05-30,13.09000015258789,3.4818406105041504
2019-05-31,12.979999542236328,3.452580451965332
2019-06-03,13.34000015258789,3.5483384132385254
2019-06-04,13.569999694824219,3.6095170974731445
2019-06-05,13.199999809265137,3.5111000537872314
2019-06-06,13.479999542236328,3.5855772495269775
2019-06-07,13.770000457763672,3.662714958190918
2019-06-10,13.699999809265137,3.6440958976745605
2019-06-11,14.09000015258789,3.7478322982788086
2019-06-12,13.850000381469727,3.683995008468628
2019-06-13,14.119999885559082,3.755811929702759
2019-06-14,13.829999923706055,3.6786742210388184
2019-06-17,13.84000015258789,3.6813347339630127
2019-06-18,14.1899995803833,3.7744321823120117
2019-06-19,14.289999961853027,3.8010308742523193
2019-06-20,14.65999984741211,3.899449110031128
2019-06-21,14.680000305175781,3.9047691822052
2019-06-24,14.770000457763672,3.928708076477051
2019-06-25,14.260000228881836,3.7930514812469482
2019-06-26,14.350000381469727,3.816990852355957
2019-06-27,14.15999984741211,3.766451835632324
2019-06-28,14.199999809265137,3.7770919799804688
2019-07-01,14.119999885559082,3.755811929702759
2019-07-02,13.880000114440918,3.691974639892578
2019-07-03,14.0,3.723893880844116
2019-07-05,14.34000015258789,3.814330577850342
2019-07-08,14.510000228881836,3.8595497608184814
2019-07-09,14.579999923706055,3.8781683444976807
2019-07-10,14.899999618530273,3.9632861614227295
2019-07-11,15.119999885559082,4.021805763244629
2019-07-12,15.329999923706055,4.077663421630859
2019-07-15,15.0,3.98988676071167
2019-07-16,14.739999771118164,3.920727491378784
2019-07-17,14.699999809265137,3.910088062286377
2019-07-18,14.720000267028809,3.9154088497161865
2019-07-19,14.609999656677246,3.886147975921631
2019-07-22,14.640000343322754,3.8941287994384766
2019-07-23,14.520000457763672,3.8622100353240967
2019-07-24,14.460000038146973,3.846250057220459
2019-07-25,14.180000305175781,3.771772861480713
2019-07-26,13.789999961853027,3.6680350303649902
2019-07-29,13.9399995803833,3.7079343795776367
2019-07-30,13.8100004196167,3.6733548641204834
2019-07-31,13.720000267028809,3.6494152545928955
2019-08-01,13.270000457763672,3.5297186374664307
2019-08-02,13.630000114440918,3.625476121902466
2019-08-05,12.90999984741211,3.4339616298675537
2019-08-06,13.029999732971191,3.4658803939819336
2019-08-07,12.859999656677246,3.4206621646881104
2019-08-08,13.380000114440918,3.5589773654937744
2019-08-09,13.319999694824219,3.543017625808716
2019-08-12,12.869999885559082,3.4233222007751465
2019-08-13,12.979999542236328,3.479072332382202
2019-08-14,12.25,3.2834079265594482
2019-08-15,12.140000343322754,3.253925085067749
2019-08-16,11.949999809265137,3.202998399734497
2019-08-19,11.779999732971191,3.157432794570923
2019-08-20,11.819999694824219,3.168154001235962
2019-08-21,12.5600004196167,3.3664989471435547
2019-08-22,12.350000381469727,3.3102121353149414
2019-08-23,11.720000267028809,3.141350746154785
2019-08-26,11.510000228881836,3.085064172744751
2019-08-27,11.65999984741211,3.1252686977386475
2019-08-28,11.729999542236328,3.144031524658203
2019-08-29,12.140000343322754,3.253925085067749
2019-08-30,12.229999542236328,3.278048038482666
2019-09-03,12.149999618530273,3.256605863571167
2019-09-04,12.75,3.4174258708953857
2019-09-05,12.850000381469727,3.444228410720825
2019-09-06,12.960000038146973,3.47371244430542
2019-09-09,13.140000343322754,3.521958589553833
2019-09-10,13.239999771118164,3.5487616062164307
2019-09-11,13.199999809265137,3.5380399227142334
2019-09-12,13.3100004196167,3.5675241947174072
2019-09-13,13.09000015258789,3.508556842803955
2019-09-16,13.630000114440918,3.653294324874878
2019-09-17,13.510000228881836,3.621131420135498
2019-09-18,13.260000228881836,3.554121971130371
2019-09-19,13.0600004196167,3.5005149841308594
2019-09-20,12.970000267028809,3.4763927459716797
2019-09-23,13.100000381469727,3.5112366676330566
2019-09-24,13.020000457763672,3.4897940158843994
2019-09-25,13.130000114440918,3.519277811050415
2019-09-26,13.25,3.5514419078826904
2019-09-27,13.239999771118164,3.5487616062164307
2019-09-30,13.140000343322754,3.521958589553833
2019-10-01,13.180000305175781,3.532679557800293
2019-10-02,12.90999984741211,3.460310459136963
2019-10-03,13.020000457763672,3.4897940158843994
2019-10-04,13.020000457763672,3.4897940158843994
2019-10-07,12.6899995803833,3.401343822479248
2019-10-08,12.619999885559082,3.3825809955596924
2019-10-09,12.920000076293945,3.4629909992218018
2019-10-10,12.930000305175781,3.4656715393066406
2019-10-11,13.3100004196167,3.5675241947174072
2019-10-14,13.220000267028809,3.543401002883911
2019-10-15,13.229999542236328,3.5460805892944336
2019-10-16,13.369999885559082,3.583606243133545
2019-10-17,13.25,3.5514419078826904
2019-10-18,13.380000114440918,3.586285352706909
2019-10-21,13.399999618530273,3.591646909713745
2019-10-22,14.0,3.752467632293701
2019-10-23,14.34000015258789,3.8435986042022705
2019-10-24,14.0600004196167,3.7685489654541016
2019-10-25,14.600000381469727,3.91328763961792
2019-10-28,14.770000457763672,3.958853244781494
2019-10-29,14.819999694824219,3.9722542762756348
2019-10-30,15.010000228881836,4.023180961608887
2019-10-31,15.09000015258789,4.044622898101807
2019-11-01,15.229999542236328,4.082147121429443
2019-11-04,15.029999732971191,4.028541088104248
2019-11-05,14.890000343322754,3.9910168647766113
2019-11-06,14.569999694824219,3.9052464962005615
2019-11-07,15.039999961853027,4.031222343444824
2019-11-08,14.359999656677246,3.848958730697632
2019-11-11,14.619999885559082,3.918647527694702
2019-11-12,14.420000076293945,3.8897857666015625
2019-11-13,14.25,3.843926429748535
2019-11-14,13.979999542236328,3.771094799041748
2019-11-15,14.260000228881836,3.846625328063965
2019-11-18,13.829999923706055,3.7306323051452637
2019-11-19,13.710000038146973,3.698263645172119
2019-11-20,13.800000190734863,3.7225403785705566
2019-11-21,14.15999984741211,3.8196489810943604
2019-11-22,14.220000267028809,3.835834503173828
2019-11-25,14.039999961853027,3.7872798442840576
2019-11-26,13.760000228881836,3.711749315261841
2019-11-27,13.739999771118164,3.7063543796539307
2019-11-29,13.720000267028809,3.700960397720337
2019-12-02,13.760000228881836,3.711749315261841
2019-12-03,13.75,3.709052085876465
2019-12-04,14.079999923706055,3.7980692386627197
2019-12-05,14.3100004196167,3.8601114749908447
2019-12-06,14.640000343322754,3.949129343032837
2019-12-09,14.5600004196167,3.9275498390197754
2019-12-10,14.65999984741211,3.954524517059326
2019-12-11,14.729999542236328,3.9734058380126953
2019-12-12,15.170000076293945,4.09209680557251
2019-12-13,14.600000381469727,3.9383389949798584
2019-12-16,14.489999771118164,3.908665895462036
2019-12-17,14.670000076293945,3.957221031188965
2019-12-18,15.0,4.046239852905273
2019-12-19,15.020000457763672,4.051633834838867
2019-12-20,14.65999984741211,3.954524517059326
2019-12-23,14.930000305175781,4.02735710144043
2019-12-24,14.9399995803833,4.030054092407227
2019-12-26,15.239999771118164,4.110979080200195
2019-12-27,14.979999542236328,4.093489646911621
2019-12-30,14.960000038146973,4.088025093078613
2019-12-31,14.920000076293945,4.077094554901123
2020-01-02,15.260000228881836,4.170003414154053
2020-01-03,15.069999694824219,4.118083953857422
2020-01-06,15.130000114440918,4.134479522705078
2020-01-07,15.079999923706055,4.120816707611084
2020-01-08,14.9399995803833,4.082560062408447
2020-01-09,14.84000015258789,4.055233478546143
2020-01-10,14.710000038146973,4.019708156585693
2020-01-13,14.609999656677246,3.9923818111419678
2020-01-14,14.460000038146973,3.9513933658599854
2020-01-15,14.100000381469727,3.853018283843994
2020-01-16,14.039999961853027,3.836622714996338
2020-01-17,14.260000228881836,3.896740436553955
2020-01-21,13.970000267028809,3.8174939155578613
2020-01-22,14.0,3.8256919384002686
2020-01-23,14.149999618530273,3.8666813373565674
2020-01-24,13.989999771118164,3.8229587078094482
2020-01-27,13.319999694824219,3.6398720741271973
2020-01-28,13.739999771118164,3.7546422481536865
2020-01-29,13.569999694824219,3.7081873416900635
2020-01-30,13.600000381469727,3.716386079788208
2020-01-31,13.25,3.620744228363037
2020-02-03,13.289999961853027,3.63167405128479
2020-02-04,13.420000076293945,3.6671996116638184
2020-02-05,13.399999618530273,3.661733865737915
2020-02-06,13.680000305175781,3.7382473945617676
2020-02-07,13.399999618530273,3.661733865737915
2020-02-10,13.380000114440918,3.6562674045562744
2020-02-11,13.609999656677246,3.719118356704712
2020-02-12,13.770000457763672,3.762840986251831
2020-02-13,13.619999885559082,3.7218515872955322
2020-02-14,13.680000305175781,3.7382473945617676
2020-02-18,13.619999885559082,3.7218515872955322
2020-02-19,13.960000038146973,3.814760684967041
2020-02-20,13.550000190734863,3.702723503112793
2020-02-21,13.220000267028809,3.612546443939209
2020-02-24,12.210000038146973,3.3365485668182373
2020-02-25,12.020000457763672,3.2846298217773438
2020-02-26,11.75,3.210848331451416
2020-02-27,11.359999656677246,3.1042754650115967
2020-02-28,11.260000228881836,3.076949119567871
2020-03-02,11.850000381469727,3.2381749153137207
2020-03-03,11.489999771118164,3.1398003101348877
2020-03-04,11.739999771118164,3.208115816116333
2020-03-05,10.949999809265137,2.992237091064453
2020-03-06,9.890000343322754,2.70257830619812
2020-03-09,6.550000190734863,1.7898772954940796
2020-03-10,7.539999961853027,2.060408353805542
2020-03-11,6.630000114440918,1.8117382526397705
2020-03-12,5.179999828338623,1.4155056476593018
2020-03-13,6.309999942779541,1.724293828010559
2020-03-16,5.139999866485596,1.404575228691101
2020-03-17,5.300000190734863,1.4482978582382202
2020-03-18,4.320000171661377,1.1804991960525513
2020-03-19,4.929999828338623,1.3471899032592773
2020-03-20,4.760000228881836,1.300735354423523
2020-03-23,4.400000095367432,1.2023602724075317
2020-03-24,5.309999942779541,1.4510303735733032
2020-03-25,5.730000019073486,1.5658009052276611
2020-03-26,5.75,1.5712658166885376
2020-03-27,5.239999771118164,1.4319018125534058
2020-03-30,5.170000076293945,1.4127731323242188
2020-03-31,5.389999866485596,1.4728912115097046
2020-04-01,5.420000076293945,1.4810893535614014
2020-04-02,5.860000133514404,1.6013249158859253
2020-04-03,5.789999961853027,1.5821967124938965
2020-04-06,5.989999771118164,1.6368495225906372
2020-04-07,6.28000020980835,1.7160956859588623
2020-04-08,6.71999979019165,1.836331844329834
2020-04-09,6.559999942779541,1.7926099300384521
2020-04-13,6.53000020980835,1.7844117879867554
2020-04-14,6.440000057220459,1.7598183155059814
2020-04-15,6.239999771118164,1.7051650285720825
2020-04-16,5.960000038146973,1.628651738166809
2020-04-17,6.150000095367432,1.6805715560913086
2020-04-20,6.039999961853027,1.6505123376846313
2020-04-21,5.889999866485596,1.609523057937622
2020-04-22,6.210000038146973,1.696967363357544
2020-04-23,6.170000076293945,1.6860368251800537
2020-04-24,5.630000114440918,1.5384745597839355
2020-04-27,5.840000152587891,1.5958598852157593
2020-04-28,6.260000228881836,1.7106307744979858
2020-04-29,6.880000114440918,1.8800537586212158
2020-04-30,6.670000076293945,1.8226687908172607
2020-05-01,6.320000171661377,1.7270268201828003
2020-05-04,6.309999942779541,1.724293828010559
2020-05-05,6.449999809265137,1.7625505924224854
2020-05-06,6.059999942779541,1.655977725982666
2020-05-07,6.019999980926514,1.6450473070144653
2020-05-08,6.510000228881836,1.7789463996887207
2020-05-11,6.25,1.7078977823257446
2020-05-12,6.179999828338623,1.6887693405151367
2020-05-13,5.949999809265137,1.6259187459945679
2020-05-14,5.929999828338623,1.620453953742981
2020-05-15,5.909999847412109,1.614988088607788
2020-05-18,6.480000019073486,1.7707486152648926
2020-05-19,6.5,1.7762140035629272
2020-05-20,6.800000190734863,1.858193039894104
2020-05-21,6.900000095367432,1.8855197429656982
2020-05-22,6.760000228881836,1.8472623825073242
2020-05-26,7.349999904632568,2.0084877014160156
2020-05-27,7.570000171661377,2.06860613822937
2020-05-28,7.340000152587891,2.0057551860809326
2020-05-29,7.539999961853027,2.060408353805542
2020-06-01,7.610000133514404,2.0795366764068604
2020-06-02,8.220000267028809,2.246227502822876
2020-06-03,8.5,2.3227412700653076
2020-06-04,8.380000114440918,2.289950132369995
2020-06-05,8.9399995803833,2.4429771900177
2020-06-08,9.34000015258789,2.55228328704834
2020-06-09,8.880000114440918,2.426581859588623
2020-06-10,8.640000343322754,2.3609983921051025
2020-06-11,7.989999771118164,2.1833763122558594
2020-06-12,8.210000038146973,2.2434945106506348
2020-06-15,8.140000343322754,2.2243661880493164
2020-06-16,8.199999809265137,2.2407617568969727
2020-06-17,8.15999984741211,2.2298316955566406
2020-06-18,8.050000190734863,2.199772834777832
2020-06-19,7.96999979019165,2.1779119968414307
2020-06-22,7.989999771118164,2.1833763122558594
2020-06-23,8.4399995803833,2.3063459396362305
2020-06-24,7.900000095367432,2.158783197402954
2020-06-25,8.050000190734863,2.199772834777832
2020-06-26,7.639999866485596,2.0877344608306885
2020-06-29,7.980000019073486,2.1806445121765137
2020-06-30,7.96999979019165,2.1779119968414307
2020-07-01,8.1899995803833,2.2380287647247314
2020-07-02,8.279999732971191,2.262622833251953
2020-07-06,8.420000076293945,2.300879955291748
2020-07-07,8.260000228881836,2.257158041000366
2020-07-08,8.510000228881836,2.3254740238189697
2020-07-09,8.319999694824219,2.2735538482666016
2020-07-10,8.489999771118164,2.3200085163116455
2020-07-13,8.25,2.254425048828125
2020-07-14,8.579999923706055,2.34460186958313
2020-07-15,8.6899995803833,2.374661445617676
2020-07-16,8.479999542236328,2.3172760009765625
2020-07-17,8.420000076293945,2.300879955291748
2020-07-20,8.529999732971191,2.3309390544891357
2020-07-21,8.960000038146973,2.4484431743621826
2020-07-22,9.0600004196167,2.475769519805908
2020-07-23,8.680000305175781,2.3719286918640137
2020-07-24,8.789999961853027,2.4019877910614014
2020-07-27,9.039999961853027,2.470304012298584
2020-07-28,8.890000343322754,2.4293134212493896
2020-07-29,9.0,2.4593732357025146
2020-07-30,8.859999656677246,2.4211158752441406
2020-07-31,8.529999732971191,2.3309390544891357
2020-08-03,8.1899995803833,2.2380287647247314
2020-08-04,8.260000228881836,2.257158041000366
2020-08-05,8.739999771118164,2.388324499130249
2020-08-06,8.670000076293945,2.3691964149475098
2020-08-07,8.390000343322754,2.292682409286499
2020-08-10,8.59000015258789,2.34733510017395
2020-08-11,8.5600004196167,2.339137077331543
2020-08-12,8.5600004196167,2.339137077331543
2020-08-13,8.510000228881836,2.3254740238189697
2020-08-14,8.359999656677246,2.2844841480255127
2020-08-17,8.220000267028809,2.246227502822876
2020-08-18,8.430000305175781,2.3036134243011475
2020-08-19,8.260000228881836,2.257158041000366
2020-08-20,8.15999984741211,2.2298316955566406
2020-08-21,8.0600004196167,2.202505350112915
2020-08-24,8.220000267028809,2.246227502822876
2020-08-25,8.289999961853027,2.2653558254241943
2020-08-26,7.920000076293945,2.164247989654541
2020-08-27,7.949999809265137,2.1724462509155273
2020-08-28,8.300000190734863,2.2680883407592773
2020-08-31,8.010000228881836,2.1888420581817627
2020-09-01,8.520000457763672,2.32820725440979
2020-09-02,8.510000228881836,2.3254740238189697
2020-09-03,8.65999984741211,2.3664629459381104
2020-09-04,8.6899995803833,2.374661445617676
2020-09-08,8.319999694824219,2.2735538482666016
2020-09-09,8.569999694824219,2.341869354248047
2020-09-10,8.369999885559082,2.287216901779175
2020-09-11,8.270000457763672,2.259890556335449
2020-09-14,8.239999771118164,2.251692295074463
2020-09-15,8.199999809265137,2.2407617568969727
2020-09-16,8.319999694824219,2.2735538482666016
2020-09-17,8.489999771118164,2.3200085163116455
2020-09-18,8.0600004196167,2.202505350112915
2020-09-21,7.739999771118164,2.115060806274414
2020-09-22,7.630000114440918,2.0850017070770264
2020-09-23,7.21999979019165,1.972963809967041
2020-09-24,7.389999866485596,2.019418478012085
2020-09-25,7.289999961853027,1.9920923709869385
2020-09-28,6.96999979019165,1.9046475887298584
2020-09-29,6.869999885559082,1.8773211240768433
2020-09-30,7.039999961853027,1.9237761497497559
2020-10-01,7.059999942779541,1.9292412996292114
2020-10-02,6.739999771118164,1.8417972326278687
2020-10-05,7.21999979019165,1.972963809967041
2020-10-06,7.139999866485596,1.9511029720306396
2020-10-07,7.039999961853027,1.9237761497497559
2020-10-08,7.289999961853027,1.9920923709869385
2020-10-09,7.179999828338623,1.9620333909988403
2020-10-12,7.260000228881836,1.9838945865631104
2020-10-13,7.25,1.9811614751815796
2020-10-14,7.130000114440918,1.9483702182769775
2020-10-15,7.010000228881836,1.9155784845352173
2020-10-16,6.849999904632568,1.8718560934066772
2020-10-19,6.960000038146973,1.901915192604065
2020-10-20,7.239999771118164,1.9784291982650757
2020-10-21,7.190000057220459,1.9647661447525024
2020-10-22,7.449999809265137,2.0358142852783203
2020-10-23,7.340000152587891,2.0057551860809326
2020-10-26,7.210000038146973,1.9702317714691162
2020-10-27,7.010000228881836,1.9155784845352173
2020-10-28,6.480000019073486,1.7707486152648926
2020-10-29,6.699999809265137,1.8308669328689575
2020-10-30,6.610000133514404,1.8062732219696045
2020-11-02,6.670000076293945,1.8226687908172607
2020-11-03,6.860000133514404,1.874588966369629
2020-11-04,6.960000038146973,1.901915192604065
2020-11-05,7.179999828338623,1.9620333909988403
2020-11-06,7.340000152587891,2.0057551860809326
2020-11-09,8.069999694824219,2.205238103866577
2020-11-10,8.59000015258789,2.34733510017395
2020-11-11,8.449999809265137,2.3090779781341553
2020-11-12,8.010000228881836,2.1888420581817627
2020-11-13,8.359999656677246,2.2844841480255127
2020-11-16,8.579999923706055,2.34460186958313
2020-11-17,8.9399995803833,2.4429771900177
2020-11-18,8.829999923706055,2.4129183292388916
2020-11-19,8.960000038146973,2.4484431743621826
2020-11-20,8.770000457763672,2.396522283554077
2020-11-23,9.239999771118164,2.524956226348877
2020-11-24,9.8100004196167,2.6807172298431396
2020-11-25,9.880000114440918,2.6998448371887207
2020-11-27,9.699999809265137,2.6506576538085938
2020-11-30,9.25,2.527689218521118
2020-12-01,9.779999732971191,2.6725189685821533
2020-12-02,9.920000076293945,2.710775375366211
2020-12-03,10.329999923706055,2.8228135108947754
2020-12-04,10.699999809265137,2.9239213466644287
2020-12-07,10.550000190734863,2.882931709289551
2020-12-08,10.4399995803833,2.852872610092163
2020-12-09,10.40999984741211,2.8446743488311768
2020-12-10,11.069999694824219,3.025028944015503
2020-12-11,10.9399995803833,2.9895052909851074
2020-12-14,10.8100004196167,2.953979730606079
2020-12-15,10.960000038146973,2.994969606399536
2020-12-16,11.09000015258789,3.030494451522827
2020-12-17,11.130000114440918,3.0414252281188965
2020-12-18,11.09000015258789,3.030494451522827
2020-12-21,10.529999732971191,2.8774657249450684
2020-12-22,10.569999694824219,2.888397216796875
2020-12-23,10.729999542236328,2.932119607925415
2020-12-24,10.8100004196167,2.953979730606079
2020-12-28,10.779999732971191,2.945782423019409
2020-12-29,10.850000381469727,2.964911699295044
2020-12-30,10.979999542236328,3.0004353523254395
2020-12-31,11.0600004196167,3.022296190261841
2021-01-04,11.0,3.0058999061584473
2021-01-05,11.40999984741211,3.11793851852417
2021-01-06,11.369999885559082,3.1070077419281006
2021-01-07,11.489999771118164,3.1398003101348877
2021-01-08,11.510000228881836,3.1452653408050537
2021-01-11,11.229999542236328,3.0687501430511475
2021-01-12,11.5600004196167,3.158928871154785
2021-01-13,10.979999542236328,3.0004353523254395
2021-01-14,11.350000381469727,3.1015429496765137
2021-01-15,10.609999656677246,2.8993277549743652
2021-01-19,10.739999771118164,2.934852123260498
2021-01-20,10.640000343322754,2.9075257778167725
2021-01-21,10.319999694824219,2.820080518722534
2021-01-22,9.890000343322754,2.70257830619812
2021-01-25,9.819999694824219,2.6834492683410645
2021-01-26,10.09000015258789,2.757230520248413
2021-01-27,10.09000015258789,2.757230520248413
2021-01-28,10.270000457763672,2.8064181804656982
2021-01-29,9.779999732971191,2.6725189685821533
2021-02-01,10.029999732971191,2.740834951400757
2021-02-02,10.699999809265137,2.9239213466644287
2021-02-03,10.739999771118164,2.934852123260498
2021-02-04,10.640000343322754,2.9075257778167725
2021-02-05,10.8100004196167,2.953979730606079
2021-02-08,10.479999542236328,2.8638036251068115
2021-02-09,10.220000267028809,2.792754650115967
2021-02-10,10.369999885559082,2.8337440490722656
2021-02-11,10.430000305175781,2.850139856338501
2021-02-12,10.5600004196167,2.885664939880371
2021-02-16,10.6899995803833,2.9211885929107666
2021-02-17,10.920000076293945,2.984039306640625
2021-02-18,10.75,2.937584161758423
2021-02-19,10.149999618530273,2.7736258506774902
2021-02-22,7.820000171661377,2.1369218826293945
2021-02-23,8.8100004196167,2.4074535369873047
2021-02-24,8.979999542236328,2.4539074897766113
2021-02-25,8.359999656677246,2.2844841480255127
2021-02-26,7.900000095367432,2.158783197402954
2021-03-01,7.800000190734863,2.1314568519592285
2021-03-02,7.690000057220459,2.1013972759246826
2021-03-03,7.5,2.049478054046631
2021-03-04,7.71999979019165,2.10959529876709
2021-03-05,7.869999885559082,2.150585174560547
2021-03-08,7.210000038146973,1.9702317714691162
2021-03-09,7.400000095367432,2.022151231765747
2021-03-10,7.880000114440918,2.153317928314209
2021-03-11,8.380000114440918,2.289950132369995
2021-03-12,8.300000190734863,2.2680883407592773
2021-03-15,8.3100004196167,2.2708210945129395
2021-03-16,8.270000457763672,2.259890556335449
2021-03-17,8.59000015258789,2.34733510017395
2021-03-18,8.319999694824219,2.2735538482666016
2021-03-19,8.680000305175781,2.3719286918640137
2021-03-22,8.5,2.3227412700653076
2021-03-23,8.239999771118164,2.251692295074463
2021-03-24,8.100000381469727,2.213435411453247
2021-03-25,8.199999809265137,2.2407617568969727
2021-03-26,8.170000076293945,2.2325639724731445
2021-03-29,8.210000038146973,2.2434945106506348
2021-03-30,8.25,2.254425048828125
2021-03-31,8.539999961853027,2.333672046661377
2021-04-01,8.359999656677246,2.2844841480255127
2021-04-05,8.430000305175781,2.3036134243011475
2021-04-06,8.510000228881836,2.3254740238189697
2021-04-07,8.479999542236328,2.3172760009765625
2021-04-08,8.449999809265137,2.3090779781341553
2021-04-09,8.350000381469727,2.281751871109009
2021-04-12,8.319999694824219,2.2735538482666016
2021-04-13,8.369999885559082,2.287216901779175
2021-04-14,8.5600004196167,2.339137077331543
2021-04-15,8.170000076293945,2.3116908073425293
2021-04-16,8.170000076293945,2.3116908073425293
2021-04-19,8.680000305175781,2.4559948444366455
2021-04-20,8.539999961853027,2.416382312774658
2021-04-21,8.479999542236328,2.399405002593994
2021-04-22,8.65999984741211,2.4503352642059326
2021-04-23,8.579999923706055,2.4277000427246094
2021-04-26,8.6899995803833,2.458824634552002
2021-04-27,8.449999809265137,2.390916585922241
2021-04-28,8.920000076293945,2.5239031314849854
2021-04-29,8.789999961853027,2.487119436264038
2021-04-30,8.649999618530273,2.4475066661834717
2021-05-03,8.609999656677246,2.4361889362335205
2021-05-04,8.390000343322754,2.3739399909973145
2021-05-05,8.850000381469727,2.504096269607544
2021-05-06,8.890000343322754,2.515413761138916
2021-05-07,9.270000457763672,2.6229348182678223
2021-05-10,9.420000076293945,2.665377616882324
2021-05-11,9.5600004196167,2.7049899101257324
2021-05-12,9.319999694824219,2.637082099914551
2021-05-13,9.420000076293945,2.665377616882324
2021-05-14,9.930000305175781,2.8096811771392822
2021-05-17,10.069999694824219,2.8492937088012695
2021-05-18,9.970000267028809,2.820998191833496
2021-05-19,9.779999732971191,2.7672388553619385
2021-05-20,9.75,2.7587506771087646
2021-05-21,9.680000305175781,2.738943576812744
2021-05-24,9.84000015258789,2.784215211868286
2021-05-25,9.640000343322754,2.727625846862793
2021-05-26,9.789999961853027,2.7700681686401367
2021-05-27,9.829999923706055,2.781386137008667
2021-05-28,10.3100004196167,2.917201519012451
2021-06-01,10.59000015258789,2.996427297592163
2021-06-02,11.050000190734863,3.1265833377838135
2021-06-03,11.050000190734863,3.1265833377838135
2021-06-04,11.34000015258789,3.2086384296417236
2021-06-07,11.199999809265137,3.1690256595611572
2021-06-08,11.430000305175781,3.2341043949127197
2021-06-09,11.279999732971191,3.1916613578796387
2021-06-10,11.260000228881836,3.1860032081604004
2021-06-11,11.140000343322754,3.1520488262176514
2021-06-14,11.329999923706055,3.2058093547821045
2021-06-15,11.479999542236328,3.24825119972229
2021-06-16,11.510000228881836,3.256740093231201
2021-06-17,11.100000381469727,3.1407310962677
2021-06-18,11.119999885559082,3.146389961242676
2021-06-21,11.489999771118164,3.2510809898376465
2021-06-22,11.649999618530273,3.2963528633117676
2021-06-23,11.789999961853027,3.335965633392334
2021-06-24,12.050000190734863,3.409532070159912
2021-06-25,11.770000457763672,3.3303067684173584
2021-06-28,11.75,3.3246471881866455
2021-06-29,11.760000228881836,3.32747745513916
2021-06-30,11.8100004196167,3.3416247367858887
2021-07-01,11.460000038146973,3.2425925731658936
2021-07-02,11.5,3.2539095878601074
2021-07-06,10.609999656677246,3.0020861625671387
2021-07-07,10.680000305175781,3.021892786026001
2021-07-08,10.420000076293945,2.9483258724212646
2021-07-09,10.489999771118164,2.9681320190429688
2021-07-12,10.65999984741211,3.0162339210510254
2021-07-13,10.720000267028809,3.033210277557373
2021-07-14,10.84000015258789,3.0671639442443848
2021-07-15,10.569999694824219,2.9907681941986084
2021-07-16,10.380000114440918,2.937006950378418
2021-07-19,9.970000267028809,2.820998191833496
2021-07-20,10.170000076293945,2.8775877952575684
2021-07-21,10.369999885559082,2.934178352355957
2021-07-22,10.300000190734863,2.914372205734253
2021-07-23,10.210000038146973,2.888906955718994
2021-07-26,10.569999694824219,2.9907681941986084
2021-07-27,10.510000228881836,2.9737908840179443
2021-07-28,10.800000190734863,3.0558459758758545
2021-07-29,10.930000305175781,3.092629909515381
2021-07-30,10.260000228881836,2.9030535221099854
2021-08-02,10.229999542236328,2.8945653438568115
2021-08-03,10.329999923706055,2.9228601455688477
2021-08-04,10.100000381469727,2.8577818870544434
2021-08-05,10.869999885559082,3.075652599334717
2021-08-06,10.819999694824219,3.061504602432251
2021-08-09,10.699999809265137,3.0275509357452393
2021-08-10,10.75,3.0416982173919678
2021-08-11,10.970000267028809,3.103947401046753
2021-08-12,11.050000190734863,3.1265833377838135
2021-08-13,11.170000076293945,3.160537004470825
2021-08-16,10.800000190734863,3.0558459758758545
2021-08-17,10.210000038146973,3.062746047973633
2021-08-18,9.920000076293945,2.975752592086792
2021-08-19,9.789999961853027,2.9367563724517822
2021-08-20,9.850000381469727,2.954754590988159
2021-08-23,10.069999694824219,3.0207486152648926
2021-08-24,10.470000267028809,3.1407392024993896
2021-08-25,10.59000015258789,3.1767361164093018
2021-08-26,10.4399995803833,3.131739616394043
2021-08-27,10.920000076293945,3.2757277488708496
2021-08-30,10.869999885559082,3.2607290744781494
2021-08-31,10.510000228881836,3.152737855911255
2021-09-01,10.390000343322754,3.1167409420013428
2021-09-02,10.239999771118164,3.071744680404663
2021-09-03,10.069999694824219,3.0207486152648926
2021-09-07,10.149999618530273,3.0447468757629395
2021-09-08,9.34000015258789,2.8017678260803223
2021-09-09,9.680000305175781,2.9037587642669678
2021-09-10,9.609999656677246,2.882760524749756
2021-09-13,10.020000457763672,3.0057504177093506
2021-09-14,9.84000015258789,2.9517550468444824
2021-09-15,9.979999542236328,2.993750810623169
2021-09-16,9.880000114440918,2.9637537002563477
2021-09-17,9.369999885559082,2.8107664585113525
2021-09-20,9.239999771118164,2.7717695236206055
2021-09-21,9.489999771118164,2.8467633724212646
2021-09-22,9.739999771118164,2.921757221221924
2021-09-23,10.09000015258789,3.0267484188079834
2021-09-24,10.020000457763672,3.0057504177093506
2021-09-27,10.069999694824219,3.0207486152648926
2021-09-28,9.930000305175781,2.978752851486206
2021-09-29,10.039999961853027,3.011749744415283
2021-09-30,10.0,2.999751091003418
2021-10-01,10.390000343322754,3.1167409420013428
2021-10-04,10.5600004196167,3.1677372455596924
2021-10-05,10.699999809265137,3.209733009338379
2021-10-06,10.430000305175781,3.128739833831787
2021-10-07,10.380000114440918,3.1137404441833496
2021-10-08,10.539999961853027,3.1617374420166016
2021-10-11,10.5,3.149738073348999
2021-10-12,10.489999771118164,3.1467387676239014
2021-10-13,10.75,3.2247323989868164
2021-10-14,10.739999771118164,3.2217323780059814
2021-10-15,10.8100004196167,3.242730140686035
2021-10-18,10.640000343322754,3.191734790802002
2021-10-19,10.020000457763672,3.0057504177093506
2021-10-20,10.270000457763672,3.0807442665100098
2021-10-21,9.65999984741211,2.897759437561035
2021-10-22,9.619999885559082,2.8857603073120117
2021-10-25,10.510000228881836,3.152737855911255
2021-10-26,10.279999732971191,3.0837435722351074
2021-10-27,10.279999732971191,3.0837435722351074
2021-10-28,10.350000381469727,3.1047427654266357
2021-10-29,9.609999656677246,2.882760524749756
2021-11-01,9.899999618530273,2.9697530269622803
2021-11-02,9.770000457763672,2.9307568073272705
2021-11-03,9.579999923706055,2.8737611770629883
2021-11-04,9.1899995803833,2.7567710876464844
2021-11-05,9.350000381469727,2.804767370223999
2021-11-08,9.399999618530273,2.819765567779541
2021-11-09,9.649999618530273,2.8947598934173584
2021-11-10,9.569999694824219,2.8707616329193115
2021-11-11,9.770000457763672,2.9307568073272705
2021-11-12,9.899999618530273,2.9697530269622803
2021-11-15,9.989999771118164,2.996750593185425
2021-11-16,9.899999618530273,2.9697530269622803
2021-11-17,9.600000381469727,2.8797614574432373
2021-11-18,9.449999809265137,2.8347649574279785
2021-11-19,9.289999961853027,2.7867684364318848
2021-11-22,9.359999656677246,2.807766914367676
2021-11-23,9.899999618530273,2.9697530269622803
2021-11-24,10.09000015258789,3.0267484188079834
2021-11-26,10.199999809265137,3.0597457885742188
2021-11-29,10.460000038146973,3.137739896774292
2021-11-30,10.350000381469727,3.1047427654266357
2021-12-01,10.359999656677246,3.1077418327331543
2021-12-02,10.029999732971191,3.379298448562622
2021-12-03,10.149999618530273,3.419728994369507
2021-12-06,10.149999618530273,3.419728994369507
2021-12-07,10.460000038146973,3.524174213409424
2021-12-08,10.619999885559082,3.5780813694000244
2021-12-09,10.470000267028809,3.527543067932129
2021-12-10,10.5600004196167,3.557865858078003
2021-12-13,10.34000015258789,3.483743667602539
2021-12-14,10.1899995803833,3.433206081390381
2021-12-15,10.229999542236328,3.446682929992676
2021-12-16,10.420000076293945,3.51069712638855
2021-12-17,10.140000343322754,3.4163599014282227
2021-12-20,9.789999961853027,3.298438549041748
2021-12-21,9.770000457763672,3.2916998863220215
2021-12-22,9.920000076293945,3.342237949371338
2021-12-23,9.960000038146973,3.3557136058807373
2021-12-27,10.180000305175781,3.4298365116119385
2021-12-28,10.210000038146973,3.43994402885437
2021-12-29,9.989999771118164,3.365821599960327
2021-12-30,10.170000076293945,3.426466703414917
2021-12-31,10.109999656677246,3.406252384185791
2022-01-03,10.210000038146973,3.43994402885437
2022-01-04,10.25,3.4534218311309814
2022-01-05,9.789999961853027,3.298438549041748
2022-01-06,9.800000190734863,3.3018076419830322
2022-01-07,9.970000267028809,3.359083414077759
2022-01-10,9.800000190734863,3.3018076419830322
2022-01-11,10.359999656677246,3.4904816150665283
2022-01-12,10.75,3.621879816055298
2022-01-13,10.899999618530273,3.6724185943603516
2022-01-14,11.430000305175781,3.850985288619995
2022-01-18,11.300000190734863,3.807185649871826
2022-01-19,11.5,3.8745689392089844
2022-01-20,11.619999885559082,3.91499924659729
2022-01-21,11.619999885559082,3.91499924659729
2022-01-24,11.609999656677246,3.911630153656006
2022-01-25,12.09000015258789,4.0733513832092285
2022-01-26,12.479999542236328,4.204750061035156
2022-01-27,12.529999732971191,4.2215962409973145
2022-01-28,12.079999923706055,4.06998348236084
2022-01-31,12.140000343322754,4.090198040008545
2022-02-01,12.579999923706055,4.2384419441223145
2022-02-02,12.300000190734863,4.144105434417725
2022-02-03,12.079999923706055,4.06998348236084
2022-02-04,12.279999732971191,4.137367248535156
2022-02-07,12.229999542236328,4.120521068572998
2022-02-08,12.119999885559082,4.083459854125977
2022-02-09,12.260000228881836,4.1306281089782715
2022-02-10,12.359999656677246,4.164320468902588
2022-02-11,12.880000114440918,4.339519023895264
2022-02-14,12.640000343322754,4.258657932281494
2022-02-15,12.539999961853027,4.224964618682861
2022-02-16,12.869999885559082,4.336149215698242
2022-02-17,12.680000305175781,4.272134304046631
2022-02-18,12.850000381469727,4.329410552978516
2022-02-22,13.270000457763672,4.470915794372559
2022-02-23,13.699999809265137,4.615791320800781
2022-02-24,12.989999771118164,4.376578330993652
2022-02-25,13.149999618530273,4.430486679077148
2022-02-28,13.09000015258789,4.410272121429443
2022-03-01,13.520000457763672,4.555145263671875
2022-03-02,13.5600004196167,4.5686235427856445
2022-03-03,13.640000343322754,4.595577239990234
2022-03-04,13.420000076293945,4.521454811096191
2022-03-07,12.449999809265137,4.194643020629883
2022-03-08,12.819999694824219,4.319303512573242
2022-03-09,12.949999809265137,4.363102436065674
2022-03-10,13.399999618530273,4.514716148376465
2022-03-11,12.760000228881836,4.299088001251221
2022-03-14,12.449999809265137,4.194643020629883
2022-03-15,12.050000190734863,4.059875011444092
2022-03-16,12.109999656677246,4.0800909996032715
2022-03-17,11.890000343322754,4.0059685707092285
2022-03-18,12.199999809265137,4.110413074493408
2022-03-21,12.8100004196167,4.315933704376221
2022-03-22,12.760000228881836,4.299088001251221
2022-03-23,13.1899995803833,4.443963527679443
2022-03-24,13.420000076293945,4.521454811096191
2022-03-25,13.539999961853027,4.561884880065918
2022-03-28,13.100000381469727,4.413640022277832
2022-03-29,13.579999923706055,4.575362205505371
2022-03-30,13.760000228881836,4.636006832122803
2022-03-31,13.979999542236328,4.710129261016846
2022-04-01,14.140000343322754,4.764035701751709
2022-04-04,14.1899995803833,4.780881881713867
2022-04-05,13.850000381469727,4.666329383850098
2022-04-06,13.6899995803833,4.612422943115234
2022-04-07,14.3100004196167,4.821312427520752
2022-04-08,14.520000457763672,4.89206600189209
2022-04-11,14.420000076293945,4.858374118804932
2022-04-12,14.399999618530273,4.851635932922363
2022-04-13,14.729999542236328,4.962818145751953
2022-04-14,13.289999961853027,4.8640007972717285
2022-04-18,13.149999618530273,4.812763214111328
2022-04-19,13.489999771118164,4.937198638916016
2022-04-20,13.680000305175781,5.006737232208252
2022-04-21,13.109999656677246,4.798123836517334
2022-04-22,12.619999885559082,4.618788242340088
2022-04-25,12.289999961853027,4.498011112213135
2022-04-26,11.979999542236328,4.384554386138916
2022-04-27,12.039999961853027,4.4065141677856445
2022-04-28,12.239999771118164,4.479711532592773
2022-04-29,12.270000457763672,4.490692615509033
2022-05-02,11.75,4.30037784576416
2022-05-03,12.130000114440918,4.439454555511475
2022-05-04,12.989999771118164,4.754204273223877
2022-05-05,12.65999984741211,4.633427619934082
2022-05-06,12.949999809265137,4.739565372467041
2022-05-09,12.40999984741211,4.541930198669434
2022-05-10,12.630000114440918,4.622447967529297
2022-05-11,12.989999771118164,4.754204273223877
2022-05-12,13.109999656677246,4.798123836517334
2022-05-13,13.59000015258789,4.973798751831055
2022-05-16,13.640000343322754,4.992097854614258
2022-05-17,13.800000190734863,5.050656318664551
2022-05-18,13.449999809265137,4.9225592613220215
2022-05-19,13.859999656677246,5.0726141929626465
2022-05-20,14.199999809265137,5.197051048278809
2022-05-23,15.020000457763672,5.497162342071533
2022-05-24,12.979999542236328,5.2392377853393555
2022-05-25,13.239999771118164,5.344183921813965
2022-05-26,13.420000076293945,5.416839599609375
2022-05-27,12.899999618530273,5.206945896148682
2022-05-31,12.569999694824219,5.0737457275390625
2022-06-01,12.5,5.045491695404053
2022-06-02,12.350000381469727,4.984945297241211
2022-06-03,12.640000343322754,5.102000713348389
2022-06-06,12.539999961853027,5.061635494232178
2022-06-07,12.579999923706055,5.0777812004089355
2022-06-08,12.4399995803833,5.0212721824646
2022-06-09,12.180000305175781,4.916327476501465
2022-06-10,11.8100004196167,4.7669806480407715
2022-06-13,11.350000381469727,4.581305980682373
2022-06-14,11.460000038146973,4.625706195831299
2022-06-15,11.5,4.64185094833374
2022-06-16,10.899999618530273,4.399668216705322
2022-06-17,10.430000305175781,4.209958076477051
2022-06-21,10.449999809265137,4.21803092956543
2022-06-22,10.380000114440918,4.189775466918945
2022-06-23,10.079999923706055,4.068683624267578
2022-06-24,9.9399995803833,4.012174129486084
2022-06-27,10.6899995803833,4.314903736114502
2022-06-28,10.75,4.339120388031006
2022-06-29,10.75,4.339120388031006
2022-06-30,10.630000114440918,4.290685176849365
2022-07-01,10.710000038146973,4.322976589202881
2022-07-05,10.369999885559082,4.185739040374756
2022-07-06,10.170000076293945,4.105010509490967
2022-07-07,10.640000343322754,4.294722557067871
2022-07-08,10.880000114440918,4.391595363616943
2022-07-11,10.609999656677246,4.282612323760986
2022-07-12,10.34000015258789,4.1736297607421875
2022-07-13,10.4399995803833,4.213994026184082
2022-07-14,10.069999694824219,4.064647674560547
2022-07-15,10.359999656677246,4.181702613830566
2022-07-18,10.539999961853027,4.254357814788818
2022-07-19,10.729999542236328,4.331049919128418
2022-07-20,10.65999984741211,4.302794933319092
2022-07-21,10.520000457763672,4.2462849617004395
2022-07-22,10.670000076293945,4.306831359863281
2022-07-25,11.399999618530273,4.60148811340332
2022-07-26,11.550000190734863,4.662034034729004
2022-07-27,11.899999618530273,4.80330753326416
2022-07-28,12.5,5.045491695404053
2022-07-29,13.130000114440918,5.299783706665039
2022-08-01,12.960000038146973,5.231164455413818
2022-08-02,12.779999732971191,5.158510208129883
2022-08-03,12.770000457763672,5.154473781585693
2022-08-04,13.029999732971191,5.259419918060303
2022-08-05,13.460000038146973,5.432985305786133
2022-08-08,14.34000015258789,5.788187503814697
2022-08-09,14.470000267028809,5.840660572052002
2022-08-10,14.550000190734863,5.872951030731201
2022-08-11,14.029999732971191,5.663058280944824
2022-08-12,12.380000114440918,6.132132530212402
2022-08-15,12.470000267028809,6.1767120361328125
2022-08-16,12.4399995803833,6.161851406097412
2022-08-17,12.710000038146973,6.295589923858643
2022-08-18,12.880000114440918,6.379796981811523
2022-08-19,12.239999771118164,6.06278657913208
2022-08-22,12.539999961853027,6.211383819580078
2022-08-23,13.100000381469727,6.488768100738525
2022-08-24,13.140000343322754,6.508579730987549
2022-08-25,13.010000228881836,6.444186687469482
2022-08-26,13.180000305175781,6.528392314910889
2022-08-29,13.640000343322754,6.7562432289123535
2022-08-30,12.720000267028809,6.300544261932373
2022-08-31,12.739999771118164,6.310449123382568
2022-09-01,12.890000343322754,6.384748935699463
2022-09-02,12.890000343322754,6.384748935699463
2022-09-06,12.270000457763672,6.077647686004639
2022-09-07,12.289999961853027,6.08755350112915
2022-09-08,12.1899995803833,6.03801965713501
2022-09-09,12.359999656677246,6.122225761413574
2022-09-12,12.390000343322754,6.137086391448975
2022-09-13,11.789999961853027,5.839890003204346
2022-09-14,12.010000228881836,5.948862552642822
2022-09-15,11.859999656677246,5.874563694000244
2022-09-16,11.710000038146973,5.800263404846191
2022-09-19,12.109999656677246,5.998394966125488
2022-09-20,12.069999694824219,5.97858190536499
2022-09-21,12.010000228881836,5.948862552642822
2022-09-22,12.460000038146973,6.171757698059082
2022-09-23,11.380000114440918,5.636806964874268
2022-09-26,10.9399995803833,5.418863296508789
2022-09-27,11.0600004196167,5.478302955627441
2022-09-28,10.989999771118164,5.443629741668701
2022-09-29,10.859999656677246,5.379237174987793
2022-09-30,11.079999923706055,5.488209247589111
2022-10-03,12.449999809265137,6.166804313659668
2022-10-04,12.140000343322754,6.013253688812256
2022-10-05,12.5600004196167,6.221290111541748
2022-10-06,12.970000267028809,6.424375057220459
2022-10-07,12.890000343322754,6.384748935699463
2022-10-10,12.800000190734863,6.340169906616211
2022-10-11,12.529999732971191,6.206430912017822
2022-10-12,12.430000305175781,6.15689754486084
2022-10-13,12.9399995803833,6.409514904022217
2022-10-14,12.529999732971191,6.206430912017822
2022-10-17,12.630000114440918,6.2559638023376465
2022-10-18,13.020000457763672,6.449141025543213
2022-10-19,13.430000305175781,6.652225017547607
2022-10-20,14.020000457763672,6.944468021392822
2022-10-21,14.680000305175781,7.2713823318481445
2022-10-24,12.960000038146973,6.4194207191467285
2022-10-25,12.699999809265137,6.290637493133545
2022-10-26,12.220000267028809,6.052881717681885
2022-10-27,12.449999809265137,6.166804313659668
2022-10-28,12.25,6.067739963531494
2022-10-31,11.510000228881836,5.701200008392334
2022-11-01,11.680000305175781,5.785404205322266
2022-11-02,11.4399995803833,5.6665263175964355
2022-11-03,11.720000267028809,5.8052167892456055
2022-11-04,11.229999542236328,5.562506198883057
2022-11-07,10.520000457763672,5.210826396942139
2022-11-08,10.600000381469727,5.250453472137451
2022-11-09,10.350000381469727,5.126622200012207
2022-11-10,9.75,4.829426288604736
2022-11-11,10.130000114440918,5.0176496505737305
2022-11-14,10.479999542236328,5.191013336181641
2022-11-15,10.5600004196167,5.230639934539795
2022-11-16,10.140000343322754,5.022603988647461
2022-11-17,10.079999923706055,4.992883205413818
2022-11-18,9.930000305175781,4.918583869934082
2022-11-21,10.109999656677246,5.007742404937744
2022-11-22,8.720000267028809,4.94704008102417
2022-11-23,8.789999961853027,4.986751556396484
2022-11-25,8.90999984741211,5.054831504821777
2022-11-28,9.119999885559082,5.1739678382873535
2022-11-29,9.630000114440918,5.463303089141846
2022-11-30,10.25,5.815042495727539
2022-12-01,9.869999885559082,5.599460124969482
2022-12-02,9.930000305175781,5.633497714996338
2022-12-05,9.6899995803833,5.497341156005859
2022-12-06,9.739999771118164,5.525707244873047
2022-12-07,9.75,5.531380653381348
2022-12-08,9.470000267028809,5.372530937194824
2022-12-09,9.430000305175781,5.349839210510254
2022-12-12,9.039999961853027,5.128582954406738
2022-12-13,8.800000190734863,4.992424964904785
2022-12-14,8.109999656677246,4.600973606109619
2022-12-15,8.289999961853027,4.703092098236084
2022-12-16,8.289999961853027,4.703092098236084
2022-12-19,8.460000038146973,4.79953670501709
2022-12-20,8.880000114440918,5.037810802459717
2022-12-21,9.109999656677246,5.168294429779053
2022-12-22,9.3100004196167,5.281759738922119
2022-12-23,9.8100004196167,5.5654191970825195
2022-12-27,9.529999732971191,5.406569957733154
2022-12-28,9.470000267028809,5.372530937194824
2022-12-29,9.329999923706055,5.293105602264404
2022-12-30,9.289999961853027,5.270412921905518
2023-01-03,8.229999542236328,4.669052600860596
2023-01-04,8.489999771118164,4.816555023193359
2023-01-05,8.90999984741211,5.054831504821777
2023-01-06,9.09000015258789,5.156947612762451
2023-01-09,9.050000190734863,5.134256839752197
2023-01-10,9.239999771118164,5.242046356201172
2023-01-11,9.380000114440918,5.321471691131592
2023-01-12,9.640000343322754,5.468974590301514
2023-01-13,9.630000114440918,5.463303089141846
2023-01-17,10.050000190734863,5.701577186584473
2023-01-18,9.65999984741211,5.480320930480957
2023-01-19,10.0,5.673211097717285
2023-01-20,10.149999618530273,5.758308410644531
2023-01-23,10.350000381469727,5.871773719787598
2023-01-24,10.350000381469727,5.871773719787598
2023-01-25,10.59000015258789,6.00792932510376
2023-01-26,10.319999694824219,5.854752540588379
2023-01-27,10.029999732971191,5.690230369567871
2023-01-30,10.039999961853027,5.695903301239014
2023-01-31,10.319999694824219,5.854752540588379
2023-02-01,10.1899995803833,5.781001567840576
2023-02-02,9.720000267028809,5.51436185836792
2023-02-03,9.710000038146973,5.508687973022461
2023-02-06,10.010000228881836,5.6788835525512695
2023-02-07,9.880000114440918,5.605132579803467
2023-02-08,10.010000228881836,5.6788835525512695
2023-02-09,9.859999656677246,5.593786239624023
2023-02-10,10.270000457763672,5.826387882232666
2023-02-13,10.399999618530273,5.900137424468994
2023-02-14,10.3100004196167,5.849080562591553
2023-02-15,10.279999732971191,5.832059860229492
2023-02-16,10.289999961853027,5.837733745574951
2023-02-17,10.25,5.815042495727539
2023-02-21,10.020000457763672,5.684557914733887
2023-02-22,9.970000267028809,5.656190395355225
2023-02-23,10.380000114440918,5.888792514801025
2023-02-24,10.069999694824219,5.712923049926758
2023-02-27,10.09000015258789,5.724269390106201
2023-02-28,9.760000228881836,5.537054061889648
2023-03-01,9.739999771118164,5.525707244873047
2023-03-02,9.520000457763672,5.40089750289917
2023-03-03,9.84000015258789,5.58243989944458
2023-03-06,10.09000015258789,5.724269390106201
2023-03-07,9.739999771118164,5.525707244873047
2023-03-08,9.949999809265137,5.644843578338623
2023-03-09,9.789999961853027,5.554073810577393
2023-03-10,9.640000343322754,5.468974590301514
2023-03-13,9.229999542236328,5.236372947692871
2023-03-14,9.050000190734863,5.134256839752197
2023-03-15,8.819999694824219,5.0037713050842285
2023-03-16,8.899999618530273,5.049158096313477
2023-03-17,8.829999923706055,5.0094451904296875
2023-03-20,8.729999542236328,4.9527130126953125
2023-03-21,8.9399995803833,5.0718512535095215
2023-03-22,8.899999618530273,5.049158096313477
2023-03-23,8.640000343322754,4.901654243469238
2023-03-24,8.699999809265137,4.935693264007568
2023-03-27,8.920000076293945,5.06050443649292
2023-03-28,9.170000076293945,5.202333927154541
2023-03-29,9.350000381469727,5.304452419281006
2023-03-30,9.420000076293945,5.344164848327637
2023-03-31,9.279999732971191,5.264739513397217
2023-04-03,9.720000267028809,5.51436185836792
2023-04-04,9.550000190734863,5.417916774749756
2023-04-05,9.680000305175781,5.4916672706604
2023-04-06,9.510000228881836,5.395223140716553
2023-04-10,9.670000076293945,5.485994815826416
2023-04-11,10.270000457763672,5.826387882232666
2023-04-12,10.479999542236328,5.945524215698242
2023-04-13,10.579999923706055,6.002257347106934
2023-04-14,10.720000267028809,6.081682205200195
2023-04-17,10.789999961853027,6.121394157409668
2023-04-18,11.020000457763672,6.251878261566162
2023-04-19,10.460000038146973,5.934178829193115
2023-04-20,10.550000190734863,5.985237121582031
2023-04-21,10.420000076293945,5.91148567199707
2023-04-24,10.8100004196167,6.132740497589111
2023-04-25,10.720000267028809,6.081682205200195
2023-04-26,10.619999885559082,6.0249505043029785
2023-04-27,10.460000038146973,5.934178829193115
2023-04-28,9.489999771118164,6.076321601867676
2023-05-01,9.390000343322754,6.012293338775635
2023-05-02,9.0,5.762581825256348
2023-05-03,9.079999923706055,5.813804626464844
2023-05-04,9.199999809265137,5.890639305114746
2023-05-05,9.720000267028809,6.223587512969971
2023-05-08,9.800000190734863,6.274811267852783
2023-05-09,9.890000343322754,6.332437992095947
2023-05-10,9.899999618530273,6.338839054107666
2023-05-11,10.25,6.562941074371338
2023-05-12,10.670000076293945,6.831861972808838
2023-05-15,10.510000228881836,6.729414463043213
2023-05-16,10.649999618530273,6.819055557250977
2023-05-17,10.460000038146973,6.69740104675293
2023-05-18,10.430000305175781,6.678193092346191
2023-05-19,10.380000114440918,6.646177291870117
2023-05-22,10.3100004196167,6.601358413696289
2023-05-23,10.529999732971191,6.742220878601074
2023-05-24,10.729999542236328,6.8702778816223145
2023-05-25,10.510000228881836,6.729414463043213
2023-05-26,10.699999809265137,6.851069927215576
2023-05-30,10.449999809265137,6.69099760055542
2023-05-31,10.279999732971191,6.58214807510376
2023-06-01,10.739999771118164,6.876680374145508
2023-06-02,10.949999809265137,7.011141300201416
2023-06-05,11.109999656677246,7.113586902618408
2023-06-06,11.4399995803833,7.324881553649902
2023-06-07,11.6899995803833,7.4849534034729
2023-06-08,11.899999618530273,7.619413375854492
2023-06-09,12.4399995803833,7.965167999267578
2023-06-12,12.680000305175781,8.118836402893066
2023-06-13,11.949999809265137,8.14610481262207
2023-06-14,12.510000228881836,8.527848243713379
2023-06-15,12.3100004196167,8.391510963439941
2023-06-16,12.369999885559082,8.43241024017334
2023-06-20,12.760000228881836,8.698267936706543
2023-06-21,13.350000381469727,9.100460052490234
2023-06-22,13.170000076293945,8.977758407592773
2023-06-23,12.600000381469727,8.58919906616211
2023-06-26,12.970000267028809,8.841421127319336
2023-06-27,12.779999732971191,8.711901664733887
2023-06-28,12.739999771118164,8.6846342086792
2023-06-29,12.829999923706055,8.745985984802246
2023-06-30,12.369999885559082,8.43241024017334
2023-07-03,12.510000228881836,8.527848243713379
2023-07-05,12.420000076293945,8.466495513916016
2023-07-06,12.069999694824219,8.227907180786133
2023-07-07,12.130000114440918,8.268808364868164
2023-07-10,12.100000381469727,8.248356819152832
2023-07-11,12.039999961853027,8.207454681396484
2023-07-12,12.119999885559082,8.261991500854492
2023-07-13,12.34000015258789,8.411961555480957
2023-07-14,12.0600004196167,8.221089363098145
2023-07-17,12.050000190734863,8.214274406433105
2023-07-18,12.010000228881836,8.187006950378418
2023-07-19,12.149999618530273,8.282440185546875
2023-07-20,12.1899995803833,8.309708595275879
2023-07-21,12.4399995803833,8.480128288269043
2023-07-24,12.789999961853027,8.718718528747559
2023-07-25,13.069999694824219,8.909587860107422
2023-07-26,13.069999694824219,8.909587860107422
2023-07-27,12.369999885559082,8.43241024017334
2023-07-28,12.619999885559082,8.602832794189453
2023-07-31,13.199999809265137,8.998208045959473
2023-08-01,12.789999961853027,8.718718528747559
2023-08-02,12.6899995803833,8.650548934936523
2023-08-03,12.680000305175781,8.643732070922852
2023-08-04,12.270000457763672,8.36424446105957
2023-08-07,12.300000190734863,8.38469409942627
2023-08-08,12.350000381469727,8.418778419494629
2023-08-09,12.40999984741211,8.459677696228027
2023-08-10,12.539999961853027,8.548295974731445
2023-08-11,12.4399995803833,8.480128288269043
2023-08-14,12.319999694824219,8.398327827453613
2023-08-15,12.350000381469727,8.418778419494629
2023-08-16,12.670000076293945,8.636916160583496
2023-08-17,12.569999694824219,8.568747520446777
2023-08-18,12.720000267028809,8.670998573303223
2023-08-21,12.520000457763672,8.534663200378418
2023-08-22,12.350000381469727,8.74496841430664
2023-08-23,13.239999771118164,9.37517261505127
2023-08-24,13.15999984741211,9.318524360656738
2023-08-25,13.100000381469727,9.276039123535156
2023-08-28,13.260000228881836,9.389333724975586
2023-08-29,13.319999694824219,9.431819915771484
2023-08-30,13.359999656677246,9.46014404296875
2023-08-31,12.9399995803833,9.16274356842041
2023-09-01,13.229999542236328,9.368091583251953
2023-09-05,13.430000305175781,9.509709358215332
2023-09-06,13.470000267028809,9.538033485412598
2023-09-07,13.170000076293945,9.325605392456055
2023-09-08,13.350000381469727,9.453063011169434
2023-09-11,13.479999542236328,9.54511547088623
2023-09-12,13.520000457763672,9.57343864440918
2023-09-13,13.430000305175781,9.509709358215332
2023-09-14,13.899999618530273,9.842514038085938
2023-09-15,13.859999656677246,9.814188957214355
2023-09-18,13.989999771118164,9.906242370605469
2023-09-19,13.979999542236328,9.899161338806152
2023-09-20,14.029999732971191,9.93456745147705
2023-09-21,13.649999618530273,9.66549015045166
2023-09-22,13.779999732971191,9.757542610168457
2023-09-25,13.770000457763672,9.75046157836914
2023-09-26,13.40999984741211,9.495548248291016
2023-09-27,13.649999618530273,9.66549015045166
2023-09-28,13.609999656677246,9.637166976928711
2023-09-29,13.710000038146973,9.707978248596191
2023-10-02,13.460000038146973,9.530954360961914
2023-10-03,13.109999656677246,9.283120155334473
2023-10-04,12.6899995803833,8.985719680786133
2023-10-05,12.680000305175781,8.978639602661133
2023-10-06,13.0,9.205229759216309
2023-10-09,13.619999885559082,9.644248008728027
2023-10-10,13.979999542236328,9.899161338806152
2023-10-11,13.899999618530273,9.842514038085938
2023-10-12,13.859999656677246,9.814188957214355
2023-10-13,14.220000267028809,10.06910514831543
2023-10-16,14.59000015258789,10.331098556518555
2023-10-17,14.970000267028809,10.600177764892578
2023-10-18,15.270000457763672,10.812604904174805
2023-10-19,15.199999809265137,10.763036727905273
2023-10-20,15.029999732971191,10.642660140991211
2023-10-23,14.109999656677246,9.991214752197266
2023-10-24,14.40999984741211,10.203641891479492
2023-10-25,14.399999618530273,10.196560859680176
2023-10-26,14.270000457763672,10.104510307312012
2023-10-27,14.100000381469727,9.984134674072266
2023-10-30,13.90999984741211,9.849595069885254
2023-10-31,13.829999923706055,9.792947769165039
2023-11-01,14.149999618530273,10.019538879394531
2023-11-02,14.460000038146973,10.23904800415039
2023-11-03,14.489999771118164,10.26029109954834
2023-11-06,14.550000190734863,10.302775382995605
2023-11-07,14.319999694824219,10.139913558959961
2023-11-08,13.859999656677246,9.814188957214355
2023-11-09,14.140000343322754,10.012457847595215
2023-11-10,14.15999984741211,10.026618003845215
2023-11-13,14.489999771118164,10.26029109954834
2023-11-14,14.829999923706055,10.501042366027832
2023-11-15,14.770000457763672,10.458558082580566
2023-11-16,14.649999618530273,10.37358570098877
2023-11-17,14.960000038146973,10.593093872070312
2023-11-20,15.09000015258789,10.685147285461426
2023-11-21,14.90999984741211,10.557689666748047
2023-11-22,14.300000190734863,10.513577461242676
2023-11-24,14.380000114440918,10.572394371032715
2023-11-27,14.270000457763672,10.491522789001465
2023-11-28,14.550000190734863,10.697380065917969
2023-11-29,14.34000015258789,10.542985916137695
2023-11-30,14.550000190734863,10.697380065917969
2023-12-01,14.529999732971191,10.682676315307617
2023-12-04,14.100000381469727,10.366536140441895
2023-12-05,14.109999656677246,10.373887062072754
2023-12-06,13.680000305175781,10.057744026184082
2023-12-07,13.619999885559082,10.013630867004395
2023-12-08,14.010000228881836,10.300365447998047
2023-12-11,13.880000114440918,10.204788208007812
2023-12-12,13.680000305175781,10.057744026184082
2023-12-13,14.020000457763672,10.307718276977539
2023-12-14,14.359999656677246,10.557690620422363
2023-12-15,14.270000457763672,10.491522789001465
2023-12-18,14.630000114440918,10.75619888305664
2023-12-19,14.899999618530273,10.954706192016602
2023-12-20,14.779999732971191,10.86647891998291
2023-12-21,14.890000343322754,10.947354316711426
2023-12-22,15.0600004196167,11.072341918945312
2023-12-26,15.489999771118164,11.388483047485352
2023-12-27,15.470000267028809,11.373777389526367
2023-12-28,15.329999923706055,11.270848274230957
2023-12-29,15.279999732971191,11.234087944030762
2024-01-02,15.319999694824219,11.263497352600098
2024-01-03,15.869999885559082,11.667865753173828
2024-01-04,15.710000038146973,11.55023193359375
2024-01-05,15.869999885559082,11.667865753173828
2024-01-08,15.739999771118164,11.572286605834961
2024-01-09,15.449999809265137,11.359074592590332
2024-01-10,15.350000381469727,11.285555839538574
2024-01-11,15.609999656677246,11.476710319519043
2024-01-12,15.739999771118164,11.572286605834961
2024-01-16,15.470000267028809,11.373777389526367
2024-01-17,15.350000381469727,11.285555839538574
2024-01-18,15.279999732971191,11.234087944030762
2024-01-19,15.170000076293945,11.153213500976562
2024-01-22,15.100000381469727,11.101749420166016
2024-01-23,15.430000305175781,11.34437084197998
2024-01-24,15.350000381469727,11.285555839538574
2024-01-25,15.979999542236328,11.748738288879395
2024-01-26,16.290000915527344,11.976655960083008
2024-01-29,16.399999618530273,12.057528495788574
2024-01-30,16.290000915527344,11.976655960083008
2024-01-31,16.399999618530273,12.057528495788574
2024-02-01,16.850000381469727,12.388376235961914
2024-02-02,16.479999542236328,12.116347312927246
2024-02-05,16.530000686645508,12.153108596801758
2024-02-06,16.709999084472656,12.285445213317871
2024-02-07,16.950000762939453,12.461897850036621
2024-02-08,16.75,12.314854621887207
2024-02-09,16.65999984741211,12.248685836791992
2024-02-12,16.770000457763672,12.329559326171875
2024-02-13,16.420000076293945,12.072233200073242
2024-02-14,16.450000762939453,12.094290733337402
2024-02-15,16.920000076293945,12.439841270446777
2024-02-16,17.18000030517578,12.630998611450195
2024-02-20,17.190000534057617,12.638349533081055
2024-02-21,17.200000762939453,12.64570140838623
2024-02-22,16.989999771118164,12.49130630493164
2024-02-23,16.790000915527344,12.34426498413086
2024-02-26,17.09000015258789,12.564826965332031
2024-02-27,17.219999313354492,12.660407066345215
2024-02-28,16.190000534057617,11.9031343460083
2024-02-29,16.170000076293945,11.88843059539795
2024-03-01,16.239999771118164,11.939894676208496
2024-03-04,16.15999984741211,11.881078720092773
2024-03-05,16.079999923706055,11.822260856628418
2024-03-06,16.3700008392334,12.03547477722168
2024-03-07,16.360000610351562,12.028120040893555
2024-03-08,14.479999542236328,10.645916938781738
2024-03-11,14.329999923706055,10.53563404083252
2024-03-12,14.800000190734863,10.881184577941895
2024-03-13,14.569999694824219,10.712085723876953
2024-03-14,14.5,10.660621643066406
2024-03-15,14.4399995803833,10.616506576538086
2024-03-18,14.40999984741211,10.594450950622559
2024-03-19,14.350000381469727,10.550337791442871
2024-03-20,14.75,10.8444242477417
2024-03-21,14.350000381469727,10.550337791442871
2024-03-22,14.430000305175781,10.609153747558594
2024-03-25,14.680000305175781,10.792959213256836
2024-03-26,14.510000228881836,10.667972564697266
2024-03-27,14.65999984741211,10.778255462646484
2024-03-28,14.899999618530273,10.954706192016602
2024-04-01,14.890000343322754,10.947354316711426
2024-04-02,15.279999732971191,11.234087944030762
2024-04-03,15.239999771118164,11.204679489135742
2024-04-04,15.029999732971191,11.050283432006836
2024-04-05,15.079999923706055,11.087044715881348
2024-04-08,15.3100004196167,11.256145477294922
2024-04-09,15.460000038146973,11.366427421569824
2024-04-10,15.65999984741211,11.513471603393555
2024-04-11,15.420000076293945,11.337018013000488
2024-04-12,15.170000076293945,11.153213500976562
2024-04-15,15.15999984741211,11.145861625671387
2024-04-16,15.0,11.028228759765625
2024-04-17,15.109999656677246,11.109100341796875
2024-04-18,15.100000381469727,11.101749420166016
2024-04-19,15.59000015258789,11.462005615234375
2024-04-22,16.059999465942383,11.80755615234375
2024-04-23,16.139999389648438,11.866373062133789
2024-04-24,15.989999771118164,11.756089210510254
2024-04-25,16.25,11.947245597839355
2024-04-26,16.15999984741211,12.208645820617676
2024-04-29,16.40999984741211,12.397517204284668
2024-04-30,16.1200008392334,12.178427696228027
2024-05-01,16.020000457763672,12.10287857055664
2024-05-02,16.420000076293945,12.405071258544922
2024-05-03,15.65999984741211,12.337319374084473
2024-05-06,15.789999961853027,12.439736366271973
2024-05-07,16.010000228881836,12.613057136535645
2024-05-08,16.15999984741211,12.731230735778809
2024-05-09,16.149999618530273,12.723352432250977
2024-05-10,16.06999969482422,12.660325050354004
2024-05-13,16.1299991607666,12.707594871520996
2024-05-14,15.869999885559082,12.502761840820312
2024-05-15,14.84000015258789,11.691304206848145
2024-05-16,14.470000267028809,11.399807929992676
2024-05-17,14.300000190734863,11.265878677368164
2024-05-20,14.329999923706055,11.28951358795166
2024-05-21,14.25,11.226487159729004
2024-05-22,14.369999885559082,11.321025848388672
2024-05-23,14.220000267028809,11.202852249145508
2024-05-24,14.130000114440918,11.131948471069336
2024-05-28,14.630000114440918,11.525859832763672
2024-05-29,14.449999809265137,11.384052276611328
2024-05-30,14.699999809265137,11.581007957458496
2024-05-31,14.8100004196167,11.667668342590332
2024-06-03,14.739999771118164,11.612520217895508
2024-06-04,14.40999984741211,11.3525390625
2024-06-05,14.449999809265137,11.384052276611328
2024-06-06,14.579999923706055,11.486470222473145
2024-06-07,13.850000381469727,10.911356925964355
2024-06-10,13.989999771118164,11.021653175354004
2024-06-11,14.0,11.029531478881836
2024-06-12,13.579999923706055,10.69864559173584
2024-06-13,13.210000038146973,10.707562446594238
2024-06-14,12.90999984741211,10.464391708374023
2024-06-17,12.869999885559082,10.43196964263916
2024-06-18,13.220000267028809,10.715668678283691
2024-06-20,13.359999656677246,10.829147338867188
2024-06-21,13.449999809265137,10.902097702026367
2024-06-24,13.670000076293945,11.080423355102539
2024-06-25,13.59000015258789,11.015576362609863
2024-06-26,13.489999771118164,10.93451976776123
2024-06-27,13.680000305175781,11.08852767944336
2024-06-28,13.640000343322754,11.056105613708496
2024-07-01,13.65999984741211,11.072317123413086
2024-07-02,13.649999618530273,11.064210891723633
2024-07-03,13.699999809265137,11.10473918914795
2024-07-05,13.779999732971191,11.169584274291992
2024-07-08,14.069999694824219,11.404647827148438
2024-07-09,14.180000305175781,11.493810653686523
2024-07-10,14.079999923706055,11.412753105163574
2024-07-11,14.130000114440918,11.453282356262207
2024-07-12,14.039999961853027,11.380331039428711
2024-07-15,14.109999656677246,11.4370698928833
2024-07-16,14.119999885559082,11.445176124572754
2024-07-17,14.079999923706055,11.412753105163574
2024-07-18,13.800000190734863,11.185794830322266
2024-07-19,13.760000228881836,11.153372764587402
2024-07-22,13.600000381469727,11.023682594299316
2024-07-23,13.390000343322754,10.853464126586914
2024-07-24,13.34000015258789,10.812934875488281
2024-07-25,13.289999961853027,10.772407531738281
2024-07-26,13.3100004196167,10.788619041442871
2024-07-29,13.029999732971191,10.561659812927246
2024-07-30,13.010000228881836,10.545448303222656
2024-07-31,13.15999984741211,10.667034149169922
2024-08-01,12.84000015258789,10.407652854919434
2024-08-02,12.479999542236328,10.115848541259766
2024-08-05,12.300000190734863,9.969948768615723
2024-08-06,12.8100004196167,10.38333511352539
2024-08-07,12.850000381469727,10.41575813293457
2024-08-08,13.1899995803833,10.691349983215332
2024-08-09,13.1899995803833,10.691349983215332
2024-08-12,13.5600004196167,10.991260528564453
2024-08-13,13.649999618530273,11.064210891723633
2024-08-14,13.739999771118164,11.137160301208496
2024-08-15,13.949999809265137,11.307379722595215
2024-08-16,14.069999694824219,11.404647827148438
2024-08-19,14.180000305175781,11.493810653686523
2024-08-20,13.869999885559082,11.242534637451172
2024-08-21,13.850000381469727,11.226325035095215
2024-08-22,13.579999923706055,11.007472038269043
2024-08-23,13.460000038146973,11.229389190673828
2024-08-26,14.430000305175781,12.0386381149292
2024-08-27,14.220000267028809,11.863439559936523
2024-08-28,14.300000190734863,11.930182456970215
2024-08-29,14.010000228881836,11.688241958618164
2024-08-30,13.9399995803833,11.629842758178711
2024-09-03,13.640000343322754,11.379559516906738
2024-09-04,13.670000076293945,11.40458869934082
2024-09-05,13.729999542236328,11.454643249511719
2024-09-06,13.430000305175781,11.204360961914062
2024-09-09,13.59000015258789,11.337844848632812
2024-09-10,13.15999984741211,10.979105949401855
2024-09-11,13.220000267028809,11.029163360595703
2024-09-12,13.109999656677246,10.93739128112793
2024-09-13,13.199999809265137,11.012476921081543
2024-09-16,13.5,11.262760162353516
2024-09-17,13.470000267028809,11.23773193359375
2024-09-18,13.239999771118164,11.045848846435547
2024-09-19,13.380000114440918,11.162646293640137
2024-09-20,13.069999694824219,10.904020309448242
2024-09-23,13.239999771118164,11.045848846435547
2024-09-24,13.489999771118164,11.254417419433594
2024-09-25,13.520000457763672,11.279446601867676
2024-09-26,13.239999771118164,11.045848846435547
2024-09-27,13.270000457763672,11.070876121520996
2024-09-30,13.1899995803833,11.004133224487305
2024-10-01,13.550000190734863,11.304472923278809
2024-10-02,13.760000228881836,11.4796724319458
2024-10-03,13.869999885559082,11.571443557739258
2024-10-04,13.899999618530273,11.596470832824707
2024-10-07,13.989999771118164,11.67155647277832
2024-10-08,13.579999923706055,11.329503059387207
2024-10-09,13.329999923706055,11.120931625366211
2024-10-10,13.5,11.262760162353516
2024-10-11,13.34000015258789,11.129274368286133
2024-10-14,13.5,11.262760162353516
2024-10-15,13.119999885559082,10.945734024047852
2024-10-16,13.119999885559082,10.945734024047852
2024-10-17,13.010000228881836,10.853962898254395
2024-10-18,12.869999885559082,10.737163543701172
2024-10-21,12.710000038146973,10.603678703308105
2024-10-22,12.670000076293945,10.570308685302734
2024-10-23,12.489999771118164,10.420137405395508
2024-10-24,12.630000114440918,10.536937713623047
2024-10-25,12.619999885559082,10.528594017028809
2024-10-28,12.59000015258789,10.503565788269043
2024-10-29,12.470000267028809,10.403453826904297
2024-10-30,12.40999984741211,10.35339641571045
2024-10-31,12.369999885559082,10.320024490356445
2024-11-01,12.020000457763672,10.028027534484863
2024-11-04,12.210000038146973,10.186541557312012
2024-11-05,12.289999961853027,10.25328254699707
2024-11-06,12.460000038146973,10.395110130310059
2024-11-07,12.510000228881836,10.436823844909668
2024-11-08,12.670000076293945,10.570308685302734
2024-11-11,12.630000114440918,10.536937713623047
2024-11-12,12.760000228881836,10.645393371582031
2024-11-13,12.75,10.63705062866211
2024-11-14,12.84000015258789,10.712136268615723
2024-11-15,12.970000267028809,10.82059097290039
2024-11-18,13.270000457763672,11.070876121520996
2024-11-19,13.09000015258789,10.920707702636719
2024-11-20,13.149999618530273,10.970762252807617
2024-11-21,13.029999732971191,10.870649337768555
2024-11-22,13.59000015258789,11.337844848632812
2024-11-25,13.520000457763672,11.279446601867676
2024-11-26,13.470000267028809,11.23773193359375
2024-11-27,13.149999618530273,10.970762252807617
2024-11-29,13.039999961853027,10.878992080688477
2024-12-02,12.949999809265137,10.803906440734863
2024-12-03,13.020000457763672,10.862305641174316
2024-12-04,13.0,10.845620155334473
2024-12-05,13.260000228881836,11.06253433227539
2024-12-06,12.84000015258789,10.712136268615723
2024-12-09,13.130000114440918,10.954076766967773
2024-12-10,13.300000190734863,11.095905303955078
2024-12-11,13.550000190734863,11.304472923278809
2024-12-12,13.25,11.054190635681152
2024-12-13,12.600000381469727,10.926712036132812
2024-12-16,12.369999885559082,10.727255821228027
2024-12-17,12.529999732971191,10.866007804870605
2024-12-18,11.899999618530273,10.319672584533691
2024-12-19,12.069999694824219,10.467095375061035
2024-12-20,12.119999885559082,10.510455131530762
2024-12-23,11.949999809265137,10.363033294677734
2024-12-24,12.0600004196167,10.45842456817627
2024-12-26,12.029999732971191,10.43240737915039
2024-12-27,11.550000190734863,10.426090240478516
2024-12-30,11.729999542236328,10.588573455810547
2024-12-31,11.84000015258789,10.687870979309082
2025-01-02,12.09000015258789,10.913542747497559
2025-01-03,11.8100004196167,10.660789489746094
2025-01-06,11.890000343322754,10.73300552368164
2025-01-07,12.170000076293945,10.985758781433105
2025-01-08,12.069999694824219,10.895488739013672
2025-01-10,12.100000381469727,10.922569274902344
2025-01-13,12.180000305175781,10.99478530883789
2025-01-14,12.180000305175781,10.99478530883789
2025-01-15,12.390000343322754,11.184350967407227
2025-01-16,12.25,11.057973861694336
2025-01-17,12.25,11.057973861694336
2025-01-21,12.359999656677246,11.157269477844238
2025-01-22,12.460000038146973,11.247539520263672
2025-01-23,12.399999618530273,11.193377494812012
2025-01-24,12.369999885559082,11.166296005249023
2025-01-27,12.579999923706055,11.35586166381836
2025-01-28,12.670000076293945,11.437104225158691
2025-01-29,12.600000381469727,11.373916625976562
2025-01-30,12.779999732971191,11.53640079498291
2025-01-31,12.899999618530273,11.644722938537598
2025-02-03,12.880000114440918,11.626668930053711
2025-02-04,12.890000343322754,11.635697364807129
2025-02-05,12.699999809265137,11.464184761047363
2025-02-06,12.760000228881836,11.518346786499023
2025-02-07,12.579999923706055,11.35586166381836
2025-02-10,12.75,11.509321212768555
2025-02-11,12.8100004196167,11.563482284545898
2025-02-12,12.579999923706055,11.35586166381836
2025-02-13,12.609999656677246,11.382942199707031
2025-02-14,13.149999618530273,11.87039566040039
2025-02-18,13.479999542236328,12.16828441619873
2025-02-19,13.470000267028809,12.159256935119629
2025-02-20,13.539999961853027,12.22244644165039
2025-02-21,13.430000305175781,12.123149871826172
2025-02-24,13.25,11.960665702819824
2025-02-25,13.170000076293945,11.888450622558594
2025-02-26,13.09000015258789,11.816234588623047
2025-02-27,12.5,11.283646583557129
2025-02-28,12.210000038146973,11.021865844726562
2025-03-03,11.970000267028809,10.805221557617188
2025-03-04,11.869999885559082,10.714950561523438
2025-03-05,11.979999542236328,10.814247131347656
2025-03-06,11.880000114440918,10.723977088928223
2025-03-07,12.010000228881836,10.841328620910645
2025-03-10,11.84000015258789,10.687870979309082
2025-03-11,11.720000267028809,10.579547882080078
2025-03-12,11.779999732971191,10.633708000183105
2025-03-13,11.84000015258789,10.687870979309082
2025-03-14,12.449999809265137,11.23851203918457
2025-03-17,12.789999961853027,11.545427322387695
2025-03-18,12.760000228881836,11.518346786499023
2025-03-19,12.829999923706055,11.581534385681152
2025-03-20,12.789999961853027,11.545427322387695
2025-03-21,12.949999809265137,11.689857482910156
2025-03-24,12.779999732971191,11.53640079498291
2025-03-25,13.020000457763672,11.753046035766602
2025-03-26,13.100000381469727,11.825262069702148
2025-03-27,13.119999885559082,11.843316078186035
2025-03-28,13.050000190734863,11.78012752532959
2025-03-31,13.039999961853027,11.771100044250488
2025-04-01,13.15999984741211,11.879422187805176
2025-04-02,13.09000015258789,11.816234588623047
2025-04-03,12.75,11.509321212768555
2025-04-04,11.869999885559082,10.714950561523438
2025-04-07,11.1899995803833,10.101119995117188
2025-04-08,10.65999984741211,9.62269401550293
2025-04-09,11.399999618530273,10.29068660736084
2025-04-10,10.59000015258789,9.5595064163208
2025-04-11,10.859999656677246,9.803231239318848
2025-04-14,10.829999923706055,9.776150703430176
2025-04-15,10.520000457763672,9.496317863464355
2025-04-16,10.539999961853027,9.514370918273926
2025-04-17,10.829999923706055,9.776150703430176
2025-04-21,10.710000038146973,9.667827606201172
2025-04-22,10.800000190734863,9.999286651611328
2025-04-23,10.699999809265137,9.90670108795166
2025-04-24,10.720000267028809,9.925217628479004
2025-04-25,10.760000228881836,9.962251663208008
2025-04-28,10.75,9.95299243927002
2025-04-29,10.8100004196167,10.008544921875
2025-04-30,10.5600004196167,9.777080535888672
2025-05-01,10.649999618530273,9.860406875610352
2025-05-02,10.899999618530273,10.09187126159668
2025-05-05,10.449999809265137,9.6752347946167
2025-05-06,10.5600004196167,9.777080535888672
2025-05-07,10.520000457763672,9.740046501159668
2025-05-08,10.869999885559082,10.064096450805664
2025-05-09,10.970000267028809,10.156682968139648
2025-05-12,11.1899995803833,10.360370635986328
2025-05-13,11.460000038146973,10.61035442352295
2025-05-14,11.359999656677246,10.517767906188965
2025-05-15,11.239999771118164,10.40666389465332
2025-05-16,11.289999961853027,10.452958106994629
2025-05-19,11.289999961853027,10.452958106994629
2025-05-20,11.300000190734863,10.4622163772583
2025-05-21,11.220000267028809,10.388147354125977
2025-05-22,11.069999694824219,10.249268531799316
2025-05-23,11.079999923706055,10.258526802062988
2025-05-27,11.130000114440918,10.30482006072998
2025-05-28,11.039999961853027,10.221492767333984
2025-05-29,11.050000190734863,10.230751991271973
2025-05-30,10.819999694824219,10.017802238464355
2025-06-02,10.960000038146973,10.14742374420166
2025-06-03,10.960000038146973,10.14742374420166
2025-06-04,10.369999885559082,9.892712593078613
2025-06-05,10.470000267028809,9.988110542297363
2025-06-06,10.630000114440918,10.140746116638184
2025-06-09,10.479999542236328,9.997649192810059
2025-06-10,10.779999732971191,10.283841133117676
2025-06-11,11.210000038146973,10.694050788879395
2025-06-12,11.479999542236328,10.951623916625977
2025-06-13,11.789999961853027,11.247356414794922
2025-06-16,11.729999542236328,11.190117835998535
2025-06-17,11.970000267028809,11.419072151184082
2025-06-18,11.930000305175781,11.380912780761719
2025-06-20,11.970000267028809,11.419072151184082
2025-06-23,11.600000381469727,11.066102027893066
2025-06-24,11.329999923706055,10.808527946472168
2025-06-25,11.25,10.732210159301758
2025-06-26,11.420000076293945,10.89438533782959
2025-06-27,11.390000343322754,10.865766525268555
2025-06-30,11.539999961853027,11.008862495422363
2025-07-01,11.550000190734863,11.018403053283691
2025-07-02,11.850000381469727,11.304594993591309
2025-07-03,11.90999984741211,11.361831665039062
2025-07-07,11.710000038146973,11.171038627624512
2025-07-08,11.970000267028809,11.419072151184082
2025-07-09,11.739999771118164,11.199657440185547
2025-07-10,11.65999984741211,11.123339653015137
2025-07-11,11.739999771118164,11.199657440185547
2025-07-14,11.529999732971191,10.999321937561035
2025-07-15,11.479999542236328,10.951623916625977
2025-07-16,11.380000114440918,10.856226921081543
2025-07-17,11.350000381469727,10.827607154846191
2025-07-18,11.109999656677246,10.598653793334961
2025-07-21,11.149999618530273,10.636812210083008
2025-07-22,11.25,10.732210159301758
2025-07-23,11.59000015258789,11.056561470031738
2025-07-24,11.59000015258789,11.056561470031738
2025-07-25,11.529999732971191,10.999321937561035
2025-07-28,11.460000038146973,10.932544708251953
2025-07-29,11.6899995803833,11.151957511901855
2025-07-30,11.770000457763672,11.228277206420898
2025-07-31,11.619999885559082,11.085180282592773
2025-08-01,11.600000381469727,11.066102027893066
2025-08-04,11.65999984741211,11.123339653015137
2025-08-05,11.760000228881836,11.21873664855957
2025-08-06,11.859999656677246,11.31413459777832
2025-08-07,11.989999771118164,11.438150405883789
2025-08-08,11.220000267028809,10.703591346740723
2025-08-11,11.270000457763672,10.751290321350098
2025-08-12,11.380000114440918,10.856226921081543
2025-08-13,11.350000381469727,10.827607154846191
2025-08-14,11.170000076293945,10.655892372131348
2025-08-15,11.130000114440918,10.617733001708984
2025-08-18,11.180000305175781,10.665432929992676
2025-08-19,10.90999984741211,10.407858848571777
2025-08-20,11.010000228881836,10.503256797790527
2025-08-21,11.069999694824219,10.560494422912598
2025-08-22,11.420000076293945,10.89438533782959
2025-08-25,11.329999923706055,10.808527946472168
2025-08-26,11.210000038146973,10.694050788879395
2025-08-27,11.289999961853027,10.770369529724121
2025-08-28,11.470000267028809,10.942084312438965
2025-08-29,11.470000267028809,10.942084312438965
2025-09-02,11.479999542236328,10.951623916625977
2025-09-03,11.390000343322754,10.865766525268555
2025-09-04,11.420000076293945,10.89438533782959
2025-09-05,11.300000190734863,10.779909133911133
2025-09-08,11.34000015258789,10.818066596984863
2025-09-09,11.390000343322754,10.865766525268555
2025-09-10,11.710000038146973,11.171038627624512
2025-09-11,11.65999984741211,11.123339653015137
2025-09-12,11.670000076293945,11.132879257202148
2025-09-15,11.859999656677246,11.31413459777832
2025-09-16,11.930000305175781,11.380912780761719
2025-09-17,11.9399995803833,11.39045238494873
2025-09-18,11.8100004196167,11.266435623168945
2025-09-19,11.680000305175781,11.14241886138916
2025-09-22,11.760000228881836,11.21873664855957
2025-09-23,12.130000114440918,11.571707725524902
2025-09-24,12.260000228881836,11.695723533630371
2025-09-25,12.079999923706055,11.524008750915527
2025-09-26,12.079999923706055,11.524008750915527
2025-09-29,11.90999984741211,11.361831665039062
2025-09-30,11.819999694824219,11.275975227355957
2025-10-01,11.739999771118164,11.199657440185547
2025-10-02,11.630000114440918,11.094719886779785
2025-10-03,11.609999656677246,11.075639724731445
2025-10-06,11.550000190734863,11.018403053283691
2025-10-07,11.520000457763672,10.98978328704834
2025-10-08,11.460000038146973,10.932544708251953
2025-10-09,11.220000267028809,10.703591346740723
2025-10-10,10.890000343322754,10.388779640197754
2025-10-13,11.069999694824219,10.560494422912598
2025-10-14,10.989999771118164,10.484176635742188
2025-10-15,10.899999618530273,10.398319244384766
2025-10-16,10.829999923706055,10.331541061401367
2025-10-17,10.970000267028809,10.465096473693848
2025-10-20,11.0600004196167,10.550954818725586
2025-10-21,10.949999809265137,10.446017265319824
2025-10-22,11.079999923706055,10.57003402709961
2025-10-23,11.210000038146973,10.694050788879395
2025-10-24,11.079999923706055,10.57003402709961
2025-10-27,11.180000305175781,10.665432929992676
2025-10-28,11.210000038146973,10.694050788879395
2025-10-29,11.199999809265137,10.684511184692383
2025-10-30,11.069999694824219,10.560494422912598
2025-10-31,11.050000190734863,10.541415214538574
2025-11-03,11.199999809265137,10.684511184692383
2025-11-04,11.170000076293945,10.655892372131348
2025-11-05,11.529999732971191,10.999321937561035
2025-11-06,11.569999694824219,11.037481307983398
2025-11-07,12.0600004196167,11.504929542541504
2025-11-10,12.220000267028809,11.657565116882324
2025-11-11,12.65999984741211,12.077314376831055
2025-11-12,12.229999542236328,11.667104721069336
2025-11-13,12.289999961853027,11.724343299865723
2025-11-14,12.40999984741211,11.838820457458496
2025-11-17,12.350000381469727,11.78158187866211
2025-11-18,12.420000076293945,11.848360061645508
2025-11-19,12.289999961853027,11.724343299865723
2025-11-20,12.039999961853027,11.485849380493164
2025-11-21,12.029999732971191,11.476309776306152
2025-11-24,12.079999923706055,11.524008750915527
2025-11-25,11.9399995803833,11.39045238494873
2025-11-26,12.029999732971191,11.476309776306152
2025-11-28,11.890000343322754,11.342753410339355
2025-12-01,11.84000015258789,11.295055389404297
2025-12-02,12.029999732971191,11.476309776306152
2025-12-03,12.15999984741211,11.600326538085938
2025-12-04,12.279999732971191,11.714802742004395
2025-12-05,11.489999771118164,10.961164474487305
2025-12-08,11.670000076293945,11.132879257202148
2025-12-09,11.739999771118164,11.199657440185547
2025-12-10,11.65999984741211,11.123339653015137
2025-12-11,11.569999694824219,11.037481307983398
2025-12-12,11.649999618530273,11.113799095153809
2025-12-15,11.670000076293945,11.132879257202148
2025-12-16,11.25,10.732210159301758
2025-12-17,11.25,10.732210159301758
2025-12-18,11.199999809265137,10.684511184692383
2025-12-19,11.180000305175781,10.665432929992676
2025-12-22,11.140000343322754,10.627273559570312
2025-12-23,11.289999961853027,10.770369529724121
2025-12-24,11.329999923706055,10.808527946472168
2025-12-26,10.989999771118164,10.484176635742188
2025-12-29,11.039999961853027,10.531874656677246
2025-12-30,11.3100004196167,10.789448738098145
2025-12-31,11.270000457763672,10.751290321350098
2026-01-02,11.329999923706055,10.808527946472168
2026-01-05,11.170000076293945,10.655892372131348
2026-01-06,11.020000457763672,10.512796401977539
2026-01-07,11.020000457763672,10.512796401977539
2026-01-08,11.260000228881836,10.741750717163086
2026-01-09,11.34000015258789,10.818066596984863
2026-01-12,11.289999961853027,10.770369529724121
2026-01-13,11.649999618530273,11.113799095153809
2026-01-14,11.859999656677246,11.31413459777832
2026-01-15,11.880000114440918,11.333213806152344
2026-01-16,11.949999809265137,11.399991989135742
2026-01-20,12.050000190734863,11.495389938354492
2026-01-21,12.640000343322754,12.058234214782715
2026-01-22,12.699999809265137,12.115471839904785
2026-01-23,13.319999694824219,12.706936836242676
2026-01-26,13.40999984741211,12.792795181274414
2026-01-27,14.010000228881836,13.365179061889648
2026-01-28,14.390000343322754,13.727689743041992
2026-01-29,14.5600004196167,13.889864921569824
2026-01-30,14.359999656677246,13.699069023132324
2026-02-02,14.140000343322754,13.489194869995117
2026-02-03,14.420000076293945,13.756308555603027
2026-02-04,14.25,13.594132423400879
2026-02-05,14.0600004196167,13.412878036499023
2026-02-06,14.09000015258789,13.441497802734375
2026-02-09,14.449999809265137,13.784927368164062
2026-02-10,14.399999618530273,13.737228393554688
2026-02-11,14.760000228881836,14.080659866333008
2026-02-12,14.25,13.594132423400879
2026-02-13,14.149999618530273,13.498734474182129
2026-02-17,14.010000228881836,13.365179061889648
2026-02-18,14.239999771118164,13.584592819213867
2026-02-19,14.539999961853027,13.8707857131958
2026-02-20,14.6899995803833,14.013880729675293
2026-02-23,14.979999542236328,14.290533065795898
2026-02-24,15.40999984741211,14.700742721557617
2026-02-25,15.5,14.786600112915039
2026-02-26,15.40999984741211,14.700742721557617
2026-02-27,15.399999618530273,14.691203117370605
2026-03-02,15.880000114440918,15.149110794067383
2026-03-03,15.59000015258789,14.872458457946777
2026-03-04,15.489999771118164,14.777061462402344
2026-03-05,15.470000267028809,14.75798225402832
2026-03-06,16.1200008392334,15.37806510925293
2026-03-09,16.690000534057617,15.921830177307129
2026-03-10,16.540000915527344,15.778736114501953
2026-03-11,17.399999618530273,16.599149703979492
2026-03-12,17.170000076293945,16.379735946655273
2026-03-13,16.780000686645508,16.007688522338867
2026-03-16,17.459999084472656,16.656389236450195
2026-03-17,17.780000686645508,16.961660385131836
2026-03-18,17.920000076293945,17.095218658447266
2026-03-19,17.899999618530273,17.076139450073242
2026-03-20,17.059999465942383,16.274799346923828
2026-03-23,17.530000686645508,16.723167419433594
2026-03-24,17.950000762939453,17.12384033203125
2026-03-25,18.1299991607666,17.295551300048828
2026-03-26,18.290000915527344,17.44818878173828
2026-03-27,18.799999237060547,17.934715270996094
2026-03-30,18.90999984741211,18.039653778076172
2026-03-31,18.75,17.88701629638672
2026-04-01,18.280000686645508,17.438650131225586
2026-04-02,18.65999984741211,17.801158905029297
2026-04-06,18.969999313354492,18.09688949584961
2026-04-07,18.829999923706055,17.963333129882812
2026-04-08,18.229999542236328,17.390949249267578
2026-04-09,18.889999389648438,18.020572662353516
2026-04-10,19.549999237060547,18.65019416809082
2026-04-13,19.8700008392334,18.955469131469727
2026-04-14,19.200000762939453,18.316307067871094
2026-04-15,18.739999771118164,17.877477645874023
2026-04-16,19.399999618530273,18.507099151611328
2026-04-17,18.59000015258789,17.7343807220459
2026-04-20,18.8799991607666,18.011032104492188
2026-04-21,19.260000228881836,18.373544692993164
2026-04-22,19.15999984741211,18.278146743774414
2026-04-23,19.329999923706055,18.44032096862793
2026-04-24,18.860000610351562,18.108116149902344
2026-04-27,18.989999771118164,18.232933044433594
2026-04-28,19.139999389648438,18.376951217651367
2026-04-29,19.6299991607666,18.847415924072266
2026-04-30,19.8799991607666,19.08745002746582
2026-05-01,19.700000762939453,18.914627075195312
2026-05-04,19.899999618530273,19.106653213500977
2026-05-05,19.729999542236328,18.943431854248047
2026-05-06,19.18000030517578,18.41535758972168
2026-05-07,18.760000228881836,18.012102127075195
2026-05-08,18.670000076293945,17.925691604614258
2026-05-11,18.93000030517578,18.175325393676758
2026-05-12,18.639999389648438,17.89688491821289
2026-05-13,17.770000457763672,17.06157112121582
2026-05-14,18.049999237060547,17.330406188964844
2026-05-15,17.989999771118164,17.27280044555664
2026-05-18,18.639999389648438,17.89688491821289
2026-05-19,18.290000915527344,17.560840606689453
2026-05-20,17.809999465942383,17.0999755859375
2026-05-21,17.979999542236328,17.26319694519043
2026-05-22,17.719999313354492,17.013561248779297
2026-05-26,17.25,16.562301635742188
2026-05-27,16.8799991607666,16.207050323486328
2026-05-28,16.84000015258789,16.16864585876465
2026-05-29,16.770000457763672,16.101436614990234
2026-06-01,16.860000610351562,16.187849044799805
2026-06-02,16.760000228881836,16.09183692932129
2026-06-03,16.25,15.736433982849121
2026-06-04,16.15999984741211,15.64927864074707
2026-06-05,15.850000381469727,15.349076271057129
2026-06-08,15.899999618530273,15.39749526977539
2026-06-09,15.899999618530273,15.39749526977539
2026-06-10,16.09000015258789,15.581490516662598
2026-06-11,16.34000015258789,15.823590278625488
2026-06-12,16.31999969482422,15.804221153259277
2026-06-15,15.430000305175781,14.942349433898926
2026-06-16,15.140000343322754,14.661515235900879
2026-06-17,15.020000457763672,14.545307159423828
2026-06-18,14.989999771118164,14.516255378723145
2026-06-22,15.260000228881836,14.777722358703613
2026-06-23,15.25,14.768037796020508
2026-06-24,14.739999771118164,14.274155616760254
2026-06-25,14.880000114440918,14.4097318649292
2026-06-26,14.680000305175781,14.216053009033203
2026-06-29,14.739999771118164,14.274155616760254
2026-06-30,14.640000343322754,14.177316665649414
2026-07-01,14.489999771118164,14.03205680847168
2026-07-02,14.520000457763672,14.06110954284668
2026-07-06,14.6899995803833,14.225735664367676
2026-07-07,14.989999771118164,14.516255378723145
2026-07-08,15.4399995803833,14.952033042907715
2026-07-09,15.34000015258789,14.855194091796875
2026-07-10,15.569999694824219,15.077924728393555
2026-07-13,15.899999618530273,15.39749526977539
2026-07-14,16.049999237060547,15.542754173278809
2026-07-15,16.010000228881836,15.504019737243652
2026-07-16,15.670000076293945,15.174764633178711
2026-07-17,16.0,15.494335174560547
2026-07-20,16.219999313354492,15.707381248474121
2026-07-21,16.450000762939453,15.930113792419434
2026-07-22,16.770000457763672,16.239999771118164
2026-07-23,16.8799991607666,16.34652328491211
2026-07-24,16.6200008392334,16.094741821289062
2026-07-27,16.040000915527344,15.533071517944336
2026-07-28,16.06999969482422,15.562122344970703
2026-07-29,16.450000762939453,15.930113792419434
2026-07-30,16.850000381469727,16.317472457885742
2026-07-31,17.149999618530273,16.607990264892578
2026-08-03,16.850000381469727,16.317472457885742
2026-08-04,16.530000686645508,16.007585525512695
2026-08-05,16.280000686645508,15.765486717224121
2026-08-06,16.479999542236328,15.9591646194458
2026-08-07,16.059999465942383,15.552438735961914
2026-08-10,16.440000534057617,15.920430183410645
2026-08-11,16.059999465942383,15.552438735961914
2026-08-12,15.970000267028809,15.465283393859863
2026-08-13,16.1299991607666,15.62022590637207
2026-08-14,16.06999969482422,15.562122344970703
2026-08-17,16.34000015258789,15.823590278625488
2026-08-18,16.3700008392334,15.852642059326172
2026-08-19,16.65999984741211,16.13347625732422
2026-08-20,17.040000915527344,16.501468658447266
2026-08-21,17.219999313354492,16.675777435302734
2026-08-24,16.770000457763672,16.239999771118164
2026-08-25,16.059999465942383,16.059999465942383
2026-08-26,16.020000457763672,16.020000457763672
2026-08-27,16.540000915527344,16.540000915527344
2026-08-28,16.770000457763672,16.770000457763672
2026-08-31,17.399999618530273,17.399999618530273
2026-09-01,18.200000762939453,18.200000762939453
2026-09-02,18.809999465942383,18.809999465942383
2026-09-03,18.579999923706055,18.579999923706055
2026-09-04,18.25,18.25
2026-09-08,18.860000610351562,18.860000610351562
2026-09-09,18.989999771118164,18.989999771118164
2026-09-10,19.219999313354492,19.219999313354492
2026-09-11,19.110000610351562,19.110000610351562
2026-09-14,19.06999969482422,19.06999969482422
2026-09-15,19.56999969482422,19.56999969482422
2026-09-16,18.889999389648438,18.889999389648438
2026-09-17,18.940000534057617,18.940000534057617
2026-09-18,18.81999969482422,18.81999969482422
2026-09-21,18.739999771118164,18.739999771118164
2026-09-22,18.940000534057617,18.940000534057617
2026-09-23,19.219999313354492,19.219999313354492
2026-09-24,18.989999771118164,18.989999771118164
2026-09-25,18.520000457763672,18.520000457763672
2026-09-28,18.649999618530273,18.649999618530273
2026-09-29,18.790000915527344,18.790000915527344
2026-09-30,18.989999771118164,18.989999771118164
2026-10-01,19.1200008392334,19.1200008392334
2026-10-02,19.600000381469727,19.600000381469727
2026-10-05,22.1200008392334,22.1200008392334
2026-10-06,21.6200008392334,21.6200008392334
