date,close,adjclose
2003-04-14,11.222222328186035,7.199282646179199
2003-04-15,11.355555534362793,7.284818649291992
2003-04-16,11.486666679382324,7.368932723999023
2003-04-17,11.568888664245605,7.421677112579346
2003-04-21,11.564443588256836,7.418823719024658
2003-04-22,11.603333473205566,7.443774700164795
2003-04-23,11.657777786254883,7.478699207305908
2003-04-24,11.427778244018555,7.331151485443115
2003-04-25,11.23888874053955,7.20997428894043
2003-04-28,11.424444198608398,7.329012870788574
2003-04-29,11.75,7.537862777709961
2003-04-30,11.716667175292969,7.516477108001709
2003-05-01,11.671111106872559,7.487255096435547
2003-05-02,11.850000381469727,7.602015972137451
2003-05-05,11.977778434753418,7.683990001678467
2003-05-06,12.038888931274414,7.723189830780029
2003-05-07,12.016667366027832,7.70893669128418
2003-05-08,11.911110877990723,7.641219139099121
2003-05-09,12.051111221313477,7.731033802032471
2003-05-12,12.218889236450195,7.838667869567871
2003-05-13,12.149999618530273,7.794470310211182
2003-05-14,12.088889122009277,7.7552666664123535
2003-05-15,12.113332748413086,7.7709455490112305
2003-05-16,12.122221946716309,7.776653289794922
2003-05-19,11.833333015441895,7.5913238525390625
2003-05-20,11.89222240447998,7.629101276397705
2003-05-21,11.9022216796875,7.635514259338379
2003-05-22,12.010000228881836,7.704657077789307
2003-05-23,12.133333206176758,7.783774375915527
2003-05-27,12.567777633666992,8.062485694885254
2003-05-28,12.622221946716309,8.097411155700684
2003-05-29,12.63888931274414,8.108101844787598
2003-05-30,12.785555839538574,8.202192306518555
2003-06-02,12.877778053283691,8.261357307434082
2003-06-03,12.779999732971191,8.198631286621094
2003-06-04,12.944443702697754,8.304123878479004
2003-06-05,12.957777976989746,8.312676429748535
2003-06-06,13.078888893127441,8.390374183654785
2003-06-09,12.966667175292969,8.318378448486328
2003-06-10,13.100000381469727,8.403915405273438
2003-06-11,13.11111068725586,8.411040306091309
2003-06-12,13.210000038146973,8.47448444366455
2003-06-13,13.20555591583252,8.471634864807129
2003-06-16,13.3477783203125,8.562870979309082
2003-06-17,13.622221946716309,8.738932609558105
2003-06-18,13.572221755981445,8.706855773925781
2003-06-19,13.572221755981445,8.706855773925781
2003-06-20,13.572221755981445,8.706855773925781
2003-06-23,13.23888874053955,8.493013381958008
2003-06-24,13.141111373901367,8.430290222167969
2003-06-25,13.25,8.500144004821777
2003-06-26,13.393333435058594,8.592097282409668
2003-06-27,13.331110954284668,8.552178382873535
2003-06-30,13.322221755981445,8.546478271484375
2003-07-01,13.466667175292969,8.639140129089355
2003-07-02,13.783332824707031,8.842284202575684
2003-07-03,13.822221755981445,8.867234230041504
2003-07-07,14.164443969726562,9.086780548095703
2003-07-08,14.20444393157959,9.112439155578613
2003-07-09,14.171111106872559,9.091055870056152
2003-07-10,13.922222137451172,8.931387901306152
2003-07-11,14.038888931274414,9.006231307983398
2003-07-14,14.285555839538574,9.164474487304688
2003-07-15,14.105555534362793,9.04900074005127
2003-07-16,14.116666793823242,9.05612850189209
2003-07-17,13.747777938842773,8.819478988647461
2003-07-18,13.931111335754395,8.937089920043945
2003-07-21,13.74666690826416,8.818766593933105
2003-07-22,13.911110877990723,8.9242582321167
2003-07-23,13.822221755981445,8.867234230041504
2003-07-24,13.88888931274414,8.910005569458008
2003-07-25,14.116666793823242,9.05612850189209
2003-07-28,14.194443702697754,9.106021881103516
2003-07-29,14.1144437789917,9.054701805114746
2003-07-30,14.01111125946045,8.988409996032715
2003-07-31,14.077777862548828,9.03117847442627
2003-08-01,14.108888626098633,9.051137924194336
2003-08-04,14.046667098999023,9.011222839355469
2003-08-05,13.895556449890137,8.91427993774414
2003-08-06,13.833333015441895,8.874361038208008
2003-08-07,13.934444427490234,8.939229965209961
2003-08-08,14.027777671813965,8.999105453491211
2003-08-11,14.088889122009277,9.038307189941406
2003-08-12,14.144444465637207,9.07394790649414
2003-08-13,14.344444274902344,9.202252388000488
2003-08-14,14.533332824707031,9.323427200317383
2003-08-15,14.38888931274414,9.23076343536377
2003-08-18,14.695555686950684,9.427495002746582
2003-08-19,14.767778396606445,9.47382926940918
2003-08-20,14.770000457763672,9.475255012512207
2003-08-21,15.04111099243164,9.649178504943848
2003-08-22,15.117777824401855,9.698359489440918
2003-08-25,15.0,9.62280559539795
2003-08-26,14.816666603088379,9.505193710327148
2003-08-27,14.98888874053955,9.615677833557129
2003-08-28,15.09333324432373,9.68267822265625
2003-08-29,15.202221870422363,9.752531051635742
2003-09-02,15.427778244018555,9.897232055664062
2003-09-03,15.550000190734863,9.975638389587402
2003-09-04,15.605555534362793,10.011281967163086
2003-09-05,15.591111183166504,10.002016067504883
2003-09-08,15.886667251586914,10.191617012023926
2003-09-09,15.61111068725586,10.014842987060547
2003-09-10,15.35111141204834,9.848053932189941
2003-09-11,15.333333015441895,9.836642265319824
2003-09-12,15.442221641540527,9.906497955322266
2003-09-15,15.214444160461426,9.7603759765625
2003-09-16,15.527777671813965,9.961386680603027
2003-09-17,15.461111068725586,9.918615341186523
2003-09-18,15.63888931274414,10.032665252685547
2003-09-19,15.566666603088379,9.986332893371582
2003-09-22,15.31222152709961,9.823100090026855
2003-09-23,15.350000381469727,9.847336769104004
2003-09-24,15.377778053283691,9.865156173706055
2003-09-25,15.149999618530273,9.719036102294922
2003-09-26,15.04444408416748,9.651317596435547
2003-09-29,15.151110649108887,9.719741821289062
2003-09-30,15.103333473205566,9.689093589782715
2003-10-01,15.5,9.943563461303711
2003-10-02,15.722222328186035,10.086124420166016
2003-10-03,15.877778053283691,10.185914993286133
2003-10-06,15.938888549804688,10.22512149810791
2003-10-07,15.922222137451172,10.214427947998047
2003-10-08,16.04111099243164,10.290698051452637
2003-10-09,16.311111450195312,10.463908195495605
2003-10-10,16.511110305786133,10.59221363067627
2003-10-13,16.761110305786133,10.752594947814941
2003-10-14,16.441110610961914,10.547307968139648
2003-10-15,16.639999389648438,10.674897193908691
2003-10-16,16.635555267333984,10.672043800354004
2003-10-17,16.53444480895996,10.607184410095215
2003-10-20,16.626667022705078,10.666343688964844
2003-10-21,16.709999084472656,10.719801902770996
2003-10-22,16.46444320678711,10.562275886535645
2003-10-23,16.22222137451172,10.40688419342041
2003-10-24,16.136667251586914,10.351997375488281
2003-10-27,16.322221755981445,10.47103500366211
2003-10-28,16.545555114746094,10.61430835723877
2003-10-29,16.683332443237305,10.702693939208984
2003-10-30,16.623332977294922,10.664203643798828
2003-10-31,16.489999771118164,10.578669548034668
2003-11-03,16.883333206176758,10.831002235412598
2003-11-04,16.93000030517578,10.860940933227539
2003-11-05,16.95222282409668,10.875197410583496
2003-11-06,16.831111907958984,10.797497749328613
2003-11-07,16.848888397216797,10.808900833129883
2003-11-10,16.616666793823242,10.659930229187012
2003-11-11,16.40333366394043,10.523070335388184
2003-11-12,16.695556640625,10.710537910461426
2003-11-13,16.824443817138672,10.793218612670898
2003-11-14,16.738889694213867,10.7383394241333
2003-11-17,16.412221908569336,10.528776168823242
2003-11-18,16.44444465637207,10.549444198608398
2003-11-19,16.337778091430664,10.481012344360352
2003-11-20,16.126667022705078,10.34558391571045
2003-11-21,16.266666412353516,10.435395240783691
2003-11-24,16.44333267211914,10.548731803894043
2003-11-25,16.5,10.58508586883545
2003-11-26,16.651111602783203,10.682025909423828
2003-11-28,16.799999237060547,10.77754020690918
2003-12-01,17.281110763549805,11.086182594299316
2003-12-02,17.204444885253906,11.036999702453613
2003-12-03,17.14444351196289,10.998509407043457
2003-12-04,17.02666664123535,10.922952651977539
2003-12-05,16.994443893432617,10.902277946472168
2003-12-08,17.02777862548828,10.923663139343262
2003-12-09,16.956666946411133,10.878046989440918
2003-12-10,16.88888931274414,10.834563255310059
2003-12-11,17.196666717529297,11.032011032104492
2003-12-12,17.275556564331055,11.082619667053223
2003-12-15,17.288888931274414,11.091171264648438
2003-12-16,17.21666717529297,11.044844627380371
2003-12-17,17.016666412353516,10.916536331176758
2003-12-18,17.29111099243164,11.092597961425781
2003-12-19,17.333332061767578,11.119686126708984
2003-12-22,17.5,11.276702880859375
2003-12-23,17.54777717590332,11.307487487792969
2003-12-24,17.60444450378418,11.34400463104248
2003-12-26,17.648889541625977,11.372642517089844
2003-12-29,17.915555953979492,11.544479370117188
2003-12-30,18.001110076904297,11.599608421325684
2003-12-31,18.21444320678711,11.745848655700684
2004-01-02,18.6200008392334,12.007375717163086
2004-01-05,19.273332595825195,12.428689956665039
2004-01-06,19.05555534362793,12.288249015808105
2004-01-07,19.100000381469727,12.316914558410645
2004-01-08,19.172222137451172,12.363483428955078
2004-01-09,19.13777732849121,12.341275215148926
2004-01-12,19.121110916137695,12.330525398254395
2004-01-13,19.012222290039062,12.260306358337402
2004-01-14,19.042221069335938,12.27965259552002
2004-01-15,18.65333366394043,12.02886962890625
2004-01-16,18.733333587646484,12.080458641052246
2004-01-20,19.27777862548828,12.43155574798584
2004-01-21,19.303333282470703,12.448034286499023
2004-01-22,19.254444122314453,12.41650390625
2004-01-23,19.22222137451172,12.395726203918457
2004-01-26,19.350000381469727,12.478123664855957
2004-01-27,19.252222061157227,12.41507625579834
2004-01-28,18.979999542236328,12.239530563354492
2004-01-29,18.681110382080078,12.046784400939941
2004-01-30,18.655555725097656,12.030303955078125
2004-02-02,18.65999984741211,12.033172607421875
2004-02-03,18.55555534362793,11.965821266174316
2004-02-04,18.38888931274414,11.85833740234375
2004-02-05,18.383333206176758,11.854759216308594
2004-02-06,18.802221298217773,12.124886512756348
2004-02-09,19.073333740234375,12.299715995788574
2004-02-10,19.05666732788086,12.28896427154541
2004-02-11,19.352222442626953,12.479557991027832
2004-02-12,19.342222213745117,12.473112106323242
2004-02-13,19.35555648803711,12.481714248657227
2004-02-17,19.744443893432617,12.732488632202148
2004-02-18,19.475555419921875,12.559093475341797
2004-02-19,19.30555534362793,12.44946575164795
2004-02-20,19.08888816833496,12.309744834899902
2004-02-23,18.922222137451172,12.202271461486816
2004-02-24,18.822221755981445,12.137781143188477
2004-02-25,19.02777862548828,12.270337104797363
2004-02-26,19.122222900390625,12.331242561340332
2004-02-27,19.393333435058594,12.506070137023926
2004-03-01,19.835556030273438,12.791242599487305
2004-03-02,19.677778244018555,12.689499855041504
2004-03-03,19.55555534362793,12.610686302185059
2004-03-04,19.688888549804688,12.696669578552246
2004-03-05,19.761110305786133,12.743237495422363
2004-03-08,19.572221755981445,12.621432304382324
2004-03-09,19.44444465637207,12.539032936096191
2004-03-10,19.0,12.252424240112305
2004-03-11,18.58888816833496,11.987313270568848
2004-03-12,18.744443893432617,12.087625503540039
2004-03-15,18.39444351196289,11.861920356750488
2004-03-16,18.622222900390625,12.008811950683594
2004-03-17,18.877777099609375,12.173606872558594
2004-03-18,18.988889694213867,12.245260238647461
2004-03-19,18.738889694213867,12.084046363830566
2004-03-22,18.438888549804688,11.890583992004395
2004-03-23,18.62444305419922,12.010239601135254
2004-03-24,18.63888931274414,12.019554138183594
2004-03-25,18.82111167907715,12.137065887451172
2004-03-26,18.786666870117188,12.114853858947754
2004-03-29,19.02777862548828,12.270337104797363
2004-03-30,19.261110305786133,12.420804977416992
2004-03-31,19.5,12.57485294342041
2004-04-01,19.658889770507812,12.677319526672363
2004-04-02,19.85555648803711,12.8041410446167
2004-04-05,19.994443893432617,12.893709182739258
2004-04-06,20.10555648803711,12.965356826782227
2004-04-07,20.03333282470703,12.918780326843262
2004-04-08,20.049999237060547,12.929535865783691
2004-04-12,20.204444885253906,13.02912712097168
2004-04-13,19.968889236450195,12.877225875854492
2004-04-14,19.6744441986084,12.687350273132324
2004-04-15,19.511110305786133,12.58202075958252
2004-04-16,19.655555725097656,12.6751708984375
2004-04-19,19.688888549804688,12.696669578552246
2004-04-20,19.516666412353516,12.585610389709473
2004-04-21,19.372222900390625,12.492453575134277
2004-04-22,19.366666793823242,12.488875389099121
2004-04-23,19.511110305786133,12.58202075958252
2004-04-26,19.233333587646484,12.402894973754883
2004-04-27,19.13111114501953,12.33697509765625
2004-04-28,18.583332061767578,11.983731269836426
2004-04-29,17.971111297607422,11.588932037353516
2004-04-30,17.58888816833496,11.342447280883789
2004-05-03,17.76555633544922,11.45637321472168
2004-05-04,18.113332748413086,11.680643081665039
2004-05-05,18.157777786254883,11.709305763244629
2004-05-06,17.781110763549805,11.466408729553223
2004-05-07,17.38111114501953,11.20846176147461
2004-05-10,16.542221069335938,10.667488098144531
2004-05-11,17.03333282470703,10.98419189453125
2004-05-12,17.038888931274414,10.987775802612305
2004-05-13,16.994443893432617,10.959111213684082
2004-05-14,16.546667098999023,10.670357704162598
2004-05-17,15.884444236755371,10.243313789367676
2004-05-18,16.356666564941406,10.547837257385254
2004-05-19,16.808889389038086,10.839452743530273
2004-05-20,16.705556869506836,10.772820472717285
2004-05-21,16.979999542236328,10.949797630310059
2004-05-24,17.244443893432617,11.120328903198242
2004-05-25,17.62444305419922,11.365379333496094
2004-05-26,17.55555534362793,11.320954322814941
2004-05-27,17.833332061767578,11.500079154968262
2004-05-28,17.794443130493164,11.475001335144043
2004-06-01,17.671110153198242,11.395472526550293
2004-06-02,17.671110153198242,11.395472526550293
2004-06-03,17.278888702392578,11.142542839050293
2004-06-04,17.53333282470703,11.306621551513672
2004-06-07,18.13888931274414,11.697128295898438
2004-06-08,17.886667251586914,11.534473419189453
2004-06-09,17.482221603393555,11.273664474487305
2004-06-10,17.502222061157227,11.286559104919434
2004-06-14,16.827777862548828,10.851637840270996
2004-06-15,17.15333366394043,11.061573028564453
2004-06-16,16.92333221435547,10.913252830505371
2004-06-17,17.00777816772461,10.96771240234375
2004-06-18,16.91111183166504,10.905375480651855
2004-06-21,16.988889694213867,10.95553207397461
2004-06-22,17.168888092041016,11.071606636047363
2004-06-23,17.474443435668945,11.268647193908691
2004-06-24,17.544443130493164,11.313787460327148
2004-06-25,17.72222137451172,11.428427696228027
2004-06-28,17.57111167907715,11.330987930297852
2004-06-29,17.705556869506836,11.417683601379395
2004-06-30,17.95888900756836,11.58105182647705
2004-07-01,17.73444366455078,11.436309814453125
2004-07-02,17.733333587646484,11.435600280761719
2004-07-06,17.543333053588867,11.313074111938477
2004-07-07,17.7722225189209,11.460675239562988
2004-07-08,17.518888473510742,11.297307968139648
2004-07-09,17.61222267150879,11.357495307922363
2004-07-12,17.566667556762695,11.328117370605469
2004-07-13,17.64666748046875,11.379706382751465
2004-07-14,17.4777774810791,11.270796775817871
2004-07-15,17.386667251586914,11.212044715881348
2004-07-16,17.577777862548828,11.335284233093262
2004-07-19,17.551111221313477,11.318085670471191
2004-07-20,17.62555694580078,11.366095542907715
2004-07-21,17.422222137451172,11.234971046447754
2004-07-22,17.422222137451172,11.234971046447754
2004-07-23,17.122222900390625,11.041510581970215
2004-07-26,16.963333129882812,10.939051628112793
2004-07-27,17.286666870117188,11.147557258605957
2004-07-28,17.281110763549805,11.143974304199219
2004-07-29,17.38888931274414,11.213479995727539
2004-07-30,17.30555534362793,11.159738540649414
2004-08-02,17.218889236450195,11.10384750366211
2004-08-03,17.238889694213867,11.116744995117188
2004-08-04,17.255556106567383,11.127493858337402
2004-08-05,17.14444351196289,11.055843353271484
2004-08-06,17.020000457763672,10.975592613220215
2004-08-09,17.162221908569336,11.067306518554688
2004-08-10,17.35555648803711,11.191984176635742
2004-08-11,17.19444465637207,11.088088035583496
2004-08-12,17.002222061157227,10.964128494262695
2004-08-13,17.028888702392578,10.981324195861816
2004-08-16,17.261110305786133,11.131075859069824
2004-08-17,17.376667022705078,11.205592155456543
2004-08-18,17.58222198486328,11.338150024414062
2004-08-19,17.601110458374023,11.350332260131836
2004-08-20,17.688888549804688,11.406935691833496
2004-08-23,17.78444480895996,11.468557357788086
2004-08-24,17.733333587646484,11.435600280761719
2004-08-25,17.94444465637207,11.571733474731445
2004-08-26,17.968889236450195,11.58749771118164
2004-08-27,17.935556411743164,11.56600284576416
2004-08-30,17.83888816833496,11.503665924072266
2004-08-31,17.916667938232422,11.553824424743652
2004-09-01,18.064443588256836,11.649115562438965
2004-09-02,18.288888931274414,11.79385757446289
2004-09-03,18.094444274902344,11.668460845947266
2004-09-07,18.233333587646484,11.758024215698242
2004-09-08,18.22222137451172,11.750862121582031
2004-09-09,18.27777862548828,11.786689758300781
2004-09-10,18.45111083984375,11.89846420288086
2004-09-13,18.6200008392334,12.007375717163086
2004-09-14,18.613332748413086,12.003077507019043
2004-09-15,18.531110763549805,11.950051307678223
2004-09-16,18.76333236694336,12.099807739257812
2004-09-17,18.88888931274414,12.180769920349121
2004-09-20,18.907777786254883,12.192952156066895
2004-09-21,19.10555648803711,12.320497512817383
2004-09-22,18.816667556762695,12.134199142456055
2004-09-23,18.899999618530273,12.187939643859863
2004-09-24,18.84666633605957,12.153547286987305
2004-09-27,18.73444366455078,12.081175804138184
2004-09-28,18.96666717529297,12.23093032836914
2004-09-29,19.066667556762695,12.295417785644531
2004-09-30,19.166667938232422,12.359903335571289
2004-10-01,19.53333282470703,12.59635066986084
2004-10-04,19.866666793823242,12.811306953430176
2004-10-05,19.719999313354492,12.716726303100586
2004-10-06,19.947778701782227,12.863614082336426
2004-10-07,19.77777862548828,12.753988265991211
2004-10-08,19.633333206176758,12.66083812713623
2004-10-11,19.73555564880371,12.726760864257812
2004-10-12,19.4244441986084,12.52613639831543
2004-10-13,19.16111183166504,12.356319427490234
2004-10-14,18.899999618530273,12.187939643859863
2004-10-15,19.1522216796875,12.350584030151367
2004-10-18,19.35555648803711,12.481714248657227
2004-10-19,19.262222290039062,12.421523094177246
2004-10-20,19.141111373901367,12.343421936035156
2004-10-21,19.416667938232422,12.521117210388184
2004-10-22,19.27777862548828,12.43155574798584
2004-10-25,19.329999923706055,12.465232849121094
2004-10-26,19.399999618530273,12.510367393493652
2004-10-27,19.733333587646484,12.72532844543457
2004-10-28,19.635555267333984,12.662266731262207
2004-10-29,19.712221145629883,12.711708068847656
2004-11-01,19.858888626098633,12.806290626525879
2004-11-02,19.904443740844727,12.835667610168457
2004-11-03,20.19444465637207,13.022680282592773
2004-11-04,20.5,13.219724655151367
2004-11-05,20.577777862548828,13.269875526428223
2004-11-08,20.345556259155273,13.120125770568848
2004-11-09,20.476667404174805,13.204675674438477
2004-11-10,20.5,13.219724655151367
2004-11-11,20.733333587646484,13.370189666748047
2004-11-12,21.083332061767578,13.595893859863281
2004-11-15,21.10333251953125,13.60878849029541
2004-11-16,20.86222267150879,13.45330810546875
2004-11-17,21.333332061767578,13.757113456726074
2004-11-18,21.372222900390625,13.78219223022461
2004-11-19,21.066667556762695,13.585144996643066
2004-11-22,21.148889541625977,13.638166427612305
2004-11-23,21.185556411743164,13.661808967590332
2004-11-24,21.41111183166504,13.80726146697998
2004-11-26,21.766666412353516,14.036548614501953
2004-11-29,21.633333206176758,13.95057201385498
2004-11-30,21.67333221435547,13.976362228393555
2004-12-01,21.83888816833496,14.083120346069336
2004-12-02,21.80666732788086,14.062342643737793
2004-12-03,21.905555725097656,14.126114845275879
2004-12-06,21.87444305419922,14.106053352355957
2004-12-07,21.538888931274414,13.889664649963379
2004-12-08,21.425556182861328,13.816575050354004
2004-12-09,21.07666778564453,13.591593742370605
2004-12-10,21.05555534362793,13.577980041503906
2004-12-13,21.37555694580078,13.784341812133789
2004-12-14,21.572221755981445,13.911161422729492
2004-12-15,21.871110916137695,14.103900909423828
2004-12-16,21.761110305786133,14.032970428466797
2004-12-17,21.711111068725586,14.000724792480469
2004-12-20,21.994443893432617,14.18343448638916
2004-12-21,22.205556869506836,14.319575309753418
2004-12-22,22.200000762939453,14.315986633300781
2004-12-23,22.081111907958984,14.41340160369873
2004-12-27,22.064443588256836,14.402514457702637
2004-12-28,22.17888832092285,14.477216720581055
2004-12-29,22.301111221313477,14.557000160217285
2004-12-30,22.244443893432617,14.520010948181152
2004-12-31,22.427778244018555,14.639680862426758
2005-01-03,22.19444465637207,14.487372398376465
2005-01-04,21.511110305786133,14.04133129119873
2005-01-05,21.247777938842773,13.869441986083984
2005-01-06,21.233333587646484,13.860015869140625
2005-01-07,21.274444580078125,13.886845588684082
2005-01-10,21.301111221313477,13.904253005981445
2005-01-11,21.261110305786133,13.878143310546875
2005-01-12,21.5222225189209,14.048578262329102
2005-01-13,21.433332443237305,13.990558624267578
2005-01-14,21.816667556762695,14.240781784057617
2005-01-18,21.77777862548828,14.215397834777832
2005-01-19,21.4777774810791,14.019566535949707
2005-01-20,21.211111068725586,13.845507621765137
2005-01-21,21.5,14.034077644348145
2005-01-24,21.46666717529297,14.012319564819336
2005-01-25,21.66111183166504,14.139239311218262
2005-01-26,21.9777774810791,14.345940589904785
2005-01-27,21.998889923095703,14.359728813171387
2005-01-28,22.018888473510742,14.37277889251709
2005-01-31,22.308889389038086,14.562080383300781
2005-02-01,22.5,14.686821937561035
2005-02-02,22.57111167907715,14.733243942260742
2005-02-03,22.54777717590332,14.718008041381836
2005-02-04,22.899999618530273,14.947924613952637
2005-02-07,22.97222137451172,14.995062828063965
2005-02-08,23.016666412353516,15.024076461791992
2005-02-09,22.942222595214844,14.975484848022461
2005-02-10,23.053333282470703,15.048011779785156
2005-02-11,23.27777862548828,15.194517135620117
2005-02-14,23.44444465637207,15.303305625915527
2005-02-15,23.5,15.339573860168457
2005-02-16,23.427778244018555,15.29243278503418
2005-02-17,23.38888931274414,15.267046928405762
2005-02-18,23.676666259765625,15.454896926879883
2005-02-22,23.59000015258789,15.398322105407715
2005-02-23,23.698888778686523,15.469395637512207
2005-02-24,24.066667556762695,15.709463119506836
2005-02-25,24.510000228881836,15.998848915100098
2005-02-28,24.468889236450195,15.972012519836426
2005-03-01,24.537778854370117,16.016979217529297
2005-03-02,24.133333206176758,15.752979278564453
2005-03-03,24.200000762939453,15.796497344970703
2005-03-04,24.488889694213867,15.985069274902344
2005-03-07,24.649999618530273,16.090232849121094
2005-03-08,24.462221145629883,15.967660903930664
2005-03-09,24.322221755981445,15.876275062561035
2005-03-10,24.08888816833496,15.723970413208008
2005-03-11,23.953332901000977,15.635483741760254
2005-03-14,23.770000457763672,15.515815734863281
2005-03-15,23.177778244018555,15.129244804382324
2005-03-16,22.981111526489258,15.000870704650879
2005-03-17,23.399999618530273,15.274301528930664
2005-03-18,23.294443130493164,15.205392837524414
2005-03-21,22.957778930664062,14.985639572143555
2005-03-22,22.53333282470703,14.708582878112793
2005-03-23,22.247777938842773,14.522188186645508
2005-03-24,22.22333335876465,14.506230354309082
2005-03-28,22.376667022705078,14.606322288513184
2005-03-29,21.79777717590332,14.228448867797852
2005-03-30,22.294443130493164,14.552650451660156
2005-03-31,22.53333282470703,14.708582878112793
2005-04-01,22.666667938232422,14.795613288879395
2005-04-04,22.71666717529297,14.8282470703125
2005-04-05,22.711111068725586,14.824625015258789
2005-04-06,23.0222225189209,15.027702331542969
2005-04-07,23.254444122314453,15.179283142089844
2005-04-08,23.14444351196289,15.1074800491333
2005-04-11,22.922222137451172,14.96242904663086
2005-04-12,23.211111068725586,15.15099811553955
2005-04-13,22.748889923095703,14.849289894104004
2005-04-14,22.166667938232422,14.469243049621582
2005-04-15,21.700000762939453,14.164627075195312
2005-04-18,21.956666946411133,14.332161903381348
2005-04-19,22.324443817138672,14.57222843170166
2005-04-20,21.79777717590332,14.228448867797852
2005-04-21,22.425556182861328,14.638233184814453
2005-04-22,22.177778244018555,14.476495742797852
2005-04-25,22.5977783203125,14.750650405883789
2005-04-26,22.366666793823242,14.599794387817383
2005-04-27,22.164443969726562,14.467794418334961
2005-04-28,21.811111450195312,14.237153053283691
2005-04-29,22.252222061157227,14.525089263916016
2005-05-02,22.399999618530273,14.621548652648926
2005-05-03,22.378889083862305,14.607769966125488
2005-05-04,22.988889694213867,15.005945205688477
2005-05-05,23.110000610351562,15.084999084472656
2005-05-06,23.172222137451172,15.125612258911133
2005-05-09,23.19333267211914,15.139399528503418
2005-05-10,22.672222137451172,14.799240112304688
2005-05-11,22.77777862548828,14.868143081665039
2005-05-12,22.38888931274414,14.614296913146973
2005-05-13,22.158889770507812,14.4641695022583
2005-05-16,22.422222137451172,14.636055946350098
2005-05-17,22.427778244018555,14.639680862426758
2005-05-18,22.87444305419922,14.931242942810059
2005-05-19,22.957778930664062,14.985639572143555
2005-05-20,22.899999618530273,14.947924613952637
2005-05-23,22.975555419921875,14.997246742248535
2005-05-24,22.908889770507812,14.953725814819336
2005-05-25,22.744443893432617,14.846383094787598
2005-05-26,23.0,15.013195037841797
2005-05-27,23.155555725097656,15.114733695983887
2005-05-31,22.955556869506836,14.984192848205566
2005-06-01,23.226667404174805,15.161149978637695
2005-06-02,23.40333366394043,15.276471138000488
2005-06-03,23.282222747802734,15.197417259216309
2005-06-06,23.516666412353516,15.350451469421387
2005-06-07,23.399999618530273,15.274301528930664
2005-06-08,23.311111450195312,15.216277122497559
2005-06-09,23.433332443237305,15.296052932739258
2005-06-10,23.5,15.339573860168457
2005-06-13,23.593332290649414,15.400498390197754
2005-06-14,23.690000534057617,15.463595390319824
2005-06-15,23.866666793823242,15.578909873962402
2005-06-16,24.079999923706055,15.718165397644043
2005-06-17,24.3700008392334,15.907465934753418
2005-06-20,24.149999618530273,15.763863563537598
2005-06-21,24.03333282470703,15.687704086303711
2005-06-22,24.260000228881836,15.83565902709961
2005-06-23,23.833332061767578,15.55715274810791
2005-06-24,23.75,15.502760887145996
2005-06-27,23.899999618530273,15.60067367553711
2005-06-28,24.079999923706055,15.718165397644043
2005-06-29,23.940000534057617,15.626776695251465
2005-06-30,23.866666793823242,15.578909873962402
2005-07-01,23.953332901000977,15.635483741760254
2005-07-05,24.059999465942383,15.705111503601074
2005-07-06,23.94333267211914,15.628951072692871
2005-07-07,24.01333236694336,15.674650192260742
2005-07-08,24.26333236694336,15.837838172912598
2005-07-11,24.633333206176758,16.079357147216797
2005-07-12,24.926666259765625,16.270824432373047
2005-07-13,24.90999984741211,16.259944915771484
2005-07-14,25.053333282470703,16.35350799560547
2005-07-15,24.916667938232422,16.264301300048828
2005-07-18,24.84000015258789,16.21425437927246
2005-07-19,25.123332977294922,16.399198532104492
2005-07-20,25.126667022705078,16.4013671875
2005-07-21,25.399999618530273,16.579792022705078
2005-07-22,25.34000015258789,16.540630340576172
2005-07-25,25.1200008392334,16.39702796936035
2005-07-26,25.26333236694336,16.49058723449707
2005-07-27,25.399999618530273,16.579792022705078
2005-07-28,25.71666717529297,16.786500930786133
2005-07-29,25.700000762939453,16.77562141418457
2005-08-01,26.1200008392334,17.049772262573242
2005-08-02,26.583332061767578,17.35221290588379
2005-08-03,26.516666412353516,17.308692932128906
2005-08-04,26.28333282470703,17.156383514404297
2005-08-05,25.799999237060547,16.840890884399414
2005-08-08,25.976667404174805,16.95621109008789
2005-08-09,26.5,17.297821044921875
2005-08-10,26.78333282470703,17.48276138305664
2005-08-11,26.633333206176758,17.384849548339844
2005-08-12,26.350000381469727,17.19990348815918
2005-08-15,26.53333282470703,17.319568634033203
2005-08-16,26.073333740234375,17.01931381225586
2005-08-17,26.09000015258789,17.030183792114258
2005-08-18,25.610000610351562,16.71687126159668
2005-08-19,25.510000228881836,16.65159034729004
2005-08-22,25.82666778564453,16.858304977416992
2005-08-23,25.583332061767578,16.699462890625
2005-08-24,25.25,16.48187828063965
2005-08-25,25.53333282470703,16.666828155517578
2005-08-26,25.5,16.645065307617188
2005-08-29,25.780000686645508,16.82784080505371
2005-08-30,25.510000228881836,16.65159034729004
2005-08-31,26.040000915527344,16.997554779052734
2005-09-01,26.399999618530273,17.2325439453125
2005-09-02,26.633333206176758,17.384849548339844
2005-09-06,26.96666717529297,17.602428436279297
2005-09-07,27.0,17.624189376831055
2005-09-08,26.956666946411133,17.595901489257812
2005-09-09,27.35333251953125,17.854827880859375
2005-09-12,27.31333351135254,17.828716278076172
2005-09-13,27.00666618347168,17.628541946411133
2005-09-14,26.90999984741211,17.565446853637695
2005-09-15,27.066667556762695,17.667707443237305
2005-09-16,27.483333587646484,17.939685821533203
2005-09-19,27.44333267211914,17.913576126098633
2005-09-20,27.516666412353516,17.961444854736328
2005-09-21,27.77666664123535,18.13116455078125
2005-09-22,27.5,17.950557708740234
2005-09-23,27.476667404174805,17.935331344604492
2005-09-26,27.719999313354492,18.094165802001953
2005-09-27,27.536666870117188,17.97449493408203
2005-09-28,27.850000381469727,18.179027557373047
2005-09-29,28.34000015258789,18.498870849609375
2005-09-30,28.293333053588867,18.46840476989746
2005-10-03,28.47333335876465,18.58590316772461
2005-10-04,28.206666946411133,18.411842346191406
2005-10-05,27.350000381469727,17.8526554107666
2005-10-06,26.393333435058594,17.228181838989258
2005-10-07,27.046667098999023,17.654645919799805
2005-10-10,26.956666946411133,17.595901489257812
2005-10-11,27.073333740234375,17.67205047607422
2005-10-12,26.24333381652832,17.13027572631836
2005-10-13,26.079999923706055,17.023662567138672
2005-10-14,25.979999542236328,16.95838737487793
2005-10-17,26.266666412353516,17.145505905151367
2005-10-18,25.600000381469727,16.710344314575195
2005-10-19,26.100000381469727,17.036724090576172
2005-10-20,25.049999237060547,16.351333618164062
2005-10-21,25.71666717529297,16.786500930786133
2005-10-24,26.40999984741211,17.23906898498535
2005-10-25,25.889999389648438,16.899639129638672
2005-10-26,25.983333587646484,16.960559844970703
2005-10-27,25.366666793823242,16.558034896850586
2005-10-28,26.03333282470703,16.993202209472656
2005-10-31,26.5,17.297821044921875
2005-11-01,26.96666717529297,17.602428436279297
2005-11-02,27.383333206176758,17.874414443969727
2005-11-03,27.413333892822266,17.893991470336914
2005-11-04,27.356666564941406,17.85700035095215
2005-11-07,27.376667022705078,17.87005043029785
2005-11-08,27.1200008392334,17.7025146484375
2005-11-09,27.52666664123535,17.967973709106445
2005-11-10,27.56999969482422,17.996253967285156
2005-11-11,27.6299991607666,18.035419464111328
2005-11-14,27.55666732788086,17.987546920776367
2005-11-15,27.399999618530273,17.885286331176758
2005-11-16,27.633333206176758,18.03759765625
2005-11-17,28.040000915527344,18.30303955078125
2005-11-18,28.116666793823242,18.353092193603516
2005-11-21,28.133333206176758,18.363967895507812
2005-11-22,28.1200008392334,18.35526466369629
2005-11-23,28.416667938232422,18.548913955688477
2005-11-25,28.39666748046875,18.535860061645508
2005-11-28,28.21666717529297,18.418365478515625
2005-11-29,27.96666717529297,18.255178451538086
2005-11-30,28.03333282470703,18.29869270324707
2005-12-01,28.766666412353516,18.777372360229492
2005-12-02,28.733333587646484,18.755619049072266
2005-12-05,28.96666717529297,18.907930374145508
2005-12-06,29.233333587646484,19.08199119567871
2005-12-07,28.956666946411133,18.90140151977539
2005-12-08,28.739999771118164,18.759965896606445
2005-12-09,29.03333282470703,18.951438903808594
2005-12-12,29.200000762939453,19.060237884521484
2005-12-13,29.583332061767578,19.31045150756836
2005-12-14,29.386667251586914,19.182085037231445
2005-12-15,29.266666412353516,19.103750228881836
2005-12-16,29.166667938232422,19.03847312927246
2005-12-19,29.100000381469727,18.99496078491211
2005-12-20,29.350000381469727,19.15814781188965
2005-12-21,29.82666778564453,19.469289779663086
2005-12-22,29.833332061767578,19.47364616394043
2005-12-23,29.68000030517578,19.589805603027344
2005-12-27,29.350000381469727,19.37200164794922
2005-12-28,29.43000030517578,19.4247989654541
2005-12-29,29.433332443237305,19.426998138427734
2005-12-30,29.416667938232422,19.415992736816406
2006-01-03,30.516666412353516,20.14204216003418
2006-01-04,30.793333053588867,20.324649810791016
2006-01-05,30.950000762939453,20.428049087524414
2006-01-06,31.59666633605957,20.854869842529297
2006-01-09,31.906667709350586,21.059486389160156
2006-01-10,31.523332595825195,20.806472778320312
2006-01-11,31.893333435058594,21.050676345825195
2006-01-12,31.450000762939453,20.758071899414062
2006-01-13,31.483333587646484,20.78006935119629
2006-01-17,30.933332443237305,20.41704750061035
2006-01-18,30.916667938232422,20.406047821044922
2006-01-19,31.916667938232422,21.06608772277832
2006-01-20,30.96666717529297,20.43904685974121
2006-01-23,31.866666793823242,21.0330810546875
2006-01-24,32.366668701171875,21.363100051879883
2006-01-25,32.383331298828125,21.374095916748047
2006-01-26,33.150001525878906,21.880125045776367
2006-01-27,33.529998779296875,22.130937576293945
2006-01-30,33.37333297729492,22.027528762817383
2006-01-31,33.59333419799805,22.172739028930664
2006-02-01,33.57666778564453,22.161745071411133
2006-02-02,32.71333312988281,21.591909408569336
2006-02-03,32.266666412353516,21.297090530395508
2006-02-06,33.03333282470703,21.803119659423828
2006-02-07,32.16666793823242,21.231098175048828
2006-02-08,32.266666412353516,21.297090530395508
2006-02-09,32.349998474121094,21.352096557617188
2006-02-10,32.29999923706055,21.3190975189209
2006-02-13,31.503332138061523,20.793270111083984
2006-02-14,32.29999923706055,21.3190975189209
2006-02-15,32.133331298828125,21.209091186523438
2006-02-16,32.96666717529297,21.759122848510742
2006-02-17,32.92333221435547,21.730520248413086
2006-02-21,32.633331298828125,21.539098739624023
2006-02-22,32.810001373291016,21.655712127685547
2006-02-23,32.79999923706055,21.64911460876465
2006-02-24,32.86333465576172,21.690916061401367
2006-02-27,33.163333892822266,21.88892936706543
2006-02-28,32.29999923706055,21.3190975189209
2006-03-01,33.19333267211914,21.90872573852539
2006-03-02,33.220001220703125,21.92632484436035
2006-03-03,32.66666793823242,21.561105728149414
2006-03-06,32.16666793823242,21.231098175048828
2006-03-07,31.03333282470703,20.483049392700195
2006-03-08,31.21666717529297,20.60406494140625
2006-03-09,30.899999618530273,20.395050048828125
2006-03-10,31.549999237060547,20.82406997680664
2006-03-13,31.516666412353516,20.802066802978516
2006-03-14,32.5,21.451101303100586
2006-03-15,32.87666702270508,21.69972038269043
2006-03-16,32.58333206176758,21.506103515625
2006-03-17,32.813331604003906,21.657915115356445
2006-03-20,33.0,21.78112030029297
2006-03-21,32.33333206176758,21.341096878051758
2006-03-22,32.689998626708984,21.576505661010742
2006-03-23,32.38666534423828,21.376298904418945
2006-03-24,32.66666793823242,21.561105728149414
2006-03-27,32.866668701171875,21.693115234375
2006-03-28,32.266666412353516,21.297090530395508
2006-03-29,32.883331298828125,21.70410919189453
2006-03-30,33.04999923706055,21.814119338989258
2006-03-31,33.0,21.78112030029297
2006-04-03,33.93333435058594,22.397151947021484
2006-04-04,34.133331298828125,22.529150009155273
2006-04-05,34.483333587646484,22.760173797607422
2006-04-06,34.30666732788086,22.6435604095459
2006-04-07,33.78333282470703,22.298141479492188
2006-04-10,33.66666793823242,22.221141815185547
2006-04-11,33.380001068115234,22.03193473815918
2006-04-12,33.573333740234375,22.159543991088867
2006-04-13,33.733333587646484,22.265148162841797
2006-04-17,34.133331298828125,22.529150009155273
2006-04-18,35.266666412353516,23.277193069458008
2006-04-19,35.483333587646484,23.42020034790039
2006-04-20,35.356666564941406,23.336599349975586
2006-04-21,35.633331298828125,23.519207000732422
2006-04-24,35.16666793823242,23.211191177368164
2006-04-25,34.68333435058594,22.89217758178711
2006-04-26,35.366668701171875,23.343204498291016
2006-04-27,34.810001373291016,22.975780487060547
2006-04-28,35.150001525878906,23.2001953125
2006-05-01,35.13999938964844,23.19359016418457
2006-05-02,35.7599983215332,23.602811813354492
2006-05-03,35.79999923706055,23.629215240478516
2006-05-04,36.150001525878906,23.860225677490234
2006-05-05,36.733333587646484,24.2452449798584
2006-05-08,37.0,24.42125701904297
2006-05-09,37.03333282470703,24.443252563476562
2006-05-10,36.633331298828125,24.179244995117188
2006-05-11,35.70000076293945,23.563209533691406
2006-05-12,34.766666412353516,22.947179794311523
2006-05-15,33.93333435058594,22.397151947021484
2006-05-16,34.10333251953125,22.509353637695312
2006-05-17,32.93333435058594,21.737119674682617
2006-05-18,32.29999923706055,21.3190975189209
2006-05-19,32.996665954589844,21.778919219970703
2006-05-22,31.44333267211914,20.753665924072266
2006-05-23,31.100000381469727,20.527053833007812
2006-05-24,30.883333206176758,20.384052276611328
2006-05-25,32.1966667175293,21.250892639160156
2006-05-26,32.099998474121094,21.187091827392578
2006-05-30,30.71666717529297,20.2740421295166
2006-05-31,31.233333587646484,20.61505699157715
2006-06-01,31.873332977294922,21.037485122680664
2006-06-02,32.20000076293945,21.25309181213379
2006-06-05,30.833332061767578,20.351043701171875
2006-06-06,30.606666564941406,20.201438903808594
2006-06-07,29.933332443237305,19.75701332092285
2006-06-08,29.399999618530273,19.404998779296875
2006-06-09,29.016666412353516,19.151988983154297
2006-06-12,27.93666648864746,18.43914222717285
2006-06-13,27.316667556762695,18.029926300048828
2006-06-14,28.100000381469727,18.546955108642578
2006-06-15,29.73666763305664,19.627212524414062
2006-06-16,29.566667556762695,19.5150089263916
2006-06-19,28.46666717529297,18.788969039916992
2006-06-20,28.816667556762695,19.019973754882812
2006-06-21,29.75,19.636011123657227
2006-06-22,29.21666717529297,19.283992767333984
2006-06-23,29.166667938232422,19.25098991394043
2006-06-26,29.166667938232422,19.25098991394043
2006-06-27,28.616666793823242,18.887969970703125
2006-06-28,29.51333236694336,19.47980308532715
2006-06-29,31.266666412353516,20.637062072753906
2006-06-30,31.299999237060547,20.65906524658203
2006-07-03,31.99333381652832,21.116687774658203
2006-07-05,31.0,20.461048126220703
2006-07-06,31.633333206176758,20.879066467285156
2006-07-07,31.03333282470703,20.483049392700195
2006-07-10,31.28333282470703,20.64806365966797
2006-07-11,31.433332443237305,20.747072219848633
2006-07-12,30.733333587646484,20.28504180908203
2006-07-13,29.516666412353516,19.481996536254883
2006-07-14,29.666667938232422,19.58100700378418
2006-07-17,29.200000762939453,19.27298355102539
2006-07-18,29.606666564941406,19.541400909423828
2006-07-19,31.433332443237305,20.747072219848633
2006-07-20,30.530000686645508,20.150842666625977
2006-07-21,29.93666648864746,19.759218215942383
2006-07-24,31.28333282470703,20.64806365966797
2006-07-25,31.366666793823242,20.70306396484375
2006-07-26,31.233333587646484,20.61505699157715
2006-07-27,31.663333892822266,20.89887237548828
2006-07-28,32.34333419799805,21.34769630432129
2006-07-31,32.03333282470703,21.14308738708496
2006-08-01,31.516666412353516,20.802066802978516
2006-08-02,31.933332443237305,21.077075958251953
2006-08-03,31.899999618530273,21.05507469177246
2006-08-04,31.96666717529297,21.099084854125977
2006-08-07,31.766666412353516,20.967071533203125
2006-08-08,31.766666412353516,20.967071533203125
2006-08-09,31.886667251586914,21.04628562927246
2006-08-10,32.21333312988281,21.261892318725586
2006-08-11,31.823333740234375,21.00447654724121
2006-08-14,31.950000762939453,21.088083267211914
2006-08-15,32.733333587646484,21.60511016845703
2006-08-16,33.0533332824707,21.81632423400879
2006-08-17,33.099998474121094,21.84712028503418
2006-08-18,32.78666687011719,21.640310287475586
2006-08-21,32.616668701171875,21.528108596801758
2006-08-22,32.606666564941406,21.521512985229492
2006-08-23,32.016666412353516,21.1320858001709
2006-08-24,31.93000030517578,21.07488250732422
2006-08-25,32.02000045776367,21.134288787841797
2006-08-28,32.383331298828125,21.374095916748047
2006-08-29,32.49333190917969,21.44670867919922
2006-08-30,32.633331298828125,21.539098739624023
2006-08-31,32.540000915527344,21.477508544921875
2006-09-01,32.9033317565918,21.717313766479492
2006-09-05,33.08333206176758,21.83612632751465
2006-09-06,32.133331298828125,21.209091186523438
2006-09-07,31.766666412353516,20.967071533203125
2006-09-08,32.026668548583984,21.138690948486328
2006-09-11,31.336666107177734,20.683259963989258
2006-09-12,31.873332977294922,21.037485122680664
2006-09-13,32.349998474121094,21.352096557617188
2006-09-14,32.08333206176758,21.17609405517578
2006-09-15,32.27333450317383,21.301490783691406
2006-09-18,32.63666534423828,21.541305541992188
2006-09-19,32.133331298828125,21.209091186523438
2006-09-20,32.793331146240234,21.64470863342285
2006-09-21,31.99333381652832,21.116687774658203
2006-09-22,31.586666107177734,20.848270416259766
2006-09-25,31.953332901000977,21.090286254882812
2006-09-26,32.33000183105469,21.33889389038086
2006-09-27,32.25666809082031,21.290496826171875
2006-09-28,32.516666412353516,21.46210479736328
2006-09-29,32.25666809082031,21.290496826171875
2006-10-02,32.20333480834961,21.255294799804688
2006-10-03,31.766666412353516,20.967071533203125
2006-10-04,32.616668701171875,21.528108596801758
2006-10-05,33.04999923706055,21.814119338989258
2006-10-06,32.96666717529297,21.759122848510742
2006-10-09,32.84333419799805,21.67771339416504
2006-10-10,33.13999938964844,21.873517990112305
2006-10-11,32.96333312988281,21.756921768188477
2006-10-12,33.766666412353516,22.28714370727539
2006-10-13,33.96666717529297,22.419151306152344
2006-10-16,34.060001373291016,22.48076057434082
2006-10-17,33.61333465576172,22.18593978881836
2006-10-18,33.94333267211914,22.40375518798828
2006-10-19,34.09333419799805,22.50275993347168
2006-10-20,33.93333435058594,22.397151947021484
2006-10-23,33.9033317565918,22.37734603881836
2006-10-24,34.0966682434082,22.50495719909668
2006-10-25,34.49333190917969,22.76677131652832
2006-10-26,34.57666778564453,22.821765899658203
2006-10-27,34.0,22.44115447998047
2006-10-30,33.883331298828125,22.36414337158203
2006-10-31,34.53333282470703,22.793170928955078
2006-11-01,34.186668395996094,22.56435775756836
2006-11-02,34.293331146240234,22.634765625
2006-11-03,34.400001525878906,22.705162048339844
2006-11-06,35.21666717529297,23.244197845458984
2006-11-07,35.06666564941406,23.145187377929688
2006-11-08,35.15666580200195,23.204593658447266
2006-11-09,35.276668548583984,23.283802032470703
2006-11-10,35.32666778564453,23.316808700561523
2006-11-13,35.4466667175293,23.3960018157959
2006-11-14,36.0,23.761215209960938
2006-11-15,36.06666564941406,23.80522346496582
2006-11-16,35.70333480834961,23.565418243408203
2006-11-17,35.663333892822266,23.539011001586914
2006-11-20,35.52333450317383,23.44660758972168
2006-11-21,36.09000015258789,23.820621490478516
2006-11-22,36.34333419799805,23.987831115722656
2006-11-24,36.336666107177734,23.983428955078125
2006-11-27,35.650001525878906,23.530210494995117
2006-11-28,35.856666564941406,23.6666202545166
2006-11-29,36.436668395996094,24.04944610595703
2006-11-30,36.599998474121094,24.157241821289062
2006-12-01,36.45000076293945,24.058242797851562
2006-12-04,37.209999084472656,24.559860229492188
2006-12-05,37.86000061035156,24.988887786865234
2006-12-06,37.599998474121094,24.817277908325195
2006-12-07,37.46666717529297,24.72926902770996
2006-12-08,37.29999923706055,24.619266510009766
2006-12-11,37.31666564941406,24.63026237487793
2006-12-12,36.866668701171875,24.333251953125
2006-12-13,37.06666564941406,24.46526527404785
2006-12-14,37.70000076293945,24.883275985717773
2006-12-15,37.866668701171875,24.9932861328125
2006-12-18,37.60333251953125,24.819477081298828
2006-12-19,37.366668701171875,24.66326904296875
2006-12-20,37.25,24.936168670654297
2006-12-21,37.18333435058594,24.89154624938965
2006-12-22,37.31666564941406,24.980796813964844
2006-12-26,37.663333892822266,25.212867736816406
2006-12-27,38.20000076293945,25.572124481201172
2006-12-28,38.12666702270508,25.523033142089844
2006-12-29,38.05666732788086,25.476177215576172
2007-01-03,38.380001068115234,25.692623138427734
2007-01-04,37.849998474121094,25.337820053100586
2007-01-05,36.74333190917969,24.596994400024414
2007-01-08,37.0099983215332,24.775510787963867
2007-01-09,36.18333435058594,24.222116470336914
2007-01-10,36.099998474121094,24.166324615478516
2007-01-11,36.55666732788086,24.472034454345703
2007-01-12,37.29999923706055,24.969640731811523
2007-01-16,37.43333435058594,25.05889892578125
2007-01-17,37.276668548583984,24.95401954650879
2007-01-18,36.883331298828125,24.690711975097656
2007-01-19,37.54666519165039,25.134763717651367
2007-01-22,37.503334045410156,25.10576057434082
2007-01-23,38.356666564941406,25.6770076751709
2007-01-24,38.689998626708984,25.900146484375
2007-01-25,37.5,25.103519439697266
2007-01-26,37.72999954223633,25.25749397277832
2007-01-29,37.22999954223633,24.92278289794922
2007-01-30,37.80666732788086,25.308822631835938
2007-01-31,38.099998474121094,25.505184173583984
2007-02-01,38.56666564941406,25.817583084106445
2007-02-02,38.45000076293945,25.739479064941406
2007-02-05,38.48666763305664,25.7640380859375
2007-02-06,38.866668701171875,26.01840591430664
2007-02-07,38.71666717529297,25.917999267578125
2007-02-08,38.5099983215332,25.779640197753906
2007-02-09,38.04999923706055,25.47171401977539
2007-02-12,37.790000915527344,25.297666549682617
2007-02-13,38.38999938964844,25.699312210083008
2007-02-14,39.21666717529297,26.252708435058594
2007-02-15,39.2400016784668,26.26833724975586
2007-02-16,39.33000183105469,26.32857322692871
2007-02-20,39.43333435058594,26.397750854492188
2007-02-21,39.54999923706055,26.475854873657227
2007-02-22,39.45000076293945,26.40891456604004
2007-02-23,39.16666793823242,26.21923828125
2007-02-26,39.150001525878906,26.208087921142578
2007-02-27,35.96666717529297,24.07707405090332
2007-02-28,36.866668701171875,24.679555892944336
2007-03-01,36.336666107177734,24.32476043701172
2007-03-02,36.0,24.099380493164062
2007-03-05,35.07666778564453,23.481281280517578
2007-03-06,36.616668701171875,24.51219940185547
2007-03-07,36.393333435058594,24.362688064575195
2007-03-08,37.33333206176758,24.991954803466797
2007-03-09,37.400001525878906,25.036582946777344
2007-03-12,37.58333206176758,25.15931510925293
2007-03-13,36.4900016784668,24.427406311035156
2007-03-14,36.790000915527344,24.628238677978516
2007-03-15,37.09000015258789,24.829063415527344
2007-03-16,36.77333450317383,24.61708641052246
2007-03-19,37.58000183105469,25.157081604003906
2007-03-20,37.82666778564453,25.32220458984375
2007-03-21,38.959999084472656,26.080896377563477
2007-03-22,38.793331146240234,25.96932029724121
2007-03-23,38.973331451416016,26.089826583862305
2007-03-26,38.95000076293945,26.074203491210938
2007-03-27,38.776668548583984,25.958160400390625
2007-03-28,38.08333206176758,25.494028091430664
2007-03-29,38.84000015258789,26.000564575195312
2007-03-30,38.83333206176758,25.996095657348633
2007-04-02,39.099998474121094,26.174606323242188
2007-04-03,39.7400016784668,26.60305404663086
2007-04-04,39.9900016784668,26.770404815673828
2007-04-05,40.026668548583984,26.79494285583496
2007-04-09,40.25666809082031,26.94891357421875
2007-04-10,40.4466667175293,27.076099395751953
2007-04-11,40.073333740234375,26.82619285583496
2007-04-12,40.74333190917969,27.27469825744629
2007-04-13,40.94333267211914,27.408588409423828
2007-04-16,41.43000030517578,27.734376907348633
2007-04-17,41.206668853759766,27.584867477416992
2007-04-18,40.900001525878906,27.37958526611328
2007-04-19,40.56999969482422,27.15867042541504
2007-04-20,41.0533332824707,27.48223304748535
2007-04-23,40.88999938964844,27.372886657714844
2007-04-24,40.883331298828125,27.368417739868164
2007-04-25,41.38999938964844,27.707590103149414
2007-04-26,41.279998779296875,27.633955001831055
2007-04-27,41.073333740234375,27.495615005493164
2007-04-30,40.279998779296875,26.964536666870117
2007-05-01,40.439998626708984,27.071640014648438
2007-05-02,41.24333190917969,27.609411239624023
2007-05-03,41.59000015258789,27.841482162475586
2007-05-04,41.57666778564453,27.832565307617188
2007-05-07,41.8466682434082,28.013303756713867
2007-05-08,41.3033332824707,27.649585723876953
2007-05-09,41.970001220703125,28.095867156982422
2007-05-10,40.94333267211914,27.408588409423828
2007-05-11,41.983333587646484,28.104793548583984
2007-05-14,41.56666564941406,27.825870513916016
2007-05-15,41.616668701171875,27.859336853027344
2007-05-16,42.220001220703125,28.26323127746582
2007-05-17,42.06666564941406,28.160581588745117
2007-05-18,42.28333282470703,28.305627822875977
2007-05-21,42.36000061035156,28.356945037841797
2007-05-22,42.366668701171875,28.36140251159668
2007-05-23,42.29999923706055,28.316781997680664
2007-05-24,41.28333282470703,27.636194229125977
2007-05-25,41.91666793823242,28.060165405273438
2007-05-29,41.77333450317383,27.964218139648438
2007-05-30,42.20000076293945,28.24983024597168
2007-05-31,42.31999969482422,28.330163955688477
2007-06-01,43.37666702270508,29.037534713745117
2007-06-04,43.18333435058594,28.908109664916992
2007-06-05,43.03333282470703,28.80768585205078
2007-06-06,41.95000076293945,28.082481384277344
2007-06-07,41.3033332824707,27.649585723876953
2007-06-08,42.03333282470703,28.138275146484375
2007-06-11,42.393333435058594,28.379261016845703
2007-06-12,41.65666580200195,27.886117935180664
2007-06-13,42.4900016784668,28.443967819213867
2007-06-14,43.15666580200195,28.890256881713867
2007-06-15,44.13999938964844,29.54852867126465
2007-06-18,44.18000030517578,29.575302124023438
2007-06-19,44.22999954223633,29.608766555786133
2007-06-20,43.85333251953125,29.35662841796875
2007-06-21,44.400001525878906,29.722585678100586
2007-06-22,43.813331604003906,29.329835891723633
2007-06-25,43.47999954223633,29.10671043395996
2007-06-26,43.099998474121094,28.852319717407227
2007-06-27,43.71333312988281,29.26290512084961
2007-06-28,43.723331451416016,29.26959991455078
2007-06-29,43.87666702270508,29.37224769592285
2007-07-02,44.766666412353516,29.968034744262695
2007-07-03,45.12333297729492,30.20679473876953
2007-07-05,45.323333740234375,30.340686798095703
2007-07-06,46.099998474121094,30.860614776611328
2007-07-09,46.54666519165039,31.159616470336914
2007-07-10,45.630001068115234,30.54596519470215
2007-07-11,46.00666809082031,30.798112869262695
2007-07-12,47.016666412353516,31.474246978759766
2007-07-13,47.599998474121094,31.864744186401367
2007-07-16,47.133331298828125,31.55234718322754
2007-07-17,47.0966682434082,31.527790069580078
2007-07-18,46.52000045776367,31.14176368713379
2007-07-19,46.983333587646484,31.451936721801758
2007-07-20,46.65999984741211,31.235485076904297
2007-07-23,48.0099983215332,32.13920593261719
2007-07-24,46.366668701171875,31.039108276367188
2007-07-25,46.633331298828125,31.217632293701172
2007-07-26,44.25666809082031,29.626625061035156
2007-07-27,43.68333435058594,29.242828369140625
2007-07-30,45.11333465576172,30.200109481811523
2007-07-31,44.189998626708984,29.582008361816406
2007-08-01,44.016666412353516,29.46596336364746
2007-08-02,44.503334045410156,29.7917537689209
2007-08-03,42.58333206176758,28.506444931030273
2007-08-06,43.34333419799805,29.015220642089844
2007-08-07,43.66666793823242,29.231664657592773
2007-08-08,45.133331298828125,30.213489532470703
2007-08-09,43.266666412353516,28.96390151977539
2007-08-10,42.516666412353516,28.46182632446289
2007-08-13,42.936668395996094,28.74298667907715
2007-08-14,41.82666778564453,27.999916076660156
2007-08-15,40.18333435058594,26.899831771850586
2007-08-16,39.5,26.4423828125
2007-08-17,40.75,27.2791690826416
2007-08-20,40.83333206176758,27.334943771362305
2007-08-21,40.68333435058594,27.234540939331055
2007-08-22,42.43333435058594,28.406038284301758
2007-08-23,42.650001525878906,28.551076889038086
2007-08-24,43.66666793823242,29.231664657592773
2007-08-27,43.866668701171875,29.365550994873047
2007-08-28,42.08333206176758,28.17174530029297
2007-08-29,43.75,29.287458419799805
2007-08-30,43.526668548583984,29.137937545776367
2007-08-31,44.650001525878906,29.889936447143555
2007-09-04,45.4033317565918,30.394224166870117
2007-09-05,44.71666717529297,29.93455696105957
2007-09-06,45.06666564941406,30.16885757446289
2007-09-07,44.04999923706055,29.488279342651367
2007-09-10,44.08333206176758,29.51059341430664
2007-09-11,44.973331451416016,30.10637092590332
2007-09-12,45.133331298828125,30.213489532470703
2007-09-13,45.633331298828125,30.548200607299805
2007-09-14,45.723331451416016,30.608457565307617
2007-09-17,45.43333435058594,30.414308547973633
2007-09-18,47.633331298828125,31.887054443359375
2007-09-19,47.849998474121094,32.0321044921875
2007-09-20,47.70000076293945,31.93168830871582
2007-09-21,48.33333206176758,32.35565948486328
2007-09-24,48.93333435058594,32.75732421875
2007-09-25,48.75,32.634586334228516
2007-09-26,49.400001525878906,33.06971740722656
2007-09-27,50.133331298828125,33.56062316894531
2007-09-28,49.81666564941406,33.3486328125
2007-10-01,51.383331298828125,34.39741897583008
2007-10-02,51.733333587646484,34.631710052490234
2007-10-03,50.16666793823242,33.58294677734375
2007-10-04,50.66666793823242,33.91764831542969
2007-10-05,52.356666564941406,35.04899215698242
2007-10-08,51.79999923706055,34.67633056640625
2007-10-09,52.606666564941406,35.21635055541992
2007-10-10,52.676666259765625,35.263206481933594
2007-10-11,52.21333312988281,34.95304489135742
2007-10-12,53.16666793823242,35.59122848510742
2007-10-15,52.516666412353516,35.15610122680664
2007-10-16,51.543331146240234,34.504520416259766
2007-10-17,52.733333587646484,35.30113220214844
2007-10-18,53.0,35.47965621948242
2007-10-19,50.733333587646484,33.9622802734375
2007-10-22,51.099998474121094,34.20773696899414
2007-10-23,52.516666412353516,35.15610122680664
2007-10-24,52.17333221435547,34.9262580871582
2007-10-25,52.836666107177734,35.37031936645508
2007-10-26,54.33333206176758,36.372230529785156
2007-10-29,55.58333206176758,37.209007263183594
2007-10-30,54.53333282470703,36.506099700927734
2007-10-31,55.72999954223633,37.307186126708984
2007-11-01,53.47999954223633,35.80097198486328
2007-11-02,53.78333282470703,36.00403594970703
2007-11-05,51.913333892822266,34.75221252441406
2007-11-06,53.883331298828125,36.07097625732422
2007-11-07,52.16666793823242,34.92180252075195
2007-11-08,52.43333435058594,35.10031509399414
2007-11-09,51.20000076293945,34.274688720703125
2007-11-12,48.366668701171875,32.37797546386719
2007-11-13,51.78333282470703,34.66517639160156
2007-11-14,51.83333206176758,34.69865798950195
2007-11-15,50.63999938964844,33.899803161621094
2007-11-16,51.266666412353516,34.319305419921875
2007-11-19,48.9033317565918,32.73722839355469
2007-11-20,50.246665954589844,33.636497497558594
2007-11-21,47.71666717529297,31.942846298217773
2007-11-23,49.12666702270508,32.886749267578125
2007-11-26,47.176666259765625,31.581350326538086
2007-11-27,48.983333587646484,32.79079055786133
2007-11-28,51.66666793823242,34.58708572387695
2007-11-29,51.03333282470703,34.163108825683594
2007-11-30,51.46666717529297,34.45319366455078
2007-12-03,51.02000045776367,34.15418243408203
2007-12-04,50.88666534423828,34.06492233276367
2007-12-05,53.14666748046875,35.57783126831055
2007-12-06,53.983333587646484,36.13792419433594
2007-12-07,53.34333419799805,35.70948791503906
2007-12-10,53.36000061035156,35.72063446044922
2007-12-11,51.099998474121094,34.20773696899414
2007-12-12,52.633331298828125,35.234188079833984
2007-12-13,51.186668395996094,34.265750885009766
2007-12-14,49.96666717529297,33.44906234741211
2007-12-17,47.836666107177734,32.02317428588867
2007-12-18,49.150001525878906,32.90235900878906
2007-12-19,49.470001220703125,33.116573333740234
2007-12-20,49.7400016784668,33.29732131958008
2007-12-21,51.2400016784668,34.30146026611328
2007-12-24,51.4466667175293,34.881614685058594
2007-12-26,51.71333312988281,35.062416076660156
2007-12-27,50.52000045776367,34.25332260131836
2007-12-28,50.709999084472656,34.38214111328125
2007-12-31,50.099998474121094,33.96855926513672
2008-01-02,49.27333450317383,33.408058166503906
2008-01-03,49.71666717529297,33.70863723754883
2008-01-04,48.223331451416016,32.69615173339844
2008-01-07,48.57666778564453,32.93571090698242
2008-01-08,48.20000076293945,32.680328369140625
2008-01-09,49.779998779296875,33.7515869140625
2008-01-10,50.366668701171875,34.14936828613281
2008-01-11,48.95000076293945,33.18882751464844
2008-01-14,49.66999816894531,33.67700958251953
2008-01-15,47.42333221435547,32.15373229980469
2008-01-16,45.45000076293945,30.815786361694336
2008-01-17,44.12666702270508,29.918540954589844
2008-01-18,45.133331298828125,30.601078033447266
2008-01-22,44.0,29.832664489746094
2008-01-23,44.279998779296875,30.022499084472656
2008-01-24,45.13999938964844,30.605594635009766
2008-01-25,44.45333480834961,30.140029907226562
2008-01-28,45.5533332824707,30.885848999023438
2008-01-29,45.33000183105469,30.734426498413086
2008-01-30,44.733333587646484,30.329877853393555
2008-01-31,45.630001068115234,30.937824249267578
2008-02-01,46.540000915527344,31.554824829101562
2008-02-04,46.68333435058594,31.651996612548828
2008-02-05,44.16999816894531,29.947925567626953
2008-02-06,43.4466667175293,29.45748519897461
2008-02-07,44.18333435058594,29.95695686340332
2008-02-08,44.099998474121094,29.900463104248047
2008-02-11,44.64666748046875,30.271116256713867
2008-02-12,45.366668701171875,30.759292602539062
2008-02-13,46.38666534423828,31.450862884521484
2008-02-14,45.790000915527344,31.046316146850586
2008-02-15,46.116668701171875,31.267789840698242
2008-02-19,46.720001220703125,31.676860809326172
2008-02-20,47.11000061035156,31.9412899017334
2008-02-21,46.45000076293945,31.493797302246094
2008-02-22,47.073333740234375,31.916439056396484
2008-02-25,47.95000076293945,32.51081848144531
2008-02-26,48.58333206176758,32.94023132324219
2008-02-27,48.99333190917969,33.21821975708008
2008-02-28,48.46666717529297,32.86112976074219
2008-02-29,46.540000915527344,31.554824829101562
2008-03-03,46.793331146240234,31.72658348083496
2008-03-04,45.706668853759766,30.989809036254883
2008-03-05,46.66666793823242,31.64069938659668
2008-03-06,45.06666564941406,30.555875778198242
2008-03-07,44.44333267211914,30.133251190185547
2008-03-10,43.663333892822266,29.60440444946289
2008-03-11,46.599998474121094,31.595500946044922
2008-03-12,45.73666763305664,31.010149002075195
2008-03-13,45.31999969482422,30.727636337280273
2008-03-14,43.71333312988281,29.63829803466797
2008-03-17,42.633331298828125,28.906042098999023
2008-03-18,44.849998474121094,30.408977508544922
2008-03-19,42.15666580200195,28.582860946655273
2008-03-20,42.866668701171875,29.064247131347656
2008-03-24,44.5099983215332,30.17844581604004
2008-03-25,45.19333267211914,30.641754150390625
2008-03-26,44.82666778564453,30.393156051635742
2008-03-27,44.61000061035156,30.246246337890625
2008-03-28,44.529998779296875,30.19200897216797
2008-03-31,44.793331146240234,30.370563507080078
2008-04-01,46.51333236694336,31.536745071411133
2008-04-02,46.54666519165039,31.559349060058594
2008-04-03,47.11333465576172,31.943552017211914
2008-04-04,46.92333221435547,31.814725875854492
2008-04-07,47.54666519165039,32.237369537353516
2008-04-08,47.28666687011719,32.06108093261719
2008-04-09,46.54999923706055,31.56159210205078
2008-04-10,47.21666717529297,32.01361846923828
2008-04-11,46.4466667175293,31.49153709411621
2008-04-14,46.336666107177734,31.416954040527344
2008-04-15,46.880001068115234,31.78533935546875
2008-04-16,48.266666412353516,32.72551727294922
2008-04-17,47.91666793823242,32.48822784423828
2008-04-18,48.63999938964844,32.9786376953125
2008-04-21,48.88666534423828,33.14590072631836
2008-04-22,48.43333435058594,32.838531494140625
2008-04-23,49.130001068115234,33.310882568359375
2008-04-24,48.5,32.883731842041016
2008-04-25,48.856666564941406,33.12556838989258
2008-04-28,48.76333236694336,33.06227493286133
2008-04-29,47.900001525878906,32.476924896240234
2008-04-30,48.88666534423828,33.14590072631836
2008-05-01,49.40666580200195,33.49845504760742
2008-05-02,49.880001068115234,33.81938552856445
2008-05-05,49.84333419799805,33.794525146484375
2008-05-06,50.400001525878906,34.171966552734375
2008-05-07,48.900001525878906,33.15492630004883
2008-05-08,49.4033317565918,33.496192932128906
2008-05-09,49.0,33.222740173339844
2008-05-12,49.630001068115234,33.6498908996582
2008-05-13,49.866668701171875,33.81034851074219
2008-05-14,49.98666763305664,33.8917121887207
2008-05-15,51.04999923706055,34.61265563964844
2008-05-16,51.70000076293945,35.053375244140625
2008-05-19,51.709999084472656,35.060157775878906
2008-05-20,50.813331604003906,34.45220947265625
2008-05-21,50.29666519165039,34.101905822753906
2008-05-22,50.44333267211914,34.20133972167969
2008-05-23,49.563331604003906,33.60468292236328
2008-05-27,49.483333587646484,33.55044937133789
2008-05-28,50.150001525878906,34.00246047973633
2008-05-29,50.2599983215332,34.0770378112793
2008-05-30,50.43333435058594,34.19456481933594
2008-06-02,49.83333206176758,33.787750244140625
2008-06-03,48.93333435058594,33.17753982543945
2008-06-04,48.50666809082031,32.888248443603516
2008-06-05,50.04999923706055,33.934661865234375
2008-06-06,48.23666763305664,32.705177307128906
2008-06-09,48.11333465576172,32.62156295776367
2008-06-10,47.003334045410156,31.868976593017578
2008-06-11,46.29999923706055,31.392091751098633
2008-06-12,46.56999969482422,31.57516860961914
2008-06-13,47.073333740234375,31.916439056396484
2008-06-16,47.233333587646484,32.024906158447266
2008-06-17,47.43333435058594,32.160526275634766
2008-06-18,47.20333480834961,32.004581451416016
2008-06-19,47.276668548583984,32.05430221557617
2008-06-20,45.733333587646484,31.007884979248047
2008-06-23,45.866668701171875,31.098302841186523
2008-06-24,45.663333892822266,30.96041488647461
2008-06-25,46.04999923706055,31.58038330078125
2008-06-26,44.470001220703125,30.49683380126953
2008-06-27,44.900001525878906,30.791723251342773
2008-06-30,45.2400016784668,31.024892807006836
2008-07-01,44.43333435058594,30.4716854095459
2008-07-02,43.16666793823242,29.60302734375
2008-07-03,43.043331146240234,29.518447875976562
2008-07-07,42.88999938964844,29.413299560546875
2008-07-08,43.41666793823242,29.774478912353516
2008-07-09,42.540000915527344,29.17327880859375
2008-07-10,43.310001373291016,29.701339721679688
2008-07-11,43.02000045776367,29.502437591552734
2008-07-14,42.96666717529297,29.465879440307617
2008-07-15,42.25,28.974397659301758
2008-07-16,43.470001220703125,29.81105613708496
2008-07-17,43.67333221435547,29.950483322143555
2008-07-18,43.29666519165039,29.69217872619629
2008-07-21,43.83333206176758,30.060226440429688
2008-07-22,43.86000061035156,30.078508377075195
2008-07-23,43.92333221435547,30.121938705444336
2008-07-24,42.29999923706055,29.00868034362793
2008-07-25,42.59000015258789,29.207544326782227
2008-07-28,41.869998931884766,28.713788986206055
2008-07-29,44.189998626708984,30.3048152923584
2008-07-30,43.72999954223633,29.989355087280273
2008-07-31,42.75,29.317285537719727
2008-08-01,42.459999084472656,29.118423461914062
2008-08-04,41.15999984741211,28.226898193359375
2008-08-05,41.689998626708984,28.590347290039062
2008-08-06,42.52000045776367,29.15955352783203
2008-08-07,41.060001373291016,28.15831184387207
2008-08-08,41.15999984741211,28.226898193359375
2008-08-11,40.72999954223633,27.932003021240234
2008-08-12,40.38999938964844,27.698833465576172
2008-08-13,40.380001068115234,27.691972732543945
2008-08-14,40.90999984741211,28.05544662475586
2008-08-15,40.27000045776367,27.616527557373047
2008-08-18,39.59000015258789,27.150203704833984
2008-08-19,39.2599983215332,26.92389678955078
2008-08-20,40.2599983215332,27.609683990478516
2008-08-21,40.20000076293945,27.56853675842285
2008-08-22,40.16999816894531,27.547969818115234
2008-08-25,39.34000015258789,26.9787654876709
2008-08-26,39.40999984741211,27.026758193969727
2008-08-27,40.25,27.602834701538086
2008-08-28,40.529998779296875,27.794849395751953
2008-08-29,40.04999923706055,27.465660095214844
2008-09-02,38.84000015258789,26.635875701904297
2008-09-03,38.20000076293945,26.196971893310547
2008-09-04,36.439998626708984,24.9899845123291
2008-09-05,36.959999084472656,25.346588134765625
2008-09-08,37.41999816894531,25.66206169128418
2008-09-09,35.31999969482422,24.221906661987305
2008-09-10,35.88999938964844,24.612808227539062
2008-09-11,35.36000061035156,24.249340057373047
2008-09-12,36.540000915527344,25.058565139770508
2008-09-15,33.66999816894531,23.090364456176758
2008-09-16,33.959999084472656,23.289241790771484
2008-09-17,31.549999237060547,21.636499404907227
2008-09-18,34.209999084472656,23.460689544677734
2008-09-19,38.470001220703125,26.38213348388672
2008-09-22,35.959999084472656,24.660812377929688
2008-09-23,34.84000015258789,23.89273452758789
2008-09-24,35.2400016784668,24.167055130004883
2008-09-25,37.04999923706055,25.4083194732666
2008-09-26,35.790000915527344,24.544233322143555
2008-09-29,31.610000610351562,21.677650451660156
2008-09-30,34.16999816894531,23.433258056640625
2008-10-01,34.58000183105469,23.714427947998047
2008-10-02,31.549999237060547,21.636499404907227
2008-10-03,30.719999313354492,21.067296981811523
2008-10-06,28.40999984741211,19.483139038085938
2008-10-07,26.200000762939453,17.96755027770996
2008-10-08,26.200000762939453,17.96755027770996
2008-10-09,24.270000457763672,16.64399528503418
2008-10-10,24.549999237060547,16.836013793945312
2008-10-13,30.139999389648438,20.66954231262207
2008-10-14,28.639999389648438,19.640865325927734
2008-10-15,24.010000228881836,16.465686798095703
2008-10-16,25.190000534057617,17.274911880493164
2008-10-17,24.399999618530273,16.733144760131836
2008-10-20,26.110000610351562,17.905834197998047
2008-10-21,24.030000686645508,16.479406356811523
2008-10-22,21.5,14.744369506835938
2008-10-23,22.100000381469727,15.15583610534668
2008-10-24,19.81999969482422,13.592247009277344
2008-10-27,19.299999237060547,13.235642433166504
2008-10-28,23.34000015258789,16.006208419799805
2008-10-29,22.600000381469727,15.49872875213623
2008-10-30,25.649999618530273,17.590375900268555
2008-10-31,25.43000030517578,17.43950080871582
2008-11-03,25.200000762939453,17.281766891479492
2008-11-04,27.5,18.859071731567383
2008-11-05,24.0,16.458829879760742
2008-11-06,22.790000915527344,15.629027366638184
2008-11-07,24.639999389648438,16.89773178100586
2008-11-10,24.8700008392334,17.055463790893555
2008-11-11,23.31999969482422,15.992498397827148
2008-11-12,21.59000015258789,14.806087493896484
2008-11-13,24.579999923706055,16.856584548950195
2008-11-14,22.219999313354492,15.238134384155273
2008-11-17,21.850000381469727,14.984392166137695
2008-11-18,21.530000686645508,14.764937400817871
2008-11-19,19.670000076293945,13.48938274383545
2008-11-20,18.260000228881836,12.522424697875977
2008-11-21,20.889999389648438,14.326037406921387
2008-11-24,22.15999984741211,15.19698429107666
2008-11-25,21.739999771118164,14.908955574035645
2008-11-26,23.399999618530273,16.04735565185547
2008-11-28,22.950000762939453,15.738758087158203
2008-12-01,20.739999771118164,14.22316837310791
2008-12-02,22.049999237060547,15.121552467346191
2008-12-03,22.229999542236328,15.244986534118652
2008-12-04,21.280000686645508,14.59349536895752
2008-12-05,22.540000915527344,15.457582473754883
2008-12-08,23.979999542236328,16.445110321044922
2008-12-09,23.649999618530273,16.21880340576172
2008-12-10,25.059999465942383,17.18575668334961
2008-12-11,24.420000076293945,16.746858596801758
2008-12-12,24.760000228881836,16.980026245117188
2008-12-15,24.43000030517578,16.75371551513672
2008-12-16,26.3799991607666,18.090993881225586
2008-12-17,25.920000076293945,17.775535583496094
2008-12-18,25.350000381469727,17.38463592529297
2008-12-19,25.440000534057617,17.44635772705078
2008-12-22,24.489999771118164,16.794862747192383
2008-12-23,23.950000762939453,16.655778884887695
2008-12-24,24.1200008392334,16.774002075195312
2008-12-26,24.040000915527344,16.718366622924805
2008-12-29,24.0,16.690547943115234
2008-12-30,24.639999389648438,17.135631561279297
2008-12-31,24.969999313354492,17.365123748779297
2009-01-02,26.15999984741211,18.192697525024414
2009-01-05,26.5,18.429141998291016
2009-01-06,27.100000381469727,18.846412658691406
2009-01-07,25.540000915527344,17.761526107788086
2009-01-08,25.43000030517578,17.685028076171875
2009-01-09,24.8799991607666,17.302534103393555
2009-01-12,23.829999923706055,16.572322845458984
2009-01-13,23.899999618530273,16.621007919311523
2009-01-14,22.739999771118164,15.814291000366211
2009-01-15,23.0,15.995105743408203
2009-01-16,23.25,16.16896629333496
2009-01-20,21.520000457763672,14.965859413146973
2009-01-21,22.690000534057617,15.779520034790039
2009-01-22,21.940000534057617,15.257943153381348
2009-01-23,22.219999313354492,15.452666282653809
2009-01-26,22.479999542236328,15.633480072021484
2009-01-27,22.8799991607666,15.911653518676758
2009-01-28,24.040000915527344,16.718366622924805
2009-01-29,22.81999969482422,15.869929313659668
2009-01-30,22.649999618530273,15.751700401306152
2009-02-02,22.420000076293945,15.591755867004395
2009-02-03,23.09000015258789,16.057701110839844
2009-02-04,23.260000228881836,16.17592430114746
2009-02-05,23.75,16.516685485839844
2009-02-06,24.940000534057617,17.34425926208496
2009-02-09,24.809999465942383,17.25385093688965
2009-02-10,23.309999465942383,16.210695266723633
2009-02-11,24.010000228881836,16.697500228881836
2009-02-12,23.860000610351562,16.593191146850586
2009-02-13,23.979999542236328,16.676631927490234
2009-02-17,22.450000762939453,15.612613677978516
2009-02-18,22.290000915527344,15.501344680786133
2009-02-19,22.079999923706055,15.355302810668945
2009-02-20,21.520000457763672,14.965859413146973
2009-02-23,20.989999771118164,14.597275733947754
2009-02-24,22.139999389648438,15.3970308303833
2009-02-25,21.760000228881836,15.132766723632812
2009-02-26,21.56999969482422,15.000629425048828
2009-02-27,21.229999542236328,14.764178276062012
2009-03-02,19.940000534057617,13.867064476013184
2009-03-03,20.219999313354492,14.061784744262695
2009-03-04,21.639999389648438,15.049312591552734
2009-03-05,20.75,14.430368423461914
2009-03-06,21.100000381469727,14.6737699508667
2009-03-09,20.690000534057617,14.388638496398926
2009-03-10,22.3700008392334,15.556979179382324
2009-03-11,22.3700008392334,15.556979179382324
2009-03-12,23.229999542236328,16.15505599975586
2009-03-13,23.360000610351562,16.245466232299805
2009-03-16,23.3799991607666,16.259374618530273
2009-03-17,23.889999389648438,16.614049911499023
2009-03-18,24.389999389648438,16.961774826049805
2009-03-19,24.229999542236328,16.85049819946289
2009-03-20,23.899999618530273,16.621007919311523
2009-03-23,26.110000610351562,18.157922744750977
2009-03-24,25.299999237060547,17.594615936279297
2009-03-25,25.68000030517578,17.858890533447266
2009-03-26,26.3799991607666,18.3456974029541
2009-03-27,25.600000381469727,17.803253173828125
2009-03-30,24.280000686645508,16.885271072387695
2009-03-31,24.809999465942383,17.25385093688965
2009-04-01,25.6299991607666,17.824113845825195
2009-04-02,27.020000457763672,18.79077911376953
2009-04-03,27.350000381469727,19.02027130126953
2009-04-06,27.010000228881836,18.783817291259766
2009-04-07,26.389999389648438,18.352645874023438
2009-04-08,26.780000686645508,18.623868942260742
2009-04-09,27.950000762939453,19.437532424926758
2009-04-13,28.1200008392334,19.555755615234375
2009-04-14,27.670000076293945,19.2428035736084
2009-04-15,28.06999969482422,19.520984649658203
2009-04-16,28.309999465942383,19.68789291381836
2009-04-17,28.110000610351562,19.548803329467773
2009-04-20,26.739999771118164,18.596046447753906
2009-04-21,27.309999465942383,18.992450714111328
2009-04-22,27.079999923706055,18.83249855041504
2009-04-23,27.5,19.124584197998047
2009-04-24,28.020000457763672,19.4862117767334
2009-04-27,27.079999923706055,18.83249855041504
2009-04-28,26.989999771118164,18.769912719726562
2009-04-29,28.40999984741211,19.757434844970703
2009-04-30,28.670000076293945,19.938247680664062
2009-05-01,29.09000015258789,20.23033332824707
2009-05-04,31.100000381469727,21.628170013427734
2009-05-05,30.81999969482422,21.43344497680664
2009-05-06,31.350000381469727,21.802024841308594
2009-05-07,30.56999969482422,21.259584426879883
2009-05-08,31.59000015258789,21.968931198120117
2009-05-11,30.850000381469727,21.454307556152344
2009-05-12,31.06999969482422,21.607303619384766
2009-05-13,29.93000030517578,20.81450080871582
2009-05-14,30.360000610351562,21.113542556762695
2009-05-15,30.079999923706055,20.918819427490234
2009-05-18,31.75,22.0802001953125
2009-05-19,32.11000061035156,22.330564498901367
2009-05-20,32.209999084472656,22.40010643005371
2009-05-21,31.610000610351562,21.98284339904785
2009-05-22,31.75,22.0802001953125
2009-05-26,32.130001068115234,22.34447479248047
2009-05-27,31.760000228881836,22.087158203125
2009-05-28,32.7400016784668,22.76869010925293
2009-05-29,33.2400016784668,23.116411209106445
2009-06-01,34.63999938964844,24.09002113342285
2009-06-02,34.13999938964844,23.742305755615234
2009-06-03,32.93000030517578,22.900815963745117
2009-06-04,33.540000915527344,23.32503890991211
2009-06-05,33.61000061035156,23.37372398376465
2009-06-08,33.09000015258789,23.01209259033203
2009-06-09,33.150001525878906,23.05381965637207
2009-06-10,33.56999969482422,23.345897674560547
2009-06-11,34.290000915527344,23.84661865234375
2009-06-12,33.7400016784668,23.464130401611328
2009-06-15,32.529998779296875,22.622648239135742
2009-06-16,32.040000915527344,22.28188133239746
2009-06-17,31.68000030517578,22.031518936157227
2009-06-18,31.59000015258789,21.968931198120117
2009-06-19,31.75,22.0802001953125
2009-06-22,30.600000381469727,21.28045082092285
2009-06-23,30.549999237060547,21.418561935424805
2009-06-24,31.219999313354492,21.8883056640625
2009-06-25,32.150001525878906,22.54031753540039
2009-06-26,32.31999969482422,22.659507751464844
2009-06-29,32.560001373291016,22.827774047851562
2009-06-30,32.22999954223633,22.59641456604004
2009-07-01,32.81999969482422,23.01006317138672
2009-07-02,31.920000076293945,22.379070281982422
2009-07-06,31.850000381469727,22.329992294311523
2009-07-07,31.100000381469727,21.804168701171875
2009-07-08,30.739999771118164,21.551773071289062
2009-07-09,31.290000915527344,21.937379837036133
2009-07-10,30.920000076293945,21.677974700927734
2009-07-13,31.139999389648438,21.832210540771484
2009-07-14,31.479999542236328,22.070587158203125
2009-07-15,33.16999816894531,23.25543975830078
2009-07-16,33.22999954223633,23.29750633239746
2009-07-17,33.56999969482422,23.53587532043457
2009-07-20,34.77000045776367,24.3772029876709
2009-07-21,34.66999816894531,24.307092666625977
2009-07-22,34.59000015258789,24.251001358032227
2009-07-23,35.56999969482422,24.93808364868164
2009-07-24,35.400001525878906,24.818897247314453
2009-07-27,35.709999084472656,25.03623390197754
2009-07-28,35.54999923706055,24.92405128479004
2009-07-29,34.75,24.363176345825195
2009-07-30,35.61000061035156,24.966114044189453
2009-07-31,35.779998779296875,25.08531379699707
2009-08-03,37.119998931884766,26.024778366088867
2009-08-04,36.779998779296875,25.78641128540039
2009-08-05,36.470001220703125,25.569072723388672
2009-08-06,36.16999816894531,25.358736038208008
2009-08-07,36.529998779296875,25.61113929748535
2009-08-10,36.119998931884766,25.323684692382812
2009-08-11,35.439998626708984,24.846925735473633
2009-08-12,35.7599983215332,25.071287155151367
2009-08-13,36.380001068115234,25.50597381591797
2009-08-14,35.720001220703125,25.043243408203125
2009-08-17,34.31999969482422,24.061704635620117
2009-08-18,35.06999969482422,24.587526321411133
2009-08-19,35.15999984741211,24.650630950927734
2009-08-20,35.77000045776367,25.078298568725586
2009-08-21,36.310001373291016,25.45689582824707
2009-08-24,36.470001220703125,25.569072723388672
2009-08-25,36.38999938964844,25.512981414794922
2009-08-26,36.279998779296875,25.435861587524414
2009-08-27,36.209999084472656,25.386777877807617
2009-08-28,36.02000045776367,25.253572463989258
2009-08-31,35.310001373291016,24.755794525146484
2009-09-01,34.63999938964844,24.286056518554688
2009-09-02,35.0099983215332,24.54546546936035
2009-09-03,35.709999084472656,25.03623390197754
2009-09-04,36.400001525878906,25.51999282836914
2009-09-08,37.150001525878906,26.04581642150879
2009-09-09,37.349998474121094,26.18603515625
2009-09-10,37.84000015258789,26.529579162597656
2009-09-11,37.86000061035156,26.543596267700195
2009-09-14,37.720001220703125,26.445449829101562
2009-09-15,38.16999816894531,26.760934829711914
2009-09-16,39.130001068115234,27.433992385864258
2009-09-17,38.91999816894531,27.286766052246094
2009-09-18,39.029998779296875,27.363882064819336
2009-09-21,38.689998626708984,27.12550163269043
2009-09-22,39.279998779296875,27.53915786743164
2009-09-23,38.689998626708984,27.12550163269043
2009-09-24,37.93000030517578,26.592674255371094
2009-09-25,38.09000015258789,26.704845428466797
2009-09-28,38.58000183105469,27.04839324951172
2009-09-29,38.66999816894531,27.111482620239258
2009-09-30,38.90999984741211,27.279748916625977
2009-10-01,37.849998474121094,26.536577224731445
2009-10-02,37.86000061035156,26.543596267700195
2009-10-05,38.7400016784668,27.160566329956055
2009-10-06,39.380001068115234,27.60926628112793
2009-10-07,39.34000015258789,27.581226348876953
2009-10-08,39.81999969482422,27.917755126953125
2009-10-09,39.849998474121094,27.93878173828125
2009-10-12,40.18000030517578,28.170146942138672
2009-10-13,40.25,28.21923065185547
2009-10-14,41.54999923706055,29.13065528869629
2009-10-15,41.31999969482422,28.96940040588379
2009-10-16,40.75,28.56977081298828
2009-10-19,41.529998779296875,29.11662483215332
2009-10-20,40.97999954223633,28.731016159057617
2009-10-21,40.7599983215332,28.576772689819336
2009-10-22,41.099998474121094,28.81515121459961
2009-10-23,40.7599983215332,28.576772689819336
2009-10-26,40.25,28.21923065185547
2009-10-27,39.54999923706055,27.728443145751953
2009-10-28,37.7400016784668,26.459463119506836
2009-10-29,39.40999984741211,27.630298614501953
2009-10-30,37.56999969482422,26.34027671813965
2009-11-02,38.130001068115234,26.732891082763672
2009-11-03,38.189998626708984,26.77496337890625
2009-11-04,38.900001525878906,27.27273178100586
2009-11-05,39.70000076293945,27.833620071411133
2009-11-06,39.650001525878906,27.79856300354004
2009-11-09,41.11000061035156,28.82217025756836
2009-11-10,40.91999816894531,28.688953399658203
2009-11-11,41.27000045776367,28.934349060058594
2009-11-12,40.349998474121094,28.289329528808594
2009-11-13,41.040000915527344,28.773096084594727
2009-11-16,42.06999969482422,29.49522590637207
2009-11-17,41.91999816894531,29.39005470275879
2009-11-18,41.59000015258789,29.158693313598633
2009-11-19,40.81999969482422,28.61884307861328
2009-11-20,40.650001525878906,28.499656677246094
2009-11-23,41.5,29.095596313476562
2009-11-24,41.27000045776367,28.934349060058594
2009-11-25,41.75,29.270864486694336
2009-11-27,40.130001068115234,28.135087966918945
2009-11-30,40.52000045776367,28.408512115478516
2009-12-01,41.68000030517578,29.221799850463867
2009-12-02,41.849998474121094,29.34098243713379
2009-12-03,41.459999084472656,29.067556381225586
2009-12-04,41.84000015258789,29.33396339416504
2009-12-07,41.47999954223633,29.08156394958496
2009-12-08,40.709999084472656,28.541728973388672
2009-12-09,40.959999084472656,28.717008590698242
2009-12-10,41.20000076293945,28.8852596282959
2009-12-11,41.349998474121094,28.99043083190918
2009-12-14,41.630001068115234,29.186729431152344
2009-12-15,41.20000076293945,28.8852596282959
2009-12-16,41.439998626708984,29.05353355407715
2009-12-17,40.25,28.21923065185547
2009-12-18,40.36000061035156,28.29634666442871
2009-12-21,40.310001373291016,28.26129150390625
2009-12-22,40.38999938964844,28.546119689941406
2009-12-23,40.790000915527344,28.828813552856445
2009-12-24,41.20000076293945,29.11858367919922
2009-12-28,41.34000015258789,29.217540740966797
2009-12-29,41.18000030517578,29.112905502319336
2009-12-30,41.36000061035156,29.24016761779785
2009-12-31,41.5,29.33913230895996
2010-01-04,42.709999084472656,30.19457244873047
2010-01-05,43.02000045776367,30.413728713989258
2010-01-06,43.11000061035156,30.47735023498535
2010-01-07,42.86000061035156,30.300607681274414
2010-01-08,43.20000076293945,30.540977478027344
2010-01-11,43.11000061035156,30.47735023498535
2010-01-12,42.41999816894531,29.98953628540039
2010-01-13,42.54999923706055,30.081453323364258
2010-01-14,42.439998626708984,30.003686904907227
2010-01-15,41.95000076293945,29.657272338867188
2010-01-19,42.79999923706055,30.258195877075195
2010-01-20,41.77000045776367,29.530019760131836
2010-01-21,40.5099983215332,28.63923454284668
2010-01-22,39.61000061035156,28.00296974182129
2010-01-25,39.900001525878906,28.207988739013672
2010-01-26,39.06999969482422,27.62120246887207
2010-01-27,38.970001220703125,27.550512313842773
2010-01-28,38.70000076293945,27.359622955322266
2010-01-29,38.279998779296875,27.062698364257812
2010-02-01,39.310001373291016,27.790884017944336
2010-02-02,39.630001068115234,28.01710319519043
2010-02-03,39.400001525878906,27.854509353637695
2010-02-04,37.619998931884766,26.596099853515625
2010-02-05,37.20000076293945,26.299165725708008
2010-02-08,36.83000183105469,26.03759765625
2010-02-09,38.029998779296875,26.885955810546875
2010-02-10,37.93000030517578,26.81525993347168
2010-02-11,38.93000030517578,27.522232055664062
2010-02-12,38.439998626708984,27.175811767578125
2010-02-16,39.43000030517578,27.87571144104004
2010-02-17,39.56999969482422,27.97467613220215
2010-02-18,39.720001220703125,28.080732345581055
2010-02-19,39.380001068115234,27.840362548828125
2010-02-22,39.43000030517578,27.87571144104004
2010-02-23,38.52000045776367,27.232372283935547
2010-02-24,38.88999938964844,27.49394989013672
2010-02-25,38.56999969482422,27.26772117614746
2010-02-26,38.959999084472656,27.54343605041504
2010-03-01,39.619998931884766,28.010028839111328
2010-03-02,40.06999969482422,28.328166961669922
2010-03-03,40.119998931884766,28.363515853881836
2010-03-04,39.90999984741211,28.21506118774414
2010-03-05,40.95000076293945,28.950298309326172
2010-03-08,40.97999954223633,28.971511840820312
2010-03-09,41.209999084472656,29.134117126464844
2010-03-10,41.5,29.33913230895996
2010-03-11,41.5099983215332,29.346200942993164
2010-03-12,41.369998931884766,29.247220993041992
2010-03-15,41.06999969482422,29.035139083862305
2010-03-16,41.599998474121094,29.409822463989258
2010-03-17,42.04999923706055,29.72797203063965
2010-03-18,41.72999954223633,29.501737594604492
2010-03-19,41.189998626708984,29.11997413635254
2010-03-22,41.34000015258789,29.22602081298828
2010-03-23,41.630001068115234,29.4310302734375
2010-03-24,41.0099983215332,28.992717742919922
2010-03-25,40.900001525878906,28.914949417114258
2010-03-26,41.099998474121094,29.056344985961914
2010-03-29,41.84000015258789,29.579500198364258
2010-03-30,42.0,29.69261360168457
2010-03-31,42.119998931884766,29.777454376220703
2010-04-01,43.220001220703125,30.555118560791016
2010-04-05,43.61000061035156,30.83083724975586
2010-04-06,43.7400016784668,30.922740936279297
2010-04-07,43.36000061035156,30.654096603393555
2010-04-08,43.5099983215332,30.760141372680664
2010-04-09,43.779998779296875,30.951019287109375
2010-04-12,43.43000030517578,30.70357322692871
2010-04-13,43.34000015258789,30.63995361328125
2010-04-14,43.97999954223633,31.092411041259766
2010-04-15,43.7400016784668,30.922740936279297
2010-04-16,42.459999084472656,30.017822265625
2010-04-19,42.290000915527344,29.89763832092285
2010-04-20,42.790000915527344,30.25111198425293
2010-04-21,42.650001525878906,30.152145385742188
2010-04-22,42.83000183105469,30.279399871826172
2010-04-23,43.060001373291016,30.442001342773438
2010-04-26,43.060001373291016,30.442001342773438
2010-04-27,41.52000045776367,29.35327911376953
2010-04-28,41.869998931884766,29.600709915161133
2010-04-29,42.560001373291016,30.088523864746094
2010-04-30,42.04999923706055,29.72797203063965
2010-05-03,42.279998779296875,29.890567779541016
2010-05-04,40.34000015258789,28.519058227539062
2010-05-05,39.61000061035156,28.00296974182129
2010-05-06,37.9900016784668,26.85767936706543
2010-05-07,38.189998626708984,26.99907875061035
2010-05-10,40.939998626708984,28.943235397338867
2010-05-11,40.20000076293945,28.420072555541992
2010-05-12,40.70000076293945,28.77356719970703
2010-05-13,40.31999969482422,28.504905700683594
2010-05-14,39.4900016784668,27.918132781982422
2010-05-17,39.25,27.74846076965332
2010-05-18,38.43000030517578,27.168739318847656
2010-05-19,38.060001373291016,26.90717315673828
2010-05-20,36.16999816894531,25.570999145507812
2010-05-21,37.34000015258789,26.39815330505371
2010-05-24,36.95000076293945,26.1224365234375
2010-05-25,36.54999923706055,25.839645385742188
2010-05-26,36.529998779296875,25.825511932373047
2010-05-27,38.7400016784668,27.387907028198242
2010-05-28,38.099998474121094,26.935443878173828
2010-06-01,37.400001525878906,26.440563201904297
2010-06-02,38.709999084472656,27.3666934967041
2010-06-03,38.56999969482422,27.26772117614746
2010-06-04,37.20000076293945,26.299165725708008
2010-06-07,36.619998931884766,25.889127731323242
2010-06-08,37.459999084472656,26.482990264892578
2010-06-09,37.2599983215332,26.341583251953125
2010-06-10,38.560001373291016,27.260650634765625
2010-06-11,38.7599983215332,27.40204620361328
2010-06-14,38.77000045776367,27.40911865234375
2010-06-15,39.939998626708984,28.23626708984375
2010-06-16,39.939998626708984,28.23626708984375
2010-06-17,39.7400016784668,28.094867706298828
2010-06-18,39.91999816894531,28.222129821777344
2010-06-21,40.61000061035156,28.709932327270508
2010-06-22,39.83000183105469,28.15850257873535
2010-06-23,39.66999816894531,28.231077194213867
2010-06-24,38.970001220703125,27.732934951782227
2010-06-25,39.43000030517578,28.060293197631836
2010-06-28,39.15999984741211,27.86814308166504
2010-06-29,37.56999969482422,26.736631393432617
2010-06-30,37.31999969482422,26.558704376220703
2010-07-01,37.59000015258789,26.750850677490234
2010-07-02,37.75,26.864723205566406
2010-07-06,38.45000076293945,27.362876892089844
2010-07-07,39.29999923706055,27.967777252197266
2010-07-08,39.4900016784668,28.102994918823242
2010-07-09,39.970001220703125,28.44458770751953
2010-07-12,39.650001525878906,28.216856002807617
2010-07-13,40.11000061035156,28.544214248657227
2010-07-14,40.029998779296875,28.487285614013672
2010-07-15,39.84000015258789,28.352066040039062
2010-07-16,38.650001525878906,27.505207061767578
2010-07-19,39.15999984741211,27.86814308166504
2010-07-20,40.08000183105469,28.522865295410156
2010-07-21,39.66999816894531,28.231077194213867
2010-07-22,40.869998931884766,29.08505630493164
2010-07-23,41.150001525878906,29.284313201904297
2010-07-26,41.43000030517578,29.48358726501465
2010-07-27,41.36000061035156,29.43377113342285
2010-07-28,41.130001068115234,29.270099639892578
2010-07-29,41.20000076293945,29.319908142089844
2010-07-30,41.400001525878906,29.462238311767578
2010-08-02,42.470001220703125,30.223703384399414
2010-08-03,42.27000045776367,30.08138084411621
2010-08-04,42.33000183105469,30.124074935913086
2010-08-05,42.13999938964844,29.98886489868164
2010-08-06,42.08000183105469,29.94615936279297
2010-08-09,42.29999923706055,30.102718353271484
2010-08-10,41.720001220703125,29.689960479736328
2010-08-11,40.38999938964844,28.743473052978516
2010-08-12,40.459999084472656,28.793292999267578
2010-08-13,40.68000030517578,28.949853897094727
2010-08-16,41.060001373291016,29.220277786254883
2010-08-17,41.4900016784668,29.526290893554688
2010-08-18,41.459999084472656,29.504940032958984
2010-08-19,41.13999938964844,29.27720832824707
2010-08-20,41.02000045776367,29.191816329956055
2010-08-23,40.650001525878906,28.928510665893555
2010-08-24,40.130001068115234,28.558448791503906
2010-08-25,39.869998931884766,28.373409271240234
2010-08-26,39.619998931884766,28.195499420166016
2010-08-27,40.4900016784668,28.814645767211914
2010-08-30,39.81999969482422,28.337833404541016
2010-08-31,40.060001373291016,28.508636474609375
2010-09-01,41.470001220703125,29.51205825805664
2010-09-02,41.540000915527344,29.5618839263916
2010-09-03,42.029998779296875,29.91058349609375
2010-09-07,41.41999816894531,29.476470947265625
2010-09-08,41.869998931884766,29.79671287536621
2010-09-09,42.11000061035156,29.967498779296875
2010-09-10,42.2599983215332,30.07425308227539
2010-09-13,43.27000045776367,30.793025970458984
2010-09-14,43.25,30.77878761291504
2010-09-15,43.310001373291016,30.82147979736328
2010-09-16,43.09000015258789,30.664928436279297
2010-09-17,43.02000045776367,30.615114212036133
2010-09-20,43.70000076293945,31.099027633666992
2010-09-21,43.56999969482422,31.006519317626953
2010-09-22,43.599998474121094,31.027873992919922
2010-09-23,43.31999969482422,30.828611373901367
2010-09-24,44.119998931884766,31.397920608520508
2010-09-27,44.040000915527344,31.34099006652832
2010-09-28,44.36000061035156,31.568727493286133
2010-09-29,44.5099983215332,31.675466537475586
2010-09-30,44.77000045776367,31.86049461364746
2010-10-01,45.43000030517578,32.33018493652344
2010-10-04,45.290000915527344,32.23054122924805
2010-10-05,46.11000061035156,32.81410598754883
2010-10-06,46.09000015258789,32.799869537353516
2010-10-07,45.68000030517578,32.50809860229492
2010-10-08,46.22999954223633,32.899497985839844
2010-10-11,46.20000076293945,32.87814712524414
2010-10-12,46.0099983215332,32.74293899536133
2010-10-13,46.86000061035156,33.34783935546875
2010-10-14,46.779998779296875,33.29090118408203
2010-10-15,46.720001220703125,33.24821472167969
2010-10-18,46.7400016784668,33.262447357177734
2010-10-19,45.2599983215332,32.20920181274414
2010-10-20,45.97999954223633,32.721588134765625
2010-10-21,45.97999954223633,32.721588134765625
2010-10-22,46.029998779296875,32.75716781616211
2010-10-25,46.529998779296875,33.11299514770508
2010-10-26,46.4900016784668,33.08451843261719
2010-10-27,45.70000076293945,32.52232360839844
2010-10-28,45.9900016784668,32.728702545166016
2010-10-29,46.119998931884766,32.82120895385742
2010-11-01,46.630001068115234,33.18415451049805
2010-11-02,47.209999084472656,33.596923828125
2010-11-03,47.5,33.80329513549805
2010-11-04,48.58000183105469,34.5718879699707
2010-11-05,48.4900016784668,34.5078239440918
2010-11-08,48.290000915527344,34.36549758911133
2010-11-09,47.68000030517578,33.931396484375
2010-11-10,48.029998779296875,34.18046951293945
2010-11-11,47.560001373291016,33.84599304199219
2010-11-12,46.40999984741211,33.02760314941406
2010-11-15,46.38999938964844,33.01335906982422
2010-11-16,45.16999816894531,32.145145416259766
2010-11-17,45.400001525878906,32.30883026123047
2010-11-18,46.47999954223633,33.077396392822266
2010-11-19,46.5099983215332,33.09876251220703
2010-11-22,46.369998931884766,32.99913787841797
2010-11-23,44.900001525878906,31.953006744384766
2010-11-24,45.939998626708984,32.693119049072266
2010-11-26,44.79999923706055,31.881837844848633
2010-11-29,45.150001525878906,32.13092041015625
2010-11-30,44.779998779296875,31.86760711669922
2010-12-01,46.060001373291016,32.77851867675781
2010-12-02,46.970001220703125,33.426124572753906
2010-12-03,47.13999938964844,33.54710006713867
2010-12-06,47.060001373291016,33.490169525146484
2010-12-07,46.84000015258789,33.3336067199707
2010-12-08,46.540000915527344,33.1201057434082
2010-12-09,46.380001068115234,33.00625228881836
2010-12-10,46.59000015258789,33.15569305419922
2010-12-13,46.88999938964844,33.36919021606445
2010-12-14,46.959999084472656,33.419010162353516
2010-12-15,46.20000076293945,32.87814712524414
2010-12-16,46.33000183105469,32.970664978027344
2010-12-17,46.400001525878906,33.02047348022461
2010-12-20,46.189998626708984,32.87104797363281
2010-12-21,46.5,33.350852966308594
2010-12-22,46.65999984741211,33.465614318847656
2010-12-23,46.61000061035156,33.429752349853516
2010-12-27,46.459999084472656,33.322166442871094
2010-12-28,46.5,33.350852966308594
2010-12-29,47.06999969482422,33.77782440185547
2010-12-30,47.310001373291016,33.95005798339844
2010-12-31,47.63999938964844,34.18687057495117
2011-01-03,48.099998474121094,34.516971588134766
2011-01-04,48.31999969482422,34.67484664916992
2011-01-05,48.20000076293945,34.5887336730957
2011-01-06,47.689998626708984,34.222755432128906
2011-01-07,47.25,33.90699768066406
2011-01-10,46.7599983215332,33.55537033081055
2011-01-11,47.2599983215332,33.91417694091797
2011-01-12,48.209999084472656,34.595909118652344
2011-01-13,47.790000915527344,34.294517517089844
2011-01-14,47.93000030517578,34.39497756958008
2011-01-18,47.86000061035156,34.34474563598633
2011-01-19,47.4900016784668,34.0792350769043
2011-01-20,46.970001220703125,33.706077575683594
2011-01-21,46.47999954223633,33.35444641113281
2011-01-24,46.84000015258789,33.61277770996094
2011-01-25,46.560001373291016,33.41185760498047
2011-01-26,46.970001220703125,33.706077575683594
2011-01-27,46.810001373291016,33.59125518798828
2011-01-28,45.33000183105469,32.52920150756836
2011-01-31,45.810001373291016,32.8736457824707
2011-02-01,46.91999816894531,33.670204162597656
2011-02-02,46.56999969482422,33.41903305053711
2011-02-03,46.5099983215332,33.375972747802734
2011-02-04,46.5,33.368797302246094
2011-02-07,46.560001373291016,33.41185760498047
2011-02-08,46.58000183105469,33.426204681396484
2011-02-09,45.5099983215332,32.65835952758789
2011-02-10,45.08000183105469,32.349796295166016
2011-02-11,45.630001068115234,32.744483947753906
2011-02-14,45.400001525878906,32.579429626464844
2011-02-15,45.4900016784668,32.64401626586914
2011-02-16,45.869998931884766,32.91670227050781
2011-02-17,46.029998779296875,33.031524658203125
2011-02-18,46.310001373291016,33.23245620727539
2011-02-22,44.83000183105469,32.17039108276367
2011-02-23,44.869998931884766,32.19908905029297
2011-02-24,44.97999954223633,32.27803039550781
2011-02-25,45.52000045776367,32.66553497314453
2011-02-28,45.790000915527344,32.85929870605469
2011-03-01,45.31999969482422,32.52202224731445
2011-03-02,45.939998626708984,32.96693420410156
2011-03-03,46.849998474121094,33.61996078491211
2011-03-04,46.900001525878906,33.65583801269531
2011-03-07,46.2400016784668,33.1822395324707
2011-03-08,46.86000061035156,33.62714385986328
2011-03-09,46.95000076293945,33.69171905517578
2011-03-10,45.560001373291016,32.694244384765625
2011-03-11,46.029998779296875,33.031524658203125
2011-03-14,46.29999923706055,33.225276947021484
2011-03-15,45.529998779296875,32.672725677490234
2011-03-16,44.599998474121094,32.00533676147461
2011-03-17,45.150001525878906,32.4000244140625
2011-03-18,45.22999954223633,32.45743942260742
2011-03-21,46.099998474121094,33.08175277709961
2011-03-22,46.2400016784668,33.1822395324707
2011-03-23,46.849998474121094,33.61996078491211
2011-03-24,47.38999938964844,34.00746536254883
2011-03-25,47.34000015258789,33.97157669067383
2011-03-28,47.099998474121094,33.79936218261719
2011-03-29,47.63999938964844,34.18687057495117
2011-03-30,48.25,34.62460708618164
2011-03-31,48.66999816894531,34.92600631713867
2011-04-01,49.45000076293945,35.485748291015625
2011-04-04,49.869998931884766,35.78713607788086
2011-04-05,49.77000045776367,35.71538162231445
2011-04-06,50.040000915527344,35.90913391113281
2011-04-07,49.9900016784668,35.87324523925781
2011-04-08,50.040000915527344,35.90913391113281
2011-04-11,49.45000076293945,35.485748291015625
2011-04-12,48.52000045776367,34.818363189697266
2011-04-13,48.91999816894531,35.105411529541016
2011-04-14,49.06999969482422,35.21304702758789
2011-04-15,49.130001068115234,35.25611114501953
2011-04-18,47.900001525878906,34.37344741821289
2011-04-19,48.59000015258789,34.868595123291016
2011-04-20,49.7400016784668,35.69384765625
2011-04-21,50.18000030517578,36.00959777832031
2011-04-25,49.77000045776367,35.71538162231445
2011-04-26,50.20000076293945,36.02394485473633
2011-04-27,50.11000061035156,35.959373474121094
2011-04-28,49.70000076293945,35.6651496887207
2011-04-29,50.0,35.880428314208984
2011-05-02,50.0099983215332,35.88760757446289
2011-05-03,48.900001525878906,35.09105682373047
2011-05-04,48.09000015258789,34.50979995727539
2011-05-05,47.630001068115234,34.1796989440918
2011-05-06,48.25,34.62460708618164
2011-05-09,48.34000015258789,34.6891975402832
2011-05-10,48.90999984741211,35.09823226928711
2011-05-11,47.83000183105469,34.32322311401367
2011-05-12,47.970001220703125,34.42369079589844
2011-05-13,46.91999816894531,33.670204162597656
2011-05-16,46.849998474121094,33.61996078491211
2011-05-17,47.0,33.727603912353516
2011-05-18,47.7599983215332,34.27298355102539
2011-05-19,47.45000076293945,34.05052185058594
2011-05-20,47.06999969482422,33.77782440185547
2011-05-23,46.09000015258789,33.074588775634766
2011-05-24,46.54999923706055,33.40468215942383
2011-05-25,46.650001525878906,33.4764404296875
2011-05-26,47.25,33.90699768066406
2011-05-27,47.75,34.265811920166016
2011-05-31,48.529998779296875,34.82554244995117
2011-06-01,47.65999984741211,34.20122528076172
2011-06-02,48.11000061035156,34.52414321899414
2011-06-03,47.869998931884766,34.35190963745117
2011-06-06,47.099998474121094,33.79936218261719
2011-06-07,47.470001220703125,34.064876556396484
2011-06-08,47.130001068115234,33.82088851928711
2011-06-09,47.5,34.08639907836914
2011-06-10,46.470001220703125,33.34726333618164
2011-06-13,46.38999938964844,33.28985595703125
2011-06-14,47.09000015258789,33.79218673706055
2011-06-15,46.08000183105469,33.067405700683594
2011-06-16,45.72999954223633,32.81624221801758
2011-06-17,45.790000915527344,32.85929870605469
2011-06-20,45.720001220703125,32.80906677246094
2011-06-21,46.560001373291016,33.41185760498047
2011-06-22,45.63999938964844,33.07917022705078
2011-06-23,45.58000183105469,33.03569412231445
2011-06-24,45.5,32.97770690917969
2011-06-27,46.029998779296875,33.36184310913086
2011-06-28,46.65999984741211,33.818458557128906
2011-06-29,47.09000015258789,34.13011169433594
2011-06-30,47.599998474121094,34.49976348876953
2011-07-01,48.15999984741211,34.905643463134766
2011-07-05,48.13999938964844,34.89113998413086
2011-07-06,47.81999969482422,34.659202575683594
2011-07-07,48.47999954223633,35.137569427490234
2011-07-08,47.93000030517578,34.73893737792969
2011-07-11,46.59000015258789,33.76772689819336
2011-07-12,46.119998931884766,33.42707824707031
2011-07-13,46.869998931884766,33.970664978027344
2011-07-14,46.369998931884766,33.6082763671875
2011-07-15,46.65999984741211,33.818458557128906
2011-07-18,46.119998931884766,33.42707824707031
2011-07-19,46.790000915527344,33.912681579589844
2011-07-20,46.93000030517578,34.01415252685547
2011-07-21,47.68000030517578,34.5577392578125
2011-07-22,47.650001525878906,34.5359992980957
2011-07-25,47.54999923706055,34.463531494140625
2011-07-26,47.709999084472656,34.57948303222656
2011-07-27,46.869998931884766,33.970664978027344
2011-07-28,46.90999984741211,33.99966812133789
2011-07-29,47.11000061035156,34.14461898803711
2011-08-01,47.06999969482422,34.1156120300293
2011-08-02,45.619998931884766,33.0646858215332
2011-08-03,45.459999084472656,32.94871520996094
2011-08-04,42.86000061035156,31.064273834228516
2011-08-05,42.58000183105469,30.861339569091797
2011-08-08,39.029998779296875,28.288345336914062
2011-08-09,41.31999969482422,29.94810676574707
2011-08-10,39.130001068115234,28.360836029052734
2011-08-11,41.290000915527344,29.926359176635742
2011-08-12,41.27000045776367,29.91187286376953
2011-08-15,42.22999954223633,30.6076602935791
2011-08-16,41.869998931884766,30.346744537353516
2011-08-17,42.16999816894531,30.56417465209961
2011-08-18,40.18000030517578,29.121850967407227
2011-08-19,39.68000030517578,28.759464263916016
2011-08-22,39.63999938964844,28.730466842651367
2011-08-23,41.029998779296875,29.737913131713867
2011-08-24,40.630001068115234,29.448001861572266
2011-08-25,39.84000015258789,28.875429153442383
2011-08-26,40.52000045776367,29.3682861328125
2011-08-29,41.83000183105469,30.317745208740234
2011-08-30,41.88999938964844,30.36123275756836
2011-08-31,42.75,30.98455238342285
2011-09-01,42.52000045776367,30.81784439086914
2011-09-02,41.560001373291016,30.1220645904541
2011-09-06,41.130001068115234,29.810394287109375
2011-09-07,42.349998474121094,30.694622039794922
2011-09-08,41.40999984741211,30.01333236694336
2011-09-09,40.0099983215332,28.998634338378906
2011-09-12,39.93000030517578,28.940664291381836
2011-09-13,39.9900016784668,28.98414421081543
2011-09-14,39.880001068115234,28.9044189453125
2011-09-15,40.459999084472656,29.324798583984375
2011-09-16,40.529998779296875,29.375526428222656
2011-09-19,39.33000183105469,28.50579071044922
2011-09-20,39.040000915527344,28.295602798461914
2011-09-21,37.59000015258789,27.244659423828125
2011-09-22,34.95000076293945,25.331220626831055
2011-09-23,35.880001068115234,26.005281448364258
2011-09-26,36.41999816894531,26.39665985107422
2011-09-27,37.58000183105469,27.237415313720703
2011-09-28,36.45000076293945,26.418405532836914
2011-09-29,36.95000076293945,26.780799865722656
2011-09-30,35.099998474121094,25.43994903564453
2011-10-03,34.36000061035156,24.903608322143555
2011-10-04,34.88999938964844,25.287742614746094
2011-10-05,35.70000076293945,25.87482261657715
2011-10-06,36.880001068115234,26.730060577392578
2011-10-07,36.439998626708984,26.41115951538086
2011-10-10,38.06999969482422,27.59255599975586
2011-10-11,38.09000015258789,27.607053756713867
2011-10-12,39.15999984741211,28.3825740814209
2011-10-13,38.810001373291016,28.128902435302734
2011-10-14,39.59000015258789,28.69423484802246
2011-10-17,38.25,27.72301483154297
2011-10-18,39.27000045776367,28.462295532226562
2011-10-19,38.52000045776367,27.918712615966797
2011-10-20,37.779998779296875,27.382368087768555
2011-10-21,38.86000061035156,28.165138244628906
2011-10-24,40.380001068115234,29.266809463500977
2011-10-25,39.58000183105469,28.68697738647461
2011-10-26,40.310001373291016,29.216075897216797
2011-10-27,42.7599983215332,30.991788864135742
2011-10-28,42.400001525878906,30.73087501525879
2011-10-31,40.810001373291016,29.578466415405273
2011-11-01,39.81999969482422,28.860937118530273
2011-11-02,41.040000915527344,29.74516487121582
2011-11-03,41.459999084472656,30.04958152770996
2011-11-04,41.189998626708984,29.8538761138916
2011-11-07,41.540000915527344,30.10756492614746
2011-11-08,42.029998779296875,30.462705612182617
2011-11-09,39.56999969482422,28.679729461669922
2011-11-10,39.83000183105469,28.86818504333496
2011-11-11,40.790000915527344,29.56396484375
2011-11-14,40.22999954223633,29.158096313476562
2011-11-15,40.47999954223633,29.33929443359375
2011-11-16,39.38999938964844,28.549266815185547
2011-11-17,38.38999938964844,27.824491500854492
2011-11-18,38.540000915527344,27.933198928833008
2011-11-21,37.29999923706055,27.034475326538086
2011-11-22,37.43000030517578,27.128690719604492
2011-11-23,36.220001220703125,26.251705169677734
2011-11-25,36.099998474121094,26.16472816467285
2011-11-28,37.83000183105469,27.41860008239746
2011-11-29,37.65999984741211,27.295394897460938
2011-11-30,40.0099983215332,28.998634338378906
2011-12-01,39.88999938964844,28.91166877746582
2011-12-02,39.77000045776367,28.824687957763672
2011-12-05,40.41999816894531,29.29581069946289
2011-12-06,39.869998931884766,28.89716339111328
2011-12-07,40.029998779296875,29.013139724731445
2011-12-08,38.59000015258789,27.969438552856445
2011-12-09,39.369998931884766,28.53477668762207
2011-12-12,37.88999938964844,27.46209716796875
2011-12-13,37.540000915527344,27.20842170715332
2011-12-14,37.0,26.81703758239746
2011-12-15,37.2400016784668,26.99098777770996
2011-12-16,37.52000045776367,27.193927764892578
2011-12-19,36.54999923706055,26.49088478088379
2011-12-20,37.720001220703125,27.600923538208008
2011-12-21,37.84000015258789,27.688732147216797
2011-12-22,38.34000015258789,28.054590225219727
2011-12-23,38.4900016784668,28.164358139038086
2011-12-27,38.119998931884766,27.893617630004883
2011-12-28,37.47999954223633,27.425308227539062
2011-12-29,37.90999984741211,27.739953994750977
2011-12-30,37.939998626708984,27.761905670166016
2012-01-03,39.099998474121094,28.610708236694336
2012-01-04,38.880001068115234,28.449729919433594
2012-01-05,38.709999084472656,28.325332641601562
2012-01-06,38.220001220703125,27.966785430908203
2012-01-09,38.619998931884766,28.25948715209961
2012-01-10,39.459999084472656,28.874128341674805
2012-01-11,39.4900016784668,28.896081924438477
2012-01-12,39.650001525878906,29.013158798217773
2012-01-13,39.290000915527344,28.749738693237305
2012-01-17,40.040000915527344,29.298532485961914
2012-01-18,41.04999923706055,30.0375919342041
2012-01-19,41.40999984741211,30.301010131835938
2012-01-20,41.380001068115234,30.279056549072266
2012-01-23,41.779998779296875,30.571754455566406
2012-01-24,41.84000015258789,30.61564826965332
2012-01-25,42.310001373291016,30.959575653076172
2012-01-26,42.13999938964844,30.835180282592773
2012-01-27,42.36000061035156,30.996152877807617
2012-01-30,41.75,30.549800872802734
2012-01-31,42.11000061035156,30.81322479248047
2012-02-01,43.040000915527344,31.49374771118164
2012-02-02,43.15999984741211,31.5815372467041
2012-02-03,43.880001068115234,32.108394622802734
2012-02-06,43.5099983215332,31.837636947631836
2012-02-07,43.599998474121094,31.90349769592285
2012-02-08,43.90999984741211,32.13033676147461
2012-02-09,43.88999938964844,32.1157112121582
2012-02-10,42.91999816894531,31.405921936035156
2012-02-13,43.619998931884766,31.91813850402832
2012-02-14,43.2599983215332,31.654705047607422
2012-02-15,43.380001068115234,31.742515563964844
2012-02-16,43.849998474121094,32.08643341064453
2012-02-17,43.93000030517578,32.14497375488281
2012-02-21,43.75,32.01325607299805
2012-02-22,43.83000183105469,32.071800231933594
2012-02-23,43.75,32.01325607299805
2012-02-24,44.189998626708984,32.33522033691406
2012-02-27,43.75,32.01325607299805
2012-02-28,44.36000061035156,32.459625244140625
2012-02-29,44.33000183105469,32.43766784667969
2012-03-01,44.75,32.744991302490234
2012-03-02,44.63999938964844,32.66450881958008
2012-03-05,43.869998931884766,32.10106658935547
2012-03-06,42.400001525878906,31.025423049926758
2012-03-07,42.90999984741211,31.39861488342285
2012-03-08,43.810001373291016,32.05717086791992
2012-03-09,43.790000915527344,32.04253005981445
2012-03-12,43.310001373291016,31.691308975219727
2012-03-13,44.4900016784668,32.55474853515625
2012-03-14,43.790000915527344,32.04253005981445
2012-03-15,44.13999938964844,32.29863739013672
2012-03-16,44.09000015258789,32.26205062866211
2012-03-19,43.91999816894531,32.13764953613281
2012-03-20,43.15999984741211,31.5815372467041
2012-03-21,43.2400016784668,31.640079498291016
2012-03-22,42.58000183105469,31.15713119506836
2012-03-23,42.900001525878906,31.391300201416016
2012-03-26,43.650001525878906,31.940092086791992
2012-03-27,43.41999816894531,31.771793365478516
2012-03-28,42.689998626708984,31.237628936767578
2012-03-29,42.63999938964844,31.20104217529297
2012-03-30,42.95000076293945,31.42787742614746
2012-04-02,43.540000915527344,31.85959243774414
2012-04-03,43.290000915527344,31.676664352416992
2012-04-04,42.5099983215332,31.10590934753418
2012-04-05,42.7400016784668,31.274208068847656
2012-04-09,42.11000061035156,30.81322479248047
2012-04-10,41.290000915527344,30.213197708129883
2012-04-11,41.7400016784668,30.542478561401367
2012-04-12,42.810001373291016,31.3254337310791
2012-04-13,42.15999984741211,30.849807739257812
2012-04-16,41.95000076293945,30.696142196655273
2012-04-17,42.43000030517578,31.047374725341797
2012-04-18,42.22999954223633,30.901023864746094
2012-04-19,42.040000915527344,30.762006759643555
2012-04-20,42.33000183105469,30.974201202392578
2012-04-23,41.52000045776367,30.38149070739746
2012-04-24,41.61000061035156,30.447362899780273
2012-04-25,41.9900016784668,30.72541618347168
2012-04-26,42.25,30.915668487548828
2012-04-27,42.310001373291016,30.959575653076172
2012-04-30,42.220001220703125,30.89371681213379
2012-05-01,42.5,31.098600387573242
2012-05-02,42.41999816894531,31.040056228637695
2012-05-03,42.099998474121094,30.805912017822266
2012-05-04,41.36000061035156,30.264427185058594
2012-05-07,41.5099983215332,30.374183654785156
2012-05-08,40.849998474121094,29.891237258911133
2012-05-09,40.31999969482422,29.5034236907959
2012-05-10,40.4900016784668,29.62781524658203
2012-05-11,39.970001220703125,29.247316360473633
2012-05-14,39.060001373291016,28.581443786621094
2012-05-15,38.720001220703125,28.33265495300293
2012-05-16,38.16999816894531,27.93020248413086
2012-05-17,37.650001525878906,27.549699783325195
2012-05-18,37.290000915527344,27.28627586364746
2012-05-21,38.18000030517578,27.93751335144043
2012-05-22,37.779998779296875,27.64482879638672
2012-05-23,37.52000045776367,27.45457649230957
2012-05-24,37.33000183105469,27.315547943115234
2012-05-25,37.150001525878906,27.1838321685791
2012-05-29,38.20000076293945,27.9521541595459
2012-05-30,37.540000915527344,27.469205856323242
2012-05-31,37.70000076293945,27.586284637451172
2012-06-01,36.689998626708984,26.84723472595215
2012-06-04,36.849998474121094,26.964317321777344
2012-06-05,36.95000076293945,27.037485122680664
2012-06-06,38.029998779296875,27.8277587890625
2012-06-07,38.2599983215332,27.996057510375977
2012-06-08,37.93000030517578,27.75458335876465
2012-06-11,37.380001068115234,27.35213851928711
2012-06-12,38.15999984741211,27.922883987426758
2012-06-13,38.02000045776367,27.820436477661133
2012-06-14,38.290000915527344,28.018014907836914
2012-06-15,38.9900016784668,28.530214309692383
2012-06-18,39.06999969482422,28.58875846862793
2012-06-19,39.70000076293945,29.049755096435547
2012-06-20,39.56999969482422,28.95462989807129
2012-06-21,37.66999816894531,27.894237518310547
2012-06-22,37.790000915527344,27.98310661315918
2012-06-25,37.09000015258789,27.46475601196289
2012-06-26,37.40999984741211,27.701719284057617
2012-06-27,37.650001525878906,27.879440307617188
2012-06-28,37.470001220703125,27.74614715576172
2012-06-29,39.130001068115234,28.975357055664062
2012-07-02,39.130001068115234,28.975357055664062
2012-07-03,39.90999984741211,29.55294418334961
2012-07-05,39.4900016784668,29.241941452026367
2012-07-06,38.77000045776367,28.708784103393555
2012-07-09,38.630001068115234,28.60511589050293
2012-07-10,38.20000076293945,28.286701202392578
2012-07-11,38.400001525878906,28.434799194335938
2012-07-12,37.7599983215332,27.96088409423828
2012-07-13,38.4900016784668,28.501449584960938
2012-07-16,38.400001525878906,28.434799194335938
2012-07-17,38.90999984741211,28.81245231628418
2012-07-18,38.810001373291016,28.738407135009766
2012-07-19,39.16999816894531,29.004980087280273
2012-07-20,38.59000015258789,28.575498580932617
2012-07-23,37.58000183105469,27.827598571777344
2012-07-24,37.41999816894531,27.709125518798828
2012-07-25,37.599998474121094,27.8424072265625
2012-07-26,38.45000076293945,28.471830368041992
2012-07-27,39.529998779296875,29.271562576293945
2012-07-30,39.29999923706055,29.101247787475586
2012-07-31,39.119998931884766,28.96795654296875
2012-08-01,39.189998626708984,29.01978874206543
2012-08-02,38.72999954223633,28.67916488647461
2012-08-03,39.93000030517578,29.567745208740234
2012-08-06,40.18000030517578,29.752870559692383
2012-08-07,40.290000915527344,29.834333419799805
2012-08-08,40.369998931884766,29.893564224243164
2012-08-09,40.540000915527344,30.019454956054688
2012-08-10,40.72999954223633,30.16012954711914
2012-08-13,40.369998931884766,29.893564224243164
2012-08-14,40.36000061035156,29.886157989501953
2012-08-15,40.29999923706055,29.841732025146484
2012-08-16,40.66999816894531,30.115703582763672
2012-08-17,40.470001220703125,29.96761703491211
2012-08-20,40.45000076293945,29.952808380126953
2012-08-21,40.38999938964844,29.90837287902832
2012-08-22,40.40999984741211,29.923181533813477
2012-08-23,40.040000915527344,29.649202346801758
2012-08-24,40.04999923706055,29.656614303588867
2012-08-27,39.63999938964844,29.353015899658203
2012-08-28,39.560001373291016,29.29376792907715
2012-08-29,39.369998931884766,29.153074264526367
2012-08-30,38.90999984741211,28.81245231628418
2012-08-31,39.279998779296875,29.086429595947266
2012-09-04,39.060001373291016,28.923526763916016
2012-09-05,38.86000061035156,28.775423049926758
2012-09-06,39.720001220703125,29.412242889404297
2012-09-07,40.63999938964844,30.09349822998047
2012-09-10,40.119998931884766,29.70843505859375
2012-09-11,40.599998474121094,30.063879013061523
2012-09-12,40.779998779296875,30.197166442871094
2012-09-13,41.880001068115234,31.011714935302734
2012-09-14,42.369998931884766,31.374536514282227
2012-09-17,41.90999984741211,31.03391456604004
2012-09-18,41.93000030517578,31.048728942871094
2012-09-19,41.93000030517578,31.048728942871094
2012-09-20,41.68000030517578,30.86361312866211
2012-09-21,41.779998779296875,30.937652587890625
2012-09-24,41.7400016784668,30.908039093017578
2012-09-25,41.119998931884766,30.448928833007812
2012-09-26,40.93000030517578,30.308238983154297
2012-09-27,41.58000183105469,30.7895565032959
2012-09-28,41.33000183105469,30.60443878173828
2012-10-01,41.7400016784668,30.908039093017578
2012-10-02,41.79999923706055,30.952465057373047
2012-10-03,41.52000045776367,30.745128631591797
2012-10-04,41.95000076293945,31.06354522705078
2012-10-05,41.95000076293945,31.06354522705078
2012-10-08,41.58000183105469,30.7895565032959
2012-10-09,41.27000045776367,30.560009002685547
2012-10-10,41.02000045776367,30.37488555908203
2012-10-11,41.400001525878906,30.656278610229492
2012-10-12,41.27000045776367,30.560009002685547
2012-10-15,41.5099983215332,30.737722396850586
2012-10-16,41.939998626708984,31.056137084960938
2012-10-17,42.27000045776367,31.300498962402344
2012-10-18,42.150001525878906,31.211633682250977
2012-10-19,41.5,30.730318069458008
2012-10-22,41.900001525878906,31.02652359008789
2012-10-23,41.040000915527344,30.38970375061035
2012-10-24,41.08000183105469,30.4193115234375
2012-10-25,41.529998779296875,30.752534866333008
2012-10-26,41.209999084472656,30.515579223632812
2012-10-31,41.150001525878906,30.471149444580078
2012-11-01,41.81999969482422,30.967273712158203
2012-11-02,41.599998474121094,30.804372787475586
2012-11-05,41.79999923706055,30.952465057373047
2012-11-06,42.130001068115234,31.19683265686035
2012-11-07,41.439998626708984,30.685895919799805
2012-11-08,40.91999816894531,30.30083656311035
2012-11-09,41.0,30.36008071899414
2012-11-12,41.150001525878906,30.471149444580078
2012-11-13,40.779998779296875,30.197166442871094
2012-11-14,40.150001525878906,29.730663299560547
2012-11-15,40.290000915527344,29.834333419799805
2012-11-16,40.40999984741211,29.923181533813477
2012-11-19,41.119998931884766,30.448928833007812
2012-11-20,41.040000915527344,30.38970375061035
2012-11-21,40.959999084472656,30.33045196533203
2012-11-23,41.630001068115234,30.826583862304688
2012-11-26,41.630001068115234,30.826583862304688
2012-11-27,41.279998779296875,30.567411422729492
2012-11-28,41.5099983215332,30.737722396850586
2012-11-29,41.810001373291016,30.959871292114258
2012-11-30,41.790000915527344,30.9450740814209
2012-12-03,41.77000045776367,30.93025016784668
2012-12-04,41.88999938964844,31.01911163330078
2012-12-05,42.34000015258789,31.352333068847656
2012-12-06,42.65999984741211,31.58928680419922
2012-12-07,42.790000915527344,31.6855525970459
2012-12-10,43.029998779296875,31.863271713256836
2012-12-11,43.25,32.02617263793945
2012-12-12,43.380001068115234,32.12244415283203
2012-12-13,43.189998626708984,31.98175048828125
2012-12-14,43.380001068115234,32.12244415283203
2012-12-17,43.4900016784668,32.20389175415039
2012-12-18,43.529998779296875,32.42887496948242
2012-12-19,43.5099983215332,32.41397476196289
2012-12-20,43.77000045776367,32.607666015625
2012-12-21,43.27000045776367,32.23517608642578
2012-12-24,43.18000030517578,32.16813659667969
2012-12-26,43.310001373291016,32.26498031616211
2012-12-27,43.540000915527344,32.446807861328125
2012-12-28,43.70000076293945,32.56605911254883
2012-12-31,44.349998474121094,33.05044174194336
2013-01-02,45.220001220703125,33.69879150390625
2013-01-03,44.900001525878906,33.4603157043457
2013-01-04,44.9900016784668,33.52738571166992
2013-01-07,44.650001525878906,33.27401351928711
2013-01-08,44.25,32.975914001464844
2013-01-09,44.439998626708984,33.11751937866211
2013-01-10,44.83000183105469,33.408145904541016
2013-01-11,44.470001220703125,33.1398811340332
2013-01-14,44.65999984741211,33.281463623046875
2013-01-15,44.470001220703125,33.1398811340332
2013-01-16,44.43000030517578,33.11006546020508
2013-01-17,44.68000030517578,33.296363830566406
2013-01-18,44.779998779296875,33.37088394165039
2013-01-22,44.709999084472656,33.318721771240234
2013-01-23,44.470001220703125,33.1398811340332
2013-01-24,44.310001373291016,33.02063751220703
2013-01-25,44.15999984741211,32.90884780883789
2013-01-28,43.849998474121094,32.67783737182617
2013-01-29,44.34000015258789,33.04298400878906
2013-01-30,44.130001068115234,32.88649368286133
2013-01-31,44.220001220703125,32.95356369018555
2013-02-01,44.5099983215332,33.16968536376953
2013-02-04,43.91999816894531,32.72998809814453
2013-02-05,43.970001220703125,32.76725769042969
2013-02-06,43.91999816894531,32.72998809814453
2013-02-07,43.529998779296875,32.43936538696289
2013-02-08,43.849998474121094,32.67783737182617
2013-02-11,43.83000183105469,32.662933349609375
2013-02-12,43.95000076293945,32.752357482910156
2013-02-13,44.16999816894531,32.91630172729492
2013-02-14,44.150001525878906,32.90140151977539
2013-02-15,43.9900016784668,32.78215789794922
2013-02-19,44.08000183105469,32.84923553466797
2013-02-20,43.689998626708984,32.55859375
2013-02-21,43.09000015258789,32.11146545410156
2013-02-22,43.279998779296875,32.25305938720703
2013-02-25,42.70000076293945,31.82082748413086
2013-02-26,42.939998626708984,31.99968147277832
2013-02-27,43.40999984741211,32.34993362426758
2013-02-28,43.209999084472656,32.20089340209961
2013-03-01,43.310001373291016,32.275421142578125
2013-03-04,42.900001525878906,31.969879150390625
2013-03-05,43.41999816894531,32.35738754272461
2013-03-06,43.630001068115234,32.51388931274414
2013-03-07,43.75,32.603309631347656
2013-03-08,44.130001068115234,32.88649368286133
2013-03-11,43.88999938964844,32.707645416259766
2013-03-12,43.38999938964844,32.335025787353516
2013-03-13,42.97999954223633,32.02948760986328
2013-03-14,43.15999984741211,32.16363525390625
2013-03-15,42.77000045776367,31.87299346923828
2013-03-18,42.290000915527344,31.515287399291992
2013-03-19,41.9900016784668,31.29172706604004
2013-03-20,42.22999954223633,31.4705753326416
2013-03-21,41.79999923706055,31.150129318237305
2013-03-22,41.959999084472656,31.26935577392578
2013-03-25,41.91999816894531,31.23955726623535
2013-03-26,42.52000045776367,31.686687469482422
2013-03-27,42.68000030517578,31.805927276611328
2013-03-28,42.77000045776367,31.87299346923828
2013-04-01,42.310001373291016,31.53019142150879
2013-04-02,42.33000183105469,31.545095443725586
2013-04-03,41.83000183105469,31.1724853515625
2013-04-04,41.709999084472656,31.083065032958984
2013-04-05,41.61000061035156,31.008543014526367
2013-04-08,41.68000030517578,31.060707092285156
2013-04-09,42.09000015258789,31.366243362426758
2013-04-10,42.4900016784668,31.664335250854492
2013-04-11,42.529998779296875,31.694143295288086
2013-04-12,41.880001068115234,31.209758758544922
2013-04-15,40.86000061035156,30.449628829956055
2013-04-16,41.70000076293945,31.075611114501953
2013-04-17,41.040000915527344,30.583770751953125
2013-04-18,41.040000915527344,30.583770751953125
2013-04-19,41.63999938964844,31.03089714050293
2013-04-22,41.84000015258789,31.179935455322266
2013-04-23,42.040000915527344,31.32898712158203
2013-04-24,42.290000915527344,31.515287399291992
2013-04-25,42.66999816894531,31.798477172851562
2013-04-26,42.2400016784668,31.478031158447266
2013-04-29,42.68000030517578,31.805927276611328
2013-04-30,43.290000915527344,32.26051330566406
2013-05-01,42.81999969482422,31.91025161743164
2013-05-02,43.15999984741211,32.16363525390625
2013-05-03,43.52000045776367,32.431907653808594
2013-05-06,43.58000183105469,32.47663116455078
2013-05-07,43.88999938964844,32.707645416259766
2013-05-08,44.22999954223633,32.96101379394531
2013-05-09,43.90999984741211,32.72255325317383
2013-05-10,43.56999969482422,32.46916961669922
2013-05-13,43.16999816894531,32.17108917236328
2013-05-14,43.369998931884766,32.320125579833984
2013-05-15,43.380001068115234,32.32757568359375
2013-05-16,43.22999954223633,32.21579360961914
2013-05-17,43.41999816894531,32.35738754272461
2013-05-20,43.529998779296875,32.43936538696289
2013-05-21,43.439998626708984,32.37229537963867
2013-05-22,42.959999084472656,32.01458740234375
2013-05-23,42.63999938964844,31.776105880737305
2013-05-24,42.27000045776367,31.500381469726562
2013-05-28,42.5,31.671791076660156
2013-05-29,41.959999084472656,31.26935577392578
2013-05-30,41.959999084472656,31.26935577392578
2013-05-31,41.20000076293945,30.702999114990234
2013-06-03,41.810001373291016,31.157590866088867
2013-06-04,41.29999923706055,30.777530670166016
2013-06-05,40.560001373291016,30.226062774658203
2013-06-06,40.900001525878906,30.47943687438965
2013-06-07,40.689998626708984,30.32293128967285
2013-06-10,40.13999938964844,29.91307258605957
2013-06-11,39.380001068115234,29.346708297729492
2013-06-12,39.11000061035156,29.14549446105957
2013-06-13,39.939998626708984,29.764019012451172
2013-06-14,39.310001373291016,29.294540405273438
2013-06-17,39.66999816894531,29.562816619873047
2013-06-18,39.84000015258789,29.68950843811035
2013-06-19,38.61000061035156,28.77288818359375
2013-06-20,36.880001068115234,27.483659744262695
2013-06-21,37.40999984741211,27.878623962402344
2013-06-24,36.650001525878906,27.312255859375
2013-06-25,37.43000030517578,27.89352798461914
2013-06-26,38.02000045776367,28.33319664001465
2013-06-27,38.279998779296875,28.901731491088867
2013-06-28,38.5,29.06783676147461
2013-07-01,38.619998931884766,29.15843391418457
2013-07-02,37.93000030517578,28.637474060058594
2013-07-03,37.58000183105469,28.373228073120117
2013-07-05,37.34000015258789,28.1920223236084
2013-07-08,37.38999938964844,28.22977638244629
2013-07-09,37.880001068115234,28.599733352661133
2013-07-10,37.52000045776367,28.327932357788086
2013-07-11,39.36000061035156,29.717140197753906
2013-07-12,38.939998626708984,29.4000301361084
2013-07-15,39.34000015258789,29.70203971862793
2013-07-16,39.5,29.822847366333008
2013-07-17,39.86000061035156,30.094648361206055
2013-07-18,39.38999938964844,29.739784240722656
2013-07-19,39.279998779296875,29.656734466552734
2013-07-22,39.66999816894531,29.951187133789062
2013-07-23,40.099998474121094,30.275846481323242
2013-07-24,39.689998626708984,29.966285705566406
2013-07-25,39.91999816894531,30.139949798583984
2013-07-26,39.83000183105469,30.07199478149414
2013-07-29,39.33000183105469,29.69449234008789
2013-07-30,39.2400016784668,29.626544952392578
2013-07-31,39.0099983215332,29.452882766723633
2013-08-01,39.720001220703125,29.988937377929688
2013-08-02,39.709999084472656,29.981382369995117
2013-08-05,39.459999084472656,29.79263687133789
2013-08-06,38.959999084472656,29.415136337280273
2013-08-07,38.540000915527344,29.098031997680664
2013-08-08,39.279998779296875,29.656734466552734
2013-08-09,39.36000061035156,29.717140197753906
2013-08-12,39.72999954223633,29.996492385864258
2013-08-13,39.970001220703125,30.177696228027344
2013-08-14,40.099998474121094,30.275846481323242
2013-08-15,39.63999938964844,29.928546905517578
2013-08-16,39.29999923706055,29.671836853027344
2013-08-19,38.560001373291016,29.113136291503906
2013-08-20,38.4900016784668,29.060287475585938
2013-08-21,37.59000015258789,28.380773544311523
2013-08-22,38.20000076293945,28.841327667236328
2013-08-23,38.650001525878906,29.18108367919922
2013-08-26,38.22999954223633,28.86397933959961
2013-08-27,37.349998474121094,28.199567794799805
2013-08-28,37.43000030517578,28.25996971130371
2013-08-29,37.72999954223633,28.486473083496094
2013-08-30,38.02000045776367,28.705415725708008
2013-09-03,38.2599983215332,28.886632919311523
2013-09-04,38.939998626708984,29.4000301361084
2013-09-05,39.400001525878906,29.747337341308594
2013-09-06,39.97999954223633,30.185245513916016
2013-09-09,41.029998779296875,30.978008270263672
2013-09-10,41.34000015258789,31.212060928344727
2013-09-11,41.369998931884766,31.234708786010742
2013-09-12,40.88999938964844,30.872304916381836
2013-09-13,41.15999984741211,31.076148986816406
2013-09-16,41.619998931884766,31.42345428466797
2013-09-17,41.529998779296875,31.35550308227539
2013-09-18,43.27000045776367,32.669219970703125
2013-09-19,43.040000915527344,32.49557876586914
2013-09-20,42.08000183105469,31.770763397216797
2013-09-23,42.22999954223633,31.88400650024414
2013-09-24,41.869998931884766,31.612213134765625
2013-09-25,41.54999923706055,31.37059783935547
2013-09-26,41.720001220703125,31.49896240234375
2013-09-27,41.22999954223633,31.12900733947754
2013-09-30,40.7599983215332,30.774147033691406
2013-10-01,41.56999969482422,31.385709762573242
2013-10-02,41.72999954223633,31.50650978088379
2013-10-03,41.56999969482422,31.385709762573242
2013-10-04,42.11000061035156,31.793415069580078
2013-10-07,41.75,31.5216121673584
2013-10-08,41.349998474121094,31.219606399536133
2013-10-09,41.65999984741211,31.45366096496582
2013-10-10,42.63999938964844,32.19355773925781
2013-10-11,42.83000183105469,32.3370246887207
2013-10-14,43.08000183105469,32.52577209472656
2013-10-15,42.65999984741211,32.20866394042969
2013-10-16,43.0,32.465370178222656
2013-10-17,43.27000045776367,32.669219970703125
2013-10-18,43.310001373291016,32.69942855834961
2013-10-21,43.2400016784668,32.646575927734375
2013-10-22,43.65999984741211,32.96367263793945
2013-10-23,42.63999938964844,32.19355773925781
2013-10-24,42.54999923706055,32.125614166259766
2013-10-25,42.75,32.276607513427734
2013-10-28,43.0,32.465370178222656
2013-10-29,43.13999938964844,32.571067810058594
2013-10-30,42.900001525878906,32.38987350463867
2013-10-31,42.459999084472656,32.05765914916992
2013-11-01,42.47999954223633,32.07276153564453
2013-11-04,42.7400016784668,32.26906967163086
2013-11-05,41.880001068115234,31.619770050048828
2013-11-06,42.0099983215332,31.71790313720703
2013-11-07,41.25,31.144102096557617
2013-11-08,41.15999984741211,31.076148986816406
2013-11-11,40.95000076293945,30.917600631713867
2013-11-12,40.72999954223633,30.751495361328125
2013-11-13,40.79999923706055,30.804349899291992
2013-11-14,41.459999084472656,31.302663803100586
2013-11-15,42.25,31.89910888671875
2013-11-18,42.630001068115234,32.186012268066406
2013-11-19,42.369998931884766,31.989704132080078
2013-11-20,41.790000915527344,31.55181312561035
2013-11-21,41.75,31.5216121673584
2013-11-22,42.04999923706055,31.748111724853516
2013-11-25,41.5099983215332,31.34040641784668
2013-11-26,41.650001525878906,31.44610023498535
2013-11-27,41.91999816894531,31.649959564208984
2013-11-29,42.349998474121094,31.974605560302734
2013-12-02,41.459999084472656,31.302663803100586
2013-12-03,41.31999969482422,31.19696044921875
2013-12-04,41.27000045776367,31.15920639038086
2013-12-05,41.029998779296875,30.978008270263672
2013-12-06,41.939998626708984,31.665054321289062
2013-12-09,42.0,31.71036148071289
2013-12-10,42.02000045776367,31.7254638671875
2013-12-11,41.09000015258789,31.02330780029297
2013-12-12,40.849998474121094,30.84209632873535
2013-12-13,40.95000076293945,30.917600631713867
2013-12-16,41.220001220703125,31.121458053588867
2013-12-17,40.86000061035156,30.84964942932129
2013-12-18,41.29999923706055,31.463693618774414
2013-12-19,40.540000915527344,30.884695053100586
2013-12-20,40.47999954223633,30.8389835357666
2013-12-23,40.779998779296875,31.067537307739258
2013-12-24,41.02000045776367,31.250375747680664
2013-12-26,40.66999816894531,30.983732223510742
2013-12-27,41.29999923706055,31.463693618774414
2013-12-30,41.47999954223633,31.60082244873047
2013-12-31,41.79999923706055,31.844614028930664
2014-01-02,40.189998626708984,30.61805534362793
2014-01-03,40.119998931884766,30.564725875854492
2014-01-06,39.7400016784668,30.275232315063477
2014-01-07,39.90999984741211,30.404741287231445
2014-01-08,39.779998779296875,30.30569839477539
2014-01-09,39.56999969482422,30.145723342895508
2014-01-10,40.27000045776367,30.67900276184082
2014-01-13,39.790000915527344,30.313323974609375
2014-01-14,40.220001220703125,30.64092254638672
2014-01-15,40.209999084472656,30.6332950592041
2014-01-16,39.9900016784668,30.46569061279297
2014-01-17,39.790000915527344,30.313323974609375
2014-01-21,39.72999954223633,30.267614364624023
2014-01-22,40.2599983215332,30.67137908935547
2014-01-23,39.27000045776367,29.917165756225586
2014-01-24,38.2400016784668,29.132482528686523
2014-01-27,38.09000015258789,29.01820182800293
2014-01-28,38.33000183105469,29.201053619384766
2014-01-29,37.779998779296875,28.782032012939453
2014-01-30,38.130001068115234,29.04867935180664
2014-01-31,38.189998626708984,29.094388961791992
2014-02-03,37.11000061035156,28.2716064453125
2014-02-04,37.86000061035156,28.84298324584961
2014-02-05,37.720001220703125,28.73632049560547
2014-02-06,38.5099983215332,29.33817481994629
2014-02-07,38.72999954223633,29.505781173706055
2014-02-10,38.29999923706055,29.17819595336914
2014-02-11,39.130001068115234,29.81051254272461
2014-02-12,39.13999938964844,29.818124771118164
2014-02-13,39.18000030517578,29.848604202270508
2014-02-14,39.65999984741211,30.21428108215332
2014-02-18,39.290000915527344,29.932403564453125
2014-02-19,39.02000045776367,29.726707458496094
2014-02-20,39.15999984741211,29.833358764648438
2014-02-21,39.43000030517578,30.03905487060547
2014-02-24,39.43000030517578,30.03905487060547
2014-02-25,38.97999954223633,29.696239471435547
2014-02-26,39.0099983215332,29.719093322753906
2014-02-27,39.75,30.282852172851562
2014-02-28,39.47999954223633,30.077150344848633
2014-03-03,38.779998779296875,29.543872833251953
2014-03-04,39.439998626708984,30.046674728393555
2014-03-05,39.470001220703125,30.069536209106445
2014-03-06,40.029998779296875,30.49616241455078
2014-03-07,39.52000045776367,30.10762596130371
2014-03-10,39.25,29.901933670043945
2014-03-11,38.810001373291016,29.566722869873047
2014-03-12,38.88999938964844,29.627670288085938
2014-03-13,38.189998626708984,29.094388961791992
2014-03-14,38.400001525878906,29.25438117980957
2014-03-17,38.869998931884766,29.61243438720703
2014-03-18,39.40999984741211,30.023822784423828
2014-03-19,38.56999969482422,29.383886337280273
2014-03-20,38.7400016784668,29.513395309448242
2014-03-21,38.97999954223633,29.696239471435547
2014-03-24,39.36000061035156,29.985733032226562
2014-03-25,39.810001373291016,30.32855987548828
2014-03-26,39.900001525878906,30.397125244140625
2014-03-27,40.41999816894531,30.793277740478516
2014-03-28,40.7400016784668,31.037059783935547
2014-03-31,41.0099983215332,31.242759704589844
2014-04-01,41.4900016784668,31.608440399169922
2014-04-02,41.56999969482422,31.669382095336914
2014-04-03,41.40999984741211,31.54749298095703
2014-04-04,41.29999923706055,31.463693618774414
2014-04-07,41.47999954223633,31.60082244873047
2014-04-08,41.959999084472656,31.966501235961914
2014-04-09,42.279998779296875,32.21029281616211
2014-04-10,41.83000183105469,31.867462158203125
2014-04-11,41.83000183105469,31.867462158203125
2014-04-14,41.7400016784668,31.798900604248047
2014-04-15,41.11000061035156,31.318941116333008
2014-04-16,41.630001068115234,31.71509552001953
2014-04-17,42.0099983215332,32.00459671020508
2014-04-21,41.75,31.806514739990234
2014-04-22,41.63999938964844,31.722721099853516
2014-04-23,41.34000015258789,31.49416732788086
2014-04-24,41.380001068115234,31.524641036987305
2014-04-25,40.81999969482422,31.098012924194336
2014-04-28,41.02000045776367,31.250375747680664
2014-04-29,41.40999984741211,31.54749298095703
2014-04-30,41.33000183105469,31.486547470092773
2014-05-01,41.380001068115234,31.524641036987305
2014-05-02,41.61000061035156,31.699857711791992
2014-05-05,41.380001068115234,31.524641036987305
2014-05-06,41.56999969482422,31.669382095336914
2014-05-07,41.790000915527344,31.836994171142578
2014-05-08,41.689998626708984,31.760801315307617
2014-05-09,41.619998931884766,31.70747947692871
2014-05-12,42.31999969482422,32.240760803222656
2014-05-13,42.47999954223633,32.36265563964844
2014-05-14,42.779998779296875,32.59120178222656
2014-05-15,42.380001068115234,32.286468505859375
2014-05-16,42.939998626708984,32.71309280395508
2014-05-19,42.939998626708984,32.71309280395508
2014-05-20,42.59000015258789,32.44645309448242
2014-05-21,42.91999816894531,32.697853088378906
2014-05-22,43.220001220703125,32.92641067504883
2014-05-23,43.13999938964844,32.86545944213867
2014-05-27,42.77000045776367,32.583587646484375
2014-05-28,43.02000045776367,32.7740364074707
2014-05-29,43.13999938964844,32.86545944213867
2014-05-30,42.54999923706055,32.415977478027344
2014-06-02,42.68000030517578,32.51502227783203
2014-06-03,42.91999816894531,32.697853088378906
2014-06-04,42.68000030517578,32.51502227783203
2014-06-05,43.130001068115234,32.85783767700195
2014-06-06,43.560001373291016,33.185428619384766
2014-06-09,43.720001220703125,33.30733108520508
2014-06-10,43.95000076293945,33.48255157470703
2014-06-11,43.79999923706055,33.36827087402344
2014-06-12,43.59000015258789,33.208282470703125
2014-06-13,43.61000061035156,33.22352981567383
2014-06-16,43.40999984741211,33.07115173339844
2014-06-17,43.41999816894531,33.078773498535156
2014-06-18,43.900001525878906,33.444454193115234
2014-06-19,43.650001525878906,33.25399398803711
2014-06-20,43.560001373291016,33.185428619384766
2014-06-23,43.470001220703125,33.11687088012695
2014-06-24,43.45000076293945,33.101627349853516
2014-06-25,43.20000076293945,33.17150115966797
2014-06-26,43.25,33.20989227294922
2014-06-27,43.349998474121094,33.286685943603516
2014-06-30,43.22999954223633,33.194541931152344
2014-07-01,43.63999938964844,33.50936508178711
2014-07-02,43.900001525878906,33.70900344848633
2014-07-03,44.15999984741211,33.908653259277344
2014-07-07,44.130001068115234,33.88561248779297
2014-07-08,43.93000030517578,33.732032775878906
2014-07-09,44.18000030517578,33.92399978637695
2014-07-10,43.939998626708984,33.73971176147461
2014-07-11,43.88999938964844,33.70132064819336
2014-07-14,44.22999954223633,33.96240234375
2014-07-15,44.20000076293945,33.93936538696289
2014-07-16,44.310001373291016,34.02381134033203
2014-07-17,43.47999954223633,33.38650131225586
2014-07-18,44.15999984741211,33.908653259277344
2014-07-21,44.310001373291016,34.02381134033203
2014-07-22,44.720001220703125,34.33865737915039
2014-07-23,44.7599983215332,34.369354248046875
2014-07-24,44.959999084472656,34.52293014526367
2014-07-25,44.779998779296875,34.384727478027344
2014-07-28,45.09000015258789,34.62275695800781
2014-07-29,44.81999969482422,34.415443420410156
2014-07-30,44.599998474121094,34.246498107910156
2014-07-31,43.81999969482422,33.647579193115234
2014-08-01,44.060001373291016,33.831871032714844
2014-08-04,44.470001220703125,34.14669418334961
2014-08-05,43.790000915527344,33.624542236328125
2014-08-06,43.4900016784668,33.394187927246094
2014-08-07,43.31999969482422,33.26364517211914
2014-08-08,43.709999084472656,33.563106536865234
2014-08-11,44.27000045776367,33.993106842041016
2014-08-12,44.31999969482422,34.03150177001953
2014-08-13,44.560001373291016,34.215797424316406
2014-08-14,44.630001068115234,34.269535064697266
2014-08-15,44.5099983215332,34.177391052246094
2014-08-18,44.939998626708984,34.50757598876953
2014-08-19,45.150001525878906,34.6688346862793
2014-08-20,45.060001373291016,34.5997200012207
2014-08-21,44.869998931884766,34.45383071899414
2014-08-22,44.75,34.3616943359375
2014-08-25,45.08000183105469,34.61507797241211
2014-08-26,45.349998474121094,34.82240676879883
2014-08-27,45.58000183105469,34.99900817871094
2014-08-28,45.130001068115234,34.65346908569336
2014-08-29,45.060001373291016,34.5997200012207
2014-09-02,44.9900016784668,34.54597091674805
2014-09-03,45.58000183105469,34.99900817871094
2014-09-04,45.459999084472656,34.906864166259766
2014-09-05,45.849998474121094,35.206329345703125
2014-09-08,45.310001373291016,34.79168701171875
2014-09-09,44.75,34.3616943359375
2014-09-10,44.560001373291016,34.215797424316406
2014-09-11,44.2599983215332,33.985435485839844
2014-09-12,43.790000915527344,33.624542236328125
2014-09-15,43.56999969482422,33.45560836791992
2014-09-16,44.13999938964844,33.89329147338867
2014-09-17,43.72999954223633,33.578460693359375
2014-09-18,43.790000915527344,33.624542236328125
2014-09-19,43.459999084472656,33.37115478515625
2014-09-22,42.79999923706055,32.86435317993164
2014-09-23,42.560001373291016,32.68006896972656
2014-09-24,43.16999816894531,33.148468017578125
2014-09-25,42.22999954223633,32.42667770385742
2014-09-26,42.41999816894531,32.572574615478516
2014-09-29,41.560001373291016,31.912216186523438
2014-09-30,41.560001373291016,31.912216186523438
2014-10-01,40.709999084472656,31.259536743164062
2014-10-02,40.93000030517578,31.42845916748047
2014-10-03,41.279998779296875,31.697216033935547
2014-10-06,41.81999969482422,32.11186218261719
2014-10-07,41.45000076293945,31.8277645111084
2014-10-08,42.06999969482422,32.30382537841797
2014-10-09,41.40999984741211,31.797029495239258
2014-10-10,40.5099983215332,31.1059627532959
2014-10-13,40.91999816894531,31.42078399658203
2014-10-14,41.15999984741211,31.605064392089844
2014-10-15,40.63999938964844,31.205778121948242
2014-10-16,40.27000045776367,30.92167854309082
2014-10-17,40.720001220703125,31.267215728759766
2014-10-20,40.84000015258789,31.35935401916504
2014-10-21,41.0099983215332,31.489891052246094
2014-10-22,40.7400016784668,31.28257942199707
2014-10-23,40.72999954223633,31.274887084960938
2014-10-24,41.02000045776367,31.497570037841797
2014-10-27,40.70000076293945,31.251855850219727
2014-10-28,41.52000045776367,31.881500244140625
2014-10-29,41.58000183105469,31.927574157714844
2014-10-30,41.970001220703125,32.22703552246094
2014-10-31,42.150001525878906,32.36524963378906
2014-11-03,41.79999923706055,32.09650421142578
2014-11-04,41.84000015258789,32.12721252441406
2014-11-05,41.470001220703125,31.843107223510742
2014-11-06,40.959999084472656,31.45149803161621
2014-11-07,41.220001220703125,31.651134490966797
2014-11-10,41.33000183105469,31.73560905456543
2014-11-11,41.290000915527344,31.704896926879883
2014-11-12,41.209999084472656,31.643465042114258
2014-11-13,41.099998474121094,31.558990478515625
2014-11-14,41.439998626708984,31.820072174072266
2014-11-17,41.0,31.48221778869629
2014-11-18,41.220001220703125,31.651134490966797
2014-11-19,41.20000076293945,31.635787963867188
2014-11-20,41.130001068115234,31.582021713256836
2014-11-21,42.439998626708984,32.58793640136719
2014-11-24,42.09000015258789,32.319175720214844
2014-11-25,41.81999969482422,32.11186218261719
2014-11-26,42.349998474121094,32.51882553100586
2014-11-28,41.5,31.86614227294922
2014-12-01,40.790000915527344,31.32097053527832
2014-12-02,40.779998779296875,31.313283920288086
2014-12-03,40.88999938964844,31.397748947143555
2014-12-04,40.959999084472656,31.45149803161621
2014-12-05,40.880001068115234,31.390077590942383
2014-12-08,40.279998779296875,30.92936134338379
2014-12-09,39.900001525878906,30.63756561279297
2014-12-10,39.310001373291016,30.184532165527344
2014-12-11,38.97999954223633,29.93113899230957
2014-12-12,38.34000015258789,29.43971061706543
2014-12-15,37.790000915527344,29.017385482788086
2014-12-16,37.72999954223633,28.971311569213867
2014-12-17,38.04999923706055,29.63727569580078
2014-12-18,38.56999969482422,30.04231071472168
2014-12-19,38.84000015258789,30.25261688232422
2014-12-22,39.380001068115234,30.673221588134766
2014-12-23,39.02000045776367,30.3928165435791
2014-12-24,39.11000061035156,30.462913513183594
2014-12-26,39.41999816894531,30.70438003540039
2014-12-29,39.18000030517578,30.517440795898438
2014-12-30,39.2599983215332,30.57974624633789
2014-12-31,39.290000915527344,30.603116989135742
2015-01-02,38.77000045776367,30.198091506958008
2015-01-05,38.08000183105469,29.660642623901367
2015-01-06,37.91999816894531,29.53602409362793
2015-01-07,38.7400016784668,30.174724578857422
2015-01-08,39.400001525878906,30.688796997070312
2015-01-09,39.27000045776367,30.58753776550293
2015-01-12,38.95000076293945,30.338293075561523
2015-01-13,39.290000915527344,30.603116989135742
2015-01-14,39.06999969482422,30.431764602661133
2015-01-15,39.15999984741211,30.50185203552246
2015-01-16,39.4900016784668,30.758907318115234
2015-01-20,39.43000030517578,30.712162017822266
2015-01-21,40.29999923706055,31.389814376831055
2015-01-22,41.06999969482422,31.989572525024414
2015-01-23,40.7599983215332,31.74810028076172
2015-01-26,40.779998779296875,31.763683319091797
2015-01-27,40.560001373291016,31.592323303222656
2015-01-28,40.119998931884766,31.249608993530273
2015-01-29,40.119998931884766,31.249608993530273
2015-01-30,39.02000045776367,30.3928165435791
2015-02-02,39.720001220703125,30.938045501708984
2015-02-03,40.470001220703125,31.522233963012695
2015-02-04,40.27000045776367,31.36644744873047
2015-02-05,40.5099983215332,31.55338478088379
2015-02-06,39.81999969482422,31.015932083129883
2015-02-09,39.7599983215332,30.969202041625977
2015-02-10,39.65999984741211,30.891307830810547
2015-02-11,39.369998931884766,30.665435791015625
2015-02-12,40.209999084472656,31.319705963134766
2015-02-13,40.66999816894531,31.678003311157227
2015-02-17,40.58000183105469,31.60790252685547
2015-02-18,40.56999969482422,31.600116729736328
2015-02-19,40.400001525878906,31.467700958251953
2015-02-20,40.66999816894531,31.678003311157227
2015-02-23,40.2599983215332,31.358652114868164
2015-02-24,40.84000015258789,31.810422897338867
2015-02-25,40.7599983215332,31.74810028076172
2015-02-26,40.77000045776367,31.755897521972656
2015-02-27,40.7400016784668,31.732524871826172
2015-03-02,40.68000030517578,31.6857967376709
2015-03-03,40.369998931884766,31.444334030151367
2015-03-04,39.93000030517578,31.10161590576172
2015-03-05,39.869998931884766,31.054882049560547
2015-03-06,39.2599983215332,30.57974624633789
2015-03-09,39.11000061035156,30.462913513183594
2015-03-10,38.2400016784668,29.785266876220703
2015-03-11,38.529998779296875,30.011152267456055
2015-03-12,38.77000045776367,30.198091506958008
2015-03-13,38.29999923706055,29.831998825073242
2015-03-16,38.7599983215332,30.190298080444336
2015-03-17,39.209999084472656,30.54080581665039
2015-03-18,40.16999816894531,31.28855323791504
2015-03-19,39.4900016784668,30.758907318115234
2015-03-20,40.08000183105469,31.218456268310547
2015-03-23,40.20000076293945,31.311920166015625
2015-03-24,40.36000061035156,31.436542510986328
2015-03-25,39.720001220703125,30.938045501708984
2015-03-26,39.349998474121094,30.649852752685547
2015-03-27,39.459999084472656,30.73552894592285
2015-03-30,40.220001220703125,31.32750129699707
2015-03-31,40.130001068115234,31.257394790649414
2015-04-01,40.630001068115234,31.646846771240234
2015-04-02,41.2400016784668,32.121986389160156
2015-04-06,41.77000045776367,32.5348014831543
2015-04-07,41.560001373291016,32.37123107910156
2015-04-08,42.43000030517578,33.04887008666992
2015-04-09,42.849998474121094,33.376014709472656
2015-04-10,42.880001068115234,33.399383544921875
2015-04-13,42.630001068115234,33.20466613769531
2015-04-14,42.81999969482422,33.352657318115234
2015-04-15,43.119998931884766,33.58631134033203
2015-04-16,43.459999084472656,33.85114669799805
2015-04-17,42.70000076293945,33.25918197631836
2015-04-20,42.65999984741211,33.22802734375
2015-04-21,42.90999984741211,33.42275619506836
2015-04-22,43.369998931884766,33.781044006347656
2015-04-23,43.689998626708984,34.03029251098633
2015-04-24,43.849998474121094,34.1549186706543
2015-04-27,44.02000045776367,34.28733444213867
2015-04-28,44.09000015258789,34.341854095458984
2015-04-29,43.540000915527344,33.913455963134766
2015-04-30,42.880001068115234,33.399383544921875
2015-05-01,43.13999938964844,33.60189437866211
2015-05-04,43.38999938964844,33.7966194152832
2015-05-05,42.91999816894531,33.4305305480957
2015-05-06,42.38999938964844,33.01772689819336
2015-05-07,42.33000183105469,32.97098159790039
2015-05-08,42.869998931884766,33.39158630371094
2015-05-11,42.459999084472656,33.07224655151367
2015-05-12,42.31999969482422,32.96319580078125
2015-05-13,42.400001525878906,33.0255012512207
2015-05-14,42.81999969482422,33.352657318115234
2015-05-15,43.150001525878906,33.60968780517578
2015-05-18,42.709999084472656,33.266963958740234
2015-05-19,42.779998779296875,33.32149124145508
2015-05-20,42.75,33.29812240600586
2015-05-21,42.599998474121094,33.1812858581543
2015-05-22,42.7400016784668,33.29033279418945
2015-05-26,42.060001373291016,32.76067352294922
2015-05-27,42.06999969482422,32.76847457885742
2015-05-28,41.52000045776367,32.3400764465332
2015-05-29,41.119998931884766,32.02851867675781
2015-06-01,40.959999084472656,31.903892517089844
2015-06-02,41.119998931884766,32.02851867675781
2015-06-03,40.90999984741211,31.864944458007812
2015-06-04,40.290000915527344,31.38202476501465
2015-06-05,40.11000061035156,31.24181365966797
2015-06-08,40.099998474121094,31.23402976989746
2015-06-09,39.86000061035156,31.047100067138672
2015-06-10,40.439998626708984,31.498855590820312
2015-06-11,40.2400016784668,31.34307098388672
2015-06-12,40.2400016784668,31.34307098388672
2015-06-15,39.790000915527344,30.992570877075195
2015-06-16,39.79999923706055,31.000362396240234
2015-06-17,40.040000915527344,31.187294006347656
2015-06-18,40.40999984741211,31.47549057006836
2015-06-19,40.060001373291016,31.20287322998047
2015-06-22,40.63999938964844,31.654640197753906
2015-06-23,41.040000915527344,31.966196060180664
2015-06-24,40.75,31.740310668945312
2015-06-25,40.310001373291016,31.631244659423828
2015-06-26,39.93000030517578,31.333059310913086
2015-06-29,39.040000915527344,30.634672164916992
2015-06-30,39.619998931884766,31.08979606628418
2015-07-01,39.59000015258789,31.066255569458008
2015-07-02,39.779998779296875,31.215354919433594
2015-07-06,38.66999816894531,30.34433364868164
2015-07-07,38.09000015258789,29.88920783996582
2015-07-08,36.779998779296875,28.861249923706055
2015-07-09,37.4900016784668,29.418397903442383
2015-07-10,38.439998626708984,30.163862228393555
2015-07-13,38.70000076293945,30.36787986755371
2015-07-14,38.77000045776367,30.422809600830078
2015-07-15,38.33000183105469,30.077539443969727
2015-07-16,38.810001373291016,30.45419692993164
2015-07-17,38.7599983215332,30.41495704650879
2015-07-20,38.5099983215332,30.218788146972656
2015-07-21,38.52000045776367,30.22663116455078
2015-07-22,37.970001220703125,29.795047760009766
2015-07-23,37.599998474121094,29.50470733642578
2015-07-24,37.060001373291016,29.080968856811523
2015-07-27,36.36000061035156,28.53167152404785
2015-07-28,36.72999954223633,28.822025299072266
2015-07-29,37.09000015258789,29.104507446289062
2015-07-30,36.720001220703125,28.81416893005371
2015-07-31,37.119998931884766,29.128055572509766
2015-08-03,36.5,28.641538619995117
2015-08-04,36.630001068115234,28.743547439575195
2015-08-05,36.63999938964844,28.751394271850586
2015-08-06,36.31999969482422,28.50029182434082
2015-08-07,36.29999923706055,28.484590530395508
2015-08-10,36.90999984741211,28.96326446533203
2015-08-11,36.099998474121094,28.327653884887695
2015-08-12,35.540000915527344,27.888225555419922
2015-08-13,35.47999954223633,27.841148376464844
2015-08-14,35.529998779296875,27.880386352539062
2015-08-17,35.13999938964844,27.57435417175293
2015-08-18,34.7599983215332,27.276165008544922
2015-08-19,34.33000183105469,26.93874168395996
2015-08-20,33.790000915527344,26.515005111694336
2015-08-21,32.75,25.698915481567383
2015-08-24,31.31999969482422,24.576797485351562
2015-08-25,31.719999313354492,24.890670776367188
2015-08-26,32.77000045776367,25.7146053314209
2015-08-27,34.220001220703125,26.852428436279297
2015-08-28,33.779998779296875,26.50715446472168
2015-08-31,33.84000015258789,26.554243087768555
2015-09-01,32.529998779296875,25.52627944946289
2015-09-02,33.0,25.895090103149414
2015-09-03,33.130001068115234,25.997106552124023
2015-09-04,32.13999938964844,25.220245361328125
2015-09-08,33.15999984741211,26.020645141601562
2015-09-09,32.9900016784668,25.88724136352539
2015-09-10,33.33000183105469,26.154037475585938
2015-09-11,33.459999084472656,26.256053924560547
2015-09-14,33.40999984741211,26.216814041137695
2015-09-15,33.72999954223633,26.467920303344727
2015-09-16,34.54999923706055,27.111373901367188
2015-09-17,34.470001220703125,27.048599243164062
2015-09-18,33.83000183105469,26.546396255493164
2015-09-21,33.77000045776367,26.49930763244629
2015-09-22,33.13999938964844,26.00494956970215
2015-09-23,32.61000061035156,25.589059829711914
2015-09-24,32.470001220703125,25.47920036315918
2015-09-25,32.400001525878906,25.42426872253418
2015-09-28,31.709999084472656,24.88282585144043
2015-09-29,31.860000610351562,25.000530242919922
2015-09-30,32.779998779296875,25.722450256347656
2015-10-01,32.959999084472656,25.86370086669922
2015-10-02,33.84000015258789,26.554243087768555
2015-10-05,34.56999969482422,27.12706756591797
2015-10-06,34.5099983215332,27.079986572265625
2015-10-07,35.43000030517578,27.801910400390625
2015-10-08,35.810001373291016,28.100099563598633
2015-10-09,35.939998626708984,28.202106475830078
2015-10-12,35.66999816894531,27.990234375
2015-10-13,35.09000015258789,27.535114288330078
2015-10-14,35.36000061035156,27.746986389160156
2015-10-15,36.220001220703125,28.42182731628418
2015-10-16,36.25,28.445362091064453
2015-10-19,35.880001068115234,28.155033111572266
2015-10-20,35.869998931884766,28.147172927856445
2015-10-21,35.349998474121094,27.739131927490234
2015-10-22,36.08000183105469,28.311969757080078
2015-10-23,36.290000915527344,28.47675132751465
2015-10-26,35.959999084472656,28.21779441833496
2015-10-27,35.54999923706055,27.896076202392578
2015-10-28,35.13999938964844,27.57435417175293
2015-10-29,34.810001373291016,27.315399169921875
2015-10-30,34.869998931884766,27.362476348876953
2015-11-02,35.560001373291016,27.903926849365234
2015-11-03,36.029998779296875,28.272722244262695
2015-11-04,35.7400016784668,28.045169830322266
2015-11-05,35.79999923706055,28.092243194580078
2015-11-06,35.29999923706055,27.699905395507812
2015-11-09,34.41999816894531,27.009363174438477
2015-11-10,34.27000045776367,26.89165496826172
2015-11-11,34.34000015258789,26.946590423583984
2015-11-12,34.0099983215332,26.687631607055664
2015-11-13,33.540000915527344,26.318828582763672
2015-11-16,34.189998626708984,26.828882217407227
2015-11-17,34.09000015258789,26.750410079956055
2015-11-18,34.459999084472656,27.040748596191406
2015-11-19,34.77000045776367,27.28400993347168
2015-11-20,35.119998931884766,27.55864715576172
2015-11-23,34.790000915527344,27.299701690673828
2015-11-24,34.970001220703125,27.440954208374023
2015-11-25,34.70000076293945,27.22907829284668
2015-11-27,33.939998626708984,26.632705688476562
2015-11-30,33.9900016784668,26.67194175720215
2015-12-01,34.25,26.875967025756836
2015-12-02,33.84000015258789,26.554243087768555
2015-12-03,33.650001525878906,26.4051456451416
2015-12-04,33.880001068115234,26.58562469482422
2015-12-07,33.31999969482422,26.14619255065918
2015-12-08,32.95000076293945,25.85585594177246
2015-12-09,32.68000030517578,25.643983840942383
2015-12-10,32.459999084472656,25.471355438232422
2015-12-11,31.549999237060547,24.75727653503418
2015-12-14,32.060001373291016,25.157474517822266
2015-12-15,32.54999923706055,25.541973114013672
2015-12-16,33.189998626708984,26.044178009033203
2015-12-17,32.7599983215332,25.70676040649414
2015-12-18,32.650001525878906,25.620447158813477
2015-12-21,32.400001525878906,25.820476531982422
2015-12-22,32.65999984741211,26.027679443359375
2015-12-23,33.119998931884766,26.394258499145508
2015-12-24,33.0,26.298629760742188
2015-12-28,32.77000045776367,26.115337371826172
2015-12-29,32.79999923706055,26.13924789428711
2015-12-30,32.290000915527344,25.73281478881836
2015-12-31,32.189998626708984,25.653118133544922
2016-01-04,31.309999465942383,24.95182228088379
2016-01-05,31.3799991607666,25.007606506347656
2016-01-06,30.780000686645508,24.529451370239258
2016-01-07,29.829999923706055,23.772369384765625
2016-01-08,29.510000228881836,23.517351150512695
2016-01-11,29.5,23.509382247924805
2016-01-12,29.559999465942383,23.55719757080078
2016-01-13,29.25,23.310150146484375
2016-01-14,29.6299991607666,23.61298179626465
2016-01-15,28.459999084472656,22.680578231811523
2016-01-19,28.8799991607666,23.015281677246094
2016-01-20,28.25,22.51321792602539
2016-01-21,28.360000610351562,22.60088539123535
2016-01-22,29.329999923706055,23.3739013671875
2016-01-25,28.829999923706055,22.975439071655273
2016-01-26,29.25,23.310150146484375
2016-01-27,29.149999618530273,23.230453491210938
2016-01-28,29.610000610351562,23.597042083740234
2016-01-29,30.56999969482422,24.36209487915039
2016-02-01,30.280000686645508,24.1309871673584
2016-02-02,29.299999237060547,23.349992752075195
2016-02-03,30.1299991607666,24.011445999145508
2016-02-04,30.360000610351562,24.194744110107422
2016-02-05,30.010000228881836,23.915817260742188
2016-02-08,29.600000381469727,23.58907699584961
2016-02-09,29.190000534057617,23.262332916259766
2016-02-10,29.309999465942383,23.35796546936035
2016-02-11,28.81999969482422,22.967472076416016
2016-02-12,29.31999969482422,23.365942001342773
2016-02-16,29.969999313354492,23.883939743041992
2016-02-17,30.559999465942383,24.354122161865234
2016-02-18,30.3799991607666,24.210678100585938
2016-02-19,30.239999771118164,24.099109649658203
2016-02-22,30.989999771118164,24.696807861328125
2016-02-23,30.329999923706055,24.170833587646484
2016-02-24,30.260000228881836,24.11505126953125
2016-02-25,30.360000610351562,24.194744110107422
2016-02-26,30.059999465942383,23.95566177368164
2016-02-29,30.31999969482422,24.162866592407227
2016-03-01,31.399999618530273,25.023542404174805
2016-03-02,31.81999969482422,25.358257293701172
2016-03-03,32.18000030517578,25.645151138305664
2016-03-04,32.81999969482422,26.155179977416992
2016-03-07,32.77000045776367,26.115337371826172
2016-03-08,32.209999084472656,25.66905403137207
2016-03-09,32.40999984741211,25.82844352722168
2016-03-10,32.459999084472656,25.868288040161133
2016-03-11,33.13999938964844,26.410202026367188
2016-03-14,32.939998626708984,26.250810623168945
2016-03-15,32.470001220703125,25.876256942749023
2016-03-16,33.119998931884766,26.394258499145508
2016-03-17,33.849998474121094,26.97601890563965
2016-03-18,34.029998779296875,27.11946678161621
2016-03-21,34.099998474121094,27.17525291442871
2016-03-22,34.02000045776367,27.111492156982422
2016-03-23,33.439998626708984,26.649282455444336
2016-03-24,33.36000061035156,26.585521697998047
2016-03-28,33.470001220703125,26.67318344116211
2016-03-29,33.93000030517578,27.039775848388672
2016-03-30,34.279998779296875,27.318702697753906
2016-03-31,34.25,27.2947940826416
2016-04-01,34.150001525878906,27.2150936126709
2016-04-04,33.7400016784668,26.888351440429688
2016-04-05,33.08000183105469,26.362380981445312
2016-04-06,33.47999954223633,26.681154251098633
2016-04-07,32.810001373291016,26.147218704223633
2016-04-08,33.380001068115234,26.601463317871094
2016-04-11,33.810001373291016,26.94414520263672
2016-04-12,34.33000183105469,27.358543395996094
2016-04-13,34.939998626708984,27.84466552734375
2016-04-14,34.77000045776367,27.70918846130371
2016-04-15,34.56999969482422,27.549814224243164
2016-04-18,34.72999954223633,27.67731285095215
2016-04-19,35.2599983215332,28.099689483642578
2016-04-20,35.099998474121094,27.972177505493164
2016-04-21,34.75,27.69325828552246
2016-04-22,34.540000915527344,27.525903701782227
2016-04-25,34.31999969482422,27.350574493408203
2016-04-26,34.689998626708984,27.645442962646484
2016-04-27,34.900001525878906,27.812795639038086
2016-04-28,34.540000915527344,27.525903701782227
2016-04-29,34.38999938964844,27.406360626220703
2016-05-02,34.29999923706055,27.33464241027832
2016-05-03,33.33000183105469,26.561616897583008
2016-05-04,32.790000915527344,26.13127326965332
2016-05-05,32.779998779296875,26.123308181762695
2016-05-06,32.83000183105469,26.16315269470215
2016-05-09,32.40999984741211,25.82844352722168
2016-05-10,33.029998779296875,26.322540283203125
2016-05-11,32.95000076293945,26.258785247802734
2016-05-12,32.86000061035156,26.187057495117188
2016-05-13,32.27000045776367,25.716873168945312
2016-05-16,32.65999984741211,26.027679443359375
2016-05-17,32.5099983215332,25.908132553100586
2016-05-18,32.189998626708984,25.653118133544922
2016-05-19,31.889999389648438,25.414039611816406
2016-05-20,32.209999084472656,25.66905403137207
2016-05-23,32.150001525878906,25.621244430541992
2016-05-24,32.47999954223633,25.884225845336914
2016-05-25,32.869998931884766,26.195032119750977
2016-05-26,33.09000015258789,26.37035369873047
2016-05-27,33.08000183105469,26.362380981445312
2016-05-31,33.119998931884766,26.394258499145508
2016-06-01,33.099998474121094,26.378324508666992
2016-06-02,33.369998931884766,26.59349822998047
2016-06-03,33.880001068115234,26.999927520751953
2016-06-06,34.2400016784668,27.286823272705078
2016-06-07,34.54999923706055,27.533863067626953
2016-06-08,34.79999923706055,27.733104705810547
2016-06-09,34.400001525878906,27.414329528808594
2016-06-10,33.529998779296875,26.721004486083984
2016-06-13,33.060001373291016,26.346446990966797
2016-06-14,32.95000076293945,26.258785247802734
2016-06-15,33.29999923706055,26.537708282470703
2016-06-16,33.18000030517578,26.442079544067383
2016-06-17,33.27000045776367,26.513805389404297
2016-06-20,33.86000061035156,26.983989715576172
2016-06-21,34.119998931884766,27.19118881225586
2016-06-22,33.939998626708984,27.260263442993164
2016-06-23,34.7599983215332,27.91887855529785
2016-06-24,32.650001525878906,26.224151611328125
2016-06-27,32.22999954223633,25.886810302734375
2016-06-28,33.18000030517578,26.64984130859375
2016-06-29,34.02000045776367,27.324512481689453
2016-06-30,34.36000061035156,27.597604751586914
2016-07-01,34.689998626708984,27.862661361694336
2016-07-05,33.95000076293945,27.268299102783203
2016-07-06,33.86000061035156,27.196008682250977
2016-07-07,33.77000045776367,27.123722076416016
2016-07-08,34.5,27.710046768188477
2016-07-11,34.83000183105469,27.9751033782959
2016-07-12,35.31999969482422,28.368669509887695
2016-07-13,35.2599983215332,28.32047462463379
2016-07-14,35.77000045776367,28.730100631713867
2016-07-15,35.689998626708984,28.66584587097168
2016-07-18,36.0099983215332,28.922866821289062
2016-07-19,35.63999938964844,28.625688552856445
2016-07-20,35.81999969482422,28.770265579223633
2016-07-21,35.709999084472656,28.681913375854492
2016-07-22,35.970001220703125,28.89073944091797
2016-07-25,35.61000061035156,28.601594924926758
2016-07-26,35.88999938964844,28.826492309570312
2016-07-27,36.0099983215332,28.922866821289062
2016-07-28,36.02000045776367,28.930898666381836
2016-07-29,36.209999084472656,29.083507537841797
2016-08-01,36.13999938964844,29.02728271484375
2016-08-02,35.880001068115234,28.818452835083008
2016-08-03,36.0,28.91482925415039
2016-08-04,36.20000076293945,29.075475692749023
2016-08-05,36.619998931884766,29.41281509399414
2016-08-08,36.880001068115234,29.62163734436035
2016-08-09,37.130001068115234,29.82244300842285
2016-08-10,37.13999938964844,29.830467224121094
2016-08-11,37.619998931884766,30.216001510620117
2016-08-12,37.47999954223633,30.10355567932129
2016-08-15,37.869998931884766,30.416793823242188
2016-08-16,37.70000076293945,30.280256271362305
2016-08-17,37.459999084472656,30.08749008178711
2016-08-18,37.810001373291016,30.368619918823242
2016-08-19,37.599998474121094,30.199941635131836
2016-08-22,37.099998474121094,29.798343658447266
2016-08-23,36.95000076293945,29.677875518798828
2016-08-24,37.04999923706055,29.75818634033203
2016-08-25,37.08000183105469,29.782291412353516
2016-08-26,36.7599983215332,29.525257110595703
2016-08-29,37.040000915527344,29.750150680541992
2016-08-30,36.939998626708984,29.669832229614258
2016-08-31,36.529998779296875,29.34052276611328
2016-09-01,36.810001373291016,29.56542205810547
2016-09-02,37.40999984741211,30.047332763671875
2016-09-06,38.209999084472656,30.68988800048828
2016-09-07,38.09000015258789,30.593503952026367
2016-09-08,37.9900016784668,30.513179779052734
2016-09-09,36.709999084472656,29.4851016998291
2016-09-12,36.959999084472656,29.685901641845703
2016-09-13,36.029998779296875,28.93892478942871
2016-09-14,36.13999938964844,29.02728271484375
2016-09-15,36.7599983215332,29.525257110595703
2016-09-16,36.5099983215332,29.32445526123047
2016-09-19,36.79999923706055,29.557384490966797
2016-09-20,36.81999969482422,29.573448181152344
2016-09-21,37.849998474121094,30.400733947753906
2016-09-22,38.119998931884766,30.617597579956055
2016-09-23,37.630001068115234,30.224031448364258
2016-09-26,37.08000183105469,29.782291412353516
2016-09-27,37.61000061035156,30.207979202270508
2016-09-28,37.95000076293945,30.481050491333008
2016-09-29,37.290000915527344,29.950946807861328
2016-09-30,37.45000076293945,30.07946014404297
2016-10-03,37.709999084472656,30.28829574584961
2016-10-04,37.290000915527344,29.950946807861328
2016-10-05,37.83000183105469,30.384679794311523
2016-10-06,37.86000061035156,30.408771514892578
2016-10-07,37.689998626708984,30.272226333618164
2016-10-10,38.099998474121094,30.60153579711914
2016-10-11,37.220001220703125,29.894729614257812
2016-10-12,37.150001525878906,29.838504791259766
2016-10-13,36.81999969482422,29.573448181152344
2016-10-14,36.880001068115234,29.62163734436035
2016-10-17,36.84000015258789,29.58951759338379
2016-10-18,37.4900016784668,30.11159324645996
2016-10-19,37.720001220703125,30.296321868896484
2016-10-20,37.61000061035156,30.207979202270508
2016-10-21,37.599998474121094,30.199941635131836
2016-10-24,37.7599983215332,30.328449249267578
2016-10-25,37.79999923706055,30.36057472229004
2016-10-26,37.400001525878906,30.039308547973633
2016-10-27,37.08000183105469,29.782291412353516
2016-10-28,36.93000030517578,29.66179656982422
2016-10-31,37.13999938964844,29.830467224121094
2016-11-01,36.84000015258789,29.58951759338379
2016-11-02,36.400001525878906,29.236108779907227
2016-11-03,36.29999923706055,29.155790328979492
2016-11-04,35.93000030517578,28.858613967895508
2016-11-07,37.22999954223633,29.902755737304688
2016-11-08,37.470001220703125,30.095521926879883
2016-11-09,36.25,29.115631103515625
2016-11-10,35.220001220703125,28.28834342956543
2016-11-11,34.54999923706055,27.750202178955078
2016-11-14,34.29999923706055,27.54941749572754
2016-11-15,34.9900016784668,28.10361099243164
2016-11-16,34.70000076293945,27.870685577392578
2016-11-17,34.75,27.91084861755371
2016-11-18,34.59000015258789,27.782339096069336
2016-11-21,34.93000030517578,28.055419921875
2016-11-22,35.459999084472656,28.481107711791992
2016-11-23,35.08000183105469,28.175901412963867
2016-11-25,35.25,28.31243896484375
2016-11-28,35.38999938964844,28.424896240234375
2016-11-29,35.439998626708984,28.46505355834961
2016-11-30,35.5,28.51323699951172
2016-12-01,35.08000183105469,28.175901412963867
2016-12-02,35.119998931884766,28.208024978637695
2016-12-05,35.40999984741211,28.44095230102539
2016-12-06,35.599998474121094,28.59355354309082
2016-12-07,36.20000076293945,29.075475692749023
2016-12-08,36.36000061035156,29.2039794921875
2016-12-09,36.16999816894531,29.051374435424805
2016-12-12,35.93000030517578,28.858613967895508
2016-12-13,36.33000183105469,29.179887771606445
2016-12-14,35.25,28.31243896484375
2016-12-15,35.310001373291016,28.360633850097656
2016-12-16,35.150001525878906,28.232128143310547
2016-12-19,34.90999984741211,28.03936767578125
2016-12-20,35.029998779296875,28.1357421875
2016-12-21,34.4900016784668,28.018766403198242
2016-12-22,34.08000183105469,27.685686111450195
2016-12-23,34.279998779296875,27.848159790039062
2016-12-27,34.43000030517578,27.970014572143555
2016-12-28,34.689998626708984,28.181238174438477
2016-12-29,35.2599983215332,28.644287109375
2016-12-30,35.0099983215332,28.44118881225586
2017-01-03,35.43000030517578,28.782392501831055
2017-01-04,35.70000076293945,29.00172996520996
2017-01-05,36.09000015258789,29.318559646606445
2017-01-06,35.939998626708984,29.196704864501953
2017-01-09,35.90999984741211,29.172330856323242
2017-01-10,36.119998931884766,29.342927932739258
2017-01-11,36.54999923706055,29.692245483398438
2017-01-12,36.709999084472656,29.822233200073242
2017-01-13,36.68000030517578,29.7978572845459
2017-01-17,36.65999984741211,29.7816104888916
2017-01-18,36.459999084472656,29.619138717651367
2017-01-19,36.349998474121094,29.529781341552734
2017-01-20,36.41999816894531,29.58663558959961
2017-01-23,36.959999084472656,30.025327682495117
2017-01-24,37.189998626708984,30.2121639251709
2017-01-25,37.599998474121094,30.54524040222168
2017-01-26,37.439998626708984,30.415260314941406
2017-01-27,37.470001220703125,30.43963623046875
2017-01-30,37.27000045776367,30.277156829833984
2017-01-31,37.34000015258789,30.33401870727539
2017-02-01,37.36000061035156,30.35027313232422
2017-02-02,37.52000045776367,30.480255126953125
2017-02-03,37.75,30.667097091674805
2017-02-06,37.65999984741211,30.593978881835938
2017-02-07,37.470001220703125,30.43963623046875
2017-02-08,37.70000076293945,30.62648582458496
2017-02-09,37.869998931884766,30.76458168029785
2017-02-10,38.220001220703125,31.048906326293945
2017-02-13,38.34000015258789,31.146398544311523
2017-02-14,38.380001068115234,31.178895950317383
2017-02-15,38.689998626708984,31.43073272705078
2017-02-16,38.54999923706055,31.316987991333008
2017-02-17,38.38999938964844,31.18701171875
2017-02-21,38.810001373291016,31.52821922302246
2017-02-22,38.93000030517578,31.62569808959961
2017-02-23,38.939998626708984,31.63381576538086
2017-02-24,38.47999954223633,31.26012420654297
2017-02-27,38.36000061035156,31.162641525268555
2017-02-28,37.9900016784668,30.86206817626953
2017-03-01,38.58000183105469,31.341379165649414
2017-03-02,37.900001525878906,30.788955688476562
2017-03-03,38.189998626708984,31.0245418548584
2017-03-06,38.209999084472656,31.040794372558594
2017-03-07,38.25,31.073284149169922
2017-03-08,37.88999938964844,30.78083038330078
2017-03-09,37.59000015258789,30.537118911743164
2017-03-10,38.0099983215332,30.87831687927246
2017-03-13,38.540000915527344,31.308868408203125
2017-03-14,38.31999969482422,31.13015365600586
2017-03-15,39.31999969482422,31.94252586364746
2017-03-16,39.560001373291016,32.13749313354492
2017-03-17,39.4900016784668,32.08063507080078
2017-03-20,39.95000076293945,32.45431137084961
2017-03-21,39.5099983215332,32.09687805175781
2017-03-22,39.70000076293945,32.251224517822266
2017-03-23,39.709999084472656,32.25934600830078
2017-03-24,39.810001373291016,32.3405876159668
2017-03-27,39.70000076293945,32.251224517822266
2017-03-28,39.810001373291016,32.3405876159668
2017-03-29,39.880001068115234,32.3974609375
2017-03-30,39.66999816894531,32.22684860229492
2017-03-31,39.38999938964844,31.999380111694336
2017-04-03,39.61000061035156,32.17811965942383
2017-04-04,39.630001068115234,32.19436264038086
2017-04-05,39.5099983215332,32.09687805175781
2017-04-06,39.439998626708984,32.040008544921875
2017-04-07,39.369998931884766,31.983139038085938
2017-04-10,39.209999084472656,31.8531551361084
2017-04-11,39.119998931884766,31.780048370361328
2017-04-12,39.310001373291016,31.934406280517578
2017-04-13,39.13999938964844,31.796293258666992
2017-04-17,39.54999923706055,32.12936019897461
2017-04-18,39.04999923706055,31.723182678222656
2017-04-19,38.810001373291016,31.52821922302246
2017-04-20,39.290000915527344,31.918153762817383
2017-04-21,39.290000915527344,31.918153762817383
2017-04-24,39.849998474121094,32.373077392578125
2017-04-25,40.20000076293945,32.657405853271484
2017-04-26,40.04999923706055,32.53555679321289
2017-04-27,40.0,32.494937896728516
2017-04-28,40.060001373291016,32.54368591308594
2017-05-01,40.290000915527344,32.73052978515625
2017-05-02,40.58000183105469,32.96611022949219
2017-05-03,40.310001373291016,32.74678421020508
2017-05-04,39.86000061035156,32.3812141418457
2017-05-05,40.189998626708984,32.64928436279297
2017-05-08,40.18000030517578,32.64116287231445
2017-05-09,40.689998626708984,33.055477142333984
2017-05-10,40.959999084472656,33.274818420410156
2017-05-11,41.04999923706055,33.347930908203125
2017-05-12,41.220001220703125,33.48603820800781
2017-05-15,41.63999938964844,33.827239990234375
2017-05-16,41.68000030517578,33.85972595214844
2017-05-17,40.970001220703125,33.28294372558594
2017-05-18,40.290000915527344,32.73052978515625
2017-05-19,41.150001525878906,33.42916488647461
2017-05-22,41.189998626708984,33.46166229248047
2017-05-23,41.22999954223633,33.49415969848633
2017-05-24,41.38999938964844,33.62413787841797
2017-05-25,41.59000015258789,33.7866096496582
2017-05-26,41.7400016784668,33.90847396850586
2017-05-30,41.52000045776367,33.72975540161133
2017-05-31,41.20000076293945,33.46978759765625
2017-06-01,41.54999923706055,33.754112243652344
2017-06-02,41.7599983215332,33.92470932006836
2017-06-05,41.709999084472656,33.88409423828125
2017-06-06,41.72999954223633,33.90034484863281
2017-06-07,41.68000030517578,33.85972595214844
2017-06-08,41.93000030517578,34.06282043457031
2017-06-09,41.61000061035156,33.8028564453125
2017-06-12,41.38999938964844,33.62413787841797
2017-06-13,41.59000015258789,33.7866096496582
2017-06-14,41.58000183105469,33.77848815917969
2017-06-15,41.150001525878906,33.42916488647461
2017-06-16,41.220001220703125,33.48603820800781
2017-06-19,41.630001068115234,33.8191032409668
2017-06-20,40.97999954223633,33.445316314697266
2017-06-21,41.06999969482422,33.518760681152344
2017-06-22,41.279998779296875,33.69015884399414
2017-06-23,41.5,33.869712829589844
2017-06-26,41.900001525878906,34.19617462158203
2017-06-27,41.40999984741211,33.796260833740234
2017-06-28,41.72999954223633,34.05741882324219
2017-06-29,41.20000076293945,33.6248664855957
2017-06-30,41.38999938964844,33.77992630004883
2017-07-03,41.630001068115234,33.97581100463867
2017-07-05,41.54999923706055,33.9105110168457
2017-07-06,41.04999923706055,33.502445220947266
2017-07-07,41.130001068115234,33.5677375793457
2017-07-10,41.52000045776367,33.88603210449219
2017-07-11,41.86000061035156,34.163516998291016
2017-07-12,42.66999816894531,34.8245849609375
2017-07-13,42.880001068115234,34.995975494384766
2017-07-14,43.41999816894531,35.43668746948242
2017-07-17,43.220001220703125,35.27346420288086
2017-07-18,43.349998474121094,35.37955856323242
2017-07-19,43.709999084472656,35.673370361328125
2017-07-20,43.65999984741211,35.632564544677734
2017-07-21,43.630001068115234,35.60807800292969
2017-07-24,43.7599983215332,35.714176177978516
2017-07-25,43.650001525878906,35.6244010925293
2017-07-26,44.0099983215332,35.918216705322266
2017-07-27,43.77000045776367,35.722328186035156
2017-07-28,43.75,35.70602035522461
2017-07-31,43.79999923706055,35.7468147277832
2017-08-01,43.93000030517578,35.8529167175293
2017-08-02,43.970001220703125,35.885562896728516
2017-08-03,43.790000915527344,35.738670349121094
2017-08-04,43.95000076293945,35.86924743652344
2017-08-07,44.25,36.11409378051758
2017-08-08,44.2599983215332,36.12223815917969
2017-08-09,43.86000061035156,35.7957878112793
2017-08-10,42.81999969482422,34.9470100402832
2017-08-11,42.91999816894531,35.02861785888672
2017-08-14,43.36000061035156,35.387725830078125
2017-08-15,43.40999984741211,35.428524017333984
2017-08-16,43.86000061035156,35.7957878112793
2017-08-17,43.29999923706055,35.33876037597656
2017-08-18,43.66999816894531,35.64072799682617
2017-08-21,43.83000183105469,35.771305084228516
2017-08-22,44.31999969482422,36.17121887207031
2017-08-23,44.529998779296875,36.34260940551758
2017-08-24,44.66999816894531,36.45686721801758
2017-08-25,44.93000030517578,36.669063568115234
2017-08-28,44.77000045776367,36.538475036621094
2017-08-29,44.689998626708984,36.47319030761719
2017-08-30,44.7599983215332,36.53031539916992
2017-08-31,44.83000183105469,36.587440490722656
2017-09-01,45.15999984741211,36.85677719116211
2017-09-05,44.56999969482422,36.37525177001953
2017-09-06,44.86000061035156,36.61193084716797
2017-09-07,45.189998626708984,36.88125228881836
2017-09-08,44.88999938964844,36.636409759521484
2017-09-11,45.4900016784668,37.126102447509766
2017-09-12,45.439998626708984,37.08528518676758
2017-09-13,45.20000076293945,36.88941955566406
2017-09-14,45.31999969482422,36.98734664916992
2017-09-15,45.59000015258789,37.20771026611328
2017-09-18,45.75,37.33828353881836
2017-09-19,45.849998474121094,37.41990661621094
2017-09-20,45.63999938964844,37.24851608276367
2017-09-21,45.63999938964844,37.24851608276367
2017-09-22,45.380001068115234,37.03632736206055
2017-09-25,44.61000061035156,36.407901763916016
2017-09-26,44.4900016784668,36.30995178222656
2017-09-27,44.33000183105469,36.179378509521484
2017-09-28,44.29999923706055,36.15488815307617
2017-09-29,44.810001373291016,36.57112503051758
2017-10-02,44.81999969482422,36.57927322387695
2017-10-03,45.529998779296875,37.15873336791992
2017-10-04,45.52000045776367,37.15058517456055
2017-10-05,45.86000061035156,37.428070068359375
2017-10-06,45.630001068115234,37.240352630615234
2017-10-09,45.599998474121094,37.215877532958984
2017-10-10,46.04999923706055,37.5831298828125
2017-10-11,46.2599983215332,37.75452423095703
2017-10-12,46.2400016784668,37.73820114135742
2017-10-13,46.65999984741211,38.08097457885742
2017-10-16,46.630001068115234,38.05649185180664
2017-10-17,46.38999938964844,37.86062240600586
2017-10-18,46.5,37.95038986206055
2017-10-19,46.09000015258789,37.61577606201172
2017-10-20,46.2599983215332,37.75452423095703
2017-10-23,45.88999938964844,37.452552795410156
2017-10-24,45.88999938964844,37.452552795410156
2017-10-25,45.790000915527344,37.37092971801758
2017-10-26,45.47999954223633,37.1179313659668
2017-10-27,46.13999938964844,37.656585693359375
2017-10-30,45.849998474121094,37.41990661621094
2017-10-31,46.279998779296875,37.77083969116211
2017-11-01,46.52000045776367,37.966712951660156
2017-11-02,46.58000183105469,38.015689849853516
2017-11-03,46.34000015258789,37.81980895996094
2017-11-06,46.86000061035156,38.24420166015625
2017-11-07,46.560001373291016,37.999359130859375
2017-11-08,46.779998779296875,38.17891311645508
2017-11-09,46.4900016784668,37.94223403930664
2017-11-10,46.290000915527344,37.77900695800781
2017-11-13,46.189998626708984,37.69739532470703
2017-11-14,45.880001068115234,37.44438552856445
2017-11-15,45.63999938964844,37.24851608276367
2017-11-16,46.59000015258789,38.02384567260742
2017-11-17,46.81999969482422,38.21156311035156
2017-11-20,47.060001373291016,38.407432556152344
2017-11-21,47.689998626708984,38.921592712402344
2017-11-22,47.810001373291016,39.01953887939453
2017-11-24,47.709999084472656,38.93791580200195
2017-11-27,47.0099983215332,38.366634368896484
2017-11-28,47.36000061035156,38.65226745605469
2017-11-29,46.61000061035156,38.040164947509766
2017-11-30,46.099998474121094,37.62394332885742
2017-12-01,45.84000015258789,37.411739349365234
2017-12-04,45.93000030517578,37.48519515991211
2017-12-05,45.900001525878906,37.46071243286133
2017-12-06,45.279998779296875,36.9547119140625
2017-12-07,45.40999984741211,37.06080627441406
2017-12-08,45.939998626708984,37.49335479736328
2017-12-11,46.16999816894531,37.68106460571289
2017-12-12,45.86000061035156,37.428070068359375
2017-12-13,46.40999984741211,37.876930236816406
2017-12-14,46.06999969482422,37.59945297241211
2017-12-15,46.16999816894531,37.68106460571289
2017-12-18,46.689998626708984,38.1054573059082
2017-12-19,45.75,37.90412521362305
2017-12-20,45.810001373291016,37.95383834838867
2017-12-21,46.11000061035156,38.202396392822266
2017-12-22,46.5,38.525508880615234
2017-12-26,46.459999084472656,38.492374420166016
2017-12-27,46.58000183105469,38.591796875
2017-12-28,46.900001525878906,38.85691833496094
2017-12-29,47.119998931884766,39.039188385009766
2018-01-02,48.0099983215332,39.77655029296875
2018-01-03,48.470001220703125,40.15766906738281
2018-01-04,48.709999084472656,40.35650634765625
2018-01-05,49.130001068115234,40.704490661621094
2018-01-08,49.130001068115234,40.704490661621094
2018-01-09,49.04999923706055,40.63819885253906
2018-01-10,48.7400016784668,40.38136672973633
2018-01-11,49.040000915527344,40.62991714477539
2018-01-12,49.5099983215332,41.01931381225586
2018-01-16,49.31999969482422,40.86189270019531
2018-01-17,49.970001220703125,41.40043258666992
2018-01-18,50.029998779296875,41.45014190673828
2018-01-19,50.439998626708984,41.78982925415039
2018-01-22,50.72999954223633,42.030094146728516
2018-01-23,50.970001220703125,42.228939056396484
2018-01-24,51.400001525878906,42.58518981933594
2018-01-25,51.369998931884766,42.56033706665039
2018-01-26,52.08000183105469,43.1485710144043
2018-01-29,51.290000915527344,42.494056701660156
2018-01-30,50.59000015258789,41.91409683227539
2018-01-31,51.029998779296875,42.27863311767578
2018-02-01,50.34000015258789,41.706974029541016
2018-02-02,49.04999923706055,40.63819885253906
2018-02-05,47.33000183105469,39.21316909790039
2018-02-06,48.869998931884766,40.48906326293945
2018-02-07,47.33000183105469,39.21316909790039
2018-02-08,45.689998626708984,37.85442352294922
2018-02-09,46.41999816894531,38.45923614501953
2018-02-12,47.150001525878906,39.06404113769531
2018-02-13,47.5099983215332,39.3623046875
2018-02-14,48.70000076293945,40.34821701049805
2018-02-15,49.70000076293945,41.17673110961914
2018-02-16,49.540000915527344,41.04417419433594
2018-02-20,48.86000061035156,40.48078536987305
2018-02-21,48.81999969482422,40.44763946533203
2018-02-22,48.849998474121094,40.472503662109375
2018-02-23,49.720001220703125,41.19329833984375
2018-02-26,50.18000030517578,41.57441329956055
2018-02-27,48.720001220703125,40.364803314208984
2018-02-28,48.02000045776367,39.78483581542969
2018-03-01,47.93000030517578,39.71027755737305
2018-03-02,48.130001068115234,39.8759765625
2018-03-05,48.20000076293945,39.93397521972656
2018-03-06,48.650001525878906,40.30679702758789
2018-03-07,48.70000076293945,40.34821701049805
2018-03-08,48.709999084472656,40.35650634765625
2018-03-09,49.75,41.218162536621094
2018-03-12,49.869998931884766,41.31757354736328
2018-03-13,49.41999816894531,40.94475555419922
2018-03-14,49.5,41.01103210449219
2018-03-15,49.31999969482422,40.86189270019531
2018-03-16,49.209999084472656,40.770751953125
2018-03-19,48.68000030517578,40.33165740966797
2018-03-20,49.220001220703125,40.779048919677734
2018-03-21,49.5099983215332,41.01931381225586
2018-03-22,47.86000061035156,39.652278900146484
2018-03-23,46.88999938964844,38.84862518310547
2018-03-26,48.40999984741211,40.10795593261719
2018-03-27,47.529998779296875,39.378875732421875
2018-03-28,47.290000915527344,39.180030822753906
2018-03-29,48.279998779296875,40.0002555847168
2018-04-02,47.40999984741211,39.279457092285156
2018-04-03,47.880001068115234,39.66884994506836
2018-04-04,47.900001525878906,39.685420989990234
2018-04-05,48.02000045776367,39.78483581542969
2018-04-06,47.08000183105469,39.006046295166016
2018-04-09,47.130001068115234,39.04747009277344
2018-04-10,48.04999923706055,39.8096923828125
2018-04-11,48.06999969482422,39.826271057128906
2018-04-12,48.04999923706055,39.8096923828125
2018-04-13,47.56999969482422,39.412017822265625
2018-04-16,47.630001068115234,39.46173095703125
2018-04-17,47.72999954223633,39.54457092285156
2018-04-18,48.13999938964844,39.884254455566406
2018-04-19,47.86000061035156,39.652278900146484
2018-04-20,47.2599983215332,39.15517807006836
2018-04-23,46.880001068115234,38.84035110473633
2018-04-24,46.65999984741211,38.6580696105957
2018-04-25,46.29999923706055,38.35980987548828
2018-04-26,46.970001220703125,38.91490936279297
2018-04-27,47.2599983215332,39.15517807006836
2018-04-30,46.91999816894531,38.87348937988281
2018-05-01,46.689998626708984,38.682926177978516
2018-05-02,46.31999969482422,38.37638473510742
2018-05-03,46.220001220703125,38.29352951049805
2018-05-04,46.43000030517578,38.46751403808594
2018-05-07,46.15999984741211,38.24381637573242
2018-05-08,46.41999816894531,38.45923614501953
2018-05-09,46.5099983215332,38.5338020324707
2018-05-10,47.47999954223633,39.33744430541992
2018-05-11,47.400001525878906,39.271175384521484
2018-05-14,47.459999084472656,39.32087707519531
2018-05-15,46.47999954223633,38.508934020996094
2018-05-16,47.18000030517578,39.08890151977539
2018-05-17,46.459999084472656,38.492374420166016
2018-05-18,46.06999969482422,38.16925048828125
2018-05-21,46.349998474121094,38.40123748779297
2018-05-22,46.5099983215332,38.5338020324707
2018-05-23,46.4900016784668,38.51722717285156
2018-05-24,46.2400016784668,38.31010437011719
2018-05-25,46.43000030517578,38.46751403808594
2018-05-29,45.349998474121094,37.572723388671875
2018-05-30,45.709999084472656,37.87099838256836
2018-05-31,45.689998626708984,37.85442352294922
2018-06-01,46.33000183105469,38.384666442871094
2018-06-04,46.79999923706055,38.7740592956543
2018-06-05,46.439998626708984,38.475799560546875
2018-06-06,47.13999938964844,39.05575942993164
2018-06-07,46.41999816894531,38.45923614501953
2018-06-08,46.33000183105469,38.384666442871094
2018-06-11,46.33000183105469,38.384666442871094
2018-06-12,46.209999084472656,38.285247802734375
2018-06-13,45.900001525878906,38.02840805053711
2018-06-14,45.59000015258789,37.77157211303711
2018-06-15,45.22999954223633,37.47331237792969
2018-06-18,44.68000030517578,37.017635345458984
2018-06-19,43.900001525878906,36.609012603759766
2018-06-20,44.09000015258789,36.76746368408203
2018-06-21,43.470001220703125,36.250431060791016
2018-06-22,43.91999816894531,36.62568664550781
2018-06-25,43.33000183105469,36.1336784362793
2018-06-26,43.15999984741211,35.99191665649414
2018-06-27,42.33000183105469,35.29975509643555
2018-06-28,42.689998626708984,35.59996795654297
2018-06-29,43.33000183105469,36.1336784362793
2018-07-02,42.900001525878906,35.77509689331055
2018-07-03,42.93000030517578,35.80009841918945
2018-07-05,42.81999969482422,35.70838165283203
2018-07-06,43.40999984741211,36.20039749145508
2018-07-09,44.189998626708984,36.850852966308594
2018-07-10,44.09000015258789,36.76746368408203
2018-07-11,43.22999954223633,36.0502815246582
2018-07-12,43.81999969482422,36.54230499267578
2018-07-13,43.849998474121094,36.567317962646484
2018-07-16,43.61000061035156,36.3671760559082
2018-07-17,43.93000030517578,36.63402557373047
2018-07-18,43.880001068115234,36.59233474731445
2018-07-19,43.34000015258789,36.14202880859375
2018-07-20,43.959999084472656,36.65904998779297
2018-07-23,43.66999816894531,36.41720962524414
2018-07-24,44.310001373291016,36.95092010498047
2018-07-25,45.029998779296875,37.55134963989258
2018-07-26,44.529998779296875,37.134376525878906
2018-07-27,44.689998626708984,37.2678108215332
2018-07-30,44.619998931884766,37.20943069458008
2018-07-31,44.86000061035156,37.40956497192383
2018-08-01,44.459999084472656,37.07600784301758
2018-08-02,43.869998931884766,36.5839958190918
2018-08-03,44.209999084472656,36.86752700805664
2018-08-06,43.869998931884766,36.5839958190918
2018-08-07,44.31999969482422,36.95925521850586
2018-08-08,44.2599983215332,36.909217834472656
2018-08-09,44.130001068115234,36.80081558227539
2018-08-10,43.189998626708984,36.01693344116211
2018-08-13,42.47999954223633,35.42484664916992
2018-08-14,42.7400016784668,35.641666412353516
2018-08-15,41.5099983215332,34.615943908691406
2018-08-16,41.77000045776367,34.832767486572266
2018-08-17,42.209999084472656,35.19968795776367
2018-08-20,42.400001525878906,35.35813522338867
2018-08-21,42.939998626708984,35.808448791503906
2018-08-22,43.279998779296875,36.09197998046875
2018-08-23,42.58000183105469,35.508235931396484
2018-08-24,43.369998931884766,36.167030334472656
2018-08-27,43.9900016784668,36.6840705871582
2018-08-28,43.83000183105469,36.55064010620117
2018-08-29,44.099998474121094,36.775794982910156
2018-08-30,42.95000076293945,35.81679153442383
2018-08-31,43.16999816894531,36.00025177001953
2018-09-04,42.33000183105469,35.29975509643555
2018-09-05,41.720001220703125,34.79106903076172
2018-09-06,41.7599983215332,34.824424743652344
2018-09-07,41.54999923706055,34.64929962158203
2018-09-10,41.13999938964844,34.30739212036133
2018-09-11,41.22999954223633,34.3824462890625
2018-09-12,41.439998626708984,34.55756759643555
2018-09-13,42.0,35.02455520629883
2018-09-14,41.959999084472656,34.99121856689453
2018-09-17,41.58000183105469,34.674320220947266
2018-09-18,41.97999954223633,35.00789260864258
2018-09-19,42.560001373291016,35.4915657043457
2018-09-20,43.029998779296875,35.88350296020508
2018-09-21,43.22999954223633,36.0502815246582
2018-09-24,42.7400016784668,35.641666412353516
2018-09-25,42.90999984741211,35.78343963623047
2018-09-26,43.0,35.858482360839844
2018-09-27,43.209999084472656,36.03361129760742
2018-09-28,42.91999816894531,35.79176712036133
2018-10-01,42.93000030517578,35.80009841918945
2018-10-02,42.38999938964844,35.34979248046875
2018-10-03,42.040000915527344,35.05792999267578
2018-10-04,40.9900016784668,34.182315826416016
2018-10-05,40.84000015258789,34.057228088378906
2018-10-08,40.900001525878906,34.107261657714844
2018-10-09,40.75,33.98217010498047
2018-10-10,39.540000915527344,32.97312545776367
2018-10-11,39.13999938964844,32.63956069946289
2018-10-12,40.290000915527344,33.598567962646484
2018-10-15,39.86000061035156,33.23998260498047
2018-10-16,40.86000061035156,34.07390213012695
2018-10-17,40.36000061035156,33.656944274902344
2018-10-18,39.29999923706055,32.772979736328125
2018-10-19,39.66999816894531,33.08153533935547
2018-10-22,40.099998474121094,33.44011688232422
2018-10-23,39.65999984741211,33.07319641113281
2018-10-24,38.380001068115234,32.00578689575195
2018-10-25,39.119998931884766,32.622886657714844
2018-10-26,38.66999816894531,32.24761962890625
2018-10-29,38.0,31.68889617919922
2018-10-30,38.7400016784668,32.30600357055664
2018-10-31,39.15999984741211,32.6562385559082
2018-11-01,40.560001373291016,33.823726654052734
2018-11-02,40.81999969482422,34.04054260253906
2018-11-05,40.93000030517578,34.13228225708008
2018-11-06,40.86000061035156,34.07390213012695
2018-11-07,41.630001068115234,34.71602249145508
2018-11-08,40.54999923706055,33.81538391113281
2018-11-09,39.79999923706055,33.189937591552734
2018-11-12,39.2400016784668,32.722957611083984
2018-11-13,39.689998626708984,33.09821319580078
2018-11-14,39.93000030517578,33.298362731933594
2018-11-15,40.81999969482422,34.04054260253906
2018-11-16,40.900001525878906,34.107261657714844
2018-11-19,40.349998474121094,33.648597717285156
2018-11-20,39.47999954223633,32.923091888427734
2018-11-21,40.209999084472656,33.53185272216797
2018-11-23,39.7400016784668,33.13991165161133
2018-11-26,40.22999954223633,33.54852294921875
2018-11-27,40.5099983215332,33.782020568847656
2018-11-28,41.47999954223633,34.5909309387207
2018-11-29,41.119998931884766,34.29071807861328
2018-11-30,41.08000183105469,34.25736618041992
2018-12-03,41.90999984741211,34.94951248168945
2018-12-04,41.02000045776367,34.20732879638672
2018-12-06,40.63999938964844,33.89043045043945
2018-12-07,39.880001068115234,33.25666427612305
2018-12-10,39.459999084472656,32.90641403198242
2018-12-11,39.7599983215332,33.156585693359375
2018-12-12,40.40999984741211,33.698631286621094
2018-12-13,40.400001525878906,33.69029235839844
2018-12-14,39.83000183105469,33.214962005615234
2018-12-17,39.459999084472656,32.90641403198242
2018-12-18,39.13999938964844,33.12987518310547
2018-12-19,38.4900016784668,32.579689025878906
2018-12-20,38.790000915527344,32.833621978759766
2018-12-21,38.52000045776367,32.60508346557617
2018-12-24,38.15999984741211,32.30035400390625
2018-12-26,38.91999816894531,32.94365692138672
2018-12-27,38.869998931884766,32.90133285522461
2018-12-28,39.2400016784668,33.21452331542969
2018-12-31,39.060001373291016,33.06216812133789
2019-01-02,39.15999984741211,33.14680480957031
2019-01-03,38.45000076293945,32.54582977294922
2019-01-04,39.689998626708984,33.59541702270508
2019-01-07,39.779998779296875,33.671600341796875
2019-01-08,39.93000030517578,33.798561096191406
2019-01-09,40.63999938964844,34.3995475769043
2019-01-10,40.93000030517578,34.64501190185547
2019-01-11,40.72999954223633,34.47572708129883
2019-01-14,40.38999938964844,34.187931060791016
2019-01-15,40.66999816894531,34.4249382019043
2019-01-16,41.16999816894531,34.84815979003906
2019-01-17,41.349998474121094,35.000518798828125
2019-01-18,41.54999923706055,35.1697998046875
2019-01-22,40.83000183105469,34.560367584228516
2019-01-23,41.25,34.91586685180664
2019-01-24,41.650001525878906,35.25445556640625
2019-01-25,42.20000076293945,35.719993591308594
2019-01-28,41.7599983215332,35.347564697265625
2019-01-29,41.83000183105469,35.40681457519531
2019-01-30,42.7400016784668,36.17707824707031
2019-01-31,43.099998474121094,36.48179626464844
2019-02-01,42.7599983215332,36.194007873535156
2019-02-04,42.83000183105469,36.25326156616211
2019-02-05,43.41999816894531,36.752655029296875
2019-02-06,42.83000183105469,36.25326156616211
2019-02-07,42.400001525878906,35.889286041259766
2019-02-08,42.15999984741211,35.68614959716797
2019-02-11,42.02000045776367,35.56764221191406
2019-02-12,42.369998931884766,35.8638916015625
2019-02-13,42.06999969482422,35.609962463378906
2019-02-14,42.150001525878906,35.677677154541016
2019-02-15,42.09000015258789,35.626888275146484
2019-02-19,42.41999816894531,35.906219482421875
2019-02-20,42.65999984741211,36.1093635559082
2019-02-21,42.56999969482422,36.03318405151367
2019-02-22,43.040000915527344,36.43101501464844
2019-02-25,43.52000045776367,36.837310791015625
2019-02-26,43.369998931884766,36.71034240722656
2019-02-27,43.0,36.39715576171875
2019-02-28,42.439998626708984,35.92314910888672
2019-03-01,42.4900016784668,35.96546936035156
2019-03-04,42.54999923706055,36.016258239746094
2019-03-05,42.970001220703125,36.371768951416016
2019-03-06,42.72999954223633,36.16861343383789
2019-03-07,41.939998626708984,35.499916076660156
2019-03-08,41.63999938964844,35.2459831237793
2019-03-11,42.41999816894531,35.906219482421875
2019-03-12,42.63999938964844,36.092430114746094
2019-03-13,42.689998626708984,36.13475036621094
2019-03-14,42.459999084472656,35.940067291259766
2019-03-15,43.08000183105469,36.46487045288086
2019-03-18,43.560001373291016,36.87117004394531
2019-03-19,43.58000183105469,36.88809585571289
2019-03-20,43.650001525878906,36.94733810424805
2019-03-21,43.709999084472656,36.99813461303711
2019-03-22,42.43000030517578,35.9146842956543
2019-03-25,42.529998779296875,35.99932861328125
2019-03-26,42.65999984741211,36.1093635559082
2019-03-27,42.20000076293945,35.719993591308594
2019-03-28,42.47999954223633,35.95699691772461
2019-03-29,42.91999816894531,36.32943344116211
2019-04-01,43.630001068115234,36.930416107177734
2019-04-02,43.4900016784668,36.81191635131836
2019-04-03,43.790000915527344,37.06584167480469
2019-04-04,44.060001373291016,37.29438400268555
2019-04-05,44.400001525878906,37.582176208496094
2019-04-08,44.400001525878906,37.582176208496094
2019-04-09,44.310001373291016,37.50600051879883
2019-04-10,44.52000045776367,37.68376159667969
2019-04-11,44.040000915527344,37.2774543762207
2019-04-12,44.36000061035156,37.54832458496094
2019-04-15,44.130001068115234,37.3536491394043
2019-04-16,44.459999084472656,37.632965087890625
2019-04-17,44.59000015258789,37.743003845214844
2019-04-18,44.560001373291016,37.71760940551758
2019-04-22,44.27000045776367,37.47214126586914
2019-04-23,44.369998931884766,37.55678939819336
2019-04-24,43.77000045776367,37.048919677734375
2019-04-25,43.709999084472656,36.99813461303711
2019-04-26,43.880001068115234,37.14202880859375
2019-04-29,43.970001220703125,37.21820831298828
2019-04-30,43.93000030517578,37.184349060058594
2019-05-01,43.599998474121094,36.90502166748047
2019-05-02,43.70000076293945,36.98965835571289
2019-05-03,44.220001220703125,37.42981719970703
2019-05-06,43.310001373291016,36.659549713134766
2019-05-07,42.459999084472656,35.940067291259766
2019-05-08,42.400001525878906,35.889286041259766
2019-05-09,41.72999954223633,35.32217025756836
2019-05-10,41.97999954223633,35.53378677368164
2019-05-13,40.58000183105469,34.3487548828125
2019-05-14,41.150001525878906,34.83122634887695
2019-05-15,41.22999954223633,34.898948669433594
2019-05-16,41.029998779296875,34.72965621948242
2019-05-17,40.290000915527344,34.10329055786133
2019-05-20,40.119998931884766,33.959388732910156
2019-05-21,40.630001068115234,34.39107894897461
2019-05-22,40.43000030517578,34.22179412841797
2019-05-23,39.90999984741211,33.78164291381836
2019-05-24,39.95000076293945,33.81549072265625
2019-05-28,40.09000015258789,33.93400192260742
2019-05-29,40.349998474121094,34.15406799316406
2019-05-30,40.56999969482422,34.340293884277344
2019-05-31,40.709999084472656,34.458797454833984
2019-06-03,41.08000183105469,34.77198028564453
2019-06-04,41.16999816894531,34.84815979003906
2019-06-05,40.84000015258789,34.5688362121582
2019-06-06,40.86000061035156,34.58575439453125
2019-06-07,41.18000030517578,34.856624603271484
2019-06-10,41.61000061035156,35.2205924987793
2019-06-11,42.08000183105469,35.61842727661133
2019-06-12,41.630001068115234,35.23752975463867
2019-06-13,41.560001373291016,35.17827606201172
2019-06-14,41.099998474121094,34.788909912109375
2019-06-17,40.95000076293945,34.92622375488281
2019-06-18,41.939998626708984,35.770591735839844
2019-06-19,42.290000915527344,36.069114685058594
2019-06-20,42.90999984741211,36.59791564941406
2019-06-21,42.77000045776367,36.47850799560547
2019-06-24,42.709999084472656,36.42733383178711
2019-06-25,42.27000045776367,36.05205154418945
2019-06-26,42.66999816894531,36.39321517944336
2019-06-27,42.970001220703125,36.649078369140625
2019-06-28,42.90999984741211,36.59791564941406
2019-07-01,43.41999816894531,37.03287887573242
2019-07-02,43.310001373291016,36.93906784057617
2019-07-03,43.22999954223633,36.87083053588867
2019-07-05,42.93000030517578,36.614967346191406
2019-07-08,42.66999816894531,36.39321517944336
2019-07-09,42.540000915527344,36.282344818115234
2019-07-10,42.900001525878906,36.58937454223633
2019-07-11,42.81999969482422,36.52114486694336
2019-07-12,42.849998474121094,36.546730041503906
2019-07-15,43.0099983215332,36.68319320678711
2019-07-16,42.95000076293945,36.63202667236328
2019-07-17,42.81999969482422,36.52114486694336
2019-07-18,43.08000183105469,36.742897033691406
2019-07-19,42.86000061035156,36.55526351928711
2019-07-22,42.869998931884766,36.56379699707031
2019-07-23,42.91999816894531,36.6064338684082
2019-07-24,42.9900016784668,36.6661376953125
2019-07-25,42.61000061035156,36.342041015625
2019-07-26,42.70000076293945,36.41880798339844
2019-07-29,42.619998931884766,36.35056686401367
2019-07-30,42.290000915527344,36.069114685058594
2019-07-31,41.77000045776367,35.62560272216797
2019-08-01,40.95000076293945,34.92622375488281
2019-08-02,40.54999923706055,34.58506774902344
2019-08-05,39.04999923706055,33.30571365356445
2019-08-06,39.61000061035156,33.78334045410156
2019-08-07,39.790000915527344,33.93686294555664
2019-08-08,40.279998779296875,34.35477828979492
2019-08-09,39.869998931884766,34.00509262084961
2019-08-12,39.38999938964844,33.595703125
2019-08-13,39.88999938964844,34.022151947021484
2019-08-14,38.7400016784668,33.041324615478516
2019-08-15,39.0,33.26308059692383
2019-08-16,39.540000915527344,33.723628997802734
2019-08-19,39.70000076293945,33.860103607177734
2019-08-20,39.779998779296875,33.9283332824707
2019-08-21,40.15999984741211,34.252437591552734
2019-08-22,39.63999938964844,33.808929443359375
2019-08-23,39.04999923706055,33.30571365356445
2019-08-26,39.2599983215332,33.484825134277344
2019-08-27,39.33000183105469,33.544532775878906
2019-08-28,39.439998626708984,33.63833999633789
2019-08-29,39.880001068115234,34.01361846923828
2019-08-30,40.189998626708984,34.278018951416016
2019-09-03,39.939998626708984,34.064788818359375
2019-09-04,40.61000061035156,34.636234283447266
2019-09-05,41.06999969482422,35.02857208251953
2019-09-06,41.25,35.182090759277344
2019-09-09,41.380001068115234,35.29297637939453
2019-09-10,41.40999984741211,35.31855773925781
2019-09-11,41.70000076293945,35.56590270996094
2019-09-12,42.0,35.8217658996582
2019-09-13,42.2400016784668,36.02647018432617
2019-09-16,41.90999984741211,35.7450065612793
2019-09-17,41.90999984741211,35.7450065612793
2019-09-18,41.7400016784668,35.60002517700195
2019-09-19,41.56999969482422,35.455020904541016
2019-09-20,41.61000061035156,35.489131927490234
2019-09-23,41.650001525878906,35.52325439453125
2019-09-24,41.209999084472656,35.147979736328125
2019-09-25,41.18000030517578,35.122398376464844
2019-09-26,41.16999816894531,35.113861083984375
2019-09-27,40.63999938964844,34.66183090209961
2019-09-30,40.869998931884766,34.85799026489258
2019-10-01,40.58000183105469,34.61064529418945
2019-10-02,40.27000045776367,34.34626007080078
2019-10-03,40.790000915527344,34.78976821899414
2019-10-04,40.970001220703125,34.94328308105469
2019-10-07,40.630001068115234,34.65330123901367
2019-10-08,40.34000015258789,34.40595626831055
2019-10-09,40.650001525878906,34.67035675048828
2019-10-10,41.06999969482422,35.02857208251953
2019-10-11,41.72999954223633,35.591495513916016
2019-10-14,41.54999923706055,35.43796920776367
2019-10-15,41.91999816894531,35.75353240966797
2019-10-16,42.040000915527344,35.85589599609375
2019-10-17,42.20000076293945,35.99235534667969
2019-10-18,41.97999954223633,35.80470657348633
2019-10-21,42.36000061035156,36.12881851196289
2019-10-22,42.38999938964844,36.154396057128906
2019-10-23,42.400001525878906,36.16293716430664
2019-10-24,42.400001525878906,36.16293716430664
2019-10-25,42.70000076293945,36.41880798339844
2019-10-28,42.95000076293945,36.63202667236328
2019-10-29,42.72999954223633,36.44438552856445
2019-10-30,42.91999816894531,36.6064338684082
2019-10-31,42.58000183105469,36.31645202636719
2019-11-01,43.220001220703125,36.86231231689453
2019-11-04,43.650001525878906,37.22905349731445
2019-11-05,43.900001525878906,37.4422721862793
2019-11-06,43.7599983215332,37.322872161865234
2019-11-07,44.08000183105469,37.59579849243164
2019-11-08,43.68000030517578,37.254638671875
2019-11-11,43.369998931884766,36.99024200439453
2019-11-12,43.09000015258789,36.75143051147461
2019-11-13,42.7599983215332,36.469974517822266
2019-11-14,42.790000915527344,36.49555969238281
2019-11-15,43.130001068115234,36.78554916381836
2019-11-18,43.060001373291016,36.72584915161133
2019-11-19,43.150001525878906,36.8026008605957
2019-11-20,42.959999084472656,36.64054870605469
2019-11-21,42.869998931884766,36.56379699707031
2019-11-22,42.869998931884766,36.56379699707031
2019-11-25,43.29999923706055,36.9305305480957
2019-11-26,43.16999816894531,36.81966018676758
2019-11-27,43.220001220703125,36.86231231689453
2019-11-29,42.540000915527344,36.282344818115234
2019-12-02,42.529998779296875,36.273807525634766
2019-12-03,42.310001373291016,36.08617401123047
2019-12-04,42.630001068115234,36.359092712402344
2019-12-05,42.81999969482422,36.52114486694336
2019-12-06,43.06999969482422,36.734371185302734
2019-12-09,42.900001525878906,36.58937454223633
2019-12-10,43.04999923706055,36.71730422973633
2019-12-11,43.68000030517578,37.254638671875
2019-12-12,44.439998626708984,37.90283966064453
2019-12-13,44.41999816894531,37.88578414916992
2019-12-16,43.86000061035156,38.20722579956055
2019-12-17,44.2599983215332,38.5556755065918
2019-12-18,44.5,38.764747619628906
2019-12-19,44.52000045776367,38.782169342041016
2019-12-20,44.61000061035156,38.86056137084961
2019-12-23,44.66999816894531,38.912841796875
2019-12-24,44.56999969482422,38.82571792602539
2019-12-26,44.88999938964844,39.10447311401367
2019-12-27,45.06999969482422,39.26128005981445
2019-12-30,44.77000045776367,38.99995040893555
2019-12-31,44.869998931884766,39.087066650390625
2020-01-02,45.779998779296875,39.8797721862793
2020-01-03,44.93000030517578,39.13932418823242
2020-01-06,44.81999969482422,39.04349899291992
2020-01-07,44.790000915527344,39.01736831665039
2020-01-08,45.04999923706055,39.243858337402344
2020-01-09,45.349998474121094,39.50518798828125
2020-01-10,45.59000015258789,39.714263916015625
2020-01-13,46.29999923706055,40.33275604248047
2020-01-14,46.040000915527344,40.10626220703125
2020-01-15,45.68000030517578,39.79266357421875
2020-01-16,45.970001220703125,40.04529571533203
2020-01-17,46.22999954223633,40.27178192138672
2020-01-21,45.060001373291016,39.2525749206543
2020-01-22,45.43000030517578,39.57488250732422
2020-01-23,44.959999084472656,39.16545867919922
2020-01-24,44.599998474121094,38.85185241699219
2020-01-27,43.060001373291016,37.510337829589844
2020-01-28,43.41999816894531,37.823936462402344
2020-01-29,43.630001068115234,38.006874084472656
2020-01-30,42.97999954223633,37.44065475463867
2020-01-31,42.11000061035156,36.682769775390625
2020-02-03,42.58000183105469,37.09219741821289
2020-02-04,43.68000030517578,38.0504264831543
2020-02-05,43.93000030517578,38.26820755004883
2020-02-06,43.970001220703125,38.30305480957031
2020-02-07,43.36000061035156,37.771671295166016
2020-02-10,43.599998474121094,37.980735778808594
2020-02-11,44.16999816894531,38.47726821899414
2020-02-12,44.77000045776367,38.99995040893555
2020-02-13,44.18000030517578,38.48598861694336
2020-02-14,44.20000076293945,38.5034065246582
2020-02-18,43.90999984741211,38.25078582763672
2020-02-19,44.22999954223633,38.529541015625
2020-02-20,43.540000915527344,37.928466796875
2020-02-21,43.290000915527344,37.710693359375
2020-02-24,41.66999816894531,36.299476623535156
2020-02-25,41.34000015258789,36.01201248168945
2020-02-26,41.66999816894531,36.299476623535156
2020-02-27,40.66999816894531,35.428367614746094
2020-02-28,40.52000045776367,35.29770278930664
2020-03-02,41.400001525878906,36.06428146362305
2020-03-03,41.119998931884766,35.82037353515625
2020-03-04,41.849998474121094,36.4562873840332
2020-03-05,40.970001220703125,35.689693450927734
2020-03-06,40.130001068115234,34.95795822143555
2020-03-09,37.38999938964844,32.57109451293945
2020-03-10,39.290000915527344,34.226219177246094
2020-03-11,37.459999084472656,32.63207244873047
2020-03-12,33.709999084472656,29.365385055541992
2020-03-13,36.13999938964844,31.48219871520996
2020-03-16,31.6299991607666,27.553457260131836
2020-03-17,33.810001373291016,29.452495574951172
2020-03-18,30.889999389648438,26.908828735351562
2020-03-19,31.1299991607666,27.117895126342773
2020-03-20,31.360000610351562,27.318256378173828
2020-03-23,30.610000610351562,26.6649169921875
2020-03-24,32.90999984741211,28.668485641479492
2020-03-25,34.06999969482422,29.678987503051758
2020-03-26,35.36000061035156,30.802732467651367
2020-03-27,33.349998474121094,29.051776885986328
2020-03-30,33.900001525878906,29.53089714050293
2020-03-31,34.130001068115234,29.73124885559082
2020-04-01,32.66999816894531,28.45941734313965
2020-04-02,33.77000045776367,29.417652130126953
2020-04-03,33.130001068115234,28.860136032104492
2020-04-06,34.939998626708984,30.436851501464844
2020-04-07,35.119998931884766,30.593656539916992
2020-04-08,35.47999954223633,30.907262802124023
2020-04-09,35.349998474121094,30.79400634765625
2020-04-13,35.400001525878906,30.83757781982422
2020-04-14,36.209999084472656,31.543180465698242
2020-04-15,35.279998779296875,30.733034133911133
2020-04-16,35.470001220703125,30.89855194091797
2020-04-17,36.2599983215332,31.586727142333984
2020-04-20,35.79999923706055,31.18601417541504
2020-04-21,34.810001373291016,30.323610305786133
2020-04-22,35.7599983215332,31.151174545288086
2020-04-23,35.630001068115234,31.03792381286621
2020-04-24,35.58000183105469,30.994375228881836
2020-04-27,36.29999923706055,31.62158203125
2020-04-28,36.369998931884766,31.682552337646484
2020-04-29,37.43000030517578,32.60594177246094
2020-04-30,36.63999938964844,31.917757034301758
2020-05-01,35.31999969482422,30.767881393432617
2020-05-04,35.70000076293945,31.09891128540039
2020-05-05,35.900001525878906,31.273136138916016
2020-05-06,35.790000915527344,31.17730712890625
2020-05-07,36.08000183105469,31.4299373626709
2020-05-08,36.84000015258789,32.09197998046875
2020-05-11,36.599998474121094,31.882917404174805
2020-05-12,36.459999084472656,31.760961532592773
2020-05-13,36.38999938964844,31.699983596801758
2020-05-14,36.529998779296875,31.82193374633789
2020-05-15,36.029998779296875,31.386383056640625
2020-05-18,37.439998626708984,32.61465072631836
2020-05-19,37.13999938964844,32.35332489013672
2020-05-20,37.630001068115234,32.78016662597656
2020-05-21,37.20000076293945,32.40559005737305
2020-05-22,36.43000030517578,31.734821319580078
2020-05-26,37.22999954223633,32.43172073364258
2020-05-27,37.349998474121094,32.5362548828125
2020-05-28,37.09000015258789,32.309757232666016
2020-05-29,37.72999954223633,32.867279052734375
2020-06-01,38.599998474121094,33.625152587890625
2020-06-02,39.52000045776367,34.426578521728516
2020-06-03,40.439998626708984,35.228004455566406
2020-06-04,39.869998931884766,34.731468200683594
2020-06-05,40.91999816894531,35.646141052246094
2020-06-08,41.16999816894531,35.863922119140625
2020-06-09,40.88999938964844,35.6200065612793
2020-06-10,41.189998626708984,35.88134002685547
2020-06-11,39.040000915527344,34.00843811035156
2020-06-12,39.869998931884766,34.731468200683594
2020-06-15,39.279998779296875,34.41604232788086
2020-06-16,39.529998779296875,34.63509750366211
2020-06-17,39.90999984741211,34.968040466308594
2020-06-18,39.93000030517578,34.985557556152344
2020-06-19,39.91999816894531,34.976802825927734
2020-06-22,40.40999984741211,35.4061279296875
2020-06-23,40.79999923706055,35.74782943725586
2020-06-24,40.2599983215332,35.274688720703125
2020-06-25,40.43000030517578,35.423648834228516
2020-06-26,39.939998626708984,34.99432373046875
2020-06-29,40.119998931884766,35.15203094482422
2020-06-30,39.9900016784668,35.03813171386719
2020-07-01,40.439998626708984,35.432411193847656
2020-07-02,41.36000061035156,36.238494873046875
2020-07-06,43.13999938964844,37.798072814941406
2020-07-07,42.41999816894531,37.167232513427734
2020-07-08,43.52000045776367,38.13101577758789
2020-07-09,43.52000045776367,38.13101577758789
2020-07-10,43.2400016784668,37.88568878173828
2020-07-13,42.95000076293945,37.63160705566406
2020-07-14,43.0099983215332,37.68416976928711
2020-07-15,43.13999938964844,37.798072814941406
2020-07-16,42.529998779296875,37.26360321044922
2020-07-17,42.77000045776367,37.47389602661133
2020-07-20,43.31999969482422,37.955787658691406
2020-07-21,43.720001220703125,38.30625915527344
2020-07-22,43.529998779296875,38.1397819519043
2020-07-23,43.18000030517578,37.833126068115234
2020-07-24,43.13999938964844,37.798072814941406
2020-07-27,43.810001373291016,38.38511276245117
2020-07-28,43.45000076293945,38.0696907043457
2020-07-29,44.150001525878906,38.68300247192383
2020-07-30,43.59000015258789,38.192352294921875
2020-07-31,43.290000915527344,37.929500579833984
2020-08-03,43.59000015258789,38.192352294921875
2020-08-04,44.16999816894531,38.70052719116211
2020-08-05,44.650001525878906,39.12109375
2020-08-06,44.790000915527344,39.2437629699707
2020-08-07,43.869998931884766,38.43767547607422
2020-08-10,43.97999954223633,38.534061431884766
2020-08-11,43.86000061035156,38.42892074584961
2020-08-12,44.45000076293945,38.94585418701172
2020-08-13,44.31999969482422,38.83195877075195
2020-08-14,44.2400016784668,38.761871337890625
2020-08-17,44.79999923706055,39.25252151489258
2020-08-18,44.75,39.20871353149414
2020-08-19,44.20000076293945,38.726810455322266
2020-08-20,44.060001373291016,38.604148864746094
2020-08-21,44.279998779296875,38.79690933227539
2020-08-24,44.77000045776367,39.226234436035156
2020-08-25,45.220001220703125,39.62051773071289
2020-08-26,45.34000015258789,39.725650787353516
2020-08-27,44.959999084472656,39.3927001953125
2020-08-28,45.54999923706055,39.90965270996094
2020-08-31,44.540000915527344,39.02471923828125
2020-09-01,45.29999923706055,39.690608978271484
2020-09-02,45.18000030517578,39.585472106933594
2020-09-03,44.31999969482422,38.83195877075195
2020-09-04,44.34000015258789,38.84947967529297
2020-09-08,43.56999969482422,38.174835205078125
2020-09-09,44.220001220703125,38.74433135986328
2020-09-10,43.5099983215332,38.12225341796875
2020-09-11,43.93000030517578,38.4902458190918
2020-09-14,44.63999938964844,39.11233139038086
2020-09-15,45.11000061035156,39.52412796020508
2020-09-16,45.04999923706055,39.471561431884766
2020-09-17,44.869998931884766,39.313846588134766
2020-09-18,44.52000045776367,39.007198333740234
2020-09-21,44.11000061035156,38.6479606628418
2020-09-22,43.779998779296875,38.358821868896484
2020-09-23,43.099998474121094,37.763031005859375
2020-09-24,42.900001525878906,37.58779525756836
2020-09-25,42.939998626708984,37.62283706665039
2020-09-28,43.41999816894531,38.043399810791016
2020-09-29,43.38999938964844,38.017120361328125
2020-09-30,44.09000015258789,38.630435943603516
2020-10-01,44.5,38.98966979980469
2020-10-02,43.9900016784668,38.542816162109375
2020-10-05,44.58000183105469,39.059757232666016
2020-10-06,44.65999984741211,39.12985610961914
2020-10-07,45.150001525878906,39.559181213378906
2020-10-08,45.52000045776367,39.883358001708984
2020-10-09,45.83000183105469,40.15497970581055
2020-10-12,46.22999954223633,40.50545120239258
2020-10-13,46.040000915527344,40.33897399902344
2020-10-14,45.72999954223633,40.067359924316406
2020-10-15,45.400001525878906,39.778221130371094
2020-10-16,45.560001373291016,39.91841125488281
2020-10-19,45.43000030517578,39.804508209228516
2020-10-20,45.93000030517578,40.242591857910156
2020-10-21,46.060001373291016,40.35649490356445
2020-10-22,46.04999923706055,40.34772872924805
2020-10-23,46.31999969482422,40.58430099487305
2020-10-26,45.720001220703125,40.058597564697266
2020-10-27,45.91999816894531,40.233829498291016
2020-10-28,44.77000045776367,39.226234436035156
2020-10-29,45.220001220703125,39.62051773071289
2020-10-30,44.709999084472656,39.17366409301758
2020-11-02,45.279998779296875,39.67308044433594
2020-11-03,45.47999954223633,39.84831619262695
2020-11-04,46.90999984741211,41.10124588012695
2020-11-05,47.709999084472656,41.802181243896484
2020-11-06,47.93000030517578,41.99494171142578
2020-11-09,48.2599983215332,42.28407287597656
2020-11-10,47.709999084472656,41.802181243896484
2020-11-11,48.02000045776367,42.07379150390625
2020-11-12,47.65999984741211,41.75837707519531
2020-11-13,48.33000183105469,42.34540939331055
2020-11-16,48.93000030517578,42.8711051940918
2020-11-17,48.880001068115234,42.82730484008789
2020-11-18,48.709999084472656,42.67835998535156
2020-11-19,48.790000915527344,42.74844741821289
2020-11-20,49.060001373291016,42.98501205444336
2020-11-23,49.189998626708984,43.098915100097656
2020-11-24,49.849998474121094,43.677181243896484
2020-11-25,49.56999969482422,43.43185806274414
2020-11-27,50.040000915527344,43.843666076660156
2020-11-30,48.72999954223633,42.69588088989258
2020-12-01,49.689998626708984,43.5369987487793
2020-12-02,49.7599983215332,43.59832763671875
2020-12-03,50.33000183105469,44.09775161743164
2020-12-04,50.849998474121094,44.55335998535156
2020-12-07,50.849998474121094,44.55335998535156
2020-12-08,50.869998931884766,44.570884704589844
2020-12-09,50.43000030517578,44.185367584228516
2020-12-10,51.08000183105469,44.7548828125
2020-12-11,50.720001220703125,44.43946075439453
2020-12-14,49.939998626708984,44.20841598510742
2020-12-15,50.47999954223633,44.68644332885742
2020-12-16,50.720001220703125,44.89889144897461
2020-12-17,51.04999923706055,45.19102478027344
2020-12-18,50.9900016784668,45.137908935546875
2020-12-21,50.2400016784668,44.47397994995117
2020-12-22,49.84000015258789,44.11988830566406
2020-12-23,50.349998474121094,44.57136154174805
2020-12-24,50.130001068115234,44.376609802246094
2020-12-28,50.27000045776367,44.50053787231445
2020-12-29,51.02000045776367,45.16446304321289
2020-12-30,51.70000076293945,45.76642608642578
2020-12-31,51.66999816894531,45.73986053466797
2021-01-04,52.0,46.03199005126953
2021-01-05,53.25,47.13852310180664
2021-01-06,52.79999923706055,46.740177154541016
2021-01-07,53.29999923706055,47.18278884887695
2021-01-08,54.709999084472656,48.43095397949219
2021-01-11,53.970001220703125,47.77589416503906
2021-01-12,54.5,48.24506759643555
2021-01-13,54.619998931884766,48.351295471191406
2021-01-14,55.130001068115234,48.802757263183594
2021-01-15,54.349998474121094,48.112281799316406
2021-01-19,55.25,48.90898132324219
2021-01-20,56.220001220703125,49.767669677734375
2021-01-21,56.31999969482422,49.85618209838867
2021-01-22,55.83000183105469,49.422428131103516
2021-01-25,56.25,49.794219970703125
2021-01-26,55.84000015258789,49.4312744140625
2021-01-27,54.290000915527344,48.059165954589844
2021-01-28,54.66999816894531,48.39555740356445
2021-01-29,53.310001373291016,47.1916389465332
2021-02-01,54.75,48.466373443603516
2021-02-02,55.459999084472656,49.094879150390625
2021-02-03,55.7400016784668,49.342750549316406
2021-02-04,55.7599983215332,49.36045837402344
2021-02-05,56.2400016784668,49.78536605834961
2021-02-08,56.34000015258789,49.87388610839844
2021-02-09,56.939998626708984,50.405025482177734
2021-02-10,57.13999938964844,50.58206558227539
2021-02-11,57.75,51.12206268310547
2021-02-12,57.79999923706055,51.16632080078125
2021-02-16,57.939998626708984,51.29025650024414
2021-02-17,57.959999084472656,51.30796432495117
2021-02-18,57.15999984741211,50.59978485107422
2021-02-19,57.529998779296875,50.927310943603516
2021-02-22,55.84000015258789,49.4312744140625
2021-02-23,56.09000015258789,49.6525764465332
2021-02-24,55.72999954223633,49.33389663696289
2021-02-25,54.459999084472656,48.20965576171875
2021-02-26,53.72999954223633,47.56343460083008
2021-03-01,55.16999816894531,48.83816909790039
2021-03-02,54.630001068115234,48.36014175415039
2021-03-03,54.52000045776367,48.26277160644531
2021-03-04,53.25,47.13852310180664
2021-03-05,53.83000183105469,47.651954650878906
2021-03-08,52.380001068115234,46.368377685546875
2021-03-09,53.529998779296875,47.386390686035156
2021-03-10,53.290000915527344,47.17393493652344
2021-03-11,54.970001220703125,48.66112518310547
2021-03-12,53.9900016784668,47.793601989746094
2021-03-15,54.119998931884766,47.9086799621582
2021-03-16,54.349998474121094,48.112281799316406
2021-03-17,54.41999816894531,48.17424392700195
2021-03-18,53.41999816894531,47.28901290893555
2021-03-19,54.08000183105469,47.87327194213867
2021-03-22,53.91999816894531,47.73162841796875
2021-03-23,52.88999938964844,46.81984329223633
2021-03-24,51.68000030517578,45.74871063232422
2021-03-25,51.91999816894531,45.96117401123047
2021-03-26,53.27000045776367,47.15623092651367
2021-03-29,52.900001525878906,46.82869338989258
2021-03-30,53.06999969482422,46.97918701171875
2021-03-31,53.34000015258789,47.218196868896484
2021-04-01,53.86000061035156,47.67851257324219
2021-04-05,54.06999969482422,47.864418029785156
2021-04-06,54.369998931884766,48.12998580932617
2021-04-07,53.56999969482422,47.421810150146484
2021-04-08,54.0099983215332,47.811302185058594
2021-04-09,53.54999923706055,47.40409469604492
2021-04-12,53.22999954223633,47.120826721191406
2021-04-13,53.45000076293945,47.31557083129883
2021-04-14,53.720001220703125,47.554588317871094
2021-04-15,54.209999084472656,47.988346099853516
2021-04-16,54.349998474121094,48.112281799316406
2021-04-19,54.150001525878906,47.93523406982422
2021-04-20,53.709999084472656,47.54573440551758
2021-04-21,54.040000915527344,47.837867736816406
2021-04-22,53.849998474121094,47.66966247558594
2021-04-23,54.630001068115234,48.36014175415039
2021-04-26,54.70000076293945,48.4221076965332
2021-04-27,54.66999816894531,48.39555740356445
2021-04-28,55.08000183105469,48.75850296020508
2021-04-29,54.95000076293945,48.64341735839844
2021-04-30,53.97999954223633,47.78474426269531
2021-05-03,53.97999954223633,47.78474426269531
2021-05-04,53.369998931884766,47.244754791259766
2021-05-05,53.619998931884766,47.466060638427734
2021-05-06,54.130001068115234,47.91752624511719
2021-05-07,54.689998626708984,48.41325378417969
2021-05-10,53.709999084472656,47.54573440551758
2021-05-11,53.560001373291016,47.41294860839844
2021-05-12,52.08000183105469,46.10280227661133
2021-05-13,52.0099983215332,46.040836334228516
2021-05-14,52.95000076293945,46.872955322265625
2021-05-17,52.900001525878906,46.82869338989258
2021-05-18,53.61000061035156,47.45720672607422
2021-05-19,53.45000076293945,47.31557083129883
2021-05-20,53.7599983215332,47.58999252319336
2021-05-21,53.13999938964844,47.04115295410156
2021-05-24,53.58000183105469,47.43065643310547
2021-05-25,54.11000061035156,47.89982223510742
2021-05-26,54.5099983215332,48.2539176940918
2021-05-27,54.52000045776367,48.26277160644531
2021-05-28,54.869998931884766,48.572601318359375
2021-06-01,56.0,49.572906494140625
2021-06-02,56.09000015258789,49.6525764465332
2021-06-03,55.4900016784668,49.1214485168457
2021-06-04,55.9900016784668,49.56406021118164
2021-06-07,55.709999084472656,49.316192626953125
2021-06-08,55.439998626708984,49.077178955078125
2021-06-09,55.279998779296875,48.935543060302734
2021-06-10,55.47999954223633,49.32764434814453
2021-06-11,55.290000915527344,49.15870666503906
2021-06-14,55.439998626708984,49.292076110839844
2021-06-15,55.060001373291016,48.9542121887207
2021-06-16,54.310001373291016,48.28738784790039
2021-06-17,54.61000061035156,48.55411148071289
2021-06-18,54.22999954223633,48.21625518798828
2021-06-21,54.459999084472656,48.42074966430664
2021-06-22,54.209999084472656,48.1984748840332
2021-06-23,54.540000915527344,48.49188232421875
2021-06-24,55.040000915527344,48.93643569946289
2021-06-25,55.5,49.345420837402344
2021-06-28,55.54999923706055,49.38987731933594
2021-06-29,55.5099983215332,49.354305267333984
2021-06-30,55.150001525878906,49.034236907958984
2021-07-01,54.84000015258789,48.75861358642578
2021-07-02,54.779998779296875,48.70526885986328
2021-07-06,53.81999969482422,47.851722717285156
2021-07-07,53.7599983215332,47.798370361328125
2021-07-08,52.63999938964844,46.80257797241211
2021-07-09,53.54999923706055,47.61166763305664
2021-07-12,53.599998474121094,47.656124114990234
2021-07-13,53.650001525878906,47.7005729675293
2021-07-14,53.880001068115234,47.905067443847656
2021-07-15,54.0099983215332,48.020652770996094
2021-07-16,53.59000015258789,47.64722442626953
2021-07-19,52.689998626708984,46.84702682495117
2021-07-20,52.86000061035156,46.99818420410156
2021-07-21,53.20000076293945,47.300479888916016
2021-07-22,53.29999923706055,47.38938903808594
2021-07-23,52.5099983215332,46.686988830566406
2021-07-26,51.5099983215332,45.797882080078125
2021-07-27,50.470001220703125,44.87321090698242
2021-07-28,51.84000015258789,46.09128952026367
2021-07-29,52.099998474121094,46.32245635986328
2021-07-30,51.599998474121094,45.87790298461914
2021-08-02,51.970001220703125,46.20688247680664
2021-08-03,52.189998626708984,46.4024772644043
2021-08-04,52.459999084472656,46.642539978027344
2021-08-05,52.380001068115234,46.571407318115234
2021-08-06,51.939998626708984,46.180198669433594
2021-08-09,52.11000061035156,46.33134841918945
2021-08-10,52.18000030517578,46.393585205078125
2021-08-11,52.31999969482422,46.51806640625
2021-08-12,51.86000061035156,46.109073638916016
2021-08-13,51.72999954223633,45.99348831176758
2021-08-16,51.2599983215332,45.57560729980469
2021-08-17,50.31999969482422,44.73984909057617
2021-08-18,50.400001525878906,44.81098175048828
2021-08-19,49.540000915527344,44.04634475708008
2021-08-20,49.5,44.01078414916992
2021-08-23,50.25,44.6776123046875
2021-08-24,51.38999938964844,45.691192626953125
2021-08-25,51.45000076293945,45.74454116821289
2021-08-26,50.959999084472656,45.30888366699219
2021-08-27,51.59000015258789,45.869014739990234
2021-08-30,51.70000076293945,45.96681213378906
2021-08-31,52.40999984741211,46.59808349609375
2021-09-01,53.08000183105469,47.193782806396484
2021-09-02,52.84000015258789,46.98040008544922
2021-09-03,53.119998931884766,47.22935104370117
2021-09-07,53.43000030517578,47.504974365234375
2021-09-08,52.650001525878906,46.811466217041016
2021-09-09,52.54999923706055,46.7225456237793
2021-09-10,52.4900016784668,46.669212341308594
2021-09-13,52.630001068115234,46.79368209838867
2021-09-14,52.189998626708984,46.4024772644043
2021-09-15,52.18000030517578,46.393585205078125
2021-09-16,51.59000015258789,45.869014739990234
2021-09-17,51.369998931884766,45.673404693603516
2021-09-20,49.9900016784668,44.44644546508789
2021-09-21,50.36000061035156,44.77541732788086
2021-09-22,50.9900016784668,45.33555603027344
2021-09-23,51.38999938964844,45.691192626953125
2021-09-24,50.779998779296875,45.148841857910156
2021-09-27,51.11000061035156,45.4422492980957
2021-09-28,50.45000076293945,44.85543441772461
2021-09-29,49.97999954223633,44.43755340576172
2021-09-30,50.380001068115234,44.7932014465332
2021-10-01,50.33000183105469,44.74873733520508
2021-10-04,49.59000015258789,44.09080123901367
2021-10-05,49.939998626708984,44.4019889831543
2021-10-06,49.65999984741211,44.15303421020508
2021-10-07,50.630001068115234,45.015472412109375
2021-10-08,50.81999969482422,45.18440628051758
2021-10-11,50.720001220703125,45.095489501953125
2021-10-12,50.459999084472656,44.86433410644531
2021-10-13,51.15999984741211,45.486698150634766
2021-10-14,51.31999969482422,45.62895202636719
2021-10-15,51.939998626708984,46.180198669433594
2021-10-18,51.810001373291016,46.06461715698242
2021-10-19,52.5,46.678096771240234
2021-10-20,52.4900016784668,46.669212341308594
2021-10-21,52.150001525878906,46.36690902709961
2021-10-22,52.040000915527344,46.26911544799805
2021-10-25,52.310001373291016,46.509178161621094
2021-10-26,52.040000915527344,46.26911544799805
2021-10-27,51.619998931884766,45.89569091796875
2021-10-28,51.66999816894531,45.94015121459961
2021-10-29,50.91999816894531,45.273311614990234
2021-11-01,51.31999969482422,45.62895202636719
2021-11-02,50.86000061035156,45.219974517822266
2021-11-03,51.099998474121094,45.433353424072266
2021-11-04,50.97999954223633,45.32666015625
2021-11-05,50.91999816894531,45.273311614990234
2021-11-08,51.38999938964844,45.691192626953125
2021-11-09,51.189998626708984,45.51337432861328
2021-11-10,50.97999954223633,45.32666015625
2021-11-11,51.86000061035156,46.109073638916016
2021-11-12,52.0,46.233551025390625
2021-11-15,51.83000183105469,46.0823974609375
2021-11-16,51.900001525878906,46.14463806152344
2021-11-17,51.630001068115234,45.90458297729492
2021-11-18,51.0,45.34444046020508
2021-11-19,50.91999816894531,45.273311614990234
2021-11-22,50.5099983215332,44.90877914428711
2021-11-23,50.459999084472656,44.86433410644531
2021-11-24,50.38999938964844,44.80208969116211
2021-11-26,48.70000076293945,43.299495697021484
2021-11-29,48.88999938964844,43.468421936035156
2021-11-30,48.84000015258789,43.423973083496094
2021-12-01,49.02000045776367,43.58400344848633
2021-12-02,49.619998931884766,44.117469787597656
2021-12-03,48.91999816894531,43.495094299316406
2021-12-06,49.29999923706055,43.83295822143555
2021-12-07,50.08000183105469,44.52646255493164
2021-12-08,50.279998779296875,44.70428466796875
2021-12-09,50.040000915527344,44.490901947021484
2021-12-10,50.08000183105469,44.52646255493164
2021-12-13,48.59000015258789,43.82032775878906
2021-12-14,48.47999954223633,43.72112274169922
2021-12-15,48.34000015258789,43.594871520996094
2021-12-16,48.400001525878906,43.64897918701172
2021-12-17,48.15999984741211,43.432533264160156
2021-12-20,47.439998626708984,42.78321075439453
2021-12-21,48.2400016784668,43.50468063354492
2021-12-22,48.470001220703125,43.712100982666016
2021-12-23,48.720001220703125,43.93756103515625
2021-12-27,48.939998626708984,44.135963439941406
2021-12-28,48.779998779296875,43.991676330566406
2021-12-29,48.560001373291016,43.79327392578125
2021-12-30,49.09000015258789,44.294960021972656
2021-12-31,48.849998474121094,44.078399658203125
2022-01-03,49.20000076293945,44.39421081542969
2022-01-04,49.029998779296875,44.24081802368164
2022-01-05,48.22999954223633,43.51896667480469
2022-01-06,48.45000076293945,43.71747970581055
2022-01-07,48.88999938964844,44.11448669433594
2022-01-10,48.88999938964844,44.11448669433594
2022-01-11,50.02000045776367,45.13412094116211
2022-01-12,50.849998474121094,45.8830451965332
2022-01-13,50.130001068115234,45.233375549316406
2022-01-14,50.11000061035156,45.215328216552734
2022-01-18,49.220001220703125,44.412261962890625
2022-01-19,49.43000030517578,44.601749420166016
2022-01-20,49.720001220703125,44.863426208496094
2022-01-21,49.0,44.21375274658203
2022-01-24,48.310001373291016,43.591148376464844
2022-01-25,48.220001220703125,43.50993728637695
2022-01-26,47.61000061035156,42.95952606201172
2022-01-27,47.060001373291016,42.4632568359375
2022-01-28,47.290000915527344,42.67078399658203
2022-01-31,48.84000015258789,44.06938171386719
2022-02-01,49.13999938964844,44.34008026123047
2022-02-02,49.060001373291016,44.26789474487305
2022-02-03,48.540000915527344,43.79868698120117
2022-02-04,48.65999984741211,43.906959533691406
2022-02-07,48.560001373291016,43.81672668457031
2022-02-08,49.029998779296875,44.24081802368164
2022-02-09,49.79999923706055,44.93560791015625
2022-02-10,49.470001220703125,44.63784408569336
2022-02-11,48.720001220703125,43.96110153198242
2022-02-14,48.380001068115234,43.65431594848633
2022-02-15,49.43000030517578,44.601749420166016
2022-02-16,49.790000915527344,44.92658233642578
2022-02-17,49.209999084472656,44.403236389160156
2022-02-18,48.720001220703125,43.96110153198242
2022-02-22,48.029998779296875,43.338497161865234
2022-02-23,47.470001220703125,42.83319854736328
2022-02-24,46.4900016784668,41.94892883300781
2022-02-25,47.349998474121094,42.72492218017578
2022-02-28,46.72999954223633,42.16548156738281
2022-03-01,46.11000061035156,41.60604476928711
2022-03-02,46.189998626708984,41.678226470947266
2022-03-03,45.540000915527344,41.09171676635742
2022-03-04,44.619998931884766,40.26158142089844
2022-03-07,42.95000076293945,38.75471115112305
2022-03-08,43.09000015258789,38.88102722167969
2022-03-09,44.310001373291016,39.981868743896484
2022-03-10,43.47999954223633,39.23293685913086
2022-03-11,42.56999969482422,38.411827087402344
2022-03-14,41.540000915527344,37.48242950439453
2022-03-15,41.599998474121094,37.536563873291016
2022-03-16,44.95000076293945,40.55935287475586
2022-03-17,44.720001220703125,40.35182189941406
2022-03-18,45.36000061035156,40.92929458618164
2022-03-21,44.65999984741211,40.29767608642578
2022-03-22,45.470001220703125,41.028560638427734
2022-03-23,45.16999816894531,40.75785827636719
2022-03-24,45.40999984741211,40.97441482543945
2022-03-25,45.04999923706055,40.64958572387695
2022-03-28,45.20000076293945,40.78492736816406
2022-03-29,45.970001220703125,41.47971725463867
2022-03-30,45.84000015258789,41.36241149902344
2022-03-31,45.150001525878906,40.73981475830078
2022-04-01,45.900001525878906,41.41655349731445
2022-04-04,46.709999084472656,42.14743423461914
2022-04-05,45.849998474121094,41.37144088745117
2022-04-06,45.25,40.83004379272461
2022-04-07,44.88999938964844,40.505210876464844
2022-04-08,44.93000030517578,40.54130172729492
2022-04-11,44.369998931884766,40.03600311279297
2022-04-12,44.22999954223633,39.9096794128418
2022-04-13,44.810001373291016,40.43302536010742
2022-04-14,44.22999954223633,39.9096794128418
2022-04-18,44.08000183105469,39.77433395385742
2022-04-19,43.86000061035156,39.57581329345703
2022-04-20,43.599998474121094,39.34121322631836
2022-04-21,42.7599983215332,38.58326721191406
2022-04-22,42.380001068115234,38.24038314819336
2022-04-25,42.06999969482422,37.960662841796875
2022-04-26,41.150001525878906,37.13052749633789
2022-04-27,41.630001068115234,37.56364440917969
2022-04-28,42.22999954223633,38.10503005981445
2022-04-29,42.380001068115234,38.24038314819336
2022-05-02,42.31999969482422,38.18624496459961
2022-05-03,42.630001068115234,38.465972900390625
2022-05-04,43.09000015258789,38.88102722167969
2022-05-05,41.5,37.44634246826172
2022-05-06,40.93000030517578,36.93201446533203
2022-05-09,39.75,35.86727523803711
2022-05-10,39.939998626708984,36.03871536254883
2022-05-11,39.65999984741211,35.786067962646484
2022-05-12,39.400001525878906,35.55146789550781
2022-05-13,40.4900016784668,36.53499221801758
2022-05-16,40.33000183105469,36.390625
2022-05-17,41.31999969482422,37.283931732177734
2022-05-18,40.33000183105469,36.390625
2022-05-19,40.970001220703125,36.968109130859375
2022-05-20,41.13999938964844,37.121498107910156
2022-05-23,41.45000076293945,37.401222229003906
2022-05-24,40.72999954223633,36.75155258178711
2022-05-25,40.93000030517578,36.93201446533203
2022-05-26,41.56999969482422,37.50950241088867
2022-05-27,42.04999923706055,37.9426155090332
2022-05-31,42.63999938964844,38.47498321533203
2022-06-01,42.34000015258789,38.20429229736328
2022-06-02,43.06999969482422,38.86298370361328
2022-06-03,42.369998931884766,38.23135757446289
2022-06-06,42.599998474121094,38.43889617919922
2022-06-07,42.72999954223633,38.55619812011719
2022-06-08,42.959999084472656,38.76372528076172
2022-06-09,41.59000015258789,37.84646224975586
2022-06-10,41.130001068115234,37.42786407470703
2022-06-13,39.689998626708984,36.11747741699219
2022-06-14,40.2400016784668,36.61797332763672
2022-06-15,40.77000045776367,37.10026550292969
2022-06-16,39.52000045776367,35.96278381347656
2022-06-17,39.66999816894531,36.09927749633789
2022-06-21,40.310001373291016,36.681671142578125
2022-06-22,39.59000015258789,36.02648162841797
2022-06-23,39.709999084472656,36.13568115234375
2022-06-24,40.650001525878906,36.99106979370117
2022-06-27,40.70000076293945,37.03656768798828
2022-06-28,40.45000076293945,36.80907440185547
2022-06-29,40.290000915527344,36.66347885131836
2022-06-30,40.099998474121094,36.49057388305664
2022-07-01,39.849998474121094,36.2630729675293
2022-07-05,39.540000915527344,35.980987548828125
2022-07-06,39.29999923706055,35.76258087158203
2022-07-07,40.09000015258789,36.481475830078125
2022-07-08,40.09000015258789,36.481475830078125
2022-07-11,39.02000045776367,35.507789611816406
2022-07-12,38.869998931884766,35.37129211425781
2022-07-13,38.779998779296875,35.28938674926758
2022-07-14,38.43000030517578,34.970890045166016
2022-07-15,38.630001068115234,35.152889251708984
2022-07-18,38.900001525878906,35.398590087890625
2022-07-19,39.540000915527344,35.980987548828125
2022-07-20,39.369998931884766,35.8262825012207
2022-07-21,39.81999969482422,36.23577880859375
2022-07-22,39.41999816894531,35.87178039550781
2022-07-25,39.560001373291016,35.999183654785156
2022-07-26,39.25,35.71708297729492
2022-07-27,39.97999954223633,36.381378173828125
2022-07-28,40.150001525878906,36.53607940673828
2022-07-29,39.959999084472656,36.36317825317383
2022-08-01,39.619998931884766,36.053775787353516
2022-08-02,39.43000030517578,35.880882263183594
2022-08-03,39.7400016784668,36.16298294067383
2022-08-04,40.02000045776367,36.41777801513672
2022-08-05,40.060001373291016,36.45417785644531
2022-08-08,40.11000061035156,36.49967956542969
2022-08-09,39.959999084472656,36.36317825317383
2022-08-10,40.459999084472656,36.81817626953125
2022-08-11,40.619998931884766,36.963768005371094
2022-08-12,41.04999923706055,37.35506820678711
2022-08-15,40.86000061035156,37.18217086791992
2022-08-16,40.849998474121094,37.173065185546875
2022-08-17,40.68000030517578,37.01837158203125
2022-08-18,40.45000076293945,36.80907440185547
2022-08-19,39.900001525878906,36.30857849121094
2022-08-22,39.54999923706055,35.990081787109375
2022-08-23,39.7599983215332,36.18117904663086
2022-08-24,39.75,36.172080993652344
2022-08-25,40.61000061035156,36.95466995239258
2022-08-26,40.0099983215332,36.40867614746094
2022-08-29,39.7599983215332,36.18117904663086
2022-08-30,39.290000915527344,35.75348663330078
2022-08-31,39.43000030517578,35.880882263183594
2022-09-01,39.119998931884766,35.59878158569336
2022-09-02,38.7599983215332,35.27118682861328
2022-09-06,38.29999923706055,34.852596282958984
2022-09-07,38.63999938964844,35.1619873046875
2022-09-08,38.43000030517578,34.970890045166016
2022-09-09,39.0,35.489585876464844
2022-09-12,39.58000183105469,36.01738357543945
2022-09-13,38.36000061035156,34.90719223022461
2022-09-14,38.54999923706055,35.08009338378906
2022-09-15,38.13999938964844,34.70699691772461
2022-09-16,37.790000915527344,34.38850021362305
2022-09-19,37.90999984741211,34.49769973754883
2022-09-20,37.70000076293945,34.30659484863281
2022-09-21,37.06999969482422,33.73330307006836
2022-09-22,36.88999938964844,33.569515228271484
2022-09-23,35.97999954223633,32.741416931152344
2022-09-26,35.540000915527344,32.341026306152344
2022-09-27,35.5,32.304622650146484
2022-09-28,35.810001373291016,32.58671951293945
2022-09-29,35.0099983215332,31.858728408813477
2022-09-30,34.880001068115234,31.74043083190918
2022-10-03,35.45000076293945,32.259124755859375
2022-10-04,36.61000061035156,33.3147087097168
2022-10-05,36.630001068115234,33.33291244506836
2022-10-06,36.40999984741211,33.132713317871094
2022-10-07,35.650001525878906,32.44112777709961
2022-10-10,35.150001525878906,31.986129760742188
2022-10-11,34.59000015258789,31.476537704467773
2022-10-12,34.630001068115234,31.51293182373047
2022-10-13,34.72999954223633,31.603931427001953
2022-10-14,34.209999084472656,31.1307373046875
2022-10-17,35.150001525878906,31.986129760742188
2022-10-18,35.15999984741211,31.9952335357666
2022-10-19,34.52000045776367,31.4128360748291
2022-10-20,34.7400016784668,31.613035202026367
2022-10-21,35.27000045776367,32.0953254699707
2022-10-24,33.93000030517578,30.875938415527344
2022-10-25,34.209999084472656,31.1307373046875
2022-10-26,34.77000045776367,31.64033317565918
2022-10-27,34.5,31.39463233947754
2022-10-28,34.290000915527344,31.203536987304688
2022-10-31,34.189998626708984,31.11253547668457
2022-11-01,34.81999969482422,31.68583106994629
2022-11-02,34.529998779296875,31.421934127807617
2022-11-03,34.72999954223633,31.603931427001953
2022-11-04,36.20000076293945,32.94161605834961
2022-11-07,36.220001220703125,32.95981979370117
2022-11-08,36.47999954223633,33.1964111328125
2022-11-09,35.849998474121094,32.62311935424805
2022-11-10,37.150001525878906,33.80611038208008
2022-11-11,38.15999984741211,34.72519302368164
2022-11-14,37.93000030517578,34.51589584350586
2022-11-15,38.79999923706055,35.307586669921875
2022-11-16,38.18000030517578,34.74339294433594
2022-11-17,38.25,34.807098388671875
2022-11-18,38.029998779296875,34.60689163208008
2022-11-21,37.54999923706055,34.170101165771484
2022-11-22,37.63999938964844,34.25200271606445
2022-11-23,37.95000076293945,34.534095764160156
2022-11-25,37.77000045776367,34.37030029296875
2022-11-28,37.599998474121094,34.21560287475586
2022-11-29,38.40999984741211,34.95269012451172
2022-11-30,39.52000045776367,35.96278381347656
2022-12-01,39.38999938964844,35.844478607177734
2022-12-02,39.540000915527344,35.980987548828125
2022-12-05,39.09000015258789,35.57148742675781
2022-12-06,39.040000915527344,35.5259895324707
2022-12-07,38.810001373291016,35.31669616699219
2022-12-08,39.279998779296875,35.744384765625
2022-12-09,39.02000045776367,35.507789611816406
2022-12-12,38.900001525878906,35.398590087890625
2022-12-13,38.59000015258789,35.65172576904297
2022-12-14,38.61000061035156,35.67020797729492
2022-12-15,37.720001220703125,34.84796905517578
2022-12-16,37.83000183105469,34.9495964050293
2022-12-19,37.86000061035156,34.97731018066406
2022-12-20,37.849998474121094,34.96806716918945
2022-12-21,38.189998626708984,35.28218460083008
2022-12-22,37.849998474121094,34.96806716918945
2022-12-23,37.79999923706055,34.921871185302734
2022-12-27,38.36000061035156,35.43923568725586
2022-12-28,37.79999923706055,34.921871185302734
2022-12-29,38.43000030517578,35.50391387939453
2022-12-30,37.900001525878906,35.01426315307617
2023-01-03,38.220001220703125,35.309898376464844
2023-01-04,39.369998931884766,36.37233352661133
2023-01-05,39.25,36.261470794677734
2023-01-06,40.06999969482422,37.01903533935547
2023-01-09,40.369998931884766,37.29619598388672
2023-01-10,40.65999984741211,37.56411361694336
2023-01-11,40.83000183105469,37.72117233276367
2023-01-12,41.029998779296875,37.905941009521484
2023-01-13,41.29999923706055,38.15538024902344
2023-01-17,41.06999969482422,37.942901611328125
2023-01-18,40.790000915527344,37.6842155456543
2023-01-19,41.099998474121094,37.970611572265625
2023-01-20,41.72999954223633,38.55263900756836
2023-01-23,42.029998779296875,38.829803466796875
2023-01-24,42.060001373291016,38.85751724243164
2023-01-25,42.099998474121094,38.89447021484375
2023-01-26,42.5,39.264015197753906
2023-01-27,42.29999923706055,39.07924270629883
2023-01-30,41.45000076293945,38.29396438598633
2023-01-31,41.36000061035156,38.2108154296875
2023-02-01,41.869998931884766,38.681983947753906
2023-02-02,41.619998931884766,38.45101547241211
2023-02-03,40.880001068115234,37.767364501953125
2023-02-06,40.279998779296875,37.21304702758789
2023-02-07,40.439998626708984,37.360862731933594
2023-02-08,40.38999938964844,37.31467056274414
2023-02-09,40.58000183105469,37.49020767211914
2023-02-10,40.189998626708984,37.12990188598633
2023-02-13,40.52000045776367,37.43478012084961
2023-02-14,40.45000076293945,37.37010192871094
2023-02-15,40.11000061035156,37.05598831176758
2023-02-16,40.119998931884766,37.06523132324219
2023-02-17,39.68000030517578,36.65872573852539
2023-02-21,39.18000030517578,36.196800231933594
2023-02-22,38.9900016784668,36.02126693725586
2023-02-23,39.18000030517578,36.196800231933594
2023-02-24,38.29999923706055,35.38380813598633
2023-02-27,38.5,35.568580627441406
2023-02-28,38.22999954223633,35.31913375854492
2023-03-01,39.04999923706055,36.07670211791992
2023-03-02,39.189998626708984,36.2060432434082
2023-03-03,39.540000915527344,36.529396057128906
2023-03-06,39.400001525878906,36.400054931640625
2023-03-07,38.7400016784668,35.790306091308594
2023-03-08,38.900001525878906,35.93812561035156
2023-03-09,38.040000915527344,35.14360809326172
2023-03-10,37.84000015258789,34.95883560180664
2023-03-13,37.900001525878906,35.01426315307617
2023-03-14,37.91999816894531,35.032737731933594
2023-03-15,37.27000045776367,34.43223190307617
2023-03-16,37.84000015258789,34.95883560180664
2023-03-17,37.61000061035156,34.746341705322266
2023-03-20,37.75,34.87568664550781
2023-03-21,38.09000015258789,35.189796447753906
2023-03-22,38.2400016784668,35.328372955322266
2023-03-23,38.77000045776367,35.818023681640625
2023-03-24,38.66999816894531,35.72563552856445
2023-03-27,38.459999084472656,35.53162384033203
2023-03-28,39.0099983215332,36.03974914550781
2023-03-29,39.119998931884766,36.1413688659668
2023-03-30,39.5099983215332,36.501678466796875
2023-03-31,39.459999084472656,36.45548629760742
2023-04-03,39.540000915527344,36.529396057128906
2023-04-04,39.540000915527344,36.529396057128906
2023-04-05,39.22999954223633,36.24299621582031
2023-04-06,39.38999938964844,36.39080810546875
2023-04-10,39.43000030517578,36.427764892578125
2023-04-11,39.66999816894531,36.64949035644531
2023-04-12,39.38999938964844,36.39080810546875
2023-04-13,39.93000030517578,36.88969421386719
2023-04-14,39.720001220703125,36.69568634033203
2023-04-17,39.88999938964844,36.852745056152344
2023-04-18,39.84000015258789,36.806549072265625
2023-04-19,39.439998626708984,36.437007904052734
2023-04-20,39.380001068115234,36.38157272338867
2023-04-21,39.0099983215332,36.03974914550781
2023-04-24,38.91999816894531,35.956600189208984
2023-04-25,38.189998626708984,35.28218460083008
2023-04-26,38.40999984741211,35.48542785644531
2023-04-27,38.93000030517578,35.96583557128906
2023-04-28,39.130001068115234,36.15060806274414
2023-05-01,39.0,36.03050994873047
2023-05-02,38.619998931884766,35.679447174072266
2023-05-03,38.560001373291016,35.62401580810547
2023-05-04,38.869998931884766,35.91040802001953
2023-05-05,39.38999938964844,36.39080810546875
2023-05-08,39.40999984741211,36.4092903137207
2023-05-09,39.16999816894531,36.187564849853516
2023-05-10,39.150001525878906,36.169090270996094
2023-05-11,39.0099983215332,36.03974914550781
2023-05-12,38.54999923706055,35.614768981933594
2023-05-15,39.2599983215332,36.270713806152344
2023-05-16,38.97999954223633,36.012027740478516
2023-05-17,39.15999984741211,36.17832565307617
2023-05-18,38.95000076293945,35.98431396484375
2023-05-19,38.97999954223633,36.012027740478516
2023-05-22,39.29999923706055,36.30766677856445
2023-05-23,38.689998626708984,35.74410629272461
2023-05-24,38.400001525878906,35.476192474365234
2023-05-25,38.31999969482422,35.402286529541016
2023-05-26,39.0,36.03050994873047
2023-05-30,38.54999923706055,35.614768981933594
2023-05-31,38.189998626708984,35.28218460083008
2023-06-01,38.869998931884766,35.91040802001953
2023-06-02,39.540000915527344,36.529396057128906
2023-06-05,39.529998779296875,36.52014923095703
2023-06-06,39.880001068115234,36.843505859375
2023-06-07,39.400001525878906,36.685218811035156
2023-06-08,39.68000030517578,36.9459228515625
2023-06-09,39.86000061035156,37.113521575927734
2023-06-12,39.939998626708984,37.188011169433594
2023-06-13,40.34000015258789,37.56045150756836
2023-06-14,40.63999938964844,37.83978271484375
2023-06-15,41.02000045776367,38.19359588623047
2023-06-16,40.880001068115234,38.06324005126953
2023-06-20,40.08000183105469,37.318363189697266
2023-06-21,39.88999938964844,37.14146041870117
2023-06-22,39.75,37.0111083984375
2023-06-23,39.16999816894531,36.471065521240234
2023-06-26,39.29999923706055,36.59210968017578
2023-06-27,39.70000076293945,36.96455001831055
2023-06-28,39.459999084472656,36.741085052490234
2023-06-29,39.25,36.545555114746094
2023-06-30,39.560001373291016,36.834197998046875
2023-07-03,40.0,37.24387741088867
2023-07-05,39.7599983215332,37.02041244506836
2023-07-06,38.95000076293945,36.2662239074707
2023-07-07,39.38999938964844,36.6759033203125
2023-07-10,39.41999816894531,36.70383834838867
2023-07-11,39.81999969482422,37.07627868652344
2023-07-12,40.709999084472656,37.90495681762695
2023-07-13,41.2400016784668,38.3984375
2023-07-14,41.0099983215332,38.18428039550781
2023-07-17,41.060001373291016,38.2308349609375
2023-07-18,40.7599983215332,37.951507568359375
2023-07-19,40.68000030517578,37.87702178955078
2023-07-20,40.380001068115234,37.597694396972656
2023-07-21,40.31999969482422,37.54182815551758
2023-07-24,40.869998931884766,38.05392837524414
2023-07-25,41.209999084472656,38.370506286621094
2023-07-26,41.45000076293945,38.59396743774414
2023-07-27,40.939998626708984,38.119110107421875
2023-07-28,41.93000030517578,39.0408935546875
2023-07-31,41.95000076293945,39.05951690673828
2023-08-01,41.41999816894531,38.566036224365234
2023-08-02,40.43000030517578,37.644248962402344
2023-08-03,40.59000015258789,37.7932243347168
2023-08-04,40.540000915527344,37.746665954589844
2023-08-07,40.47999954223633,37.69080352783203
2023-08-08,39.9900016784668,37.23456573486328
2023-08-09,40.09000015258789,37.32767868041992
2023-08-10,40.150001525878906,37.383541107177734
2023-08-11,39.560001373291016,36.834197998046875
2023-08-14,39.369998931884766,36.657283782958984
2023-08-15,38.91999816894531,36.23828887939453
2023-08-16,38.56999969482422,35.91240692138672
2023-08-17,38.65999984741211,35.9962043762207
2023-08-18,38.400001525878906,35.754119873046875
2023-08-21,38.4900016784668,35.837921142578125
2023-08-22,38.40999984741211,35.763431549072266
2023-08-23,39.02000045776367,36.33140563964844
2023-08-24,38.869998931884766,36.19173812866211
2023-08-25,38.90999984741211,36.228981018066406
2023-08-28,39.290000915527344,36.582801818847656
2023-08-29,39.790000915527344,37.04834747314453
2023-08-30,39.65999984741211,36.927303314208984
2023-08-31,39.16999816894531,36.471065521240234
2023-09-01,39.630001068115234,36.89937210083008
2023-09-05,39.310001373291016,36.60142517089844
2023-09-06,39.09000015258789,36.396575927734375
2023-09-07,38.630001068115234,35.9682731628418
2023-09-08,38.709999084472656,36.04275894165039
2023-09-11,39.189998626708984,36.489688873291016
2023-09-12,39.06999969482422,36.377960205078125
2023-09-13,39.02000045776367,36.33140563964844
2023-09-14,39.279998779296875,36.573482513427734
2023-09-15,39.130001068115234,36.43382263183594
2023-09-18,39.08000183105469,36.38727569580078
2023-09-19,38.849998474121094,36.173118591308594
2023-09-20,38.689998626708984,36.02413558959961
2023-09-21,38.02000045776367,35.400306701660156
2023-09-22,38.470001220703125,35.819297790527344
2023-09-25,38.29999923706055,35.6610107421875
2023-09-26,37.7599983215332,35.1582145690918
2023-09-27,37.81999969482422,35.214080810546875
2023-09-28,37.91999816894531,35.30719757080078
2023-09-29,37.95000076293945,35.33512496948242
2023-10-02,37.7599983215332,35.1582145690918
2023-10-03,37.2599983215332,34.69266891479492
2023-10-04,37.150001525878906,34.590248107910156
2023-10-05,37.290000915527344,34.720603942871094
2023-10-06,37.83000183105469,35.2234001159668
2023-10-09,37.650001525878906,35.05580139160156
2023-10-10,38.189998626708984,35.55859375
2023-10-11,38.43000030517578,35.78205490112305
2023-10-12,38.0,35.381683349609375
2023-10-13,37.86000061035156,35.2513313293457
2023-10-16,38.13999938964844,35.51204299926758
2023-10-17,38.040000915527344,35.41892623901367
2023-10-18,37.459999084472656,34.87889099121094
2023-10-19,37.2400016784668,34.674049377441406
2023-10-20,36.790000915527344,34.25505828857422
2023-10-23,36.7599983215332,34.22711944580078
2023-10-24,37.22999954223633,34.66474151611328
2023-10-25,36.7400016784668,34.20849609375
2023-10-26,36.560001373291016,34.0409049987793
2023-10-27,36.529998779296875,34.01296615600586
2023-10-30,36.90999984741211,34.36678695678711
2023-10-31,36.70000076293945,34.171260833740234
2023-11-01,37.040000915527344,34.487831115722656
2023-11-02,37.689998626708984,35.093040466308594
2023-11-03,38.459999084472656,35.80998992919922
2023-11-06,38.77000045776367,36.098628997802734
2023-11-07,38.70000076293945,36.033451080322266
2023-11-08,38.439998626708984,35.79136276245117
2023-11-09,38.08000183105469,35.456172943115234
2023-11-10,38.349998474121094,35.70756530761719
2023-11-13,38.34000015258789,35.6982536315918
2023-11-14,39.36000061035156,36.64797592163086
2023-11-15,39.689998626708984,36.955238342285156
2023-11-16,39.310001373291016,36.60142517089844
2023-11-17,39.36000061035156,36.64797592163086
2023-11-20,39.849998474121094,37.10420608520508
2023-11-21,39.599998474121094,36.871437072753906
2023-11-22,39.52000045776367,36.79695129394531
2023-11-24,39.540000915527344,36.815574645996094
2023-11-27,39.380001068115234,36.666595458984375
2023-11-28,39.709999084472656,36.97385787963867
2023-11-29,39.47999954223633,36.75971221923828
2023-11-30,39.560001373291016,36.834197998046875
2023-12-01,39.72999954223633,36.99247741699219
2023-12-04,39.279998779296875,36.573482513427734
2023-12-05,39.040000915527344,36.35002517700195
2023-12-06,38.9900016784668,36.303466796875
2023-12-07,39.18000030517578,36.480377197265625
2023-12-08,39.0099983215332,36.32209014892578
2023-12-11,39.2400016784668,36.5362434387207
2023-12-12,39.25,36.545555114746094
2023-12-13,39.63999938964844,36.9086799621582
2023-12-14,40.220001220703125,37.4487190246582
2023-12-15,39.97999954223633,37.22525405883789
2023-12-18,39.959999084472656,37.206634521484375
2023-12-19,40.29999923706055,37.5232048034668
2023-12-20,38.84000015258789,36.84772872924805
2023-12-21,39.56999969482422,37.540279388427734
2023-12-22,39.380001068115234,37.36002731323242
2023-12-26,39.689998626708984,37.65412902832031
2023-12-27,39.91999816894531,37.8723258972168
2023-12-28,40.22999954223633,38.16642761230469
2023-12-29,40.209999084472656,38.147457122802734
2024-01-02,39.7400016784668,37.70156478881836
2024-01-03,39.52000045776367,37.49284744262695
2024-01-04,39.38999938964844,37.369510650634766
2024-01-05,39.439998626708984,37.41694641113281
2024-01-08,39.54999923706055,37.521305084228516
2024-01-09,38.9900016784668,36.99003601074219
2024-01-10,38.900001525878906,36.90464782714844
2024-01-11,39.060001373291016,37.05644226074219
2024-01-12,39.20000076293945,37.18925857543945
2024-01-16,38.25,36.287986755371094
2024-01-17,37.68000030517578,35.747230529785156
2024-01-18,37.9900016784668,36.041324615478516
2024-01-19,38.38999938964844,36.42081069946289
2024-01-22,38.04999923706055,36.09824752807617
2024-01-23,38.380001068115234,36.41132354736328
2024-01-24,38.810001373291016,36.819271087646484
2024-01-25,38.86000061035156,36.866703033447266
2024-01-26,38.88999938964844,36.89516067504883
2024-01-29,38.90999984741211,36.91413497924805
2024-01-30,38.599998474121094,36.620033264160156
2024-01-31,38.38999938964844,36.42081069946289
2024-02-01,38.7599983215332,36.77183151245117
2024-02-02,38.650001525878906,36.667476654052734
2024-02-05,38.70000076293945,36.714908599853516
2024-02-06,39.58000183105469,37.549774169921875
2024-02-07,39.630001068115234,37.597206115722656
2024-02-08,39.40999984741211,37.388484954833984
2024-02-09,39.58000183105469,37.549774169921875
2024-02-12,39.88999938964844,37.84386444091797
2024-02-13,39.13999938964844,37.1323356628418
2024-02-14,39.70000076293945,37.663612365722656
2024-02-15,39.88999938964844,37.84386444091797
2024-02-16,40.08000183105469,38.02412414550781
2024-02-20,40.13999938964844,38.08103942871094
2024-02-21,40.209999084472656,38.147457122802734
2024-02-22,40.619998931884766,38.53641891479492
2024-02-23,40.599998474121094,38.5174446105957
2024-02-26,40.41999816894531,38.346683502197266
2024-02-27,40.5,38.42258071899414
2024-02-28,39.970001220703125,37.91976547241211
2024-02-29,39.9900016784668,37.93873596191406
2024-03-01,40.47999954223633,38.403602600097656
2024-03-04,40.38999938964844,38.31822204589844
2024-03-05,40.029998779296875,37.9766845703125
2024-03-06,40.61000061035156,38.52693557739258
2024-03-07,40.86000061035156,38.76411819458008
2024-03-08,40.81999969482422,38.72616195678711
2024-03-11,40.90999984741211,38.81155014038086
2024-03-12,41.36000061035156,39.238468170166016
2024-03-13,41.22999954223633,39.115135192871094
2024-03-14,41.02000045776367,38.91590881347656
2024-03-15,40.77000045776367,38.67872619628906
2024-03-18,40.84000015258789,38.745140075683594
2024-03-19,40.63999938964844,38.55539321899414
2024-03-20,41.099998474121094,38.991798400878906
2024-03-21,41.150001525878906,39.039241790771484
2024-03-22,40.86000061035156,38.76411819458008
2024-03-25,40.88999938964844,38.792572021484375
2024-03-26,40.86000061035156,38.76411819458008
2024-03-27,40.93000030517578,38.83052062988281
2024-03-28,41.08000183105469,38.97282409667969
2024-04-01,41.150001525878906,39.039241790771484
2024-04-02,41.279998779296875,39.162567138671875
2024-04-03,41.310001373291016,39.1910285949707
2024-04-04,41.15999984741211,39.0487174987793
2024-04-05,41.25,39.13410568237305
2024-04-08,41.52000045776367,39.390254974365234
2024-04-09,41.79999923706055,39.6558952331543
2024-04-10,41.22999954223633,39.115135192871094
2024-04-11,41.47999954223633,39.35231399536133
2024-04-12,40.529998779296875,38.45103454589844
2024-04-15,40.27000045776367,38.204376220703125
2024-04-16,39.7400016784668,37.70156478881836
2024-04-17,39.709999084472656,37.673099517822266
2024-04-18,39.869998931884766,37.82489013671875
2024-04-19,39.709999084472656,37.673099517822266
2024-04-22,40.13999938964844,38.08103942871094
2024-04-23,40.470001220703125,38.39411544799805
2024-04-24,40.61000061035156,38.52693557739258
2024-04-25,40.70000076293945,38.61231994628906
2024-04-26,41.16999816894531,39.05820846557617
2024-04-29,41.56999969482422,39.43769073486328
2024-04-30,40.9900016784668,38.887447357177734
2024-05-01,41.029998779296875,38.925392150878906
2024-05-02,42.09000015258789,39.9310188293457
2024-05-03,42.470001220703125,40.29153060913086
2024-05-06,42.5099983215332,40.329471588134766
2024-05-07,42.27000045776367,40.101783752441406
2024-05-08,42.279998779296875,40.11127471923828
2024-05-09,42.40999984741211,40.23460388183594
2024-05-10,42.5,40.31998825073242
2024-05-13,42.81999969482422,40.62357711791992
2024-05-14,43.04999923706055,40.841773986816406
2024-05-15,43.5099983215332,41.27818298339844
2024-05-16,43.599998474121094,41.36355972290039
2024-05-17,43.790000915527344,41.543819427490234
2024-05-20,43.630001068115234,41.392024993896484
2024-05-21,43.36000061035156,41.13587951660156
2024-05-22,43.220001220703125,41.00305938720703
2024-05-23,42.900001525878906,40.6994743347168
2024-05-24,43.02000045776367,40.81331253051758
2024-05-28,42.959999084472656,40.75638961791992
2024-05-29,42.31999969482422,40.14921951293945
2024-05-30,42.20000076293945,40.035377502441406
2024-05-31,41.790000915527344,39.64640808105469
2024-06-03,42.22999954223633,40.063838958740234
2024-06-04,41.63999938964844,39.50410461425781
2024-06-05,42.310001373291016,40.139739990234375
2024-06-06,42.52000045776367,40.33896255493164
2024-06-07,42.040000915527344,39.883583068847656
2024-06-10,42.290000915527344,40.12076187133789
2024-06-11,41.86000061035156,39.987022399902344
2024-06-12,42.279998779296875,40.38823318481445
2024-06-13,42.18000030517578,40.29270935058594
2024-06-14,42.22999954223633,40.34046936035156
2024-06-17,42.5,40.598388671875
2024-06-18,42.88999938964844,40.97093963623047
2024-06-20,42.81999969482422,40.90407180786133
2024-06-21,42.66999816894531,40.760780334472656
2024-06-24,42.66999816894531,40.760780334472656
2024-06-25,42.56999969482422,40.66525650024414
2024-06-26,42.47999954223633,40.57927703857422
2024-06-27,42.5099983215332,40.60793685913086
2024-06-28,42.59000015258789,40.68436050415039
2024-07-01,42.689998626708984,40.779884338378906
2024-07-02,42.81999969482422,40.90407180786133
2024-07-03,43.45000076293945,41.505882263183594
2024-07-05,43.630001068115234,41.677825927734375
2024-07-08,43.63999938964844,41.6873779296875
2024-07-09,43.81999969482422,41.85932922363281
2024-07-10,44.06999969482422,42.098140716552734
2024-07-11,44.33000183105469,42.34650802612305
2024-07-12,44.5099983215332,42.51845169067383
2024-07-15,44.040000915527344,42.06948471069336
2024-07-16,44.290000915527344,42.30829620361328
2024-07-17,43.56999969482422,41.620513916015625
2024-07-18,43.15999984741211,41.22885513305664
2024-07-19,42.7400016784668,40.82765197753906
2024-07-22,43.099998474121094,41.171539306640625
2024-07-23,42.720001220703125,40.80854797363281
2024-07-24,42.099998474121094,40.216285705566406
2024-07-25,41.93000030517578,40.05389404296875
2024-07-26,42.36000061035156,40.46465301513672
2024-07-29,42.220001220703125,40.33091735839844
2024-07-30,42.029998779296875,40.149417877197266
2024-07-31,42.95000076293945,41.02825164794922
2024-08-01,42.20000076293945,40.31181335449219
2024-08-02,41.599998474121094,39.73865509033203
2024-08-05,40.41999816894531,38.61145782470703
2024-08-06,40.650001525878906,38.8311653137207
2024-08-07,40.900001525878906,39.06998062133789
2024-08-08,41.83000183105469,39.95836639404297
2024-08-09,42.060001373291016,40.178077697753906
2024-08-12,42.20000076293945,40.31181335449219
2024-08-13,42.66999816894531,40.760780334472656
2024-08-14,42.439998626708984,40.54106903076172
2024-08-15,42.90999984741211,40.99004364013672
2024-08-16,43.40999984741211,41.467674255371094
2024-08-19,43.83000183105469,41.86887741088867
2024-08-20,43.4900016784668,41.54409408569336
2024-08-21,43.65999984741211,41.706485748291016
2024-08-22,43.119998931884766,41.19064712524414
2024-08-23,43.84000015258789,41.87843322753906
2024-08-26,43.470001220703125,41.52499008178711
2024-08-27,43.529998779296875,41.58230209350586
2024-08-28,43.2599983215332,41.324378967285156
2024-08-29,43.279998779296875,41.34349060058594
2024-08-30,43.369998931884766,41.42945861816406
2024-09-03,42.5099983215332,40.60793685913086
2024-09-04,42.5,40.598388671875
2024-09-05,42.560001373291016,40.65570068359375
2024-09-06,41.779998779296875,39.91059875488281
2024-09-09,42.130001068115234,40.24494552612305
2024-09-10,41.970001220703125,40.09210205078125
2024-09-11,42.279998779296875,40.38823318481445
2024-09-12,42.630001068115234,40.72257614135742
2024-09-13,42.83000183105469,40.91362380981445
2024-09-16,42.970001220703125,41.047359466552734
2024-09-17,43.02000045776367,41.09511947631836
2024-09-18,42.869998931884766,40.95183181762695
2024-09-19,43.779998779296875,41.82111358642578
2024-09-20,43.689998626708984,41.73514175415039
2024-09-23,44.029998779296875,42.059932708740234
2024-09-24,45.529998779296875,43.4928092956543
2024-09-25,45.04999923706055,43.03428649902344
2024-09-26,46.70000076293945,44.61046600341797
2024-09-27,46.61000061035156,44.52449035644531
2024-09-30,45.86000061035156,43.808048248291016
2024-10-01,46.189998626708984,44.12328338623047
2024-10-02,47.099998474121094,44.99256896972656
2024-10-03,46.540000915527344,44.45762634277344
2024-10-04,46.970001220703125,44.868385314941406
2024-10-07,47.36000061035156,45.240928649902344
2024-10-08,46.189998626708984,44.12328338623047
2024-10-09,45.939998626708984,43.88446807861328
2024-10-10,46.029998779296875,43.97044372558594
2024-10-11,46.36000061035156,44.285675048828125
2024-10-14,46.16999816894531,44.10417556762695
2024-10-15,45.189998626708984,43.168025970458984
2024-10-16,45.540000915527344,43.50236892700195
2024-10-17,45.470001220703125,43.43549728393555
2024-10-18,45.91999816894531,43.86536407470703
2024-10-21,45.599998474121094,43.5596809387207
2024-10-22,45.5,43.46415328979492
2024-10-23,45.22999954223633,43.20623779296875
2024-10-24,45.15999984741211,43.13936996459961
2024-10-25,45.119998931884766,43.101158142089844
2024-10-28,45.31999969482422,43.29220962524414
2024-10-29,45.18000030517578,43.15847396850586
2024-10-30,44.7400016784668,42.73816680908203
2024-10-31,44.45000076293945,42.46113967895508
2024-11-01,44.4900016784668,42.499351501464844
2024-11-04,44.7400016784668,42.73816680908203
2024-11-05,45.349998474121094,43.32086944580078
2024-11-06,44.790000915527344,42.785926818847656
2024-11-07,45.779998779296875,43.731624603271484
2024-11-08,44.650001525878906,42.652191162109375
2024-11-11,44.310001373291016,42.3274040222168
2024-11-12,43.470001220703125,41.52499008178711
2024-11-13,43.189998626708984,41.257511138916016
2024-11-14,42.95000076293945,41.02825164794922
2024-11-15,42.95000076293945,41.02825164794922
2024-11-18,43.439998626708984,41.4963264465332
2024-11-19,43.40999984741211,41.467674255371094
2024-11-20,43.36000061035156,41.4199104309082
2024-11-21,43.27000045776367,41.33393478393555
2024-11-22,43.279998779296875,41.34349060058594
2024-11-25,43.310001373291016,41.37214660644531
2024-11-26,43.130001068115234,41.200199127197266
2024-11-27,43.189998626708984,41.257511138916016
2024-11-29,43.2599983215332,41.324378967285156
2024-12-02,43.43000030517578,41.486778259277344
2024-12-03,43.52000045776367,41.572750091552734
2024-12-04,43.630001068115234,41.677825927734375
2024-12-05,43.91999816894531,41.95484924316406
2024-12-06,43.849998474121094,41.88798522949219
2024-12-09,44.75,42.74771499633789
2024-12-10,44.029998779296875,42.059932708740234
2024-12-11,44.209999084472656,42.23187255859375
2024-12-12,43.9900016784668,42.02172088623047
2024-12-13,44.029998779296875,42.059932708740234
2024-12-16,43.790000915527344,41.83066940307617
2024-12-17,42.959999084472656,41.730613708496094
2024-12-18,41.959999084472656,40.75923156738281
2024-12-19,42.099998474121094,40.895225524902344
2024-12-20,42.27000045776367,41.06036376953125
2024-12-23,42.5099983215332,41.29349136352539
2024-12-24,42.63999938964844,41.41977310180664
2024-12-26,42.4900016784668,41.274070739746094
2024-12-27,42.29999923706055,41.08950424194336
2024-12-30,41.959999084472656,40.75923156738281
2024-12-31,41.81999969482422,40.62323760986328
2025-01-02,41.7599983215332,40.56495666503906
2025-01-03,42.150001525878906,40.94380187988281
2025-01-06,42.29999923706055,41.08950424194336
2025-01-07,42.0,40.79808807373047
2025-01-08,41.79999923706055,40.60381317138672
2025-01-10,41.09000015258789,39.91413116455078
2025-01-13,40.810001373291016,39.642147064208984
2025-01-14,41.27000045776367,40.0889778137207
2025-01-15,41.810001373291016,40.613529205322266
2025-01-16,41.7599983215332,40.56495666503906
2025-01-17,42.09000015258789,40.88551330566406
2025-01-21,42.540000915527344,41.322635650634766
2025-01-22,42.56999969482422,41.351776123046875
2025-01-23,42.66999816894531,41.448909759521484
2025-01-24,42.95000076293945,41.72090530395508
2025-01-27,42.16999816894531,40.96322250366211
2025-01-28,42.47999954223633,41.26435470581055
2025-01-29,42.4900016784668,41.274070739746094
2025-01-30,43.209999084472656,41.97346115112305
2025-01-31,42.720001220703125,41.49748229980469
2025-02-03,42.40999984741211,41.196353912353516
2025-02-04,43.16999816894531,41.934608459472656
2025-02-05,43.060001373291016,41.827754974365234
2025-02-06,43.2400016784668,42.00260543823242
2025-02-07,43.20000076293945,41.963748931884766
2025-02-10,43.720001220703125,42.4688720703125
2025-02-11,43.54999923706055,42.303733825683594
2025-02-12,43.790000915527344,42.536865234375
2025-02-13,44.06999969482422,42.8088493347168
2025-02-14,44.40999984741211,43.139122009277344
2025-02-18,44.689998626708984,43.411109924316406
2025-02-19,44.619998931884766,43.343109130859375
2025-02-20,45.029998779296875,43.74137878417969
2025-02-21,44.900001525878906,43.61510467529297
2025-02-24,44.209999084472656,42.944847106933594
2025-02-25,44.2400016784668,42.9739875793457
2025-02-26,44.68000030517578,43.40139389038086
2025-02-27,43.810001373291016,42.55629348754883
2025-02-28,43.209999084472656,41.97346115112305
2025-03-03,42.83000183105469,41.60434341430664
2025-03-04,43.189998626708984,41.95403289794922
2025-03-05,44.47999954223633,43.20711898803711
2025-03-06,44.20000076293945,42.93513488769531
2025-03-07,44.41999816894531,43.148834228515625
2025-03-10,43.36000061035156,42.11916732788086
2025-03-11,43.720001220703125,42.4688720703125
2025-03-12,43.959999084472656,42.70199966430664
2025-03-13,43.779998779296875,42.52714920043945
2025-03-14,44.58000183105469,43.304256439208984
2025-03-17,45.34000015258789,44.04250717163086
2025-03-18,45.11000061035156,43.819091796875
2025-03-19,45.220001220703125,43.925941467285156
2025-03-20,44.79999923706055,43.51796340942383
2025-03-21,44.58000183105469,43.304256439208984
2025-03-24,44.779998779296875,43.498531341552734
2025-03-25,44.650001525878906,43.372257232666016
2025-03-26,44.380001068115234,43.109981536865234
2025-03-27,44.599998474121094,43.32368469238281
2025-03-28,43.77000045776367,42.51743698120117
2025-03-31,43.70000076293945,42.449440002441406
2025-04-01,43.84000015258789,42.58543395996094
2025-04-02,43.900001525878906,42.643714904785156
2025-04-03,42.970001220703125,41.740333557128906
2025-04-04,40.58000183105469,39.41872787475586
2025-04-07,39.06999969482422,37.951934814453125
2025-04-08,38.52000045776367,37.41767501831055
2025-04-09,41.189998626708984,40.01126480102539
2025-04-10,40.47999954223633,39.32158660888672
2025-04-11,41.75,40.55524444580078
2025-04-14,42.130001068115234,40.92436981201172
2025-04-15,42.09000015258789,40.88551330566406
2025-04-16,41.599998474121094,40.40953826904297
2025-04-17,41.91999816894531,40.720375061035156
2025-04-21,41.90999984741211,40.710662841796875
2025-04-22,42.540000915527344,41.322635650634766
2025-04-23,43.029998779296875,41.798614501953125
2025-04-24,43.529998779296875,42.284305572509766
2025-04-25,43.45000076293945,42.20659255981445
2025-04-28,43.529998779296875,42.284305572509766
2025-04-29,43.650001525878906,42.40087127685547
2025-04-30,43.7599983215332,42.50772476196289
2025-05-01,43.75,42.498008728027344
2025-05-02,45.0,43.71223831176758
2025-05-05,45.34000015258789,44.04250717163086
2025-05-06,45.15999984741211,43.86766052246094
2025-05-07,44.63999938964844,43.36254119873047
2025-05-08,44.61000061035156,43.33340072631836
2025-05-09,44.90999984741211,43.62481689453125
2025-05-12,45.880001068115234,44.56705856323242
2025-05-13,45.959999084472656,44.6447639465332
2025-05-14,46.310001373291016,44.9847526550293
2025-05-15,46.290000915527344,44.96532440185547
2025-05-16,46.2599983215332,44.936180114746094
2025-05-19,46.36000061035156,45.03331756591797
2025-05-20,46.310001373291016,44.9847526550293
2025-05-21,46.189998626708984,44.86818313598633
2025-05-22,46.040000915527344,44.722476959228516
2025-05-23,46.22999954223633,44.907039642333984
2025-05-27,46.119998931884766,44.80018615722656
2025-05-28,45.90999984741211,44.596195220947266
2025-05-29,46.08000183105469,44.76133346557617
2025-05-30,45.52000045776367,44.21735763549805
2025-06-02,45.849998474121094,44.53791046142578
2025-06-03,45.959999084472656,44.6447639465332
2025-06-04,46.529998779296875,45.19845199584961
2025-06-05,46.77000045776367,45.43158721923828
2025-06-06,46.91999816894531,45.577293395996094
2025-06-09,47.31999969482422,45.96584701538086
2025-06-10,47.59000015258789,46.228118896484375
2025-06-11,47.790000915527344,46.422401428222656
2025-06-12,47.869998931884766,46.50010681152344
2025-06-13,47.11000061035156,45.76185989379883
2025-06-16,47.22999954223633,46.32286834716797
2025-06-17,46.61000061035156,45.714778900146484
2025-06-18,46.599998474121094,45.7049674987793
2025-06-20,46.33000183105469,45.44015884399414
2025-06-23,46.709999084472656,45.8128547668457
2025-06-24,47.91999816894531,46.99961471557617
2025-06-25,47.959999084472656,47.038848876953125
2025-06-26,48.279998779296875,47.35270309448242
2025-06-27,48.09000015258789,47.166351318359375
2025-06-30,48.2400016784668,47.313472747802734
2025-07-01,48.33000183105469,47.4017448425293
2025-07-02,48.540000915527344,47.60771179199219
2025-07-03,48.7599983215332,47.823482513427734
2025-07-07,48.06999969482422,47.14673614501953
2025-07-08,48.369998931884766,47.440975189208984
2025-07-09,48.290000915527344,47.36251449584961
2025-07-10,48.41999816894531,47.490013122558594
2025-07-11,48.2599983215332,47.33308792114258
2025-07-14,48.33000183105469,47.4017448425293
2025-07-15,48.68000030517578,47.745018005371094
2025-07-16,48.90999984741211,47.970603942871094
2025-07-17,49.189998626708984,48.24522399902344
2025-07-18,49.08000183105469,48.1373405456543
2025-07-21,49.400001525878906,48.45119094848633
2025-07-22,49.43000030517578,48.480613708496094
2025-07-23,49.93000030517578,48.971012115478516
2025-07-24,49.65999984741211,48.706199645996094
2025-07-25,49.5099983215332,48.55907440185547
2025-07-28,49.18000030517578,48.235416412353516
2025-07-29,49.20000076293945,48.255035400390625
2025-07-30,48.84000015258789,47.901947021484375
2025-07-31,48.560001373291016,47.62732696533203
2025-08-01,48.20000076293945,47.27424240112305
2025-08-04,48.70000076293945,47.7646369934082
2025-08-05,48.84000015258789,47.901947021484375
2025-08-06,49.06999969482422,48.12752914428711
2025-08-07,49.47999954223633,48.5296516418457
2025-08-08,49.439998626708984,48.490421295166016
2025-08-11,49.29999923706055,48.353111267089844
2025-08-12,49.900001525878906,48.94158935546875
2025-08-13,50.5,49.53006362915039
2025-08-14,49.880001068115234,48.921974182128906
2025-08-15,49.939998626708984,48.98081970214844
2025-08-18,50.22999954223633,49.26525115966797
2025-08-19,49.81999969482422,48.86312484741211
2025-08-20,49.75,48.794471740722656
2025-08-21,49.63999938964844,48.68658447265625
2025-08-22,50.630001068115234,49.657569885253906
2025-08-25,50.34000015258789,49.373138427734375
2025-08-26,50.209999084472656,49.245635986328125
2025-08-27,49.90999984741211,48.95139694213867
2025-08-28,50.099998474121094,49.13774490356445
2025-08-29,49.86000061035156,48.90235900878906
2025-09-02,49.81999969482422,48.86312484741211
2025-09-03,50.0099983215332,49.04947280883789
2025-09-04,49.849998474121094,48.892547607421875
2025-09-05,50.45000076293945,49.48102569580078
2025-09-08,50.90999984741211,49.93218994140625
2025-09-09,51.189998626708984,50.206809997558594
2025-09-10,51.540000915527344,50.55009078979492
2025-09-11,52.290000915527344,51.28568649291992
2025-09-12,52.2599983215332,51.25625991821289
2025-09-15,52.63999938964844,51.62895965576172
2025-09-16,53.029998779296875,52.011470794677734
2025-09-17,53.2599983215332,52.23705291748047
2025-09-18,53.130001068115234,52.109554290771484
2025-09-19,53.0099983215332,51.99185562133789
2025-09-22,53.27000045776367,52.24686050415039
2025-09-23,53.29999923706055,52.276283264160156
2025-09-24,53.119998931884766,52.0997428894043
2025-09-25,52.810001373291016,51.79569625854492
2025-09-26,52.709999084472656,51.69761657714844
2025-09-29,53.189998626708984,52.16839599609375
2025-09-30,53.400001525878906,52.374366760253906
2025-10-01,53.81999969482422,52.78629684448242
2025-10-02,54.06999969482422,53.031494140625
2025-10-03,54.22999954223633,53.18842315673828
2025-10-06,54.47999954223633,53.43362045288086
2025-10-07,54.060001373291016,53.021690368652344
2025-10-08,54.4900016784668,53.44343185424805
2025-10-09,53.93000030517578,52.89418411254883
2025-10-10,51.939998626708984,50.942405700683594
2025-10-13,53.45000076293945,52.423404693603516
2025-10-14,52.970001220703125,51.9526252746582
2025-10-15,53.84000015258789,52.80591583251953
2025-10-16,54.189998626708984,53.14918899536133
2025-10-17,54.18000030517578,53.139381408691406
2025-10-20,54.91999816894531,53.865169525146484
2025-10-21,54.310001373291016,53.26689147949219
2025-10-22,54.2599983215332,53.21784591674805
2025-10-23,54.7400016784668,53.688629150390625
2025-10-24,55.099998474121094,54.04171371459961
2025-10-27,55.709999084472656,54.63999938964844
2025-10-28,55.689998626708984,54.62038040161133
2025-10-29,56.0099983215332,54.934234619140625
2025-10-30,55.43000030517578,54.36537551879883
2025-10-31,55.29999923706055,54.23787307739258
2025-11-03,55.650001525878906,54.581153869628906
2025-11-04,54.630001068115234,53.58074188232422
2025-11-05,55.119998931884766,54.06132888793945
2025-11-06,54.709999084472656,53.659202575683594
2025-11-07,54.54999923706055,53.50227737426758
2025-11-10,55.5099983215332,54.4438362121582
2025-11-11,55.56999969482422,54.502685546875
2025-11-12,55.58000183105469,54.51249313354492
2025-11-13,54.93000030517578,53.87498092651367
2025-11-14,54.959999084472656,53.90440368652344
2025-11-17,54.310001373291016,53.26689147949219
2025-11-18,54.040000915527344,53.002071380615234
2025-11-19,53.849998474121094,52.81571960449219
2025-11-20,53.11000061035156,52.089935302734375
2025-11-21,53.099998474121094,52.08012771606445
2025-11-24,53.65999984741211,52.629371643066406
2025-11-25,53.849998474121094,52.81571960449219
2025-11-26,54.2400016784668,53.19823455810547
2025-11-28,54.31999969482422,53.276695251464844
2025-12-01,54.279998779296875,53.237464904785156
2025-12-02,54.29999923706055,53.257080078125
2025-12-03,54.34000015258789,53.29631423950195
2025-12-04,54.33000183105469,53.28650665283203
2025-12-05,54.7400016784668,53.688629150390625
2025-12-08,54.619998931884766,53.57093048095703
2025-12-09,54.529998779296875,53.482662200927734
2025-12-10,55.13999938964844,54.0809440612793
2025-12-11,54.880001068115234,53.8259391784668
2025-12-12,54.2400016784668,53.19823455810547
2025-12-15,54.08000183105469,53.04130554199219
2025-12-16,52.97999954223633,52.70604705810547
2025-12-17,52.599998474121094,52.32801055908203
2025-12-18,53.20000076293945,52.92491149902344
2025-12-19,53.720001220703125,53.442222595214844
2025-12-22,54.0099983215332,53.73072052001953
2025-12-23,54.310001373291016,54.029170989990234
2025-12-24,54.41999816894531,54.13859939575195
2025-12-26,54.79999923706055,54.51663589477539
2025-12-29,54.65999984741211,54.37736129760742
2025-12-30,54.880001068115234,54.596221923828125
2025-12-31,54.709999084472656,54.427101135253906
2026-01-02,56.2400016784668,55.94919204711914
2026-01-05,56.86000061035156,56.565982818603516
2026-01-06,57.279998779296875,56.98381042480469
2026-01-07,56.849998474121094,56.556034088134766
2026-01-08,56.869998931884766,56.575931549072266
2026-01-09,57.13999938964844,56.84453582763672
2026-01-12,57.939998626708984,57.64039611816406
2026-01-13,57.5099983215332,57.21261978149414
2026-01-14,57.75,57.45138168334961
2026-01-15,58.09000015258789,57.78962326049805
2026-01-16,57.869998931884766,57.57075881958008
2026-01-20,57.310001373291016,57.01365661621094
2026-01-21,58.2599983215332,57.958744049072266
2026-01-22,58.70000076293945,58.39646911621094
2026-01-23,59.06999969482422,58.764556884765625
2026-01-26,59.16999816894531,58.864036560058594
2026-01-27,60.34000015258789,60.02798843383789
2026-01-28,60.75,60.43586730957031
2026-01-29,60.439998626708984,60.127471923828125
2026-01-30,59.099998474121094,58.79439926147461
2026-02-02,59.279998779296875,58.97346878051758
2026-02-03,59.599998474121094,59.291812896728516
2026-02-04,58.79999923706055,58.49595260620117
2026-02-05,58.529998779296875,58.22734832763672
2026-02-06,60.06999969482422,59.75938415527344
2026-02-09,60.5099983215332,60.19710922241211
2026-02-10,60.599998474121094,60.286643981933594
2026-02-11,61.560001373291016,61.24168014526367
2026-02-12,60.86000061035156,60.5452995300293
2026-02-13,61.119998931884766,60.803955078125
2026-02-17,60.869998931884766,60.55524826049805
2026-02-18,61.189998626708984,60.873592376708984
2026-02-19,61.040000915527344,60.724369049072266
2026-02-20,62.34000015258789,62.01764678955078
2026-02-23,61.650001525878906,61.331214904785156
2026-02-24,62.619998931884766,62.296199798583984
2026-02-25,63.310001373291016,62.98263168334961
2026-02-26,62.709999084472656,62.38573455810547
2026-02-27,62.58000183105469,62.25640869140625
2026-03-02,61.5,61.18199157714844
2026-03-03,58.41999816894531,58.117916107177734
2026-03-04,59.04999923706055,58.744659423828125
2026-03-05,57.630001068115234,57.33200454711914
2026-03-06,57.31999969482422,57.02360534667969
2026-03-09,58.45000076293945,58.147762298583984
2026-03-10,58.68000030517578,58.37657165527344
2026-03-11,58.83000183105469,58.52579879760742
2026-03-12,56.95000076293945,56.655517578125
2026-03-13,56.79999923706055,56.50629425048828
2026-03-16,58.380001068115234,58.078125
2026-03-17,58.75,58.44620895385742
2026-03-18,57.560001373291016,57.262367248535156
2026-03-19,57.619998931884766,57.322052001953125
2026-03-20,55.63999938964844,55.352291107177734
2026-03-23,57.310001373291016,57.01365661621094
2026-03-24,56.52000045776367,56.22774124145508
2026-03-25,57.41999816894531,57.123085021972656
2026-03-26,55.470001220703125,55.18317413330078
2026-03-27,55.20000076293945,54.91456985473633
2026-03-30,54.75,54.466896057128906
2026-03-31,56.790000915527344,56.49634552001953
2026-04-01,57.22999954223633,56.9340705871582
2026-04-02,56.59000015258789,56.29737854003906
2026-04-06,57.11000061035156,56.814693450927734
2026-04-07,57.310001373291016,57.01365661621094
2026-04-08,60.439998626708984,60.127471923828125
2026-04-09,60.279998779296875,59.968299865722656
2026-04-10,60.560001373291016,60.24685287475586
2026-04-13,61.06999969482422,60.754215240478516
2026-04-14,62.2400016784668,61.91816711425781
2026-04-15,62.20000076293945,61.87837219238281
2026-04-16,62.45000076293945,62.127079010009766
2026-04-17,63.63999938964844,63.3109245300293
2026-04-20,63.18000030517578,62.85330581665039
2026-04-21,62.25,61.9281120300293
2026-04-22,63.380001068115234,63.052268981933594
2026-04-23,62.349998474121094,62.02759552001953
2026-04-24,63.7400016784668,63.41040802001953
2026-04-27,63.63999938964844,63.3109245300293
2026-04-28,62.9900016784668,62.66428756713867
2026-04-29,62.689998626708984,62.36583709716797
2026-04-30,63.9900016784668,63.65911865234375
2026-05-01,64.12999725341797,63.79838943481445
2026-05-04,64.0999984741211,63.7685432434082
2026-05-05,65.4000015258789,65.06182861328125
2026-05-06,67.48999786376953,67.1410140991211
2026-05-07,66.58999633789062,66.24566650390625
2026-05-08,67.94000244140625,67.58869171142578
2026-05-11,67.88999938964844,67.53894805908203
2026-05-12,65.81999969482422,65.47965240478516
2026-05-13,67.20999908447266,66.86246490478516
2026-05-14,67.37999725341797,67.03158569335938
2026-05-15,65.06999969482422,64.73352813720703
2026-05-18,64.97000122070312,64.63404846191406
2026-05-19,64.26000213623047,63.9277229309082
2026-05-20,65.45999908447266,65.12151336669922
2026-05-21,66.02999877929688,65.68856811523438
2026-05-22,65.87999725341797,65.53933715820312
2026-05-26,68.4000015258789,68.04631042480469
2026-05-27,68.38999938964844,68.03636169433594
2026-05-28,68.61000061035156,68.2552261352539
2026-05-29,68.5999984741211,68.24527740478516
2026-06-01,70.08000183105469,69.7176284790039
2026-06-02,70.80000305175781,70.43390655517578
2026-06-03,69.91999816894531,69.5584487915039
2026-06-04,69.0999984741211,68.74269104003906
2026-06-05,64.58999633789062,64.25601196289062
2026-06-08,65.75,65.4100112915039
2026-06-09,65.81999969482422,65.47965240478516
2026-06-10,64.66000366210938,64.32565307617188
2026-06-11,67.5,67.15096282958984
2026-06-12,67.87999725341797,67.52899932861328
2026-06-15,69.75,69.75
2026-06-16,68.63999938964844,68.63999938964844
2026-06-17,68.55999755859375,68.55999755859375
2026-06-18,70.79000091552734,70.79000091552734
2026-06-22,71.20999908447266,71.20999908447266
2026-06-23,67.16999816894531,67.16999816894531
2026-06-24,67.25,67.25
2026-06-25,67.95999908447266,67.95999908447266
2026-06-26,67.19000244140625,67.19000244140625
2026-06-29,67.43000030517578,67.43000030517578
2026-06-30,68.41000366210938,68.41000366210938
2026-07-01,66.4800033569336,66.4800033569336
2026-07-02,65.69999694824219,65.69999694824219
2026-07-06,67.56999969482422,67.56999969482422
2026-07-07,65.72000122070312,65.72000122070312
2026-07-08,66.2300033569336,66.2300033569336
2026-07-09,66.77999877929688,66.77999877929688
2026-07-10,66.9000015258789,66.9000015258789
2026-07-13,64.5,64.5
2026-07-14,65.66999816894531,65.66999816894531
2026-07-15,65.56999969482422,65.56999969482422
2026-07-16,64.19000244140625,64.19000244140625
2026-07-17,63.290000915527344,63.290000915527344
2026-07-20,63.560001373291016,63.560001373291016
2026-07-21,65.33999633789062,65.33999633789062
2026-07-22,64.98999786376953,64.98999786376953
2026-07-23,64.5999984741211,64.5999984741211
2026-07-24,63.33000183105469,63.33000183105469
2026-07-27,63.619998931884766,63.619998931884766
2026-07-28,62.36000061035156,62.36000061035156
2026-07-29,61.06999969482422,61.06999969482422
2026-07-30,63.59000015258789,63.59000015258789
2026-07-31,64.08999633789062,64.08999633789062
2026-08-03,64.31999969482422,64.31999969482422
2026-08-04,66.0,66.0
2026-08-05,65.72000122070312,65.72000122070312
2026-08-06,65.0199966430664,65.0199966430664
2026-08-07,65.63999938964844,65.63999938964844
2026-08-10,65.16999816894531,65.16999816894531
2026-08-11,65.43000030517578,65.43000030517578
2026-08-12,66.45999908447266,66.45999908447266
2026-08-13,66.68000030517578,66.68000030517578
2026-08-14,66.61000061035156,66.61000061035156
2026-08-17,67.31999969482422,67.31999969482422
2026-08-18,65.33999633789062,65.33999633789062
2026-08-19,66.11000061035156,66.11000061035156
2026-08-20,66.62000274658203,66.62000274658203
2026-08-21,67.12000274658203,67.12000274658203
2026-08-24,66.11000061035156,66.11000061035156
2026-08-25,67.25,67.25
2026-08-26,67.16999816894531,67.16999816894531
2026-08-27,67.61000061035156,67.61000061035156
2026-08-28,67.13999938964844,67.13999938964844
2026-08-31,67.0199966430664,67.0199966430664
2026-09-01,66.7699966430664,66.7699966430664
2026-09-02,67.1500015258789,67.1500015258789
2026-09-03,67.47000122070312,67.47000122070312
2026-09-04,68.69999694824219,68.69999694824219
2026-09-08,68.83000183105469,68.83000183105469
2026-09-09,68.4800033569336,68.4800033569336
2026-09-10,67.0,67.0
2026-09-11,67.83999633789062,67.83999633789062
2026-09-14,65.98999786376953,65.98999786376953
2026-09-15,65.76000213623047,65.76000213623047
2026-09-16,65.72000122070312,65.72000122070312
2026-09-17,66.91000366210938,66.91000366210938
2026-09-18,67.02999877929688,67.02999877929688
2026-09-21,68.83000183105469,68.83000183105469
2026-09-22,69.0999984741211,69.0999984741211
2026-09-23,67.70999908447266,67.70999908447266
2026-09-24,67.25,67.25
2026-09-25,67.9800033569336,67.9800033569336
2026-09-28,67.19999694824219,67.19999694824219
2026-09-29,67.4000015258789,67.4000015258789
2026-09-30,66.79000091552734,66.79000091552734
2026-10-01,66.80999755859375,66.80999755859375
2026-10-02,67.66999816894531,67.66999816894531
2026-10-05,68.7300033569336,68.7300033569336
2026-10-06,68.2699966430664,68.2699966430664
