date,close,adjclose
2010-01-22,24.969999313354492,21.32872772216797
2010-01-25,25.149999618530273,21.48247718811035
2010-01-26,24.31999969482422,20.773515701293945
2010-01-27,24.079999923706055,20.568517684936523
2010-01-28,24.049999237060547,20.54288673400879
2010-01-29,24.079999923706055,20.568517684936523
2010-02-01,24.540000915527344,20.96143341064453
2010-02-02,24.889999389648438,21.260395050048828
2010-02-03,25.1200008392334,21.45685386657715
2010-02-04,24.260000228881836,20.722265243530273
2010-02-05,23.93000030517578,20.440387725830078
2010-02-08,23.709999084472656,20.25246810913086
2010-02-09,23.889999389648438,20.406219482421875
2010-02-10,24.15999984741211,20.6368465423584
2010-02-11,24.639999389648438,21.04684829711914
2010-02-12,24.65999984741211,21.06393051147461
2010-02-16,24.969999313354492,21.32872772216797
2010-02-17,25.100000381469727,21.43977165222168
2010-02-18,25.270000457763672,21.584983825683594
2010-02-19,25.040000915527344,21.388521194458008
2010-02-22,25.43000030517578,21.721651077270508
2010-02-23,25.040000915527344,21.388521194458008
2010-02-24,25.59000015258789,21.858314514160156
2010-02-25,25.40999984741211,21.704565048217773
2010-02-26,25.829999923706055,22.063318252563477
2010-03-01,25.93000030517578,22.148733139038086
2010-03-02,26.239999771118164,22.413528442382812
2010-03-03,26.100000381469727,22.2939453125
2010-03-04,25.940000534057617,22.157276153564453
2010-03-05,26.56999969482422,22.695405960083008
2010-03-08,26.950000762939453,23.01999282836914
2010-03-09,27.0,23.06270408630371
2010-03-10,27.280000686645508,23.30187225341797
2010-03-11,27.459999084472656,23.45562171936035
2010-03-12,27.15999984741211,23.19936752319336
2010-03-15,27.309999465942383,23.327495574951172
2010-03-16,27.59000015258789,23.566665649414062
2010-03-17,27.68000030517578,23.643543243408203
2010-03-18,27.709999084472656,23.669166564941406
2010-03-19,27.34000015258789,23.353120803833008
2010-03-22,27.579999923706055,23.558122634887695
2010-03-23,27.31999969482422,23.33603858947754
2010-03-24,27.030000686645508,23.08832550048828
2010-03-25,27.149999618530273,23.190826416015625
2010-03-26,27.3799991607666,23.387285232543945
2010-03-29,27.649999618530273,23.6179141998291
2010-03-30,27.809999465942383,23.75458335876465
2010-03-31,27.479999542236328,23.472702026367188
2010-04-01,27.889999389648438,23.82291603088379
2010-04-05,28.229999542236328,24.113338470458984
2010-04-06,28.31999969482422,24.190210342407227
2010-04-07,27.920000076293945,23.848541259765625
2010-04-08,28.290000915527344,24.16458511352539
2010-04-09,28.459999084472656,24.309795379638672
2010-04-12,28.25,24.13041877746582
2010-04-13,28.079999923706055,23.98520851135254
2010-04-14,28.239999771118164,24.12188148498535
2010-04-15,28.200000762939453,24.08771324157715
2010-04-16,27.549999237060547,23.532495498657227
2010-04-19,27.350000381469727,23.36166000366211
2010-04-20,27.719999313354492,23.677705764770508
2010-04-21,27.649999618530273,23.6179141998291
2010-04-22,27.649999618530273,23.6179141998291
2010-04-23,28.18000030517578,24.070627212524414
2010-04-26,28.25,24.13041877746582
2010-04-27,27.190000534057617,23.224992752075195
2010-04-28,27.239999771118164,23.267704010009766
2010-04-29,27.6299991607666,23.600830078125
2010-04-30,27.170000076293945,23.207908630371094
2010-05-03,27.510000228881836,23.498327255249023
2010-05-04,26.760000228881836,22.857698440551758
2010-05-05,26.31999969482422,22.481863021850586
2010-05-06,24.84000015258789,21.21768569946289
2010-05-07,24.739999771118164,21.13226890563965
2010-05-10,26.1200008392334,22.311025619506836
2010-05-11,25.979999542236328,22.19144058227539
2010-05-12,26.260000228881836,22.430614471435547
2010-05-13,26.239999771118164,22.413528442382812
2010-05-14,26.139999389648438,22.328113555908203
2010-05-17,25.420000076293945,21.713104248046875
2010-05-18,25.020000457763672,21.37143898010254
2010-05-19,24.510000228881836,20.935808181762695
2010-05-20,23.149999618530273,19.774127960205078
2010-05-21,23.719999313354492,20.26100730895996
2010-05-24,23.809999465942383,20.337886810302734
2010-05-25,23.270000457763672,19.876632690429688
2010-05-26,23.399999618530273,19.9876766204834
2010-05-27,24.780000686645508,21.16643714904785
2010-05-28,24.690000534057617,21.089557647705078
2010-06-01,24.290000915527344,20.747888565063477
2010-06-02,24.760000228881836,21.149349212646484
2010-06-03,25.040000915527344,21.388521194458008
2010-06-04,24.59000015258789,21.004140853881836
2010-06-07,23.979999542236328,20.483091354370117
2010-06-08,24.059999465942383,20.551429748535156
2010-06-09,23.6299991607666,20.18413543701172
2010-06-10,23.799999237060547,20.329343795776367
2010-06-11,23.989999771118164,20.49163818359375
2010-06-14,23.979999542236328,20.483091354370117
2010-06-15,24.389999389648438,20.83330726623535
2010-06-16,24.3700008392334,20.816225051879883
2010-06-17,24.31999969482422,20.773515701293945
2010-06-18,24.43000030517578,20.867473602294922
2010-06-21,25.1200008392334,21.45685386657715
2010-06-22,24.559999465942383,20.978515625
2010-06-23,24.6299991607666,21.03830909729004
2010-06-24,24.31999969482422,20.773515701293945
2010-06-25,24.540000915527344,20.96143341064453
2010-06-28,24.329999923706055,20.782054901123047
2010-06-29,23.3700008392334,19.962051391601562
2010-06-30,23.280000686645508,19.885177612304688
2010-07-01,23.389999389648438,19.9791316986084
2010-07-02,23.190000534057617,19.80829620361328
2010-07-06,23.440000534057617,20.021839141845703
2010-07-07,23.969999313354492,20.474552154541016
2010-07-08,23.959999084472656,20.46600914001465
2010-07-09,24.1299991607666,20.611223220825195
2010-07-12,24.15999984741211,20.6368465423584
2010-07-13,24.459999084472656,20.893096923828125
2010-07-14,24.520000457763672,20.94434928894043
2010-07-15,24.459999084472656,20.893096923828125
2010-07-16,23.84000015258789,20.36351203918457
2010-07-19,23.889999389648438,20.406219482421875
2010-07-20,24.34000015258789,20.79060173034668
2010-07-21,24.18000030517578,20.653932571411133
2010-07-22,24.75,21.140810012817383
2010-07-23,24.950000762939453,21.311647415161133
2010-07-26,25.100000381469727,21.43977165222168
2010-07-27,25.06999969482422,21.41414451599121
2010-07-28,25.1299991607666,21.46539306640625
2010-07-29,25.139999389648438,21.473936080932617
2010-07-30,25.510000228881836,21.789981842041016
2010-08-02,26.030000686645508,22.234155654907227
2010-08-03,26.09000015258789,22.2854061126709
2010-08-04,26.170000076293945,22.35373878479004
2010-08-05,26.190000534057617,22.37082290649414
2010-08-06,25.969999313354492,22.182903289794922
2010-08-09,26.079999923706055,22.276859283447266
2010-08-10,25.920000076293945,22.14019203186035
2010-08-11,25.18000030517578,21.508100509643555
2010-08-12,24.799999237060547,21.183513641357422
2010-08-13,24.8700008392334,21.243310928344727
2010-08-16,24.959999084472656,21.3201904296875
2010-08-17,25.040000915527344,21.388521194458008
2010-08-18,25.040000915527344,21.388521194458008
2010-08-19,25.09000015258789,21.431230545043945
2010-08-20,25.149999618530273,21.48247718811035
2010-08-23,24.799999237060547,21.183513641357422
2010-08-24,24.450000762939453,20.884557723999023
2010-08-25,24.3799991607666,20.824766159057617
2010-08-26,24.309999465942383,20.764970779418945
2010-08-27,24.65999984741211,21.06393051147461
2010-08-30,24.389999389648438,20.83330726623535
2010-08-31,24.399999618530273,20.841848373413086
2010-09-01,24.860000610351562,21.234773635864258
2010-09-02,24.84000015258789,21.21768569946289
2010-09-03,25.239999771118164,21.559356689453125
2010-09-07,24.850000381469727,21.226226806640625
2010-09-08,25.1299991607666,21.46539306640625
2010-09-09,25.190000534057617,21.516645431518555
2010-09-10,25.170000076293945,21.499561309814453
2010-09-13,25.5,21.781436920166016
2010-09-14,25.670000076293945,21.926651000976562
2010-09-15,25.56999969482422,21.84123420715332
2010-09-16,25.639999389648438,21.901025772094727
2010-09-17,25.760000228881836,22.00352668762207
2010-09-20,26.549999237060547,22.678319931030273
2010-09-21,26.760000228881836,22.857698440551758
2010-09-22,26.639999389648438,22.75519561767578
2010-09-23,26.829999923706055,22.917490005493164
2010-09-24,27.290000915527344,23.31041717529297
2010-09-27,27.68000030517578,23.643543243408203
2010-09-28,27.719999313354492,23.677705764770508
2010-09-29,27.610000610351562,23.58374786376953
2010-09-30,27.84000015258789,23.780210494995117
2010-10-01,27.940000534057617,23.865623474121094
2010-10-04,27.790000915527344,23.737499237060547
2010-10-05,28.25,24.13041877746582
2010-10-06,27.90999984741211,23.840002059936523
2010-10-07,27.799999237060547,23.74603843688965
2010-10-08,28.030000686645508,23.94249725341797
2010-10-11,27.90999984741211,23.840002059936523
2010-10-12,28.059999465942383,23.968124389648438
2010-10-13,28.43000030517578,24.284168243408203
2010-10-14,27.940000534057617,23.865623474121094
2010-10-15,28.18000030517578,24.070627212524414
2010-10-18,28.520000457763672,24.361042022705078
2010-10-19,27.799999237060547,23.74603843688965
2010-10-20,28.25,24.13041877746582
2010-10-21,28.559999465942383,24.395214080810547
2010-10-22,28.84000015258789,24.63437843322754
2010-10-25,29.559999465942383,25.2493896484375
2010-10-26,29.31999969482422,25.04438591003418
2010-10-27,28.690000534057617,24.50625991821289
2010-10-28,28.59000015258789,24.420841217041016
2010-10-29,28.75,24.557506561279297
2010-11-01,28.6200008392334,24.44646453857422
2010-11-02,29.229999542236328,24.96750831604004
2010-11-03,29.260000228881836,24.99313735961914
2010-11-04,29.670000076293945,25.343347549438477
2010-11-05,29.579999923706055,25.26647186279297
2010-11-08,29.809999465942383,25.462928771972656
2010-11-09,29.3700008392334,25.08709716796875
2010-11-10,29.729999542236328,25.39459800720215
2010-11-11,29.649999618530273,25.326263427734375
2010-11-12,28.860000610351562,24.651466369628906
2010-11-15,28.84000015258789,24.63437843322754
2010-11-16,28.059999465942383,23.968124389648438
2010-11-17,28.209999084472656,24.096250534057617
2010-11-18,28.6299991607666,24.455007553100586
2010-11-19,28.579999923706055,24.412294387817383
2010-11-22,28.700000762939453,24.51479721069336
2010-11-23,27.959999084472656,23.882701873779297
2010-11-24,28.360000610351562,24.22437858581543
2010-11-26,28.110000610351562,24.01083755493164
2010-11-29,28.360000610351562,24.22437858581543
2010-11-30,28.15999984741211,24.053544998168945
2010-12-01,28.860000610351562,24.651466369628906
2010-12-02,29.030000686645508,24.796676635742188
2010-12-03,29.25,24.98459243774414
2010-12-06,29.25,24.98459243774414
2010-12-07,29.209999084472656,24.95042610168457
2010-12-08,28.899999618530273,24.685630798339844
2010-12-09,28.889999389648438,24.677091598510742
2010-12-10,29.09000015258789,24.847925186157227
2010-12-13,28.969999313354492,24.74542236328125
2010-12-14,28.719999313354492,24.531883239746094
2010-12-15,28.25,24.13041877746582
2010-12-16,27.8700008392334,23.805831909179688
2010-12-17,27.899999618530273,23.831457138061523
2010-12-20,27.770000457763672,23.720417022705078
2010-12-21,28.15999984741211,24.053544998168945
2010-12-22,28.270000457763672,24.147502899169922
2010-12-23,28.110000610351562,24.01083755493164
2010-12-27,28.040000915527344,24.064899444580078
2010-12-28,27.65999984741211,23.738773345947266
2010-12-29,27.709999084472656,23.78168487548828
2010-12-30,27.670000076293945,23.74735450744629
2010-12-31,27.579999923706055,23.67011833190918
2011-01-03,28.020000457763672,24.047740936279297
2011-01-04,28.469999313354492,24.433942794799805
2011-01-05,28.739999771118164,24.665668487548828
2011-01-06,28.799999237060547,24.717161178588867
2011-01-07,28.799999237060547,24.717161178588867
2011-01-10,28.760000228881836,24.682836532592773
2011-01-11,29.06999969482422,24.948884963989258
2011-01-12,29.31999969482422,25.163448333740234
2011-01-13,29.709999084472656,25.498151779174805
2011-01-14,29.899999618530273,25.66122055053711
2011-01-18,29.920000076293945,25.67838478088379
2011-01-19,29.520000457763672,25.33509063720703
2011-01-20,28.979999542236328,24.87164306640625
2011-01-21,28.850000381469727,24.76007080078125
2011-01-24,28.90999984741211,24.811569213867188
2011-01-25,28.899999618530273,24.802988052368164
2011-01-26,29.06999969482422,24.948884963989258
2011-01-27,29.200000762939453,25.06045913696289
2011-01-28,28.65999984741211,24.597009658813477
2011-01-31,29.049999237060547,24.931720733642578
2011-02-01,29.719999313354492,25.50674057006836
2011-02-02,29.920000076293945,25.67838478088379
2011-02-03,29.889999389648438,25.652633666992188
2011-02-04,29.959999084472656,25.712717056274414
2011-02-07,30.059999465942383,25.79853630065918
2011-02-08,30.0,25.747045516967773
2011-02-09,29.549999237060547,25.360836029052734
2011-02-10,29.93000030517578,25.686967849731445
2011-02-11,30.219999313354492,25.93585777282715
2011-02-14,30.40999984741211,26.098920822143555
2011-02-15,30.34000015258789,26.03884506225586
2011-02-16,30.420000076293945,26.107500076293945
2011-02-17,30.469999313354492,26.150413513183594
2011-02-18,30.270000457763672,25.978763580322266
2011-02-22,28.469999313354492,24.433942794799805
2011-02-23,28.209999084472656,24.210803985595703
2011-02-24,28.520000457763672,24.476856231689453
2011-02-25,28.950000762939453,24.845895767211914
2011-02-28,29.1299991607666,25.000375747680664
2011-03-01,28.809999465942383,24.725746154785156
2011-03-02,28.940000534057617,24.837316513061523
2011-03-03,29.5,25.31792640686035
2011-03-04,29.739999771118164,25.523902893066406
2011-03-07,29.31999969482422,25.163448333740234
2011-03-08,29.709999084472656,25.498151779174805
2011-03-09,29.950000762939453,25.704132080078125
2011-03-10,29.59000015258789,25.395166397094727
2011-03-11,29.799999237060547,25.575397491455078
2011-03-14,29.579999923706055,25.38658905029297
2011-03-15,29.030000686645508,24.914554595947266
2011-03-16,28.59000015258789,24.53693199157715
2011-03-17,28.079999923706055,24.09923553466797
2011-03-18,28.010000228881836,24.03915786743164
2011-03-21,28.65999984741211,24.597009658813477
2011-03-22,28.81999969482422,24.73432731628418
2011-03-23,29.280000686645508,25.129114151000977
2011-03-24,29.469999313354492,25.29218101501465
2011-03-25,29.420000076293945,25.24927520751953
2011-03-28,29.139999389648438,25.008962631225586
2011-03-29,29.559999465942383,25.36941909790039
2011-03-30,29.780000686645508,25.5582332611084
2011-03-31,29.989999771118164,25.738460540771484
2011-04-01,30.3700008392334,26.064590454101562
2011-04-04,30.8799991607666,26.502290725708008
2011-04-05,30.639999389648438,26.29631233215332
2011-04-06,30.84000015258789,26.467960357666016
2011-04-07,31.170000076293945,26.751176834106445
2011-04-08,31.25,26.81983757019043
2011-04-11,30.950000762939453,26.56237030029297
2011-04-12,30.40999984741211,26.098920822143555
2011-04-13,31.100000381469727,26.691099166870117
2011-04-14,31.459999084472656,27.000064849853516
2011-04-15,31.540000915527344,27.068723678588867
2011-04-18,31.639999389648438,27.1545467376709
2011-04-19,32.189998626708984,27.626577377319336
2011-04-20,32.63999938964844,28.012781143188477
2011-04-21,32.349998474121094,27.763898849487305
2011-04-25,32.59000015258789,27.96986961364746
2011-04-26,32.5,27.89263153076172
2011-04-27,32.18000030517578,27.61799430847168
2011-04-28,32.099998474121094,27.549335479736328
2011-04-29,32.43000030517578,27.832555770874023
2011-05-02,32.27000045776367,27.69523811340332
2011-05-03,31.030000686645508,26.631025314331055
2011-05-04,30.579999923706055,26.24481773376465
2011-05-05,30.6299991607666,26.28772735595703
2011-05-06,30.969999313354492,26.579530715942383
2011-05-09,31.309999465942383,26.87133026123047
2011-05-10,31.350000381469727,26.905664443969727
2011-05-11,30.969999313354492,26.579530715942383
2011-05-12,30.690000534057617,26.3392276763916
2011-05-13,29.920000076293945,25.67838478088379
2011-05-16,29.790000915527344,25.566814422607422
2011-05-17,29.780000686645508,25.5582332611084
2011-05-18,30.059999465942383,25.79853630065918
2011-05-19,30.010000228881836,25.75562858581543
2011-05-20,29.540000915527344,25.352256774902344
2011-05-23,28.549999237060547,24.502601623535156
2011-05-24,28.579999923706055,24.528348922729492
2011-05-25,28.799999237060547,24.717161178588867
2011-05-26,28.93000030517578,24.8287353515625
2011-05-27,29.18000030517578,25.043291091918945
2011-05-31,29.850000381469727,25.618309020996094
2011-06-01,29.420000076293945,25.24927520751953
2011-06-02,29.770000457763672,25.54964828491211
2011-06-03,29.0,24.888809204101562
2011-06-06,28.43000030517578,24.399614334106445
2011-06-07,28.469999313354492,24.433942794799805
2011-06-08,27.780000686645508,23.84176254272461
2011-06-09,27.3700008392334,23.489885330200195
2011-06-10,26.65999984741211,22.880537033081055
2011-06-13,26.350000381469727,22.61448860168457
2011-06-14,26.940000534057617,23.1208438873291
2011-06-15,26.360000610351562,22.623071670532227
2011-06-16,26.0,22.314102172851562
2011-06-17,25.780000686645508,22.12529754638672
2011-06-20,25.549999237060547,21.92789649963379
2011-06-21,26.68000030517578,22.897703170776367
2011-06-22,26.260000228881836,22.537242889404297
2011-06-23,26.5,22.743223190307617
2011-06-24,26.549999237060547,22.7861328125
2011-06-27,27.100000381469727,23.258163452148438
2011-06-28,27.489999771118164,23.592872619628906
2011-06-29,27.610000610351562,23.69586181640625
2011-06-30,28.190000534057617,24.193639755249023
2011-07-01,28.760000228881836,24.682836532592773
2011-07-05,29.18000030517578,25.043291091918945
2011-07-06,28.90999984741211,24.811569213867188
2011-07-07,29.100000381469727,24.974632263183594
2011-07-08,28.850000381469727,24.76007080078125
2011-07-11,27.940000534057617,23.979082107543945
2011-07-12,27.790000915527344,23.8503475189209
2011-07-13,28.389999389648438,24.36528778076172
2011-07-14,28.18000030517578,24.185056686401367
2011-07-15,28.479999542236328,24.44252586364746
2011-07-18,28.290000915527344,24.279462814331055
2011-07-19,28.139999389648438,24.15072250366211
2011-07-20,28.610000610351562,24.554101943969727
2011-07-21,28.299999237060547,24.288042068481445
2011-07-22,28.670000076293945,24.6055908203125
2011-07-25,28.639999389648438,24.579843521118164
2011-07-26,29.0,24.888809204101562
2011-07-27,28.5,24.45969581604004
2011-07-28,28.350000381469727,24.330957412719727
2011-07-29,28.270000457763672,24.262298583984375
2011-08-01,28.030000686645508,24.056320190429688
2011-08-02,27.260000228881836,23.395484924316406
2011-08-03,27.200000762939453,23.343990325927734
2011-08-04,25.75,22.099550247192383
2011-08-05,25.239999771118164,21.66184425354004
2011-08-08,23.350000381469727,20.03978729248047
2011-08-09,25.149999618530273,21.584606170654297
2011-08-10,24.239999771118164,20.80360984802246
2011-08-11,25.25,21.670429229736328
2011-08-12,25.3700008392334,21.773418426513672
2011-08-15,25.780000686645508,22.12529754638672
2011-08-16,25.040000915527344,21.49020004272461
2011-08-17,24.600000381469727,21.112577438354492
2011-08-18,23.350000381469727,20.03978729248047
2011-08-19,22.950000762939453,19.696489334106445
2011-08-22,22.760000228881836,19.533424377441406
2011-08-23,23.760000228881836,20.39165496826172
2011-08-24,23.790000915527344,20.417404174804688
2011-08-25,23.43000030517578,20.108444213867188
2011-08-26,24.06999969482422,20.6577091217041
2011-08-29,24.690000534057617,21.1898136138916
2011-08-30,25.139999389648438,21.576025009155273
2011-08-31,25.56999969482422,21.945066452026367
2011-09-01,25.309999465942383,21.721921920776367
2011-09-02,24.770000457763672,21.258480072021484
2011-09-06,24.420000076293945,20.958093643188477
2011-09-07,25.049999237060547,21.498783111572266
2011-09-08,24.8700008392334,21.34429931640625
2011-09-09,24.010000228881836,20.606218338012695
2011-09-12,24.040000915527344,20.6319637298584
2011-09-13,24.3799991607666,20.92376136779785
2011-09-14,24.360000610351562,20.906597137451172
2011-09-15,24.280000686645508,20.83793830871582
2011-09-16,24.290000915527344,20.846525192260742
2011-09-19,23.850000381469727,20.468900680541992
2011-09-20,22.799999237060547,19.567752838134766
2011-09-21,22.229999542236328,19.07855987548828
2011-09-22,20.440000534057617,17.54231834411621
2011-09-23,20.950000762939453,17.980016708374023
2011-09-26,20.469999313354492,17.568063735961914
2011-09-27,21.5,18.452051162719727
2011-09-28,20.950000762939453,17.980016708374023
2011-09-29,20.549999237060547,17.63672637939453
2011-09-30,19.81999969482422,17.010210037231445
2011-10-03,19.010000228881836,16.31504249572754
2011-10-04,19.360000610351562,16.615428924560547
2011-10-05,20.030000686645508,17.190441131591797
2011-10-06,20.6200008392334,17.696800231933594
2011-10-07,20.729999542236328,17.79120635986328
2011-10-10,21.510000228881836,18.460630416870117
2011-10-11,21.920000076293945,18.8125057220459
2011-10-12,22.450000762939453,19.267370223999023
2011-10-13,22.81999969482422,19.58492088317871
2011-10-14,23.219999313354492,19.92821502685547
2011-10-17,22.639999389648438,19.430437088012695
2011-10-18,22.6299991607666,19.421852111816406
2011-10-19,22.040000915527344,18.915496826171875
2011-10-20,21.760000228881836,18.675189971923828
2011-10-21,22.239999771118164,19.087141036987305
2011-10-24,23.540000915527344,20.202844619750977
2011-10-25,23.010000228881836,19.747983932495117
2011-10-26,23.399999618530273,20.08269500732422
2011-10-27,24.979999542236328,21.43870735168457
2011-10-28,24.709999084472656,21.206979751586914
2011-10-31,23.559999465942383,20.22001075744629
2011-11-01,23.3799991607666,20.065526962280273
2011-11-02,24.309999465942383,20.86368751525879
2011-11-03,24.799999237060547,21.284221649169922
2011-11-04,24.270000457763672,20.82935905456543
2011-11-07,24.479999542236328,21.009586334228516
2011-11-08,24.360000610351562,20.906597137451172
2011-11-09,22.889999389648438,19.64499282836914
2011-11-10,22.969999313354492,19.713651657104492
2011-11-11,23.31999969482422,20.0140380859375
2011-11-14,23.260000228881836,19.962543487548828
2011-11-15,23.3799991607666,20.065526962280273
2011-11-16,22.920000076293945,19.67074203491211
2011-11-17,22.399999618530273,19.22446060180664
2011-11-18,22.399999618530273,19.22446060180664
2011-11-21,21.709999084472656,18.632278442382812
2011-11-22,21.809999465942383,18.718101501464844
2011-11-23,21.149999618530273,18.15166473388672
2011-11-25,21.079999923706055,18.091588973999023
2011-11-28,21.3799991607666,18.349061965942383
2011-11-29,21.579999923706055,18.520706176757812
2011-11-30,22.65999984741211,19.447599411010742
2011-12-01,22.700000762939453,19.48193359375
2011-12-02,22.360000610351562,19.19013214111328
2011-12-05,22.530000686645508,19.336030960083008
2011-12-06,22.239999771118164,19.087141036987305
2011-12-07,22.280000686645508,19.12147331237793
2011-12-08,21.6299991607666,18.563617706298828
2011-12-09,22.110000610351562,18.975570678710938
2011-12-12,21.520000457763672,18.469215393066406
2011-12-13,21.09000015258789,18.100170135498047
2011-12-14,20.81999969482422,17.868452072143555
2011-12-15,20.65999984741211,17.731130599975586
2011-12-16,20.969999313354492,17.99718475341797
2011-12-19,20.5,17.593814849853516
2011-12-20,21.31999969482422,18.297565460205078
2011-12-21,20.8799991607666,17.919944763183594
2011-12-22,21.229999542236328,18.22032356262207
2011-12-23,20.829999923706055,18.365802764892578
2011-12-27,20.6200008392334,18.180644989013672
2011-12-28,20.270000457763672,17.872053146362305
2011-12-29,20.309999465942383,17.907320022583008
2011-12-30,20.43000030517578,18.013126373291016
2012-01-03,21.0,18.51569366455078
2012-01-04,20.81999969482422,18.35698699951172
2012-01-05,20.770000457763672,18.312904357910156
2012-01-06,20.40999984741211,17.99549102783203
2012-01-09,20.5,18.074848175048828
2012-01-10,21.299999237060547,18.78020477294922
2012-01-11,21.649999618530273,19.08879852294922
2012-01-12,21.959999084472656,19.362123489379883
2012-01-13,21.84000015258789,19.256322860717773
2012-01-17,22.170000076293945,19.547285079956055
2012-01-18,22.360000610351562,19.714807510375977
2012-01-19,22.670000076293945,19.98813247680664
2012-01-20,22.6299991607666,19.95285987854004
2012-01-23,22.790000915527344,20.093935012817383
2012-01-24,22.75,20.05866813659668
2012-01-25,23.100000381469727,20.367263793945312
2012-01-26,22.729999542236328,20.041032791137695
2012-01-27,23.34000015258789,20.57887077331543
2012-01-30,23.0,20.27909278869629
2012-01-31,23.09000015258789,20.358444213867188
2012-02-01,23.56999969482422,20.78166389465332
2012-02-02,23.760000228881836,20.949186325073242
2012-02-03,23.93000030517578,21.099077224731445
2012-02-06,23.43000030517578,20.658226013183594
2012-02-07,23.270000457763672,20.517152786254883
2012-02-08,23.899999618530273,21.072622299194336
2012-02-09,24.18000030517578,21.319501876831055
2012-02-10,23.799999237060547,20.984451293945312
2012-02-13,24.049999237060547,21.204877853393555
2012-02-14,23.739999771118164,20.931554794311523
2012-02-15,24.020000457763672,21.178428649902344
2012-02-16,24.280000686645508,21.407665252685547
2012-02-17,24.329999923706055,21.45175552368164
2012-02-21,24.18000030517578,21.319501876831055
2012-02-22,24.5,21.601642608642578
2012-02-23,24.309999465942383,21.43411636352539
2012-02-24,24.360000610351562,21.47820472717285
2012-02-27,24.25,21.38121795654297
2012-02-28,24.75,21.822071075439453
2012-02-29,24.489999771118164,21.592824935913086
2012-03-01,24.639999389648438,21.725078582763672
2012-03-02,24.90999984741211,21.96314239501953
2012-03-05,24.420000076293945,21.531105041503906
2012-03-06,23.700000762939453,20.896286010742188
2012-03-07,24.09000015258789,21.240144729614258
2012-03-08,24.450000762939453,21.557559967041016
2012-03-09,24.829999923706055,21.892602920532227
2012-03-12,24.6299991607666,21.716262817382812
2012-03-13,25.049999237060547,22.086578369140625
2012-03-14,24.43000030517578,21.539926528930664
2012-03-15,24.579999923706055,21.672178268432617
2012-03-16,24.600000381469727,21.6898136138916
2012-03-19,24.510000228881836,21.610458374023438
2012-03-20,24.219999313354492,21.354766845703125
2012-03-21,24.229999542236328,21.363584518432617
2012-03-22,24.229999542236328,21.363584518432617
2012-03-23,24.290000915527344,21.416486740112305
2012-03-26,24.549999237060547,21.645727157592773
2012-03-27,24.65999984741211,21.74271583557129
2012-03-28,24.360000610351562,21.47820472717285
2012-03-29,24.079999923706055,21.23133087158203
2012-03-30,24.139999389648438,21.284231185913086
2012-04-02,24.309999465942383,21.43411636352539
2012-04-03,24.3700008392334,21.487024307250977
2012-04-04,24.040000915527344,21.196063995361328
2012-04-05,24.3799991607666,21.495838165283203
2012-04-09,24.219999313354492,21.354766845703125
2012-04-10,23.809999465942383,20.99327278137207
2012-04-11,24.219999313354492,21.354766845703125
2012-04-12,24.93000030517578,21.98077392578125
2012-04-13,24.579999923706055,21.672178268432617
2012-04-16,24.260000228881836,21.390033721923828
2012-04-17,24.540000915527344,21.636911392211914
2012-04-18,24.559999465942383,21.654544830322266
2012-04-19,24.299999237060547,21.425302505493164
2012-04-20,24.389999389648438,21.504653930664062
2012-04-23,24.040000915527344,21.196063995361328
2012-04-24,23.93000030517578,21.099077224731445
2012-04-25,23.950000762939453,21.116710662841797
2012-04-26,23.860000610351562,21.037357330322266
2012-04-27,23.790000915527344,20.97563934326172
2012-04-30,23.540000915527344,20.755212783813477
2012-05-01,23.690000534057617,20.887466430664062
2012-05-02,23.84000015258789,21.01972198486328
2012-05-03,23.639999389648438,20.8433780670166
2012-05-04,23.40999984741211,20.64059066772461
2012-05-07,23.09000015258789,20.358444213867188
2012-05-08,22.709999084472656,20.023401260375977
2012-05-09,22.389999389648438,19.741254806518555
2012-05-10,22.31999969482422,19.679540634155273
2012-05-11,22.309999465942383,19.67072105407715
2012-05-14,21.920000076293945,19.32685661315918
2012-05-15,21.850000381469727,19.26513671875
2012-05-16,21.65999984741211,19.097614288330078
2012-05-17,21.450000762939453,18.912460327148438
2012-05-18,21.15999984741211,18.656766891479492
2012-05-21,21.510000228881836,18.965360641479492
2012-05-22,21.450000762939453,18.912460327148438
2012-05-23,21.329999923706055,18.806655883789062
2012-05-24,21.209999084472656,18.700847625732422
2012-05-25,21.030000686645508,18.542142868041992
2012-05-29,21.610000610351562,19.05353355407715
2012-05-30,21.43000030517578,18.894824981689453
2012-05-31,21.360000610351562,18.833106994628906
2012-06-01,20.850000381469727,18.38343620300293
2012-06-04,20.65999984741211,18.215917587280273
2012-06-05,20.75,18.295269012451172
2012-06-06,21.270000457763672,18.753755569458008
2012-06-07,21.6299991607666,19.071163177490234
2012-06-08,21.309999465942383,18.78902244567871
2012-06-11,21.280000686645508,18.7625732421875
2012-06-12,21.440000534057617,18.903642654418945
2012-06-13,21.420000076293945,18.886011123657227
2012-06-14,21.5,18.956546783447266
2012-06-15,21.770000457763672,19.194604873657227
2012-06-18,21.889999389648438,19.30040740966797
2012-06-19,22.25,19.617820739746094
2012-06-20,22.149999618530273,19.52964973449707
2012-06-21,21.15999984741211,18.656766891479492
2012-06-22,21.270000457763672,18.753755569458008
2012-06-25,20.790000915527344,18.330537796020508
2012-06-26,20.829999923706055,18.365802764892578
2012-06-27,20.989999771118164,18.506874084472656
2012-06-28,20.700000762939453,18.25118637084961
2012-06-29,21.329999923706055,18.806655883789062
2012-07-02,21.15999984741211,18.656766891479492
2012-07-03,21.360000610351562,18.833106994628906
2012-07-05,21.459999084472656,18.921276092529297
2012-07-06,21.139999389648438,18.639129638671875
2012-07-09,20.799999237060547,18.339351654052734
2012-07-10,20.399999618530273,17.986675262451172
2012-07-11,20.31999969482422,17.9161376953125
2012-07-12,20.350000381469727,17.942590713500977
2012-07-13,20.450000762939453,18.030763626098633
2012-07-16,20.0,17.633996963500977
2012-07-17,19.6299991607666,17.307767868041992
2012-07-18,19.579999923706055,17.26368522644043
2012-07-19,19.68000030517578,17.351852416992188
2012-07-20,19.489999771118164,17.184328079223633
2012-07-23,19.280000686645508,16.99917221069336
2012-07-24,19.309999465942383,17.02562141418457
2012-07-25,19.139999389648438,16.875732421875
2012-07-26,19.34000015258789,17.05207061767578
2012-07-27,19.760000228881836,17.422388076782227
2012-07-30,19.520000457763672,17.21077537536621
2012-07-31,19.280000686645508,16.99917221069336
2012-08-01,19.3799991607666,17.08734130859375
2012-08-02,19.040000915527344,16.787561416625977
2012-08-03,19.329999923706055,17.043258666992188
2012-08-06,19.899999618530273,17.545825958251953
2012-08-07,20.329999923706055,17.924955368041992
2012-08-08,20.239999771118164,17.84560203552246
2012-08-09,20.459999084472656,18.039575576782227
2012-08-10,20.389999389648438,17.97785758972168
2012-08-13,20.15999984741211,17.77506446838379
2012-08-14,20.09000015258789,17.71334457397461
2012-08-15,20.190000534057617,17.8015193939209
2012-08-16,20.549999237060547,18.118932723999023
2012-08-17,20.6200008392334,18.180644989013672
2012-08-20,20.6299991607666,18.189462661743164
2012-08-21,20.440000534057617,18.021944046020508
2012-08-22,20.40999984741211,17.99549102783203
2012-08-23,20.25,17.854419708251953
2012-08-24,20.3799991607666,17.969038009643555
2012-08-27,20.389999389648438,17.97785758972168
2012-08-28,20.3700008392334,17.960222244262695
2012-08-29,20.309999465942383,17.907320022583008
2012-08-30,20.030000686645508,17.66044807434082
2012-08-31,19.959999084472656,17.598726272583008
2012-09-04,20.1299991607666,17.748619079589844
2012-09-05,19.770000457763672,17.431203842163086
2012-09-06,20.190000534057617,17.8015193939209
2012-09-07,20.360000610351562,17.95140838623047
2012-09-10,20.34000015258789,17.933774948120117
2012-09-11,20.43000030517578,18.013126373291016
2012-09-12,20.549999237060547,18.118932723999023
2012-09-13,21.049999237060547,18.559778213500977
2012-09-14,21.40999984741211,18.8771915435791
2012-09-17,21.209999084472656,18.700847625732422
2012-09-18,21.079999923706055,18.586227416992188
2012-09-19,21.40999984741211,18.8771915435791
2012-09-20,21.139999389648438,18.639129638671875
2012-09-21,21.09000015258789,18.59504508972168
2012-09-24,21.309999465942383,18.78902244567871
2012-09-25,21.170000076293945,18.66558265686035
2012-09-26,21.06999969482422,18.577415466308594
2012-09-27,21.450000762939453,18.912460327148438
2012-09-28,21.6299991607666,19.071163177490234
2012-10-01,21.59000015258789,19.03589630126953
2012-10-02,21.59000015258789,19.03589630126953
2012-10-03,21.520000457763672,18.974180221557617
2012-10-04,21.739999771118164,19.168153762817383
2012-10-05,21.860000610351562,19.273956298828125
2012-10-08,21.770000457763672,19.194604873657227
2012-10-09,21.280000686645508,18.7625732421875
2012-10-10,21.34000015258789,18.815473556518555
2012-10-11,21.43000030517578,18.894824981689453
2012-10-12,21.43000030517578,18.894824981689453
2012-10-15,21.299999237060547,18.78020477294922
2012-10-16,21.40999984741211,18.8771915435791
2012-10-17,21.729999542236328,19.15933609008789
2012-10-18,21.709999084472656,19.141704559326172
2012-10-19,21.479999542236328,18.93891143798828
2012-10-22,21.75,19.176971435546875
2012-10-23,21.59000015258789,19.03589630126953
2012-10-24,21.84000015258789,19.256322860717773
2012-10-25,21.780000686645508,19.20342254638672
2012-10-26,21.579999923706055,19.027080535888672
2012-10-31,21.350000381469727,18.824291229248047
2012-11-01,21.8799991607666,19.29159164428711
2012-11-02,21.649999618530273,19.08879852294922
2012-11-05,22.040000915527344,19.432666778564453
2012-11-06,22.459999084472656,19.802976608276367
2012-11-07,22.309999465942383,19.67072105407715
2012-11-08,22.020000457763672,19.415027618408203
2012-11-09,22.1200008392334,19.50320053100586
2012-11-12,22.280000686645508,19.644269943237305
2012-11-13,21.850000381469727,19.26513671875
2012-11-14,21.440000534057617,18.903642654418945
2012-11-15,21.399999618530273,18.868371963500977
2012-11-16,21.0,18.51569366455078
2012-11-19,21.56999969482422,19.018266677856445
2012-11-20,21.270000457763672,18.753755569458008
2012-11-21,21.25,18.73611831665039
2012-11-23,21.25,18.73611831665039
2012-11-26,21.360000610351562,18.833106994628906
2012-11-27,21.280000686645508,18.7625732421875
2012-11-28,21.290000915527344,18.77138900756836
2012-11-29,21.450000762939453,18.912460327148438
2012-11-30,21.420000076293945,18.886011123657227
2012-12-03,21.329999923706055,18.806655883789062
2012-12-04,21.040000915527344,18.55095863342285
2012-12-05,21.15999984741211,18.656766891479492
2012-12-06,21.290000915527344,18.77138900756836
2012-12-07,21.329999923706055,18.806655883789062
2012-12-10,21.440000534057617,18.903642654418945
2012-12-11,21.40999984741211,18.8771915435791
2012-12-12,21.709999084472656,19.141704559326172
2012-12-13,21.420000076293945,18.886011123657227
2012-12-14,21.6200008392334,19.06235122680664
2012-12-17,21.65999984741211,19.097614288330078
2012-12-18,21.84000015258789,19.256322860717773
2012-12-19,22.190000534057617,19.564922332763672
2012-12-20,22.280000686645508,19.644269943237305
2012-12-21,21.940000534057617,19.34449577331543
2012-12-24,21.489999771118164,19.322912216186523
2012-12-26,21.780000686645508,19.583667755126953
2012-12-27,21.790000915527344,19.59265899658203
2012-12-28,21.81999969482422,19.619632720947266
2012-12-31,22.31999969482422,20.0692138671875
2013-01-02,22.899999618530273,20.59072494506836
2013-01-03,22.84000015258789,20.536773681640625
2013-01-04,23.25,20.905427932739258
2013-01-07,23.329999923706055,20.97736358642578
2013-01-08,23.09000015258789,20.761568069458008
2013-01-09,23.489999771118164,21.121225357055664
2013-01-10,24.190000534057617,21.750638961791992
2013-01-11,24.1200008392334,21.687700271606445
2013-01-14,24.15999984741211,21.723665237426758
2013-01-15,24.200000762939453,21.759634017944336
2013-01-16,24.290000915527344,21.840557098388672
2013-01-17,24.350000381469727,21.89450454711914
2013-01-18,24.290000915527344,21.840557098388672
2013-01-22,24.649999618530273,22.164249420166016
2013-01-23,24.68000030517578,22.191226959228516
2013-01-24,24.8700008392334,22.3620662689209
2013-01-25,24.459999084472656,21.993408203125
2013-01-28,24.459999084472656,21.993408203125
2013-01-29,24.6299991607666,22.146268844604492
2013-01-30,24.6299991607666,22.146268844604492
2013-01-31,24.450000762939453,21.98442268371582
2013-02-01,24.600000381469727,22.11929702758789
2013-02-04,23.860000610351562,21.453916549682617
2013-02-05,23.700000762939453,21.3100528717041
2013-02-06,23.860000610351562,21.453916549682617
2013-02-07,23.8700008392334,21.462907791137695
2013-02-08,24.079999923706055,21.6517333984375
2013-02-11,24.059999465942383,21.633750915527344
2013-02-12,24.0,21.579801559448242
2013-02-13,24.110000610351562,21.6787052154541
2013-02-14,24.280000686645508,21.831560134887695
2013-02-15,24.350000381469727,21.89450454711914
2013-02-19,24.100000381469727,21.669713973999023
2013-02-20,23.920000076293945,21.50786781311035
2013-02-21,23.56999969482422,21.193157196044922
2013-02-22,23.510000228881836,21.139211654663086
2013-02-25,23.190000534057617,20.851482391357422
2013-02-26,23.100000381469727,20.770557403564453
2013-02-27,23.450000762939453,21.08526039123535
2013-02-28,23.709999084472656,21.31904411315918
2013-03-01,23.639999389648438,21.256103515625
2013-03-04,23.600000381469727,21.220134735107422
2013-03-05,24.059999465942383,21.633750915527344
2013-03-06,23.889999389648438,21.480892181396484
2013-03-07,23.850000381469727,21.44492530822754
2013-03-08,24.020000457763672,21.597782135009766
2013-03-11,23.729999542236328,21.33702850341797
2013-03-12,23.190000534057617,20.851482391357422
2013-03-13,22.8700008392334,20.563749313354492
2013-03-14,23.329999923706055,20.97736358642578
2013-03-15,22.940000534057617,20.626691818237305
2013-03-18,22.540000915527344,20.267030715942383
2013-03-19,22.540000915527344,20.267030715942383
2013-03-20,23.200000762939453,20.860469818115234
2013-03-21,23.040000915527344,20.71660804748535
2013-03-22,23.239999771118164,20.89643669128418
2013-03-25,22.8700008392334,20.563749313354492
2013-03-26,23.049999237060547,20.725597381591797
2013-03-27,23.139999389648438,20.806522369384766
2013-03-28,23.059999465942383,20.73459243774414
2013-04-01,22.790000915527344,20.491819381713867
2013-04-02,22.799999237060547,20.500810623168945
2013-04-03,22.639999389648438,20.356943130493164
2013-04-04,22.579999923706055,20.302997589111328
2013-04-05,22.3799991607666,20.1231632232666
2013-04-08,22.360000610351562,20.105182647705078
2013-04-09,22.8799991607666,20.572742462158203
2013-04-10,23.239999771118164,20.89643669128418
2013-04-11,22.989999771118164,20.671649932861328
2013-04-12,22.690000534057617,20.401899337768555
2013-04-15,22.309999465942383,20.06022071838379
2013-04-16,22.610000610351562,20.32996940612793
2013-04-17,22.31999969482422,20.0692138671875
2013-04-18,22.209999084472656,19.970308303833008
2013-04-19,22.540000915527344,20.267030715942383
2013-04-22,22.799999237060547,20.500810623168945
2013-04-23,23.020000457763672,20.698623657226562
2013-04-24,23.309999465942383,20.95937728881836
2013-04-25,23.549999237060547,21.175180435180664
2013-04-26,23.34000015258789,20.98635482788086
2013-04-29,23.8799991607666,21.471900939941406
2013-04-30,24.139999389648438,21.705678939819336
2013-05-01,23.940000534057617,21.525848388671875
2013-05-02,24.43000030517578,21.9664363861084
2013-05-03,24.549999237060547,22.074337005615234
2013-05-06,24.670000076293945,22.182233810424805
2013-05-07,24.84000015258789,22.335094451904297
2013-05-08,25.059999465942383,22.53290367126465
2013-05-09,25.1200008392334,22.58685874938965
2013-05-10,25.329999923706055,22.775676727294922
2013-05-13,25.469999313354492,22.901559829711914
2013-05-14,25.649999618530273,23.063411712646484
2013-05-15,25.940000534057617,23.324167251586914
2013-05-16,26.079999923706055,23.450048446655273
2013-05-17,26.170000076293945,23.530973434448242
2013-05-20,26.93000030517578,24.21433448791504
2013-05-21,26.950000762939453,24.23231315612793
2013-05-22,26.239999771118164,23.593915939331055
2013-05-23,26.110000610351562,23.47702407836914
2013-05-24,26.5,23.82769775390625
2013-05-28,27.110000610351562,24.376184463500977
2013-05-29,26.950000762939453,24.23231315612793
2013-05-30,27.100000381469727,24.3671875
2013-05-31,26.899999618530273,24.187358856201172
2013-06-03,26.889999389648438,24.178367614746094
2013-06-04,26.989999771118164,24.268281936645508
2013-06-05,26.6299991607666,23.944583892822266
2013-06-06,26.84000015258789,24.13340950012207
2013-06-07,26.950000762939453,24.23231315612793
2013-06-10,27.260000228881836,24.511058807373047
2013-06-11,26.81999969482422,24.115427017211914
2013-06-12,26.5,23.82769775390625
2013-06-13,26.65999984741211,23.971559524536133
2013-06-14,26.200000762939453,23.557952880859375
2013-06-17,26.56999969482422,23.89063835144043
2013-06-18,26.530000686645508,23.854673385620117
2013-06-19,25.950000762939453,23.333158493041992
2013-06-20,25.290000915527344,22.73971176147461
2013-06-21,25.030000686645508,22.505935668945312
2013-06-24,23.899999618530273,21.489879608154297
2013-06-25,24.510000228881836,22.038368225097656
2013-06-26,25.100000381469727,22.568872451782227
2013-06-27,25.350000381469727,22.793664932250977
2013-06-28,25.3799991607666,22.820636749267578
2013-07-01,25.31999969482422,22.766685485839844
2013-07-02,25.469999313354492,22.901559829711914
2013-07-03,25.209999084472656,22.667783737182617
2013-07-05,24.950000762939453,22.43400001525879
2013-07-08,25.329999923706055,22.775676727294922
2013-07-09,25.290000915527344,22.73971176147461
2013-07-10,25.110000610351562,22.577861785888672
2013-07-11,25.920000076293945,23.306182861328125
2013-07-12,25.719999313354492,23.1263484954834
2013-07-15,26.549999237060547,23.87265396118164
2013-07-16,26.670000076293945,23.98055076599121
2013-07-17,26.760000228881836,24.061477661132812
2013-07-18,26.889999389648438,24.178367614746094
2013-07-19,26.850000381469727,24.142404556274414
2013-07-22,26.790000915527344,24.08845329284668
2013-07-23,27.06999969482422,24.3402156829834
2013-07-24,27.100000381469727,24.3671875
2013-07-25,27.809999465942383,25.005596160888672
2013-07-26,28.040000915527344,25.21240234375
2013-07-29,27.760000228881836,24.96063232421875
2013-07-30,27.829999923706055,25.023576736450195
2013-07-31,27.739999771118164,24.942649841308594
2013-08-01,28.760000228881836,25.85979461669922
2013-08-02,29.079999923706055,26.147523880004883
2013-08-05,29.079999923706055,26.147523880004883
2013-08-06,29.34000015258789,26.381303787231445
2013-08-07,28.709999084472656,25.814834594726562
2013-08-08,29.229999542236328,26.28239631652832
2013-08-09,29.389999389648438,26.426258087158203
2013-08-12,29.670000076293945,26.67802619934082
2013-08-13,29.899999618530273,26.88483238220215
2013-08-14,29.719999313354492,26.722984313964844
2013-08-15,29.3700008392334,26.408281326293945
2013-08-16,29.5,26.525171279907227
2013-08-19,29.68000030517578,26.6870174407959
2013-08-20,29.540000915527344,26.561134338378906
2013-08-21,29.530000686645508,26.552143096923828
2013-08-22,30.219999313354492,27.172561645507812
2013-08-23,30.149999618530273,27.109621047973633
2013-08-26,29.81999969482422,26.812902450561523
2013-08-27,29.299999237060547,26.345335006713867
2013-08-28,29.450000762939453,26.480213165283203
2013-08-29,29.8700008392334,26.857860565185547
2013-08-30,29.59000015258789,26.60609245300293
2013-09-03,30.190000534057617,27.145587921142578
2013-09-04,30.360000610351562,27.298446655273438
2013-09-05,30.739999771118164,27.640127182006836
2013-09-06,30.829999923706055,27.721046447753906
2013-09-09,31.110000610351562,27.972816467285156
2013-09-10,31.59000015258789,28.404409408569336
2013-09-11,31.6299991607666,28.44037628173828
2013-09-12,31.6299991607666,28.44037628173828
2013-09-13,31.479999542236328,28.305505752563477
2013-09-16,31.68000030517578,28.48533821105957
2013-09-17,31.6299991607666,28.44037628173828
2013-09-18,32.31999969482422,29.06079864501953
2013-09-19,32.4900016784668,29.213653564453125
2013-09-20,31.739999771118164,28.539283752441406
2013-09-23,32.099998474121094,28.862979888916016
2013-09-24,32.02000045776367,28.791046142578125
2013-09-25,32.2599983215332,29.006845474243164
2013-09-26,32.869998931884766,29.55533218383789
2013-09-27,32.560001373291016,29.276596069335938
2013-09-30,32.619998931884766,29.330541610717773
2013-10-01,33.220001220703125,29.87003517150879
2013-10-02,33.650001525878906,30.25667953491211
2013-10-03,33.15999984741211,29.816085815429688
2013-10-04,34.099998474121094,30.661296844482422
2013-10-07,34.02000045776367,30.589370727539062
2013-10-08,33.060001373291016,29.726173400878906
2013-10-09,33.06999969482422,29.735164642333984
2013-10-10,33.68000030517578,30.283655166625977
2013-10-11,34.099998474121094,30.661296844482422
2013-10-14,34.09000015258789,30.652311325073242
2013-10-15,33.83000183105469,30.41852569580078
2013-10-16,33.900001525878906,30.481464385986328
2013-10-17,34.220001220703125,30.769197463989258
2013-10-18,34.869998931884766,31.353654861450195
2013-10-21,35.22999954223633,31.67734718322754
2013-10-22,35.15999984741211,31.61440658569336
2013-10-23,34.040000915527344,30.607349395751953
2013-10-24,34.189998626708984,30.74222183227539
2013-10-25,34.16999816894531,30.7242374420166
2013-10-28,33.22999954223633,29.879032135009766
2013-10-29,32.900001525878906,29.58230972290039
2013-10-30,33.130001068115234,29.789113998413086
2013-10-31,33.220001220703125,29.87003517150879
2013-11-01,33.290000915527344,29.9329833984375
2013-11-04,33.29999923706055,29.941970825195312
2013-11-05,33.02000045776367,29.690208435058594
2013-11-06,32.7400016784668,29.438444137573242
2013-11-07,32.08000183105469,28.845001220703125
2013-11-08,32.099998474121094,28.862979888916016
2013-11-11,32.5,29.222646713256836
2013-11-12,32.22999954223633,28.97987174987793
2013-11-13,32.63999938964844,29.348526000976562
2013-11-14,33.13999938964844,29.798105239868164
2013-11-15,34.099998474121094,30.661296844482422
2013-11-18,34.29999923706055,30.84112548828125
2013-11-19,33.709999084472656,30.310626983642578
2013-11-20,33.099998474121094,29.762142181396484
2013-11-21,33.4900016784668,30.112808227539062
2013-11-22,33.599998474121094,30.211721420288086
2013-11-25,33.369998931884766,30.004911422729492
2013-11-26,33.75,30.346593856811523
2013-11-27,34.209999084472656,30.760208129882812
2013-11-29,34.31999969482422,30.859111785888672
2013-12-02,34.06999969482422,30.634321212768555
2013-12-03,33.939998626708984,30.517433166503906
2013-12-04,34.47999954223633,31.00297737121582
2013-12-05,34.560001373291016,31.074913024902344
2013-12-06,34.900001525878906,31.38062858581543
2013-12-09,34.77000045776367,31.263734817504883
2013-12-10,35.119998931884766,31.578433990478516
2013-12-11,34.34000015258789,30.87709617614746
2013-12-12,34.040000915527344,30.607349395751953
2013-12-13,34.349998474121094,30.886083602905273
2013-12-16,34.22999954223633,30.77818489074707
2013-12-17,33.97999954223633,30.553401947021484
2013-12-18,34.310001373291016,30.85012435913086
2013-12-19,34.0099983215332,30.580373764038086
2013-12-20,33.869998931884766,30.454486846923828
2013-12-23,34.08000183105469,30.64331817626953
2013-12-24,33.83000183105469,30.666885375976562
2013-12-26,33.720001220703125,30.567169189453125
2013-12-27,34.52000045776367,31.292367935180664
2013-12-30,34.72999954223633,31.482736587524414
2013-12-31,35.06999969482422,31.790943145751953
2014-01-02,35.380001068115234,32.07196044921875
2014-01-03,35.20000076293945,31.908790588378906
2014-01-06,35.45000076293945,32.13542175292969
2014-01-07,35.779998779296875,32.4345588684082
2014-01-08,36.47999954223633,33.069114685058594
2014-01-09,35.77000045776367,32.42549514770508
2014-01-10,36.43000030517578,33.023780822753906
2014-01-13,36.06999969482422,32.69744873046875
2014-01-14,36.630001068115234,33.205081939697266
2014-01-15,37.08000183105469,33.61301040649414
2014-01-16,37.310001373291016,33.821502685546875
2014-01-17,36.970001220703125,33.51329040527344
2014-01-21,37.15999984741211,33.68552780151367
2014-01-22,37.560001373291016,34.04813003540039
2014-01-23,36.060001373291016,32.688377380371094
2014-01-24,34.650001525878906,31.41021728515625
2014-01-27,34.439998626708984,31.219850540161133
2014-01-28,35.650001525878906,32.31671905517578
2014-01-29,35.279998779296875,31.981313705444336
2014-01-30,35.599998474121094,32.27138137817383
2014-01-31,35.369998931884766,32.062889099121094
2014-02-03,34.27000045776367,31.06574249267578
2014-02-04,34.33000183105469,31.120132446289062
2014-02-05,33.77000045776367,30.612491607666016
2014-02-06,34.189998626708984,30.993227005004883
2014-02-07,35.0099983215332,31.736555099487305
2014-02-10,35.459999084472656,32.14448547363281
2014-02-11,35.40999984741211,32.09915542602539
2014-02-12,35.40999984741211,32.09915542602539
2014-02-13,36.119998931884766,32.742767333984375
2014-02-14,36.15999984741211,32.779029846191406
2014-02-18,36.91999816894531,33.46797561645508
2014-02-19,36.7599983215332,33.32292556762695
2014-02-20,36.77000045776367,33.331993103027344
2014-02-21,36.619998931884766,33.196014404296875
2014-02-24,36.54999923706055,33.13256072998047
2014-02-25,35.630001068115234,32.298587799072266
2014-02-26,36.34000015258789,32.942195892333984
2014-02-27,37.2400016784668,33.75804901123047
2014-02-28,37.290000915527344,33.803375244140625
2014-03-03,37.08000183105469,33.61301040649414
2014-03-04,38.119998931884766,34.55577087402344
2014-03-05,38.689998626708984,35.07247543334961
2014-03-06,39.66999816894531,35.96084213256836
2014-03-07,39.04999923706055,35.39881134033203
2014-03-10,38.5,34.90024185180664
2014-03-11,37.81999969482422,34.283817291259766
2014-03-12,37.95000076293945,34.40166091918945
2014-03-13,36.630001068115234,33.205081939697266
2014-03-14,36.029998779296875,32.66118240356445
2014-03-17,36.529998779296875,33.11443328857422
2014-03-18,37.5099983215332,34.00279998779297
2014-03-19,37.150001525878906,33.67646026611328
2014-03-20,36.56999969482422,33.150691986083984
2014-03-21,36.650001525878906,33.22321319580078
2014-03-24,35.849998474121094,32.49802017211914
2014-03-25,35.52000045776367,32.19886779785156
2014-03-26,34.77000045776367,31.51899528503418
2014-03-27,34.029998779296875,30.848186492919922
2014-03-28,34.630001068115234,31.392080307006836
2014-03-31,35.0,31.727489471435547
2014-04-01,36.400001525878906,32.99658203125
2014-04-02,36.20000076293945,32.81528854370117
2014-04-03,35.41999816894531,32.10821533203125
2014-04-04,34.279998779296875,31.074806213378906
2014-04-07,33.27000045776367,30.159244537353516
2014-04-08,34.02000045776367,30.839122772216797
2014-04-09,34.959999084472656,31.691226959228516
2014-04-10,34.529998779296875,31.30143165588379
2014-04-11,33.84000015258789,30.675947189331055
2014-04-14,33.61000061035156,30.467453002929688
2014-04-15,33.380001068115234,30.258956909179688
2014-04-16,33.959999084472656,30.784727096557617
2014-04-17,34.40999984741211,31.192655563354492
2014-04-21,34.34000015258789,31.129199981689453
2014-04-22,34.869998931884766,31.60964584350586
2014-04-23,34.54999923706055,31.319568634033203
2014-04-24,34.45000076293945,31.228912353515625
2014-04-25,34.06999969482422,30.884441375732422
2014-04-28,32.75,29.687862396240234
2014-04-29,32.97999954223633,29.8963565826416
2014-04-30,32.22999954223633,29.21648597717285
2014-05-01,32.72999954223633,29.66973304748535
2014-05-02,32.97999954223633,29.8963565826416
2014-05-05,32.880001068115234,29.805713653564453
2014-05-06,32.58000183105469,29.53376007080078
2014-05-07,31.549999237060547,28.600061416625977
2014-05-08,30.969999313354492,28.074296951293945
2014-05-09,31.139999389648438,28.2283992767334
2014-05-12,32.56999969482422,29.524694442749023
2014-05-13,32.33000183105469,29.30713653564453
2014-05-14,32.56999969482422,29.524694442749023
2014-05-15,32.45000076293945,29.415916442871094
2014-05-16,32.43000030517578,29.397785186767578
2014-05-19,32.689998626708984,29.633472442626953
2014-05-20,32.650001525878906,29.597217559814453
2014-05-21,33.459999084472656,30.331480026245117
2014-05-22,33.72999954223633,30.57623291015625
2014-05-23,33.970001220703125,30.79379653930664
2014-05-27,34.099998474121094,30.91163444519043
2014-05-28,34.45000076293945,31.228912353515625
2014-05-29,34.25,31.047616958618164
2014-05-30,34.04999923706055,30.866315841674805
2014-06-02,34.040000915527344,30.85725212097168
2014-06-03,33.959999084472656,30.784727096557617
2014-06-04,33.56999969482422,30.431190490722656
2014-06-05,33.91999816894531,30.74846649169922
2014-06-06,33.90999984741211,30.739402770996094
2014-06-09,34.20000076293945,31.002290725708008
2014-06-10,34.529998779296875,31.30143165588379
2014-06-11,34.83000183105469,31.573389053344727
2014-06-12,34.689998626708984,31.44646453857422
2014-06-13,35.150001525878906,31.86345863342285
2014-06-16,34.91999816894531,31.654966354370117
2014-06-17,35.29999923706055,31.99943733215332
2014-06-18,35.81999969482422,32.47080993652344
2014-06-19,35.279998779296875,31.981313705444336
2014-06-20,35.25,31.954118728637695
2014-06-23,35.150001525878906,31.86345863342285
2014-06-24,35.36000061035156,32.053829193115234
2014-06-25,35.77000045776367,32.42549514770508
2014-06-26,36.040000915527344,32.670249938964844
2014-06-27,36.220001220703125,32.83341598510742
2014-06-30,36.29999923706055,32.90593719482422
2014-07-01,36.72999954223633,33.29573440551758
2014-07-02,37.060001373291016,33.594879150390625
2014-07-03,37.41999816894531,33.92121505737305
2014-07-07,37.060001373291016,33.594879150390625
2014-07-08,36.119998931884766,32.742767333984375
2014-07-09,36.04999923706055,32.679317474365234
2014-07-10,35.779998779296875,32.4345588684082
2014-07-11,36.11000061035156,32.733707427978516
2014-07-14,36.470001220703125,33.06004333496094
2014-07-15,36.5099983215332,33.09630584716797
2014-07-16,36.560001373291016,33.141632080078125
2014-07-17,35.849998474121094,32.49802017211914
2014-07-18,36.349998474121094,32.95125961303711
2014-07-21,36.59000015258789,33.1688232421875
2014-07-22,37.13999938964844,33.66740036010742
2014-07-23,36.91999816894531,33.46797561645508
2014-07-24,37.16999816894531,33.6945915222168
2014-07-25,37.68000030517578,34.15690231323242
2014-07-28,38.400001525878906,34.80958557128906
2014-07-29,37.91999816894531,34.37446594238281
2014-07-30,37.63999938964844,34.12064743041992
2014-07-31,36.650001525878906,33.22321319580078
2014-08-01,36.41999816894531,33.01470947265625
2014-08-04,37.13999938964844,33.66740036010742
2014-08-05,37.029998779296875,33.567684173583984
2014-08-06,37.2599983215332,33.776180267333984
2014-08-07,37.040000915527344,33.57674789428711
2014-08-08,37.7599983215332,34.229427337646484
2014-08-11,38.20000076293945,34.62828826904297
2014-08-12,38.2599983215332,34.68267822265625
2014-08-13,38.66999816894531,35.054344177246094
2014-08-14,38.45000076293945,34.85491943359375
2014-08-15,38.459999084472656,34.86397933959961
2014-08-18,38.900001525878906,35.26284408569336
2014-08-19,39.16999816894531,35.50758743286133
2014-08-20,38.95000076293945,35.30815887451172
2014-08-21,38.56999969482422,34.96369552612305
2014-08-22,38.54999923706055,34.945560455322266
2014-08-25,38.66999816894531,35.054344177246094
2014-08-26,38.65999984741211,35.04528045654297
2014-08-27,38.220001220703125,34.64641571044922
2014-08-28,37.7400016784668,34.211299896240234
2014-08-29,37.880001068115234,34.33820343017578
2014-09-02,38.380001068115234,34.79145431518555
2014-09-03,38.790000915527344,35.163124084472656
2014-09-04,38.93000030517578,35.29003143310547
2014-09-05,39.2599983215332,35.58917236328125
2014-09-08,39.2400016784668,35.571048736572266
2014-09-09,38.470001220703125,34.873043060302734
2014-09-10,38.369998931884766,34.782386779785156
2014-09-11,38.119998931884766,34.55577087402344
2014-09-12,38.2400016784668,34.664554595947266
2014-09-15,37.459999084472656,33.957481384277344
2014-09-16,37.650001525878906,34.12971115112305
2014-09-17,37.619998931884766,34.10251235961914
2014-09-18,38.040000915527344,34.48324966430664
2014-09-19,37.709999084472656,34.184104919433594
2014-09-22,36.91999816894531,33.46797561645508
2014-09-23,36.90999984741211,33.45890426635742
2014-09-24,37.52000045776367,34.011871337890625
2014-09-25,36.72999954223633,33.29573440551758
2014-09-26,36.88999938964844,33.44077682495117
2014-09-29,36.16999816894531,32.788089752197266
2014-09-30,36.09000015258789,32.715572357177734
2014-10-01,35.04999923706055,31.772817611694336
2014-10-02,35.15999984741211,31.872528076171875
2014-10-03,35.75,32.40736389160156
2014-10-06,36.209999084472656,32.82435607910156
2014-10-07,36.02000045776367,32.65211868286133
2014-10-08,36.54999923706055,33.13256072998047
2014-10-09,35.619998931884766,32.28951644897461
2014-10-10,34.54999923706055,31.319568634033203
2014-10-13,34.0099983215332,30.83005142211914
2014-10-14,34.060001373291016,30.875381469726562
2014-10-15,34.5,31.274234771728516
2014-10-16,34.779998779296875,31.528053283691406
2014-10-17,35.40999984741211,32.09915542602539
2014-10-20,35.66999816894531,32.334842681884766
2014-10-21,36.380001068115234,32.97846221923828
2014-10-22,36.349998474121094,32.95125961303711
2014-10-23,36.36000061035156,32.9603271484375
2014-10-24,36.459999084472656,33.05097961425781
2014-10-27,35.9900016784668,32.62492752075195
2014-10-28,36.86000061035156,33.4135856628418
2014-10-29,36.63999938964844,33.214149475097656
2014-10-30,37.189998626708984,33.71272277832031
2014-10-31,37.70000076293945,34.17503356933594
2014-11-03,37.400001525878906,33.90308380126953
2014-11-04,37.459999084472656,33.957481384277344
2014-11-05,37.18000030517578,33.70365905761719
2014-11-06,37.09000015258789,33.6220703125
2014-11-07,37.06999969482422,33.603939056396484
2014-11-10,37.2400016784668,33.75804901123047
2014-11-11,37.47999954223633,33.97560119628906
2014-11-12,37.380001068115234,33.88496398925781
2014-11-13,37.16999816894531,33.6945915222168
2014-11-14,38.45000076293945,34.85491943359375
2014-11-17,37.56999969482422,34.057193756103516
2014-11-18,37.0099983215332,33.54955291748047
2014-11-19,36.93000030517578,33.47703552246094
2014-11-20,36.939998626708984,33.48610305786133
2014-11-21,37.91999816894531,34.37446594238281
2014-11-24,37.58000183105469,34.066261291503906
2014-11-25,37.439998626708984,33.93935012817383
2014-11-26,38.02000045776367,34.465118408203125
2014-11-28,37.470001220703125,33.96654510498047
2014-12-01,36.15999984741211,32.779029846191406
2014-12-02,36.220001220703125,32.83341598510742
2014-12-03,35.970001220703125,32.606788635253906
2014-12-04,35.810001373291016,32.461753845214844
2014-12-05,35.81999969482422,32.47080993652344
2014-12-08,35.0,31.727489471435547
2014-12-09,35.20000076293945,31.908790588378906
2014-12-10,35.040000915527344,31.76375389099121
2014-12-11,35.5099983215332,32.18980026245117
2014-12-12,35.15999984741211,31.872528076171875
2014-12-15,34.95000076293945,31.68216896057129
2014-12-16,34.290000915527344,31.0838680267334
2014-12-17,34.4900016784668,31.265178680419922
2014-12-18,35.02000045776367,31.745616912841797
2014-12-19,35.349998474121094,32.044761657714844
2014-12-22,35.08000183105469,31.80000877380371
2014-12-23,34.81999969482422,31.56432342529297
2014-12-24,34.66999816894531,31.742855072021484
2014-12-26,34.959999084472656,32.008365631103516
2014-12-29,34.5099983215332,31.596357345581055
2014-12-30,34.38999938964844,31.486492156982422
2014-12-31,34.66999816894531,31.742855072021484
2015-01-02,34.47999954223633,31.568893432617188
2015-01-05,34.38999938964844,31.486492156982422
2015-01-06,34.619998931884766,31.69707489013672
2015-01-07,35.16999816894531,32.20063400268555
2015-01-08,35.70000076293945,32.685890197753906
2015-01-09,35.59000015258789,32.58517837524414
2015-01-12,34.779998779296875,31.843564987182617
2015-01-13,35.029998779296875,32.07245635986328
2015-01-14,34.7400016784668,31.806943893432617
2015-01-15,34.38999938964844,31.486492156982422
2015-01-16,34.400001525878906,31.495651245117188
2015-01-20,34.59000015258789,31.66961097717285
2015-01-21,35.470001220703125,32.47531509399414
2015-01-22,35.65999984741211,32.64927291870117
2015-01-23,35.619998931884766,32.61264419555664
2015-01-26,36.20000076293945,33.1436767578125
2015-01-27,36.060001373291016,33.01549530029297
2015-01-28,35.560001373291016,32.557716369628906
2015-01-29,35.540000915527344,32.539398193359375
2015-01-30,34.83000183105469,31.88935089111328
2015-02-02,35.209999084472656,32.237266540527344
2015-02-03,35.93000030517578,32.8964729309082
2015-02-04,36.599998474121094,33.50990676879883
2015-02-05,36.130001068115234,33.079593658447266
2015-02-06,35.790000915527344,32.76829147338867
2015-02-09,35.689998626708984,32.67674255371094
2015-02-10,36.04999923706055,33.00634002685547
2015-02-11,36.040000915527344,32.997196197509766
2015-02-12,35.97999954223633,32.9422492980957
2015-02-13,36.38999938964844,33.317630767822266
2015-02-17,36.380001068115234,33.3084831237793
2015-02-18,36.08000183105469,33.033817291259766
2015-02-19,35.83000183105469,32.80491638183594
2015-02-20,35.86000061035156,32.8323860168457
2015-02-23,36.0,32.9605598449707
2015-02-24,36.209999084472656,33.152835845947266
2015-02-25,35.849998474121094,32.8232307434082
2015-02-26,36.09000015258789,33.042964935302734
2015-02-27,35.810001373291016,32.78660583496094
2015-03-02,36.040000915527344,32.997196197509766
2015-03-03,36.130001068115234,33.079593658447266
2015-03-04,36.90999984741211,33.793731689453125
2015-03-05,37.83000183105469,34.63605880737305
2015-03-06,37.20000076293945,34.05925369262695
2015-03-09,37.06999969482422,33.94021987915039
2015-03-10,36.439998626708984,33.3634147644043
2015-03-11,36.529998779296875,33.44581604003906
2015-03-12,36.33000183105469,33.26270294189453
2015-03-13,36.150001525878906,33.097904205322266
2015-03-16,36.630001068115234,33.53737258911133
2015-03-17,36.65999984741211,33.564842224121094
2015-03-18,37.150001525878906,34.01346969604492
2015-03-19,37.20000076293945,34.05925369262695
2015-03-20,37.619998931884766,34.443790435791016
2015-03-23,37.84000015258789,34.64521789550781
2015-03-24,37.90999984741211,34.70930099487305
2015-03-25,37.34000015258789,34.18742752075195
2015-03-26,37.27000045776367,34.12334442138672
2015-03-27,37.43000030517578,34.26982879638672
2015-03-30,38.290000915527344,35.057228088378906
2015-03-31,38.290000915527344,35.057228088378906
2015-04-01,38.779998779296875,35.5058479309082
2015-04-02,39.65999984741211,36.31155776977539
2015-04-06,39.84000015258789,36.476356506347656
2015-04-07,40.20000076293945,36.80596160888672
2015-04-08,43.130001068115234,39.48858642578125
2015-04-09,44.11000061035156,40.38584899902344
2015-04-10,43.779998779296875,40.08370590209961
2015-04-13,44.09000015258789,40.36753463745117
2015-04-14,43.709999084472656,40.01961898803711
2015-04-15,43.41999816894531,39.75410461425781
2015-04-16,43.810001373291016,40.111183166503906
2015-04-17,42.290000915527344,38.719505310058594
2015-04-20,42.220001220703125,38.655418395996094
2015-04-21,43.150001525878906,39.50689697265625
2015-04-22,43.790000915527344,40.092857360839844
2015-04-23,44.41999816894531,40.669673919677734
2015-04-24,44.2599983215332,40.523189544677734
2015-04-27,44.9900016784668,41.191551208496094
2015-04-28,44.68000030517578,40.90772247314453
2015-04-29,44.630001068115234,40.86194610595703
2015-04-30,44.13999938964844,40.4133186340332
2015-05-01,44.5,40.742923736572266
2015-05-04,44.959999084472656,41.16408157348633
2015-05-05,43.84000015258789,40.13864517211914
2015-05-06,42.84000015258789,39.22307586669922
2015-05-07,42.7599983215332,39.14982604980469
2015-05-08,43.66999816894531,39.98299026489258
2015-05-11,44.060001373291016,40.34006881713867
2015-05-12,43.5,39.82734680175781
2015-05-13,44.09000015258789,40.36753463745117
2015-05-14,45.130001068115234,41.31973648071289
2015-05-15,45.290000915527344,41.466217041015625
2015-05-18,45.27000045776367,41.447914123535156
2015-05-19,45.459999084472656,41.62186813354492
2015-05-20,43.08000183105469,39.44281005859375
2015-05-21,43.90999984741211,40.202735900878906
2015-05-22,44.65999984741211,40.8894157409668
2015-05-26,44.40999984741211,40.6605110168457
2015-05-27,44.2599983215332,40.523189544677734
2015-05-28,42.939998626708984,39.31462860107422
2015-05-29,42.650001525878906,39.04911804199219
2015-06-01,42.84000015258789,39.22307586669922
2015-06-02,43.02000045776367,39.387874603271484
2015-06-03,43.29999923706055,39.64423370361328
2015-06-04,42.54999923706055,38.957557678222656
2015-06-05,42.939998626708984,39.31462860107422
2015-06-08,42.380001068115234,38.80191421508789
2015-06-09,41.36000061035156,37.86802291870117
2015-06-10,41.529998779296875,38.0236701965332
2015-06-11,41.95000076293945,38.40822219848633
2015-06-12,42.7400016784668,39.13151931762695
2015-06-15,41.34000015258789,37.84971618652344
2015-06-16,41.209999084472656,37.73068618774414
2015-06-17,41.86000061035156,38.3258171081543
2015-06-18,42.27000045776367,38.701194763183594
2015-06-19,41.310001373291016,37.82224655151367
2015-06-22,41.290000915527344,37.803932189941406
2015-06-23,42.220001220703125,38.655418395996094
2015-06-24,42.439998626708984,38.85683822631836
2015-06-25,41.40999984741211,37.9138069152832
2015-06-26,40.650001525878906,37.21797180175781
2015-06-29,38.650001525878906,35.38682556152344
2015-06-30,39.709999084472656,36.357330322265625
2015-07-01,39.72999954223633,36.37565231323242
2015-07-02,39.2599983215332,35.9453239440918
2015-07-06,35.40999984741211,32.42037582397461
2015-07-07,33.369998931884766,30.5526123046875
2015-07-08,32.15999984741211,29.444772720336914
2015-07-09,35.2599983215332,32.28303527832031
2015-07-10,36.459999084472656,33.3817253112793
2015-07-13,37.11000061035156,33.976844787597656
2015-07-14,37.25,34.10502624511719
2015-07-15,35.97999954223633,32.9422492980957
2015-07-16,36.79999923706055,33.693016052246094
2015-07-17,37.599998474121094,34.42547607421875
2015-07-20,37.4900016784668,34.32476806640625
2015-07-21,37.630001068115234,34.452945709228516
2015-07-22,37.29999923706055,34.15080642700195
2015-07-23,37.31999969482422,34.16912078857422
2015-07-24,36.810001373291016,33.70217514038086
2015-07-27,34.810001373291016,31.871034622192383
2015-07-28,34.7599983215332,31.825258255004883
2015-07-29,35.060001373291016,32.09992980957031
2015-07-30,34.93000030517578,31.980905532836914
2015-07-31,34.40999984741211,31.504806518554688
2015-08-03,33.75,30.900529861450195
2015-08-04,33.9900016784668,31.120267868041992
2015-08-05,34.4900016784668,31.578054428100586
2015-08-06,34.22999954223633,31.34000015258789
2015-08-07,34.13999938964844,31.257604598999023
2015-08-10,35.290000915527344,32.31051254272461
2015-08-11,34.189998626708984,31.303382873535156
2015-08-12,33.13999938964844,30.342029571533203
2015-08-13,33.130001068115234,30.3328800201416
2015-08-14,33.060001373291016,30.268781661987305
2015-08-17,32.880001068115234,30.103986740112305
2015-08-18,32.16999816894531,29.453922271728516
2015-08-19,31.65999984741211,28.98698616027832
2015-08-20,30.31999969482422,27.760120391845703
2015-08-21,29.299999237060547,26.826234817504883
2015-08-24,27.84000015258789,25.4895076751709
2015-08-25,28.579999923706055,26.167024612426758
2015-08-26,28.610000610351562,26.194496154785156
2015-08-27,30.389999389648438,27.824207305908203
2015-08-28,30.469999313354492,27.89745330810547
2015-08-31,29.309999465942383,26.835390090942383
2015-09-01,28.139999389648438,25.76417350769043
2015-09-02,28.6299991607666,26.21280288696289
2015-09-03,29.0,26.551563262939453
2015-09-04,28.020000457763672,25.654306411743164
2015-09-08,29.489999771118164,27.000194549560547
2015-09-09,29.420000076293945,26.93610382080078
2015-09-10,29.3700008392334,26.89032554626465
2015-09-11,29.600000381469727,27.100908279418945
2015-09-14,29.1299991607666,26.670589447021484
2015-09-15,29.450000762939453,26.963573455810547
2015-09-16,30.81999969482422,28.2179012298584
2015-09-17,30.510000228881836,27.934080123901367
2015-09-18,30.1299991607666,27.586158752441406
2015-09-21,30.469999313354492,27.89745330810547
2015-09-22,29.65999984741211,27.15584373474121
2015-09-23,29.350000381469727,26.87201690673828
2015-09-24,29.40999984741211,26.92694854736328
2015-09-25,29.0,26.551563262939453
2015-09-28,28.459999084472656,26.057153701782227
2015-09-29,28.75,26.32267189025879
2015-09-30,29.5,27.00935173034668
2015-10-01,29.450000762939453,26.963573455810547
2015-10-02,31.170000076293945,28.538358688354492
2015-10-05,31.600000381469727,28.93205451965332
2015-10-06,31.239999771118164,28.602445602416992
2015-10-07,31.8700008392334,29.17925453186035
2015-10-08,31.969999313354492,29.270811080932617
2015-10-09,32.04999923706055,29.344057083129883
2015-10-12,32.72999954223633,29.96664810180664
2015-10-13,32.540000915527344,29.792688369750977
2015-10-14,32.209999084472656,29.49054718017578
2015-10-15,33.70000076293945,30.854755401611328
2015-10-16,34.0,31.129425048828125
2015-10-19,33.97999954223633,31.111108779907227
2015-10-20,33.79999923706055,30.946306228637695
2015-10-21,33.13999938964844,30.342029571533203
2015-10-22,33.849998474121094,30.992088317871094
2015-10-23,34.709999084472656,31.779478073120117
2015-10-26,34.61000061035156,31.687923431396484
2015-10-27,34.650001525878906,31.72454833984375
2015-10-28,34.88999938964844,31.94428253173828
2015-10-29,34.72999954223633,31.79778480529785
2015-10-30,35.38999938964844,32.40206527709961
2015-11-02,35.97999954223633,32.9422492980957
2015-11-03,36.0,32.9605598449707
2015-11-04,36.400001525878906,33.3267936706543
2015-11-05,36.25,33.18946075439453
2015-11-06,36.369998931884766,33.29932403564453
2015-11-09,35.529998779296875,32.530242919921875
2015-11-10,35.369998931884766,32.383750915527344
2015-11-11,35.290000915527344,32.31051254272461
2015-11-12,35.650001525878906,32.64011764526367
2015-11-13,34.88999938964844,31.94428253173828
2015-11-16,35.90999984741211,32.87816619873047
2015-11-17,36.060001373291016,33.01549530029297
2015-11-18,36.119998931884766,33.0704345703125
2015-11-19,36.59000015258789,33.500755310058594
2015-11-20,37.220001220703125,34.07755661010742
2015-11-23,37.06999969482422,33.94021987915039
2015-11-24,36.75,33.647247314453125
2015-11-25,37.380001068115234,34.224056243896484
2015-11-27,36.529998779296875,33.44581604003906
2015-11-30,37.2400016784668,34.09587097167969
2015-12-01,37.5099983215332,34.34307098388672
2015-12-02,37.54999923706055,34.379695892333984
2015-12-03,36.650001525878906,33.55569076538086
2015-12-04,37.5099983215332,34.34307098388672
2015-12-07,37.29999923706055,34.15080642700195
2015-12-08,37.130001068115234,33.99515914916992
2015-12-09,36.779998779296875,33.67470932006836
2015-12-10,36.68000030517578,33.58314895629883
2015-12-11,35.47999954223633,32.484458923339844
2015-12-14,35.7599983215332,32.740821838378906
2015-12-15,36.720001220703125,33.61977767944336
2015-12-16,37.349998474121094,34.196590423583984
2015-12-17,37.04999923706055,33.921913146972656
2015-12-18,36.97999954223633,33.85782241821289
2015-12-21,36.900001525878906,33.78458023071289
2015-12-22,37.130001068115234,33.99515914916992
2015-12-23,37.29999923706055,34.15080642700195
2015-12-24,36.619998931884766,34.10982131958008
2015-12-28,36.060001373291016,33.58820724487305
2015-12-29,36.16999816894531,33.6906623840332
2015-12-30,36.09000015258789,33.61614990234375
2015-12-31,36.0099983215332,33.541629791259766
2016-01-04,34.68000030517578,32.30280303955078
2016-01-05,34.959999084472656,32.563602447509766
2016-01-06,34.560001373291016,32.1910285949707
2016-01-07,33.029998779296875,30.765901565551758
2016-01-08,32.83000183105469,30.579614639282227
2016-01-11,32.119998931884766,29.91828155517578
2016-01-12,32.279998779296875,30.06731605529785
2016-01-13,31.610000610351562,29.443239212036133
2016-01-14,32.25,30.039369583129883
2016-01-15,30.860000610351562,28.744651794433594
2016-01-19,31.649999618530273,29.480499267578125
2016-01-20,31.110000610351562,28.977516174316406
2016-01-21,31.020000457763672,28.8936824798584
2016-01-22,31.6200008392334,29.452556610107422
2016-01-25,31.43000030517578,29.27557945251465
2016-01-26,31.3799991607666,29.229005813598633
2016-01-27,30.809999465942383,28.698078155517578
2016-01-28,30.90999984741211,28.79122543334961
2016-01-29,31.459999084472656,29.30352210998535
2016-02-01,31.329999923706055,29.18243408203125
2016-02-02,31.100000381469727,28.96820068359375
2016-02-03,30.889999389648438,28.772594451904297
2016-02-04,30.790000915527344,28.6794490814209
2016-02-05,30.239999771118164,28.16714859008789
2016-02-08,29.3799991607666,27.366098403930664
2016-02-09,29.100000381469727,27.10529327392578
2016-02-10,29.399999618530273,27.384727478027344
2016-02-11,28.770000457763672,26.797910690307617
2016-02-12,29.799999237060547,27.757308959960938
2016-02-16,30.850000381469727,28.73533821105957
2016-02-17,31.469999313354492,29.312835693359375
2016-02-18,31.059999465942383,28.93094253540039
2016-02-19,31.59000015258789,29.42461395263672
2016-02-22,32.349998474121094,30.132516860961914
2016-02-23,31.489999771118164,29.331466674804688
2016-02-24,31.610000610351562,29.443239212036133
2016-02-25,31.1299991607666,28.99614143371582
2016-02-26,31.469999313354492,29.312835693359375
2016-02-29,31.440000534057617,29.284894943237305
2016-03-01,32.0,29.806507110595703
2016-03-02,32.56999969482422,30.33743667602539
2016-03-03,32.41999816894531,30.197715759277344
2016-03-04,33.150001525878906,30.877681732177734
2016-03-07,32.83000183105469,30.579614639282227
2016-03-08,32.349998474121094,30.132516860961914
2016-03-09,32.529998779296875,30.30017852783203
2016-03-10,32.18000030517578,29.97416877746582
2016-03-11,33.06999969482422,30.803163528442383
2016-03-14,33.31999969482422,31.036029815673828
2016-03-15,32.90999984741211,30.654132843017578
2016-03-16,33.0,30.737960815429688
2016-03-17,33.599998474121094,31.296831130981445
2016-03-18,34.15999984741211,31.818450927734375
2016-03-21,34.38999938964844,32.03268051147461
2016-03-22,34.459999084472656,32.09788513183594
2016-03-23,33.720001220703125,31.408607482910156
2016-03-24,33.70000076293945,31.389982223510742
2016-03-28,33.61000061035156,31.30614471435547
2016-03-29,34.09000015258789,31.753246307373047
2016-03-30,34.310001373291016,31.958166122436523
2016-03-31,34.25,31.902280807495117
2016-04-01,34.15999984741211,31.818450927734375
2016-04-04,33.959999084472656,31.63215446472168
2016-04-05,33.529998779296875,31.231632232666016
2016-04-06,34.310001373291016,31.958166122436523
2016-04-07,33.88999938964844,31.566953659057617
2016-04-08,34.029998779296875,31.69736099243164
2016-04-11,34.29999923706055,31.948848724365234
2016-04-12,34.689998626708984,32.312110900878906
2016-04-13,35.33000183105469,32.90825271606445
2016-04-14,35.31999969482422,32.898929595947266
2016-04-15,35.029998779296875,32.628807067871094
2016-04-18,35.34000015258789,32.91756820678711
2016-04-19,35.34000015258789,32.91756820678711
2016-04-20,35.13999938964844,32.731266021728516
2016-04-21,34.7400016784668,32.35869216918945
2016-04-22,34.650001525878906,32.274864196777344
2016-04-25,34.400001525878906,32.041996002197266
2016-04-26,34.4900016784668,32.12582778930664
2016-04-27,34.529998779296875,32.1630859375
2016-04-28,34.16999816894531,31.8277587890625
2016-04-29,34.02000045776367,31.688047409057617
2016-05-02,33.77000045776367,31.45517921447754
2016-05-03,33.189998626708984,30.914936065673828
2016-05-04,33.27000045776367,30.989456176757812
2016-05-05,33.2599983215332,30.98013687133789
2016-05-06,33.22999954223633,30.95219612121582
2016-05-09,32.2599983215332,30.04868507385254
2016-05-10,32.779998779296875,30.533042907714844
2016-05-11,32.59000015258789,30.35606575012207
2016-05-12,32.310001373291016,30.095258712768555
2016-05-13,32.150001525878906,29.946229934692383
2016-05-16,32.90999984741211,30.654132843017578
2016-05-17,32.849998474121094,30.598241806030273
2016-05-18,32.63999938964844,30.402639389038086
2016-05-19,32.130001068115234,29.927600860595703
2016-05-20,32.459999084472656,30.234973907470703
2016-05-23,32.630001068115234,30.393321990966797
2016-05-24,33.27000045776367,30.989456176757812
2016-05-25,33.22999954223633,30.95219612121582
2016-05-26,33.2599983215332,30.98013687133789
2016-05-27,33.66999816894531,31.36203384399414
2016-05-31,34.33000183105469,31.976795196533203
2016-06-01,33.77000045776367,31.45517921447754
2016-06-02,33.88999938964844,31.566953659057617
2016-06-03,33.81999969482422,31.501754760742188
2016-06-06,34.209999084472656,31.865018844604492
2016-06-07,34.52000045776367,32.153770446777344
2016-06-08,34.20000076293945,31.8557071685791
2016-06-09,33.880001068115234,31.557640075683594
2016-06-10,32.939998626708984,30.68207359313965
2016-06-13,32.939998626708984,30.68207359313965
2016-06-14,32.66999816894531,30.43058204650879
2016-06-15,33.04999923706055,30.78453254699707
2016-06-16,32.95000076293945,30.691387176513672
2016-06-17,32.790000915527344,30.542356491088867
2016-06-20,33.310001373291016,31.02671241760254
2016-06-21,33.25,30.970823287963867
2016-06-22,33.400001525878906,31.110546112060547
2016-06-23,33.650001525878906,31.343408584594727
2016-06-24,32.560001373291016,30.328125
2016-06-27,31.93000030517578,29.741308212280273
2016-06-28,32.75,30.505094528198242
2016-06-29,33.290000915527344,31.008085250854492
2016-06-30,33.61000061035156,31.30614471435547
2016-07-01,33.779998779296875,31.46449089050293
2016-07-05,33.15999984741211,30.886993408203125
2016-07-06,33.029998779296875,30.765901565551758
2016-07-07,33.22999954223633,30.95219612121582
2016-07-08,33.68000030517578,31.37135124206543
2016-07-11,34.400001525878906,32.041996002197266
2016-07-12,34.720001220703125,32.340057373046875
2016-07-13,34.189998626708984,31.846393585205078
2016-07-14,34.630001068115234,32.256229400634766
2016-07-15,34.36000061035156,32.00474166870117
2016-07-18,34.689998626708984,32.312110900878906
2016-07-19,34.279998779296875,31.930217742919922
2016-07-20,34.79999923706055,32.41456985473633
2016-07-21,34.72999954223633,32.34937286376953
2016-07-22,35.02000045776367,32.6194953918457
2016-07-25,34.779998779296875,32.39594650268555
2016-07-26,35.27000045776367,32.85236358642578
2016-07-27,35.279998779296875,32.8616828918457
2016-07-28,35.130001068115234,32.72195816040039
2016-07-29,34.869998931884766,32.47978591918945
2016-08-01,35.13999938964844,32.731266021728516
2016-08-02,34.849998474121094,32.461151123046875
2016-08-03,35.16999816894531,32.759212493896484
2016-08-04,35.34000015258789,32.91756820678711
2016-08-05,36.0099983215332,33.541629791259766
2016-08-08,36.279998779296875,33.79312515258789
2016-08-09,36.90999984741211,34.379940032958984
2016-08-10,36.650001525878906,34.13776779174805
2016-08-11,37.439998626708984,34.87361526489258
2016-08-12,37.7400016784668,35.153045654296875
2016-08-15,38.29999923706055,35.67466354370117
2016-08-16,38.43000030517578,35.79574966430664
2016-08-17,38.209999084472656,35.5908317565918
2016-08-18,38.63999938964844,35.99135971069336
2016-08-19,38.720001220703125,36.06587600708008
2016-08-22,38.5099983215332,35.870269775390625
2016-08-23,38.47999954223633,35.84232711791992
2016-08-24,38.099998474121094,35.488372802734375
2016-08-25,37.9900016784668,35.38591766357422
2016-08-26,38.27000045776367,35.64672088623047
2016-08-29,38.93000030517578,36.26148223876953
2016-08-30,39.279998779296875,36.58749008178711
2016-08-31,39.08000183105469,36.40120315551758
2016-09-01,39.54999923706055,36.8389778137207
2016-09-02,40.029998779296875,37.286075592041016
2016-09-06,41.40999984741211,38.57148361206055
2016-09-07,41.0099983215332,38.198909759521484
2016-09-08,41.38999938964844,38.5528564453125
2016-09-09,40.209999084472656,37.453739166259766
2016-09-12,40.5,37.72385787963867
2016-09-13,39.90999984741211,37.17430114746094
2016-09-14,40.18000030517578,37.425804138183594
2016-09-15,41.47999954223633,38.636688232421875
2016-09-16,41.209999084472656,38.385189056396484
2016-09-19,41.2599983215332,38.431766510009766
2016-09-20,41.13999938964844,38.31998825073242
2016-09-21,42.2400016784668,39.3445930480957
2016-09-22,42.4900016784668,39.57745361328125
2016-09-23,41.900001525878906,39.027896881103516
2016-09-26,40.939998626708984,38.13370132446289
2016-09-27,41.709999084472656,38.850921630859375
2016-09-28,41.70000076293945,38.84160614013672
2016-09-29,41.459999084472656,38.6180534362793
2016-09-30,41.65999984741211,38.804344177246094
2016-10-03,41.65999984741211,38.804344177246094
2016-10-04,41.369998931884766,38.53422546386719
2016-10-05,41.93000030517578,39.05583953857422
2016-10-06,41.97999954223633,39.10240936279297
2016-10-07,41.599998474121094,38.748451232910156
2016-10-10,42.369998931884766,39.465675354003906
2016-10-11,41.36000061035156,38.52490997314453
2016-10-12,41.43000030517578,38.590110778808594
2016-10-13,40.7400016784668,37.947410583496094
2016-10-14,40.90999984741211,38.10575866699219
2016-10-17,40.79999923706055,38.00330352783203
2016-10-18,41.34000015258789,38.50628662109375
2016-10-19,41.369998931884766,38.53422546386719
2016-10-20,41.290000915527344,38.4597053527832
2016-10-21,41.130001068115234,38.3106803894043
2016-10-24,41.18000030517578,38.35725021362305
2016-10-25,41.209999084472656,38.385189056396484
2016-10-26,40.619998931884766,37.835636138916016
2016-10-27,40.560001373291016,37.77975082397461
2016-10-28,40.130001068115234,37.37922286987305
2016-10-31,39.540000915527344,36.829673767089844
2016-11-01,39.31999969482422,36.624752044677734
2016-11-02,38.790000915527344,36.13107681274414
2016-11-03,38.75,36.09382247924805
2016-11-04,38.470001220703125,35.833011627197266
2016-11-07,39.529998779296875,36.820350646972656
2016-11-08,39.400001525878906,36.69926452636719
2016-11-09,39.11000061035156,36.429141998291016
2016-11-10,38.189998626708984,35.572200775146484
2016-11-11,38.04999923706055,35.44179916381836
2016-11-14,36.900001525878906,34.37063217163086
2016-11-15,37.36000061035156,34.79909896850586
2016-11-16,37.66999816894531,35.08784484863281
2016-11-17,37.75,35.1623649597168
2016-11-18,37.93000030517578,35.33002853393555
2016-11-21,37.970001220703125,35.367279052734375
2016-11-22,38.380001068115234,35.749176025390625
2016-11-23,38.31999969482422,35.69328689575195
2016-11-25,38.25,35.628089904785156
2016-11-28,38.470001220703125,35.833011627197266
2016-11-29,38.5,35.860958099365234
2016-11-30,38.29999923706055,35.67466354370117
2016-12-01,37.22999954223633,34.67801284790039
2016-12-02,37.11000061035156,34.56623458862305
2016-12-05,37.31999969482422,34.7618408203125
2016-12-06,37.189998626708984,34.6407470703125
2016-12-07,37.459999084472656,34.89224624633789
2016-12-08,37.5,34.929500579833984
2016-12-09,37.380001068115234,34.81773376464844
2016-12-12,36.41999816894531,33.923526763916016
2016-12-13,36.77000045776367,34.249542236328125
2016-12-14,36.25,33.76519012451172
2016-12-15,35.79999923706055,33.34603500366211
2016-12-16,35.779998779296875,33.32740020751953
2016-12-19,35.650001525878906,33.20631790161133
2016-12-20,35.70000076293945,33.25288391113281
2016-12-21,35.630001068115234,33.187686920166016
2016-12-22,35.5099983215332,33.07590866088867
2016-12-23,34.90999984741211,33.07117462158203
2016-12-27,35.11000061035156,33.26063537597656
2016-12-28,35.150001525878906,33.29853057861328
2016-12-29,35.54999923706055,33.67746353149414
2016-12-30,35.27000045776367,33.412208557128906
2017-01-03,35.650001525878906,33.772193908691406
2017-01-04,36.56999969482422,34.643733978271484
2017-01-05,37.4900016784668,35.51527786254883
2017-01-06,37.25,35.28791046142578
2017-01-09,37.86000061035156,35.86578369140625
2017-01-10,38.20000076293945,36.18788528442383
2017-01-11,38.20000076293945,36.18788528442383
2017-01-12,38.02000045776367,36.01736068725586
2017-01-13,38.220001220703125,36.20682144165039
2017-01-17,38.20000076293945,36.18788528442383
2017-01-18,38.25,36.23523712158203
2017-01-19,38.11000061035156,36.10261917114258
2017-01-20,38.150001525878906,36.1405143737793
2017-01-23,38.349998474121094,36.32997512817383
2017-01-24,38.939998626708984,36.888893127441406
2017-01-25,39.09000015258789,37.03099822998047
2017-01-26,39.380001068115234,37.30572509765625
2017-01-27,39.189998626708984,37.125732421875
2017-01-30,38.59000015258789,36.55733108520508
2017-01-31,38.84000015258789,36.79417037963867
2017-02-01,38.810001373291016,36.765750885009766
2017-02-02,38.9900016784668,36.93627166748047
2017-02-03,39.220001220703125,37.154151916503906
2017-02-06,39.29999923706055,37.22993469238281
2017-02-07,39.599998474121094,37.51413345336914
2017-02-08,40.25,38.12989044189453
2017-02-09,40.599998474121094,38.461456298828125
2017-02-10,40.349998474121094,38.22462463378906
2017-02-13,40.84000015258789,38.688819885253906
2017-02-14,40.88999938964844,38.73617935180664
2017-02-15,41.290000915527344,39.115116119384766
2017-02-16,41.33000183105469,39.15300750732422
2017-02-17,41.029998779296875,38.868812561035156
2017-02-21,41.40999984741211,39.22879409790039
2017-02-22,41.7599983215332,39.56036376953125
2017-02-23,40.95000076293945,38.79302215576172
2017-02-24,40.439998626708984,38.30988311767578
2017-02-27,40.70000076293945,38.55619430541992
2017-02-28,40.41999816894531,38.29093551635742
2017-03-01,40.869998931884766,38.71723937988281
2017-03-02,40.18000030517578,38.06358337402344
2017-03-03,40.22999954223633,38.1109504699707
2017-03-06,40.63999938964844,38.499351501464844
2017-03-07,40.349998474121094,38.22462463378906
2017-03-08,40.560001373291016,38.42356491088867
2017-03-09,40.06999969482422,37.959373474121094
2017-03-10,40.470001220703125,38.33830642700195
2017-03-13,41.33000183105469,39.15300750732422
2017-03-14,40.869998931884766,38.71723937988281
2017-03-15,41.470001220703125,39.2856330871582
2017-03-16,41.900001525878906,39.692989349365234
2017-03-17,41.970001220703125,39.759300231933594
2017-03-20,42.45000076293945,40.21401596069336
2017-03-21,41.41999816894531,39.23826599121094
2017-03-22,41.529998779296875,39.34246826171875
2017-03-23,42.09000015258789,39.87297821044922
2017-03-24,42.4900016784668,40.25190734863281
2017-03-27,42.209999084472656,39.986656188964844
2017-03-28,42.369998931884766,40.13822937011719
2017-03-29,42.36000061035156,40.128761291503906
2017-03-30,42.11000061035156,39.89192581176758
2017-03-31,42.150001525878906,39.929813385009766
2017-04-03,42.380001068115234,40.147705078125
2017-04-04,42.09000015258789,39.87297821044922
2017-04-05,42.119998931884766,39.90139389038086
2017-04-06,41.91999816894531,39.71192932128906
2017-04-07,42.099998474121094,39.88245391845703
2017-04-10,42.2599983215332,40.03401565551758
2017-04-11,42.02000045776367,39.80666732788086
2017-04-12,41.88999938964844,39.683509826660156
2017-04-13,41.68000030517578,39.48457717895508
2017-04-17,41.97999954223633,39.768768310546875
2017-04-18,41.34000015258789,39.1624870300293
2017-04-19,41.58000183105469,39.38984298706055
2017-04-20,42.5,40.26138687133789
2017-04-21,42.689998626708984,40.441368103027344
2017-04-24,43.0099983215332,40.7445182800293
2017-04-25,43.61000061035156,41.31290817260742
2017-04-26,43.619998931884766,41.3223762512207
2017-04-27,43.7599983215332,41.455013275146484
2017-04-28,43.970001220703125,41.65394973754883
2017-05-01,44.349998474121094,42.01393127441406
2017-05-02,44.5,42.156036376953125
2017-05-03,44.119998931884766,41.79604721069336
2017-05-04,43.59000015258789,41.29396438598633
2017-05-05,43.720001220703125,41.41712188720703
2017-05-08,44.099998474121094,41.777103424072266
2017-05-09,44.869998931884766,42.50654602050781
2017-05-10,45.310001373291016,42.923370361328125
2017-05-11,44.75,42.39286804199219
2017-05-12,44.61000061035156,42.2602424621582
2017-05-15,44.91999816894531,42.55391311645508
2017-05-16,46.0,43.577022552490234
2017-05-17,45.2400016784668,42.8570556640625
2017-05-18,45.06999969482422,42.696006774902344
2017-05-19,45.7599983215332,43.349666595458984
2017-05-22,46.36000061035156,43.918067932128906
2017-05-23,45.81999969482422,43.4065055847168
2017-05-24,45.52000045776367,43.12230682373047
2017-05-25,46.0,43.577022552490234
2017-05-26,45.900001525878906,43.48229217529297
2017-05-30,45.47999954223633,43.08441162109375
2017-05-31,44.869998931884766,42.50654602050781
2017-06-01,45.310001373291016,42.923370361328125
2017-06-02,45.279998779296875,42.89494705200195
2017-06-05,45.2400016784668,42.8570556640625
2017-06-06,45.459999084472656,43.065467834472656
2017-06-07,46.279998779296875,43.84227752685547
2017-06-08,47.27000045776367,44.780128479003906
2017-06-09,46.59000015258789,44.13594436645508
2017-06-12,46.130001068115234,43.700172424316406
2017-06-13,46.20000076293945,43.76649475097656
2017-06-14,46.0099983215332,43.58649444580078
2017-06-15,45.61000061035156,43.20756149291992
2017-06-16,45.689998626708984,43.283355712890625
2017-06-19,46.959999084472656,44.48645782470703
2017-06-20,46.63999938964844,44.18331527709961
2017-06-21,47.560001373291016,45.05485916137695
2017-06-22,47.29999923706055,44.80854415893555
2017-06-23,47.47999954223633,44.979068756103516
2017-06-26,47.68000030517578,45.16852951049805
2017-06-27,47.189998626708984,44.70433807373047
2017-06-28,47.290000915527344,44.799076080322266
2017-06-29,46.630001068115234,44.17384338378906
2017-06-30,46.790000915527344,44.32541275024414
2017-07-03,46.84000015258789,44.372779846191406
2017-07-05,46.650001525878906,44.192787170410156
2017-07-06,46.52000045776367,44.06963348388672
2017-07-07,46.709999084472656,44.24962615966797
2017-07-10,47.130001068115234,44.64750671386719
2017-07-11,47.79999923706055,45.28220748901367
2017-07-12,48.869998931884766,46.29585266113281
2017-07-13,48.72999954223633,46.163230895996094
2017-07-14,49.310001373291016,46.71268081665039
2017-07-17,48.9900016784668,46.40952682495117
2017-07-18,50.2400016784668,47.593692779541016
2017-07-19,51.2599983215332,48.559959411621094
2017-07-20,51.16999816894531,48.47469711303711
2017-07-21,50.5,47.83999252319336
2017-07-24,50.959999084472656,48.275760650634766
2017-07-25,50.95000076293945,48.266292572021484
2017-07-26,50.970001220703125,48.285240173339844
2017-07-27,50.650001525878906,47.982093811035156
2017-07-28,51.25,48.55048751831055
2017-07-31,51.5099983215332,48.79678726196289
2017-08-01,51.33000183105469,48.626277923583984
2017-08-02,50.939998626708984,48.256813049316406
2017-08-03,50.95000076293945,48.266292572021484
2017-08-04,51.279998779296875,48.57890701293945
2017-08-07,52.630001068115234,49.8577995300293
2017-08-08,52.93000030517578,50.141998291015625
2017-08-09,52.959999084472656,50.17041015625
2017-08-10,51.0099983215332,48.3231315612793
2017-08-11,50.86000061035156,48.1810302734375
2017-08-14,52.18000030517578,49.43150329589844
2017-08-15,52.119998931884766,49.37466812133789
2017-08-16,53.38999938964844,50.5777702331543
2017-08-17,52.369998931884766,49.61149597167969
2017-08-18,52.91999816894531,50.13252639770508
2017-08-21,53.97999954223633,51.136688232421875
2017-08-22,54.310001373291016,51.449310302734375
2017-08-23,54.75,51.86613082885742
2017-08-24,54.7599983215332,51.875606536865234
2017-08-25,54.560001373291016,51.68614196777344
2017-08-28,53.7400016784668,50.90933609008789
2017-08-29,53.95000076293945,51.1082763671875
2017-08-30,54.459999084472656,51.591407775878906
2017-08-31,55.209999084472656,52.301902770996094
2017-09-01,55.83000183105469,52.88924789428711
2017-09-05,55.279998779296875,52.36821746826172
2017-09-06,55.529998779296875,52.60504150390625
2017-09-07,56.060001373291016,53.10712814331055
2017-09-08,55.43000030517578,52.51031494140625
2017-09-11,56.529998779296875,53.552364349365234
2017-09-12,57.22999954223633,54.21549606323242
2017-09-13,57.68000030517578,54.64179229736328
2017-09-14,58.0,54.944942474365234
2017-09-15,57.900001525878906,54.85021209716797
2017-09-18,58.77000045776367,55.674381256103516
2017-09-19,58.560001373291016,55.47544860839844
2017-09-20,58.47999954223633,55.399658203125
2017-09-21,58.45000076293945,55.37124252319336
2017-09-22,58.2599983215332,55.191246032714844
2017-09-25,55.470001220703125,52.5482063293457
2017-09-26,55.720001220703125,52.78504180908203
2017-09-27,56.66999816894531,53.68499755859375
2017-09-28,56.43000030517578,53.457645416259766
2017-09-29,57.16999816894531,54.158660888671875
2017-10-02,57.70000076293945,54.660743713378906
2017-10-03,58.81999969482422,55.72174835205078
2017-10-04,58.4900016784668,55.40913772583008
2017-10-05,58.75,55.65543746948242
2017-10-06,58.880001068115234,55.77859115600586
2017-10-09,58.95000076293945,55.844905853271484
2017-10-10,59.599998474121094,56.460670471191406
2017-10-11,59.41999816894531,56.29014205932617
2017-10-12,59.04999923706055,55.93963623046875
2017-10-13,59.93000030517578,56.77328872680664
2017-10-16,60.650001525878906,57.455360412597656
2017-10-17,59.91999816894531,56.76380920410156
2017-10-18,60.16999816894531,57.00063705444336
2017-10-19,58.97999954223633,55.87332534790039
2017-10-20,59.290000915527344,56.16699981689453
2017-10-23,59.189998626708984,56.072261810302734
2017-10-24,58.900001525878906,55.79753494262695
2017-10-25,58.189998626708984,55.124935150146484
2017-10-26,58.0,54.944942474365234
2017-10-27,57.880001068115234,54.831260681152344
2017-10-30,58.20000076293945,55.1344108581543
2017-10-31,59.150001525878906,56.034366607666016
2017-11-01,60.02000045776367,56.85854721069336
2017-11-02,60.11000061035156,56.94380569458008
2017-11-03,60.36000061035156,57.180633544921875
2017-11-06,62.279998779296875,58.99950408935547
2017-11-07,62.16999816894531,58.895294189453125
2017-11-08,62.91999816894531,59.60578536987305
2017-11-09,63.08000183105469,59.757362365722656
2017-11-10,63.029998779296875,59.709991455078125
2017-11-13,64.26000213623047,60.87520980834961
2017-11-14,63.150001525878906,59.82367706298828
2017-11-15,62.63999938964844,59.34053421020508
2017-11-16,64.62999725341797,61.2257194519043
2017-11-17,64.52999877929688,61.1309814453125
2017-11-20,65.83000183105469,62.36251449584961
2017-11-21,66.8499984741211,63.32878494262695
2017-11-22,67.04000091552734,63.50877380371094
2017-11-24,66.0999984741211,62.6182861328125
2017-11-27,64.12000274658203,60.74258804321289
2017-11-28,64.54000091552734,61.14045715332031
2017-11-29,62.400001525878906,59.11317825317383
2017-11-30,61.560001373291016,58.31742477416992
2017-12-01,60.470001220703125,57.28483963012695
2017-12-04,60.16999816894531,57.00063705444336
2017-12-05,59.22999954223633,56.11015319824219
2017-12-06,57.93000030517578,54.878639221191406
2017-12-07,58.68000030517578,55.58911895751953
2017-12-08,59.939998626708984,56.78275680541992
2017-12-11,61.2400016784668,58.014278411865234
2017-12-12,59.81999969482422,56.6690788269043
2017-12-13,60.630001068115234,57.43641662597656
2017-12-14,59.40999984741211,56.280670166015625
2017-12-15,59.45000076293945,56.31856155395508
2017-12-18,59.79999923706055,56.65013122558594
2017-12-19,59.56999969482422,56.43224334716797
2017-12-20,59.84000015258789,56.688026428222656
2017-12-21,61.18000030517578,57.95744323730469
2017-12-22,61.400001525878906,58.16585922241211
2017-12-26,60.25,57.885311126708984
2017-12-27,60.150001525878906,57.789241790771484
2017-12-28,60.5099983215332,58.13510513305664
2017-12-29,60.619998931884766,58.24079895019531
2018-01-02,63.04999923706055,60.57542419433594
2018-01-03,63.43000030517578,60.94050216674805
2018-01-04,64.02999877929688,61.5169563293457
2018-01-05,64.5,61.968509674072266
2018-01-08,64.88999938964844,62.343204498291016
2018-01-09,65.16000366210938,62.60261535644531
2018-01-10,64.30000305175781,61.7763671875
2018-01-11,64.9000015258789,62.352813720703125
2018-01-12,65.2699966430664,62.70828628540039
2018-01-16,63.83000183105469,61.324806213378906
2018-01-17,64.8499984741211,62.30477523803711
2018-01-18,64.68000030517578,62.141448974609375
2018-01-19,65.27999877929688,62.7178955078125
2018-01-22,65.83000183105469,63.24631881713867
2018-01-23,66.08999633789062,63.496097564697266
2018-01-24,66.0199966430664,63.42885971069336
2018-01-25,65.75,63.16945266723633
2018-01-26,66.86000061035156,64.23588562011719
2018-01-29,65.23999786376953,62.679466247558594
2018-01-30,63.709999084472656,61.20951461791992
2018-01-31,64.47000122070312,61.93968963623047
2018-02-01,63.060001373291016,60.58503341674805
2018-02-02,61.529998779296875,59.11507797241211
2018-02-05,59.65999984741211,57.31847381591797
2018-02-06,60.18000030517578,57.81806182861328
2018-02-07,58.720001220703125,56.41536331176758
2018-02-08,56.5099983215332,54.2921028137207
2018-02-09,57.130001068115234,54.88776779174805
2018-02-12,58.33000183105469,56.040672302246094
2018-02-13,59.720001220703125,57.37611770629883
2018-02-14,61.900001525878906,59.47055435180664
2018-02-15,63.18000030517578,60.700321197509766
2018-02-16,62.779998779296875,60.316017150878906
2018-02-20,63.13999938964844,60.66189193725586
2018-02-21,63.369998931884766,60.88285827636719
2018-02-22,63.099998474121094,60.62345886230469
2018-02-23,64.2300033569336,61.709110260009766
2018-02-26,64.45999908447266,61.930084228515625
2018-02-27,62.63999938964844,60.1815185546875
2018-02-28,62.16999816894531,59.729957580566406
2018-03-01,61.86000061035156,59.432125091552734
2018-03-02,62.400001525878906,59.950927734375
2018-03-05,62.58000183105469,60.12386703491211
2018-03-06,63.20000076293945,60.71953582763672
2018-03-07,63.66999816894531,61.171085357666016
2018-03-08,63.880001068115234,61.37284851074219
2018-03-09,65.43000030517578,62.862003326416016
2018-03-12,65.47000122070312,62.90044403076172
2018-03-13,64.55000305175781,62.01655197143555
2018-03-14,64.87999725341797,62.33359146118164
2018-03-15,65.68000030517578,63.102195739746094
2018-03-16,65.66999816894531,63.09259033203125
2018-03-19,64.70999908447266,62.17027282714844
2018-03-20,66.05000305175781,63.45768737792969
2018-03-21,65.52999877929688,62.95808410644531
2018-03-22,61.959999084472656,59.528202056884766
2018-03-23,60.209999084472656,57.846885681152344
2018-03-26,62.25,59.80681610107422
2018-03-27,60.470001220703125,58.096683502197266
2018-03-28,59.0,56.68437576293945
2018-03-29,59.81999969482422,57.47219467163086
2018-04-02,58.38999938964844,56.09831237792969
2018-04-03,58.52000045776367,56.223209381103516
2018-04-04,58.790000915527344,56.48261642456055
2018-04-05,59.11000061035156,56.790061950683594
2018-04-06,57.38999938964844,55.13756561279297
2018-04-09,58.61000061035156,56.309688568115234
2018-04-10,60.56999969482422,58.192752838134766
2018-04-11,60.029998779296875,57.673946380615234
2018-04-12,60.11000061035156,57.75081253051758
2018-04-13,58.54999923706055,56.252037048339844
2018-04-16,58.86000061035156,56.54987716674805
2018-04-17,59.2599983215332,56.934173583984375
2018-04-18,59.15999984741211,56.838096618652344
2018-04-19,59.060001373291016,56.74202346801758
2018-04-20,57.709999084472656,55.445003509521484
2018-04-23,57.189998626708984,54.945411682128906
2018-04-24,56.52000045776367,54.30170822143555
2018-04-25,55.90999984741211,53.71565628051758
2018-04-26,56.34000015258789,54.12877655029297
2018-04-27,56.70000076293945,54.47464370727539
2018-04-30,57.20000076293945,54.95502471923828
2018-05-01,57.439998626708984,55.18560028076172
2018-05-02,57.400001525878906,55.14717102050781
2018-05-03,57.63999938964844,55.37775421142578
2018-05-04,57.869998931884766,55.59872055053711
2018-05-07,58.45000076293945,56.15596389770508
2018-05-08,59.459999084472656,57.126319885253906
2018-05-09,59.0,56.68437576293945
2018-05-10,60.25,57.885311126708984
2018-05-11,59.7400016784668,57.39533233642578
2018-05-14,60.34000015258789,57.97178268432617
2018-05-15,59.04999923706055,56.73241424560547
2018-05-16,60.150001525878906,57.789241790771484
2018-05-17,59.63999938964844,57.29925537109375
2018-05-18,58.810001373291016,56.501834869384766
2018-05-21,58.91999816894531,56.607505798339844
2018-05-22,58.869998931884766,56.559471130371094
2018-05-23,59.09000015258789,56.770843505859375
2018-05-24,58.7599983215332,56.45379638671875
2018-05-25,58.779998779296875,56.4730110168457
2018-05-29,58.5099983215332,56.21360397338867
2018-05-30,58.7400016784668,56.43457794189453
2018-05-31,59.15999984741211,56.838096618652344
2018-06-01,59.77000045776367,57.424156188964844
2018-06-04,60.54999923706055,58.17353820800781
2018-06-05,60.95000076293945,58.55784225463867
2018-06-06,61.5,59.08625411987305
2018-06-07,60.77000045776367,58.384910583496094
2018-06-08,60.88999938964844,58.50019454956055
2018-06-11,61.41999816894531,59.00939178466797
2018-06-12,61.66999816894531,59.24958801269531
2018-06-13,61.119998931884766,58.72116470336914
2018-06-14,61.810001373291016,59.384090423583984
2018-06-15,61.060001373291016,58.66352462768555
2018-06-18,60.599998474121094,58.22157669067383
2018-06-19,58.810001373291016,56.501834869384766
2018-06-20,59.099998474121094,56.78044891357422
2018-06-21,58.18000030517578,55.89656066894531
2018-06-22,58.65999984741211,56.35771560668945
2018-06-25,56.59000015258789,54.36896514892578
2018-06-26,56.31999969482422,54.10955810546875
2018-06-27,54.040000915527344,51.91904067993164
2018-06-28,54.79999923706055,52.64921569824219
2018-06-29,55.619998931884766,53.437034606933594
2018-07-02,55.2599983215332,53.09115982055664
2018-07-03,55.20000076293945,53.03351974487305
2018-07-05,54.63999938964844,52.49549102783203
2018-07-06,55.459999084472656,53.2833137512207
2018-07-09,56.59000015258789,54.36896514892578
2018-07-10,55.93000030517578,53.734867095947266
2018-07-11,55.060001373291016,52.89900588989258
2018-07-12,56.47999954223633,54.263275146484375
2018-07-13,56.40999984741211,54.19602584838867
2018-07-16,56.45000076293945,54.23445510864258
2018-07-17,56.400001525878906,54.18641662597656
2018-07-18,56.150001525878906,53.946231842041016
2018-07-19,55.279998779296875,53.110382080078125
2018-07-20,55.470001220703125,53.29291915893555
2018-07-23,55.119998931884766,52.95665740966797
2018-07-24,55.54999923706055,53.369773864746094
2018-07-25,57.0,54.76287078857422
2018-07-26,56.16999816894531,53.9654426574707
2018-07-27,55.47999954223633,53.302528381347656
2018-07-30,54.349998474121094,52.21687698364258
2018-07-31,53.70000076293945,51.59238815307617
2018-08-01,52.86000061035156,50.78535842895508
2018-08-02,52.22999954223633,50.180084228515625
2018-08-03,51.900001525878906,49.863037109375
2018-08-06,51.630001068115234,49.6036376953125
2018-08-07,52.2599983215332,50.20890808105469
2018-08-08,51.79999923706055,49.76696014404297
2018-08-09,51.91999816894531,49.88224411010742
2018-08-10,51.59000015258789,49.56520080566406
2018-08-13,50.59000015258789,48.604454040527344
2018-08-14,48.380001068115234,46.4811897277832
2018-08-15,46.4900016784668,44.66536331176758
2018-08-16,47.04999923706055,45.20338821411133
2018-08-17,47.95000076293945,46.06806945800781
2018-08-20,48.439998626708984,46.5388298034668
2018-08-21,49.54999923706055,47.60526657104492
2018-08-22,49.97999954223633,48.01839065551758
2018-08-23,48.959999084472656,47.038421630859375
2018-08-24,49.38999938964844,47.45154571533203
2018-08-27,50.75,48.75817108154297
2018-08-28,50.41999816894531,48.44112014770508
2018-08-29,50.650001525878906,48.66209030151367
2018-08-30,48.86000061035156,46.942344665527344
2018-08-31,49.400001525878906,47.46115493774414
2018-09-04,48.790000915527344,46.875099182128906
2018-09-05,47.13999938964844,45.28985595703125
2018-09-06,46.880001068115234,45.040061950683594
2018-09-07,46.75,44.9151611328125
2018-09-10,45.400001525878906,43.61814498901367
2018-09-11,45.29999923706055,43.522071838378906
2018-09-12,45.90999984741211,44.10812759399414
2018-09-13,47.5099983215332,45.645328521728516
2018-09-14,47.06999969482422,45.22260284423828
2018-09-17,46.029998779296875,44.223419189453125
2018-09-18,46.65999984741211,44.82869338989258
2018-09-19,47.959999084472656,46.07767105102539
2018-09-20,48.43000030517578,46.52922439575195
2018-09-21,48.52000045776367,46.615692138671875
2018-09-24,47.84000015258789,45.962379455566406
2018-09-25,48.02000045776367,46.13531494140625
2018-09-26,48.41999816894531,46.519615173339844
2018-09-27,48.560001373291016,46.65412139892578
2018-09-28,48.04999923706055,46.16414260864258
2018-10-01,48.04999923706055,46.16414260864258
2018-10-02,46.779998779296875,44.94397735595703
2018-10-03,46.720001220703125,44.8863410949707
2018-10-04,45.18000030517578,43.40678024291992
2018-10-05,44.27000045776367,42.532493591308594
2018-10-08,43.470001220703125,41.76389694213867
2018-10-09,42.849998474121094,41.16822814941406
2018-10-10,41.13999938964844,39.52534103393555
2018-10-11,41.0,39.390838623046875
2018-10-12,42.93000030517578,41.24509048461914
2018-10-15,42.20000076293945,40.54374313354492
2018-10-16,43.13999938964844,41.446842193603516
2018-10-17,42.310001373291016,40.64942169189453
2018-10-18,40.810001373291016,39.20829391479492
2018-10-19,40.970001220703125,39.36201095581055
2018-10-22,42.439998626708984,40.774314880371094
2018-10-23,41.400001525878906,39.77513885498047
2018-10-24,39.18000030517578,37.64227294921875
2018-10-25,40.04999923706055,38.47812271118164
2018-10-26,39.43000030517578,37.8824577331543
2018-10-29,38.20000076293945,36.70073318481445
2018-10-30,38.7400016784668,37.219539642333984
2018-10-31,40.810001373291016,39.20829391479492
2018-11-01,43.59000015258789,41.879180908203125
2018-11-02,43.43000030517578,41.725460052490234
2018-11-05,43.349998474121094,41.64860153198242
2018-11-06,43.2599983215332,41.5621337890625
2018-11-07,44.209999084472656,42.474853515625
2018-11-08,42.58000183105469,40.90882110595703
2018-11-09,41.310001373291016,39.68867111206055
2018-11-12,40.33000183105469,38.74713897705078
2018-11-13,41.41999816894531,39.79435348510742
2018-11-14,42.130001068115234,40.47648620605469
2018-11-15,43.58000183105469,41.86957931518555
2018-11-16,43.470001220703125,41.76389694213867
2018-11-19,42.349998474121094,40.68785095214844
2018-11-20,41.40999984741211,39.78474426269531
2018-11-21,42.540000915527344,40.87039566040039
2018-11-23,41.72999954223633,40.092185974121094
2018-11-26,42.56999969482422,40.89921951293945
2018-11-27,42.939998626708984,41.25469207763672
2018-11-28,44.130001068115234,42.39799499511719
2018-11-29,43.029998779296875,41.34116744995117
2018-11-30,43.97999954223633,42.253875732421875
2018-12-03,45.220001220703125,43.44521713256836
2018-12-04,44.04999923706055,42.32112503051758
2018-12-06,43.0099983215332,41.32194519042969
2018-12-07,42.209999084472656,40.5533447265625
2018-12-10,42.029998779296875,40.380409240722656
2018-12-11,42.77000045776367,41.09136962890625
2018-12-12,43.45000076293945,41.74468231201172
2018-12-13,43.25,41.55253219604492
2018-12-14,42.56999969482422,40.89921951293945
2018-12-17,41.20000076293945,39.58298873901367
2018-12-18,40.75,39.15065002441406
2018-12-19,39.86000061035156,38.29557418823242
2018-12-20,39.529998779296875,37.9785270690918
2018-12-21,38.970001220703125,37.440513610839844
2018-12-24,38.75,37.39226150512695
2018-12-26,39.959999084472656,38.55986022949219
2018-12-27,39.7400016784668,38.34757614135742
2018-12-28,39.81999969482422,38.42477035522461
2018-12-31,39.369998931884766,37.99053955078125
2019-01-02,39.400001525878906,38.01948928833008
2019-01-03,37.91999816894531,36.59134292602539
2019-01-04,39.810001373291016,38.41511917114258
2019-01-07,40.58000183105469,39.15814208984375
2019-01-08,40.79999923706055,39.37043380737305
2019-01-09,42.09000015258789,40.615234375
2019-01-10,42.27000045776367,40.78892517089844
2019-01-11,41.79999923706055,40.33539581298828
2019-01-14,41.0,39.56342697143555
2019-01-15,41.56999969482422,40.11345672607422
2019-01-16,42.25,40.76962661743164
2019-01-17,42.58000183105469,41.08806228637695
2019-01-18,43.63999938964844,42.11091995239258
2019-01-22,41.900001525878906,40.43189239501953
2019-01-23,42.11000061035156,40.6345329284668
2019-01-24,42.84000015258789,41.338958740234375
2019-01-25,44.119998931884766,42.57410430908203
2019-01-28,43.630001068115234,42.10127639770508
2019-01-29,43.290000915527344,41.77318572998047
2019-01-30,44.029998779296875,42.48725891113281
2019-01-31,44.900001525878906,43.32677459716797
2019-02-01,44.630001068115234,43.06623840332031
2019-02-04,44.84000015258789,43.26887893676758
2019-02-05,45.810001373291016,44.20488739013672
2019-02-06,45.22999954223633,43.64521408081055
2019-02-07,44.08000183105469,42.5355110168457
2019-02-08,44.65999984741211,43.09518051147461
2019-02-11,45.209999084472656,43.625911712646484
2019-02-12,45.900001525878906,44.291744232177734
2019-02-13,46.16999816894531,44.552276611328125
2019-02-14,45.95000076293945,44.339988708496094
2019-02-15,45.09000015258789,43.5101203918457
2019-02-19,45.81999969482422,44.21453857421875
2019-02-20,46.150001525878906,44.53297805786133
2019-02-21,46.119998931884766,44.504024505615234
2019-02-22,47.95000076293945,46.26991271972656
2019-02-25,48.939998626708984,47.2252197265625
2019-02-26,48.29999923706055,46.607643127441406
2019-02-27,47.83000183105469,46.154109954833984
2019-02-28,47.65999984741211,45.99006652832031
2019-03-01,47.83000183105469,46.154109954833984
2019-03-04,48.31999969482422,46.62694549560547
2019-03-05,49.79999923706055,48.055084228515625
2019-03-06,49.40999984741211,47.67875671386719
2019-03-07,47.400001525878906,45.73918533325195
2019-03-08,46.790000915527344,45.15055465698242
2019-03-11,48.380001068115234,46.684844970703125
2019-03-12,48.43000030517578,46.733089447021484
2019-03-13,48.540000915527344,46.839237213134766
2019-03-14,47.93000030517578,46.250606536865234
2019-03-15,48.689998626708984,46.983978271484375
2019-03-18,49.08000183105469,47.360321044921875
2019-03-19,48.900001525878906,47.18662643432617
2019-03-20,48.2400016784668,46.54975128173828
2019-03-21,48.47999954223633,46.78133773803711
2019-03-22,47.04999923706055,45.40144348144531
2019-03-25,47.61000061035156,45.94182205200195
2019-03-26,47.720001220703125,46.047969818115234
2019-03-27,47.689998626708984,46.01901626586914
2019-03-28,48.099998474121094,46.414649963378906
2019-03-29,49.11000061035156,47.38926696777344
2019-04-01,50.310001373291016,48.547218322753906
2019-04-02,50.0,48.24807357788086
2019-04-03,50.63999938964844,48.86565399169922
2019-04-04,51.04999923706055,49.26129150390625
2019-04-05,51.88999938964844,50.07185745239258
2019-04-08,51.849998474121094,50.033260345458984
2019-04-09,51.720001220703125,49.90781784057617
2019-04-10,51.720001220703125,49.90781784057617
2019-04-11,50.93000030517578,49.1454963684082
2019-04-12,51.66999816894531,49.859561920166016
2019-04-15,50.65999984741211,48.884952545166016
2019-04-16,51.11000061035156,49.319190979003906
2019-04-17,51.470001220703125,49.66657257080078
2019-04-18,51.68000030517578,49.86921310424805
2019-04-22,51.459999084472656,49.656925201416016
2019-04-23,51.959999084472656,50.139404296875
2019-04-24,51.349998474121094,49.550777435302734
2019-04-25,50.630001068115234,48.85600662231445
2019-04-26,50.93000030517578,49.1454963684082
2019-04-29,50.95000076293945,49.164794921875
2019-04-30,51.130001068115234,49.33848571777344
2019-05-01,50.90999984741211,49.12619400024414
2019-05-02,50.77000045776367,48.99110412597656
2019-05-03,51.7599983215332,49.9464111328125
2019-05-06,49.91999816894531,48.17087936401367
2019-05-07,48.20000076293945,46.51115417480469
2019-05-08,48.04999923706055,46.36640930175781
2019-05-09,47.650001525878906,45.98042297363281
2019-05-10,48.0,46.318153381347656
2019-05-13,45.91999816894531,44.31103515625
2019-05-14,46.90999984741211,45.26634979248047
2019-05-15,47.630001068115234,45.96112060546875
2019-05-16,47.599998474121094,45.93217086791992
2019-05-17,45.349998474121094,43.76101303100586
2019-05-20,43.4900016784668,41.9661750793457
2019-05-21,44.47999954223633,42.92149353027344
2019-05-22,44.189998626708984,42.641658782958984
2019-05-23,42.5099983215332,41.02052307128906
2019-05-24,42.150001525878906,40.673126220703125
2019-05-28,42.349998474121094,40.866127014160156
2019-05-29,42.630001068115234,41.13631820678711
2019-05-30,42.5,41.01087188720703
2019-05-31,42.25,40.76962661743164
2019-06-03,42.130001068115234,40.653831481933594
2019-06-04,42.40999984741211,40.92402267456055
2019-06-05,42.15999984741211,40.68278121948242
2019-06-06,42.060001373291016,40.58628463745117
2019-06-07,42.869998931884766,41.36790466308594
2019-06-10,43.95000076293945,42.410057067871094
2019-06-11,44.66999816894531,43.10483169555664
2019-06-12,43.540000915527344,42.014427185058594
2019-06-13,43.66999816894531,42.13987350463867
2019-06-14,42.84000015258789,41.338958740234375
2019-06-17,43.02000045776367,41.51265335083008
2019-06-18,44.68000030517578,43.11448669433594
2019-06-19,44.91999816894531,43.346073150634766
2019-06-20,45.650001525878906,44.05050277709961
2019-06-21,45.099998474121094,43.519771575927734
2019-06-24,44.939998626708984,43.365379333496094
2019-06-25,43.75,42.217071533203125
2019-06-26,44.65999984741211,43.09518051147461
2019-06-27,45.47999954223633,43.886451721191406
2019-06-28,45.349998474121094,43.76101303100586
2019-07-01,46.97999954223633,45.333892822265625
2019-07-02,46.56999969482422,44.93825912475586
2019-07-03,46.220001220703125,44.600528717041016
2019-07-05,45.63999938964844,44.04084777832031
2019-07-08,44.63999938964844,43.075889587402344
2019-07-09,44.68000030517578,43.11448669433594
2019-07-10,44.65999984741211,43.09518051147461
2019-07-11,44.31999969482422,42.76709747314453
2019-07-12,44.38999938964844,42.83464813232422
2019-07-15,45.119998931884766,43.539066314697266
2019-07-16,44.91999816894531,43.346073150634766
2019-07-17,44.70000076293945,43.133785247802734
2019-07-18,44.380001068115234,42.82500076293945
2019-07-19,44.40999984741211,42.85394287109375
2019-07-22,44.25,42.699546813964844
2019-07-23,45.209999084472656,43.625911712646484
2019-07-24,45.70000076293945,44.0987434387207
2019-07-25,45.5099983215332,43.91539764404297
2019-07-26,45.5099983215332,43.91539764404297
2019-07-29,45.459999084472656,43.86715316772461
2019-07-30,45.040000915527344,43.46187210083008
2019-07-31,44.68000030517578,43.11448669433594
2019-08-01,43.380001068115234,41.86003494262695
2019-08-02,42.720001220703125,41.22316360473633
2019-08-05,40.720001220703125,39.29323959350586
2019-08-06,41.13999938964844,39.69852066040039
2019-08-07,41.13999938964844,39.69852066040039
2019-08-08,41.9900016784668,40.51873779296875
2019-08-09,41.27000045776367,39.8239631652832
2019-08-12,41.29999923706055,39.85291290283203
2019-08-13,42.689998626708984,41.19420623779297
2019-08-14,41.77000045776367,40.30644607543945
2019-08-15,42.470001220703125,40.98191833496094
2019-08-16,43.36000061035156,41.840736389160156
2019-08-19,45.2599983215332,43.67416000366211
2019-08-20,45.04999923706055,43.47152328491211
2019-08-21,45.349998474121094,43.76101303100586
2019-08-22,44.779998779296875,43.21097946166992
2019-08-23,43.59000015258789,42.06267547607422
2019-08-26,44.310001373291016,42.757450103759766
2019-08-27,44.630001068115234,43.06623840332031
2019-08-28,44.790000915527344,43.22063064575195
2019-08-29,45.47999954223633,43.886451721191406
2019-08-30,45.279998779296875,43.693458557128906
2019-09-03,45.959999084472656,44.349632263183594
2019-09-04,46.459999084472656,44.83211135864258
2019-09-05,47.68000030517578,46.00936508178711
2019-09-06,47.790000915527344,46.11551284790039
2019-09-09,48.58000183105469,46.87783432006836
2019-09-10,48.20000076293945,46.51115417480469
2019-09-11,48.54999923706055,46.84888458251953
2019-09-12,48.689998626708984,46.983978271484375
2019-09-13,48.95000076293945,47.2348747253418
2019-09-16,48.5099983215332,46.81028366088867
2019-09-17,48.130001068115234,46.443599700927734
2019-09-18,48.18000030517578,46.49184799194336
2019-09-19,48.56999969482422,46.86819076538086
2019-09-20,48.310001373291016,46.61729431152344
2019-09-23,47.88999938964844,46.212013244628906
2019-09-24,47.099998474121094,45.44969177246094
2019-09-25,47.22999954223633,45.575138092041016
2019-09-26,46.869998931884766,45.227745056152344
2019-09-27,45.560001373291016,43.963653564453125
2019-09-30,45.7599983215332,44.15664291381836
2019-10-01,45.459999084472656,43.86715316772461
2019-10-02,45.5099983215332,43.91539764404297
2019-10-03,46.33000183105469,44.70667266845703
2019-10-04,46.47999954223633,44.851417541503906
2019-10-07,46.15999984741211,44.54262161254883
2019-10-08,45.38999938964844,43.79960632324219
2019-10-09,45.93000030517578,44.32068634033203
2019-10-10,46.91999816894531,45.27599334716797
2019-10-11,47.349998474121094,45.6909294128418
2019-10-14,47.33000183105469,45.671630859375
2019-10-15,47.75,46.07691955566406
2019-10-16,48.0,46.318153381347656
2019-10-17,47.959999084472656,46.27955627441406
2019-10-18,47.08000183105469,45.430389404296875
2019-10-21,47.650001525878906,45.98042297363281
2019-10-22,47.11000061035156,45.459346771240234
2019-10-23,46.9900016784668,45.34354782104492
2019-10-24,46.97999954223633,45.333892822265625
2019-10-25,47.63999938964844,45.97077178955078
2019-10-28,48.779998779296875,47.070831298828125
2019-10-29,47.86000061035156,46.18307113647461
2019-10-30,47.90999984741211,46.23130798339844
2019-10-31,47.779998779296875,46.105865478515625
2019-11-01,48.52000045776367,46.81993865966797
2019-11-04,50.060001373291016,48.30598068237305
2019-11-05,49.790000915527344,48.045440673828125
2019-11-06,49.400001525878906,47.669105529785156
2019-11-07,50.68000030517578,48.90425491333008
2019-11-08,50.40999984741211,48.643714904785156
2019-11-11,49.72999954223633,47.987545013427734
2019-11-12,49.54999923706055,47.81385040283203
2019-11-13,49.04999923706055,47.331363677978516
2019-11-14,48.47999954223633,46.78133773803711
2019-11-15,48.75,47.041873931884766
2019-11-18,48.52000045776367,46.81993865966797
2019-11-19,49.119998931884766,47.39891815185547
2019-11-20,48.59000015258789,46.887481689453125
2019-11-21,48.86000061035156,47.14802169799805
2019-11-22,48.95000076293945,47.2348747253418
2019-11-25,49.380001068115234,47.649803161621094
2019-11-26,49.54999923706055,47.81385040283203
2019-11-27,50.2400016784668,48.47967529296875
2019-11-29,49.93000030517578,48.1805305480957
2019-12-02,49.86000061035156,48.11298751831055
2019-12-03,49.5099983215332,47.77524185180664
2019-12-04,49.599998474121094,47.862091064453125
2019-12-05,50.439998626708984,48.67266082763672
2019-12-06,50.810001373291016,49.029701232910156
2019-12-09,50.349998474121094,48.5858154296875
2019-12-10,50.45000076293945,48.68231201171875
2019-12-11,50.939998626708984,49.15514373779297
2019-12-12,51.70000076293945,49.88851547241211
2019-12-13,51.40999984741211,49.608680725097656
2019-12-16,52.65999984741211,50.81488037109375
2019-12-17,53.20000076293945,51.33595657348633
2019-12-18,53.40999984741211,51.538604736328125
2019-12-19,53.310001373291016,51.44210433959961
2019-12-20,52.86000061035156,51.007869720458984
2019-12-23,52.84000015258789,50.99339294433594
2019-12-24,52.95000076293945,51.099552154541016
2019-12-26,53.58000183105469,51.70753479003906
2019-12-27,53.0099983215332,51.15745162963867
2019-12-30,52.52000045776367,50.684574127197266
2019-12-31,52.58000183105469,50.74248504638672
2020-01-02,55.31999969482422,53.38672637939453
2020-01-03,54.650001525878906,52.740142822265625
2020-01-06,55.099998474121094,53.174415588378906
2020-01-07,55.29999923706055,53.36742401123047
2020-01-08,55.720001220703125,53.77275085449219
2020-01-09,56.54999923706055,54.57373809814453
2020-01-10,57.040000915527344,55.04661560058594
2020-01-13,58.93000030517578,56.870567321777344
2020-01-14,57.7400016784668,55.7221565246582
2020-01-15,57.939998626708984,55.915164947509766
2020-01-16,58.22999954223633,56.195030212402344
2020-01-17,58.310001373291016,56.272239685058594
2020-01-21,56.630001068115234,54.65094757080078
2020-01-22,56.90999984741211,54.92115783691406
2020-01-23,55.689998626708984,53.74379348754883
2020-01-24,54.5099983215332,52.60503005981445
2020-01-27,52.29999923706055,50.47226333618164
2020-01-28,53.27000045776367,51.40836715698242
2020-01-29,53.7599983215332,51.88124465942383
2020-01-30,53.0,51.147804260253906
2020-01-31,51.970001220703125,50.1537971496582
2020-02-03,52.72999954223633,50.887237548828125
2020-02-04,55.130001068115234,53.203369140625
2020-02-05,54.95000076293945,53.02965545654297
2020-02-06,55.63999938964844,53.69554138183594
2020-02-07,55.380001068115234,53.44463348388672
2020-02-10,55.56999969482422,53.62799072265625
2020-02-11,56.22999954223633,54.264923095703125
2020-02-12,57.70000076293945,55.683555603027344
2020-02-13,56.79999923706055,54.81500244140625
2020-02-14,56.540000915527344,54.56409454345703
2020-02-18,57.16999816894531,55.17207336425781
2020-02-19,57.709999084472656,55.69320297241211
2020-02-20,57.400001525878906,55.394039154052734
2020-02-21,57.5,55.490543365478516
2020-02-24,56.290000915527344,54.32282638549805
2020-02-25,56.66999816894531,54.689544677734375
2020-02-26,56.47999954223633,54.506187438964844
2020-02-27,55.5099983215332,53.57008361816406
2020-02-28,54.189998626708984,52.29621505737305
2020-03-02,55.529998779296875,53.589385986328125
2020-03-03,55.58000183105469,53.63764190673828
2020-03-04,56.0,54.04296112060547
2020-03-05,55.810001373291016,53.85960388183594
2020-03-06,54.09000015258789,52.199710845947266
2020-03-09,51.58000183105469,49.77743148803711
2020-03-10,54.38999938964844,52.48922348022461
2020-03-11,51.9900016784668,50.173099517822266
2020-03-12,48.31999969482422,46.63135528564453
2020-03-13,50.310001373291016,48.55181121826172
2020-03-16,44.79999923706055,43.234371185302734
2020-03-17,46.77000045776367,45.135520935058594
2020-03-18,44.31999969482422,42.77114486694336
2020-03-19,46.119998931884766,44.508235931396484
2020-03-20,45.61000061035156,44.01605987548828
2020-03-23,46.0,44.39242935180664
2020-03-24,48.29999923706055,46.61205291748047
2020-03-25,49.0,47.28759002685547
2020-03-26,49.959999084472656,48.21404266357422
2020-03-27,47.52000045776367,45.859310150146484
2020-03-30,47.41999816894531,45.762813568115234
2020-03-31,47.880001068115234,46.20673370361328
2020-04-01,47.099998474121094,45.4539909362793
2020-04-02,49.09000015258789,47.374446868896484
2020-04-03,48.31999969482422,46.63135528564453
2020-04-06,50.04999923706055,48.300899505615234
2020-04-07,50.22999954223633,48.474605560302734
2020-04-08,50.02000045776367,48.27194595336914
2020-04-09,50.11000061035156,48.35879898071289
2020-04-13,49.11000061035156,47.39374923706055
2020-04-14,50.380001068115234,48.61936950683594
2020-04-15,50.25,48.4939079284668
2020-04-16,51.31999969482422,49.526512145996094
2020-04-17,52.130001068115234,50.308204650878906
2020-04-20,51.7599983215332,49.95113754272461
2020-04-21,50.81999969482422,49.04398727416992
2020-04-22,51.540000915527344,49.738826751708984
2020-04-23,51.2400016784668,49.44931411743164
2020-04-24,50.959999084472656,49.17909240722656
2020-04-27,51.63999938964844,49.835330963134766
2020-04-28,51.400001525878906,49.60372543334961
2020-04-29,52.09000015258789,50.26960754394531
2020-04-30,51.83000183105469,50.01869201660156
2020-05-01,49.5,47.77011489868164
2020-05-04,49.599998474121094,47.86661911010742
2020-05-05,50.58000183105469,48.8123779296875
2020-05-06,51.959999084472656,50.14414596557617
2020-05-07,52.7400016784668,50.896888732910156
2020-05-08,53.88999938964844,52.00669860839844
2020-05-11,53.529998779296875,51.65927505493164
2020-05-12,53.790000915527344,51.910194396972656
2020-05-13,53.900001525878906,52.016353607177734
2020-05-14,54.060001373291016,52.1707649230957
2020-05-15,54.09000015258789,52.199710845947266
2020-05-18,55.279998779296875,53.34812927246094
2020-05-19,55.95000076293945,53.99470901489258
2020-05-20,56.380001068115234,54.40968322753906
2020-05-21,54.77000045776367,52.855953216552734
2020-05-22,52.25,50.424015045166016
2020-05-26,54.220001220703125,52.32516860961914
2020-05-27,53.709999084472656,51.83299255371094
2020-05-28,53.0099983215332,51.15745162963867
2020-05-29,54.400001525878906,52.498878479003906
2020-06-01,56.2599983215332,54.29387283325195
2020-06-02,57.02000045776367,55.027313232421875
2020-06-03,58.29999923706055,56.2625846862793
2020-06-04,57.68000030517578,55.66424560546875
2020-06-05,58.970001220703125,56.90917205810547
2020-06-08,58.7400016784668,56.68720626831055
2020-06-09,58.290000915527344,56.252933502197266
2020-06-10,59.34000015258789,57.2662353515625
2020-06-11,57.86000061035156,55.83795928955078
2020-06-12,58.880001068115234,56.82231140136719
2020-06-15,58.939998626708984,56.880218505859375
2020-06-16,59.95000076293945,57.854923248291016
2020-06-17,60.900001525878906,58.7717170715332
2020-06-18,61.529998779296875,59.37970733642578
2020-06-19,61.65999984741211,59.505157470703125
2020-06-22,62.52000045776367,60.33510971069336
2020-06-23,63.880001068115234,61.6475830078125
2020-06-24,63.029998779296875,60.8272819519043
2020-06-25,63.310001373291016,61.09749984741211
2020-06-26,63.189998626708984,60.981689453125
2020-06-29,63.09000015258789,60.885189056396484
2020-06-30,63.47999954223633,61.261558532714844
2020-07-01,63.93000030517578,61.69582748413086
2020-07-02,65.13999938964844,62.863548278808594
2020-07-06,69.94999694824219,67.50544738769531
2020-07-07,68.79000091552734,66.38599395751953
2020-07-08,71.66000366210938,69.15569305419922
2020-07-09,73.12000274658203,70.5646743774414
2020-07-10,72.45999908447266,69.92772674560547
2020-07-13,71.5199966430664,69.02057647705078
2020-07-14,70.91999816894531,68.4415512084961
2020-07-15,70.30000305175781,67.84322357177734
2020-07-16,67.4800033569336,65.12177276611328
2020-07-17,67.5999984741211,65.23757934570312
2020-07-20,68.58000183105469,66.1833267211914
2020-07-21,69.83999633789062,67.39928436279297
2020-07-22,68.5199966430664,66.12541961669922
2020-07-23,68.2699966430664,65.8841552734375
2020-07-24,66.9000015258789,64.56204986572266
2020-07-27,67.08999633789062,64.74539947509766
2020-07-28,67.0,64.6585464477539
2020-07-29,68.91000366210938,66.50180053710938
2020-07-30,68.5999984741211,66.20262908935547
2020-07-31,69.1500015258789,66.73340606689453
2020-08-03,70.93000030517578,68.45120239257812
2020-08-04,71.80000305175781,69.29080200195312
2020-08-05,72.73999786376953,70.19795227050781
2020-08-06,72.81999969482422,70.275146484375
2020-08-07,70.47000122070312,68.00727844238281
2020-08-10,70.11000061035156,67.65986633300781
2020-08-11,69.16000366210938,66.74305725097656
2020-08-12,70.01000213623047,67.5633544921875
2020-08-13,69.30000305175781,66.87818145751953
2020-08-14,68.80999755859375,66.40528869628906
2020-08-17,70.48999786376953,68.02657318115234
2020-08-18,70.63999938964844,68.17133331298828
2020-08-19,68.77999877929688,66.37633514404297
2020-08-20,69.66000366210938,67.2255859375
2020-08-21,70.30999755859375,67.85286712646484
2020-08-24,71.6500015258789,69.14603424072266
2020-08-25,72.11000061035156,69.58997344970703
2020-08-26,71.47000122070312,68.97233581542969
2020-08-27,71.7699966430664,69.2618408203125
2020-08-28,72.88999938964844,70.34270477294922
2020-08-31,70.91000366210938,68.4319076538086
2020-09-01,72.43000030517578,69.89878845214844
2020-09-02,72.7300033569336,70.18830108642578
2020-09-03,70.47000122070312,68.00727844238281
2020-09-04,70.41000366210938,67.94937896728516
2020-09-08,67.38999938964844,65.03491973876953
2020-09-09,67.79000091552734,65.42093658447266
2020-09-10,66.33000183105469,64.01195526123047
2020-09-11,67.58999633789062,65.2279281616211
2020-09-14,69.16000366210938,66.74305725097656
2020-09-15,70.1500015258789,67.6984634399414
2020-09-16,69.9800033569336,67.53440856933594
2020-09-17,69.94000244140625,67.49580383300781
2020-09-18,69.9000015258789,67.45720672607422
2020-09-21,69.33000183105469,66.90711975097656
2020-09-22,69.08999633789062,66.67550659179688
2020-09-23,68.5,66.10612487792969
2020-09-24,67.68000030517578,65.31478118896484
2020-09-25,67.12999725341797,64.78399658203125
2020-09-28,67.62000274658203,65.25688171386719
2020-09-29,67.95999908447266,65.58499145507812
2020-09-30,69.16000366210938,66.74305725097656
2020-10-01,70.2300033569336,67.77567291259766
2020-10-02,69.19999694824219,66.78165435791016
2020-10-05,69.61000061035156,67.17733764648438
2020-10-06,70.5199966430664,68.05552673339844
2020-10-07,71.69999694824219,69.19429016113281
2020-10-08,71.8499984741211,69.33905029296875
2020-10-09,72.73999786376953,70.19795227050781
2020-10-12,74.4000015258789,71.79993438720703
2020-10-13,74.44999694824219,71.84818267822266
2020-10-14,73.47000122070312,70.90243530273438
2020-10-15,72.54000091552734,70.00493621826172
2020-10-16,72.61000061035156,70.0724868774414
2020-10-19,72.16999816894531,69.64786529541016
2020-10-20,72.9800033569336,70.4295654296875
2020-10-21,72.94999694824219,70.40060424804688
2020-10-22,72.83000183105469,70.2848129272461
2020-10-23,72.68000030517578,70.14005279541016
2020-10-26,72.54000091552734,70.00493621826172
2020-10-27,74.08999633789062,71.50076293945312
2020-10-28,73.05000305175781,70.49712371826172
2020-10-29,74.62000274658203,72.01225280761719
2020-10-30,74.41999816894531,71.81922912597656
2020-11-02,75.3499984741211,72.71673583984375
2020-11-03,75.9000015258789,73.24751281738281
2020-11-04,78.97000122070312,76.2102279663086
2020-11-05,81.16000366210938,78.32369232177734
2020-11-06,80.58000183105469,77.76395416259766
2020-11-09,81.3499984741211,78.50704956054688
2020-11-10,78.63999938964844,75.89176177978516
2020-11-11,77.95999908447266,75.23552703857422
2020-11-12,77.72000122070312,75.00391387939453
2020-11-13,79.45999908447266,76.68310546875
2020-11-16,80.25,77.44549560546875
2020-11-17,79.30999755859375,76.53833770751953
2020-11-18,77.88999938964844,75.16797637939453
2020-11-19,78.20999908447266,75.4767837524414
2020-11-20,78.5999984741211,75.85315704345703
2020-11-23,77.47000122070312,74.76265716552734
2020-11-24,78.25,75.51538848876953
2020-11-25,77.55999755859375,74.84949493408203
2020-11-27,79.08000183105469,76.3163833618164
2020-11-30,77.44999694824219,74.74334716796875
2020-12-01,77.77999877929688,75.06181335449219
2020-12-02,77.33999633789062,74.63719177246094
2020-12-03,77.66999816894531,74.95565795898438
2020-12-04,77.8499984741211,75.12936401367188
2020-12-07,78.16999816894531,75.43818664550781
2020-12-08,79.11000061035156,76.34532165527344
2020-12-09,77.86000061035156,75.1390151977539
2020-12-10,79.13999938964844,76.3742904663086
2020-12-11,78.1500015258789,75.41888427734375
2020-12-14,78.69000244140625,75.94001007080078
2020-12-15,79.69000244140625,76.90505981445312
2020-12-16,79.52999877929688,76.75065612792969
2020-12-17,80.5999984741211,77.78326416015625
2020-12-18,80.5,77.68675994873047
2020-12-21,79.7699966430664,77.3531723022461
2020-12-22,78.75,76.36408233642578
2020-12-23,79.63999938964844,77.22711944580078
2020-12-24,78.75,76.36408233642578
2020-12-28,76.98999786376953,74.65740203857422
2020-12-29,78.61000061035156,76.22832489013672
2020-12-30,81.5999984741211,79.12773132324219
2020-12-31,82.33000183105469,79.83562469482422
2021-01-04,83.0999984741211,80.58229064941406
2021-01-05,84.81999969482422,82.25018310546875
2021-01-06,83.86000061035156,81.31925964355469
2021-01-07,84.75,82.18228912353516
2021-01-08,88.51000213623047,85.82838439941406
2021-01-11,86.77999877929688,84.15079498291016
2021-01-12,88.7300033569336,86.04170989990234
2021-01-13,88.5999984741211,85.9156494140625
2021-01-14,89.69000244140625,86.9726333618164
2021-01-15,88.72000122070312,86.03201293945312
2021-01-19,93.83999633789062,90.99689483642578
2021-01-20,95.9800033569336,93.07205963134766
2021-01-21,96.5199966430664,93.59569549560547
2021-01-22,97.36000061035156,94.4102554321289
2021-01-25,99.02999877929688,96.02965545654297
2021-01-26,97.41000366210938,94.458740234375
2021-01-27,94.9800033569336,92.10235595703125
2021-01-28,94.0199966430664,91.17143249511719
2021-01-29,92.52999877929688,89.7265853881836
2021-02-01,95.94999694824219,93.04296875
2021-02-02,98.16999816894531,95.1957015991211
2021-02-03,98.38999938964844,95.4090347290039
2021-02-04,97.79000091552734,94.82722473144531
2021-02-05,98.33000183105469,95.35086059570312
2021-02-08,99.41999816894531,96.40782928466797
2021-02-09,102.44999694824219,99.34603118896484
2021-02-10,104.1500015258789,100.9945297241211
2021-02-11,106.47000122070312,103.2442398071289
2021-02-12,106.98999786376953,103.74848937988281
2021-02-16,108.11000061035156,104.83454895019531
2021-02-17,107.37000274658203,104.11697387695312
2021-02-18,104.5199966430664,101.35331726074219
2021-02-19,106.23999786376953,103.02120208740234
2021-02-22,100.9800033569336,97.92057800292969
2021-02-23,100.2300033569336,97.19329833984375
2021-02-24,97.62000274658203,94.66236877441406
2021-02-25,95.04000091552734,92.16053009033203
2021-02-26,93.94999694824219,91.10356140136719
2021-03-01,98.11000061035156,95.13752746582031
2021-03-02,97.19999694824219,94.25509643554688
2021-03-03,94.91000366210938,92.03448486328125
2021-03-04,90.0999984741211,87.37020874023438
2021-03-05,90.37999725341797,87.6417236328125
2021-03-08,83.94999694824219,81.40653228759766
2021-03-09,88.62000274658203,85.93505096435547
2021-03-10,86.79000091552734,84.16049194335938
2021-03-11,92.0999984741211,89.30960845947266
2021-03-12,88.33000183105469,85.6538314819336
2021-03-15,87.19999694824219,84.55806732177734
2021-03-16,87.83999633789062,85.17867279052734
2021-03-17,88.4000015258789,85.72172546386719
2021-03-18,87.5999984741211,84.9459457397461
2021-03-19,88.11000061035156,85.44049835205078
2021-03-22,88.16999816894531,85.4986801147461
2021-03-23,86.63999938964844,84.01502990722656
2021-03-24,81.08000183105469,78.62348937988281
2021-03-25,79.33000183105469,76.926513671875
2021-03-26,81.25,78.78834533691406
2021-03-29,79.36000061035156,76.95560455322266
2021-03-30,81.1500015258789,78.69136810302734
2021-03-31,81.44999694824219,78.9822769165039
2021-04-01,83.72000122070312,81.18350219726562
2021-04-05,83.88999938964844,81.34835052490234
2021-04-06,85.31999969482422,82.73502349853516
2021-04-07,83.2300033569336,80.7083511352539
2021-04-08,84.33000183105469,81.77501678466797
2021-04-09,83.04000091552734,80.52410888671875
2021-04-12,80.76000213623047,78.31318664550781
2021-04-13,80.70999908447266,78.26469421386719
2021-04-14,80.97000122070312,78.5168228149414
2021-04-15,80.87999725341797,78.42955017089844
2021-04-16,81.33000183105469,78.86591339111328
2021-04-19,81.83000183105469,79.35076904296875
2021-04-20,81.11000061035156,78.65257263183594
2021-04-21,82.13999938964844,79.65137481689453
2021-04-22,83.08000183105469,80.56289672851562
2021-04-23,84.80000305175781,82.23078918457031
2021-04-26,84.33999633789062,81.78471374511719
2021-04-27,84.80000305175781,82.23078918457031
2021-04-28,84.95999908447266,82.38592529296875
2021-04-29,83.73999786376953,81.2029037475586
2021-04-30,82.55999755859375,80.05864715576172
2021-05-03,81.81999969482422,79.341064453125
2021-05-04,80.30999755859375,77.87681579589844
2021-05-05,79.73999786376953,77.32408142089844
2021-05-06,79.69999694824219,77.28529357910156
2021-05-07,78.4800033569336,76.10226440429688
2021-05-10,75.77999877929688,73.48406219482422
2021-05-11,76.0199966430664,73.716796875
2021-05-12,75.63999938964844,73.34831237792969
2021-05-13,74.52999877929688,72.27194213867188
2021-05-14,76.44000244140625,74.12406921386719
2021-05-17,77.62000274658203,75.26831817626953
2021-05-18,78.08999633789062,75.72407531738281
2021-05-19,78.11000061035156,75.74346923828125
2021-05-20,78.52999877929688,76.15074920654297
2021-05-21,77.23999786376953,74.89982604980469
2021-05-24,78.1500015258789,75.78226470947266
2021-05-25,79.9800033569336,77.55682373046875
2021-05-26,80.5199966430664,78.08045196533203
2021-05-27,81.37000274658203,78.90470123291016
2021-05-28,80.79000091552734,78.34226989746094
2021-06-01,83.52999877929688,80.999267578125
2021-06-02,82.75,80.2428970336914
2021-06-03,80.23999786376953,77.8089370727539
2021-06-04,81.12000274658203,78.66227722167969
2021-06-07,80.86000061035156,78.41015625
2021-06-08,80.19000244140625,77.76046752929688
2021-06-09,80.2300033569336,77.79924774169922
2021-06-10,81.02999877929688,78.57500457763672
2021-06-11,80.80999755859375,78.3616714477539
2021-06-14,81.05999755859375,78.60409545898438
2021-06-15,80.16000366210938,77.73136901855469
2021-06-16,78.0999984741211,75.73377990722656
2021-06-17,80.80999755859375,78.3616714477539
2021-06-18,81.02999877929688,78.57500457763672
2021-06-21,81.0,78.54591369628906
2021-06-22,80.05000305175781,77.62469482421875
2021-06-23,81.88999938964844,79.40895080566406
2021-06-24,83.0,80.48532104492188
2021-06-25,84.5999984741211,82.0368423461914
2021-06-28,85.08000183105469,82.50230407714844
2021-06-29,85.12000274658203,82.54108428955078
2021-06-30,84.19999694824219,81.64896392822266
2021-07-01,82.69000244140625,80.1847152709961
2021-07-02,81.19999694824219,78.7398452758789
2021-07-06,78.5999984741211,76.21862030029297
2021-07-07,78.41000366210938,76.03438568115234
2021-07-08,76.55999755859375,74.24043273925781
2021-07-09,78.76000213623047,76.37378692626953
2021-07-12,78.37000274658203,75.99559783935547
2021-07-13,79.37999725341797,76.97499084472656
2021-07-14,78.75,76.36408233642578
2021-07-15,79.11000061035156,76.71317291259766
2021-07-16,77.66000366210938,75.30712127685547
2021-07-19,76.7699966430664,74.44406127929688
2021-07-20,77.12000274658203,74.7834701538086
2021-07-21,78.37000274658203,75.99559783935547
2021-07-22,78.2300033569336,75.8598403930664
2021-07-23,74.87999725341797,72.611328125
2021-07-26,70.93000030517578,68.781005859375
2021-07-27,68.27999877929688,66.21129608154297
2021-07-28,72.30000305175781,70.10951232910156
2021-07-29,72.81999969482422,70.61373901367188
2021-07-30,72.19000244140625,70.0028305053711
2021-08-02,72.56999969482422,70.3713150024414
2021-08-03,70.4800033569336,68.34464263916016
2021-08-04,72.11000061035156,69.92526245117188
2021-08-05,71.19000244140625,69.03314208984375
2021-08-06,70.52999877929688,68.39313507080078
2021-08-09,71.38999938964844,69.22706604003906
2021-08-10,71.2699966430664,69.11070251464844
2021-08-11,71.19999694824219,69.0428237915039
2021-08-12,70.44999694824219,68.31554412841797
2021-08-13,68.9000015258789,66.81251525878906
2021-08-16,66.76000213623047,64.73735046386719
2021-08-17,64.54000091552734,62.58460998535156
2021-08-18,64.83999633789062,62.875518798828125
2021-08-19,63.939998626708984,62.002784729003906
2021-08-20,64.48999786376953,62.5361213684082
2021-08-23,66.62999725341797,64.61128234863281
2021-08-24,70.44000244140625,68.30584716796875
2021-08-25,70.08000183105469,67.95675659179688
2021-08-26,69.0999984741211,67.00645446777344
2021-08-27,68.83999633789062,66.75431823730469
2021-08-30,69.44000244140625,67.33615112304688
2021-08-31,70.95999908447266,68.81010437011719
2021-09-01,72.80000305175781,70.59435272216797
2021-09-02,72.08999633789062,69.9058609008789
2021-09-03,72.06999969482422,69.88646697998047
2021-09-07,74.18000030517578,71.93254089355469
2021-09-08,72.5,70.30343627929688
2021-09-09,72.05999755859375,69.87677001953125
2021-09-10,71.62000274658203,69.45011138916016
2021-09-13,70.63999938964844,68.49979400634766
2021-09-14,69.29000091552734,67.1906967163086
2021-09-15,68.54000091552734,66.46341705322266
2021-09-16,67.2300033569336,65.19310760498047
2021-09-17,67.62999725341797,65.58099365234375
2021-09-20,64.77999877929688,62.81733322143555
2021-09-21,65.43000030517578,63.44763946533203
2021-09-22,67.29000091552734,65.25128936767578
2021-09-23,67.62000274658203,65.57130432128906
2021-09-24,65.8499984741211,63.854915618896484
2021-09-27,66.62000274658203,64.60159301757812
2021-09-28,65.68000030517578,63.690067291259766
2021-09-29,64.47000122070312,62.51673126220703
2021-09-30,65.77999877929688,63.78703689575195
2021-10-01,64.91000366210938,62.943397521972656
2021-10-04,63.4900016784668,61.56642150878906
2021-10-05,63.91999816894531,61.98339080810547
2021-10-06,64.0,62.060970306396484
2021-10-07,67.3499984741211,65.30946350097656
2021-10-08,68.05000305175781,65.98826599121094
2021-10-11,67.6500015258789,65.60038757324219
2021-10-12,66.5,64.48521423339844
2021-10-13,68.4000015258789,66.3276596069336
2021-10-14,68.02999877929688,65.9688720703125
2021-10-15,69.01000213623047,66.91917419433594
2021-10-18,69.58000183105469,67.47191619873047
2021-10-19,71.98999786376953,69.80889129638672
2021-10-20,72.33000183105469,70.13859558105469
2021-10-21,71.80000305175781,69.62464904785156
2021-10-22,71.8499984741211,69.67313385009766
2021-10-25,71.94000244140625,69.76041412353516
2021-10-26,69.80999755859375,67.69493865966797
2021-10-27,69.12000274658203,67.02584838867188
2021-10-28,69.44999694824219,67.3458480834961
2021-10-29,68.25,66.18220520019531
2021-11-01,70.73999786376953,68.59676361083984
2021-11-02,68.77999877929688,66.6961441040039
2021-11-03,69.22000122070312,67.12281036376953
2021-11-04,68.76000213623047,66.6767578125
2021-11-05,68.19999694824219,66.13370513916016
2021-11-08,68.87999725341797,66.7931137084961
2021-11-09,68.73999786376953,66.65735626220703
2021-11-10,69.33999633789062,67.23917388916016
2021-11-11,72.08999633789062,69.9058609008789
2021-11-12,72.87000274658203,70.6622314453125
2021-11-15,71.95999908447266,69.77980041503906
2021-11-16,72.66999816894531,70.46829223632812
2021-11-17,71.0999984741211,68.94585418701172
2021-11-18,68.63999938964844,66.56039428710938
2021-11-19,68.80999755859375,66.72523498535156
2021-11-22,68.33999633789062,66.26947784423828
2021-11-23,68.0999984741211,66.03675079345703
2021-11-24,68.41999816894531,66.3470458984375
2021-11-26,66.58000183105469,64.56281280517578
2021-11-29,65.55999755859375,63.57370376586914
2021-11-30,65.80999755859375,63.81612777709961
2021-12-01,64.72000122070312,62.7591552734375
2021-12-02,64.1500015258789,62.206424713134766
2021-12-03,61.7599983215332,59.88882827758789
2021-12-06,63.04999923706055,61.13975143432617
2021-12-07,64.45999908447266,62.50703430175781
2021-12-08,65.23999786376953,63.263397216796875
2021-12-09,65.16999816894531,63.195518493652344
2021-12-10,65.25,63.27309799194336
2021-12-13,64.1500015258789,62.206424713134766
2021-12-14,63.40999984741211,61.48884201049805
2021-12-15,62.400001525878906,60.50944137573242
2021-12-16,62.38999938964844,60.4997444152832
2021-12-17,61.54999923706055,59.6851921081543
2021-12-20,59.459999084472656,57.65851974487305
2021-12-21,62.20000076293945,60.31550598144531
2021-12-22,61.86000061035156,59.98580551147461
2021-12-23,61.849998474121094,59.976104736328125
2021-12-27,61.439998626708984,59.578529357910156
2021-12-28,60.68000030517578,58.841552734375
2021-12-29,59.4900016784668,57.68761444091797
2021-12-30,62.40999984741211,60.519142150878906
2021-12-31,62.130001068115234,60.24762725830078
2022-01-03,62.0,60.12156677246094
2022-01-04,60.2400016784668,58.414886474609375
2022-01-05,57.869998931884766,56.1166877746582
2022-01-06,58.97999954223633,57.19306182861328
2022-01-07,59.189998626708984,57.396697998046875
2022-01-10,59.709999084472656,57.900943756103516
2022-01-11,61.18000030517578,59.32640838623047
2022-01-12,62.630001068115234,60.732479095458984
2022-01-13,59.75,57.939727783203125
2022-01-14,60.869998931884766,59.02579879760742
2022-01-18,60.79999923706055,58.95792007446289
2022-01-19,60.630001068115234,58.79307556152344
2022-01-20,62.25,60.36398696899414
2022-01-21,60.130001068115234,58.30821990966797
2022-01-24,59.63999938964844,57.833065032958984
2022-01-25,59.06999969482422,57.280330657958984
2022-01-26,58.470001220703125,56.69851303100586
2022-01-27,56.279998779296875,54.57486343383789
2022-01-28,55.970001220703125,54.27425765991211
2022-01-31,59.27000045776367,57.474281311035156
2022-02-01,59.939998626708984,58.12397384643555
2022-02-02,58.91999816894531,57.1348762512207
2022-02-03,57.880001068115234,56.12638854980469
2022-02-04,58.2400016784668,56.47548294067383
2022-02-07,57.540000915527344,55.796688079833984
2022-02-08,58.33000183105469,56.5627555847168
2022-02-09,60.279998779296875,58.45367431640625
2022-02-10,59.290000915527344,57.49367141723633
2022-02-11,57.130001068115234,55.399112701416016
2022-02-14,57.0,55.27305221557617
2022-02-15,59.29999923706055,57.50336837768555
2022-02-16,59.25,57.45487594604492
2022-02-17,58.939998626708984,57.154273986816406
2022-02-18,56.59000015258789,54.87547302246094
2022-02-22,55.18000030517578,53.50819396972656
2022-02-23,55.439998626708984,53.760311126708984
2022-02-24,55.52000045776367,53.837890625
2022-02-25,56.15999984741211,54.458499908447266
2022-02-28,55.869998931884766,54.177284240722656
2022-03-01,55.70000076293945,54.0124397277832
2022-03-02,54.650001525878906,52.9942512512207
2022-03-03,52.68000030517578,51.08393478393555
2022-03-04,51.150001525878906,49.60028839111328
2022-03-07,49.08000183105469,47.5930061340332
2022-03-08,48.720001220703125,47.24391555786133
2022-03-09,49.970001220703125,48.4560432434082
2022-03-10,47.36000061035156,45.92511749267578
2022-03-11,44.25,42.909339904785156
2022-03-14,40.540000915527344,39.311744689941406
2022-03-15,41.04999923706055,39.80629348754883
2022-03-16,51.59000015258789,50.02695846557617
2022-03-17,48.63999938964844,47.16633224487305
2022-03-18,50.81999969482422,49.2802848815918
2022-03-21,48.849998474121094,47.36996841430664
2022-03-22,50.689998626708984,49.15422439575195
2022-03-23,50.63999938964844,49.105735778808594
2022-03-24,49.310001373291016,47.8160400390625
2022-03-25,47.5,46.06087112426758
2022-03-28,48.529998779296875,47.059669494628906
2022-03-29,49.810001373291016,48.30088806152344
2022-03-30,48.86000061035156,47.379669189453125
2022-03-31,46.95000076293945,45.52753829956055
2022-04-01,48.59000015258789,47.11785125732422
2022-04-04,50.83000183105469,49.28998565673828
2022-04-05,49.22999954223633,47.73846435546875
2022-04-06,47.619998931884766,46.17723846435547
2022-04-07,46.380001068115234,44.97481155395508
2022-04-08,45.9900016784668,44.59662628173828
2022-04-11,44.709999084472656,43.355403900146484
2022-04-12,44.36000061035156,43.01600646972656
2022-04-13,45.08000183105469,43.714195251464844
2022-04-14,44.41999816894531,43.07419204711914
2022-04-18,44.060001373291016,42.72509765625
2022-04-19,43.790000915527344,42.46327590942383
2022-04-20,42.38999938964844,41.10569381713867
2022-04-21,40.45000076293945,39.22447204589844
2022-04-22,40.58000183105469,39.35053253173828
2022-04-25,39.560001373291016,38.3614387512207
2022-04-26,38.43000030517578,37.26567077636719
2022-04-27,40.66999816894531,39.43780517578125
2022-04-28,40.7400016784668,39.50568771362305
2022-04-29,43.189998626708984,41.8814582824707
2022-05-02,43.470001220703125,42.15297317504883
2022-05-03,44.02000045776367,42.68631362915039
2022-05-04,44.38999938964844,43.045101165771484
2022-05-05,41.88999938964844,40.620845794677734
2022-05-06,40.56999969482422,39.34083557128906
2022-05-09,38.81999969482422,37.643856048583984
2022-05-10,39.81999969482422,38.61355972290039
2022-05-11,39.97999954223633,38.768714904785156
2022-05-12,40.54999923706055,39.321441650390625
2022-05-13,42.52000045776367,41.23175811767578
2022-05-16,42.220001220703125,40.94084548950195
2022-05-17,43.79999923706055,42.47297286987305
2022-05-18,42.5,41.212364196777344
2022-05-19,44.25,42.909339904785156
2022-05-20,44.06999969482422,42.734798431396484
2022-05-23,43.77000045776367,42.443885803222656
2022-05-24,41.310001373291016,40.058414459228516
2022-05-25,41.91999816894531,40.649932861328125
2022-05-26,43.779998779296875,42.45357894897461
2022-05-27,44.0,42.66691207885742
2022-05-31,46.2599983215332,44.85844039916992
2022-06-01,45.880001068115234,44.489959716796875
2022-06-02,48.0,46.54572677612305
2022-06-03,47.189998626708984,45.7602653503418
2022-06-06,48.689998626708984,47.214820861816406
2022-06-07,49.63999938964844,48.13603973388672
2022-06-08,50.7400016784668,49.20271301269531
2022-06-09,48.150001525878906,46.691184997558594
2022-06-10,48.25,46.788150787353516
2022-06-13,46.099998474121094,44.70328903198242
2022-06-14,47.5,46.06087112426758
2022-06-15,48.79999923706055,47.32148742675781
2022-06-16,46.9900016784668,45.56632614135742
2022-06-17,47.9900016784668,46.53602981567383
2022-06-21,49.16999816894531,47.680274963378906
2022-06-22,48.0,46.54572677612305
2022-06-23,48.849998474121094,47.36996841430664
2022-06-24,50.45000076293945,48.9214973449707
2022-06-27,50.779998779296875,49.24150085449219
2022-06-28,51.130001068115234,49.580894470214844
2022-06-29,50.45000076293945,48.9214973449707
2022-06-30,50.459999084472656,48.93119430541992
2022-07-01,50.7400016784668,49.20271301269531
2022-07-05,50.13999938964844,48.620887756347656
2022-07-06,49.09000015258789,47.60270309448242
2022-07-07,50.04999923706055,48.53361892700195
2022-07-08,49.36000061035156,47.86452102661133
2022-07-11,46.7400016784668,45.32390594482422
2022-07-12,46.52000045776367,45.11056900024414
2022-07-13,46.4900016784668,45.08147430419922
2022-07-14,45.86000061035156,44.47056579589844
2022-07-15,45.540000915527344,44.16026306152344
2022-07-18,46.470001220703125,45.06208038330078
2022-07-19,47.0,45.57602310180664
2022-07-20,46.72999954223633,45.314205169677734
2022-07-21,47.619998931884766,46.17723846435547
2022-07-22,46.65999984741211,45.24632263183594
2022-07-25,46.52000045776367,45.11056900024414
2022-07-26,46.029998779296875,44.635414123535156
2022-07-27,47.0,45.57602310180664
2022-07-28,46.83000183105469,45.41117477416992
2022-07-29,45.06999969482422,43.70449447631836
2022-08-01,44.5099983215332,43.16146469116211
2022-08-02,44.63999938964844,43.28752517700195
2022-08-03,45.470001220703125,44.09238052368164
2022-08-04,46.02000045776367,44.62571716308594
2022-08-05,46.209999084472656,44.809959411621094
2022-08-08,46.0,44.606319427490234
2022-08-09,45.7599983215332,44.373592376708984
2022-08-10,45.959999084472656,44.56753158569336
2022-08-11,46.77000045776367,45.35299301147461
2022-08-12,46.79999923706055,45.382083892822266
2022-08-15,46.63999938964844,45.2269287109375
2022-08-16,45.95000076293945,44.557838439941406
2022-08-17,45.650001525878906,44.266929626464844
2022-08-18,45.38999938964844,44.014801025390625
2022-08-19,44.61000061035156,43.25843811035156
2022-08-22,44.59000015258789,43.239044189453125
2022-08-23,44.95000076293945,43.588134765625
2022-08-24,44.459999084472656,43.11297607421875
2022-08-25,46.209999084472656,44.809959411621094
2022-08-26,45.349998474121094,43.976016998291016
2022-08-29,44.900001525878906,43.53964614868164
2022-08-30,43.66999816894531,42.34691619873047
2022-08-31,44.52000045776367,43.17116165161133
2022-09-01,44.11000061035156,42.773582458496094
2022-09-02,43.20000076293945,41.89115524291992
2022-09-06,42.31999969482422,41.03781509399414
2022-09-07,43.08000183105469,41.77478790283203
2022-09-08,42.2599983215332,40.97962951660156
2022-09-09,42.75,41.45478439331055
2022-09-12,43.290000915527344,41.978424072265625
2022-09-13,41.56999969482422,40.31053924560547
2022-09-14,41.81999969482422,40.55295944213867
2022-09-15,40.9900016784668,39.74811553955078
2022-09-16,40.08000183105469,38.865684509277344
2022-09-19,40.119998931884766,38.90446853637695
2022-09-20,39.810001373291016,38.60386276245117
2022-09-21,38.38999938964844,37.22688293457031
2022-09-22,38.439998626708984,37.27536392211914
2022-09-23,37.369998931884766,36.23778533935547
2022-09-26,37.70000076293945,36.55778884887695
2022-09-27,37.56999969482422,36.431732177734375
2022-09-28,37.88999938964844,36.74203109741211
2022-09-29,36.9900016784668,35.869300842285156
2022-09-30,36.33000183105469,35.22930145263672
2022-10-03,36.70000076293945,35.58808898925781
2022-10-04,38.41999816894531,37.25597381591797
2022-10-05,38.560001373291016,37.3917350769043
2022-10-06,38.290000915527344,37.129913330078125
2022-10-07,36.970001220703125,35.849910736083984
2022-10-10,35.040000915527344,33.97837829589844
2022-10-11,33.93000030517578,32.902008056640625
2022-10-12,34.27000045776367,33.23170852661133
2022-10-13,34.2599983215332,33.222007751464844
2022-10-14,33.83000183105469,32.80504608154297
2022-10-17,35.18000030517578,34.114139556884766
2022-10-18,35.15999984741211,34.09474563598633
2022-10-19,33.41999816894531,32.4074592590332
2022-10-20,33.90999984741211,32.88261413574219
2022-10-21,34.2400016784668,33.20262145996094
2022-10-24,31.020000457763672,30.080175399780273
2022-10-25,31.700000762939453,30.739574432373047
2022-10-26,33.79999923706055,32.77595138549805
2022-10-27,32.779998779296875,31.78685188293457
2022-10-28,31.989999771118164,31.020788192749023
2022-10-31,31.959999084472656,30.991695404052734
2022-11-01,33.209999084472656,32.20382308959961
2022-11-02,33.29999923706055,32.291099548339844
2022-11-03,34.0,32.96989059448242
2022-11-04,36.439998626708984,35.335960388183594
2022-11-07,36.150001525878906,35.05475616455078
2022-11-08,36.209999084472656,35.11293411254883
2022-11-09,34.380001068115234,33.33837890625
2022-11-10,36.5,35.39414596557617
2022-11-11,37.75,36.60627365112305
2022-11-14,37.689998626708984,36.548091888427734
2022-11-15,40.56999969482422,39.34083557128906
2022-11-16,39.13999938964844,37.954158782958984
2022-11-17,40.22999954223633,39.01113510131836
2022-11-18,39.13999938964844,37.954158782958984
2022-11-21,38.349998474121094,37.18809509277344
2022-11-22,37.86000061035156,36.71294021606445
2022-11-23,38.09000015258789,36.935970306396484
2022-11-25,36.58000183105469,35.47172164916992
2022-11-28,37.2400016784668,36.111724853515625
2022-11-29,39.08000183105469,37.89598083496094
2022-11-30,41.11000061035156,39.864471435546875
2022-12-01,41.02000045776367,39.77720260620117
2022-12-02,42.529998779296875,41.241451263427734
2022-12-05,42.52000045776367,41.23175811767578
2022-12-06,43.13999938964844,41.83297348022461
2022-12-07,42.59000015258789,41.29963684082031
2022-12-08,44.290000915527344,42.9481315612793
2022-12-09,44.470001220703125,43.12267303466797
2022-12-12,43.380001068115234,42.06570053100586
2022-12-13,44.25,42.909339904785156
2022-12-14,44.560001373291016,43.20995330810547
2022-12-15,43.560001373291016,42.24024963378906
2022-12-16,43.18000030517578,41.871761322021484
2022-12-19,42.83000183105469,41.56413269042969
2022-12-20,42.20000076293945,40.95275115966797
2022-12-21,43.04999923706055,41.777626037597656
2022-12-22,42.7400016784668,41.47679138183594
2022-12-23,42.33000183105469,41.07891082763672
2022-12-27,44.439998626708984,43.12654113769531
2022-12-28,43.099998474121094,41.82614517211914
2022-12-29,44.349998474121094,43.03920364379883
2022-12-30,43.400001525878906,42.11728286743164
2023-01-03,45.470001220703125,44.126102447509766
2023-01-04,47.77000045776367,46.358123779296875
2023-01-05,47.939998626708984,46.52309799194336
2023-01-06,48.04999923706055,46.629852294921875
2023-01-09,47.90999984741211,46.49398422241211
2023-01-10,48.29999923706055,46.872459411621094
2023-01-11,48.040000915527344,46.62014389038086
2023-01-12,47.54999923706055,46.14462661743164
2023-01-13,48.20000076293945,46.77541732788086
2023-01-17,47.790000915527344,46.377532958984375
2023-01-18,46.97999954223633,45.591468811035156
2023-01-19,47.560001373291016,46.154335021972656
2023-01-20,49.08000183105469,47.6294059753418
2023-01-23,49.7599983215332,48.289306640625
2023-01-24,49.65999984741211,48.192264556884766
2023-01-25,49.720001220703125,48.250492095947266
2023-01-26,51.060001373291016,49.55088806152344
2023-01-27,50.959999084472656,49.45383834838867
2023-01-30,48.88999938964844,47.44502258300781
2023-01-31,48.56999969482422,47.134483337402344
2023-02-01,50.41999816894531,48.9297981262207
2023-02-02,50.04999923706055,48.57073974609375
2023-02-03,48.790000915527344,47.34798049926758
2023-02-06,48.0099983215332,46.591026306152344
2023-02-07,48.59000015258789,47.15388870239258
2023-02-08,47.41999816894531,46.018470764160156
2023-02-09,48.54999923706055,47.11507034301758
2023-02-10,46.720001220703125,45.33916091918945
2023-02-13,47.790000915527344,46.377532958984375
2023-02-14,47.36000061035156,45.960243225097656
2023-02-15,47.43000030517578,46.028175354003906
2023-02-16,47.08000183105469,45.68851852416992
2023-02-17,45.54999923706055,44.203739166259766
2023-02-21,44.56999969482422,43.25270080566406
2023-02-22,44.33000183105469,43.01979446411133
2023-02-23,44.310001373291016,43.000389099121094
2023-02-24,43.0099983215332,41.738807678222656
2023-02-27,43.560001373291016,42.27255630493164
2023-02-28,43.45000076293945,42.16580581665039
2023-03-01,45.20000076293945,43.86408233642578
2023-03-02,45.97999954223633,44.621028900146484
2023-03-03,46.400001525878906,45.02861785888672
2023-03-06,45.61000061035156,44.261962890625
2023-03-07,43.86000061035156,42.563690185546875
2023-03-08,43.86000061035156,42.563690185546875
2023-03-09,42.29999923706055,41.0497932434082
2023-03-10,42.470001220703125,41.21476745605469
2023-03-13,43.2599983215332,41.98141860961914
2023-03-14,43.810001373291016,42.51516342163086
2023-03-15,42.779998779296875,41.515602111816406
2023-03-16,43.41999816894531,42.136688232421875
2023-03-17,43.939998626708984,42.641319274902344
2023-03-20,43.599998474121094,42.311370849609375
2023-03-21,44.02000045776367,42.71895980834961
2023-03-22,43.86000061035156,42.563690185546875
2023-03-23,45.720001220703125,44.36871337890625
2023-03-24,46.06999969482422,44.708370208740234
2023-03-27,45.119998931884766,43.78644561767578
2023-03-28,45.90999984741211,44.553096771240234
2023-03-29,46.2599983215332,44.89274978637695
2023-03-30,47.0099983215332,45.620582580566406
2023-03-31,46.59000015258789,45.2130012512207
2023-04-03,47.16999816894531,45.77585220336914
2023-04-04,46.810001373291016,45.42649841308594
2023-04-05,46.040000915527344,44.679256439208984
2023-04-06,46.599998474121094,45.22270202636719
2023-04-10,45.81999969482422,44.465755462646484
2023-04-11,45.619998931884766,44.27166748046875
2023-04-12,44.439998626708984,43.12654113769531
2023-04-13,44.97999954223633,43.65058135986328
2023-04-14,44.349998474121094,43.03920364379883
2023-04-17,44.95000076293945,43.6214714050293
2023-04-18,44.77000045776367,43.4467887878418
2023-04-19,44.18000030517578,42.87423324584961
2023-04-20,43.97999954223633,42.680137634277344
2023-04-21,42.779998779296875,41.515602111816406
2023-04-24,41.9900016784668,40.748958587646484
2023-04-25,40.689998626708984,39.48737716674805
2023-04-26,41.150001525878906,39.93378448486328
2023-04-27,41.54999923706055,40.32196044921875
2023-04-28,42.11000061035156,40.86540985107422
2023-05-01,41.88999938964844,40.651912689208984
2023-05-02,40.709999084472656,39.50679016113281
2023-05-03,40.7400016784668,39.53590393066406
2023-05-04,41.099998474121094,39.885257720947266
2023-05-05,41.459999084472656,40.234619140625
2023-05-08,41.15999984741211,39.94348907470703
2023-05-09,40.18000030517578,38.99245071411133
2023-05-10,40.040000915527344,38.856590270996094
2023-05-11,40.56999969482422,39.37092590332031
2023-05-12,39.61000061035156,38.43929672241211
2023-05-15,41.459999084472656,40.234619140625
2023-05-16,41.06999969482422,39.85614776611328
2023-05-17,40.86000061035156,39.6523551940918
2023-05-18,40.25,39.06038284301758
2023-05-19,40.0,38.81777572631836
2023-05-22,40.56999969482422,39.37092590332031
2023-05-23,39.47999954223633,38.31314468383789
2023-05-24,39.04999923706055,37.895851135253906
2023-05-25,38.5,37.36210632324219
2023-05-26,39.709999084472656,38.53634262084961
2023-05-30,38.68000030517578,37.53678512573242
2023-05-31,38.18000030517578,37.05156326293945
2023-06-01,39.68000030517578,38.507232666015625
2023-06-02,40.63999938964844,39.4388542175293
2023-06-05,40.2599983215332,39.07008361816406
2023-06-06,40.619998931884766,39.4194450378418
2023-06-07,40.119998931884766,38.93422317504883
2023-06-08,40.40999984741211,39.21565628051758
2023-06-09,40.70000076293945,39.4970817565918
2023-06-12,40.900001525878906,39.6911735534668
2023-06-13,41.95000076293945,40.71013641357422
2023-06-14,42.7599983215332,41.49619674682617
2023-06-15,43.619998931884766,42.33077621459961
2023-06-16,43.279998779296875,42.00082778930664
2023-06-20,41.86000061035156,40.622798919677734
2023-06-21,40.97999954223633,39.76880645751953
2023-06-22,40.900001525878906,39.6911735534668
2023-06-23,39.90999984741211,38.730430603027344
2023-06-26,39.7400016784668,38.56545639038086
2023-06-27,40.7400016784668,39.53590393066406
2023-06-28,40.20000076293945,39.011863708496094
2023-06-29,39.52000045776367,38.351959228515625
2023-06-30,39.65999984741211,38.48781967163086
2023-07-03,40.45000076293945,39.25447082519531
2023-07-05,39.880001068115234,38.70132064819336
2023-07-06,39.060001373291016,37.905555725097656
2023-07-07,39.79999923706055,38.623680114746094
2023-07-10,39.790000915527344,38.61397933959961
2023-07-11,40.0099983215332,38.827476501464844
2023-07-12,41.220001220703125,40.001712799072266
2023-07-13,42.599998474121094,41.34092712402344
2023-07-14,41.77000045776367,40.535457611083984
2023-07-17,41.619998931884766,40.389888763427734
2023-07-18,40.40999984741211,39.21565628051758
2023-07-19,40.59000015258789,39.39033126831055
2023-07-20,39.77000045776367,38.59457015991211
2023-07-21,39.709999084472656,38.53634262084961
2023-07-24,40.869998931884766,39.66205978393555
2023-07-25,41.470001220703125,40.24432373046875
2023-07-26,41.66999816894531,40.43841552734375
2023-07-27,40.939998626708984,39.72998809814453
2023-07-28,43.599998474121094,42.311370849609375
2023-07-31,43.86000061035156,42.563690185546875
2023-08-01,43.0099983215332,41.738807678222656
2023-08-02,41.77000045776367,40.535457611083984
2023-08-03,43.119998931884766,41.845558166503906
2023-08-04,42.849998474121094,41.58353805541992
2023-08-07,42.349998474121094,41.09831619262695
2023-08-08,41.5,40.273441314697266
2023-08-09,41.4900016784668,40.263736724853516
2023-08-10,41.61000061035156,40.38018798828125
2023-08-11,39.939998626708984,38.75954055786133
2023-08-14,40.150001525878906,38.963340759277344
2023-08-15,39.34000015258789,38.177276611328125
2023-08-16,38.290000915527344,37.15830993652344
2023-08-17,38.869998931884766,37.721168518066406
2023-08-18,37.849998474121094,36.73131561279297
2023-08-21,37.83000183105469,36.711910247802734
2023-08-22,37.95000076293945,36.82836151123047
2023-08-23,38.20000076293945,37.07097625732422
2023-08-24,38.560001373291016,37.42033386230469
2023-08-25,38.0099983215332,36.88658905029297
2023-08-28,38.720001220703125,37.57560729980469
2023-08-29,40.25,39.06038284301758
2023-08-30,40.31999969482422,39.12831497192383
2023-08-31,39.95000076293945,38.769248962402344
2023-09-01,40.7400016784668,39.53590393066406
2023-09-05,39.88999938964844,38.71102523803711
2023-09-06,39.83000183105469,38.65279769897461
2023-09-07,38.29999923706055,37.16801452636719
2023-09-08,38.20000076293945,37.07097625732422
2023-09-11,38.939998626708984,37.789100646972656
2023-09-12,38.93000030517578,37.779396057128906
2023-09-13,38.4900016784668,37.35240173339844
2023-09-14,38.5,37.36210632324219
2023-09-15,38.060001373291016,36.93511199951172
2023-09-18,37.86000061035156,36.74102020263672
2023-09-19,37.369998931884766,36.2655029296875
2023-09-20,36.93000030517578,35.838504791259766
2023-09-21,36.13999938964844,35.07185745239258
2023-09-22,36.5,35.42121505737305
2023-09-25,35.880001068115234,34.819541931152344
2023-09-26,35.540000915527344,34.48958969116211
2023-09-27,35.540000915527344,34.48958969116211
2023-09-28,35.65999984741211,34.60604476928711
2023-09-29,36.20000076293945,35.13008117675781
2023-10-02,36.06999969482422,35.00392532348633
2023-10-03,35.470001220703125,34.421661376953125
2023-10-04,35.09000015258789,34.05289077758789
2023-10-05,35.31999969482422,34.276092529296875
2023-10-06,36.209999084472656,35.13978958129883
2023-10-09,36.189998626708984,35.12037658691406
2023-10-10,36.970001220703125,35.8773307800293
2023-10-11,37.40999984741211,36.3043212890625
2023-10-12,36.56999969482422,35.4891471862793
2023-10-13,36.400001525878906,35.32417297363281
2023-10-16,36.290000915527344,35.21742248535156
2023-10-17,35.86000061035156,34.800132751464844
2023-10-18,35.0099983215332,33.97525405883789
2023-10-19,34.880001068115234,33.849098205566406
2023-10-20,34.119998931884766,33.1115608215332
2023-10-23,34.060001373291016,33.0533332824707
2023-10-24,34.959999084472656,33.926734924316406
2023-10-25,34.279998779296875,33.26683044433594
2023-10-26,34.349998474121094,33.33476257324219
2023-10-27,34.45000076293945,33.43180847167969
2023-10-30,35.099998474121094,34.062591552734375
2023-10-31,34.63999938964844,33.61619186401367
2023-11-01,34.61000061035156,33.587074279785156
2023-11-02,34.720001220703125,33.693824768066406
2023-11-03,36.029998779296875,34.96510696411133
2023-11-06,36.689998626708984,35.60559844970703
2023-11-07,37.0,35.90644073486328
2023-11-08,36.93000030517578,35.838504791259766
2023-11-09,36.209999084472656,35.13978958129883
2023-11-10,36.20000076293945,35.13008117675781
2023-11-13,36.79999923706055,35.71234893798828
2023-11-14,37.65999984741211,36.546932220458984
2023-11-15,38.15999984741211,37.03215408325195
2023-11-16,37.02000045776367,35.925846099853516
2023-11-17,37.150001525878906,36.05200958251953
2023-11-20,38.119998931884766,36.99333572387695
2023-11-21,37.279998779296875,36.17816162109375
2023-11-22,37.130001068115234,36.032596588134766
2023-11-24,37.15999984741211,36.06171417236328
2023-11-27,37.040000915527344,35.945255279541016
2023-11-28,37.34000015258789,36.23638916015625
2023-11-29,36.84000015258789,35.75117111206055
2023-11-30,36.959999084472656,35.867618560791016
2023-12-01,36.95000076293945,35.85791778564453
2023-12-04,36.29999923706055,35.22712707519531
2023-12-05,35.709999084472656,34.654563903808594
2023-12-06,35.689998626708984,34.63515853881836
2023-12-07,35.90999984741211,34.848655700683594
2023-12-08,35.790000915527344,34.73220443725586
2023-12-11,36.459999084472656,35.38240051269531
2023-12-12,36.5,35.42121505737305
2023-12-13,36.400001525878906,35.32417297363281
2023-12-14,36.63999938964844,35.55708312988281
2023-12-15,36.2400016784668,35.16890335083008
2023-12-18,35.560001373291016,34.69761657714844
2023-12-19,36.0,35.12694549560547
2023-12-20,34.849998474121094,34.00483322143555
2023-12-21,35.779998779296875,34.91227722167969
2023-12-22,34.630001068115234,33.7901725769043
2023-12-26,34.599998474121094,33.760894775390625
2023-12-27,34.5,33.66332244873047
2023-12-28,35.5099983215332,34.648826599121094
2023-12-29,35.95000076293945,35.078155517578125
2024-01-02,34.900001525878906,34.05362319946289
2024-01-03,34.900001525878906,34.05362319946289
2024-01-04,34.310001373291016,33.47793197631836
2024-01-05,33.93000030517578,33.10714340209961
2024-01-08,33.470001220703125,32.658302307128906
2024-01-09,32.790000915527344,31.99479103088379
2024-01-10,32.63999938964844,31.84842872619629
2024-01-11,33.2599983215332,32.453392028808594
2024-01-12,32.91999816894531,32.12163543701172
2024-01-16,32.040000915527344,31.262981414794922
2024-01-17,31.1200008392334,30.365293502807617
2024-01-18,31.290000915527344,30.531169891357422
2024-01-19,31.299999237060547,30.540925979614258
2024-01-22,30.079999923706055,29.350513458251953
2024-01-23,31.290000915527344,30.531169891357422
2024-01-24,31.940000534057617,31.165407180786133
2024-01-25,31.709999084472656,30.940982818603516
2024-01-26,31.139999389648438,30.384807586669922
2024-01-29,30.139999389648438,29.409059524536133
2024-01-30,29.1200008392334,28.413795471191406
2024-01-31,28.59000015258789,27.896648406982422
2024-02-01,28.90999984741211,28.20888900756836
2024-02-02,27.950000762939453,27.27216911315918
2024-02-05,28.010000228881836,27.33071517944336
2024-02-06,29.989999771118164,29.262697219848633
2024-02-07,30.030000686645508,29.301727294921875
2024-02-08,29.950000762939453,29.22366714477539
2024-02-09,30.139999389648438,29.409059524536133
2024-02-12,30.670000076293945,29.926206588745117
2024-02-13,30.0,29.27245330810547
2024-02-14,30.56999969482422,29.828630447387695
2024-02-15,30.739999771118164,29.994508743286133
2024-02-16,31.040000915527344,30.287233352661133
2024-02-20,30.639999389648438,29.89693260192871
2024-02-21,31.059999465942383,30.306747436523438
2024-02-22,31.649999618530273,30.88243865966797
2024-02-23,31.670000076293945,30.901954650878906
2024-02-26,31.65999984741211,30.892196655273438
2024-02-27,32.5,31.71182632446289
2024-02-28,30.969999313354492,30.218931198120117
2024-02-29,31.65999984741211,30.892196655273438
2024-03-01,32.70000076293945,31.90697479248047
2024-03-04,32.349998474121094,31.565462112426758
2024-03-05,31.84000015258789,31.06783103942871
2024-03-06,32.18000030517578,31.399585723876953
2024-03-07,31.610000610351562,30.843408584594727
2024-03-08,31.739999771118164,30.970256805419922
2024-03-11,32.79999923706055,32.00455093383789
2024-03-12,33.38999938964844,32.580238342285156
2024-03-13,33.66999816894531,32.853450775146484
2024-03-14,32.849998474121094,32.05333709716797
2024-03-15,32.86000061035156,32.06309509277344
2024-03-18,33.56999969482422,32.75587463378906
2024-03-19,33.33000183105469,32.521697998046875
2024-03-20,33.88999938964844,33.068115234375
2024-03-21,32.97999954223633,32.18018341064453
2024-03-22,32.619998931884766,31.82891273498535
2024-03-25,32.29999923706055,31.516674041748047
2024-03-26,31.959999084472656,31.184919357299805
2024-03-27,31.559999465942383,30.79462242126465
2024-03-28,32.04999923706055,31.272737503051758
2024-04-01,32.66999816894531,31.877700805664062
2024-04-02,32.59000015258789,31.79964256286621
2024-04-03,32.380001068115234,31.594736099243164
2024-04-04,32.189998626708984,31.40934181213379
2024-04-05,32.029998779296875,31.25322151184082
2024-04-08,31.829999923706055,31.058074951171875
2024-04-09,32.25,31.46788787841797
2024-04-10,31.68000030517578,30.911712646484375
2024-04-11,32.04999923706055,31.272737503051758
2024-04-12,31.1200008392334,30.365293502807617
2024-04-15,31.110000610351562,30.35553550720215
2024-04-16,30.549999237060547,29.80911636352539
2024-04-17,30.75,30.00426483154297
2024-04-18,30.940000534057617,30.18965721130371
2024-04-19,30.3799991607666,29.64323616027832
2024-04-22,31.3799991607666,30.618986129760742
2024-04-23,31.90999984741211,31.136133193969727
2024-04-24,32.83000183105469,32.0338249206543
2024-04-25,32.77000045776367,31.975278854370117
2024-04-26,33.97999954223633,33.15593338012695
2024-04-29,34.470001220703125,33.63405227661133
2024-04-30,33.65999984741211,32.843692779541016
2024-05-01,33.810001373291016,32.99005889892578
2024-05-02,36.459999084472656,35.57579040527344
2024-05-03,36.599998474121094,35.7123908996582
2024-05-06,36.439998626708984,35.556270599365234
2024-05-07,35.79999923706055,34.93179702758789
2024-05-08,35.16999816894531,34.317073822021484
2024-05-09,36.02000045776367,35.146461486816406
2024-05-10,35.720001220703125,34.853736877441406
2024-05-13,36.369998931884766,35.487972259521484
2024-05-14,36.22999954223633,35.35136413574219
2024-05-15,36.45000076293945,35.56603240966797
2024-05-16,36.90999984741211,36.01487350463867
2024-05-17,37.0099983215332,36.112449645996094
2024-05-20,36.79999923706055,35.90754318237305
2024-05-21,36.119998931884766,35.2440299987793
2024-05-22,36.0,35.12694549560547
2024-05-23,35.540000915527344,34.6781005859375
2024-05-24,35.2400016784668,34.3853759765625
2024-05-28,35.06999969482422,34.21949768066406
2024-05-29,34.72999954223633,33.88774490356445
2024-05-30,35.27000045776367,34.41464614868164
2024-05-31,34.619998931884766,33.78041458129883
2024-06-03,34.720001220703125,33.877986907958984
2024-06-04,35.06999969482422,34.21949768066406
2024-06-05,35.380001068115234,34.52198028564453
2024-06-06,35.45000076293945,34.59028244018555
2024-06-07,34.43000030517578,33.59502029418945
2024-06-10,34.689998626708984,33.84871292114258
2024-06-11,34.849998474121094,34.00483322143555
2024-06-12,35.189998626708984,34.336585998535156
2024-06-13,35.380001068115234,34.52198028564453
2024-06-14,35.189998626708984,34.336585998535156
2024-06-17,35.66999816894531,34.80494689941406
2024-06-18,35.630001068115234,34.76591873168945
2024-06-20,35.15999984741211,34.307315826416016
2024-06-21,35.08000183105469,34.22925567626953
2024-06-24,34.720001220703125,33.877986907958984
2024-06-25,34.060001373291016,33.23399353027344
2024-06-26,34.34000015258789,33.5072021484375
2024-06-27,33.54999923706055,32.736358642578125
2024-06-28,33.540000915527344,32.72660446166992
2024-07-01,33.540000915527344,32.72660446166992
2024-07-02,33.459999084472656,32.64854431152344
2024-07-03,34.41999816894531,33.58525848388672
2024-07-05,33.599998474121094,32.7851448059082
2024-07-08,33.43000030517578,32.61927032470703
2024-07-09,34.619998931884766,33.78041458129883
2024-07-10,34.68000030517578,33.838958740234375
2024-07-11,35.29999923706055,34.44392013549805
2024-07-12,35.33000183105469,34.47319793701172
2024-07-15,34.369998931884766,33.53647232055664
2024-07-16,34.86000061035156,34.014591217041016
2024-07-17,34.08000183105469,33.253509521484375
2024-07-18,33.790000915527344,32.970542907714844
2024-07-19,33.91999816894531,33.09738540649414
2024-07-22,34.52000045776367,33.682838439941406
2024-07-23,33.349998474121094,32.54121017456055
2024-07-24,32.63999938964844,31.84842872619629
2024-07-25,32.400001525878906,31.6142520904541
2024-07-26,32.68000030517578,31.887460708618164
2024-07-29,32.47999954223633,31.692310333251953
2024-07-30,31.969999313354492,31.194677352905273
2024-07-31,33.16999816894531,32.36557388305664
2024-08-01,32.689998626708984,31.897216796875
2024-08-02,32.43000030517578,31.643524169921875
2024-08-05,31.979999542236328,31.204437255859375
2024-08-06,32.06999969482422,31.292253494262695
2024-08-07,31.850000381469727,31.07758903503418
2024-08-08,32.58000183105469,31.789886474609375
2024-08-09,32.22999954223633,31.448373794555664
2024-08-12,32.290000915527344,31.50691795349121
2024-08-13,32.650001525878906,31.858190536499023
2024-08-14,31.889999389648438,31.11661720275879
2024-08-15,32.400001525878906,31.6142520904541
2024-08-16,32.93000030517578,32.13139724731445
2024-08-19,33.20000076293945,32.39484786987305
2024-08-20,32.22999954223633,31.448373794555664
2024-08-21,32.65999984741211,31.867944717407227
2024-08-22,32.029998779296875,31.25322151184082
2024-08-23,32.470001220703125,31.682552337646484
2024-08-26,31.350000381469727,30.58971405029297
2024-08-27,31.030000686645508,30.277475357055664
2024-08-28,30.549999237060547,29.80911636352539
2024-08-29,31.459999084472656,30.697044372558594
2024-08-30,32.0,31.22395133972168
2024-09-03,31.540000915527344,30.77510643005371
2024-09-04,31.510000228881836,30.745834350585938
2024-09-05,31.709999084472656,30.940982818603516
2024-09-06,31.139999389648438,30.384807586669922
2024-09-09,31.219999313354492,30.462865829467773
2024-09-10,31.010000228881836,30.257959365844727
2024-09-11,31.3799991607666,30.618986129760742
2024-09-12,31.18000030517578,30.423837661743164
2024-09-13,30.969999313354492,30.218931198120117
2024-09-16,31.260000228881836,30.50189781188965
2024-09-17,31.610000610351562,30.843408584594727
2024-09-18,31.280000686645508,30.521411895751953
2024-09-19,32.349998474121094,31.565462112426758
2024-09-20,32.220001220703125,31.438615798950195
2024-09-23,32.59000015258789,31.79964256286621
2024-09-24,35.7400016784668,34.873252868652344
2024-09-25,34.83000183105469,33.985321044921875
2024-09-26,38.20000076293945,37.27359390258789
2024-09-27,39.709999084472656,38.746971130371094
2024-09-30,41.25,40.2496223449707
2024-10-01,43.22999954223633,42.18160629272461
2024-10-02,46.560001373291016,45.430850982666016
2024-10-03,45.189998626708984,44.09407424926758
2024-10-04,47.77000045776367,46.61150360107422
2024-10-07,50.84000015258789,49.607051849365234
2024-10-08,45.13999938964844,44.045284271240234
2024-10-09,43.900001525878906,42.83536148071289
2024-10-10,43.189998626708984,42.142578125
2024-10-11,42.900001525878906,41.85961151123047
2024-10-14,41.65999984741211,40.649681091308594
2024-10-15,39.369998931884766,38.415218353271484
2024-10-16,39.66999816894531,38.707942962646484
2024-10-17,38.83000183105469,37.8883171081543
2024-10-18,41.529998779296875,40.52283477783203
2024-10-21,41.150001525878906,40.15205001831055
2024-10-22,41.61000061035156,40.600894927978516
2024-10-23,40.84000015258789,39.84956741333008
2024-10-24,40.43000030517578,39.44950866699219
2024-10-25,40.790000915527344,39.80078125
2024-10-28,41.63999938964844,40.630165100097656
2024-10-29,41.470001220703125,40.46428680419922
2024-10-30,41.130001068115234,40.13253402709961
2024-10-31,41.29999923706055,40.29840850830078
2024-11-01,40.560001373291016,39.576358795166016
2024-11-04,41.13999938964844,40.14228820800781
2024-11-05,43.060001373291016,42.01573181152344
2024-11-06,42.150001525878906,41.1277961730957
2024-11-07,44.70000076293945,43.61595916748047
2024-11-08,42.279998779296875,41.254642486572266
2024-11-11,43.380001068115234,42.32796859741211
2024-11-12,41.77000045776367,40.75701141357422
2024-11-13,41.95000076293945,40.932647705078125
2024-11-14,40.86000061035156,39.869083404541016
2024-11-15,40.54999923706055,39.56660079956055
2024-11-18,40.5,39.51781463623047
2024-11-19,40.720001220703125,39.732479095458984
2024-11-20,41.119998931884766,40.12277603149414
2024-11-21,40.63999938964844,39.654415130615234
2024-11-22,39.220001220703125,38.268856048583984
2024-11-25,39.290000915527344,38.337158203125
2024-11-26,38.84000015258789,37.8980712890625
2024-11-27,40.31999969482422,39.34217834472656
2024-11-29,40.56999969482422,39.586116790771484
2024-12-02,40.9900016784668,39.995933532714844
2024-12-03,40.54999923706055,39.56660079956055
2024-12-04,40.06999969482422,39.09823989868164
2024-12-05,40.459999084472656,39.47877883911133
2024-12-06,41.02000045776367,40.025203704833984
2024-12-09,44.470001220703125,43.39153289794922
2024-12-10,41.689998626708984,40.678955078125
2024-12-11,41.43000030517578,40.42525863647461
2024-12-12,41.34000015258789,40.33744430541992
2024-12-13,40.9900016784668,39.995933532714844
2024-12-16,40.02000045776367,39.04945373535156
2024-12-17,40.47999954223633,39.498294830322266
2024-12-18,39.869998931884766,38.90309143066406
2024-12-19,40.529998779296875,39.54708480834961
2024-12-20,41.02000045776367,40.025203704833984
2024-12-23,40.459999084472656,39.585899353027344
2024-12-24,40.529998779296875,39.654388427734375
2024-12-26,40.95000076293945,40.06531524658203
2024-12-27,40.65999984741211,39.78158187866211
2024-12-30,40.060001373291016,39.19454574584961
2024-12-31,39.380001068115234,38.52923583984375
2025-01-02,38.369998931884766,37.541053771972656
2025-01-03,38.20000076293945,37.37472915649414
2025-01-06,37.75,36.9344482421875
2025-01-07,38.189998626708984,37.36494064331055
2025-01-08,37.79999923706055,36.983367919921875
2025-01-10,36.7400016784668,35.94626998901367
2025-01-13,36.79999923706055,36.00497055053711
2025-01-14,38.04999923706055,37.22796630859375
2025-01-15,38.290000915527344,37.46278381347656
2025-01-16,38.189998626708984,37.36494064331055
2025-01-17,39.22999954223633,38.38247299194336
2025-01-21,39.779998779296875,38.92059326171875
2025-01-22,39.619998931884766,38.7640495300293
2025-01-23,39.2400016784668,38.39226150512695
2025-01-24,40.59000015258789,39.71309280395508
2025-01-27,40.5099983215332,39.63481903076172
2025-01-28,41.0099983215332,40.124019622802734
2025-01-29,40.88999938964844,40.00661087036133
2025-01-30,41.83000183105469,40.926307678222656
2025-01-31,40.880001068115234,39.996829986572266
2025-02-03,40.599998474121094,39.722877502441406
2025-02-04,41.79999923706055,40.89695358276367
2025-02-05,41.68000030517578,40.779544830322266
2025-02-06,42.7400016784668,41.816646575927734
2025-02-07,43.45000076293945,42.51130676269531
2025-02-10,44.72999954223633,43.76365280151367
2025-02-11,44.31999969482422,43.362510681152344
2025-02-12,45.459999084472656,44.477882385253906
2025-02-13,45.709999084472656,44.72248077392578
2025-02-14,47.31999969482422,46.297698974609375
2025-02-18,47.15999984741211,46.14115524291992
2025-02-19,47.45000076293945,46.42489242553711
2025-02-20,48.029998779296875,46.99235916137695
2025-02-21,49.45000076293945,48.381683349609375
2025-02-24,47.33000183105469,46.3074836730957
2025-02-25,47.709999084472656,46.67927169799805
2025-02-26,48.2599983215332,47.21738815307617
2025-02-27,47.25,46.229209899902344
2025-02-28,45.58000183105469,44.59529113769531
2025-03-03,44.689998626708984,43.72451400756836
2025-03-04,46.06999969482422,45.074703216552734
2025-03-05,48.11000061035156,47.07063293457031
2025-03-06,49.52000045776367,48.45016860961914
2025-03-07,49.529998779296875,48.45995330810547
2025-03-10,47.86000061035156,46.82603454589844
2025-03-11,48.9900016784668,47.93162155151367
2025-03-12,48.47999954223633,47.43263626098633
2025-03-13,47.779998779296875,46.74776077270508
2025-03-14,49.189998626708984,48.127296447753906
2025-03-17,50.040000915527344,48.95893478393555
2025-03-18,49.560001373291016,48.48930740356445
2025-03-19,48.91999816894531,47.863128662109375
2025-03-20,47.2599983215332,46.23899459838867
2025-03-21,46.13999938964844,45.143192291259766
2025-03-24,46.20000076293945,45.20189666748047
2025-03-25,45.15999984741211,44.184364318847656
2025-03-26,45.2400016784668,44.262638092041016
2025-03-27,45.900001525878906,44.90837860107422
2025-03-28,44.5,43.53862380981445
2025-03-31,44.310001373291016,43.35272979736328
2025-04-01,44.40999984741211,43.450565338134766
2025-04-02,44.5,43.53862380981445
2025-04-03,43.7400016784668,42.7950439453125
2025-04-04,40.380001068115234,39.507633209228516
2025-04-07,37.34000015258789,36.53330612182617
2025-04-08,36.06999969482422,35.29074478149414
2025-04-09,39.630001068115234,38.773834228515625
2025-04-10,39.2400016784668,38.39226150512695
2025-04-11,41.11000061035156,40.221858978271484
2025-04-14,41.13999938964844,40.2512092590332
2025-04-15,40.66999816894531,39.79136276245117
2025-04-16,39.849998474121094,38.989078521728516
2025-04-17,39.95000076293945,39.08692169189453
2025-04-21,40.2599983215332,39.390220642089844
2025-04-22,41.0,40.114234924316406
2025-04-23,41.58000183105469,40.68170928955078
2025-04-24,41.61000061035156,40.7110595703125
2025-04-25,41.52000045776367,40.62300109863281
2025-04-28,41.400001525878906,40.50559616088867
2025-04-29,41.58000183105469,40.68170928955078
2025-04-30,41.939998626708984,41.03392791748047
2025-05-01,41.7599983215332,40.85781478881836
2025-05-02,43.66999816894531,42.7265510559082
2025-05-05,43.599998474121094,42.65806579589844
2025-05-06,44.060001373291016,43.10812759399414
2025-05-07,42.84000015258789,41.914485931396484
2025-05-08,43.20000076293945,42.26670837402344
2025-05-09,42.61000061035156,41.689453125
2025-05-12,44.58000183105469,43.61689376831055
2025-05-13,43.83000183105469,42.88309860229492
2025-05-14,43.959999084472656,43.01028823852539
2025-05-15,42.900001525878906,41.97319030761719
2025-05-16,42.7599983215332,41.836212158203125
2025-05-19,42.72999954223633,41.806861877441406
2025-05-20,42.880001068115234,41.95362091064453
2025-05-21,42.540000915527344,41.620967864990234
2025-05-22,42.25,41.33723068237305
2025-05-23,42.11000061035156,41.20025634765625
2025-05-27,41.369998931884766,40.47624206542969
2025-05-28,40.77000045776367,39.88920593261719
2025-05-29,41.709999084472656,40.808895111083984
2025-05-30,40.63999938964844,39.76201248168945
2025-06-02,40.849998474121094,39.96747589111328
2025-06-03,41.02000045776367,40.13380432128906
2025-06-04,41.84000015258789,40.93608856201172
2025-06-05,42.54999923706055,41.6307487487793
2025-06-06,42.7400016784668,41.816646575927734
2025-06-09,43.66999816894531,42.7265510559082
2025-06-10,43.119998931884766,42.18843460083008
2025-06-11,43.209999084472656,42.2764892578125
2025-06-12,43.25,42.31562805175781
2025-06-13,42.33000183105469,41.415504455566406
2025-06-16,43.220001220703125,42.286277770996094
2025-06-17,42.810001373291016,41.885135650634766
2025-06-18,42.63999938964844,41.71880340576172
2025-06-20,41.9900016784668,41.08285140991211
2025-06-23,42.5099983215332,41.59161376953125
2025-06-24,43.86000061035156,42.91244888305664
2025-06-25,43.900001525878906,42.95158767700195
2025-06-26,43.939998626708984,42.990718841552734
2025-06-27,44.060001373291016,43.10812759399414
2025-06-30,44.25,43.29402160644531
2025-07-01,44.189998626708984,43.23531723022461
2025-07-02,43.2599983215332,42.325408935546875
2025-07-03,43.560001373291016,42.61893081665039
2025-07-07,43.4900016784668,42.55044174194336
2025-07-08,44.310001373291016,43.35272979736328
2025-07-09,43.83000183105469,42.88309860229492
2025-07-10,43.790000915527344,42.84395980834961
2025-07-11,43.97999954223633,43.02985382080078
2025-07-14,44.34000015258789,43.382080078125
2025-07-15,45.7599983215332,44.771400451660156
2025-07-16,45.369998931884766,44.38982391357422
2025-07-17,46.060001373291016,45.06492233276367
2025-07-18,46.29999923706055,45.29973220825195
2025-07-21,46.34000015258789,45.338871002197266
2025-07-22,46.650001525878906,45.642173767089844
2025-07-23,47.439998626708984,46.415103912353516
2025-07-24,47.529998779296875,46.5031623840332
2025-07-25,47.59000015258789,46.561866760253906
2025-07-28,47.189998626708984,46.17050552368164
2025-07-29,47.20000076293945,46.18029022216797
2025-07-30,46.18000030517578,45.18232727050781
2025-07-31,46.79999923706055,45.78893280029297
2025-08-01,46.04999923706055,45.05513381958008
2025-08-04,47.060001373291016,46.04331588745117
2025-08-05,47.290000915527344,46.268348693847656
2025-08-06,47.939998626708984,46.90430450439453
2025-08-07,47.689998626708984,46.65970230102539
2025-08-08,47.45000076293945,46.42489242553711
2025-08-11,47.209999084472656,46.1900749206543
2025-08-12,47.7599983215332,46.72819137573242
2025-08-13,49.27000045776367,48.205570220947266
2025-08-14,48.189998626708984,47.148902893066406
2025-08-15,49.029998779296875,47.97075271606445
2025-08-18,49.70000076293945,48.62628173828125
2025-08-19,48.97999954223633,47.921836853027344
2025-08-20,49.619998931884766,48.54800796508789
2025-08-21,49.369998931884766,48.303409576416016
2025-08-22,52.310001373291016,51.17989730834961
2025-08-25,52.349998474121094,51.21902847290039
2025-08-26,52.66999816894531,51.5321159362793
2025-08-27,51.709999084472656,50.592857360839844
2025-08-28,53.63999938964844,52.48115921020508
2025-08-29,53.5099983215332,52.35396957397461
2025-09-02,52.310001373291016,51.17989730834961
2025-09-03,51.790000915527344,50.6711311340332
2025-09-04,50.18000030517578,49.09591293334961
2025-09-05,51.68000030517578,50.563507080078125
2025-09-08,52.15999984741211,51.03313446044922
2025-09-09,52.130001068115234,51.0037841796875
2025-09-10,52.2400016784668,51.11140823364258
2025-09-11,54.650001525878906,53.46934127807617
2025-09-12,54.689998626708984,53.50847625732422
2025-09-15,55.0,53.8117790222168
2025-09-16,55.959999084472656,54.75103759765625
2025-09-17,57.66999816894531,56.424095153808594
2025-09-18,57.38999938964844,56.150146484375
2025-09-19,56.86000061035156,55.631595611572266
2025-09-22,57.84000015258789,56.590423583984375
2025-09-23,56.279998779296875,55.064125061035156
2025-09-24,57.630001068115234,56.38496398925781
2025-09-25,58.2400016784668,56.98178482055664
2025-09-26,57.099998474121094,55.86640930175781
2025-09-29,58.20000076293945,56.94264602661133
2025-09-30,59.0099983215332,57.735145568847656
2025-10-01,59.709999084472656,58.42002487182617
2025-10-02,60.40999984741211,59.10490036010742
2025-10-03,60.2400016784668,58.938575744628906
2025-10-06,60.470001220703125,59.16360855102539
2025-10-07,59.650001525878906,58.361324310302734
2025-10-08,59.66999816894531,58.38088607788086
2025-10-09,58.86000061035156,57.5883903503418
2025-10-10,54.27000045776367,53.09754943847656
2025-10-13,56.61000061035156,55.38699722290039
2025-10-14,54.95000076293945,53.76285934448242
2025-10-15,55.54999923706055,54.34989547729492
2025-10-16,55.33000183105469,54.13465118408203
2025-10-17,54.34000015258789,53.166038513183594
2025-10-20,55.029998779296875,53.841129302978516
2025-10-21,55.02000045776367,53.83134841918945
2025-10-22,54.619998931884766,53.43998718261719
2025-10-23,55.220001220703125,54.02702713012695
2025-10-24,56.54999923706055,55.32829284667969
2025-10-27,57.939998626708984,56.688262939453125
2025-10-28,57.97999954223633,56.72739791870117
2025-10-29,58.38999938964844,57.1285400390625
2025-10-30,57.11000061035156,55.876197814941406
2025-10-31,56.11000061035156,54.89780044555664
2025-11-03,55.779998779296875,54.574928283691406
2025-11-04,54.779998779296875,53.59653091430664
2025-11-05,55.349998474121094,54.15421676635742
2025-11-06,56.04999923706055,54.83909606933594
2025-11-07,55.08000183105469,53.890052795410156
2025-11-10,55.90999984741211,54.70212173461914
2025-11-11,55.36000061035156,54.16400146484375
2025-11-12,54.93000030517578,53.74329376220703
2025-11-13,54.279998779296875,53.10733413696289
2025-11-14,53.20000076293945,52.05066680908203
2025-11-17,52.65999984741211,51.52233123779297
2025-11-18,52.59000015258789,51.4538459777832
2025-11-19,51.869998931884766,50.7494010925293
2025-11-20,50.52000045776367,49.428565979003906
2025-11-21,50.40999984741211,49.32094192504883
2025-11-24,51.83000183105469,50.71026611328125
2025-11-25,52.439998626708984,51.30708312988281
2025-11-26,52.29999923706055,51.170108795166016
2025-11-28,52.619998931884766,51.48319625854492
2025-12-01,52.970001220703125,51.82563781738281
2025-12-02,52.310001373291016,51.17989730834961
2025-12-03,51.650001525878906,50.53415298461914
2025-12-04,52.18000030517578,51.052703857421875
2025-12-05,52.91999816894531,51.77671432495117
2025-12-08,53.349998474121094,52.197425842285156
2025-12-09,52.86000061035156,51.718013763427734
2025-12-10,53.25,52.099586486816406
2025-12-11,52.88999938964844,51.74736404418945
2025-12-12,52.560001373291016,51.424495697021484
2025-12-15,51.630001068115234,50.51458740234375
2025-12-16,51.31999969482422,50.211280822753906
2025-12-17,51.209999084472656,50.10365676879883
2025-12-18,51.5,50.387393951416016
2025-12-19,52.119998931884766,50.99399948120117
2025-12-22,51.81999969482422,51.81999969482422
2025-12-23,51.560001373291016,51.560001373291016
2025-12-24,51.900001525878906,51.900001525878906
2025-12-26,52.22999954223633,52.22999954223633
2025-12-29,51.869998931884766,51.869998931884766
2025-12-30,52.33000183105469,52.33000183105469
2025-12-31,52.0,52.0
2026-01-02,54.33000183105469,54.33000183105469
2026-01-05,55.66999816894531,55.66999816894531
2026-01-06,55.84000015258789,55.84000015258789
2026-01-07,55.41999816894531,55.41999816894531
2026-01-08,55.790000915527344,55.790000915527344
2026-01-09,56.349998474121094,56.349998474121094
2026-01-12,58.88999938964844,58.88999938964844
2026-01-13,56.93000030517578,56.93000030517578
2026-01-14,57.38999938964844,57.38999938964844
2026-01-15,57.529998779296875,57.529998779296875
2026-01-16,56.880001068115234,56.880001068115234
2026-01-20,55.25,55.25
2026-01-21,57.130001068115234,57.130001068115234
2026-01-22,57.34000015258789,57.34000015258789
2026-01-23,57.7599983215332,57.7599983215332
2026-01-26,57.13999938964844,57.13999938964844
2026-01-27,57.75,57.75
2026-01-28,57.810001373291016,57.810001373291016
2026-01-29,56.95000076293945,56.95000076293945
2026-01-30,55.79999923706055,55.79999923706055
2026-02-02,54.86000061035156,54.86000061035156
2026-02-03,54.220001220703125,54.220001220703125
2026-02-04,52.5,52.5
2026-02-05,52.150001525878906,52.150001525878906
2026-02-06,53.79999923706055,53.79999923706055
2026-02-09,54.09000015258789,54.09000015258789
2026-02-10,54.02000045776367,54.02000045776367
2026-02-11,53.939998626708984,53.939998626708984
2026-02-12,52.599998474121094,52.599998474121094
2026-02-13,53.15999984741211,53.15999984741211
2026-02-17,53.2599983215332,53.2599983215332
2026-02-18,53.68000030517578,53.68000030517578
2026-02-19,53.43000030517578,53.43000030517578
2026-02-20,53.54999923706055,53.54999923706055
2026-02-23,53.279998779296875,53.279998779296875
2026-02-24,53.08000183105469,53.08000183105469
2026-02-25,53.29999923706055,53.29999923706055
2026-02-26,52.279998779296875,52.279998779296875
2026-02-27,52.06999969482422,52.06999969482422
2026-03-02,51.06999969482422,51.06999969482422
2026-03-03,48.59000015258789,48.59000015258789
2026-03-04,49.529998779296875,49.529998779296875
2026-03-05,48.7400016784668,48.7400016784668
2026-03-06,48.779998779296875,48.779998779296875
2026-03-09,50.25,50.25
2026-03-10,50.939998626708984,50.939998626708984
2026-03-11,50.25,50.25
2026-03-12,49.36000061035156,49.36000061035156
2026-03-13,49.2599983215332,49.2599983215332
2026-03-16,50.060001373291016,50.060001373291016
2026-03-17,49.31999969482422,49.31999969482422
2026-03-18,48.560001373291016,48.560001373291016
2026-03-19,48.130001068115234,48.130001068115234
2026-03-20,46.11000061035156,46.11000061035156
2026-03-23,46.150001525878906,46.150001525878906
2026-03-24,45.86000061035156,45.86000061035156
2026-03-25,47.369998931884766,47.369998931884766
2026-03-26,45.36000061035156,45.36000061035156
2026-03-27,45.060001373291016,45.060001373291016
2026-03-30,44.720001220703125,44.720001220703125
2026-03-31,46.02000045776367,46.02000045776367
2026-04-01,45.880001068115234,45.880001068115234
2026-04-02,45.150001525878906,45.150001525878906
2026-04-06,45.15999984741211,45.15999984741211
2026-04-07,45.130001068115234,45.130001068115234
2026-04-08,47.810001373291016,47.810001373291016
2026-04-09,47.40999984741211,47.40999984741211
2026-04-10,47.630001068115234,47.630001068115234
2026-04-13,48.16999816894531,48.16999816894531
2026-04-14,49.06999969482422,49.06999969482422
2026-04-15,48.95000076293945,48.95000076293945
2026-04-16,49.459999084472656,49.459999084472656
2026-04-17,50.5099983215332,50.5099983215332
2026-04-20,50.68000030517578,50.68000030517578
2026-04-21,49.33000183105469,49.33000183105469
2026-04-22,50.22999954223633,50.22999954223633
2026-04-23,49.22999954223633,49.22999954223633
2026-04-24,50.060001373291016,50.060001373291016
2026-04-27,50.2400016784668,50.2400016784668
2026-04-28,49.369998931884766,49.369998931884766
2026-04-29,49.08000183105469,49.08000183105469
2026-04-30,51.0099983215332,51.0099983215332
2026-05-01,51.15999984741211,51.15999984741211
2026-05-04,51.02000045776367,51.02000045776367
2026-05-05,51.02000045776367,51.02000045776367
2026-05-06,53.540000915527344,53.540000915527344
2026-05-07,53.209999084472656,53.209999084472656
2026-05-08,53.63999938964844,53.63999938964844
2026-05-11,54.75,54.75
2026-05-12,53.65999984741211,53.65999984741211
2026-05-13,56.279998779296875,56.279998779296875
2026-05-14,53.58000183105469,53.58000183105469
2026-05-15,51.939998626708984,51.939998626708984
2026-05-18,52.220001220703125,52.220001220703125
2026-05-19,52.75,52.75
2026-05-20,53.66999816894531,53.66999816894531
2026-05-21,52.63999938964844,52.63999938964844
2026-05-22,52.77000045776367,52.77000045776367
2026-05-26,54.52000045776367,54.52000045776367
2026-05-27,53.70000076293945,53.70000076293945
2026-05-28,53.90999984741211,53.90999984741211
2026-05-29,52.79999923706055,52.79999923706055
2026-06-01,52.310001373291016,52.310001373291016
2026-06-02,54.09000015258789,54.09000015258789
2026-06-03,53.279998779296875,53.279998779296875
2026-06-04,53.83000183105469,53.83000183105469
2026-06-05,51.11000061035156,51.11000061035156
2026-06-08,50.560001373291016,50.560001373291016
2026-06-09,51.70000076293945,51.70000076293945
2026-06-10,51.29999923706055,51.29999923706055
2026-06-11,51.959999084472656,51.959999084472656
2026-06-12,51.29999923706055,51.29999923706055
2026-06-15,53.65999984741211,53.65999984741211
2026-06-16,52.790000915527344,52.790000915527344
2026-06-17,53.70000076293945,53.70000076293945
2026-06-18,55.08000183105469,55.08000183105469
2026-06-22,55.09000015258789,55.09000015258789
2026-06-23,53.54999923706055,53.54999923706055
2026-06-24,54.02000045776367,54.02000045776367
2026-06-25,54.689998626708984,54.689998626708984
2026-06-26,54.189998626708984,54.189998626708984
2026-06-29,55.40999984741211,55.40999984741211
2026-06-30,57.029998779296875,57.029998779296875
2026-07-01,56.9900016784668,56.9900016784668
2026-07-02,53.9900016784668,53.9900016784668
2026-07-06,54.439998626708984,54.439998626708984
2026-07-07,53.939998626708984,53.939998626708984
2026-07-08,54.77000045776367,54.77000045776367
2026-07-09,57.16999816894531,57.16999816894531
2026-07-10,55.63999938964844,55.63999938964844
2026-07-13,53.20000076293945,53.20000076293945
2026-07-14,54.0099983215332,54.0099983215332
2026-07-15,53.790000915527344,53.790000915527344
2026-07-16,53.0099983215332,53.0099983215332
2026-07-17,50.31999969482422,50.31999969482422
2026-07-20,50.43000030517578,50.43000030517578
2026-07-21,52.349998474121094,52.349998474121094
2026-07-22,51.45000076293945,51.45000076293945
2026-07-23,50.400001525878906,50.400001525878906
2026-07-24,49.880001068115234,49.880001068115234
2026-07-27,51.09000015258789,51.09000015258789
2026-07-28,49.86000061035156,49.86000061035156
2026-07-29,49.91999816894531,49.91999816894531
2026-07-30,49.650001525878906,49.650001525878906
2026-07-31,50.29999923706055,50.29999923706055
2026-08-03,50.189998626708984,50.189998626708984
2026-08-04,51.689998626708984,51.689998626708984
2026-08-05,52.02000045776367,52.02000045776367
2026-08-06,52.18000030517578,52.18000030517578
2026-08-07,53.08000183105469,53.08000183105469
2026-08-10,52.869998931884766,52.869998931884766
2026-08-11,51.83000183105469,51.83000183105469
2026-08-12,51.900001525878906,51.900001525878906
2026-08-13,51.04999923706055,51.04999923706055
2026-08-14,50.880001068115234,50.880001068115234
2026-08-17,51.790000915527344,51.790000915527344
2026-08-18,50.5,50.5
2026-08-19,49.5099983215332,49.5099983215332
2026-08-20,48.93000030517578,48.93000030517578
2026-08-21,49.369998931884766,49.369998931884766
2026-08-24,47.970001220703125,47.970001220703125
2026-08-25,48.13999938964844,48.13999938964844
2026-08-26,48.099998474121094,48.099998474121094
2026-08-27,49.02000045776367,49.02000045776367
2026-08-28,48.939998626708984,48.939998626708984
2026-08-31,49.13999938964844,49.13999938964844
2026-09-01,48.209999084472656,48.209999084472656
2026-09-02,48.15999984741211,48.15999984741211
2026-09-03,48.04999923706055,48.04999923706055
2026-09-04,48.220001220703125,48.220001220703125
2026-09-08,47.439998626708984,47.439998626708984
2026-09-09,46.810001373291016,46.810001373291016
2026-09-10,46.029998779296875,46.029998779296875
2026-09-11,46.33000183105469,46.33000183105469
2026-09-14,46.15999984741211,46.15999984741211
2026-09-15,46.11000061035156,46.11000061035156
2026-09-16,46.18000030517578,46.18000030517578
2026-09-17,46.27000045776367,46.27000045776367
2026-09-18,47.08000183105469,47.08000183105469
2026-09-21,47.939998626708984,47.939998626708984
2026-09-22,48.029998779296875,48.029998779296875
2026-09-23,47.130001068115234,47.130001068115234
2026-09-24,46.58000183105469,46.58000183105469
2026-09-25,46.439998626708984,46.439998626708984
2026-09-28,45.40999984741211,45.40999984741211
2026-09-29,45.16999816894531,45.16999816894531
2026-09-30,44.900001525878906,44.900001525878906
2026-10-01,44.54999923706055,44.54999923706055
2026-10-02,43.970001220703125,43.970001220703125
