date,close,adjclose
2000-05-26,45.71875,32.5057487487793
2000-05-30,47.40625,33.70553970336914
2000-05-31,47.578125,33.82774353027344
2000-06-01,48.65625,34.59429168701172
2000-06-02,51.1875,36.39397430419922
2000-06-05,51.0,36.26068115234375
2000-06-06,51.5,36.61618423461914
2000-06-07,51.5625,36.66059875488281
2000-06-08,51.4375,36.57174301147461
2000-06-09,52.34375,37.21607971191406
2000-06-12,50.7890625,36.11069107055664
2000-06-13,51.4375,36.57174301147461
2000-06-14,51.1875,36.39397430419922
2000-06-15,51.25,36.438446044921875
2000-06-16,50.96875,36.23845672607422
2000-06-19,52.25,37.1494140625
2000-06-20,52.59375,37.393836975097656
2000-06-21,52.84375,37.593013763427734
2000-06-22,51.25,36.45924377441406
2000-06-23,50.90625,36.21469497680664
2000-06-26,51.53125,36.65927505493164
2000-06-27,50.71875,36.08129119873047
2000-06-28,52.0,36.992759704589844
2000-06-29,51.1875,36.41474914550781
2000-06-30,51.6796875,36.7648811340332
2000-07-03,52.40625,37.281776428222656
2000-07-05,51.8125,36.8593864440918
2000-07-06,52.421875,37.29289245605469
2000-07-07,52.75,37.52633285522461
2000-07-10,53.09375,37.77085876464844
2000-07-11,53.03125,37.726402282714844
2000-07-12,54.09375,38.482261657714844
2000-07-13,54.265625,38.60452651977539
2000-07-14,54.3125,38.63786697387695
2000-07-17,54.5,38.77126693725586
2000-07-18,53.5625,38.104331970214844
2000-07-19,52.625,37.43738555908203
2000-07-20,53.5,38.05986404418945
2000-07-21,52.03125,37.0150032043457
2000-07-24,51.2734375,36.47589874267578
2000-07-25,51.375,36.548133850097656
2000-07-26,51.28125,36.4814567565918
2000-07-27,49.875,35.48103332519531
2000-07-28,49.0,34.85856628417969
2000-07-31,50.25,35.74782943725586
2000-08-01,49.921875,35.51438522338867
2000-08-02,50.0,35.56997299194336
2000-08-03,49.96875,35.54774856567383
2000-08-04,50.21875,35.72560501098633
2000-08-07,51.1484375,36.3869743347168
2000-08-08,50.90625,36.21469497680664
2000-08-09,50.5390625,35.95347595214844
2000-08-10,50.25,35.74782943725586
2000-08-11,51.125,36.37026596069336
2000-08-14,51.65625,36.748233795166016
2000-08-15,50.90625,36.21469497680664
2000-08-16,51.15625,36.39253616333008
2000-08-17,51.625,36.72599792480469
2000-08-18,51.546875,36.67042541503906
2000-08-21,51.734375,36.80379867553711
2000-08-22,51.65625,36.748233795166016
2000-08-23,51.578125,36.6926383972168
2000-08-24,52.34375,37.2373161315918
2000-08-25,52.5625,37.392940521240234
2000-08-28,52.65625,37.459632873535156
2000-08-29,53.15625,37.815338134765625
2000-08-30,53.21875,37.859798431396484
2000-08-31,53.75,38.23772430419922
2000-09-01,54.1875,38.54896545410156
2000-09-05,53.8125,38.28218078613281
2000-09-06,53.578125,38.11546325683594
2000-09-07,54.375,38.682350158691406
2000-09-08,53.4375,38.01539993286133
2000-09-11,53.5,38.05986404418945
2000-09-12,53.328125,37.93759536743164
2000-09-13,53.59375,38.126556396484375
2000-09-14,53.90625,38.3488655090332
2000-09-15,52.90625,37.63747787475586
2000-09-18,51.65625,36.748233795166016
2000-09-19,52.5,37.34847640991211
2000-09-20,51.90625,37.051700592041016
2000-09-21,50.9375,36.36017990112305
2000-09-22,51.59375,36.8286247253418
2000-09-25,51.65625,36.87323760986328
2000-09-26,50.921875,36.34904479980469
2000-09-27,50.6875,36.18174743652344
2000-09-28,52.0625,37.16323471069336
2000-09-29,51.8125,36.984771728515625
2000-10-02,50.96875,36.38251495361328
2000-10-03,50.2265625,35.85271072387695
2000-10-04,50.578125,36.10365295410156
2000-10-05,50.0625,35.7356071472168
2000-10-06,48.84375,34.86562728881836
2000-10-09,48.734375,34.78757095336914
2000-10-10,47.5625,33.95103454589844
2000-10-11,47.40625,33.83951950073242
2000-10-12,45.96875,32.81339645385742
2000-10-13,47.75,34.08488845825195
2000-10-16,48.125,34.35258102416992
2000-10-17,46.9140625,33.48818588256836
2000-10-18,46.53125,33.21492385864258
2000-10-19,47.96875,34.241050720214844
2000-10-20,48.578125,34.676029205322266
2000-10-23,49.0625,35.02177810668945
2000-10-24,48.34375,34.50870895385742
2000-10-25,47.265625,33.73911666870117
2000-10-26,48.0,34.26333999633789
2000-10-27,48.03125,34.28564453125
2000-10-30,48.25,34.441795349121094
2000-10-31,49.5,35.334068298339844
2000-11-01,49.53125,35.35637283325195
2000-11-02,50.71875,36.20404052734375
2000-11-03,50.65625,36.15943145751953
2000-11-06,50.265625,35.88058090209961
2000-11-07,50.6875,36.18174743652344
2000-11-08,49.78125,35.53484344482422
2000-11-09,49.25,35.155609130859375
2000-11-10,48.0,34.26333999633789
2000-11-13,47.515625,33.917564392089844
2000-11-14,48.65625,34.731788635253906
2000-11-15,49.28125,35.177921295166016
2000-11-16,47.8515625,34.15739440917969
2000-11-17,48.15625,34.3748779296875
2000-11-20,46.90625,33.48258590698242
2000-11-21,46.6328125,33.287410736083984
2000-11-22,45.65625,32.5903205871582
2000-11-24,46.9375,33.50491714477539
2000-11-27,47.0703125,33.59972381591797
2000-11-28,45.65625,32.5903205871582
2000-11-29,45.53125,32.501102447509766
2000-11-30,44.5625,31.809574127197266
2000-12-01,45.5625,32.52340316772461
2000-12-04,45.0625,32.1665153503418
2000-12-05,47.25,33.727970123291016
2000-12-06,46.15625,32.947227478027344
2000-12-07,46.03125,32.85801696777344
2000-12-08,46.65625,33.30414962768555
2000-12-11,48.78125,34.82102966308594
2000-12-12,47.71875,34.062591552734375
2000-12-13,46.6171875,33.42827606201172
2000-12-14,45.875,32.896080017089844
2000-12-15,45.625,32.7168083190918
2000-12-18,46.3125,33.20978546142578
2000-12-19,45.5,32.62715530395508
2000-12-20,44.0625,31.59635353088379
2000-12-21,44.40625,31.84285545349121
2000-12-22,46.25,33.16498947143555
2000-12-26,46.515625,33.355445861816406
2000-12-27,47.75,34.2406005859375
2000-12-28,49.28125,35.338626861572266
2000-12-29,47.875,34.330223083496094
2001-01-02,46.203125,33.13137435913086
2001-01-03,48.1171875,34.503883361816406
2001-01-04,47.5,34.06134033203125
2001-01-05,46.03125,33.00811767578125
2001-01-08,46.1875,33.120174407958984
2001-01-09,46.1171875,33.06973648071289
2001-01-10,47.59375,34.12855911254883
2001-01-11,48.2421875,34.59352111816406
2001-01-12,48.375,34.68876266479492
2001-01-16,49.34375,35.38344192504883
2001-01-17,49.3125,35.36101531982422
2001-01-18,49.5,35.495479583740234
2001-01-19,48.625,34.86803436279297
2001-01-22,48.96875,35.11455154418945
2001-01-23,50.1875,35.98848342895508
2001-01-24,50.0,35.85402297973633
2001-01-25,49.8125,35.719581604003906
2001-01-26,49.8125,35.719581604003906
2001-01-29,50.82500076293945,36.44560623168945
2001-01-30,51.154998779296875,36.682254791259766
2001-01-31,50.45000076293945,36.176727294921875
2001-02-01,50.81999969482422,36.4420166015625
2001-02-02,49.685001373291016,35.62812805175781
2001-02-05,49.78499984741211,35.69985580444336
2001-02-06,50.57500076293945,36.26633834838867
2001-02-07,50.70000076293945,36.35599136352539
2001-02-08,49.939998626708984,35.81098937988281
2001-02-09,49.29999923706055,35.35207748413086
2001-02-12,50.400001525878906,36.14087677001953
2001-02-13,49.92499923706055,35.80024337768555
2001-02-14,50.45000076293945,36.176727294921875
2001-02-15,50.70000076293945,36.35599136352539
2001-02-16,49.60499954223633,35.57075500488281
2001-02-20,49.029998779296875,35.1584587097168
2001-02-21,48.17499923706055,34.54536056518555
2001-02-22,47.5,34.06134033203125
2001-02-23,47.599998474121094,34.133033752441406
2001-02-26,48.650001525878906,34.88597106933594
2001-02-27,47.775001525878906,34.25852966308594
2001-02-28,47.07500076293945,33.75655746459961
2001-03-01,47.400001525878906,33.9896240234375
2001-03-02,47.525001525878906,34.07925796508789
2001-03-05,47.349998474121094,33.95376968383789
2001-03-06,48.04999923706055,34.4556999206543
2001-03-07,48.29999923706055,34.63497543334961
2001-03-08,47.900001525878906,34.34815979003906
2001-03-09,46.95500183105469,33.73884963989258
2001-03-12,45.625,32.78319549560547
2001-03-13,46.099998474121094,33.12448501586914
2001-03-14,45.0,32.33408737182617
2001-03-15,44.82500076293945,32.20835494995117
2001-03-16,44.0,31.615556716918945
2001-03-19,45.150001525878906,32.44186782836914
2001-03-20,44.099998474121094,31.687421798706055
2001-03-21,43.42499923706055,31.20241928100586
2001-03-22,43.0,30.89703369140625
2001-03-23,44.125,31.70536994934082
2001-03-26,44.724998474121094,32.13651657104492
2001-03-27,45.084999084472656,32.39517593383789
2001-03-28,43.875,31.525745391845703
2001-03-29,43.95000076293945,31.579652786254883
2001-03-30,44.79999923706055,32.190399169921875
2001-04-02,43.75,31.43592643737793
2001-04-03,42.26499938964844,30.368906021118164
2001-04-04,42.400001525878906,30.465927124023438
2001-04-05,44.45000076293945,31.93889808654785
2001-04-06,43.20000076293945,31.040740966796875
2001-04-09,44.150001525878906,31.723358154296875
2001-04-10,45.20000076293945,32.477813720703125
2001-04-11,44.900001525878906,32.262271881103516
2001-04-12,45.45000076293945,32.657447814941406
2001-04-16,44.630001068115234,32.0682487487793
2001-04-17,45.349998474121094,32.5855827331543
2001-04-18,46.67499923706055,33.53766632080078
2001-04-19,47.19499969482422,33.911293029785156
2001-04-20,46.64500045776367,33.51609802246094
2001-04-23,45.79999923706055,32.908931732177734
2001-04-24,46.150001525878906,33.160430908203125
2001-04-25,47.150001525878906,33.87895202636719
2001-04-26,47.82500076293945,34.363975524902344
2001-04-27,48.45000076293945,34.81305694580078
2001-04-30,48.5,34.84896469116211
2001-05-01,49.099998474121094,35.28010559082031
2001-05-02,48.974998474121094,35.1902961730957
2001-05-03,48.369998931884766,34.75555419921875
2001-05-04,49.04999923706055,35.244171142578125
2001-05-07,48.75,35.02861404418945
2001-05-08,49.0,35.20824432373047
2001-05-09,48.70000076293945,34.992679595947266
2001-05-10,48.75,35.02861404418945
2001-05-11,48.459999084472656,34.820247650146484
2001-05-14,48.45000076293945,34.81305694580078
2001-05-15,48.92499923706055,35.15437316894531
2001-05-16,49.8650016784668,35.82978820800781
2001-05-17,50.380001068115234,36.199806213378906
2001-05-18,50.57500076293945,36.339927673339844
2001-05-21,51.45000076293945,36.96865463256836
2001-05-22,51.70000076293945,37.14830017089844
2001-05-23,50.5,36.28606414794922
2001-05-24,51.025001525878906,36.66329574584961
2001-05-25,50.650001525878906,36.39381790161133
2001-05-29,50.0,35.9267692565918
2001-05-30,49.349998474121094,35.45973205566406
2001-05-31,49.54999923706055,35.60344314575195
2001-06-01,50.1349983215332,36.023773193359375
2001-06-04,50.790000915527344,36.49442672729492
2001-06-05,51.5,37.00458908081055
2001-06-06,51.17499923706055,36.771053314208984
2001-06-07,51.38999938964844,36.925567626953125
2001-06-08,50.95000076293945,36.71083068847656
2001-06-11,50.275001525878906,36.22446060180664
2001-06-12,50.400001525878906,36.314552307128906
2001-06-13,50.33000183105469,36.264102935791016
2001-06-14,49.07500076293945,35.35981369018555
2001-06-15,49.375,35.57600402832031
2001-06-18,49.0,35.30580520629883
2001-06-19,48.849998474121094,35.19771957397461
2001-06-20,49.42499923706055,35.612030029296875
2001-06-21,49.494998931884766,35.66246032714844
2001-06-22,48.599998474121094,35.01759719848633
2001-06-25,48.2599983215332,34.77261734008789
2001-06-26,49.0,35.30580520629883
2001-06-27,49.474998474121094,35.6480598449707
2001-06-28,50.099998474121094,36.098392486572266
2001-06-29,50.95000076293945,36.71083068847656
2001-07-02,49.79999923706055,35.88222122192383
2001-07-03,49.5,35.66606903076172
2001-07-05,48.849998474121094,35.19771957397461
2001-07-06,47.95000076293945,34.54924011230469
2001-07-09,48.400001525878906,34.87348937988281
2001-07-10,47.5,34.225006103515625
2001-07-11,47.5,34.225006103515625
2001-07-12,48.665000915527344,35.0644416809082
2001-07-13,48.900001525878906,35.23375701904297
2001-07-16,48.07500076293945,34.63930130004883
2001-07-17,49.025001525878906,35.323829650878906
2001-07-18,48.099998474121094,34.65732955932617
2001-07-19,48.5,34.945533752441406
2001-07-20,48.5,34.945533752441406
2001-07-23,48.150001525878906,34.693363189697266
2001-07-24,47.349998474121094,34.11695098876953
2001-07-25,47.625,34.3150749206543
2001-07-26,48.32500076293945,34.81944274902344
2001-07-27,48.25,34.7653923034668
2001-07-30,48.17499923706055,34.711360931396484
2001-07-31,48.1150016784668,34.66813659667969
2001-08-01,48.849998474121094,35.19771957397461
2001-08-02,48.70000076293945,35.08963394165039
2001-08-03,48.57500076293945,34.999576568603516
2001-08-06,47.900001525878906,34.513221740722656
2001-08-07,47.95000076293945,34.54924011230469
2001-08-08,46.875,33.774696350097656
2001-08-09,47.349998474121094,34.11695098876953
2001-08-10,47.29999923706055,34.080902099609375
2001-08-13,47.70000076293945,34.36912155151367
2001-08-14,47.849998474121094,34.47719955444336
2001-08-15,47.790000915527344,34.433956146240234
2001-08-16,48.099998474121094,34.65732955932617
2001-08-17,47.349998474121094,34.11695098876953
2001-08-20,47.875,34.49520492553711
2001-08-21,47.04999923706055,33.900779724121094
2001-08-22,47.67499923706055,34.35109329223633
2001-08-23,47.04999923706055,33.900779724121094
2001-08-24,48.04999923706055,34.62128829956055
2001-08-27,47.875,34.49520492553711
2001-08-28,47.349998474121094,34.11695098876953
2001-08-29,47.150001525878906,33.97284698486328
2001-08-30,46.55500030517578,33.54410934448242
2001-08-31,46.94499969482422,33.82512664794922
2001-09-04,46.5,33.50448226928711
2001-09-05,46.17499923706055,33.27032470703125
2001-09-06,45.099998474121094,32.49574661254883
2001-09-07,44.26499938964844,31.894100189208984
2001-09-10,43.92499923706055,31.649147033691406
2001-09-17,41.75,30.08198356628418
2001-09-18,41.07500076293945,29.595624923706055
2001-09-19,40.08000183105469,28.87871551513672
2001-09-20,38.55500030517578,27.779909133911133
2001-09-21,37.83000183105469,27.25751304626465
2001-09-24,39.0,28.10053825378418
2001-09-25,39.474998474121094,28.442785263061523
2001-09-26,38.88999938964844,28.021278381347656
2001-09-27,39.51499938964844,28.471614837646484
2001-09-28,40.099998474121094,28.893117904663086
2001-10-01,39.75,28.746309280395508
2001-10-02,40.185001373291016,29.0609073638916
2001-10-03,41.099998474121094,29.722599029541016
2001-10-04,41.5099983215332,30.019115447998047
2001-10-05,41.29999923706055,29.867229461669922
2001-10-08,40.92499923706055,29.596046447753906
2001-10-09,40.584999084472656,29.350162506103516
2001-10-10,42.0,30.373456954956055
2001-10-11,42.67499923706055,30.861600875854492
2001-10-12,42.540000915527344,30.763996124267578
2001-10-15,42.70000076293945,30.87969398498535
2001-10-16,43.275001525878906,31.29551887512207
2001-10-17,42.04999923706055,30.409618377685547
2001-10-18,41.779998779296875,30.2143497467041
2001-10-19,42.29999923706055,30.590421676635742
2001-10-22,42.68000030517578,30.865224838256836
2001-10-23,42.400001525878906,30.66274642944336
2001-10-24,42.67499923706055,30.861600875854492
2001-10-25,43.625,31.548627853393555
2001-10-26,43.625,31.548627853393555
2001-10-29,42.75,30.91585350036621
2001-10-30,41.849998474121094,30.26498031616211
2001-10-31,42.54999923706055,30.771202087402344
2001-11-01,43.29999923706055,31.3135929107666
2001-11-02,43.0,31.09663963317871
2001-11-05,43.625,31.548627853393555
2001-11-06,44.25,32.000614166259766
2001-11-07,43.95000076293945,31.783668518066406
2001-11-08,43.849998474121094,31.711328506469727
2001-11-09,43.70000076293945,31.602872848510742
2001-11-12,43.875,31.729412078857422
2001-11-13,44.67499923706055,32.30796813964844
2001-11-14,45.119998931884766,32.62976837158203
2001-11-15,44.95000076293945,32.5068244934082
2001-11-16,44.994998931884766,32.53937911987305
2001-11-19,45.5,32.904579162597656
2001-11-20,45.2400016784668,32.7165641784668
2001-11-21,45.084999084472656,32.604461669921875
2001-11-23,45.7400016784668,33.078147888183594
2001-11-26,45.974998474121094,33.24808883666992
2001-11-27,45.82500076293945,33.13962173461914
2001-11-28,45.025001525878906,32.56108093261719
2001-11-29,46.349998474121094,33.51929473876953
2001-11-30,45.79999923706055,33.12153625488281
2001-12-03,45.5,32.904579162597656
2001-12-04,46.54999923706055,33.66391372680664
2001-12-05,47.57500076293945,34.40517807006836
2001-12-06,48.25,34.893310546875
2001-12-07,47.8849983215332,34.62936782836914
2001-12-10,47.05500030517578,34.02912139892578
2001-12-11,47.32500076293945,34.22438049316406
2001-12-12,47.400001525878906,34.27863693237305
2001-12-13,46.55500030517578,33.66754150390625
2001-12-14,46.95000076293945,34.051937103271484
2001-12-17,47.849998474121094,34.70468521118164
2001-12-18,48.275001525878906,35.01293182373047
2001-12-19,47.900001525878906,34.74095916748047
2001-12-20,47.150001525878906,34.196990966796875
2001-12-21,48.099998474121094,34.88601303100586
2001-12-24,48.32500076293945,35.04920196533203
2001-12-26,48.75,35.357444763183594
2001-12-27,48.95000076293945,35.50249481201172
2001-12-28,49.0,35.538761138916016
2001-12-31,48.17499923706055,34.94040298461914
2002-01-02,48.619998931884766,35.263160705566406
2002-01-03,49.29499816894531,35.752708435058594
2002-01-04,49.724998474121094,36.064598083496094
2002-01-07,48.92499923706055,35.48436737060547
2002-01-08,49.5,35.90141296386719
2002-01-09,49.0,35.538761138916016
2002-01-10,49.29999923706055,35.7563362121582
2002-01-11,48.70000076293945,35.321163177490234
2002-01-14,47.974998474121094,34.79534149169922
2002-01-15,48.29999923706055,35.031063079833984
2002-01-16,47.31999969482422,34.32028579711914
2002-01-17,47.54999923706055,34.48712158203125
2002-01-18,46.95000076293945,34.051937103271484
2002-01-22,46.650001525878906,33.8343620300293
2002-01-23,47.29999923706055,34.305789947509766
2002-01-24,47.67499923706055,34.577754974365234
2002-01-25,47.63999938964844,34.55237579345703
2002-01-28,47.95000076293945,34.777225494384766
2002-01-29,47.10499954223633,34.16434860229492
2002-01-30,47.69499969482422,34.59225845336914
2002-01-31,48.099998474121094,34.88601303100586
2002-02-01,47.82500076293945,34.68656539916992
2002-02-04,46.70000076293945,33.87062454223633
2002-02-05,46.52000045776367,33.74007034301758
2002-02-06,46.0,33.3629150390625
2002-02-07,45.400001525878906,32.92772674560547
2002-02-08,46.599998474121094,33.79807662963867
2002-02-11,46.80500030517578,33.94675827026367
2002-02-12,46.904998779296875,34.019290924072266
2002-02-13,47.349998474121094,34.3420524597168
2002-02-14,46.75,33.90688705444336
2002-02-15,46.68000030517578,33.856109619140625
2002-02-19,45.775001525878906,33.199745178222656
2002-02-20,46.54999923706055,33.76182174682617
2002-02-21,45.55500030517578,33.04015350341797
2002-02-22,46.375,33.63490676879883
2002-02-25,46.665000915527344,33.8452262878418
2002-02-26,46.8849983215332,34.00479507446289
2002-02-27,47.099998474121094,34.16071701049805
2002-02-28,46.599998474121094,33.79807662963867
2002-03-01,47.75,34.63215637207031
2002-03-04,48.5,35.176124572753906
2002-03-05,48.61000061035156,35.255916595458984
2002-03-06,49.20000076293945,35.68382263183594
2002-03-07,49.25,35.72007751464844
2002-03-08,49.689998626708984,36.081321716308594
2002-03-11,49.70000076293945,36.08859634399414
2002-03-12,49.619998931884766,36.030513763427734
2002-03-13,49.20000076293945,35.72551345825195
2002-03-14,49.42499923706055,35.888916015625
2002-03-15,49.625,36.034141540527344
2002-03-18,49.904998779296875,36.23746109008789
2002-03-19,50.224998474121094,36.46981430053711
2002-03-20,49.435001373291016,35.89619827270508
2002-03-21,50.26499938964844,36.498863220214844
2002-03-22,49.900001525878906,36.23382568359375
2002-03-25,49.29499816894531,35.79448318481445
2002-03-26,49.849998474121094,36.197509765625
2002-03-27,50.314998626708984,36.53514862060547
2002-03-28,50.04999923706055,36.342742919921875
2002-04-01,50.099998474121094,36.37904357910156
2002-04-02,49.779998779296875,36.14668655395508
2002-04-03,49.42499923706055,35.888916015625
2002-04-04,49.619998931884766,36.030513763427734
2002-04-05,49.54999923706055,35.97966766357422
2002-04-08,50.16999816894531,36.42987823486328
2002-04-09,49.98500061035156,36.2955322265625
2002-04-10,50.95000076293945,36.99626922607422
2002-04-11,50.1349983215332,36.40446472167969
2002-04-12,51.25,37.214088439941406
2002-04-15,50.875,36.94180679321289
2002-04-16,52.150001525878906,37.86760711669922
2002-04-17,51.709999084472656,37.548118591308594
2002-04-18,51.4900016784668,37.38835906982422
2002-04-19,51.45000076293945,37.359317779541016
2002-04-22,50.77000045776367,36.865535736083984
2002-04-23,50.95000076293945,36.99626922607422
2002-04-24,50.52000045776367,36.684024810791016
2002-04-25,50.654998779296875,36.78204345703125
2002-04-26,49.685001373291016,36.077701568603516
2002-04-29,49.834999084472656,36.186614990234375
2002-04-30,50.650001525878906,36.77843475341797
2002-05-01,51.0,37.032562255859375
2002-05-02,51.17499923706055,37.15963363647461
2002-05-03,50.95000076293945,36.99626922607422
2002-05-06,49.974998474121094,36.288272857666016
2002-05-07,49.6150016784668,36.02688217163086
2002-05-08,50.79999923706055,36.8873405456543
2002-05-09,49.875,36.21565628051758
2002-05-10,49.064998626708984,35.62752151489258
2002-05-13,49.70000076293945,36.08859634399414
2002-05-14,51.20000076293945,37.17778015136719
2002-05-15,51.150001525878906,37.1414794921875
2002-05-16,50.54499816894531,36.70217514038086
2002-05-17,50.70000076293945,36.814720153808594
2002-05-20,50.060001373291016,36.349998474121094
2002-05-21,49.29999923706055,35.79814147949219
2002-05-22,49.0,35.58030319213867
2002-05-23,49.974998474121094,36.288272857666016
2002-05-24,49.185001373291016,35.714622497558594
2002-05-28,49.060001373291016,35.62386703491211
2002-05-29,48.435001373291016,35.17003631591797
2002-05-30,48.61000061035156,35.297115325927734
2002-05-31,48.25,35.035701751708984
2002-06-03,47.125,34.21881866455078
2002-06-04,47.1349983215332,34.2260627746582
2002-06-05,47.29999923706055,34.34587097167969
2002-06-06,46.380001068115234,33.6778450012207
2002-06-07,46.79999923706055,33.98282241821289
2002-06-10,46.75,33.946529388427734
2002-06-11,46.0,33.40191650390625
2002-06-12,46.150001525878906,33.51084518432617
2002-06-13,45.5,33.03885269165039
2002-06-14,45.75,33.308589935302734
2002-06-17,46.814998626708984,34.0839958190918
2002-06-18,46.94499969482422,34.17862319946289
2002-06-19,46.0,33.490623474121094
2002-06-20,45.900001525878906,33.417808532714844
2002-06-21,45.79999923706055,33.34502029418945
2002-06-24,45.654998779296875,33.23944854736328
2002-06-25,45.0099983215332,32.76982116699219
2002-06-26,44.98500061035156,32.75164794921875
2002-06-27,45.849998474121094,33.38140106201172
2002-06-28,45.32500076293945,32.99917221069336
2002-07-01,44.400001525878906,32.32571792602539
2002-07-02,43.064998626708984,31.35377311706543
2002-07-03,42.54999923706055,30.978803634643555
2002-07-05,43.959999084472656,32.0053825378418
2002-07-08,43.04999923706055,31.342845916748047
2002-07-09,42.8849983215332,31.222700119018555
2002-07-10,41.70500183105469,30.363605499267578
2002-07-11,41.380001068115234,30.126985549926758
2002-07-12,41.025001525878906,29.8685302734375
2002-07-15,40.77000045776367,29.682893753051758
2002-07-16,40.5,29.486284255981445
2002-07-17,40.875,29.75931739807129
2002-07-18,39.45000076293945,28.72182273864746
2002-07-19,38.625,28.121206283569336
2002-07-22,37.85499954223633,27.56058692932129
2002-07-23,35.875,26.119035720825195
2002-07-24,38.0,27.666160583496094
2002-07-25,37.70000076293945,27.447755813598633
2002-07-26,38.29999923706055,27.884578704833984
2002-07-29,39.775001525878906,28.95847511291504
2002-07-30,39.89500045776367,29.04582405090332
2002-07-31,39.275001525878906,28.59441566467285
2002-08-01,38.70000076293945,28.175792694091797
2002-08-02,37.48500061035156,27.29121208190918
2002-08-05,36.48500061035156,26.563152313232422
2002-08-06,38.07500076293945,27.72076988220215
2002-08-07,38.220001220703125,27.826324462890625
2002-08-08,38.834999084472656,28.274066925048828
2002-08-09,38.505001068115234,28.03382682800293
2002-08-12,38.599998474121094,28.102998733520508
2002-08-13,37.5,27.3021297454834
2002-08-14,38.84000015258789,28.27773094177246
2002-08-15,38.880001068115234,28.306838989257812
2002-08-16,39.474998474121094,28.74004364013672
2002-08-19,40.025001525878906,29.14046859741211
2002-08-20,39.82500076293945,28.994857788085938
2002-08-21,40.63999938964844,29.588237762451172
2002-08-22,40.900001525878906,29.777523040771484
2002-08-23,39.82500076293945,28.994857788085938
2002-08-26,40.54999923706055,29.522686004638672
2002-08-27,39.775001525878906,28.95847511291504
2002-08-28,39.0,28.394224166870117
2002-08-29,39.290000915527344,28.60535430908203
2002-08-30,39.025001525878906,28.412424087524414
2002-09-03,37.875,27.57513999938965
2002-09-04,38.67499923706055,28.157596588134766
2002-09-05,37.900001525878906,27.593374252319336
2002-09-06,39.150001525878906,28.503421783447266
2002-09-09,39.029998779296875,28.416061401367188
2002-09-10,39.275001525878906,28.59441566467285
2002-09-11,39.150001525878906,28.503421783447266
2002-09-12,38.5,28.03019142150879
2002-09-13,38.849998474121094,28.379365921020508
2002-09-16,38.400001525878906,28.0506534576416
2002-09-17,37.875,27.6671199798584
2002-09-18,37.775001525878906,27.594079971313477
2002-09-19,36.39500045776367,26.586013793945312
2002-09-20,36.54999923706055,26.699247360229492
2002-09-23,35.650001525878906,26.041820526123047
2002-09-24,35.375,25.840919494628906
2002-09-25,36.45000076293945,26.626192092895508
2002-09-26,36.93000030517578,26.976829528808594
2002-09-27,36.025001525878906,26.31573486328125
2002-09-30,35.775001525878906,26.133106231689453
2002-10-01,36.92499923706055,26.973163604736328
2002-10-02,36.025001525878906,26.31573486328125
2002-10-03,35.6349983215332,26.030847549438477
2002-10-04,34.650001525878906,25.311317443847656
2002-10-07,33.720001220703125,24.631969451904297
2002-10-08,33.974998474121094,24.818239212036133
2002-10-09,32.54999923706055,23.777299880981445
2002-10-10,33.5,24.47126007080078
2002-10-11,34.349998474121094,25.09217643737793
2002-10-14,34.58000183105469,25.26018524169922
2002-10-15,35.974998474121094,26.279218673706055
2002-10-16,35.07500076293945,25.62177276611328
2002-10-17,36.125,26.388778686523438
2002-10-18,36.20000076293945,26.44357681274414
2002-10-21,36.67499923706055,26.790544509887695
2002-10-22,36.20500183105469,26.447221755981445
2002-10-23,36.779998779296875,26.867252349853516
2002-10-24,36.42499923706055,26.60793113708496
2002-10-25,37.220001220703125,27.18865394592285
2002-10-28,36.79999923706055,26.881860733032227
2002-10-29,36.69499969482422,26.805158615112305
2002-10-30,37.32500076293945,27.265365600585938
2002-10-31,37.25,27.210582733154297
2002-11-01,38.125,27.849761962890625
2002-11-04,38.45500183105469,28.0908260345459
2002-11-05,38.52000045776367,28.138307571411133
2002-11-06,39.17499923706055,28.61675262451172
2002-11-07,38.244998931884766,27.93741226196289
2002-11-08,37.724998474121094,27.557552337646484
2002-11-11,36.810001373291016,26.889169692993164
2002-11-12,37.400001525878906,27.320144653320312
2002-11-13,37.599998474121094,27.46625518798828
2002-11-14,38.415000915527344,28.061580657958984
2002-11-15,38.400001525878906,28.0506534576416
2002-11-18,38.10499954223633,27.835134506225586
2002-11-19,37.970001220703125,27.736536026000977
2002-11-20,38.974998474121094,28.47066307067871
2002-11-21,39.73500061035156,29.025846481323242
2002-11-22,40.0099983215332,29.22671890258789
2002-11-25,40.275001525878906,29.420303344726562
2002-11-26,39.82500076293945,29.09158706665039
2002-11-27,40.90999984741211,29.884164810180664
2002-11-29,40.404998779296875,29.5152645111084
2002-12-02,40.71500015258789,29.741708755493164
2002-12-03,40.0,29.219419479370117
2002-12-04,39.60499954223633,28.930879592895508
2002-12-05,39.41999816894531,28.795726776123047
2002-12-06,39.58000183105469,28.912599563598633
2002-12-09,38.529998779296875,28.14559555053711
2002-12-10,39.279998779296875,28.69346046447754
2002-12-11,39.32500076293945,28.726348876953125
2002-12-12,39.48500061035156,28.843217849731445
2002-12-13,38.525001525878906,28.278018951416016
2002-12-16,39.21500015258789,28.78449249267578
2002-12-17,38.79999923706055,28.47989273071289
2002-12-18,38.18000030517578,28.024782180786133
2002-12-19,38.084999084472656,27.955059051513672
2002-12-20,38.51499938964844,28.270689010620117
2002-12-23,38.775001525878906,28.46153450012207
2002-12-24,38.70000076293945,28.406471252441406
2002-12-26,38.70000076293945,28.406471252441406
2002-12-27,38.06999969482422,27.94403839111328
2002-12-30,37.95000076293945,27.855968475341797
2002-12-31,37.904998779296875,27.822933197021484
2003-01-02,38.95000076293945,28.589994430541992
2003-01-03,38.8849983215332,28.542266845703125
2003-01-06,39.34000015258789,28.876264572143555
2003-01-07,39.1349983215332,28.725786209106445
2003-01-08,38.744998931884766,28.439512252807617
2003-01-09,39.314998626708984,28.857891082763672
2003-01-10,39.400001525878906,28.92027473449707
2003-01-13,39.4900016784668,28.986352920532227
2003-01-14,39.51499938964844,29.00469398498535
2003-01-15,39.42499923706055,28.93863868713379
2003-01-16,39.369998931884766,28.898263931274414
2003-01-17,38.630001068115234,28.35508155822754
2003-01-21,38.06999969482422,27.94403839111328
2003-01-22,37.7400016784668,27.70182228088379
2003-01-23,37.974998474121094,27.87432098388672
2003-01-24,37.189998626708984,27.2981014251709
2003-01-27,36.625,26.883384704589844
2003-01-28,36.92499923706055,27.10358238220215
2003-01-29,37.20500183105469,27.309104919433594
2003-01-30,36.599998474121094,26.865032196044922
2003-01-31,37.119998931884766,27.246715545654297
2003-02-03,36.79999923706055,27.0118465423584
2003-02-04,36.79999923706055,27.0118465423584
2003-02-05,36.525001525878906,26.809978485107422
2003-02-06,36.32500076293945,26.663171768188477
2003-02-07,35.65999984741211,26.175050735473633
2003-02-10,36.029998779296875,26.4466495513916
2003-02-11,35.93000030517578,26.37325668334961
2003-02-12,35.42499923706055,26.002567291259766
2003-02-13,35.33000183105469,25.932846069335938
2003-02-14,35.650001525878906,26.1677303314209
2003-02-18,36.3650016784668,26.692543029785156
2003-02-19,35.92499923706055,26.36957359313965
2003-02-20,35.849998474121094,26.314525604248047
2003-02-21,36.15999984741211,26.54206657409668
2003-02-24,35.60499954223633,26.134693145751953
2003-02-25,35.93000030517578,26.37325668334961
2003-02-26,35.75,26.241130828857422
2003-02-27,35.94499969482422,26.384246826171875
2003-02-28,36.005001068115234,26.428285598754883
2003-03-03,35.89500045776367,26.347558975219727
2003-03-04,35.43000030517578,26.006244659423828
2003-03-05,35.5,26.05762481689453
2003-03-06,35.209999084472656,25.844751358032227
2003-03-07,35.224998474121094,25.914657592773438
2003-03-10,34.619998931884766,25.46954917907715
2003-03-11,34.375,25.289310455322266
2003-03-12,34.45000076293945,25.344499588012695
2003-03-13,35.380001068115234,26.028684616088867
2003-03-14,35.42499923706055,26.061771392822266
2003-03-17,36.244998931884766,26.66505241394043
2003-03-18,36.720001220703125,27.014509201049805
2003-03-19,36.630001068115234,26.94829559326172
2003-03-20,36.869998931884766,27.124860763549805
2003-03-21,37.3849983215332,27.503732681274414
2003-03-24,36.584999084472656,26.91518783569336
2003-03-25,36.974998474121094,27.202091217041016
2003-03-26,36.52000045776367,26.867366790771484
2003-03-27,36.76499938964844,27.047611236572266
2003-03-28,36.75,27.03656578063965
2003-03-31,36.0,26.48480224609375
2003-04-01,36.625,26.944608688354492
2003-04-02,37.35499954223633,27.481664657592773
2003-04-03,37.375,27.496368408203125
2003-04-04,37.26499938964844,27.415456771850586
2003-04-07,37.290000915527344,27.433828353881836
2003-04-08,37.31999969482422,27.455917358398438
2003-04-09,37.1150016784668,27.305105209350586
2003-04-10,37.125,27.31245231628418
2003-04-11,36.91999816894531,27.161638259887695
2003-04-14,37.59000015258789,27.654552459716797
2003-04-15,37.994998931884766,27.95250701904297
2003-04-16,37.599998474121094,27.661907196044922
2003-04-17,38.17499923706055,28.084932327270508
2003-04-21,38.435001373291016,28.27619171142578
2003-04-22,38.96500015258789,28.666118621826172
2003-04-23,39.375,28.967763900756836
2003-04-24,39.17499923706055,28.82061004638672
2003-04-25,38.625,28.41599464416504
2003-04-28,39.310001373291016,28.919944763183594
2003-04-29,39.57500076293945,29.114904403686523
2003-04-30,39.70000076293945,29.20686912536621
2003-05-01,39.650001525878906,29.17006492614746
2003-05-02,40.650001525878906,29.905746459960938
2003-05-05,40.834999084472656,30.041847229003906
2003-05-06,41.224998474121094,30.328781127929688
2003-05-07,40.974998474121094,30.14484977722168
2003-05-08,40.6349983215332,29.894716262817383
2003-05-09,41.220001220703125,30.325105667114258
2003-05-12,41.66999816894531,30.656158447265625
2003-05-13,41.915000915527344,30.836421966552734
2003-05-14,41.88999938964844,30.818016052246094
2003-05-15,42.05500030517578,30.939401626586914
2003-05-16,41.53499984741211,30.556840896606445
2003-05-19,40.814998626708984,30.027128219604492
2003-05-20,40.80500030517578,30.019792556762695
2003-05-21,40.959999084472656,30.133831024169922
2003-05-22,41.375,30.43912696838379
2003-05-23,41.70000076293945,30.678234100341797
2003-05-27,42.68000030517578,31.399215698242188
2003-05-28,42.970001220703125,31.612573623657227
2003-05-29,43.244998931884766,31.81487274169922
2003-05-30,44.01499938964844,32.38133239746094
2003-06-02,44.244998931884766,32.55056381225586
2003-06-03,44.3849983215332,32.65354537963867
2003-06-04,44.9900016784668,33.0986442565918
2003-06-05,45.724998474121094,33.63936233520508
2003-06-06,45.20000076293945,33.253150939941406
2003-06-09,44.36000061035156,32.63516616821289
2003-06-10,45.025001525878906,33.1243896484375
2003-06-11,45.45000076293945,33.43706130981445
2003-06-12,45.70500183105469,33.62466049194336
2003-06-13,44.81999969482422,33.02776336669922
2003-06-16,45.57500076293945,33.584144592285156
2003-06-17,45.66999816894531,33.65412902832031
2003-06-18,45.63999938964844,33.632049560546875
2003-06-19,45.02000045776367,33.175148010253906
2003-06-20,44.6349983215332,32.89143753051758
2003-06-23,43.84000015258789,32.305633544921875
2003-06-24,43.82500076293945,32.2945671081543
2003-06-25,44.119998931884766,32.511966705322266
2003-06-26,44.875,33.06830596923828
2003-06-27,44.59000015258789,32.858306884765625
2003-06-30,44.45000076293945,32.75513458251953
2003-07-01,44.755001068115234,32.979888916015625
2003-07-02,45.875,33.80521011352539
2003-07-03,45.47999954223633,33.514137268066406
2003-07-07,46.42499923706055,34.21049880981445
2003-07-08,47.25,34.81843948364258
2003-07-09,47.599998474121094,35.07636260986328
2003-07-10,46.66999816894531,34.39103698730469
2003-07-11,47.314998626708984,34.8663215637207
2003-07-14,47.70500183105469,35.15373611450195
2003-07-15,47.57500076293945,35.05794143676758
2003-07-16,47.314998626708984,34.8663215637207
2003-07-17,45.814998626708984,33.760986328125
2003-07-18,46.125,33.98944091796875
2003-07-21,45.724998474121094,33.69466781616211
2003-07-22,46.2599983215332,34.08891296386719
2003-07-23,46.57500076293945,34.321044921875
2003-07-24,46.48500061035156,34.25471878051758
2003-07-25,46.82500076293945,34.505252838134766
2003-07-28,47.400001525878906,34.928985595703125
2003-07-29,47.42499923706055,34.9473762512207
2003-07-30,47.244998931884766,34.81475067138672
2003-07-31,47.34000015258789,34.884761810302734
2003-08-01,46.67499923706055,34.394710540771484
2003-08-04,46.20500183105469,34.04838562011719
2003-08-05,45.404998779296875,33.4588623046875
2003-08-06,45.20000076293945,33.30780029296875
2003-08-07,45.349998474121094,33.41834259033203
2003-08-08,45.25,33.34464645385742
2003-08-11,45.875,33.80521011352539
2003-08-12,46.64500045776367,34.372615814208984
2003-08-13,46.79999923706055,34.486839294433594
2003-08-14,47.10499954223633,34.71159362792969
2003-08-15,47.119998931884766,34.72264862060547
2003-08-18,48.05500030517578,35.41165542602539
2003-08-19,48.95500183105469,36.074859619140625
2003-08-20,48.93000030517578,36.05644226074219
2003-08-21,49.33000183105469,36.351200103759766
2003-08-22,48.459999084472656,35.710105895996094
2003-08-25,48.415000915527344,35.67692947387695
2003-08-26,48.599998474121094,35.8132438659668
2003-08-27,49.07500076293945,36.163272857666016
2003-08-28,49.400001525878906,36.40277099609375
2003-08-29,49.60499954223633,36.553836822509766
2003-09-02,50.75,37.39759063720703
2003-09-03,50.96500015258789,37.55602264404297
2003-09-04,51.17499923706055,37.71075439453125
2003-09-05,50.849998474121094,37.47126770019531
2003-09-08,51.55500030517578,37.99076843261719
2003-09-09,51.17499923706055,37.71075439453125
2003-09-10,50.165000915527344,36.96650314331055
2003-09-11,50.599998474121094,37.28706741333008
2003-09-12,50.70500183105469,37.45214080810547
2003-09-15,50.58000183105469,37.35982131958008
2003-09-16,51.334999084472656,37.91746520996094
2003-09-17,51.31999969482422,37.90639877319336
2003-09-18,51.85499954223633,38.30154800415039
2003-09-19,51.79999923706055,38.26092529296875
2003-09-22,51.09000015258789,37.73649978637695
2003-09-23,51.78499984741211,38.24984359741211
2003-09-24,50.505001068115234,37.30440902709961
2003-09-25,49.13999938964844,36.296180725097656
2003-09-26,48.29999923706055,35.67573165893555
2003-09-29,49.165000915527344,36.31465530395508
2003-09-30,48.525001525878906,35.841915130615234
2003-10-01,49.834999084472656,36.809539794921875
2003-10-02,50.314998626708984,37.1640625
2003-10-03,51.11000061035156,37.75127410888672
2003-10-06,51.54999923706055,38.076271057128906
2003-10-07,51.84000015258789,38.29048538208008
2003-10-08,51.435001373291016,37.9913444519043
2003-10-09,51.974998474121094,38.39018630981445
2003-10-10,51.90999984741211,38.342166900634766
2003-10-13,52.724998474121094,38.944156646728516
2003-10-14,53.06999969482422,39.198997497558594
2003-10-15,52.404998779296875,38.70779037475586
2003-10-16,52.875,39.05495071411133
2003-10-17,51.849998474121094,38.29786682128906
2003-10-20,52.11000061035156,38.48989486694336
2003-10-21,52.345001220703125,38.663475036621094
2003-10-22,51.20000076293945,37.8177604675293
2003-10-23,50.75,37.48537826538086
2003-10-24,50.625,37.39305114746094
2003-10-27,51.3650016784668,37.93961715698242
2003-10-28,52.599998474121094,38.85184097290039
2003-10-29,52.95000076293945,39.1103630065918
2003-10-30,53.099998474121094,39.22114562988281
2003-10-31,52.75,38.962646484375
2003-11-03,53.64500045776367,39.62369918823242
2003-11-04,53.720001220703125,39.679100036621094
2003-11-05,53.98500061035156,39.874847412109375
2003-11-06,54.40999984741211,40.188751220703125
2003-11-07,53.994998931884766,39.88222122192383
2003-11-10,53.125,39.23960876464844
2003-11-11,52.7599983215332,38.97003173828125
2003-11-12,53.97999954223633,39.871150970458984
2003-11-13,54.125,39.978233337402344
2003-11-14,53.099998474121094,39.22114562988281
2003-11-17,52.45500183105469,38.74473571777344
2003-11-18,51.880001068115234,38.320030212402344
2003-11-19,52.42499923706055,38.722572326660156
2003-11-20,52.06999969482422,38.460350036621094
2003-11-21,52.64500045776367,38.885074615478516
2003-11-24,53.849998474121094,39.775115966796875
2003-11-25,54.17499923706055,40.01518249511719
2003-11-26,54.46500015258789,40.2293701171875
2003-11-28,54.724998474121094,40.42144012451172
2003-12-01,55.43000030517578,40.9421501159668
2003-12-02,55.345001220703125,40.87936782836914
2003-12-03,54.349998474121094,40.14443588256836
2003-12-04,54.474998474121094,40.23677444458008
2003-12-05,53.79999923706055,39.738197326660156
2003-12-08,54.20000076293945,40.033653259277344
2003-12-09,53.28499984741211,39.357791900634766
2003-12-10,52.80500030517578,39.003238677978516
2003-12-11,54.279998779296875,40.092716217041016
2003-12-12,54.47999954223633,40.37994384765625
2003-12-15,53.20500183105469,39.4349365234375
2003-12-16,53.560001373291016,39.78403854370117
2003-12-17,53.54999923706055,39.7766227722168
2003-12-18,54.375,40.38941192626953
2003-12-19,54.20000076293945,40.25944137573242
2003-12-22,54.80500030517578,40.70881652832031
2003-12-23,55.10499954223633,40.93165588378906
2003-12-24,55.040000915527344,40.88336944580078
2003-12-26,55.23500061035156,41.02820587158203
2003-12-29,56.07500076293945,41.65216827392578
2003-12-30,56.220001220703125,41.7598762512207
2003-12-31,55.400001525878906,41.15077590942383
2004-01-02,55.994998931884766,41.592742919921875
2004-01-05,56.650001525878906,42.07927322387695
2004-01-06,56.57500076293945,42.0235710144043
2004-01-07,57.17499923706055,42.469234466552734
2004-01-08,57.61000061035156,42.79236602783203
2004-01-09,57.150001525878906,42.45066452026367
2004-01-12,58.220001220703125,43.24546432495117
2004-01-13,57.974998474121094,43.0634880065918
2004-01-14,58.275001525878906,43.286319732666016
2004-01-15,58.42499923706055,43.397735595703125
2004-01-16,58.75,43.63914489746094
2004-01-20,59.45500183105469,44.162803649902344
2004-01-21,59.375,44.103397369384766
2004-01-22,59.040000915527344,43.85456466674805
2004-01-23,59.36000061035156,44.09223556518555
2004-01-26,59.95000076293945,44.53049850463867
2004-01-27,59.20000076293945,43.97338104248047
2004-01-28,58.275001525878906,43.286319732666016
2004-01-29,57.724998474121094,42.87776184082031
2004-01-30,57.79999923706055,42.9334831237793
2004-02-02,57.95000076293945,43.04490280151367
2004-02-03,57.625,42.803504943847656
2004-02-04,56.20000076293945,41.745018005371094
2004-02-05,56.724998474121094,42.13499450683594
2004-02-06,58.15999984741211,43.20088577270508
2004-02-09,58.275001525878906,43.286319732666016
2004-02-10,58.974998474121094,43.80626678466797
2004-02-11,59.334999084472656,44.07368087768555
2004-02-12,58.93000030517578,43.77284622192383
2004-02-13,58.32500076293945,43.323455810546875
2004-02-17,59.349998474121094,44.08479309082031
2004-02-18,58.915000915527344,43.7617073059082
2004-02-19,57.875,42.98919677734375
2004-02-20,57.775001525878906,42.914920806884766
2004-02-23,56.904998779296875,42.268699645996094
2004-02-24,56.900001525878906,42.26497268676758
2004-02-25,57.70000076293945,42.859214782714844
2004-02-26,58.04999923706055,43.119178771972656
2004-02-27,58.349998474121094,43.3420295715332
2004-03-01,59.275001525878906,44.02909851074219
2004-03-02,58.80500030517578,43.67999267578125
2004-03-03,58.8650016784668,43.72455596923828
2004-03-04,59.61000061035156,44.27793502807617
2004-03-05,59.744998931884766,44.37821578979492
2004-03-08,58.900001525878906,43.750553131103516
2004-03-09,58.400001525878906,43.37914276123047
2004-03-10,57.17499923706055,42.469234466552734
2004-03-11,56.599998474121094,42.04212188720703
2004-03-12,58.125,43.17488479614258
2004-03-15,56.625,42.060691833496094
2004-03-16,56.650001525878906,42.07927322387695
2004-03-17,57.70000076293945,42.859214782714844
2004-03-18,57.349998474121094,42.5992317199707
2004-03-19,56.849998474121094,42.22783279418945
2004-03-22,55.755001068115234,41.41447448730469
2004-03-23,55.849998474121094,41.48504638671875
2004-03-24,55.775001525878906,41.429344177246094
2004-03-25,57.060001373291016,42.38380432128906
2004-03-26,57.099998474121094,42.49134826660156
2004-03-29,58.19499969482422,43.30618667602539
2004-03-30,58.66999816894531,43.65968322753906
2004-03-31,58.79999923706055,43.75642013549805
2004-04-01,59.44499969482422,44.23640441894531
2004-04-02,60.20000076293945,44.798248291015625
2004-04-05,60.375,44.928462982177734
2004-04-06,59.63999938964844,44.381500244140625
2004-04-07,60.09000015258789,44.71639633178711
2004-04-08,59.55500030517578,44.31825637817383
2004-04-12,59.709999084472656,44.4335823059082
2004-04-13,58.31999969482422,43.39923858642578
2004-04-14,58.13999938964844,43.265281677246094
2004-04-15,57.689998626708984,42.93040084838867
2004-04-16,58.130001068115234,43.2578125
2004-04-19,58.560001373291016,43.57781219482422
2004-04-20,57.26499938964844,42.6141357421875
2004-04-21,58.20000076293945,43.309913635253906
2004-04-22,59.0,43.90523910522461
2004-04-23,58.875,43.81222152709961
2004-04-26,59.0,43.90523910522461
2004-04-27,58.849998474121094,43.79360580444336
2004-04-28,57.619998931884766,42.878318786621094
2004-04-29,56.474998474121094,42.026241302490234
2004-04-30,55.55500030517578,41.34163284301758
2004-05-03,56.28499984741211,41.884857177734375
2004-05-04,56.599998474121094,42.11927032470703
2004-05-05,56.849998474121094,42.30531311035156
2004-05-06,56.02000045776367,41.68767166137695
2004-05-07,54.42499923706055,40.50072479248047
2004-05-10,53.459999084472656,39.782596588134766
2004-05-11,54.625,40.64954376220703
2004-05-12,55.040000915527344,40.958377838134766
2004-05-13,54.28499984741211,40.39653396606445
2004-05-14,54.07500076293945,40.240272521972656
2004-05-17,53.560001373291016,39.85703659057617
2004-05-18,54.165000915527344,40.307254791259766
2004-05-19,53.779998779296875,40.020755767822266
2004-05-20,53.88999938964844,40.10260009765625
2004-05-21,54.39500045776367,40.478397369384766
2004-05-24,55.099998474121094,41.0030403137207
2004-05-25,56.25,41.85881805419922
2004-05-26,56.6349983215332,42.14531707763672
2004-05-27,56.650001525878906,42.156490325927734
2004-05-28,56.75,42.230899810791016
2004-06-01,57.290000915527344,42.632747650146484
2004-06-02,57.099998474121094,42.49134826660156
2004-06-03,56.0,41.672786712646484
2004-06-04,56.70000076293945,42.193687438964844
2004-06-07,57.724998474121094,42.95643997192383
2004-06-08,57.66999816894531,42.91551208496094
2004-06-09,56.625,42.13787078857422
2004-06-10,56.849998474121094,42.30531311035156
2004-06-14,55.73500061035156,41.47557830810547
2004-06-15,56.75,42.230899810791016
2004-06-16,56.86000061035156,42.312744140625
2004-06-17,56.71500015258789,42.204856872558594
2004-06-18,56.90999984741211,42.34996795654297
2004-06-21,56.685001373291016,42.18252944946289
2004-06-22,57.125,42.509952545166016
2004-06-23,57.98500061035156,43.149932861328125
2004-06-24,57.775001525878906,42.99364471435547
2004-06-25,58.29999923706055,43.4991569519043
2004-06-28,58.18000030517578,43.40960693359375
2004-06-29,58.665000915527344,43.7714958190918
2004-06-30,58.994998931884766,44.01771545410156
2004-07-01,57.91999816894531,43.21564483642578
2004-07-02,58.099998474121094,43.349918365478516
2004-07-06,57.060001373291016,42.57395553588867
2004-07-07,56.9900016784668,42.521728515625
2004-07-08,55.95500183105469,41.7495002746582
2004-07-09,56.32500076293945,42.02556228637695
2004-07-12,56.0,41.783084869384766
2004-07-13,56.07500076293945,41.83903503417969
2004-07-14,55.75,41.596534729003906
2004-07-15,55.875,41.689815521240234
2004-07-16,55.25,41.223480224609375
2004-07-19,55.18000030517578,41.1712646484375
2004-07-20,56.275001525878906,41.988250732421875
2004-07-21,54.5099983215332,40.67133331298828
2004-07-22,54.599998474121094,40.738487243652344
2004-07-23,53.81999969482422,40.156517028808594
2004-07-26,53.1150016784668,39.63050079345703
2004-07-27,54.10499954223633,40.36915969848633
2004-07-28,54.060001373291016,40.3355712890625
2004-07-29,54.70000076293945,40.81309509277344
2004-07-30,55.0,41.03694534301758
2004-08-02,54.79999923706055,40.8877067565918
2004-08-03,54.01499938964844,40.302005767822266
2004-08-04,53.970001220703125,40.26842498779297
2004-08-05,52.974998474121094,39.526031494140625
2004-08-06,51.8650016784668,38.697845458984375
2004-08-09,51.70000076293945,38.5747184753418
2004-08-10,52.5099983215332,39.179073333740234
2004-08-11,52.439998626708984,39.126853942871094
2004-08-12,51.685001373291016,38.56351852416992
2004-08-13,51.67499923706055,38.55606460571289
2004-08-16,52.560001373291016,39.21638870239258
2004-08-17,52.88999938964844,39.462615966796875
2004-08-18,54.02000045776367,40.305728912353516
2004-08-19,53.560001373291016,39.9625129699707
2004-08-20,54.5099983215332,40.67133331298828
2004-08-23,54.310001373291016,40.52210998535156
2004-08-24,54.459999084472656,40.634029388427734
2004-08-25,54.77000045776367,40.86534118652344
2004-08-26,54.45000076293945,40.626564025878906
2004-08-27,54.880001068115234,40.94742202758789
2004-08-30,54.255001068115234,40.48106002807617
2004-08-31,54.16999816894531,40.41765213012695
2004-09-01,55.125,41.130191802978516
2004-09-02,56.095001220703125,41.85394287109375
2004-09-03,55.474998474121094,41.39133834838867
2004-09-07,56.17499923706055,41.91362762451172
2004-09-08,55.875,41.689815521240234
2004-09-09,56.34000015258789,42.036746978759766
2004-09-10,56.86000061035156,42.424713134765625
2004-09-13,57.165000915527344,42.65229797363281
2004-09-14,57.04999923706055,42.566497802734375
2004-09-15,56.70500183105469,42.309078216552734
2004-09-16,57.314998626708984,42.764225006103516
2004-09-17,57.21500015258789,42.689605712890625
2004-09-20,56.959999084472656,42.49934005737305
2004-09-21,57.38999938964844,42.82017517089844
2004-09-22,56.41999816894531,42.09644317626953
2004-09-23,56.3650016784668,42.05539321899414
2004-09-24,56.334999084472656,42.13207244873047
2004-09-27,55.73500061035156,41.68330764770508
2004-09-28,56.400001525878906,42.180667877197266
2004-09-29,56.92499923706055,42.573307037353516
2004-09-30,56.92499923706055,42.573307037353516
2004-10-01,58.36000061035156,43.64653015136719
2004-10-04,58.689998626708984,43.89333724975586
2004-10-05,58.6349983215332,43.85218811035156
2004-10-06,59.01499938964844,44.136390686035156
2004-10-07,58.029998779296875,43.39973068237305
2004-10-08,57.29999923706055,42.85377502441406
2004-10-11,57.56999969482422,43.05570983886719
2004-10-12,57.435001373291016,42.9547233581543
2004-10-13,56.599998474121094,42.33024215698242
2004-10-14,56.22999954223633,42.05353546142578
2004-10-15,56.810001373291016,42.48728942871094
2004-10-18,57.04999923706055,42.66679382324219
2004-10-19,56.459999084472656,42.225547790527344
2004-10-20,56.755001068115234,42.44618606567383
2004-10-21,57.474998474121094,42.98466110229492
2004-10-22,56.494998931884766,42.2516975402832
2004-10-25,57.099998474121094,42.704200744628906
2004-10-26,57.849998474121094,43.26512145996094
2004-10-27,58.415000915527344,43.68764877319336
2004-10-28,58.20000076293945,43.52685546875
2004-10-29,58.095001220703125,43.448333740234375
2004-11-01,58.55500030517578,43.79235076904297
2004-11-02,58.32500076293945,43.620357513427734
2004-11-03,59.26499938964844,44.32334899902344
2004-11-04,59.9900016784668,44.86555862426758
2004-11-05,60.2599983215332,45.06749725341797
2004-11-08,60.04999923706055,44.91044235229492
2004-11-09,60.26499938964844,45.07124328613281
2004-11-10,60.70000076293945,45.39656066894531
2004-11-11,61.29999923706055,45.845314025878906
2004-11-12,61.92499923706055,46.31275177001953
2004-11-15,62.275001525878906,46.574485778808594
2004-11-16,61.724998474121094,46.16315841674805
2004-11-17,62.05500030517578,46.40994644165039
2004-11-18,61.959999084472656,46.33890914916992
2004-11-19,61.29999923706055,45.845314025878906
2004-11-22,61.95000076293945,46.33142852783203
2004-11-23,62.334999084472656,46.61936569213867
2004-11-24,62.709999084472656,46.899810791015625
2004-11-26,62.75,46.92972183227539
2004-11-29,62.974998474121094,47.09800338745117
2004-11-30,63.439998626708984,47.44576644897461
2004-12-01,64.02999877929688,47.88700866699219
2004-12-02,63.939998626708984,47.81970977783203
2004-12-03,63.81999969482422,47.72998046875
2004-12-06,63.52000045776367,47.505615234375
2004-12-07,62.404998779296875,46.671722412109375
2004-12-08,63.099998474121094,47.191505432128906
2004-12-09,62.619998931884766,46.832523345947266
2004-12-10,63.099998474121094,47.191505432128906
2004-12-13,63.790000915527344,47.70753479003906
2004-12-14,64.13500213623047,47.965572357177734
2004-12-15,64.66999816894531,48.36568069458008
2004-12-16,64.16500091552734,47.988006591796875
2004-12-17,63.904998779296875,47.79353332519531
2004-12-20,63.83000183105469,47.737464904785156
2004-12-21,64.50499725341797,48.24225997924805
2004-12-22,64.62999725341797,48.335750579833984
2004-12-23,64.58999633789062,48.459930419921875
2004-12-27,64.17500305175781,48.14856719970703
2004-12-28,65.0250015258789,48.78631591796875
2004-12-29,65.0199966430664,48.78253936767578
2004-12-30,64.79000091552734,48.60997772216797
2004-12-31,64.75,48.5799560546875
2005-01-03,63.90999984741211,47.94972610473633
2005-01-04,62.540000915527344,46.92188262939453
2005-01-05,61.290000915527344,45.98403549194336
2005-01-06,61.6150016784668,46.227867126464844
2005-01-07,60.93000030517578,45.71395492553711
2005-01-10,61.54999923706055,46.17911148071289
2005-01-11,60.79999923706055,45.61640930175781
2005-01-12,61.04999923706055,45.80397415161133
2005-01-13,60.8650016784668,45.665164947509766
2005-01-14,61.44499969482422,46.1003303527832
2005-01-18,62.17499923706055,46.64802169799805
2005-01-19,61.28499984741211,45.980289459228516
2005-01-20,60.91999816894531,45.7064208984375
2005-01-21,60.779998779296875,45.601402282714844
2005-01-24,60.314998626708984,45.25251007080078
2005-01-25,60.470001220703125,45.36881637573242
2005-01-26,61.275001525878906,45.97278594970703
2005-01-27,61.45000076293945,46.104087829589844
2005-01-28,61.400001525878906,46.06654357910156
2005-01-31,62.119998931884766,46.60676574707031
2005-02-01,62.470001220703125,46.869361877441406
2005-02-02,62.94499969482422,47.22574996948242
2005-02-03,62.599998474121094,46.96688461303711
2005-02-04,63.38999938964844,47.55961990356445
2005-02-07,63.375,47.54834747314453
2005-02-08,63.529998779296875,47.664642333984375
2005-02-09,62.17499923706055,46.64802169799805
2005-02-10,62.28499984741211,46.730560302734375
2005-02-11,63.29999923706055,47.492061614990234
2005-02-14,63.244998931884766,47.45082092285156
2005-02-15,63.29999923706055,47.492061614990234
2005-02-16,63.4900016784668,47.634620666503906
2005-02-17,62.93000030517578,47.214473724365234
2005-02-18,62.775001525878906,47.09819030761719
2005-02-22,61.54999923706055,46.17911148071289
2005-02-23,61.915000915527344,46.452964782714844
2005-02-24,62.494998931884766,46.88810729980469
2005-02-25,63.53499984741211,47.66840362548828
2005-02-28,63.13999938964844,47.372039794921875
2005-03-01,63.625,47.73591613769531
2005-03-02,63.5099983215332,47.649635314941406
2005-03-03,63.564998626708984,47.69091033935547
2005-03-04,64.34500122070312,48.276123046875
2005-03-07,64.18499755859375,48.15608215332031
2005-03-08,63.57500076293945,47.698402404785156
2005-03-09,62.85499954223633,47.158206939697266
2005-03-10,62.584999084472656,46.955631256103516
2005-03-11,62.540000915527344,46.92188262939453
2005-03-14,63.0099983215332,47.274505615234375
2005-03-15,62.584999084472656,46.955631256103516
2005-03-16,62.23500061035156,46.693031311035156
2005-03-17,62.23500061035156,46.693031311035156
2005-03-18,61.900001525878906,46.441688537597656
2005-03-21,61.974998474121094,46.49797058105469
2005-03-22,61.54999923706055,46.17911148071289
2005-03-23,61.099998474121094,45.84147262573242
2005-03-24,61.04999923706055,46.01030349731445
2005-03-28,61.07500076293945,46.029144287109375
2005-03-29,60.20000076293945,45.369693756103516
2005-03-30,61.084999084472656,46.03667449951172
2005-03-31,61.07500076293945,46.029144287109375
2005-04-01,60.81999969482422,45.836944580078125
2005-04-04,61.04499816894531,46.00653839111328
2005-04-05,61.154998779296875,46.08945083618164
2005-04-06,61.345001220703125,46.232643127441406
2005-04-07,61.584999084472656,46.41350555419922
2005-04-08,60.650001525878906,45.70884323120117
2005-04-11,60.349998474121094,45.48275375366211
2005-04-12,60.915000915527344,45.90855026245117
2005-04-13,59.82500076293945,45.08708572387695
2005-04-14,58.625,44.182716369628906
2005-04-15,57.81999969482422,43.576026916503906
2005-04-18,58.189998626708984,43.8548583984375
2005-04-19,59.150001525878906,44.578369140625
2005-04-20,58.224998474121094,43.8812370300293
2005-04-21,59.650001525878906,44.955196380615234
2005-04-22,58.685001373291016,44.2279167175293
2005-04-25,59.224998474121094,44.6348762512207
2005-04-26,58.38999938964844,44.00559997558594
2005-04-27,58.3650016784668,43.98674011230469
2005-04-28,56.875,42.86382293701172
2005-04-29,57.619998931884766,43.4252815246582
2005-05-02,58.209999084472656,43.86995315551758
2005-05-03,58.5,44.08849334716797
2005-05-04,59.150001525878906,44.578369140625
2005-05-05,59.13999938964844,44.570838928222656
2005-05-06,59.349998474121094,44.729095458984375
2005-05-09,59.91999816894531,45.158687591552734
2005-05-10,59.20500183105469,44.61982345581055
2005-05-11,59.23500061035156,44.64242935180664
2005-05-12,58.29999923706055,43.93776321411133
2005-05-13,58.09000015258789,43.779502868652344
2005-05-16,58.98500061035156,44.45402526855469
2005-05-17,59.334999084472656,44.71780014038086
2005-05-18,60.525001525878906,45.61464309692383
2005-05-19,60.67499923706055,45.72768020629883
2005-05-20,60.599998474121094,45.67115783691406
2005-05-23,61.0,45.9726448059082
2005-05-24,60.75,45.78420639038086
2005-05-25,60.29499816894531,45.44129943847656
2005-05-26,61.1349983215332,46.0743522644043
2005-05-27,61.474998474121094,46.330604553222656
2005-05-31,61.345001220703125,46.232643127441406
2005-06-01,62.040000915527344,46.75643539428711
2005-06-02,62.209999084472656,46.884525299072266
2005-06-03,61.755001068115234,46.5416259765625
2005-06-06,61.98500061035156,46.7149658203125
2005-06-07,62.11000061035156,46.80917739868164
2005-06-08,61.71500015258789,46.51148986816406
2005-06-09,62.31999969482422,46.96743392944336
2005-06-10,62.45000076293945,47.0654182434082
2005-06-13,62.72999954223633,47.27644348144531
2005-06-14,63.27000045776367,47.683406829833984
2005-06-15,63.439998626708984,47.81151580810547
2005-06-16,64.05999755859375,48.278785705566406
2005-06-17,64.0199966430664,48.248653411865234
2005-06-20,63.68000030517578,48.102088928222656
2005-06-21,63.86000061035156,48.23808288574219
2005-06-22,64.01000213623047,48.35135269165039
2005-06-23,62.880001068115234,47.497802734375
2005-06-24,62.209999084472656,46.991695404052734
2005-06-27,62.369998931884766,47.112552642822266
2005-06-28,63.34000015258789,47.84526062011719
2005-06-29,63.84000015258789,48.222965240478516
2005-06-30,63.70000076293945,48.1171989440918
2005-07-01,63.97999954223633,48.32871627807617
2005-07-05,64.98999786376953,49.09164047241211
2005-07-06,64.4000015258789,48.64595413208008
2005-07-07,64.58000183105469,48.78193283081055
2005-07-08,65.97000122070312,49.83191680908203
2005-07-11,66.77999877929688,50.44374084472656
2005-07-12,66.56999969482422,50.285125732421875
2005-07-13,66.41999816894531,50.17182159423828
2005-07-14,65.94000244140625,49.80925369262695
2005-07-15,66.0,49.854557037353516
2005-07-18,65.62000274658203,49.56751251220703
2005-07-19,66.54000091552734,50.262481689453125
2005-07-20,67.3499984741211,50.874271392822266
2005-07-21,66.30000305175781,50.0811653137207
2005-07-22,67.31999969482422,50.851654052734375
2005-07-25,66.87999725341797,50.51929473876953
2005-07-26,67.08000183105469,50.670379638671875
2005-07-27,67.2699966430664,50.81388473510742
2005-07-28,67.95999908447266,51.33509826660156
2005-07-29,67.88999938964844,51.282203674316406
2005-08-01,67.86000061035156,51.259552001953125
2005-08-02,68.37000274658203,51.6447868347168
2005-08-03,68.02999877929688,51.387962341308594
2005-08-04,66.88999938964844,50.5268440246582
2005-08-05,65.97000122070312,49.83191680908203
2005-08-08,65.73999786376953,49.65816879272461
2005-08-09,65.83999633789062,49.73371124267578
2005-08-10,65.75,49.66572952270508
2005-08-11,66.31999969482422,50.09629440307617
2005-08-12,65.5199966430664,49.49198913574219
2005-08-15,66.22000122070312,50.020748138427734
2005-08-16,65.05999755859375,49.1445198059082
2005-08-17,64.9800033569336,49.084068298339844
2005-08-18,64.7699966430664,48.92544937133789
2005-08-19,65.11000061035156,49.182273864746094
2005-08-22,65.4800033569336,49.46175003051758
2005-08-23,65.47000122070312,49.4542236328125
2005-08-24,65.20999908447266,49.25780487060547
2005-08-25,65.56999969482422,49.52975082397461
2005-08-26,64.5,48.72150421142578
2005-08-29,65.37000274658203,49.37867736816406
2005-08-30,65.08000183105469,49.15962219238281
2005-08-31,66.52999877929688,50.25490188598633
2005-09-01,66.52999877929688,50.25490188598633
2005-09-02,66.16999816894531,49.982975006103516
2005-09-06,67.16000366210938,50.730796813964844
2005-09-07,67.36000061035156,50.88187026977539
2005-09-08,66.9800033569336,50.594818115234375
2005-09-09,67.38999938964844,50.904541015625
2005-09-12,67.69000244140625,51.13112258911133
2005-09-13,67.16999816894531,50.738346099853516
2005-09-14,66.4000015258789,50.15671920776367
2005-09-15,66.16999816894531,49.982975006103516
2005-09-16,66.94000244140625,50.56462860107422
2005-09-19,66.62000274658203,50.32289505004883
2005-09-20,65.66000366210938,49.59772491455078
2005-09-21,64.5999984741211,48.79703903198242
2005-09-22,64.93000030517578,49.04631423950195
2005-09-23,65.18000030517578,49.38575744628906
2005-09-26,65.62000274658203,49.71913528442383
2005-09-27,65.4000015258789,49.552452087402344
2005-09-28,65.30999755859375,49.484249114990234
2005-09-29,66.02999877929688,50.02977752685547
2005-09-30,66.38999938964844,50.30255889892578
2005-10-03,66.79000091552734,50.605621337890625
2005-10-04,65.77999877929688,49.840362548828125
2005-10-05,64.0999984741211,48.56745529174805
2005-10-06,63.529998779296875,48.13557434082031
2005-10-07,64.0999984741211,48.56745529174805
2005-10-10,63.380001068115234,48.02191162109375
2005-10-11,62.5,47.35515594482422
2005-10-12,61.619998931884766,46.68840789794922
2005-10-13,61.869998931884766,46.877830505371094
2005-10-14,62.90999984741211,47.66581726074219
2005-10-17,63.02000045776367,47.74916458129883
2005-10-18,62.16999816894531,47.1051139831543
2005-10-19,63.5099983215332,48.12041473388672
2005-10-20,62.33000183105469,47.22635269165039
2005-10-21,63.02000045776367,47.74916458129883
2005-10-24,64.4000015258789,48.79475021362305
2005-10-25,63.849998474121094,48.37804412841797
2005-10-26,63.52000045776367,48.12800216674805
2005-10-27,62.189998626708984,47.12028884887695
2005-10-28,63.060001373291016,47.779476165771484
2005-10-31,63.779998779296875,48.325008392333984
2005-11-01,64.0999984741211,48.56745529174805
2005-11-02,65.38999938964844,49.54487228393555
2005-11-03,65.62000274658203,49.71913528442383
2005-11-04,65.4800033569336,49.61305618286133
2005-11-07,65.72000122070312,49.794891357421875
2005-11-08,65.4800033569336,49.61305618286133
2005-11-09,65.69999694824219,49.779762268066406
2005-11-10,66.05000305175781,50.044944763183594
2005-11-11,66.43000030517578,50.33287811279297
2005-11-14,66.19000244140625,50.151023864746094
2005-11-15,65.2300033569336,49.423641204833984
2005-11-16,65.25,49.43878173828125
2005-11-17,66.37999725341797,50.29496383666992
2005-11-18,66.88999938964844,50.681396484375
2005-11-21,67.56999969482422,51.196590423583984
2005-11-22,67.93000030517578,51.46939468383789
2005-11-23,68.01000213623047,51.530006408691406
2005-11-25,67.95999908447266,51.49210739135742
2005-11-28,67.05999755859375,50.81020736694336
2005-11-29,67.16000366210938,50.88597869873047
2005-11-30,67.44999694824219,51.105690002441406
2005-12-01,68.55000305175781,51.93914794921875
2005-12-02,68.81999969482422,52.143707275390625
2005-12-05,68.33000183105469,51.7724494934082
2005-12-06,68.54000091552734,51.93156814575195
2005-12-07,68.12000274658203,51.61333465576172
2005-12-08,68.30000305175781,51.749725341796875
2005-12-09,68.63999938964844,52.00735092163086
2005-12-12,68.8499984741211,52.16643524169922
2005-12-13,68.86000061035156,52.17403030395508
2005-12-14,68.77999877929688,52.113407135009766
2005-12-15,68.08000183105469,51.583045959472656
2005-12-16,67.83999633789062,51.40118408203125
2005-12-19,67.0,50.76475524902344
2005-12-20,66.9800033569336,50.749603271484375
2005-12-21,67.79000091552734,51.36330795288086
2005-12-22,67.97000122070312,51.69874954223633
2005-12-23,68.12999725341797,51.82044219970703
2005-12-27,67.11000061035156,51.044620513916016
2005-12-28,67.51000213623047,51.34884262084961
2005-12-29,67.1500015258789,51.075042724609375
2005-12-30,66.72000122070312,50.74794006347656
2006-01-03,68.05000305175781,51.75960922241211
2006-01-04,68.41999816894531,52.041015625
2006-01-05,68.79000091552734,52.32243347167969
2006-01-06,69.61000061035156,52.94615173339844
2006-01-09,70.06999969482422,53.296024322509766
2006-01-10,70.69999694824219,53.77519989013672
2006-01-11,70.58000183105469,53.68394470214844
2006-01-12,70.33000183105469,53.493770599365234
2006-01-13,70.36000061035156,53.516605377197266
2006-01-17,70.02999877929688,53.26557159423828
2006-01-18,69.87999725341797,53.1514892578125
2006-01-19,71.0,54.00337600708008
2006-01-20,70.19000244140625,53.38728332519531
2006-01-23,70.41000366210938,53.55461502075195
2006-01-24,71.19999694824219,54.155494689941406
2006-01-25,71.37999725341797,54.292423248291016
2006-01-26,72.41000366210938,55.07585525512695
2006-01-27,72.7699966430664,55.349700927734375
2006-01-30,72.55999755859375,55.18994140625
2006-01-31,72.3499984741211,55.030208587646484
2006-02-01,73.0999984741211,55.60066604614258
2006-02-02,72.0,54.76399612426758
2006-02-03,71.77999877929688,54.59667205810547
2006-02-06,72.41999816894531,55.08344268798828
2006-02-07,71.25,54.19352722167969
2006-02-08,71.69999694824219,54.535823822021484
2006-02-09,71.33000183105469,54.254425048828125
2006-02-10,71.18000030517578,54.14030838012695
2006-02-13,70.70999908447266,53.7828254699707
2006-02-14,71.52999877929688,54.40651321411133
2006-02-15,72.16000366210938,54.88571548461914
2006-02-16,72.80000305175781,55.372474670410156
2006-02-17,72.6500015258789,55.25841522216797
2006-02-21,72.33000183105469,55.01499557495117
2006-02-22,72.81999969482422,55.38768768310547
2006-02-23,72.7699966430664,55.349700927734375
2006-02-24,73.3499984741211,55.790809631347656
2006-02-27,73.55000305175781,55.94293212890625
2006-02-28,72.58000183105469,55.20515441894531
2006-03-01,73.9000015258789,56.20915603637695
2006-03-02,73.58999633789062,55.97337341308594
2006-03-03,73.22000122070312,55.691951751708984
2006-03-06,72.6500015258789,55.25841522216797
2006-03-07,71.5999984741211,54.459747314453125
2006-03-08,71.8499984741211,54.64992141723633
2006-03-09,71.22000122070312,54.170745849609375
2006-03-10,72.31999969482422,55.00739669799805
2006-03-13,72.47000122070312,55.12147521972656
2006-03-14,73.2699966430664,55.72996139526367
2006-03-15,73.94000244140625,56.23957443237305
2006-03-16,73.7699966430664,56.11030197143555
2006-03-17,74.06999969482422,56.3384895324707
2006-03-20,74.02999877929688,56.30803680419922
2006-03-21,73.0,55.52460479736328
2006-03-22,74.12999725341797,56.384098052978516
2006-03-23,74.44999694824219,56.62751007080078
2006-03-24,74.9000015258789,57.099388122558594
2006-03-27,74.91000366210938,57.10700225830078
2006-03-28,74.5199966430664,56.80970764160156
2006-03-29,75.9000015258789,57.86174011230469
2006-03-30,75.69999694824219,57.709259033203125
2006-03-31,75.97000122070312,57.91509246826172
2006-04-03,75.33999633789062,57.43482208251953
2006-04-04,75.68000030517578,57.69401168823242
2006-04-05,76.06999969482422,57.99131393432617
2006-04-06,76.2300033569336,58.11332702636719
2006-04-07,75.01000213623047,57.183250427246094
2006-04-10,74.93000030517578,57.12223434448242
2006-04-11,73.5999984741211,56.10834884643555
2006-04-12,74.37000274658203,56.69535446166992
2006-04-13,74.55999755859375,56.8402214050293
2006-04-17,74.61000061035156,56.8782958984375
2006-04-18,76.69999694824219,58.47159957885742
2006-04-19,77.26000213623047,58.898521423339844
2006-04-20,76.8499984741211,58.58597946166992
2006-04-21,76.68000030517578,58.456356048583984
2006-04-24,76.06999969482422,57.99131393432617
2006-04-25,76.12000274658203,58.029449462890625
2006-04-26,76.05999755859375,57.98373031616211
2006-04-27,75.43000030517578,57.5034294128418
2006-04-28,76.19999694824219,58.09043502807617
2006-05-01,75.26000213623047,57.37381362915039
2006-05-02,76.29000091552734,58.159061431884766
2006-05-03,76.16000366210938,58.05992889404297
2006-05-04,77.08999633789062,58.76893615722656
2006-05-05,77.5199966430664,59.096710205078125
2006-05-08,77.62999725341797,59.180564880371094
2006-05-09,77.5199966430664,59.096710205078125
2006-05-10,77.05000305175781,58.73843002319336
2006-05-11,75.30999755859375,57.411956787109375
2006-05-12,73.5,56.0321044921875
2006-05-15,73.16999816894531,55.78052520751953
2006-05-16,73.29000091552734,55.871986389160156
2006-05-17,71.94999694824219,54.85047912597656
2006-05-18,71.2699966430664,54.332096099853516
2006-05-19,71.9000015258789,54.8123664855957
2006-05-22,71.0999984741211,54.202484130859375
2006-05-23,70.18000030517578,53.50113296508789
2006-05-24,70.72000122070312,53.91282272338867
2006-05-25,72.20999908447266,55.048667907714844
2006-05-26,72.63999938964844,55.376522064208984
2006-05-30,70.63999938964844,53.851810455322266
2006-05-31,71.87000274658203,54.78947448730469
2006-06-01,73.2699966430664,55.85676193237305
2006-06-02,73.22000122070312,55.81866455078125
2006-06-05,71.08999633789062,54.19485092163086
2006-06-06,70.79000091552734,53.966163635253906
2006-06-07,70.0999984741211,53.44013595581055
2006-06-08,70.16000366210938,53.48588562011719
2006-06-09,69.54000091552734,53.01324462890625
2006-06-12,67.94000244140625,51.79349899291992
2006-06-13,66.6500015258789,50.81008529663086
2006-06-14,67.44999694824219,51.41992950439453
2006-06-15,69.76000213623047,53.18096160888672
2006-06-16,68.8499984741211,52.48722839355469
2006-06-19,67.5,51.458065032958984
2006-06-20,67.41999816894531,51.397056579589844
2006-06-21,68.5999984741211,52.296627044677734
2006-06-22,68.23999786376953,52.10194778442383
2006-06-23,68.6500015258789,52.41499328613281
2006-06-26,69.5,53.06397247314453
2006-06-27,68.30000305175781,52.14774703979492
2006-06-28,68.5999984741211,52.37679672241211
2006-06-29,71.25,54.400115966796875
2006-06-30,71.7300033569336,54.7666015625
2006-07-03,72.62999725341797,55.45378112792969
2006-07-05,71.56999969482422,54.644432067871094
2006-07-06,71.55000305175781,54.629150390625
2006-07-07,70.48999786376953,53.819820404052734
2006-07-10,70.5,53.827484130859375
2006-07-11,71.12000274658203,54.30085754394531
2006-07-12,69.6500015258789,53.17849349975586
2006-07-13,68.06999969482422,51.972129821777344
2006-07-14,67.52999877929688,51.55984878540039
2006-07-17,67.44000244140625,51.491146087646484
2006-07-18,67.9000015258789,51.842342376708984
2006-07-19,69.5,53.06397247314453
2006-07-20,67.72000122070312,51.70490646362305
2006-07-21,66.75,50.964298248291016
2006-07-24,68.87999725341797,52.5905647277832
2006-07-25,69.05000305175781,52.72040557861328
2006-07-26,68.9000015258789,52.6058464050293
2006-07-27,68.23999786376953,52.10194778442383
2006-07-28,69.66999816894531,53.193756103515625
2006-07-31,69.68000030517578,53.20139694213867
2006-08-01,68.58999633789062,52.369163513183594
2006-08-02,69.5,53.06397247314453
2006-08-03,70.33999633789062,53.7053108215332
2006-08-04,69.62000274658203,53.155601501464844
2006-08-07,69.3499984741211,52.949432373046875
2006-08-08,68.38999938964844,52.2164421081543
2006-08-09,67.69999694824219,51.689640045166016
2006-08-10,68.30000305175781,52.14774703979492
2006-08-11,67.5999984741211,51.61326599121094
2006-08-14,68.0,51.91869354248047
2006-08-15,69.41999816894531,53.002872467041016
2006-08-16,70.41999816894531,53.76637268066406
2006-08-17,70.52999877929688,53.850399017333984
2006-08-18,70.94000244140625,54.163429260253906
2006-08-21,70.18000030517578,53.583152770996094
2006-08-22,70.41000366210938,53.75875473022461
2006-08-23,69.5999984741211,53.14033126831055
2006-08-24,69.4800033569336,53.0486946105957
2006-08-25,69.5999984741211,53.14033126831055
2006-08-28,70.33999633789062,53.7053108215332
2006-08-29,71.25,54.400115966796875
2006-08-30,71.80000305175781,54.820011138916016
2006-08-31,71.7699966430664,54.797119140625
2006-09-01,71.81999969482422,54.83531188964844
2006-09-05,72.47000122070312,55.33158874511719
2006-09-06,70.93000030517578,54.15578079223633
2006-09-07,70.30000305175781,53.67477798461914
2006-09-08,70.56999969482422,53.88091278076172
2006-09-11,70.4800033569336,53.81220626831055
2006-09-12,72.13999938964844,55.07964324951172
2006-09-13,72.75,55.54536437988281
2006-09-14,72.48999786376953,55.34687805175781
2006-09-15,72.66000366210938,55.476661682128906
2006-09-18,72.63999938964844,55.461421966552734
2006-09-19,72.31999969482422,55.21706771850586
2006-09-20,73.29000091552734,55.9576301574707
2006-09-21,72.5,55.354488372802734
2006-09-22,71.54000091552734,54.62152099609375
2006-09-25,72.38999938964844,55.2704963684082
2006-09-26,72.38999938964844,55.44742965698242
2006-09-27,72.91999816894531,55.8533935546875
2006-09-28,72.62999725341797,55.631290435791016
2006-09-29,72.0,55.148712158203125
2006-10-02,71.31999969482422,54.627872467041016
2006-10-03,71.22000122070312,54.55127716064453
2006-10-04,72.94999694824219,55.87637710571289
2006-10-05,73.87999725341797,56.58869171142578
2006-10-06,73.5,56.29766082763672
2006-10-09,74.05999755859375,56.7265625
2006-10-10,74.0999984741211,56.75721740722656
2006-10-11,73.80999755859375,56.535091400146484
2006-10-12,75.30000305175781,57.67634582519531
2006-10-13,75.9000015258789,58.135963439941406
2006-10-16,76.3499984741211,58.48063659667969
2006-10-17,75.97000122070312,58.1895637512207
2006-10-18,75.9800033569336,58.197227478027344
2006-10-19,76.3499984741211,58.48063659667969
2006-10-20,75.5999984741211,57.906158447265625
2006-10-23,75.75,58.02104568481445
2006-10-24,75.9000015258789,58.135963439941406
2006-10-25,76.4000015258789,58.518898010253906
2006-10-26,77.04000091552734,59.00909423828125
2006-10-27,76.13999938964844,58.31976318359375
2006-10-30,76.47000122070312,58.57255172729492
2006-10-31,76.2300033569336,58.38872146606445
2006-11-01,74.58000183105469,57.1248779296875
2006-11-02,74.47000122070312,57.040618896484375
2006-11-03,74.83000183105469,57.31636047363281
2006-11-06,75.69999694824219,57.982749938964844
2006-11-07,76.19999694824219,58.36573028564453
2006-11-08,76.58999633789062,58.66444778442383
2006-11-09,75.88999938964844,58.12828826904297
2006-11-10,76.5199966430664,58.610816955566406
2006-11-13,76.62999725341797,58.69510269165039
2006-11-14,78.11000061035156,59.828697204589844
2006-11-15,78.69999694824219,60.280616760253906
2006-11-16,78.63999938964844,60.2346305847168
2006-11-17,78.58999633789062,60.19638442993164
2006-11-20,78.69999694824219,60.280616760253906
2006-11-21,78.83000183105469,60.38017272949219
2006-11-22,78.91999816894531,60.449134826660156
2006-11-24,78.55999755859375,60.173370361328125
2006-11-27,76.80000305175781,58.8253059387207
2006-11-28,77.05999755859375,59.02446365356445
2006-11-29,78.05999755859375,59.7904052734375
2006-11-30,78.06999969482422,59.79807662963867
2006-12-01,77.77999877929688,59.5759391784668
2006-12-04,79.31999969482422,60.755489349365234
2006-12-05,79.37999725341797,60.80147171020508
2006-12-06,79.11000061035156,60.59465408325195
2006-12-07,78.7699966430664,60.33424377441406
2006-12-08,78.77999877929688,60.34190368652344
2006-12-11,78.9800033569336,60.49509048461914
2006-12-12,78.55000305175781,60.16574478149414
2006-12-13,78.6500015258789,60.24230194091797
2006-12-14,78.97000122070312,60.48743438720703
2006-12-15,78.9000015258789,60.43379592895508
2006-12-18,77.91000366210938,59.67550277709961
2006-12-19,77.86000061035156,59.63722610473633
2006-12-20,77.9800033569336,59.98258972167969
2006-12-21,77.62000274658203,59.70565414428711
2006-12-22,77.11000061035156,59.313385009765625
2006-12-26,78.20999908447266,60.159481048583984
2006-12-27,79.13999938964844,60.87485885620117
2006-12-28,78.77999877929688,60.597965240478516
2006-12-29,78.02999877929688,60.02104187011719
2007-01-03,78.16000366210938,60.121055603027344
2007-01-04,78.37000274658203,60.2825927734375
2007-01-05,76.7300033569336,59.02109146118164
2007-01-08,76.43000030517578,58.790313720703125
2007-01-09,77.1500015258789,59.34413528442383
2007-01-10,77.75,59.8056640625
2007-01-11,78.2300033569336,60.17489242553711
2007-01-12,78.9800033569336,60.75178146362305
2007-01-16,78.44999694824219,60.34409713745117
2007-01-17,78.11000061035156,60.08256912231445
2007-01-18,77.45999908447266,59.58259963989258
2007-01-19,77.76000213623047,59.813358306884766
2007-01-22,77.19000244140625,59.37491989135742
2007-01-23,77.91999816894531,59.9364128112793
2007-01-24,78.7699966430664,60.59027099609375
2007-01-25,77.77999877929688,59.82875061035156
2007-01-26,78.06999969482422,60.05183029174805
2007-01-29,78.75,60.57490158081055
2007-01-30,79.18000030517578,60.9056282043457
2007-01-31,79.3499984741211,61.036373138427734
2007-02-01,80.19999694824219,61.69020080566406
2007-02-02,80.25,61.72867965698242
2007-02-05,80.23999786376953,61.72098922729492
2007-02-06,80.44000244140625,61.874839782714844
2007-02-07,81.18000030517578,62.44403839111328
2007-02-08,81.05000305175781,62.34403610229492
2007-02-09,80.30999755859375,61.77483367919922
2007-02-12,80.08999633789062,61.60562515258789
2007-02-13,80.68000030517578,62.0594482421875
2007-02-14,80.80000305175781,62.15175247192383
2007-02-15,80.86000061035156,62.19786834716797
2007-02-16,81.16999816894531,62.43634033203125
2007-02-20,81.94999694824219,63.03632354736328
2007-02-21,82.0999984741211,63.15167999267578
2007-02-22,82.38999938964844,63.374778747558594
2007-02-23,81.94999694824219,63.03632354736328
2007-02-26,81.88999938964844,62.99015808105469
2007-02-27,78.05000305175781,60.03643035888672
2007-02-28,78.83000183105469,60.63640213012695
2007-03-01,78.41999816894531,60.32103729248047
2007-03-02,76.86000061035156,59.121097564697266
2007-03-05,75.16999816894531,57.82114028930664
2007-03-06,77.22000122070312,59.397987365722656
2007-03-07,76.97000122070312,59.2056770324707
2007-03-08,77.55000305175781,59.65183639526367
2007-03-09,78.18000030517578,60.13641357421875
2007-03-12,78.4000015258789,60.30564880371094
2007-03-13,76.38999938964844,58.75954818725586
2007-03-14,77.19999694824219,59.38260269165039
2007-03-15,77.80000305175781,59.844139099121094
2007-03-16,77.2699966430664,59.43644332885742
2007-03-19,78.2300033569336,60.17489242553711
2007-03-20,78.8499984741211,60.651790618896484
2007-03-21,80.2699966430664,61.74407958984375
2007-03-22,80.2699966430664,61.74407958984375
2007-03-23,80.23999786376953,61.839630126953125
2007-03-26,80.06999969482422,61.708614349365234
2007-03-27,79.69999694824219,61.423439025878906
2007-03-28,79.1500015258789,60.99959945678711
2007-03-29,79.25,61.076637268066406
2007-03-30,79.44999694824219,61.23078918457031
2007-04-02,79.6500015258789,61.38493347167969
2007-04-03,80.5,62.04000473022461
2007-04-04,80.48999786376953,62.03229522705078
2007-04-05,80.44000244140625,61.99374771118164
2007-04-09,80.55000305175781,62.07854080200195
2007-04-10,80.80000305175781,62.271217346191406
2007-04-11,80.30000305175781,61.885868072509766
2007-04-12,80.83999633789062,62.302040100097656
2007-04-13,81.36000061035156,62.70279312133789
2007-04-16,82.4800033569336,63.56592559814453
2007-04-17,82.2300033569336,63.373268127441406
2007-04-18,81.75,63.00337219238281
2007-04-19,81.36000061035156,62.70279312133789
2007-04-20,82.30999755859375,63.43492889404297
2007-04-23,82.22000122070312,63.36558532714844
2007-04-24,82.18000030517578,63.334739685058594
2007-04-25,82.41000366210938,63.51200485229492
2007-04-26,82.87000274658203,63.86654281616211
2007-04-27,82.5199966430664,63.596797943115234
2007-04-30,80.73999786376953,62.22499084472656
2007-05-01,81.06999969482422,62.47931671142578
2007-05-02,82.1500015258789,63.311614990234375
2007-05-03,82.30000305175781,63.42723846435547
2007-05-04,82.81999969482422,63.8279914855957
2007-05-07,82.58000183105469,63.643035888671875
2007-05-08,82.29000091552734,63.419525146484375
2007-05-09,82.62000274658203,63.673892974853516
2007-05-10,81.5999984741211,62.88775634765625
2007-05-11,82.33999633789062,63.45805358886719
2007-05-14,81.62000274658203,62.903202056884766
2007-05-15,80.97000122070312,62.402225494384766
2007-05-16,81.41000366210938,62.74132537841797
2007-05-17,80.77999877929688,62.25580596923828
2007-05-18,81.7300033569336,62.9879150390625
2007-05-21,82.76000213623047,63.78172302246094
2007-05-22,83.2699966430664,64.1748275756836
2007-05-23,83.05000305175781,64.00527954101562
2007-05-24,81.95999908447266,63.16518020629883
2007-05-25,82.48999786376953,63.573665618896484
2007-05-29,83.25,64.1594009399414
2007-05-30,83.80999755859375,64.5909652709961
2007-05-31,84.2699966430664,64.94548034667969
2007-06-01,84.69999694824219,65.27690124511719
2007-06-04,84.79000091552734,65.34624481201172
2007-06-05,84.44999694824219,65.08419799804688
2007-06-06,83.51000213623047,64.35978698730469
2007-06-07,81.77999877929688,63.02649688720703
2007-06-08,82.8499984741211,63.85114288330078
2007-06-11,82.87000274658203,63.86654281616211
2007-06-12,81.5,62.81070327758789
2007-06-13,82.58999633789062,63.650753021240234
2007-06-14,83.33999633789062,64.2287368774414
2007-06-15,84.33000183105469,64.99170684814453
2007-06-18,84.16999816894531,64.8683853149414
2007-06-19,84.38999938964844,65.0379867553711
2007-06-20,82.93000030517578,63.91275405883789
2007-06-21,83.58000183105469,64.41371154785156
2007-06-22,82.91999816894531,63.905067443847656
2007-06-25,82.48999786376953,63.573665618896484
2007-06-26,81.87999725341797,63.10356903076172
2007-06-27,83.58999633789062,64.42142486572266
2007-06-28,83.41999816894531,64.41295623779297
2007-06-29,82.9000015258789,64.01140594482422
2007-07-02,83.97000122070312,64.83760833740234
2007-07-03,84.37000274658203,65.14649963378906
2007-07-05,84.51000213623047,65.2545394897461
2007-07-06,84.80000305175781,65.47852325439453
2007-07-09,84.72000122070312,65.4167251586914
2007-07-10,83.33000183105469,64.34341430664062
2007-07-11,83.83000183105469,64.72952270507812
2007-07-12,84.81999969482422,65.49396514892578
2007-07-13,84.9000015258789,65.5556869506836
2007-07-16,84.4800033569336,65.23139953613281
2007-07-17,84.54000091552734,65.2777328491211
2007-07-18,84.2699966430664,65.06925964355469
2007-07-19,84.51000213623047,65.2545394897461
2007-07-20,83.25,64.28166198730469
2007-07-23,82.94000244140625,64.04231262207031
2007-07-24,81.0,62.54429626464844
2007-07-25,80.69999694824219,62.31268310546875
2007-07-26,78.54000091552734,60.64482879638672
2007-07-27,76.62999725341797,59.17002487182617
2007-07-30,77.95999908447266,60.196964263916016
2007-07-31,77.0999984741211,59.5329704284668
2007-08-01,77.5199966430664,59.85723114013672
2007-08-02,78.12999725341797,60.32823944091797
2007-08-03,75.3499984741211,58.18167495727539
2007-08-06,76.02999877929688,58.706722259521484
2007-08-07,77.19999694824219,59.61014175415039
2007-08-08,79.5199966430664,61.40154266357422
2007-08-09,77.69000244140625,59.988494873046875
2007-08-10,78.05999755859375,60.27418518066406
2007-08-13,77.63999938964844,59.94990158081055
2007-08-14,76.30999755859375,58.92295837402344
2007-08-15,75.19999694824219,58.06583786010742
2007-08-16,76.87000274658203,59.355342864990234
2007-08-17,78.41000366210938,60.544437408447266
2007-08-20,78.47000122070312,60.590797424316406
2007-08-21,78.69000244140625,60.76062774658203
2007-08-22,79.62999725341797,61.48644256591797
2007-08-23,78.61000061035156,60.69886016845703
2007-08-24,79.62999725341797,61.48644256591797
2007-08-27,78.52999877929688,60.637123107910156
2007-08-28,76.55000305175781,59.10826873779297
2007-08-29,78.55999755859375,60.66024398803711
2007-08-30,78.02999877929688,60.25101089477539
2007-08-31,78.73999786376953,60.79926681518555
2007-09-04,79.75,61.579124450683594
2007-09-05,79.01000213623047,61.00770568847656
2007-09-06,79.02999877929688,61.023155212402344
2007-09-07,77.7300033569336,60.01939392089844
2007-09-10,76.6500015258789,59.185455322265625
2007-09-11,77.98999786376953,60.220115661621094
2007-09-12,77.5,59.841800689697266
2007-09-13,77.69000244140625,59.988494873046875
2007-09-14,78.08999633789062,60.29738235473633
2007-09-17,77.2300033569336,59.6333122253418
2007-09-18,80.5199966430664,62.1736946105957
2007-09-19,81.5999984741211,63.00761413574219
2007-09-20,80.79000091552734,62.38214874267578
2007-09-21,80.95999908447266,62.51342010498047
2007-09-24,80.33999633789062,62.03470230102539
2007-09-25,79.81999969482422,61.78315353393555
2007-09-26,80.5199966430664,62.324974060058594
2007-09-27,81.0,62.69651412963867
2007-09-28,80.04000091552734,61.95343017578125
2007-10-01,82.02999877929688,63.49374771118164
2007-10-02,82.55999755859375,63.903995513916016
2007-10-03,82.33000183105469,63.7259635925293
2007-10-04,82.45999908447266,63.826576232910156
2007-10-05,84.12999725341797,65.11920928955078
2007-10-08,83.5,64.63157653808594
2007-10-09,84.18000030517578,65.15792083740234
2007-10-10,84.11000061035156,65.10375213623047
2007-10-11,83.16000366210938,64.3683853149414
2007-10-12,83.81999969482422,64.8792724609375
2007-10-15,82.8499984741211,64.12847137451172
2007-10-16,81.9000015258789,63.39311981201172
2007-10-17,82.22000122070312,63.64081573486328
2007-10-18,82.0199966430664,63.48598098754883
2007-10-19,79.08999633789062,61.21809387207031
2007-10-22,80.76000213623047,62.5107421875
2007-10-23,81.37999725341797,62.990638732910156
2007-10-24,80.86000061035156,62.58812713623047
2007-10-25,80.66000366210938,62.43334197998047
2007-10-26,82.01000213623047,63.47825241088867
2007-10-29,81.91999816894531,63.40861129760742
2007-10-30,81.2699966430664,62.90547561645508
2007-10-31,82.31999969482422,63.718231201171875
2007-11-01,79.13999938964844,61.256797790527344
2007-11-02,79.52999877929688,61.55867385864258
2007-11-05,78.4800033569336,60.745941162109375
2007-11-06,79.95999908447266,61.891475677490234
2007-11-07,77.4800033569336,59.9719123840332
2007-11-08,77.70999908447266,60.149940490722656
2007-11-09,76.8499984741211,59.48426055908203
2007-11-12,76.11000061035156,58.91147994995117
2007-11-13,78.5,60.76140213012695
2007-11-14,78.05000305175781,60.41310501098633
2007-11-15,76.94000244140625,59.55393600463867
2007-11-16,76.29000091552734,59.050819396972656
2007-11-19,74.63999938964844,57.773658752441406
2007-11-20,75.06999969482422,58.10649108886719
2007-11-21,73.5,56.89125442504883
2007-11-23,75.05999755859375,58.09873962402344
2007-11-26,73.0999984741211,56.58167266845703
2007-11-27,73.94999694824219,57.239593505859375
2007-11-28,76.87000274658203,59.499755859375
2007-11-29,76.20999908447266,58.9889030456543
2007-11-30,76.6500015258789,59.32945251464844
2007-12-03,75.75,58.632850646972656
2007-12-04,74.94999694824219,58.01361083984375
2007-12-05,76.44000244140625,59.166934967041016
2007-12-06,78.25,60.567901611328125
2007-12-07,78.48999786376953,60.7536735534668
2007-12-10,79.11000061035156,61.233577728271484
2007-12-11,76.3499984741211,59.097267150878906
2007-12-12,76.91000366210938,59.53071975708008
2007-12-13,76.48999786376953,59.205604553222656
2007-12-14,75.0,58.05230712890625
2007-12-17,73.8499984741211,57.162174224853516
2007-12-18,75.16999816894531,58.18390655517578
2007-12-19,75.69999694824219,58.59415054321289
2007-12-20,76.83999633789062,59.47652053833008
2007-12-21,78.5999984741211,60.838809967041016
2007-12-24,79.16999816894531,61.28002166748047
2007-12-26,79.54000091552734,61.566429138183594
2007-12-27,77.38999938964844,60.104026794433594
2007-12-28,76.55999755859375,59.45937728881836
2007-12-31,75.9000015258789,58.946807861328125
2008-01-02,75.16000366210938,58.37211227416992
2008-01-03,74.33000183105469,57.72748947143555
2008-01-04,72.08999633789062,55.98780822753906
2008-01-07,72.25,56.11209487915039
2008-01-08,70.0199966430664,54.38017654418945
2008-01-09,70.7300033569336,54.93161392211914
2008-01-10,71.69999694824219,55.684932708740234
2008-01-11,70.22000122070312,54.53549575805664
2008-01-14,70.80000305175781,54.98597717285156
2008-01-15,69.5,53.97632598876953
2008-01-16,69.56999969482422,54.03068923950195
2008-01-17,67.87999725341797,52.71818923950195
2008-01-18,67.22000122070312,52.205589294433594
2008-01-22,66.73999786376953,51.83280563354492
2008-01-23,69.0199966430664,53.60354232788086
2008-01-24,68.97000122070312,53.5647087097168
2008-01-25,68.47000122070312,53.1763916015625
2008-01-28,69.91999816894531,54.30253219604492
2008-01-29,70.0999984741211,54.44230270385742
2008-01-30,69.22000122070312,53.758853912353516
2008-01-31,70.94000244140625,55.09468078613281
2008-02-01,72.61000061035156,56.39167022705078
2008-02-04,71.79000091552734,55.754859924316406
2008-02-05,69.94999694824219,54.325801849365234
2008-02-06,69.0199966430664,53.60354232788086
2008-02-07,70.11000061035156,54.450096130371094
2008-02-08,69.66999816894531,54.10835647583008
2008-02-11,69.69999694824219,54.13165283203125
2008-02-12,70.25,54.55880355834961
2008-02-13,71.83999633789062,55.79368209838867
2008-02-14,70.18000030517578,54.504432678222656
2008-02-15,69.87000274658203,54.26368713378906
2008-02-19,70.7300033569336,54.93161392211914
2008-02-20,70.7699966430664,54.96266555786133
2008-02-21,69.41999816894531,53.914188385009766
2008-02-22,69.41999816894531,53.914188385009766
2008-02-25,70.7699966430664,54.96266555786133
2008-02-26,71.43000030517578,55.47524642944336
2008-02-27,71.4000015258789,55.451934814453125
2008-02-28,70.31999969482422,54.61317443847656
2008-02-29,68.86000061035156,53.479305267333984
2008-03-03,68.19999694824219,52.96669387817383
2008-03-04,67.80000305175781,52.656044006347656
2008-03-05,68.44999694824219,53.1608772277832
2008-03-06,66.16999816894531,51.39012145996094
2008-03-07,65.95999908447266,51.22703552246094
2008-03-10,64.5,50.09314727783203
2008-03-11,67.30000305175781,52.267738342285156
2008-03-12,66.5199966430664,51.66191482543945
2008-03-13,67.8499984741211,52.694889068603516
2008-03-14,66.13999938964844,51.3668212890625
2008-03-17,65.05999755859375,50.52806854248047
2008-03-18,68.05000305175781,52.8502082824707
2008-03-19,66.3499984741211,51.5299186706543
2008-03-20,67.4800033569336,52.407527923583984
2008-03-24,69.98999786376953,54.445648193359375
2008-03-25,70.22000122070312,54.624534606933594
2008-03-26,69.63999938964844,54.173362731933594
2008-03-27,69.0,53.67552185058594
2008-03-28,68.19000244140625,53.04541015625
2008-03-31,68.29000091552734,53.123191833496094
2008-04-01,70.79000091552734,55.06796646118164
2008-04-02,70.95999908447266,55.20020294189453
2008-04-03,71.18000030517578,55.37135314941406
2008-04-04,71.16000366210938,55.35577392578125
2008-04-07,71.04000091552734,55.26242446899414
2008-04-08,70.97000122070312,55.207984924316406
2008-04-09,69.80999755859375,54.30562973022461
2008-04-10,70.55000305175781,54.88127517700195
2008-04-11,68.73999786376953,53.47325134277344
2008-04-14,68.52999877929688,53.309898376464844
2008-04-15,68.97000122070312,53.65216827392578
2008-04-16,71.19999694824219,55.386898040771484
2008-04-17,70.91999816894531,55.1690788269043
2008-04-18,71.66999816894531,55.75252914428711
2008-04-21,71.68000030517578,55.760292053222656
2008-04-22,70.37000274658203,54.741241455078125
2008-04-23,70.55000305175781,54.88127517700195
2008-04-24,71.2300033569336,55.410255432128906
2008-04-25,71.9000015258789,55.93143844604492
2008-04-28,72.37999725341797,56.3048210144043
2008-04-29,71.73999786376953,55.80696105957031
2008-04-30,71.4000015258789,55.5424690246582
2008-05-01,72.62999725341797,56.49931716918945
2008-05-02,72.55000305175781,56.43706512451172
2008-05-05,72.2699966430664,56.21925354003906
2008-05-06,72.86000061035156,56.6782341003418
2008-05-07,71.55999755859375,55.66694259643555
2008-05-08,71.70999908447266,55.78364562988281
2008-05-09,71.5,55.62028884887695
2008-05-12,73.06999969482422,56.8415641784668
2008-05-13,73.48999786376953,57.168304443359375
2008-05-14,73.4000015258789,57.09830093383789
2008-05-15,73.55000305175781,57.2149543762207
2008-05-16,73.94999694824219,57.52614974975586
2008-05-19,73.97000122070312,57.541709899902344
2008-05-20,73.69999694824219,57.331668853759766
2008-05-21,72.6500015258789,56.51487731933594
2008-05-22,73.16999816894531,56.919376373291016
2008-05-23,72.20999908447266,56.172550201416016
2008-05-27,73.31999969482422,57.036067962646484
2008-05-28,73.66000366210938,57.3005485534668
2008-05-29,74.41000366210938,57.88397979736328
2008-05-30,74.66999816894531,58.086246490478516
2008-06-02,73.98999786376953,57.55725860595703
2008-06-03,73.83999633789062,57.44057846069336
2008-06-04,74.30000305175781,57.798439025878906
2008-06-05,76.19999694824219,59.276432037353516
2008-06-06,73.91999816894531,57.50279998779297
2008-06-09,73.68000030517578,57.31610107421875
2008-06-10,73.13999938964844,56.8960075378418
2008-06-11,71.87000274658203,55.908103942871094
2008-06-12,72.0199966430664,56.02479553222656
2008-06-13,73.31999969482422,57.036067962646484
2008-06-16,73.77999877929688,57.393917083740234
2008-06-17,73.72000122070312,57.34722137451172
2008-06-18,73.12999725341797,56.88826370239258
2008-06-19,73.73999786376953,57.36277770996094
2008-06-20,72.56999969482422,56.4526481628418
2008-06-23,71.88999938964844,55.92363357543945
2008-06-24,70.69999694824219,54.99795150756836
2008-06-25,71.5,55.62028884887695
2008-06-26,69.66000366210938,54.188926696777344
2008-06-27,69.7300033569336,54.2433967590332
2008-06-30,69.05000305175781,53.71442413330078
2008-07-01,69.0999984741211,53.753292083740234
2008-07-02,66.88999938964844,52.2283821105957
2008-07-03,66.52999877929688,51.94729232788086
2008-07-07,65.69000244140625,51.29141616821289
2008-07-08,68.06999969482422,53.14973068237305
2008-07-09,66.25,51.728668212890625
2008-07-10,66.9000015258789,52.23618698120117
2008-07-11,67.2699966430664,52.52507781982422
2008-07-14,66.16000366210938,51.65838623046875
2008-07-15,65.87999725341797,51.43975830078125
2008-07-16,68.30000305175781,53.32933044433594
2008-07-17,68.4000015258789,53.407405853271484
2008-07-18,68.87999725341797,53.78216552734375
2008-07-21,69.72000122070312,54.438079833984375
2008-07-22,71.47000122070312,55.80449295043945
2008-07-23,71.93000030517578,56.163658142089844
2008-07-24,70.11000061035156,54.742591857910156
2008-07-25,70.68000030517578,55.18765640258789
2008-07-28,69.4800033569336,54.25067138671875
2008-07-29,71.18000030517578,55.578067779541016
2008-07-30,71.61000061035156,55.91380310058594
2008-07-31,71.31999969482422,55.68736267089844
2008-08-01,71.41000366210938,55.75764083862305
2008-08-04,70.75,55.2422981262207
2008-08-05,71.95999908447266,56.18709945678711
2008-08-06,72.31999969482422,56.468170166015625
2008-08-07,71.23999786376953,55.62489700317383
2008-08-08,73.12000274658203,57.09283447265625
2008-08-11,74.87000274658203,58.45923614501953
2008-08-12,74.30999755859375,58.02199172973633
2008-08-13,74.58000183105469,58.23280334472656
2008-08-14,75.30000305175781,58.79497528076172
2008-08-15,75.0999984741211,58.63880920410156
2008-08-18,74.12999725341797,57.88142013549805
2008-08-19,72.9000015258789,56.921058654785156
2008-08-20,73.0,56.99910354614258
2008-08-21,72.16000366210938,56.34324645996094
2008-08-22,73.68000030517578,57.530094146728516
2008-08-25,72.05999755859375,56.26516342163086
2008-08-26,72.16999816894531,56.3510627746582
2008-08-27,73.02999877929688,57.02253341674805
2008-08-28,74.51000213623047,58.17814254760742
2008-08-29,73.87000274658203,57.67844772338867
2008-09-02,73.8499984741211,57.66282272338867
2008-09-03,74.1500015258789,57.897056579589844
2008-09-04,71.81999969482422,56.07776641845703
2008-09-05,71.63999938964844,55.93722152709961
2008-09-08,72.4800033569336,56.593116760253906
2008-09-09,70.80999755859375,55.28913497924805
2008-09-10,71.47000122070312,55.80449295043945
2008-09-11,71.91999816894531,56.15583038330078
2008-09-12,72.25,56.41353225708008
2008-09-15,69.01000213623047,53.88369369506836
2008-09-16,71.0,55.4375114440918
2008-09-17,67.80000305175781,52.93891143798828
2008-09-18,71.80000305175781,56.06214141845703
2008-09-19,75.0,58.560726165771484
2008-09-22,71.94999694824219,56.17929458618164
2008-09-23,70.98999786376953,55.429691314697266
2008-09-24,69.94000244140625,54.725486755371094
2008-09-25,70.30000305175781,55.00716781616211
2008-09-26,70.62999725341797,55.265377044677734
2008-09-29,65.05000305175781,50.89925003051758
2008-09-30,68.0,53.207496643066406
2008-10-01,67.0199966430664,52.4406852722168
2008-10-02,63.58000183105469,49.74900436401367
2008-10-03,62.70000076293945,49.06043243408203
2008-10-06,59.720001220703125,46.72871780395508
2008-10-07,55.79999923706055,43.661460876464844
2008-10-08,54.459999084472656,42.61296081542969
2008-10-09,49.9900016784668,39.115325927734375
2008-10-10,52.45000076293945,41.040199279785156
2008-10-13,56.97999954223633,44.58477020263672
2008-10-14,55.380001068115234,43.33281326293945
2008-10-15,50.40999984741211,39.44396209716797
2008-10-16,53.709999084472656,42.026092529296875
2008-10-17,52.20000076293945,40.84457778930664
2008-10-20,54.689998626708984,42.79292678833008
2008-10-21,53.18000030517578,41.61140441894531
2008-10-22,50.4900016784668,39.506568908691406
2008-10-23,48.9900016784668,38.33287048339844
2008-10-24,47.16999816894531,36.908790588378906
2008-10-27,44.86000061035156,35.10129928588867
2008-10-28,48.45000076293945,37.910335540771484
2008-10-29,48.70000076293945,38.10594940185547
2008-10-30,51.43000030517578,40.242088317871094
2008-10-31,53.75,42.057395935058594
2008-11-03,53.81999969482422,42.112186431884766
2008-11-04,54.439998626708984,42.597286224365234
2008-11-05,51.59000015258789,40.36728286743164
2008-11-06,49.59000015258789,38.80235290527344
2008-11-07,50.619998931884766,39.608299255371094
2008-11-10,49.45000076293945,38.692813873291016
2008-11-11,48.380001068115234,37.8555793762207
2008-11-12,45.560001373291016,35.649017333984375
2008-11-13,49.310001373291016,38.583274841308594
2008-11-14,45.63999938964844,35.71162414550781
2008-11-17,45.25,35.406463623046875
2008-11-18,45.029998779296875,35.23432159423828
2008-11-19,41.36000061035156,32.36268615722656
2008-11-20,38.529998779296875,30.1483154296875
2008-11-21,40.63999938964844,31.7993221282959
2008-11-24,43.5,34.03715515136719
2008-11-25,44.220001220703125,34.60051345825195
2008-11-26,46.869998931884766,36.67405319213867
2008-11-28,47.34000015258789,37.04182434082031
2008-12-01,42.02000045776367,32.879093170166016
2008-12-02,44.22999954223633,34.60834884643555
2008-12-03,45.56999969482422,35.656856536865234
2008-12-04,44.060001373291016,34.4753303527832
2008-12-05,46.099998474121094,36.07156753540039
2008-12-08,48.13999938964844,37.66779708862305
2008-12-09,46.650001525878906,36.50191879272461
2008-12-10,47.75,37.36262130737305
2008-12-11,45.33000183105469,35.469058990478516
2008-12-12,46.88999938964844,36.689697265625
2008-12-15,45.380001068115234,35.50818634033203
2008-12-16,48.33000183105469,37.816463470458984
2008-12-17,48.77000045776367,38.160743713378906
2008-12-18,48.459999084472656,37.918174743652344
2008-12-19,48.70000076293945,38.10594940185547
2008-12-22,47.7599983215332,37.37044143676758
2008-12-23,46.709999084472656,36.827232360839844
2008-12-24,46.880001068115234,36.96125030517578
2008-12-26,47.54999923706055,37.489498138427734
2008-12-29,46.81999969482422,36.9139518737793
2008-12-30,48.119998931884766,37.93888473510742
2008-12-31,49.2400016784668,38.82192611694336
2009-01-02,50.220001220703125,39.594581604003906
2009-01-05,50.400001525878906,39.736507415771484
2009-01-06,51.25,40.40666580200195
2009-01-07,49.7400016784668,39.21615982055664
2009-01-08,49.97999954223633,39.405364990234375
2009-01-09,48.130001068115234,37.94677734375
2009-01-12,46.70000076293945,36.81935501098633
2009-01-13,47.31999969482422,37.30815505981445
2009-01-14,45.2400016784668,35.668235778808594
2009-01-15,45.970001220703125,36.24379348754883
2009-01-16,46.47999954223633,36.64589309692383
2009-01-20,43.33000183105469,34.162353515625
2009-01-21,45.4900016784668,35.8653564453125
2009-01-22,44.16999816894531,34.824623107910156
2009-01-23,44.38999938964844,34.998069763183594
2009-01-26,44.88999938964844,35.39229202270508
2009-01-27,45.380001068115234,35.77862548828125
2009-01-28,47.25,37.25297546386719
2009-01-29,45.400001525878906,35.79439926147461
2009-01-30,44.47999954223633,35.06904220581055
2009-02-02,44.84000015258789,35.352874755859375
2009-02-03,45.15999984741211,35.60516357421875
2009-02-04,44.83000183105469,35.34498596191406
2009-02-05,45.349998474121094,35.75497055053711
2009-02-06,46.959999084472656,37.024330139160156
2009-02-09,46.75,36.858760833740234
2009-02-10,44.59000015258789,35.15576934814453
2009-02-11,44.7599983215332,35.28980255126953
2009-02-12,45.13999938964844,35.58939743041992
2009-02-13,44.66999816894531,35.21883010864258
2009-02-17,42.900001525878906,33.82332229614258
2009-02-18,42.290000915527344,33.3423957824707
2009-02-19,41.70000076293945,32.877227783203125
2009-02-20,41.13999938964844,32.435691833496094
2009-02-23,39.560001373291016,31.190004348754883
2009-02-24,41.02000045776367,32.341102600097656
2009-02-25,40.16999816894531,31.67093276977539
2009-02-26,39.41999816894531,31.079618453979492
2009-02-27,39.150001525878906,30.866762161254883
2009-03-02,36.939998626708984,29.12433624267578
2009-03-03,36.2400016784668,28.572444915771484
2009-03-04,36.9900016784668,29.16375732421875
2009-03-05,35.02000045776367,27.610567092895508
2009-03-06,35.20000076293945,27.75248146057129
2009-03-09,34.38999938964844,27.113853454589844
2009-03-10,36.630001068115234,28.87991714477539
2009-03-11,36.68000030517578,28.919353485107422
2009-03-12,38.959999084472656,30.716941833496094
2009-03-13,39.369998931884766,31.040205001831055
2009-03-16,38.65999984741211,30.48042106628418
2009-03-17,40.45000076293945,31.89169692993164
2009-03-18,41.849998474121094,32.99549102783203
2009-03-19,41.40999984741211,32.64857482910156
2009-03-20,39.97999954223633,31.521135330200195
2009-03-23,43.380001068115234,34.2017707824707
2009-03-24,41.560001373291016,32.87370300292969
2009-03-25,42.72999954223633,33.799163818359375
2009-03-26,44.380001068115234,35.10430145263672
2009-03-27,42.88999938964844,33.92570877075195
2009-03-30,41.65999984741211,32.952816009521484
2009-03-31,42.04999923706055,33.26127243041992
2009-04-01,42.779998779296875,33.838714599609375
2009-04-02,44.91999816894531,35.53145217895508
2009-04-03,45.630001068115234,36.09305953979492
2009-04-06,44.849998474121094,35.476051330566406
2009-04-07,43.2599983215332,34.218379974365234
2009-04-08,44.060001373291016,34.85118103027344
2009-04-09,46.63999938964844,36.89195251464844
2009-04-13,46.65999984741211,36.90775680541992
2009-04-14,45.310001373291016,35.83993148803711
2009-04-15,46.0,36.38570785522461
2009-04-16,47.33000183105469,37.43773651123047
2009-04-17,47.75,37.76993942260742
2009-04-20,45.29999923706055,35.83202362060547
2009-04-21,46.869998931884766,37.07387924194336
2009-04-22,46.86000061035156,37.06597137451172
2009-04-23,46.75,36.97894287109375
2009-04-24,47.619998931884766,37.6671257019043
2009-04-27,47.11000061035156,37.26372146606445
2009-04-28,47.18000030517578,37.3190803527832
2009-04-29,48.970001220703125,38.73497009277344
2009-04-30,48.52000045776367,38.379005432128906
2009-05-01,48.81999969482422,38.616302490234375
2009-05-04,50.599998474121094,40.02428436279297
2009-05-05,50.349998474121094,39.826541900634766
2009-05-06,50.4900016784668,39.93726348876953
2009-05-07,49.29999923706055,38.99599075317383
2009-05-08,51.0099983215332,40.348609924316406
2009-05-11,50.2599983215332,39.755332946777344
2009-05-12,49.54999923706055,39.1937370300293
2009-05-13,47.279998779296875,37.398193359375
2009-05-14,47.939998626708984,37.92024612426758
2009-05-15,47.7599983215332,37.77784729003906
2009-05-18,49.36000061035156,39.0434455871582
2009-05-19,49.380001068115234,39.059268951416016
2009-05-20,48.91999816894531,38.695411682128906
2009-05-21,48.290000915527344,38.19709014892578
2009-05-22,47.790000915527344,37.80158996582031
2009-05-26,50.06999969482422,39.60504913330078
2009-05-27,49.099998474121094,38.8377799987793
2009-05-28,49.15999984741211,38.8852424621582
2009-05-29,50.16999816894531,39.68415451049805
2009-06-01,52.130001068115234,41.23450469970703
2009-06-02,52.779998779296875,41.74864196777344
2009-06-03,52.43000030517578,41.4718017578125
2009-06-04,53.18000030517578,42.06504821777344
2009-06-05,53.20000076293945,42.08086395263672
2009-06-08,52.56999969482422,41.58253860473633
2009-06-09,52.810001373291016,41.77238082885742
2009-06-10,52.599998474121094,41.60627365112305
2009-06-11,52.619998931884766,41.62208557128906
2009-06-12,52.779998779296875,41.74864196777344
2009-06-15,51.36000061035156,40.62543487548828
2009-06-16,50.5,39.94518280029297
2009-06-17,50.77000045776367,40.158748626708984
2009-06-18,51.0,40.340660095214844
2009-06-19,51.310001373291016,40.58589172363281
2009-06-22,49.4900016784668,39.14629364013672
2009-06-23,49.09000015258789,38.829891204833984
2009-06-24,49.619998931884766,39.24910354614258
2009-06-25,51.04999923706055,40.38022994995117
2009-06-26,51.22999954223633,40.52259826660156
2009-06-29,51.22999954223633,40.52259826660156
2009-06-30,51.08000183105469,40.403953552246094
2009-07-01,51.869998931884766,41.02885055541992
2009-07-02,49.90999984741211,39.61672592163086
2009-07-06,49.470001220703125,39.267478942871094
2009-07-07,48.400001525878906,38.418155670166016
2009-07-08,48.06999969482422,38.156211853027344
2009-07-09,47.869998931884766,37.9974479675293
2009-07-10,48.099998474121094,38.18001937866211
2009-07-13,49.2599983215332,39.10078811645508
2009-07-14,49.54999923706055,39.33097457885742
2009-07-15,51.459999084472656,40.847068786621094
2009-07-16,52.099998474121094,41.35508728027344
2009-07-17,51.900001525878906,41.196319580078125
2009-07-20,52.540000915527344,41.70433807373047
2009-07-21,52.45000076293945,41.63290023803711
2009-07-22,52.86000061035156,41.95833969116211
2009-07-23,54.529998779296875,43.2839241027832
2009-07-24,54.810001373291016,43.506187438964844
2009-07-27,55.09000015258789,43.72843933105469
2009-07-28,55.119998931884766,43.752235412597656
2009-07-29,54.84000015258789,43.53000259399414
2009-07-30,55.79999923706055,44.29200744628906
2009-07-31,55.56999969482422,44.10944366455078
2009-08-03,56.540000915527344,44.879398345947266
2009-08-04,57.11000061035156,45.33184051513672
2009-08-05,56.540000915527344,44.879398345947266
2009-08-06,55.75,44.2523078918457
2009-08-07,57.09000015258789,45.31596755981445
2009-08-10,57.189998626708984,45.39533233642578
2009-08-11,56.27000045776367,44.66507339477539
2009-08-12,57.119998931884766,45.33976364135742
2009-08-13,57.59000015258789,45.712833404541016
2009-08-14,56.40999984741211,44.77619934082031
2009-08-17,54.81999969482422,43.51411437988281
2009-08-18,55.54999923706055,44.09357452392578
2009-08-19,56.22999954223633,44.633331298828125
2009-08-20,56.84000015258789,45.11751937866211
2009-08-21,58.150001525878906,46.15734100341797
2009-08-24,58.130001068115234,46.14144515991211
2009-08-25,58.380001068115234,46.33991622924805
2009-08-26,58.5099983215332,46.44310760498047
2009-08-27,58.41999816894531,46.371665954589844
2009-08-28,58.04999923706055,46.07796096801758
2009-08-31,57.20000076293945,45.40327835083008
2009-09-01,55.91999816894531,44.38726043701172
2009-09-02,55.63999938964844,44.165008544921875
2009-09-03,56.2599983215332,44.65713882446289
2009-09-04,57.04999923706055,45.28419494628906
2009-09-08,57.68000030517578,45.78426742553711
2009-09-09,58.66999816894531,46.57010269165039
2009-09-10,59.400001525878906,47.14954376220703
2009-09-11,59.41999816894531,47.165428161621094
2009-09-14,60.04999923706055,47.66550064086914
2009-09-15,60.540000915527344,48.054443359375
2009-09-16,61.790000915527344,49.046661376953125
2009-09-17,61.65999984741211,48.943458557128906
2009-09-18,61.90999984741211,49.14189147949219
2009-09-21,61.7400016784668,49.00696563720703
2009-09-22,62.02000045776367,49.3451042175293
2009-09-23,61.43000030517578,48.87567901611328
2009-09-24,60.20000076293945,47.89704895019531
2009-09-25,59.83000183105469,47.60268020629883
2009-09-28,61.2599983215332,48.740421295166016
2009-09-29,60.9900016784668,48.525611877441406
2009-09-30,60.2400016784668,47.92887496948242
2009-10-01,58.439998626708984,46.496742248535156
2009-10-02,58.0,46.14664840698242
2009-10-05,59.040000915527344,46.974117279052734
2009-10-06,60.13999938964844,47.84931564331055
2009-10-07,60.15999984741211,47.865230560302734
2009-10-08,60.709999084472656,48.30282974243164
2009-10-09,61.41999816894531,48.86772537231445
2009-10-12,61.43000030517578,48.87567901611328
2009-10-13,61.16999816894531,48.66881561279297
2009-10-14,62.34000015258789,49.599700927734375
2009-10-15,62.29999923706055,49.567874908447266
2009-10-16,61.68000030517578,49.074581146240234
2009-10-19,62.189998626708984,49.48036575317383
2009-10-20,61.33000183105469,48.796112060546875
2009-10-21,60.5,48.135746002197266
2009-10-22,61.34000015258789,48.80406951904297
2009-10-23,60.060001373291016,47.785648345947266
2009-10-26,59.52000045776367,47.356021881103516
2009-10-27,58.790000915527344,46.77521896362305
2009-10-28,56.83000183105469,45.21576690673828
2009-10-29,57.90999984741211,46.07505416870117
2009-10-30,56.33000183105469,44.81796646118164
2009-11-02,56.220001220703125,44.73043441772461
2009-11-03,57.06999969482422,45.40671157836914
2009-11-04,56.25,44.75429916381836
2009-11-05,58.040000915527344,46.178504943847656
2009-11-06,58.08000183105469,46.21030807495117
2009-11-09,59.220001220703125,47.11733627319336
2009-11-10,58.849998474121094,46.82296371459961
2009-11-11,59.2599983215332,47.14915084838867
2009-11-12,58.16999816894531,46.28190612792969
2009-11-13,58.72999954223633,46.72748565673828
2009-11-16,60.279998779296875,47.9607048034668
2009-11-17,60.279998779296875,47.9607048034668
2009-11-18,60.15999984741211,47.865230560302734
2009-11-19,58.65999984741211,46.67177963256836
2009-11-20,58.59000015258789,46.6160888671875
2009-11-23,59.61000061035156,47.42762756347656
2009-11-24,59.34000015258789,47.21281051635742
2009-11-25,59.33000183105469,47.20484924316406
2009-11-27,57.58000183105469,45.812503814697266
2009-11-30,58.09000015258789,46.218284606933594
2009-12-01,58.9900016784668,46.934326171875
2009-12-02,59.689998626708984,47.491275787353516
2009-12-03,58.959999084472656,46.91047286987305
2009-12-04,60.41999816894531,48.07210159301758
2009-12-07,60.5099983215332,48.14369201660156
2009-12-08,60.040000915527344,47.769744873046875
2009-12-09,59.849998474121094,47.61857986450195
2009-12-10,59.61000061035156,47.42762756347656
2009-12-11,60.16999816894531,47.87319564819336
2009-12-14,61.08000183105469,48.597225189208984
2009-12-15,60.90999984741211,48.46195983886719
2009-12-16,61.29999923706055,48.772254943847656
2009-12-17,60.619998931884766,48.23122787475586
2009-12-18,61.18000030517578,48.67678451538086
2009-12-21,61.9900016784668,49.32123565673828
2009-12-22,62.56999969482422,49.78269958496094
2009-12-23,63.119998931884766,50.42420959472656
2009-12-24,63.36000061035156,50.61591339111328
2009-12-28,63.2599983215332,50.53603744506836
2009-12-29,63.22999954223633,50.5120735168457
2009-12-30,63.189998626708984,50.480098724365234
2009-12-31,62.439998626708984,49.88096618652344
2010-01-04,63.97999954223633,51.1112174987793
2010-01-05,63.7599983215332,50.935462951660156
2010-01-06,63.70000076293945,50.88753128051758
2010-01-07,64.16999816894531,51.26299285888672
2010-01-08,64.5199966430664,51.54258728027344
2010-01-11,64.26000213623047,51.33488464355469
2010-01-12,63.560001373291016,50.77568435668945
2010-01-13,64.37999725341797,51.43074417114258
2010-01-14,64.62000274658203,51.62248611450195
2010-01-15,63.68000030517578,50.87155532836914
2010-01-19,64.8499984741211,51.80622100830078
2010-01-20,63.90999984741211,51.0552978515625
2010-01-21,62.86000061035156,50.216487884521484
2010-01-22,61.72999954223633,49.31375503540039
2010-01-25,61.79999923706055,49.369686126708984
2010-01-26,61.189998626708984,48.88237762451172
2010-01-27,61.84000015258789,49.40163803100586
2010-01-28,60.779998779296875,48.554847717285156
2010-01-29,60.11000061035156,48.01961135864258
2010-02-01,60.81999969482422,48.5868034362793
2010-02-02,61.4900016784668,49.122047424316406
2010-02-03,61.08000183105469,48.794525146484375
2010-02-04,59.040000915527344,47.164825439453125
2010-02-05,59.27000045776367,47.34856414794922
2010-02-08,58.68000030517578,46.877235412597656
2010-02-09,59.4900016784668,47.52431869506836
2010-02-10,59.630001068115234,47.63615036010742
2010-02-11,60.58000183105469,48.395084381103516
2010-02-12,61.02000045776367,48.74656295776367
2010-02-16,62.04999923706055,49.56938552856445
2010-02-17,62.470001220703125,49.904945373535156
2010-02-18,62.97999954223633,50.312347412109375
2010-02-19,63.060001373291016,50.37626647949219
2010-02-22,63.25,50.52804183959961
2010-02-23,62.5099983215332,49.93687057495117
2010-02-24,63.040000915527344,50.360286712646484
2010-02-25,63.060001373291016,50.37626647949219
2010-02-26,62.79999923706055,50.16855239868164
2010-03-01,64.26000213623047,51.33488464355469
2010-03-02,64.75,51.726322174072266
2010-03-03,65.12000274658203,52.02191162109375
2010-03-04,65.29000091552734,52.157718658447266
2010-03-05,66.62000274658203,53.2202033996582
2010-03-08,66.73999786376953,53.31606674194336
2010-03-09,66.9800033569336,53.507816314697266
2010-03-10,67.55000305175781,53.96315002441406
2010-03-11,67.75,54.1229362487793
2010-03-12,67.72000122070312,54.098941802978516
2010-03-15,67.48999786376953,53.91520309448242
2010-03-16,68.06999969482422,54.3785514831543
2010-03-17,68.47000122070312,54.698116302490234
2010-03-18,68.26000213623047,54.530330657958984
2010-03-19,67.41000366210938,53.85130310058594
2010-03-22,68.36000061035156,54.6102294921875
2010-03-23,69.2300033569336,55.30522155761719
2010-03-24,68.2699966430664,54.67416000366211
2010-03-25,67.83999633789062,54.32978820800781
2010-03-26,67.80999755859375,54.305763244628906
2010-03-29,68.18000030517578,54.60208511352539
2010-03-30,68.38999938964844,54.77024841308594
2010-03-31,67.80000305175781,54.29777145385742
2010-04-01,68.43000030517578,54.80229568481445
2010-04-05,69.70999908447266,55.827396392822266
2010-04-06,70.12000274658203,56.15574264526367
2010-04-07,69.9000015258789,55.97956848144531
2010-04-08,69.83000183105469,55.92348098754883
2010-04-09,70.25,56.259857177734375
2010-04-12,70.54000091552734,56.49210739135742
2010-04-13,70.69999694824219,56.6202392578125
2010-04-14,72.20999908447266,57.829505920410156
2010-04-15,72.43000030517578,58.00572204589844
2010-04-16,71.45999908447266,57.2288703918457
2010-04-19,71.11000061035156,56.948577880859375
2010-04-20,72.08000183105469,57.725399017333984
2010-04-21,72.58000183105469,58.1258544921875
2010-04-22,73.3499984741211,58.74247360229492
2010-04-23,74.12999725341797,59.36713790893555
2010-04-26,73.8499984741211,59.142940521240234
2010-04-27,72.16000366210938,57.78947830200195
2010-04-28,72.27999877929688,57.88557815551758
2010-04-29,73.80999755859375,59.110897064208984
2010-04-30,71.6500015258789,57.38101577758789
2010-05-03,73.26000213623047,58.67040252685547
2010-05-04,70.95999908447266,56.82846450805664
2010-05-05,69.91999816894531,55.995574951171875
2010-05-06,67.30000305175781,53.8973388671875
2010-05-07,65.36000061035156,52.34368133544922
2010-05-10,69.02999877929688,55.282806396484375
2010-05-11,69.48999786376953,55.65120315551758
2010-05-12,71.62000274658203,57.35700988769531
2010-05-13,70.93000030517578,56.804412841796875
2010-05-14,69.55999755859375,55.7072639465332
2010-05-17,69.69000244140625,55.81136703491211
2010-05-18,68.3499984741211,54.738243103027344
2010-05-19,67.54000091552734,54.08955383300781
2010-05-20,64.12000274658203,51.35063552856445
2010-05-21,65.06999969482422,52.111446380615234
2010-05-24,64.19999694824219,51.414703369140625
2010-05-25,64.19000244140625,51.40668487548828
2010-05-26,64.3499984741211,51.534828186035156
2010-05-27,67.11000061035156,53.745182037353516
2010-05-28,66.25,53.05643081665039
2010-06-01,64.23999786376953,51.44672393798828
2010-06-02,66.06999969482422,52.91230010986328
2010-06-03,66.91999816894531,53.59302520751953
2010-06-04,63.560001373291016,50.90215301513672
2010-06-07,61.91999816894531,49.5887451171875
2010-06-08,61.88999938964844,49.564727783203125
2010-06-09,61.93000030517578,49.59675979614258
2010-06-10,64.06999969482422,51.310585021972656
2010-06-11,64.94000244140625,52.0073356628418
2010-06-14,65.3499984741211,52.335689544677734
2010-06-15,66.98999786376953,53.64907455444336
2010-06-16,66.68000030517578,53.40080261230469
2010-06-17,66.76000213623047,53.46489334106445
2010-06-18,66.80000305175781,53.49692916870117
2010-06-21,66.11000061035156,52.944313049316406
2010-06-22,64.75,51.855167388916016
2010-06-23,64.56999969482422,51.71101379394531
2010-06-24,63.540000915527344,50.886131286621094
2010-06-25,64.62999725341797,51.759063720703125
2010-06-28,64.26000213623047,51.46274185180664
2010-06-29,61.83000183105469,49.51668167114258
2010-06-30,61.119998931884766,48.948089599609375
2010-07-01,60.68000030517578,48.59569549560547
2010-07-02,59.81999969482422,48.064598083496094
2010-07-06,59.040000915527344,47.43785858154297
2010-07-07,61.099998474121094,49.09306335449219
2010-07-08,61.97999954223633,49.80012512207031
2010-07-09,62.939998626708984,50.571468353271484
2010-07-12,62.22999954223633,50.00101089477539
2010-07-13,64.19999694824219,51.58386993408203
2010-07-14,63.970001220703125,51.39906692504883
2010-07-15,63.380001068115234,50.92499923706055
2010-07-16,61.06999969482422,49.06895446777344
2010-07-19,61.33000183105469,49.277870178222656
2010-07-20,62.36000061035156,50.105445861816406
2010-07-21,61.2400016784668,49.20554733276367
2010-07-22,63.41999816894531,50.957149505615234
2010-07-23,64.9800033569336,52.21059799194336
2010-07-26,66.45999908447266,53.39976119995117
2010-07-27,66.22000122070312,53.20691680908203
2010-07-28,65.1500015258789,52.34718704223633
2010-07-29,64.9800033569336,52.21059799194336
2010-07-30,65.0199966430664,52.24272918701172
2010-08-02,66.1500015258789,53.150665283203125
2010-08-03,65.62000274658203,52.724830627441406
2010-08-04,66.30999755859375,53.27923583984375
2010-08-05,65.52999877929688,52.652496337890625
2010-08-06,65.13999938964844,52.339141845703125
2010-08-09,65.86000061035156,52.91765213012695
2010-08-10,64.62000274658203,51.921321868896484
2010-08-11,62.08000183105469,49.880470275878906
2010-08-12,61.77000045776367,49.63140106201172
2010-08-13,61.06999969482422,49.06895446777344
2010-08-16,61.560001373291016,49.46266555786133
2010-08-17,62.619998931884766,50.31436538696289
2010-08-18,62.810001373291016,50.4670295715332
2010-08-19,61.09000015258789,49.085025787353516
2010-08-20,61.150001525878906,49.13323974609375
2010-08-23,60.31999969482422,48.46633529663086
2010-08-24,59.630001068115234,47.91192626953125
2010-08-25,60.529998779296875,48.635066986083984
2010-08-26,60.08000183105469,48.27351760864258
2010-08-27,61.650001525878906,49.53498077392578
2010-08-30,60.29999923706055,48.45026779174805
2010-08-31,60.18000030517578,48.35384750366211
2010-09-01,62.5099983215332,50.22597885131836
2010-09-02,63.20000076293945,50.7803840637207
2010-09-03,64.33000183105469,51.688316345214844
2010-09-07,63.11000061035156,50.70806884765625
2010-09-08,63.47999954223633,51.005348205566406
2010-09-09,63.52000045776367,51.03749465942383
2010-09-10,63.720001220703125,51.19819641113281
2010-09-13,65.2699966430664,52.44358444213867
2010-09-14,64.98999786376953,52.218631744384766
2010-09-15,65.36000061035156,52.515907287597656
2010-09-16,64.94000244140625,52.178428649902344
2010-09-17,65.20999908447266,52.395381927490234
2010-09-20,67.0199966430664,53.849693298339844
2010-09-21,66.62999725341797,53.536354064941406
2010-09-22,65.83999633789062,52.901580810546875
2010-09-23,64.87999725341797,52.261199951171875
2010-09-24,66.98999786376953,53.96082305908203
2010-09-27,66.81999969482422,53.823890686035156
2010-09-28,67.4800033569336,54.35554885864258
2010-09-29,67.66999816894531,54.50857162475586
2010-09-30,67.5,54.37164306640625
2010-10-01,67.86000061035156,54.66161346435547
2010-10-04,66.94000244140625,53.9205436706543
2010-10-05,68.83999633789062,55.45100402832031
2010-10-06,68.61000061035156,55.26573181152344
2010-10-07,68.41000366210938,55.104652404785156
2010-10-08,69.27999877929688,55.805442810058594
2010-10-11,69.33999633789062,55.85378646850586
2010-10-12,69.5199966430664,55.99875259399414
2010-10-13,70.58000183105469,56.852596282958984
2010-10-14,70.52999877929688,56.81232452392578
2010-10-15,70.29000091552734,56.61899185180664
2010-10-18,70.87999725341797,57.09424591064453
2010-10-19,69.5,55.98265075683594
2010-10-20,70.20999908447266,56.55457305908203
2010-10-21,69.87000274658203,56.28068542480469
2010-10-22,70.31999969482422,56.64316177368164
2010-10-25,70.73999786376953,56.98149871826172
2010-10-26,70.69000244140625,56.941192626953125
2010-10-27,70.51000213623047,56.79620361328125
2010-10-28,70.08000183105469,56.449832916259766
2010-10-29,70.30000305175781,56.62704849243164
2010-11-01,69.81999969482422,56.24039840698242
2010-11-02,71.2699966430664,57.408416748046875
2010-11-03,71.55000305175781,57.63392639160156
2010-11-04,73.36000061035156,59.091896057128906
2010-11-05,73.7699966430664,59.42217254638672
2010-11-08,73.70999908447266,59.37381362915039
2010-11-09,72.7300033569336,58.584449768066406
2010-11-10,73.54000091552734,59.23689270019531
2010-11-11,73.25,59.0032844543457
2010-11-12,72.02999877929688,58.02058410644531
2010-11-15,72.04000091552734,58.02863311767578
2010-11-16,70.63999938964844,56.90092468261719
2010-11-17,70.83000183105469,57.05397415161133
2010-11-18,72.20999908447266,58.165565490722656
2010-11-19,72.44999694824219,58.3588981628418
2010-11-22,72.80000305175781,58.64081954956055
2010-11-23,72.11000061035156,58.085018157958984
2010-11-24,73.7300033569336,59.38994216918945
2010-11-26,73.22000122070312,58.97910690307617
2010-11-29,73.33000183105469,59.06772994995117
2010-11-30,72.75,58.60053634643555
2010-12-01,74.37999725341797,59.913516998291016
2010-12-02,75.12999725341797,60.51763916015625
2010-12-03,75.66999816894531,60.952613830566406
2010-12-06,76.13999938964844,61.33122253417969
2010-12-07,76.58000183105469,61.68562698364258
2010-12-08,76.52999877929688,61.64533996582031
2010-12-09,76.79000091552734,61.85481643676758
2010-12-10,77.75,62.62806701660156
2010-12-13,77.3499984741211,62.30585479736328
2010-12-14,77.30999755859375,62.27363204956055
2010-12-15,77.06999969482422,62.080299377441406
2010-12-16,77.77999877929688,62.65223693847656
2010-12-17,78.0199966430664,62.84554672241211
2010-12-20,78.33000183105469,63.09527587890625
2010-12-21,79.19999694824219,63.79603576660156
2010-12-22,78.81999969482422,63.77745056152344
2010-12-23,78.72000122070312,63.69652557373047
2010-12-27,78.95999908447266,63.89072036743164
2010-12-28,78.73999786376953,63.71272659301758
2010-12-29,78.91000366210938,63.85027313232422
2010-12-30,78.76000213623047,63.728904724121094
2010-12-31,78.23999786376953,63.308128356933594
2011-01-03,79.5999984741211,64.40859985351562
2011-01-04,78.41999816894531,63.45379638671875
2011-01-05,79.33999633789062,64.19819641113281
2011-01-06,78.97000122070312,63.898834228515625
2011-01-07,78.5199966430664,63.534690856933594
2011-01-10,78.97000122070312,63.898834228515625
2011-01-11,79.29000091552734,64.15776062011719
2011-01-12,79.97000122070312,64.70797729492188
2011-01-13,79.94000244140625,64.68368530273438
2011-01-14,80.54000091552734,65.16919708251953
2011-01-18,80.5999984741211,65.21772766113281
2011-01-19,78.52999877929688,63.54278564453125
2011-01-20,77.70999908447266,62.879276275634766
2011-01-21,77.19000244140625,62.45853042602539
2011-01-24,77.76000213623047,62.91972732543945
2011-01-25,77.87999725341797,63.01680374145508
2011-01-26,79.12000274658203,64.02019500732422
2011-01-27,79.3499984741211,64.20626068115234
2011-01-28,77.41000366210938,62.63655090332031
2011-01-31,77.94999694824219,63.07345199584961
2011-02-01,79.75,64.52995300292969
2011-02-02,79.44999694824219,64.28721618652344
2011-02-03,79.7300033569336,64.51378631591797
2011-02-04,79.87000274658203,64.62704467773438
2011-02-07,80.66000366210938,65.26630401611328
2011-02-08,81.2300033569336,65.72748565673828
2011-02-09,80.87000274658203,65.43619537353516
2011-02-10,81.19000244140625,65.69513702392578
2011-02-11,82.06999969482422,66.40717315673828
2011-02-14,82.48999786376953,66.74703216552734
2011-02-15,82.0199966430664,66.36673736572266
2011-02-16,82.68000030517578,66.90078735351562
2011-02-17,83.26000213623047,67.37006378173828
2011-02-18,83.3499984741211,67.44288635253906
2011-02-22,81.20999908447266,65.7113037109375
2011-02-23,79.80999755859375,64.5784912109375
2011-02-24,80.31999969482422,64.99118041992188
2011-02-25,82.18000030517578,66.49620056152344
2011-02-28,82.2699966430664,66.56902313232422
2011-03-01,80.62000274658203,65.23391723632812
2011-03-02,80.95999908447266,65.509033203125
2011-03-03,82.80000305175781,66.99788665771484
2011-03-04,82.44000244140625,66.70655059814453
2011-03-07,81.08999633789062,65.61421203613281
2011-03-08,82.41000366210938,66.68228912353516
2011-03-09,82.08000183105469,66.4153060913086
2011-03-10,79.97000122070312,64.70797729492188
2011-03-11,80.18000030517578,64.8779067993164
2011-03-14,79.75,64.52995300292969
2011-03-15,79.04000091552734,63.95547103881836
2011-03-16,78.25,63.31622314453125
2011-03-17,78.41999816894531,63.45379638671875
2011-03-18,79.45999908447266,64.29527282714844
2011-03-21,81.30000305175781,65.78413391113281
2011-03-22,80.87000274658203,65.43619537353516
2011-03-23,81.12000274658203,65.63850402832031
2011-03-24,81.51000213623047,66.09175872802734
2011-03-25,82.22000122070312,66.66747283935547
2011-03-28,82.04000091552734,66.521484375
2011-03-29,82.80999755859375,67.14583587646484
2011-03-30,83.87999725341797,68.01346588134766
2011-03-31,84.16999816894531,68.24858856201172
2011-04-01,84.54000091552734,68.54863739013672
2011-04-04,84.7300033569336,68.70266723632812
2011-04-05,85.19000244140625,69.07563018798828
2011-04-06,85.37999725341797,69.22969055175781
2011-04-07,84.87000274658203,68.81620025634766
2011-04-08,83.9800033569336,68.09452819824219
2011-04-11,83.2300033569336,67.48639678955078
2011-04-12,82.13999938964844,66.60258483886719
2011-04-13,82.25,66.6917495727539
2011-04-14,82.62999725341797,66.99991607666016
2011-04-15,83.51000213623047,67.71343994140625
2011-04-18,82.12999725341797,66.5945053100586
2011-04-19,82.1500015258789,66.61071014404297
2011-04-20,83.83000183105469,67.97291564941406
2011-04-21,84.44999694824219,68.47563171386719
2011-04-25,84.33999633789062,68.38643646240234
2011-04-26,85.18000030517578,69.06756591796875
2011-04-27,85.69000244140625,69.48107147216797
2011-04-28,86.08000183105469,69.79729461669922
2011-04-29,86.38999938964844,70.04862213134766
2011-05-02,85.37999725341797,69.22969055175781
2011-05-03,84.30000305175781,68.35400390625
2011-05-04,83.20999908447266,67.47018432617188
2011-05-05,82.83000183105469,67.16204071044922
2011-05-06,83.2699966430664,67.51886749267578
2011-05-09,84.23999786376953,68.30535125732422
2011-05-10,85.52999877929688,69.35134887695312
2011-05-11,83.94999694824219,68.07018280029297
2011-05-12,84.69000244140625,68.67025756835938
2011-05-13,83.51000213623047,67.71343994140625
2011-05-16,82.29000091552734,66.72422790527344
2011-05-17,82.02999877929688,66.51339721679688
2011-05-18,83.29000091552734,67.53508758544922
2011-05-19,83.47000122070312,67.68099975585938
2011-05-20,82.86000061035156,67.18638610839844
2011-05-23,81.37000274658203,65.97822570800781
2011-05-24,80.9800033569336,65.66203308105469
2011-05-25,82.0,66.48904418945312
2011-05-26,83.08000183105469,67.36478424072266
2011-05-27,83.6500015258789,67.82695770263672
2011-05-31,84.83999633789062,68.79187774658203
2011-06-01,82.11000061035156,66.5782699584961
2011-06-02,82.08000183105469,66.553955078125
2011-06-03,80.87999725341797,65.5809326171875
2011-06-06,79.55000305175781,64.50252532958984
2011-06-07,79.73999786376953,64.65655517578125
2011-06-08,78.8499984741211,63.93489074707031
2011-06-09,79.2699966430664,64.27547454833984
2011-06-10,78.0,63.24570083618164
2011-06-13,77.77999877929688,63.06732940673828
2011-06-14,79.44999694824219,64.42142486572266
2011-06-15,78.02999877929688,63.27002716064453
2011-06-16,78.20999908447266,63.415977478027344
2011-06-17,78.2300033569336,63.43218231201172
2011-06-20,78.94999694824219,64.01600646972656
2011-06-21,80.66000366210938,65.40255737304688
2011-06-22,80.04000091552734,64.89983367919922
2011-06-23,80.3499984741211,65.15116882324219
2011-06-24,79.94000244140625,64.81873321533203
2011-06-27,80.55999755859375,65.3214340209961
2011-06-28,81.80999755859375,66.33499908447266
2011-06-29,82.19999694824219,66.65125274658203
2011-06-30,82.80000305175781,67.13775634765625
2011-07-01,84.08999633789062,68.18373107910156
2011-07-05,84.04000091552734,68.3479995727539
2011-07-06,84.37999725341797,68.6245346069336
2011-07-07,85.6500015258789,69.65739440917969
2011-07-08,85.12999725341797,69.23450469970703
2011-07-11,83.31999969482422,67.76244354248047
2011-07-12,82.8499984741211,67.38024139404297
2011-07-13,83.58999633789062,67.9820327758789
2011-07-14,82.26000213623047,66.90040588378906
2011-07-15,82.80999755859375,67.34767150878906
2011-07-18,81.4800033569336,66.26602172851562
2011-07-19,83.31999969482422,67.76244354248047
2011-07-20,83.18000030517578,67.64859771728516
2011-07-21,83.94000244140625,68.26669311523438
2011-07-22,84.05000305175781,68.35614013671875
2011-07-25,83.05999755859375,67.55097198486328
2011-07-26,82.43000030517578,67.03863525390625
2011-07-27,79.97000122070312,65.03795623779297
2011-07-28,79.83999633789062,64.93224334716797
2011-07-29,79.73999786376953,64.85089111328125
2011-08-01,79.22000122070312,64.42802429199219
2011-08-02,76.75,62.41922378540039
2011-08-03,77.26000213623047,62.83400344848633
2011-08-04,72.5999984741211,59.0440673828125
2011-08-05,71.33000183105469,58.011234283447266
2011-08-08,65.12000274658203,52.96076965332031
2011-08-09,69.45999908447266,56.49039077758789
2011-08-10,66.05999755859375,53.725257873535156
2011-08-11,69.36000061035156,56.409061431884766
2011-08-12,69.79000091552734,56.758792877197266
2011-08-15,71.76000213623047,58.36094284057617
2011-08-16,70.44000244140625,57.287418365478516
2011-08-17,70.45999908447266,57.303707122802734
2011-08-18,66.44999694824219,54.04243087768555
2011-08-19,65.27999877929688,53.09087371826172
2011-08-22,65.05000305175781,52.90384292602539
2011-08-23,68.19000244140625,55.45751953125
2011-08-24,69.19999694824219,56.27894973754883
2011-08-25,67.5,54.89638137817383
2011-08-26,69.11000061035156,56.20573043823242
2011-08-29,72.37999725341797,58.865177154541016
2011-08-30,72.80000305175781,59.20674514770508
2011-08-31,72.6500015258789,59.08477020263672
2011-09-01,71.08999633789062,57.8160400390625
2011-09-02,68.45999908447266,55.67710494995117
2011-09-06,68.2699966430664,55.52260208129883
2011-09-07,70.8499984741211,57.62086486816406
2011-09-08,69.55000305175781,56.563594818115234
2011-09-09,67.5,54.89638137817383
2011-09-12,68.08000183105469,55.368080139160156
2011-09-13,69.18000030517578,56.2626838684082
2011-09-14,70.41999816894531,57.27114486694336
2011-09-15,71.41000366210938,58.0763053894043
2011-09-16,71.5199966430664,58.165775299072266
2011-09-19,70.23999786376953,57.1247673034668
2011-09-20,69.1500015258789,56.23825454711914
2011-09-21,66.58999633789062,54.156288146972656
2011-09-22,64.7300033569336,52.64359664916992
2011-09-23,65.13999938964844,53.18242645263672
2011-09-26,66.37000274658203,54.186649322509766
2011-09-27,67.80000305175781,55.35415267944336
2011-09-28,65.19999694824219,53.23141098022461
2011-09-29,66.33000183105469,54.15397644042969
2011-09-30,64.30000305175781,52.496646881103516
2011-10-03,60.9900016784668,49.794227600097656
2011-10-04,64.79000091552734,52.89667892456055
2011-10-05,65.68000030517578,53.62331008911133
2011-10-06,67.13999938964844,54.8152961730957
2011-10-07,65.5,53.476348876953125
2011-10-10,68.37000274658203,55.81951904296875
2011-10-11,68.83999633789062,56.2032356262207
2011-10-12,69.81999969482422,57.00332260131836
2011-10-13,69.76000213623047,56.954341888427734
2011-10-14,71.13999938964844,58.081016540527344
2011-10-17,68.9800033569336,56.31753921508789
2011-10-18,70.80999755859375,57.81161117553711
2011-10-19,69.43000030517578,56.684913635253906
2011-10-20,69.62000274658203,56.84005355834961
2011-10-21,71.12999725341797,58.07286834716797
2011-10-24,73.41999816894531,59.9424934387207
2011-10-25,71.36000061035156,58.26066589355469
2011-10-26,72.58999633789062,59.264854431152344
2011-10-27,76.41999816894531,62.39176559448242
2011-10-28,76.02999877929688,62.07339096069336
2011-10-31,74.01000213623047,60.4241943359375
2011-11-01,71.38999938964844,58.28512191772461
2011-11-02,73.1500015258789,59.7220458984375
2011-11-03,74.97000122070312,61.207969665527344
2011-11-04,74.5999984741211,60.90590286254883
2011-11-07,74.44999694824219,60.78339767456055
2011-11-08,75.54000091552734,61.67332458496094
2011-11-09,71.94000244140625,58.73418426513672
2011-11-10,72.47000122070312,59.16688537597656
2011-11-11,74.37999725341797,60.72626876831055
2011-11-14,73.30999755859375,59.85269546508789
2011-11-15,74.23999786376953,60.611968994140625
2011-11-16,73.04000091552734,59.63227081298828
2011-11-17,72.0,58.783164978027344
2011-11-18,71.9800033569336,58.76681900024414
2011-11-21,70.26000213623047,57.36257553100586
2011-11-22,69.66999816894531,56.880859375
2011-11-23,67.4800033569336,55.092899322509766
2011-11-25,66.62000274658203,54.39076232910156
2011-11-28,69.79000091552734,56.97885513305664
2011-11-29,69.66000366210938,56.872718811035156
2011-11-30,73.7300033569336,60.19560623168945
2011-12-01,73.19999694824219,59.76287841796875
2011-12-02,73.5,60.0078010559082
2011-12-05,74.76000213623047,61.03651428222656
2011-12-06,74.83000183105469,61.093685150146484
2011-12-07,74.68000030517578,60.97120666503906
2011-12-08,72.36000061035156,59.07708740234375
2011-12-09,74.54000091552734,60.856929779052734
2011-12-12,73.47000122070312,59.98332214355469
2011-12-13,71.94000244140625,58.73418426513672
2011-12-14,71.04000091552734,57.999393463134766
2011-12-15,71.69999694824219,58.53821563720703
2011-12-16,72.26000213623047,58.99544143676758
2011-12-19,71.01000213623047,57.97488021850586
2011-12-20,73.86000061035156,60.30172348022461
2011-12-21,74.16000366210938,60.546661376953125
2011-12-22,74.2699966430664,60.93227005004883
2011-12-23,74.55000305175781,61.161964416503906
2011-12-27,74.7699966430664,61.342464447021484
2011-12-28,73.41000366210938,60.22667694091797
2011-12-29,74.1500015258789,60.83380889892578
2011-12-30,73.75,60.50563430786133
2012-01-03,74.97000122070312,61.50654220581055
2012-01-04,74.55999755859375,61.1701545715332
2012-01-05,74.9800033569336,61.514747619628906
2012-01-06,74.79000091552734,61.35885238647461
2012-01-09,75.16999816894531,61.67062759399414
2012-01-10,76.2699966430664,62.573089599609375
2012-01-11,76.56999969482422,62.81920623779297
2012-01-12,76.80000305175781,63.007911682128906
2012-01-13,76.38999938964844,62.67154312133789
2012-01-17,76.36000061035156,62.646942138671875
2012-01-18,77.72000122070312,63.762725830078125
2012-01-19,78.19999694824219,64.1564712524414
2012-01-20,78.25,64.19750213623047
2012-01-23,78.1500015258789,64.11546325683594
2012-01-24,78.5999984741211,64.48464965820312
2012-01-25,79.2699966430664,65.03430938720703
2012-01-26,79.18000030517578,64.96049499511719
2012-01-27,79.72000122070312,65.40351104736328
2012-01-30,79.0999984741211,64.89484405517578
2012-01-31,79.0199966430664,64.82923889160156
2012-02-01,80.72000122070312,66.22393035888672
2012-02-02,81.18000030517578,66.60135650634766
2012-02-03,82.94999694824219,68.053466796875
2012-02-06,82.68000030517578,67.83193969726562
2012-02-07,82.62999725341797,67.79093170166016
2012-02-08,82.80999755859375,67.93860626220703
2012-02-09,82.4000015258789,67.60222625732422
2012-02-10,81.2699966430664,66.67516326904297
2012-02-13,82.31999969482422,67.53659057617188
2012-02-14,81.94999694824219,67.2330322265625
2012-02-15,81.2699966430664,66.67516326904297
2012-02-16,82.80000305175781,67.9303970336914
2012-02-17,82.79000091552734,67.92221069335938
2012-02-21,82.2300033569336,67.46273803710938
2012-02-22,81.58000183105469,66.92949676513672
2012-02-23,82.80000305175781,67.9303970336914
2012-02-24,82.63999938964844,67.79914093017578
2012-02-27,82.5,67.6843032836914
2012-02-28,82.27999877929688,67.50377655029297
2012-02-29,81.05000305175781,66.4946517944336
2012-03-01,81.47000122070312,66.83924865722656
2012-03-02,80.25,65.83830261230469
2012-03-05,80.33999633789062,65.91217803955078
2012-03-06,78.73999786376953,64.59950256347656
2012-03-07,79.4800033569336,65.20661926269531
2012-03-08,80.51000213623047,66.05164337158203
2012-03-09,81.5999984741211,66.9458999633789
2012-03-12,81.44000244140625,66.81464385986328
2012-03-13,83.05999755859375,68.14369201660156
2012-03-14,82.37999725341797,67.58583068847656
2012-03-15,83.06999969482422,68.15189361572266
2012-03-16,83.0,68.09447479248047
2012-03-19,83.69999694824219,68.66874694824219
2012-03-20,82.94999694824219,68.053466796875
2012-03-21,82.93000030517578,68.03704833984375
2012-03-22,82.12999725341797,67.3807373046875
2012-03-23,82.68000030517578,68.03985595703125
2012-03-26,84.4000015258789,69.45531463623047
2012-03-27,83.80999755859375,68.96978759765625
2012-03-28,83.31999969482422,68.56655883789062
2012-03-29,83.08000183105469,68.3690185546875
2012-03-30,82.80999755859375,68.14683532714844
2012-04-02,83.83000183105469,68.98624420166016
2012-04-03,83.2699966430664,68.52542877197266
2012-04-04,81.94000244140625,67.430908203125
2012-04-05,81.58000183105469,67.13468170166016
2012-04-09,80.23999786376953,66.03194427490234
2012-04-10,78.3499984741211,64.47659301757812
2012-04-11,79.45999908447266,65.39002990722656
2012-04-12,80.5999984741211,66.32818603515625
2012-04-13,79.54000091552734,65.45587158203125
2012-04-16,79.66999816894531,65.5628662109375
2012-04-17,80.81999969482422,66.50921630859375
2012-04-18,80.20999908447266,66.00725555419922
2012-04-19,79.75,65.62870788574219
2012-04-20,80.20999908447266,66.00725555419922
2012-04-23,79.0999984741211,65.0937728881836
2012-04-24,79.69999694824219,65.58753204345703
2012-04-25,80.94000244140625,66.60797882080078
2012-04-26,81.73999786376953,67.26632690429688
2012-04-27,82.37999725341797,67.7929916381836
2012-04-30,81.47000122070312,67.04412841796875
2012-05-01,81.55000305175781,67.10999298095703
2012-05-02,81.7699966430664,67.2909927368164
2012-05-03,80.62000274658203,66.34466552734375
2012-05-04,79.08999633789062,65.08556365966797
2012-05-07,79.30000305175781,65.25838470458984
2012-05-08,79.25,65.21720886230469
2012-05-09,78.80000305175781,64.84690856933594
2012-05-10,79.0999984741211,65.0937728881836
2012-05-11,78.9000015258789,64.92921447753906
2012-05-14,77.8499984741211,64.06510925292969
2012-05-15,77.70999908447266,63.94991683959961
2012-05-16,77.1500015258789,63.48910140991211
2012-05-17,75.4000015258789,62.048946380615234
2012-05-18,74.69000244140625,61.46467208862305
2012-05-21,76.44999694824219,62.91303253173828
2012-05-22,75.98999786376953,62.53445816040039
2012-05-23,76.4800033569336,62.937740325927734
2012-05-24,76.63999938964844,63.069393157958984
2012-05-25,76.58999633789062,63.02824401855469
2012-05-29,77.69999694824219,63.941688537597656
2012-05-30,76.20999908447266,62.715518951416016
2012-05-31,76.11000061035156,62.63322067260742
2012-06-01,73.81999969482422,60.74872589111328
2012-06-04,73.6500015258789,60.60883331298828
2012-06-05,74.5999984741211,61.39059066772461
2012-06-06,76.44000244140625,62.904808044433594
2012-06-07,75.94000244140625,62.493343353271484
2012-06-08,76.97000122070312,63.340972900390625
2012-06-11,75.2699966430664,61.94193649291992
2012-06-12,76.22000122070312,62.7237434387207
2012-06-13,75.33999633789062,61.99958038330078
2012-06-14,76.19999694824219,62.70730209350586
2012-06-15,77.22000122070312,63.546695709228516
2012-06-18,77.30999755859375,63.62074661254883
2012-06-19,78.6500015258789,64.72347259521484
2012-06-20,78.52999877929688,64.62471771240234
2012-06-21,76.62000274658203,63.05296325683594
2012-06-22,77.48999786376953,63.768882751464844
2012-06-25,76.27999877929688,62.77309799194336
2012-06-26,76.19999694824219,63.018760681152344
2012-06-27,77.44000244140625,64.04423522949219
2012-06-28,77.30999755859375,63.93671798706055
2012-06-29,79.55999755859375,65.79751586914062
2012-07-02,80.4800033569336,66.55838012695312
2012-07-03,81.52999877929688,67.42675018310547
2012-07-05,81.44000244140625,67.35234069824219
2012-07-06,80.52999877929688,66.59974670410156
2012-07-09,80.22000122070312,66.3433609008789
2012-07-10,79.33000183105469,65.6073226928711
2012-07-11,79.05999755859375,65.38399505615234
2012-07-12,78.79000091552734,65.16073608398438
2012-07-13,79.7699966430664,65.97119903564453
2012-07-16,79.44999694824219,65.70655822753906
2012-07-17,79.7300033569336,65.93811798095703
2012-07-18,80.22000122070312,66.3433609008789
2012-07-19,79.94999694824219,66.12005615234375
2012-07-20,78.93000030517578,65.2764892578125
2012-07-23,77.66999816894531,64.23446655273438
2012-07-24,76.6500015258789,63.39090347290039
2012-07-25,76.81999969482422,63.53150177001953
2012-07-26,77.4800033569336,64.07733154296875
2012-07-27,79.31999969482422,65.59906005859375
2012-07-30,79.05000305175781,65.37576293945312
2012-07-31,78.3499984741211,64.79684448242188
2012-08-01,77.05999755859375,63.72998809814453
2012-08-02,76.77999877929688,63.49840545654297
2012-08-03,78.61000061035156,65.01187133789062
2012-08-06,79.22000122070312,65.51636505126953
2012-08-07,79.94000244140625,66.11178588867188
2012-08-08,79.81999969482422,66.01258087158203
2012-08-09,80.19999694824219,66.32684326171875
2012-08-10,79.91999816894531,66.09525299072266
2012-08-13,79.79000091552734,65.98775482177734
2012-08-14,79.5999984741211,65.83061981201172
2012-08-15,80.30000305175781,66.4095230102539
2012-08-16,81.13999938964844,67.10421752929688
2012-08-17,81.70999908447266,67.57563781738281
2012-08-20,81.52999877929688,67.42675018310547
2012-08-21,81.4800033569336,67.38541412353516
2012-08-22,81.08999633789062,67.06283569335938
2012-08-23,80.5199966430664,66.59148406982422
2012-08-24,80.73999786376953,66.77342224121094
2012-08-27,80.9800033569336,66.97190856933594
2012-08-28,81.3499984741211,67.27790069580078
2012-08-29,81.5999984741211,67.48463439941406
2012-08-30,80.79000091552734,66.81476593017578
2012-08-31,81.12000274658203,67.08768463134766
2012-09-04,82.11000061035156,67.90642547607422
2012-09-05,82.12999725341797,67.9229736328125
2012-09-06,83.63999938964844,69.17176055908203
2012-09-07,84.26000213623047,69.68450927734375
2012-09-10,83.87999725341797,69.37025451660156
2012-09-11,84.05999755859375,69.51908874511719
2012-09-12,84.48999786376953,69.87474060058594
2012-09-13,85.5999984741211,70.79270935058594
2012-09-14,86.4000015258789,71.454345703125
2012-09-17,86.0,71.12353515625
2012-09-18,85.72000122070312,70.89195251464844
2012-09-19,85.56999969482422,70.76790618896484
2012-09-20,85.19000244140625,70.45362091064453
2012-09-21,85.5,70.71002960205078
2012-09-24,84.88999938964844,70.47923278808594
2012-09-25,83.66999816894531,69.46631622314453
2012-09-26,83.13999938964844,69.02629852294922
2012-09-27,84.04000091552734,69.77350616455078
2012-09-28,83.44000244140625,69.27537536621094
2012-10-01,83.72000122070312,69.50782012939453
2012-10-02,83.87999725341797,69.64066314697266
2012-10-03,83.63999938964844,69.44141387939453
2012-10-04,84.20999908447266,69.91463470458984
2012-10-05,84.11000061035156,69.83162689208984
2012-10-08,83.58000183105469,69.39157104492188
2012-10-09,82.5999984741211,68.57795715332031
2012-10-10,82.47000122070312,68.47000885009766
2012-10-11,82.7699966430664,68.7190933227539
2012-10-12,82.0999984741211,68.16282653808594
2012-10-15,82.63999938964844,68.6111831665039
2012-10-16,83.25,69.11759185791016
2012-10-17,84.0,69.74028015136719
2012-10-18,83.54000091552734,69.35838317871094
2012-10-19,81.8499984741211,67.95525360107422
2012-10-22,81.83000183105469,67.93869018554688
2012-10-23,81.41999816894531,67.59825897216797
2012-10-24,81.19999694824219,67.4156265258789
2012-10-25,81.52999877929688,67.68960571289062
2012-10-26,81.13999938964844,67.36580657958984
2012-10-31,81.62999725341797,67.7726058959961
2012-11-01,82.48999786376953,68.48663330078125
2012-11-02,81.19000244140625,67.4073257446289
2012-11-05,81.7300033569336,67.85564422607422
2012-11-06,82.33999633789062,68.36206817626953
2012-11-07,80.33999633789062,66.70160675048828
2012-11-08,79.20999908447266,65.7634506225586
2012-11-09,79.37999725341797,65.90454864501953
2012-11-12,79.1500015258789,65.713623046875
2012-11-13,78.69999694824219,65.3399887084961
2012-11-14,77.23999786376953,64.12785339355469
2012-11-15,76.83999633789062,63.79574203491211
2012-11-16,77.4800033569336,64.32711791992188
2012-11-19,79.12000274658203,65.68873596191406
2012-11-20,79.26000213623047,65.804931640625
2012-11-21,79.68000030517578,66.15365600585938
2012-11-23,80.47000122070312,66.8095474243164
2012-11-26,80.7300033569336,67.02540588378906
2012-11-27,80.62999725341797,66.94239807128906
2012-11-28,81.30999755859375,67.50695037841797
2012-11-29,82.23999786376953,68.27909851074219
2012-11-30,82.08000183105469,68.14623260498047
2012-12-03,81.98999786376953,68.07149505615234
2012-12-04,82.08999633789062,68.1545181274414
2012-12-05,81.98999786376953,68.07149505615234
2012-12-06,82.12000274658203,68.17945098876953
2012-12-07,82.18000030517578,68.229248046875
2012-12-10,82.54000091552734,68.52814483642578
2012-12-11,83.41000366210938,69.25045776367188
2012-12-12,82.94000244140625,68.8602294921875
2012-12-13,82.41000366210938,68.42021179199219
2012-12-14,82.36000061035156,68.37867736816406
2012-12-17,83.5199966430664,69.3417739868164
2012-12-18,84.66000366210938,70.28826904296875
2012-12-19,84.12000274658203,70.44486999511719
2012-12-20,84.54000091552734,70.79654693603516
2012-12-21,84.19000244140625,70.50347900390625
2012-12-24,83.77999877929688,70.16012573242188
2012-12-26,83.18000030517578,69.65765380859375
2012-12-27,83.12000274658203,69.60742950439453
2012-12-28,82.52999877929688,69.11331939697266
2012-12-31,84.31999969482422,70.61235046386719
2013-01-02,86.80000305175781,72.68917083740234
2013-01-03,86.5999984741211,72.52169799804688
2013-01-04,87.23999786376953,73.05762481689453
2013-01-07,86.91000366210938,72.78129577636719
2013-01-08,86.8499984741211,72.7310562133789
2013-01-09,87.2699966430664,73.08277130126953
2013-01-10,87.47000122070312,73.25025177001953
2013-01-11,87.33999633789062,73.14137268066406
2013-01-14,87.38999938964844,73.18329620361328
2013-01-15,87.7699966430664,73.50150299072266
2013-01-16,87.51000213623047,73.28375244140625
2013-01-17,88.31999969482422,73.96208190917969
2013-01-18,88.56999969482422,74.17142486572266
2013-01-22,89.20999908447266,74.7074203491211
2013-01-23,89.0,74.53153228759766
2013-01-24,89.29000091552734,74.77436828613281
2013-01-25,89.94000244140625,75.31873321533203
2013-01-28,90.0,75.36892700195312
2013-01-29,90.05000305175781,75.41083526611328
2013-01-30,88.97000122070312,74.50642395019531
2013-01-31,89.58000183105469,75.01724243164062
2013-02-01,90.37000274658203,75.67884063720703
2013-02-04,89.27999877929688,74.76600646972656
2013-02-05,90.08000183105469,75.43596649169922
2013-02-06,90.45999908447266,75.75419616699219
2013-02-07,90.16000366210938,75.50298309326172
2013-02-08,90.80000305175781,76.03887939453125
2013-02-11,90.69999694824219,75.95515441894531
2013-02-12,91.0999984741211,76.29011535644531
2013-02-13,91.4800033569336,76.60838317871094
2013-02-14,91.70999908447266,76.80095672607422
2013-02-15,91.73999786376953,76.82608032226562
2013-02-19,92.55000305175781,77.50443267822266
2013-02-20,90.83000183105469,76.06401824951172
2013-02-21,89.94999694824219,75.32709503173828
2013-02-22,91.02999877929688,76.23150634765625
2013-02-25,89.0199966430664,74.54825592041016
2013-02-26,89.37000274658203,74.84138488769531
2013-02-27,90.30999755859375,75.6285629272461
2013-02-28,90.4800033569336,75.77093505859375
2013-03-01,90.88999938964844,76.11427307128906
2013-03-04,91.12999725341797,76.31523132324219
2013-03-05,92.19000244140625,77.20294189453125
2013-03-06,92.43000030517578,77.4039077758789
2013-03-07,92.87000274658203,77.77238464355469
2013-03-08,93.7300033569336,78.49256134033203
2013-03-11,93.69999694824219,78.46746063232422
2013-03-12,93.51000213623047,78.30836486816406
2013-03-13,93.86000061035156,78.60145568847656
2013-03-14,94.80000305175781,79.38864135742188
2013-03-15,94.75,79.3468017578125
2013-03-18,94.2300033569336,78.91129302978516
2013-03-19,93.83000183105469,78.57636260986328
2013-03-20,94.69999694824219,79.30490112304688
2013-03-21,93.87000274658203,78.60983276367188
2013-03-22,94.16000366210938,78.85267639160156
2013-03-25,93.94999694824219,78.89798736572266
2013-03-26,94.25,79.14994812011719
2013-03-27,94.30999755859375,79.20037078857422
2013-03-28,94.43000030517578,79.3011474609375
2013-04-01,93.16000366210938,78.234619140625
2013-04-02,92.58000183105469,77.74751281738281
2013-04-03,91.12999725341797,76.52983093261719
2013-04-04,91.91000366210938,77.18489074707031
2013-04-05,91.7300033569336,77.03372192382812
2013-04-08,92.48999786376953,77.67195892333984
2013-04-09,92.22000122070312,77.4451904296875
2013-04-10,93.88999938964844,78.8476791381836
2013-04-11,94.0199966430664,78.95680236816406
2013-04-12,93.63999938964844,78.63772583007812
2013-04-15,90.11000061035156,75.67325592041016
2013-04-16,91.66999816894531,76.98335266113281
2013-04-17,90.08000183105469,75.6480712890625
2013-04-18,89.58000183105469,75.22816467285156
2013-04-19,90.61000061035156,76.09314727783203
2013-04-22,90.87000274658203,76.3115005493164
2013-04-23,92.30999755859375,77.52079010009766
2013-04-24,92.79000091552734,77.92387390136719
2013-04-25,93.4000015258789,78.43611145019531
2013-04-26,92.9000015258789,78.0162353515625
2013-04-29,93.56999969482422,78.57891082763672
2013-04-30,94.0999984741211,79.02401733398438
2013-05-01,91.81999969482422,77.10931396484375
2013-05-02,93.27999877929688,78.33534240722656
2013-05-03,94.76000213623047,79.57825469970703
2013-05-06,95.37000274658203,80.09053039550781
2013-05-07,96.1500015258789,80.74557495117188
2013-05-08,96.43000030517578,80.98072814941406
2013-05-09,96.0999984741211,80.70357513427734
2013-05-10,96.83000183105469,81.31659698486328
2013-05-13,96.76000213623047,81.25782012939453
2013-05-14,98.0,82.29918670654297
2013-05-15,98.19999694824219,82.46713256835938
2013-05-16,97.94999694824219,82.25718688964844
2013-05-17,99.05000305175781,83.180908203125
2013-05-20,99.20999908447266,83.31532287597656
2013-05-21,99.2300033569336,83.33212280273438
2013-05-22,97.77999877929688,82.11441802978516
2013-05-23,97.9000015258789,82.21516418457031
2013-05-24,97.87999725341797,82.19837951660156
2013-05-28,99.1500015258789,83.26493835449219
2013-05-29,98.2300033569336,82.49232482910156
2013-05-30,98.88999938964844,83.04656982421875
2013-05-31,97.80000305175781,82.13123321533203
2013-06-03,98.7300033569336,82.9122314453125
2013-06-04,97.68000030517578,82.03041076660156
2013-06-05,96.43000030517578,80.98072814941406
2013-06-06,97.44999694824219,81.8373031616211
2013-06-07,98.19999694824219,82.46713256835938
2013-06-10,98.80000305175781,82.97097778320312
2013-06-11,97.7300033569336,82.07244873046875
2013-06-12,96.76000213623047,81.25782012939453
2013-06-13,98.47000122070312,82.69389343261719
2013-06-14,97.70999908447266,82.05563354492188
2013-06-17,98.3499984741211,82.59309387207031
2013-06-18,99.51000213623047,83.56725311279297
2013-06-19,98.29000091552734,82.54269409179688
2013-06-20,95.69000244140625,80.35926818847656
2013-06-21,95.97000122070312,80.59439086914062
2013-06-24,94.70999908447266,79.5362548828125
2013-06-25,95.62000274658203,80.30047607421875
2013-06-26,96.06999969482422,80.67838287353516
2013-06-27,97.55999755859375,81.9296875
2013-06-28,97.0,81.45936584472656
2013-07-01,98.58000183105469,82.7862548828125
2013-07-02,98.08000183105469,82.72721862792969
2013-07-03,98.27999877929688,82.89590454101562
2013-07-05,99.66999816894531,84.06830596923828
2013-07-08,100.06999969482422,84.40568542480469
2013-07-09,101.0,85.19013214111328
2013-07-10,101.27999877929688,85.42630767822266
2013-07-11,102.47000122070312,86.43001556396484
2013-07-12,102.68000030517578,86.6071548461914
2013-07-15,103.58000183105469,87.36628723144531
2013-07-16,103.05999755859375,86.92765808105469
2013-07-17,103.45999908447266,87.26504516601562
2013-07-18,104.1500015258789,87.84703063964844
2013-07-19,104.30999755859375,87.98202514648438
2013-07-22,104.52999877929688,88.16754913330078
2013-07-23,104.45999908447266,88.10848999023438
2013-07-24,103.58999633789062,87.37471771240234
2013-07-25,104.54000091552734,88.17601013183594
2013-07-26,104.12000274658203,87.82176208496094
2013-07-29,103.38999938964844,87.20600128173828
2013-07-30,103.4800033569336,87.28192901611328
2013-07-31,103.66000366210938,87.43376159667969
2013-08-01,105.06999969482422,88.623046875
2013-08-02,105.16000366210938,88.69895935058594
2013-08-05,105.5199966430664,89.00263214111328
2013-08-06,104.45999908447266,88.10848999023438
2013-08-07,103.72000122070312,87.48436737060547
2013-08-08,104.1500015258789,87.84703063964844
2013-08-09,104.04000091552734,87.75424194335938
2013-08-12,104.58999633789062,88.21817779541016
2013-08-13,104.44999694824219,88.10010528564453
2013-08-14,104.04000091552734,87.75424194335938
2013-08-15,102.11000061035156,86.12635803222656
2013-08-16,101.68000030517578,85.76368713378906
2013-08-19,100.6500015258789,84.89488983154297
2013-08-20,102.0999984741211,86.11795043945312
2013-08-21,101.4800033569336,85.5949935913086
2013-08-22,102.91000366210938,86.80113983154297
2013-08-23,103.16999816894531,87.02045440673828
2013-08-26,103.18000030517578,87.02886199951172
2013-08-27,100.76000213623047,84.98765563964844
2013-08-28,100.95999908447266,85.1563720703125
2013-08-29,101.97000122070312,86.00828552246094
2013-08-30,100.37999725341797,84.66716766357422
2013-09-03,101.05999755859375,85.2407455444336
2013-09-04,101.94999694824219,85.99137878417969
2013-09-05,102.11000061035156,86.12635803222656
2013-09-06,102.38999938964844,86.36253356933594
2013-09-09,103.94000244140625,87.669921875
2013-09-10,104.95999908447266,88.5302505493164
2013-09-11,105.01000213623047,88.57243347167969
2013-09-12,104.23999786376953,87.92293548583984
2013-09-13,104.80999755859375,88.4037094116211
2013-09-16,105.04000091552734,88.59773254394531
2013-09-17,106.08000183105469,89.47494506835938
2013-09-18,107.08999633789062,90.32682037353516
2013-09-19,106.9800033569336,90.23406219482422
2013-09-20,106.58999633789062,89.90508270263672
2013-09-23,106.5999984741211,89.91354370117188
2013-09-24,106.66999816894531,90.21209716796875
2013-09-25,106.47000122070312,90.04293060302734
2013-09-26,107.05999755859375,90.54191589355469
2013-09-27,106.58000183105469,90.1359634399414
2013-09-30,106.61000061035156,90.16133117675781
2013-10-01,107.8499984741211,91.21001434326172
2013-10-02,107.41000366210938,90.83790588378906
2013-10-03,106.30999755859375,89.90762329101562
2013-10-04,107.0199966430664,90.50809478759766
2013-10-07,105.7699966430664,89.45094299316406
2013-10-08,104.05999755859375,88.00476837158203
2013-10-09,103.63999938964844,87.64957427978516
2013-10-10,106.13999938964844,89.76380920410156
2013-10-11,107.68000030517578,91.06625366210938
2013-10-14,108.22000122070312,91.5229263305664
2013-10-15,107.16000366210938,90.6264419555664
2013-10-16,108.48999786376953,91.75128936767578
2013-10-17,109.44000244140625,92.55472564697266
2013-10-18,110.69000244140625,93.61185455322266
2013-10-21,110.47000122070312,93.4258041381836
2013-10-22,110.76000213623047,93.6709976196289
2013-10-23,110.38999938964844,93.3581314086914
2013-10-24,110.9800033569336,93.85709381103516
2013-10-25,111.08000183105469,93.94165802001953
2013-10-28,111.02999877929688,93.89939880371094
2013-10-29,111.3499984741211,94.17000579833984
2013-10-30,109.83000183105469,92.8845443725586
2013-10-31,109.19000244140625,92.34323120117188
2013-11-01,108.72000122070312,91.94578552246094
2013-11-04,109.97000122070312,93.00294494628906
2013-11-05,109.58999633789062,92.68154907226562
2013-11-06,109.12000274658203,92.2840805053711
2013-11-07,107.27999877929688,90.72795867919922
2013-11-08,109.2300033569336,92.37711334228516
2013-11-11,109.37999725341797,92.50395965576172
2013-11-12,109.47000122070312,92.580078125
2013-11-13,110.5199966430664,93.46804809570312
2013-11-14,110.41000366210938,93.37503814697266
2013-11-15,110.83000183105469,93.7302474975586
2013-11-18,110.05000305175781,93.0705795288086
2013-11-19,109.37000274658203,92.4955062866211
2013-11-20,109.33000183105469,92.46165466308594
2013-11-21,111.30000305175781,94.12772369384766
2013-11-22,111.8499984741211,94.59288787841797
2013-11-25,111.98999786376953,94.71125030517578
2013-11-26,112.81999969482422,95.41319274902344
2013-11-27,113.44999694824219,95.94599151611328
2013-11-29,113.51000213623047,95.99676513671875
2013-12-02,112.37000274658203,95.03262329101562
2013-12-03,111.83000183105469,94.57594299316406
2013-12-04,111.52999877929688,94.32222747802734
2013-12-05,111.61000061035156,94.3898696899414
2013-12-06,112.4800033569336,95.12564086914062
2013-12-09,112.44999694824219,95.10027313232422
2013-12-10,111.43000030517578,94.23767852783203
2013-12-11,109.5999984741211,92.69001007080078
2013-12-12,109.83999633789062,92.8929443359375
2013-12-13,110.19999694824219,93.19742584228516
2013-12-16,111.51000213623047,94.30529022216797
2013-12-17,111.3499984741211,94.17000579833984
2013-12-18,112.87999725341797,95.46394348144531
2013-12-19,112.04000091552734,94.7535629272461
2013-12-20,113.93000030517578,96.3519287109375
2013-12-23,114.77999877929688,97.4445571899414
2013-12-24,115.22000122070312,97.81810760498047
2013-12-26,115.2300033569336,97.82659912109375
2013-12-27,115.16000366210938,97.76718139648438
2013-12-30,115.08999633789062,97.70775604248047
2013-12-31,115.36000061035156,97.93695068359375
2014-01-02,114.11000061035156,96.87577056884766
2014-01-03,114.69000244140625,97.3681640625
2014-01-06,113.76000213623047,96.57860565185547
2014-01-07,114.70999908447266,97.38514709472656
2014-01-08,114.86000061035156,97.51248168945312
2014-01-09,114.88999938964844,97.53793334960938
2014-01-10,115.5199966430664,98.07280731201172
2014-01-13,113.94000244140625,96.7314224243164
2014-01-14,115.33999633789062,97.91997528076172
2014-01-15,116.19999694824219,98.65007781982422
2014-01-16,116.33999633789062,98.7689208984375
2014-01-17,115.93000030517578,98.42086029052734
2014-01-21,116.62000274658203,99.00663757324219
2014-01-22,117.20999908447266,99.5075454711914
2014-01-23,116.41999816894531,98.8368911743164
2014-01-24,113.44999694824219,96.31544494628906
2014-01-27,111.79000091552734,94.90614318847656
2014-01-28,112.97000122070312,95.907958984375
2014-01-29,111.33999633789062,94.52410125732422
2014-01-30,113.0,95.93341064453125
2014-01-31,112.16000366210938,95.22024536132812
2014-02-03,108.6500015258789,92.24040222167969
2014-02-04,109.47000122070312,92.93656158447266
2014-02-05,108.6500015258789,92.24040222167969
2014-02-06,109.51000213623047,92.97048950195312
2014-02-07,110.75,94.02323150634766
2014-02-10,111.04000091552734,94.26943969726562
2014-02-11,112.02999877929688,95.10987854003906
2014-02-12,112.47000122070312,95.48344421386719
2014-02-13,113.9000015258789,96.69746398925781
2014-02-14,114.05999755859375,96.833251953125
2014-02-18,115.25,97.84357452392578
2014-02-19,114.06999969482422,96.8418197631836
2014-02-20,115.30000305175781,97.8860092163086
2014-02-21,115.66000366210938,98.19170379638672
2014-02-24,116.51000213623047,98.91325378417969
2014-02-25,116.62999725341797,99.01515197753906
2014-02-26,117.3499984741211,99.62641906738281
2014-02-27,117.98999786376953,100.16975402832031
2014-02-28,117.5199966430664,99.77071380615234
2014-03-03,116.88999938964844,99.23587799072266
2014-03-04,119.83000183105469,101.73184204101562
2014-03-05,119.76000213623047,101.67240142822266
2014-03-06,119.73999786376953,101.65545654296875
2014-03-07,119.69999694824219,101.6214828491211
2014-03-10,119.30000305175781,101.28190612792969
2014-03-11,118.05999755859375,100.22917938232422
2014-03-12,118.41999816894531,100.5347900390625
2014-03-13,117.05000305175781,99.37169647216797
2014-03-14,117.54000091552734,99.78771209716797
2014-03-17,118.05999755859375,100.22917938232422
2014-03-18,119.77999877929688,101.68939208984375
2014-03-19,119.0,101.02721405029297
2014-03-20,119.16000366210938,101.16303253173828
2014-03-21,118.61000061035156,100.69610595703125
2014-03-24,117.26000213623047,99.54998779296875
2014-03-25,116.93000030517578,99.52617645263672
2014-03-26,114.69000244140625,97.61956787109375
2014-03-27,114.4000015258789,97.37273406982422
2014-03-28,114.29000091552734,97.27910614013672
2014-03-31,116.33999633789062,99.02397918701172
2014-04-01,117.87000274658203,100.3262710571289
2014-04-02,118.4000015258789,100.7773666381836
2014-04-03,117.19999694824219,99.75597381591797
2014-04-04,114.48999786376953,97.4493408203125
2014-04-07,112.81999969482422,96.02788543701172
2014-04-08,113.61000061035156,96.70032501220703
2014-04-09,115.25,98.0962142944336
2014-04-10,111.95999908447266,95.29589080810547
2014-04-11,110.41000366210938,93.97660064697266
2014-04-14,110.72000122070312,94.24044799804688
2014-04-15,111.1500015258789,94.60645294189453
2014-04-16,112.36000061035156,95.63636779785156
2014-04-17,112.91999816894531,96.1130142211914
2014-04-21,113.44999694824219,96.56413269042969
2014-04-22,114.62000274658203,97.56002044677734
2014-04-23,113.9000015258789,96.94715118408203
2014-04-24,113.61000061035156,96.70032501220703
2014-04-25,111.61000061035156,94.99800872802734
2014-04-28,110.95999908447266,94.44477081298828
2014-04-29,111.23999786376953,94.68306732177734
2014-04-30,111.9800033569336,95.31292724609375
2014-05-01,111.94000244140625,95.27887725830078
2014-05-02,112.02999877929688,95.3554916381836
2014-05-05,111.88999938964844,95.236328125
2014-05-06,110.06999969482422,93.68721008300781
2014-05-07,110.13999938964844,93.74678039550781
2014-05-08,109.02999877929688,92.8019790649414
2014-05-09,110.02999877929688,93.65316009521484
2014-05-12,112.52999877929688,95.78106689453125
2014-05-13,111.43000030517578,94.84480285644531
2014-05-14,109.62000274658203,93.30419158935547
2014-05-15,108.87999725341797,92.67432403564453
2014-05-16,109.56999969482422,93.26163482666016
2014-05-19,110.75,94.2659912109375
2014-05-20,109.05999755859375,92.8275375366211
2014-05-21,109.62000274658203,93.30419158935547
2014-05-22,110.76000213623047,94.27449798583984
2014-05-23,111.97000122070312,95.30441284179688
2014-05-27,113.58000183105469,96.67475891113281
2014-05-28,112.98999786376953,96.17262268066406
2014-05-29,113.37000274658203,96.49604034423828
2014-05-30,112.86000061035156,96.06196594238281
2014-06-02,112.25,95.54275512695312
2014-06-03,111.9800033569336,95.31292724609375
2014-06-04,112.41999816894531,95.68742370605469
2014-06-05,114.77999877929688,97.69620513916016
2014-06-06,115.87999725341797,98.63245391845703
2014-06-09,116.9000015258789,99.50064849853516
2014-06-10,116.66999816894531,99.30488586425781
2014-06-11,116.0999984741211,98.8196792602539
2014-06-12,115.38999938964844,98.21539306640625
2014-06-13,115.58999633789062,98.38560485839844
2014-06-16,116.1500015258789,98.86224365234375
2014-06-17,116.97000122070312,99.56022644042969
2014-06-18,117.76000213623047,100.23262786865234
2014-06-19,117.86000061035156,100.31773376464844
2014-06-20,118.25,100.6496810913086
2014-06-23,118.0199966430664,100.45391845703125
2014-06-24,116.76000213623047,99.38148498535156
2014-06-25,117.75,100.2240982055664
2014-06-26,117.55000305175781,100.05391693115234
2014-06-27,118.33999633789062,100.72632598876953
2014-06-30,118.80999755859375,101.12632751464844
2014-07-01,120.0199966430664,102.15624237060547
2014-07-02,119.0999984741211,101.76235961914062
2014-07-03,119.81999969482422,102.37754821777344
2014-07-07,117.7699966430664,100.62598419189453
2014-07-08,116.33999633789062,99.40412902832031
2014-07-09,116.48999786376953,99.53230285644531
2014-07-10,115.25,98.47280883789062
2014-07-11,115.0999984741211,98.34465026855469
2014-07-14,115.69000244140625,98.84877014160156
2014-07-15,114.55000305175781,97.87472534179688
2014-07-16,114.23999786376953,97.60982513427734
2014-07-17,112.4800033569336,96.10601806640625
2014-07-18,114.2300033569336,97.60131072998047
2014-07-21,113.7699966430664,97.2082748413086
2014-07-22,114.7300033569336,98.02852630615234
2014-07-23,114.87000274658203,98.14812469482422
2014-07-24,114.63999938964844,97.95162963867188
2014-07-25,113.5999984741211,97.06302642822266
2014-07-28,113.02999877929688,96.57598114013672
2014-07-29,113.33999633789062,96.84088134765625
2014-07-30,113.79000091552734,97.22532653808594
2014-07-31,111.19000244140625,95.00384521484375
2014-08-01,110.68000030517578,94.5680923461914
2014-08-04,111.66000366210938,95.40542602539062
2014-08-05,111.37999725341797,95.16617584228516
2014-08-06,111.7300033569336,95.46522521972656
2014-08-07,111.19000244140625,95.00384521484375
2014-08-08,112.2699966430664,95.92662048339844
2014-08-11,113.33999633789062,96.84088134765625
2014-08-12,112.55999755859375,96.17436981201172
2014-08-13,113.44000244140625,96.92630004882812
2014-08-14,113.61000061035156,97.0715560913086
2014-08-15,113.38999938964844,96.88357543945312
2014-08-18,115.04000091552734,98.29338073730469
2014-08-19,115.44000244140625,98.6351318359375
2014-08-20,114.94999694824219,98.21646118164062
2014-08-21,115.19999694824219,98.43008422851562
2014-08-22,115.20999908447266,98.43865966796875
2014-08-25,115.75,98.90003967285156
2014-08-26,116.80000305175781,99.79718017578125
2014-08-27,116.51000213623047,99.54938507080078
2014-08-28,115.91000366210938,99.0367431640625
2014-08-29,116.55999755859375,99.59210205078125
2014-09-02,117.19999694824219,100.13894653320312
2014-09-03,116.45999908447266,99.50667572021484
2014-09-04,116.01000213623047,99.12218475341797
2014-09-05,116.37999725341797,99.43830108642578
2014-09-08,116.55999755859375,99.59210205078125
2014-09-09,115.18000030517578,98.41300201416016
2014-09-10,115.86000061035156,98.99402618408203
2014-09-11,116.61000061035156,99.63484191894531
2014-09-12,115.37000274658203,98.57534790039062
2014-09-15,114.11000061035156,97.49877166748047
2014-09-16,114.43000030517578,97.77220916748047
2014-09-17,114.7300033569336,98.02852630615234
2014-09-18,115.43000030517578,98.62662506103516
2014-09-19,113.97000122070312,97.379150390625
2014-09-22,112.37000274658203,96.0120849609375
2014-09-23,111.31999969482422,95.11491394042969
2014-09-24,112.0199966430664,95.9759750366211
2014-09-25,110.12999725341797,94.35667419433594
2014-09-26,111.12000274658203,95.20487213134766
2014-09-29,111.02999877929688,95.12776947021484
2014-09-30,109.3499984741211,93.6883773803711
2014-10-01,107.80000305175781,92.36036682128906
2014-10-02,108.83000183105469,93.24286651611328
2014-10-03,109.6500015258789,93.9454116821289
2014-10-06,108.70999908447266,93.14006042480469
2014-10-07,106.91999816894531,91.60640716552734
2014-10-08,108.97000122070312,93.36278533935547
2014-10-09,106.02999877929688,90.8438720703125
2014-10-10,104.73999786376953,89.73863983154297
2014-10-13,104.31999969482422,89.3787841796875
2014-10-14,105.54000091552734,90.42407989501953
2014-10-15,106.5999984741211,91.33226776123047
2014-10-16,107.80000305175781,92.36036682128906
2014-10-17,107.4800033569336,92.08621215820312
2014-10-20,108.73999786376953,93.16576385498047
2014-10-21,110.52999877929688,94.6993637084961
2014-10-22,108.94999694824219,93.34566497802734
2014-10-23,110.87999725341797,94.99925994873047
2014-10-24,111.06999969482422,95.16204071044922
2014-10-27,111.01000213623047,95.11064147949219
2014-10-28,114.16999816894531,97.81804656982422
2014-10-29,113.9000015258789,97.5866928100586
2014-10-30,114.87000274658203,98.41777801513672
2014-10-31,116.55999755859375,99.86575317382812
2014-11-03,116.36000061035156,99.69437408447266
2014-11-04,115.81999969482422,99.23173522949219
2014-11-05,116.02999877929688,99.41166687011719
2014-11-06,116.52999877929688,99.84004211425781
2014-11-07,116.70999908447266,99.99424743652344
2014-11-10,117.29000091552734,100.4911880493164
2014-11-11,117.37000274658203,100.55973052978516
2014-11-12,117.9000015258789,101.01382446289062
2014-11-13,116.9000015258789,100.15704345703125
2014-11-14,116.69000244140625,99.97711944580078
2014-11-17,115.72000122070312,99.14602661132812
2014-11-18,116.38999938964844,99.7201156616211
2014-11-19,115.1500015258789,98.6576919555664
2014-11-20,116.44000244140625,99.76292419433594
2014-11-21,116.58000183105469,99.88288879394531
2014-11-24,117.97000122070312,101.07380676269531
2014-11-25,118.05999755859375,101.15087890625
2014-11-26,118.44999694824219,101.48503875732422
2014-11-28,116.69000244140625,99.97711944580078
2014-12-01,114.87000274658203,98.41777801513672
2014-12-02,116.25,99.60015106201172
2014-12-03,117.37000274658203,100.55973052978516
2014-12-04,116.80999755859375,100.07992553710938
2014-12-05,117.69000244140625,100.83389282226562
2014-12-08,116.22000122070312,99.5744400024414
2014-12-09,118.16999816894531,101.24514770507812
2014-12-10,115.66000366210938,99.09464263916016
2014-12-11,116.12000274658203,99.48870849609375
2014-12-12,114.70999908447266,98.28071594238281
2014-12-15,113.55000305175781,97.28684997558594
2014-12-16,113.38999938964844,97.14974212646484
2014-12-17,116.88999938964844,100.14848327636719
2014-12-18,118.62999725341797,101.63926696777344
2014-12-19,118.9000015258789,101.8705825805664
2014-12-22,119.70999908447266,102.56458282470703
2014-12-23,119.86000061035156,102.6930923461914
2014-12-24,119.76000213623047,102.98976135253906
2014-12-26,120.54000091552734,103.66055297851562
2014-12-29,121.05000305175781,104.0991439819336
2014-12-30,120.33999633789062,103.48854064941406
2014-12-31,119.62000274658203,102.86936950683594
2015-01-02,118.93000030517578,102.2760238647461
2015-01-05,117.33999633789062,100.90864562988281
2015-01-06,115.30999755859375,99.16291046142578
2015-01-07,116.7300033569336,100.38408660888672
2015-01-08,118.70999908447266,102.0868148803711
2015-01-09,117.56999969482422,101.10643768310547
2015-01-12,117.18000030517578,100.77105712890625
2015-01-13,117.2699966430664,100.84847259521484
2015-01-14,116.80000305175781,100.44425964355469
2015-01-15,114.83000183105469,98.75013732910156
2015-01-16,116.69999694824219,100.35826110839844
2015-01-20,116.20999908447266,99.9369125366211
2015-01-21,115.83999633789062,99.61870574951172
2015-01-22,118.19999694824219,101.64823913574219
2015-01-23,118.12000274658203,101.57942199707031
2015-01-26,119.26000213623047,102.55979919433594
2015-01-27,118.69000244140625,102.0696029663086
2015-01-28,116.69000244140625,100.34967041015625
2015-01-29,118.30000305175781,101.73422241210938
2015-01-30,115.69999694824219,99.4983139038086
2015-02-02,116.76000213623047,100.40988159179688
2015-02-03,118.8499984741211,102.20722961425781
2015-02-04,118.41000366210938,101.8288345336914
2015-02-05,119.94000244140625,103.14456939697266
2015-02-06,119.80999755859375,103.03276824951172
2015-02-09,118.86000061035156,102.21581268310547
2015-02-10,119.62000274658203,102.86936950683594
2015-02-11,119.44999694824219,102.72317504882812
2015-02-12,120.80999755859375,103.89273071289062
2015-02-13,121.52999877929688,104.51190948486328
2015-02-17,121.91000366210938,104.83872985839844
2015-02-18,122.04000091552734,104.95049285888672
2015-02-19,122.05000305175781,104.9591064453125
2015-02-20,122.37999725341797,105.24288940429688
2015-02-23,122.5,105.34608459472656
2015-02-24,122.66000366210938,105.48369598388672
2015-02-25,122.80000305175781,105.60408782958984
2015-02-26,123.25,105.99104309082031
2015-02-27,122.58000183105469,105.41488647460938
2015-03-02,123.47000122070312,106.18026733398438
2015-03-03,122.73999786376953,105.55245971679688
2015-03-04,122.36000061035156,105.2257080078125
2015-03-05,122.72000122070312,105.53528594970703
2015-03-06,121.16999816894531,104.20233917236328
2015-03-09,121.69999694824219,104.65811157226562
2015-03-10,120.30000305175781,103.45417022705078
2015-03-11,121.04000091552734,104.0905532836914
2015-03-12,123.05000305175781,105.819091796875
2015-03-13,122.61000061035156,105.44070434570312
2015-03-16,123.33000183105469,106.05986022949219
2015-03-17,123.66000366210938,106.34366607666016
2015-03-18,124.6500015258789,107.19503784179688
2015-03-19,124.88999938964844,107.40142059326172
2015-03-20,125.98999786376953,108.34739685058594
2015-03-23,125.87999725341797,108.25276184082031
2015-03-24,125.8499984741211,108.22698974609375
2015-03-25,122.47000122070312,105.64180755615234
2015-03-26,122.31999969482422,105.51241302490234
2015-03-27,123.0999984741211,106.18522644042969
2015-03-30,124.7699966430664,107.6257553100586
2015-03-31,124.37000274658203,107.28070831298828
2015-04-01,124.41999816894531,107.3238525390625
2015-04-02,124.6500015258789,107.5222396850586
2015-04-06,125.19999694824219,107.99665069580078
2015-04-07,124.4000015258789,107.30662536621094
2015-04-08,125.47000122070312,108.22957611083984
2015-04-09,125.0199966430664,107.84141540527344
2015-04-10,125.62000274658203,108.35896301269531
2015-04-13,125.69999694824219,108.427978515625
2015-04-14,125.66999816894531,108.40211486816406
2015-04-15,126.55000305175781,109.16119384765625
2015-04-16,126.4800033569336,109.10077667236328
2015-04-17,124.43000030517578,107.33252716064453
2015-04-20,125.6500015258789,108.38481903076172
2015-04-21,125.5199966430664,108.27269744873047
2015-04-22,125.70999908447266,108.43657684326172
2015-04-23,126.27999877929688,108.92826080322266
2015-04-24,125.86000061035156,108.56597900390625
2015-04-27,124.47000122070312,107.36698150634766
2015-04-28,125.16000366210938,107.9621810913086
2015-04-29,123.80000305175781,106.78904724121094
2015-04-30,121.18000030517578,104.52906036376953
2015-05-01,121.97000122070312,105.21050262451172
2015-05-04,122.41000366210938,105.59005737304688
2015-05-05,120.8499984741211,104.244384765625
2015-05-06,121.2699966430664,104.60668182373047
2015-05-07,121.7300033569336,105.00348663330078
2015-05-08,122.63999938964844,105.78843688964844
2015-05-11,122.70999908447266,105.84880828857422
2015-05-12,122.48999786376953,105.65904235839844
2015-05-13,122.48999786376953,105.65904235839844
2015-05-14,123.79000091552734,106.78044128417969
2015-05-15,123.6500015258789,106.6596450805664
2015-05-18,125.05000305175781,107.86729431152344
2015-05-19,124.87999725341797,107.72063446044922
2015-05-20,125.11000061035156,107.91902923583984
2015-05-21,124.97000122070312,107.79826354980469
2015-05-22,124.43000030517578,107.33252716064453
2015-05-26,123.23999786376953,106.30598449707031
2015-05-27,124.75,107.60848999023438
2015-05-28,124.63999938964844,107.51360321044922
2015-05-29,123.88999938964844,106.86669158935547
2015-06-01,124.27999877929688,107.20309448242188
2015-06-02,124.5199966430664,107.41011047363281
2015-06-03,125.76000213623047,108.4797134399414
2015-06-04,124.5,107.39286041259766
2015-06-05,125.4000015258789,108.16918182373047
2015-06-08,124.81999969482422,107.66887664794922
2015-06-09,124.44000244140625,107.341064453125
2015-06-10,125.98999786376953,108.67813873291016
2015-06-11,126.30999755859375,108.95413970947266
2015-06-12,125.93000030517578,108.6263656616211
2015-06-15,125.52999877929688,108.28133392333984
2015-06-16,126.41999816894531,109.04902648925781
2015-06-17,126.2300033569336,108.88516998291016
2015-06-18,127.91999816894531,110.3429183959961
2015-06-19,127.86000061035156,110.29117584228516
2015-06-22,128.74000549316406,111.05023956298828
2015-06-23,129.00999450683594,111.28315734863281
2015-06-24,127.91999816894531,110.3429183959961
2015-06-25,127.8499984741211,110.28254699707031
2015-06-26,127.5,109.98062896728516
2015-06-29,124.27999877929688,107.20309448242188
2015-06-30,124.86000061035156,107.70342254638672
2015-07-01,125.2300033569336,108.02253723144531
2015-07-02,123.77999877929688,107.22474670410156
2015-07-06,123.73999786376953,107.1900405883789
2015-07-07,123.87999725341797,107.31134033203125
2015-07-08,121.98999786376953,105.67414093017578
2015-07-09,122.43000030517578,106.05525970458984
2015-07-10,124.12999725341797,107.5279312133789
2015-07-13,125.52999877929688,108.74067687988281
2015-07-14,126.2300033569336,109.3470687866211
2015-07-15,125.55999755859375,108.76664733886719
2015-07-16,126.30999755859375,109.4163589477539
2015-07-17,125.76000213623047,108.93992614746094
2015-07-20,125.08000183105469,108.35087585449219
2015-07-21,124.48999786376953,107.83977508544922
2015-07-22,124.94999694824219,108.2382583618164
2015-07-23,123.56999969482422,107.04280853271484
2015-07-24,121.58000183105469,105.3189697265625
2015-07-27,120.56999969482422,104.4440689086914
2015-07-28,121.5999984741211,105.33627319335938
2015-07-29,121.94000244140625,105.63082122802734
2015-07-30,122.29000091552734,105.93401336669922
2015-07-31,122.95999908447266,106.51438903808594
2015-08-03,122.3499984741211,105.9859848022461
2015-08-04,122.05999755859375,105.73475646972656
2015-08-05,122.33999633789062,105.97733306884766
2015-08-06,120.69000244140625,104.54801177978516
2015-08-07,119.87999725341797,103.84635162353516
2015-08-10,121.26000213623047,105.04177856445312
2015-08-11,120.22000122070312,104.1408920288086
2015-08-12,119.98999786376953,103.94164276123047
2015-08-13,119.58999633789062,103.59512329101562
2015-08-14,120.36000061035156,104.26213836669922
2015-08-17,121.62999725341797,105.36231231689453
2015-08-18,120.66000366210938,104.52202606201172
2015-08-19,119.41000366210938,103.43919372558594
2015-08-20,116.38999938964844,100.8231430053711
2015-08-21,115.02999877929688,99.64501190185547
2015-08-24,110.54000091552734,95.75554656982422
2015-08-25,109.69000244140625,95.01924896240234
2015-08-26,112.4800033569336,97.43608093261719
2015-08-27,114.48999786376953,99.17727661132812
2015-08-28,115.62000274658203,100.15612030029297
2015-08-31,115.19999694824219,99.79228210449219
2015-09-01,111.9000015258789,96.93365478515625
2015-09-02,113.91000366210938,98.6748275756836
2015-09-03,113.7300033569336,98.5188980102539
2015-09-04,112.87000274658203,97.77391815185547
2015-09-08,115.44999694824219,100.00885772705078
2015-09-09,114.12000274658203,98.85674285888672
2015-09-10,114.63999938964844,99.30717468261719
2015-09-11,115.18000030517578,99.77496337890625
2015-09-14,114.6500015258789,99.31584930419922
2015-09-15,115.94000244140625,100.43331146240234
2015-09-16,116.94000244140625,101.2995834350586
2015-09-17,117.33999633789062,101.64608001708984
2015-09-18,115.72000122070312,100.24272155761719
2015-09-21,115.51000213623047,100.06083679199219
2015-09-22,113.76000213623047,98.5448989868164
2015-09-23,113.41999816894531,98.25035858154297
2015-09-24,113.2300033569336,98.08576965332031
2015-09-25,111.41999816894531,96.7948226928711
2015-09-28,108.30000305175781,94.08435821533203
2015-09-29,107.52999877929688,93.4154281616211
2015-09-30,109.19999694824219,94.86622619628906
2015-10-01,109.01000213623047,94.7011947631836
2015-10-02,110.62999725341797,96.1084976196289
2015-10-05,113.2699966430664,98.40199279785156
2015-10-06,112.48999786376953,97.72435760498047
2015-10-07,114.4800033569336,99.45314025878906
2015-10-08,115.51000213623047,100.34798431396484
2015-10-09,115.73999786376953,100.54779052734375
2015-10-12,115.56999969482422,100.40008544921875
2015-10-13,113.98999786376953,99.02748107910156
2015-10-14,112.87000274658203,98.05449676513672
2015-10-15,115.56999969482422,100.40008544921875
2015-10-16,115.41999816894531,100.26976013183594
2015-10-19,115.63999938964844,100.46087646484375
2015-10-20,115.4800033569336,100.3218994140625
2015-10-21,113.72000122070312,98.79293823242188
2015-10-22,114.72000122070312,99.66165161132812
2015-10-23,115.8499984741211,100.6433334350586
2015-10-26,115.05999755859375,99.95703125
2015-10-27,113.80000305175781,98.86243438720703
2015-10-28,117.12000274658203,101.74664306640625
2015-10-29,115.87000274658203,100.66071319580078
2015-10-30,115.33999633789062,100.20027923583984
2015-11-02,117.73999786376953,102.28527069091797
2015-11-03,118.3499984741211,102.81517791748047
2015-11-04,118.29000091552734,102.76305389404297
2015-11-05,118.37999725341797,102.84125518798828
2015-11-06,119.22000122070312,103.57098388671875
2015-11-09,117.81999969482422,102.35474395751953
2015-11-10,118.16999816894531,102.65882873535156
2015-11-11,117.13999938964844,101.76400756835938
2015-11-12,114.9000015258789,99.81803894042969
2015-11-13,114.06999969482422,99.09697723388672
2015-11-16,115.05000305175781,99.94835662841797
2015-11-17,114.61000061035156,99.56610107421875
2015-11-18,116.55000305175781,101.2514419555664
2015-11-19,116.05999755859375,100.8257827758789
2015-11-20,116.80999755859375,101.47732543945312
2015-11-23,117.38999938964844,101.98119354248047
2015-11-24,118.25,102.72830963134766
2015-11-25,119.16999816894531,103.52754974365234
2015-11-27,119.62000274658203,103.91846466064453
2015-11-30,119.0999984741211,103.46674346923828
2015-12-01,119.88999938964844,104.1530532836914
2015-12-02,118.5999984741211,103.03236389160156
2015-12-03,116.5999984741211,101.2948989868164
2015-12-04,117.77999877929688,102.32000732421875
2015-12-07,116.01000213623047,100.7823257446289
2015-12-08,115.37000274658203,100.22636413574219
2015-12-09,114.08000183105469,99.10567474365234
2015-12-10,114.45999908447266,99.43579864501953
2015-12-11,111.91000366210938,97.22051239013672
2015-12-14,111.11000061035156,96.52550506591797
2015-12-15,112.70999908447266,97.9155044555664
2015-12-16,114.43000030517578,99.40972137451172
2015-12-17,113.20999908447266,98.34989166259766
2015-12-18,111.4800033569336,96.84696197509766
2015-12-21,112.31999969482422,97.57669067382812
2015-12-22,113.3499984741211,98.47151184082031
2015-12-23,114.77999877929688,99.71380615234375
2015-12-24,114.5,99.90225982666016
2015-12-28,113.97000122070312,99.43982696533203
2015-12-29,115.19999694824219,100.51300048828125
2015-12-30,114.04000091552734,99.50090026855469
2015-12-31,112.62000274658203,98.26191711425781
2016-01-04,110.01000213623047,95.98468780517578
2016-01-05,110.25,96.19408416748047
2016-01-06,108.56999969482422,94.72827911376953
2016-01-07,105.66999816894531,92.19800567626953
2016-01-08,103.8499984741211,90.61004638671875
2016-01-11,103.4000015258789,90.2174072265625
2016-01-12,103.70999908447266,90.48788452148438
2016-01-13,100.37999725341797,87.58240509033203
2016-01-14,101.7699966430664,88.79521179199219
2016-01-15,100.12000274658203,87.35557556152344
2016-01-19,98.7699966430664,86.17768096923828
2016-01-20,99.18000030517578,86.53540802001953
2016-01-21,98.94999694824219,86.33473205566406
2016-01-22,101.37000274658203,88.44620513916016
2016-01-25,99.12000274658203,86.48304748535156
2016-01-26,101.0999984741211,88.21062469482422
2016-01-27,99.70999908447266,86.99784851074219
2016-01-28,99.69000244140625,86.98038482666016
2016-01-29,102.95999908447266,89.8334732055664
2016-02-01,102.48999786376953,89.42340850830078
2016-02-02,100.27999877929688,87.49517822265625
2016-02-03,100.41000366210938,87.60861206054688
2016-02-04,100.80000305175781,87.94889831542969
2016-02-05,98.04000091552734,85.5407485961914
2016-02-08,96.43000030517578,84.13601684570312
2016-02-09,95.77999877929688,83.56887817382812
2016-02-10,95.83000183105469,83.61251068115234
2016-02-11,94.79000091552734,82.70509338378906
2016-02-12,96.58999633789062,84.27562713623047
2016-02-16,98.87999725341797,86.2736587524414
2016-02-17,100.43000030517578,87.62604522705078
2016-02-18,99.94999694824219,87.2072525024414
2016-02-19,100.44999694824219,87.64349365234375
2016-02-22,101.56999969482422,88.6207275390625
2016-02-23,100.63999938964844,87.80927276611328
2016-02-24,101.61000061035156,88.65560913085938
2016-02-25,102.54000091552734,89.46703338623047
2016-02-26,103.19000244140625,90.0341567993164
2016-02-29,102.7300033569336,89.63282012939453
2016-03-01,104.94000244140625,91.56108093261719
2016-03-02,106.0199966430664,92.50337219238281
2016-03-03,107.12999725341797,93.47184753417969
2016-03-04,107.72000122070312,93.98663330078125
2016-03-07,108.88999938964844,95.00747680664062
2016-03-08,106.26000213623047,92.7127914428711
2016-03-09,106.80000305175781,93.18392181396484
2016-03-10,105.93000030517578,92.42485046386719
2016-03-11,108.19999694824219,94.40544128417969
2016-03-14,107.91999816894531,94.16114044189453
2016-03-15,106.23999786376953,92.69532775878906
2016-03-16,106.98999786376953,93.34970092773438
2016-03-17,108.62999725341797,94.78062438964844
2016-03-18,109.61000061035156,95.63571166992188
2016-03-21,109.3499984741211,95.40882110595703
2016-03-22,109.22000122070312,95.29540252685547
2016-03-23,106.87999725341797,93.53376007080078
2016-03-24,107.19999694824219,93.81381225585938
2016-03-28,107.33000183105469,93.9275894165039
2016-03-29,110.30999755859375,96.53546905517578
2016-03-30,110.31999969482422,96.544189453125
2016-03-31,110.62999725341797,96.81549835205078
2016-04-01,111.12000274658203,97.24432373046875
2016-04-04,110.19000244140625,96.4304428100586
2016-04-05,108.94000244140625,95.3365249633789
2016-04-06,110.16999816894531,96.41294860839844
2016-04-07,108.68000030517578,95.10899353027344
2016-04-08,109.11000061035156,95.48529815673828
2016-04-11,108.7699966430664,95.18775939941406
2016-04-12,109.94000244140625,96.21167755126953
2016-04-13,112.30999755859375,98.28572082519531
2016-04-14,112.16999816894531,98.16319274902344
2016-04-15,112.44999694824219,98.4082260131836
2016-04-18,113.30000305175781,99.152099609375
2016-04-19,113.38999938964844,99.2308578491211
2016-04-20,113.55999755859375,99.3796157836914
2016-04-21,112.98999786376953,98.88079071044922
2016-04-22,114.11000061035156,99.86094665527344
2016-04-25,113.30000305175781,99.152099609375
2016-04-26,114.41000366210938,100.12348175048828
2016-04-27,114.80999755859375,100.47352600097656
2016-04-28,113.5,99.32711791992188
2016-04-29,112.4800033569336,98.43448638916016
2016-05-02,113.4800033569336,99.30961608886719
2016-05-03,111.62000274658203,97.6818618774414
2016-05-04,110.69999694824219,96.87673950195312
2016-05-05,110.26000213623047,96.49171447753906
2016-05-06,110.91000366210938,97.06053161621094
2016-05-09,111.2300033569336,97.34056854248047
2016-05-10,112.3499984741211,98.32072448730469
2016-05-11,110.95999908447266,97.10429382324219
2016-05-12,110.37000274658203,96.58797454833984
2016-05-13,109.63999938964844,95.94912719726562
2016-05-16,111.02999877929688,97.16556549072266
2016-05-17,109.2699966430664,95.62533569335938
2016-05-18,109.83999633789062,96.12413024902344
2016-05-19,108.95999908447266,95.35403442382812
2016-05-20,110.79000091552734,96.95551300048828
2016-05-23,110.66000366210938,96.84176635742188
2016-05-24,112.94000244140625,98.83704376220703
2016-05-25,113.5999984741211,99.41461181640625
2016-05-26,113.47000122070312,99.30088806152344
2016-05-27,114.5999984741211,100.2897720336914
2016-05-31,115.0,100.63983154296875
2016-06-01,115.77999877929688,101.32240295410156
2016-06-02,116.66999816894531,102.1012954711914
2016-06-03,115.97000122070312,101.48868560791016
2016-06-06,117.22000122070312,102.58259582519531
2016-06-07,117.55999755859375,102.88014221191406
2016-06-08,118.43000030517578,103.6415023803711
2016-06-09,117.66999816894531,102.97640228271484
2016-06-10,116.06999969482422,101.57618713378906
2016-06-13,114.80999755859375,100.47352600097656
2016-06-14,114.4800033569336,100.18476104736328
2016-06-15,114.55999755859375,100.25475311279297
2016-06-16,114.55000305175781,100.24600982666016
2016-06-17,114.05999755859375,99.81719207763672
2016-06-20,115.30000305175781,100.90234375
2016-06-21,115.08000183105469,100.70979309082031
2016-06-22,114.62999725341797,100.31602478027344
2016-06-23,116.81999969482422,102.23255157470703
2016-06-24,112.37999725341797,98.34695434570312
2016-06-27,108.69000244140625,95.11775970458984
2016-06-28,110.37000274658203,96.58797454833984
2016-06-29,112.87999725341797,98.78453826904297
2016-06-30,114.9800033569336,100.62230682373047
2016-07-01,115.38999938964844,100.98111724853516
2016-07-05,113.69000244140625,99.49340057373047
2016-07-06,113.88999938964844,100.21583557128906
2016-07-07,114.12999725341797,100.42700958251953
2016-07-08,116.79000091552734,102.76762390136719
2016-07-11,118.13999938964844,103.95552062988281
2016-07-12,119.72000122070312,105.34586334228516
2016-07-13,119.25,104.93228912353516
2016-07-14,119.37000274658203,105.03785705566406
2016-07-15,119.69999694824219,105.32825469970703
2016-07-18,119.9000015258789,105.50423431396484
2016-07-19,119.30000305175781,104.97628784179688
2016-07-20,120.08000183105469,105.6626205444336
2016-07-21,119.51000213623047,105.16104125976562
2016-07-22,120.4000015258789,105.94419860839844
2016-07-25,120.22000122070312,105.78582763671875
2016-07-26,120.80000305175781,106.29619598388672
2016-07-27,121.13999938964844,106.59532928466797
2016-07-28,120.83000183105469,106.32257843017578
2016-07-29,121.06999969482422,106.53374481201172
2016-08-01,121.16999816894531,106.62174987792969
2016-08-02,119.4800033569336,105.13467407226562
2016-08-03,120.44999694824219,105.98819732666016
2016-08-04,120.55999755859375,106.08500671386719
2016-08-05,122.30000305175781,107.6160888671875
2016-08-08,122.23999786376953,107.56330108642578
2016-08-09,122.37000274658203,107.67766571044922
2016-08-10,121.48999786376953,106.9033432006836
2016-08-11,122.06999969482422,107.41366577148438
2016-08-12,122.19000244140625,107.51930236816406
2016-08-15,123.4000015258789,108.58403778076172
2016-08-16,122.4000015258789,107.70408630371094
2016-08-17,122.04000091552734,107.38728332519531
2016-08-18,122.94000244140625,108.17924499511719
2016-08-19,122.94000244140625,108.17924499511719
2016-08-22,123.22000122070312,108.4256362915039
2016-08-23,124.08000183105469,109.18236541748047
2016-08-24,123.06999969482422,108.29361724853516
2016-08-25,123.30999755859375,108.50481414794922
2016-08-26,123.05999755859375,108.28485107421875
2016-08-29,123.69999694824219,108.84799194335938
2016-08-30,123.93000030517578,109.05036163330078
2016-08-31,123.2300033569336,108.43443298339844
2016-09-01,123.31999969482422,108.51360321044922
2016-09-02,124.51000213623047,109.56071472167969
2016-09-06,124.62999725341797,109.66631317138672
2016-09-07,125.41000366210938,110.3526840209961
2016-09-08,125.16000366210938,110.13269805908203
2016-09-09,121.25,106.69215393066406
2016-09-12,122.94000244140625,108.17924499511719
2016-09-13,120.58000183105469,106.10256958007812
2016-09-14,120.5999984741211,106.12020874023438
2016-09-15,122.04000091552734,107.38728332519531
2016-09-16,121.86000061035156,107.2289047241211
2016-09-19,122.66999816894531,107.94168090820312
2016-09-20,122.1500015258789,107.48408508300781
2016-09-21,123.91999816894531,109.04157257080078
2016-09-22,125.69999694824219,110.60784912109375
2016-09-23,124.80999755859375,109.82470703125
2016-09-26,123.2300033569336,108.7341079711914
2016-09-27,123.7300033569336,109.1753158569336
2016-09-28,124.68000030517578,110.01354217529297
2016-09-29,122.86000061035156,108.40762329101562
2016-09-30,124.20999908447266,109.59883880615234
2016-10-03,123.81999969482422,109.25468444824219
2016-10-04,123.20999908447266,108.71646118164062
2016-10-05,123.94999694824219,109.36944580078125
2016-10-06,123.81999969482422,109.25468444824219
2016-10-07,122.83000183105469,108.38119506835938
2016-10-10,124.30000305175781,109.67823028564453
2016-10-11,122.02999877929688,107.67528533935547
2016-10-12,121.93000030517578,107.58704376220703
2016-10-13,120.91999816894531,106.6958236694336
2016-10-14,120.43000030517578,106.26348114013672
2016-10-17,120.29000091552734,106.13994598388672
2016-10-18,120.9800033569336,106.74877166748047
2016-10-19,121.48999786376953,107.19879150390625
2016-10-20,121.12999725341797,106.88113403320312
2016-10-21,121.06999969482422,106.82820892333984
2016-10-24,121.83999633789062,107.5075912475586
2016-10-25,120.93000030517578,106.70467376708984
2016-10-26,119.7300033569336,105.64583587646484
2016-10-27,118.36000061035156,104.43697357177734
2016-10-28,118.02999877929688,104.14578247070312
2016-10-31,118.5,104.56051635742188
2016-11-01,117.05000305175781,103.28106689453125
2016-11-02,115.55999755859375,101.96634674072266
2016-11-03,115.0,101.47225189208984
2016-11-04,115.73999786376953,102.12517547607422
2016-11-07,118.56999969482422,104.62228393554688
2016-11-08,118.87999725341797,104.89581298828125
2016-11-09,122.54000091552734,108.1252670288086
2016-11-10,124.5,109.85472869873047
2016-11-11,127.36000061035156,112.3782958984375
2016-11-14,129.14999389648438,113.95771789550781
2016-11-15,129.5500030517578,114.3106689453125
2016-11-16,129.5399932861328,114.30183410644531
2016-11-17,130.3000030517578,114.97242736816406
2016-11-18,130.99000549316406,115.5813217163086
2016-11-21,131.60000610351562,116.11949920654297
2016-11-22,132.8000030517578,117.17835235595703
2016-11-23,133.6300048828125,117.91070556640625
2016-11-25,134.07000732421875,118.29896545410156
2016-11-28,132.3300018310547,116.76364135742188
2016-11-29,132.25999450683594,116.7018814086914
2016-11-30,131.61000061035156,116.12836456298828
2016-12-01,130.97000122070312,115.56365203857422
2016-12-02,130.89999389648438,115.50186157226562
2016-12-05,133.14999389648438,117.48717498779297
2016-12-06,134.58999633789062,118.75777435302734
2016-12-07,135.89999389648438,119.9136962890625
2016-12-08,138.0399932861328,121.80199432373047
2016-12-09,138.30999755859375,122.04023742675781
2016-12-12,136.85000610351562,120.75193786621094
2016-12-13,136.86000061035156,120.7607650756836
2016-12-14,135.14999389648438,119.25193786621094
2016-12-15,136.16000366210938,120.1431655883789
2016-12-16,135.91000366210938,119.9225082397461
2016-12-19,136.8000030517578,120.70782470703125
2016-12-20,137.9600067138672,121.73137664794922
2016-12-21,137.05999755859375,120.93721771240234
2016-12-22,135.32000732421875,119.89441680908203
2016-12-23,136.0399932861328,120.53233337402344
2016-12-27,136.64999389648438,121.07283020019531
2016-12-28,135.25,119.83238983154297
2016-12-29,135.3699951171875,119.9386978149414
2016-12-30,134.85000610351562,119.47798919677734
2017-01-03,135.52000427246094,120.07160949707031
2017-01-04,137.77999877929688,122.07400512695312
2017-01-05,136.19000244140625,120.66527557373047
2017-01-06,135.69000244140625,120.22223663330078
2017-01-09,134.8000030517578,119.43370819091797
2017-01-10,136.08999633789062,120.57661437988281
2017-01-11,136.3300018310547,120.78931427001953
2017-01-12,135.27999877929688,119.85897827148438
2017-01-13,136.25999450683594,120.72726440429688
2017-01-17,134.41000366210938,119.08815002441406
2017-01-18,134.85000610351562,119.47798919677734
2017-01-19,133.75,118.5033950805664
2017-01-20,134.44000244140625,119.11474609375
2017-01-23,133.8800048828125,118.61856842041016
2017-01-24,135.92999267578125,120.43490600585938
2017-01-25,137.2100067138672,121.56901550292969
2017-01-26,136.66000366210938,121.0816879272461
2017-01-27,136.19000244140625,120.66527557373047
2017-01-30,134.2899932861328,118.98184204101562
2017-01-31,135.22999572753906,119.81468963623047
2017-02-01,135.14999389648438,119.74382781982422
2017-02-02,134.80999755859375,119.44257354736328
2017-02-03,136.8699951171875,121.26771545410156
2017-02-06,135.83999633789062,120.35518646240234
2017-02-07,135.24000549316406,119.82351684570312
2017-02-08,135.0,119.61090850830078
2017-02-09,136.89999389648438,121.29426574707031
2017-02-10,137.94000244140625,122.21573638916016
2017-02-13,138.3000030517578,122.53473663330078
2017-02-14,138.75999450683594,122.94232177734375
2017-02-15,139.58999633789062,123.67769622802734
2017-02-16,139.1999969482422,123.33212280273438
2017-02-17,139.11000061035156,123.25235748291016
2017-02-21,140.1999969482422,124.2181625366211
2017-02-22,139.5800018310547,123.6688461303711
2017-02-23,138.75,122.93343353271484
2017-02-24,138.64999389648438,122.8448715209961
2017-02-27,140.0,124.04094696044922
2017-02-28,137.83999633789062,122.12718200683594
2017-03-01,140.36000061035156,124.35991668701172
2017-03-02,138.75,122.93343353271484
2017-03-03,138.64999389648438,122.8448715209961
2017-03-06,137.6999969482422,122.00309753417969
2017-03-07,136.8000030517578,121.20570373535156
2017-03-08,135.89999389648438,120.40829467773438
2017-03-09,135.36000061035156,119.9298324584961
2017-03-10,135.9600067138672,120.4614486694336
2017-03-13,136.27999877929688,120.74500274658203
2017-03-14,135.6300048828125,120.16912841796875
2017-03-15,137.72999572753906,122.02967834472656
2017-03-16,137.91000366210938,122.18917083740234
2017-03-17,138.4600067138672,122.6764907836914
2017-03-20,137.86000061035156,122.14485168457031
2017-03-21,133.97000122070312,118.69831085205078
2017-03-22,134.0,118.72489929199219
2017-03-23,134.77999877929688,119.41600036621094
2017-03-24,134.49000549316406,119.50216674804688
2017-03-27,134.74000549316406,119.72431945800781
2017-03-28,135.7899932861328,120.65731048583984
2017-03-29,136.22999572753906,121.04826354980469
2017-03-30,137.25999450683594,121.96346282958984
2017-03-31,137.47999572753906,122.15896606445312
2017-04-03,136.02999877929688,120.87055969238281
2017-04-04,135.8699951171875,120.72840118408203
2017-04-05,134.3300018310547,119.36000061035156
2017-04-06,135.5800018310547,120.47067260742188
2017-04-07,135.52000427246094,120.41737365722656
2017-04-10,135.82000732421875,120.6839370727539
2017-04-11,136.89999389648438,121.64354705810547
2017-04-12,135.0399932861328,119.99087524414062
2017-04-13,133.72000122070312,118.81800079345703
2017-04-17,135.2899932861328,120.21302032470703
2017-04-18,135.32000732421875,120.23967742919922
2017-04-19,135.7899932861328,120.65731048583984
2017-04-20,137.52000427246094,122.19448852539062
2017-04-21,137.2100067138672,121.91907501220703
2017-04-24,138.9199981689453,123.4384765625
2017-04-25,140.27000427246094,124.63800811767578
2017-04-26,140.99000549316406,125.27781677246094
2017-04-27,140.9499969482422,125.24223327636719
2017-04-28,139.05999755859375,123.56291198730469
2017-05-01,139.86000061035156,124.27374267578125
2017-05-02,139.14999389648438,123.64283752441406
2017-05-03,138.2899932861328,122.87869262695312
2017-05-04,138.10000610351562,122.70989227294922
2017-05-05,138.99000549316406,123.50067901611328
2017-05-08,138.41000366210938,122.98532104492188
2017-05-09,138.35000610351562,122.9320068359375
2017-05-10,139.2100067138672,123.6961669921875
2017-05-11,138.24000549316406,122.83421325683594
2017-05-12,137.50999450683594,122.18560028076172
2017-05-15,138.5800018310547,123.13639068603516
2017-05-16,138.6300048828125,123.18080139160156
2017-05-17,134.88999938964844,119.85762023925781
2017-05-18,135.3800048828125,120.29296112060547
2017-05-19,136.02999877929688,120.87055969238281
2017-05-22,136.9499969482422,121.68797302246094
2017-05-23,137.39999389648438,122.08788299560547
2017-05-24,137.49000549316406,122.16783142089844
2017-05-25,137.5800018310547,122.24783325195312
2017-05-26,137.5399932861328,122.21224212646484
2017-05-30,136.4600067138672,121.25267028808594
2017-05-31,136.32000732421875,121.12825775146484
2017-06-01,138.9499969482422,123.46509552001953
2017-06-02,139.85000610351562,124.26484680175781
2017-06-05,138.97999572753906,123.49172973632812
2017-06-06,138.85000610351562,123.37626647949219
2017-06-07,138.97999572753906,123.49172973632812
2017-06-08,140.8800048828125,125.1800765991211
2017-06-09,141.61000061035156,125.8287124633789
2017-06-12,141.3800048828125,125.62433624267578
2017-06-13,142.10000610351562,126.26407623291016
2017-06-14,141.25999450683594,125.5176773071289
2017-06-15,140.5399932861328,124.87799072265625
2017-06-16,140.19000244140625,124.56695556640625
2017-06-19,141.22999572753906,125.49107360839844
2017-06-20,139.8000030517578,124.22042846679688
2017-06-21,139.4499969482422,123.909423828125
2017-06-22,139.97999572753906,124.38032531738281
2017-06-23,140.91000366210938,125.20671081542969
2017-06-26,141.0800018310547,125.35777282714844
2017-06-27,139.83999633789062,124.25591278076172
2017-06-28,141.97999572753906,126.15744018554688
2017-06-29,141.13999938964844,125.41104888916016
2017-06-30,140.9199981689453,125.21558380126953
2017-07-03,142.10000610351562,126.26407623291016
2017-07-05,141.58999633789062,125.81095123291016
2017-07-06,139.13999938964844,124.16802978515625
2017-07-07,140.49000549316406,125.37276458740234
2017-07-10,139.8800048828125,124.82841491699219
2017-07-11,140.2899932861328,125.19427490234375
2017-07-12,141.3699951171875,126.15805053710938
2017-07-13,141.49000549316406,126.26521301269531
2017-07-14,141.72999572753906,126.47931671142578
2017-07-17,142.05999755859375,126.77384948730469
2017-07-18,141.69000244140625,126.44365692138672
2017-07-19,143.10000610351562,127.70188903808594
2017-07-20,143.1999969482422,127.7911605834961
2017-07-21,142.5500030517578,127.21109008789062
2017-07-24,142.75,127.38956451416016
2017-07-25,144.0500030517578,128.54971313476562
2017-07-26,143.25,127.83576965332031
2017-07-27,142.33999633789062,127.02365112304688
2017-07-28,141.9600067138672,126.68460845947266
2017-07-31,141.50999450683594,126.28295135498047
2017-08-01,141.77999877929688,126.52397155761719
2017-08-02,140.22999572753906,125.14073944091797
2017-08-03,139.52999877929688,124.51605987548828
2017-08-04,140.2100067138672,125.12290954589844
2017-08-07,140.44000244140625,125.32811737060547
2017-08-08,140.0,124.93551635742188
2017-08-09,138.7899932861328,123.8556900024414
2017-08-10,136.27000427246094,121.60686492919922
2017-08-11,136.47000122070312,121.78533935546875
2017-08-14,138.5399932861328,123.63259887695312
2017-08-15,137.39999389648438,122.61528778076172
2017-08-16,137.44000244140625,122.65091705322266
2017-08-17,134.92999267578125,120.4110107421875
2017-08-18,134.9199981689453,120.4020767211914
2017-08-21,134.8300018310547,120.32176971435547
2017-08-22,136.2899932861328,121.62469482421875
2017-08-23,136.07000732421875,121.42840576171875
2017-08-24,136.49000549316406,121.80316925048828
2017-08-25,136.8800048828125,122.15121459960938
2017-08-28,137.4600067138672,122.66881561279297
2017-08-29,137.49000549316406,122.69556427001953
2017-08-30,138.3699951171875,123.48088073730469
2017-08-31,139.72999572753906,124.69451904296875
2017-09-01,140.52000427246094,125.3995590209961
2017-09-05,139.1699981689453,124.19477844238281
2017-09-06,139.4600067138672,124.45360565185547
2017-09-07,139.11000061035156,124.14122009277344
2017-09-08,139.22000122070312,124.23936462402344
2017-09-11,140.67999267578125,125.54231262207031
2017-09-12,141.5399932861328,126.3097915649414
2017-09-13,141.9600067138672,126.68460845947266
2017-09-14,141.8300018310547,126.56857299804688
2017-09-15,142.41000366210938,127.08612060546875
2017-09-18,143.3800048828125,127.9517593383789
2017-09-19,143.3800048828125,127.9517593383789
2017-09-20,143.83999633789062,128.36227416992188
2017-09-21,143.69000244140625,128.2284393310547
2017-09-22,144.3000030517578,128.7727813720703
2017-09-25,144.5,128.95127868652344
2017-09-26,144.61000061035156,129.36187744140625
2017-09-27,147.44000244140625,131.89344787597656
2017-09-28,147.8300018310547,132.24234008789062
2017-09-29,148.17999267578125,132.555419921875
2017-10-02,150.0,134.1835479736328
2017-10-03,150.3300018310547,134.47874450683594
2017-10-04,149.85000610351562,134.04937744140625
2017-10-05,150.25999450683594,134.41612243652344
2017-10-06,150.0500030517578,134.22824096679688
2017-10-09,149.42999267578125,133.67361450195312
2017-10-10,149.86000061035156,134.05831909179688
2017-10-11,149.75,133.9599609375
2017-10-12,149.63999938964844,133.86148071289062
2017-10-13,149.3699951171875,133.62001037597656
2017-10-16,149.24000549316406,133.50363159179688
2017-10-17,148.80999755859375,133.11895751953125
2017-10-18,149.52000427246094,133.75411987304688
2017-10-19,149.2899932861328,133.54835510253906
2017-10-20,149.97999572753906,134.16566467285156
2017-10-23,148.86000061035156,133.1636962890625
2017-10-24,149.1699981689453,133.44102478027344
2017-10-25,148.4499969482422,132.7969970703125
2017-10-26,148.75999450683594,133.07427978515625
2017-10-27,149.7899932861328,133.9956817626953
2017-10-30,148.2100067138672,132.5822296142578
2017-10-31,149.25999450683594,133.52159118652344
2017-11-01,148.27000427246094,132.63592529296875
2017-11-02,148.7100067138672,133.02957153320312
2017-11-03,148.61000061035156,132.94007873535156
2017-11-06,148.77999877929688,133.09214782714844
2017-11-07,147.0,131.49989318847656
2017-11-08,147.1999969482422,131.6787872314453
2017-11-09,146.67999267578125,131.2135467529297
2017-11-10,146.57000732421875,131.11524963378906
2017-11-13,146.61000061035156,131.1510009765625
2017-11-14,146.2100067138672,130.79315185546875
2017-11-15,145.6300048828125,130.27435302734375
2017-11-16,147.77000427246094,132.18865966796875
2017-11-17,148.4499969482422,132.7969970703125
2017-11-20,149.52999877929688,133.7630615234375
2017-11-21,151.08999633789062,135.1585693359375
2017-11-22,150.88999938964844,134.97964477539062
2017-11-24,150.9499969482422,135.03334045410156
2017-11-27,150.49000549316406,134.6219024658203
2017-11-28,152.86000061035156,136.74197387695312
2017-11-29,153.3699951171875,137.19815063476562
2017-11-30,153.64999389648438,137.44866943359375
2017-12-01,153.02000427246094,136.88507080078125
2017-12-04,152.4499969482422,136.37518310546875
2017-12-05,150.92999267578125,135.0154266357422
2017-12-06,150.22000122070312,134.3803253173828
2017-12-07,151.27000427246094,135.3196563720703
2017-12-08,151.41000366210938,135.44483947753906
2017-12-11,151.35000610351562,135.3911895751953
2017-12-12,150.8800048828125,134.97071838378906
2017-12-13,151.77999877929688,135.77587890625
2017-12-14,150.10000610351562,134.27301025390625
2017-12-15,152.24000549316406,136.18731689453125
2017-12-18,154.3000030517578,138.0301055908203
2017-12-19,153.0800018310547,136.9387664794922
2017-12-20,153.3800048828125,137.2071533203125
2017-12-21,153.47000122070312,137.8078155517578
2017-12-22,153.19000244140625,137.55645751953125
2017-12-26,153.27999877929688,137.63726806640625
2017-12-27,153.1300048828125,137.50253295898438
2017-12-28,153.72999572753906,138.0413818359375
2017-12-29,152.4600067138672,136.9009552001953
2018-01-02,153.89999389648438,138.19395446777344
2018-01-03,154.05999755859375,138.33763122558594
2018-01-04,154.47000122070312,138.70584106445312
2018-01-05,154.7899932861328,138.99313354492188
2018-01-08,155.02999877929688,139.2086639404297
2018-01-09,154.82000732421875,139.0201416015625
2018-01-10,154.83999633789062,139.03805541992188
2018-01-11,157.5,141.42657470703125
2018-01-12,158.16000366210938,142.0192413330078
2018-01-16,156.13999938964844,140.20533752441406
2018-01-17,157.6199951171875,141.53427124023438
2018-01-18,156.5399932861328,140.5645294189453
2018-01-19,158.60000610351562,142.41436767578125
2018-01-22,159.4499969482422,143.17762756347656
2018-01-23,159.9600067138672,143.63551330566406
2018-01-24,158.97000122070312,142.74658203125
2018-01-25,159.02999877929688,142.80050659179688
2018-01-26,159.60000610351562,143.3123321533203
2018-01-29,158.6999969482422,142.50411987304688
2018-01-30,157.17999267578125,141.1392364501953
2018-01-31,156.36000061035156,140.4029083251953
2018-02-01,156.85000610351562,140.8429412841797
2018-02-02,153.8300018310547,138.1311492919922
2018-02-05,147.9199981689453,132.8242645263672
2018-02-06,149.69000244140625,134.41363525390625
2018-02-07,149.83999633789062,134.5482940673828
2018-02-08,145.44000244140625,130.597412109375
2018-02-09,146.77000427246094,131.79161071777344
2018-02-12,148.16000366210938,133.03977966308594
2018-02-13,148.47999572753906,133.32708740234375
2018-02-14,151.14999389648438,135.724609375
2018-02-15,152.8000030517578,137.20626831054688
2018-02-16,153.33999633789062,137.69107055664062
2018-02-20,152.0800018310547,136.5597381591797
2018-02-21,152.24000549316406,136.70338439941406
2018-02-22,152.0,136.48789978027344
2018-02-23,153.97999572753906,138.2658233642578
2018-02-26,154.99000549316406,139.1727294921875
2018-02-27,152.75999450683594,137.17030334472656
2018-02-28,150.35000610351562,135.00625610351562
2018-03-01,149.9499969482422,134.6470489501953
2018-03-02,152.35000610351562,136.80218505859375
2018-03-05,153.7100067138672,138.02333068847656
2018-03-06,155.3699951171875,139.51393127441406
2018-03-07,156.74000549316406,140.74412536621094
2018-03-08,156.4199981689453,140.456787109375
2018-03-09,158.9199981689453,142.70166015625
2018-03-12,159.1999969482422,142.9530487060547
2018-03-13,158.4600067138672,142.28863525390625
2018-03-14,157.7100067138672,141.6151885986328
2018-03-15,156.9199981689453,140.90579223632812
2018-03-16,157.8000030517578,141.69598388671875
2018-03-19,156.27999877929688,140.33108520507812
2018-03-20,156.24000549316406,140.29513549804688
2018-03-21,157.14999389648438,141.11231994628906
2018-03-22,153.35000610351562,138.01803588867188
2018-03-23,150.0500030517578,135.0479736328125
2018-03-26,153.3300018310547,138.00006103515625
2018-03-27,150.36000061035156,135.32691955566406
2018-03-28,150.30999755859375,135.2819366455078
2018-03-29,151.8300018310547,136.64999389648438
2018-04-02,148.1300048828125,133.31996154785156
2018-04-03,150.25,135.22799682617188
2018-04-04,152.16000366210938,136.9470672607422
2018-04-05,153.4199981689453,138.08106994628906
2018-04-06,150.36000061035156,135.32691955566406
2018-04-09,150.5399932861328,135.4889373779297
2018-04-10,153.3800048828125,138.0450439453125
2018-04-11,153.7100067138672,138.34202575683594
2018-04-12,154.75999450683594,139.2870330810547
2018-04-13,153.9499969482422,138.55807495117188
2018-04-16,155.3699951171875,139.83604431152344
2018-04-17,157.05999755859375,141.35708618164062
2018-04-18,157.47999572753906,141.73512268066406
2018-04-19,156.38999938964844,140.75405883789062
2018-04-20,155.5500030517578,139.99810791015625
2018-04-23,155.32000732421875,139.7910614013672
2018-04-24,154.42999267578125,138.99005126953125
2018-04-25,154.1999969482422,138.78306579589844
2018-04-26,154.91000366210938,139.4220733642578
2018-04-27,154.69000244140625,139.22410583496094
2018-04-30,153.32000732421875,137.99102783203125
2018-05-01,154.07000732421875,138.6660919189453
2018-05-02,154.64999389648438,139.18804931640625
2018-05-03,153.80999755859375,138.4320526123047
2018-05-04,155.72999572753906,140.16006469726562
2018-05-07,157.0500030517578,141.34812927246094
2018-05-08,157.8300018310547,142.05014038085938
2018-05-09,158.67999267578125,142.8151397705078
2018-05-10,159.52999877929688,143.5801544189453
2018-05-11,159.83999633789062,143.85916137695312
2018-05-14,159.22999572753906,143.31015014648438
2018-05-15,159.25999450683594,143.33714294433594
2018-05-16,160.9199981689453,144.8311767578125
2018-05-17,161.66000366210938,145.49725341796875
2018-05-18,161.8699951171875,145.68617248535156
2018-05-21,162.94000244140625,146.64920043945312
2018-05-22,161.75999450683594,145.58721923828125
2018-05-23,161.97000122070312,145.77618408203125
2018-05-24,162.02999877929688,145.8302001953125
2018-05-25,161.74000549316406,145.56924438476562
2018-05-29,161.52000427246094,145.3712158203125
2018-05-30,164.0800018310547,147.67527770996094
2018-05-31,162.77000427246094,146.49620056152344
2018-06-01,163.83999633789062,147.4592742919922
2018-06-04,164.7100067138672,148.24227905273438
2018-06-05,165.72999572753906,149.16029357910156
2018-06-06,166.92999267578125,150.24032592773438
2018-06-07,166.02000427246094,149.42132568359375
2018-06-08,166.52000427246094,149.87127685546875
2018-06-11,166.77000427246094,150.09634399414062
2018-06-12,167.52999877929688,150.7802734375
2018-06-13,166.8699951171875,150.18626403808594
2018-06-14,167.75999450683594,150.98731994628906
2018-06-15,167.80999755859375,151.0323486328125
2018-06-18,168.60000610351562,151.74337768554688
2018-06-19,168.61000061035156,151.75234985351562
2018-06-20,169.97000122070312,152.9763641357422
2018-06-21,168.3800048828125,151.5453338623047
2018-06-22,167.82000732421875,151.0413055419922
2018-06-25,165.0800018310547,148.5752716064453
2018-06-26,166.0399932861328,149.43923950195312
2018-06-27,163.3800048828125,147.0452423095703
2018-06-28,163.8800048828125,147.4952392578125
2018-06-29,163.77000427246094,147.39627075195312
2018-07-02,164.89999389648438,148.41326904296875
2018-07-03,164.9600067138672,149.00494384765625
2018-07-05,166.83999633789062,150.70306396484375
2018-07-06,168.25,151.9767303466797
2018-07-09,169.30999755859375,152.93414306640625
2018-07-10,168.5399932861328,152.23866271972656
2018-07-11,167.11000061035156,150.9469451904297
2018-07-12,167.9199981689453,151.67861938476562
2018-07-13,167.4199981689453,151.22695922851562
2018-07-16,166.77000427246094,150.6398468017578
2018-07-17,167.50999450683594,151.30825805664062
2018-07-18,167.97999572753906,151.73280334472656
2018-07-19,169.1699981689453,152.80770874023438
2018-07-20,168.47999572753906,152.1844940185547
2018-07-23,168.69000244140625,152.37411499023438
2018-07-24,166.88999938964844,150.74826049804688
2018-07-25,167.5,151.2992706298828
2018-07-26,168.39999389648438,152.11221313476562
2018-07-27,165.25999450683594,149.27590942382812
2018-07-30,164.1999969482422,148.3184051513672
2018-07-31,165.8699951171875,149.82688903808594
2018-08-01,165.75999450683594,149.72752380371094
2018-08-02,166.97000122070312,150.8205108642578
2018-08-03,166.38999938964844,150.29656982421875
2018-08-06,167.32000732421875,151.1366424560547
2018-08-07,167.72000122070312,151.49794006347656
2018-08-08,167.57000732421875,151.36245727539062
2018-08-09,168.0,151.7509002685547
2018-08-10,167.52999877929688,151.32635498046875
2018-08-13,166.5500030517578,150.44117736816406
2018-08-14,168.1999969482422,151.93153381347656
2018-08-15,166.08999633789062,150.02561950683594
2018-08-16,167.6300048828125,151.41665649414062
2018-08-17,168.35000610351562,152.06703186035156
2018-08-20,168.82000732421875,152.49159240722656
2018-08-21,170.75999450683594,154.243896484375
2018-08-22,171.17999267578125,154.623291015625
2018-08-23,170.66000366210938,154.1536102294922
2018-08-24,171.58999633789062,154.99368286132812
2018-08-27,171.83999633789062,155.21949768066406
2018-08-28,172.0,155.36399841308594
2018-08-29,172.5,155.81561279296875
2018-08-30,172.36000061035156,155.68917846679688
2018-08-31,173.02000427246094,156.28533935546875
2018-09-04,172.25,155.5897979736328
2018-09-05,171.7899932861328,155.17431640625
2018-09-06,170.6300048828125,154.1265106201172
2018-09-07,170.5399932861328,154.04522705078125
2018-09-10,170.75,154.23492431640625
2018-09-11,171.02999877929688,154.48780822753906
2018-09-12,170.6199951171875,154.1174774169922
2018-09-13,170.66000366210938,154.1536102294922
2018-09-14,171.3800048828125,154.80397033691406
2018-09-17,169.55999755859375,153.1599884033203
2018-09-18,170.27000427246094,153.80133056640625
2018-09-19,169.64999389648438,153.24127197265625
2018-09-20,171.22000122070312,154.65943908691406
2018-09-21,170.39999389648438,153.91873168945312
2018-09-24,169.77000427246094,153.34967041015625
2018-09-25,170.02999877929688,153.58457946777344
2018-09-26,168.02999877929688,152.18072509765625
2018-09-27,168.0399932861328,152.18980407714844
2018-09-28,168.5500030517578,152.6517333984375
2018-10-01,166.3300018310547,150.6410675048828
2018-10-02,164.52999877929688,149.01084899902344
2018-10-03,165.97000122070312,150.31504821777344
2018-10-04,163.63999938964844,148.2047882080078
2018-10-05,162.16000366210938,146.8644256591797
2018-10-08,161.82000732421875,146.55653381347656
2018-10-09,161.19000244140625,145.9858856201172
2018-10-10,156.55999755859375,141.79263305664062
2018-10-11,153.57000732421875,139.08470153808594
2018-10-12,153.60000610351562,139.11181640625
2018-10-15,154.1699981689453,139.62803649902344
2018-10-16,158.63999938964844,143.67640686035156
2018-10-17,157.9600067138672,143.0605926513672
2018-10-18,155.0,140.37973022460938
2018-10-19,153.36000061035156,138.89447021484375
2018-10-22,153.02999877929688,138.59559631347656
2018-10-23,151.66000366210938,137.3548126220703
2018-10-24,145.9499969482422,132.1833953857422
2018-10-25,149.11000061035156,135.0453338623047
2018-10-26,147.47999572753906,133.56910705566406
2018-10-29,146.6699981689453,132.83547973632812
2018-10-30,149.72999572753906,135.60684204101562
2018-10-31,150.02999877929688,135.8785858154297
2018-11-01,153.49000549316406,139.01217651367188
2018-11-02,154.0,139.47412109375
2018-11-05,153.8800048828125,139.36544799804688
2018-11-06,154.63999938964844,140.05374145507812
2018-11-07,157.41000366210938,142.5624237060547
2018-11-08,156.99000549316406,142.18211364746094
2018-11-09,154.0800018310547,139.54656982421875
2018-11-12,151.02999877929688,136.78424072265625
2018-11-13,150.5500030517578,136.34950256347656
2018-11-14,149.4499969482422,135.353271484375
2018-11-15,151.5800018310547,137.2823486328125
2018-11-16,151.94000244140625,137.6084442138672
2018-11-19,148.86000061035156,134.8189239501953
2018-11-20,145.99000549316406,132.21961975097656
2018-11-21,148.02999877929688,134.0672149658203
2018-11-23,147.88999938964844,133.94044494628906
2018-11-26,149.80999755859375,135.67933654785156
2018-11-27,148.57000732421875,134.55633544921875
2018-11-28,152.24000549316406,137.880126953125
2018-11-29,151.8300018310547,137.50877380371094
2018-11-30,152.6199951171875,138.22427368164062
2018-12-03,154.0800018310547,139.54656982421875
2018-12-04,147.52000427246094,133.60528564453125
2018-12-06,147.1999969482422,133.31549072265625
2018-12-07,144.02000427246094,130.4355010986328
2018-12-10,143.60000610351562,130.05511474609375
2018-12-11,143.4499969482422,129.9192352294922
2018-12-12,144.82000732421875,131.1599884033203
2018-12-13,142.77000427246094,129.30332946777344
2018-12-14,140.61000061035156,127.34711456298828
2018-12-17,137.02000427246094,124.51104736328125
2018-12-18,136.85000610351562,124.35657501220703
2018-12-19,134.0,121.76671600341797
2018-12-20,131.7899932861328,119.75849151611328
2018-12-21,128.3699951171875,116.65070343017578
2018-12-24,125.87999725341797,114.38803100585938
2018-12-26,131.92999267578125,119.88568115234375
2018-12-27,132.47999572753906,120.3854751586914
2018-12-28,132.86000061035156,120.73078918457031
2018-12-31,133.89999389648438,121.67585754394531
2019-01-02,134.66000366210938,122.366455078125
2019-01-03,132.25,120.1764907836914
2019-01-04,137.19000244140625,124.6655044555664
2019-01-07,139.58999633789062,126.8464126586914
2019-01-08,141.72999572753906,128.79104614257812
2019-01-09,142.89999389648438,129.8541717529297
2019-01-10,143.63999938964844,130.5266876220703
2019-01-11,143.67999267578125,130.56301879882812
2019-01-14,142.25,129.2635040283203
2019-01-15,143.4499969482422,130.35401916503906
2019-01-16,144.52000427246094,131.32630920410156
2019-01-17,145.8300018310547,132.5167236328125
2019-01-18,147.3300018310547,133.8798065185547
2019-01-22,145.0,131.76251220703125
2019-01-23,144.60000610351562,131.3990020751953
2019-01-24,145.47000122070312,132.1896209716797
2019-01-25,147.33999633789062,133.88885498046875
2019-01-28,146.5500030517578,133.17103576660156
2019-01-29,146.1999969482422,132.85292053222656
2019-01-30,147.8000030517578,134.306884765625
2019-01-31,149.05999755859375,135.4518585205078
2019-02-01,149.17999267578125,135.56094360351562
2019-02-04,150.9600067138672,137.1783905029297
2019-02-05,151.1199951171875,137.32376098632812
2019-02-06,150.92999267578125,137.151123046875
2019-02-07,149.69000244140625,136.02432250976562
2019-02-08,149.85000610351562,136.16970825195312
2019-02-11,151.10000610351562,137.3056182861328
2019-02-12,152.99000549316406,139.02304077148438
2019-02-13,153.4199981689453,139.413818359375
2019-02-14,153.77000427246094,139.73187255859375
2019-02-15,156.22000122070312,141.95819091796875
2019-02-19,156.64999389648438,142.3489990234375
2019-02-20,157.38999938964844,143.02139282226562
2019-02-21,156.7899932861328,142.47618103027344
2019-02-22,158.14999389648438,143.7120361328125
2019-02-25,158.19000244140625,143.74835205078125
2019-02-26,157.10000610351562,142.7578582763672
2019-02-27,157.32000732421875,142.9578094482422
2019-02-28,156.77999877929688,142.46710205078125
2019-03-01,158.24000549316406,143.79379272460938
2019-03-04,156.80999755859375,142.49429321289062
2019-03-05,156.0800018310547,141.83094787597656
2019-03-06,153.02000427246094,139.05032348632812
2019-03-07,151.67999267578125,137.8325958251953
2019-03-08,151.63999938964844,137.7963409423828
2019-03-11,154.2899932861328,140.20436096191406
2019-03-12,154.3699951171875,140.277099609375
2019-03-13,154.97999572753906,140.83140563964844
2019-03-14,154.35000610351562,140.25889587402344
2019-03-15,154.75999450683594,140.63150024414062
2019-03-18,155.75,141.5310821533203
2019-03-19,154.9600067138672,140.813232421875
2019-03-20,153.25999450683594,139.63970947265625
2019-03-21,155.27000427246094,141.4710693359375
2019-03-22,149.6199951171875,136.32313537597656
2019-03-25,150.27999877929688,136.92454528808594
2019-03-26,151.86000061035156,138.3640899658203
2019-03-27,151.27000427246094,137.82655334472656
2019-03-28,152.6199951171875,139.0565643310547
2019-03-29,153.08999633789062,139.48480224609375
2019-04-01,154.75999450683594,141.00636291503906
2019-04-02,154.36000061035156,140.64190673828125
2019-04-03,155.16000366210938,141.3708038330078
2019-04-04,155.9199981689453,142.06329345703125
2019-04-05,157.3800048828125,143.3935546875
2019-04-08,157.1199951171875,143.15667724609375
2019-04-09,155.1999969482422,141.40728759765625
2019-04-10,157.30999755859375,143.32980346679688
2019-04-11,157.11000061035156,143.1475067138672
2019-04-12,157.67999267578125,143.6668701171875
2019-04-15,157.1699981689453,143.2021942138672
2019-04-16,157.5399932861328,143.5393524169922
2019-04-17,156.10000610351562,142.22731018066406
2019-04-18,155.63999938964844,141.80813598632812
2019-04-22,155.22999572753906,141.4346160888672
2019-04-23,157.57000732421875,143.56663513183594
2019-04-24,158.05999755859375,144.01312255859375
2019-04-25,156.75,142.8195343017578
2019-04-26,158.27000427246094,144.20445251464844
2019-04-29,159.02999877929688,144.89688110351562
2019-04-30,158.2899932861328,144.22265625
2019-05-01,156.7899932861328,142.85597229003906
2019-05-02,157.52000427246094,143.52110290527344
2019-05-03,160.52999877929688,146.2635955810547
2019-05-06,160.7100067138672,146.4276123046875
2019-05-07,157.52999877929688,143.53018188476562
2019-05-08,156.75999450683594,142.82864379882812
2019-05-09,156.19000244140625,142.30929565429688
2019-05-10,156.6199951171875,142.70103454589844
2019-05-13,151.6300048828125,138.15451049804688
2019-05-14,153.5399932861328,139.89480590820312
2019-05-15,154.0399932861328,140.35037231445312
2019-05-16,155.0,141.2250518798828
2019-05-17,152.83999633789062,139.25698852539062
2019-05-20,151.77999877929688,138.29124450683594
2019-05-21,153.82000732421875,140.14993286132812
2019-05-22,152.52999877929688,138.97457885742188
2019-05-23,149.38999938964844,136.11361694335938
2019-05-24,150.7899932861328,137.38917541503906
2019-05-28,149.58999633789062,136.29586791992188
2019-05-29,148.33999633789062,135.15692138671875
2019-05-30,147.92999267578125,134.7833251953125
2019-05-31,145.86000061035156,132.89732360839844
2019-06-03,146.3699951171875,133.36195373535156
2019-06-04,150.16000366210938,136.81520080566406
2019-06-05,150.19000244140625,136.84254455566406
2019-06-06,149.8000030517578,136.48716735839844
2019-06-07,150.86000061035156,137.45298767089844
2019-06-10,151.75,138.26390075683594
2019-06-11,151.3000030517578,137.8538818359375
2019-06-12,151.47000122070312,138.00880432128906
2019-06-13,153.07000732421875,139.46661376953125
2019-06-14,151.72999572753906,138.24566650390625
2019-06-17,152.24000549316406,139.19932556152344
2019-06-18,154.00999450683594,140.8177032470703
2019-06-19,154.55999755859375,141.32061767578125
2019-06-20,155.2899932861328,141.98802185058594
2019-06-21,153.9499969482422,140.7628631591797
2019-06-24,152.0800018310547,139.05303955078125
2019-06-25,151.14999389648438,138.2026824951172
2019-06-26,150.8000030517578,137.88265991210938
2019-06-27,153.6300048828125,140.47030639648438
2019-06-28,155.5,142.18006896972656
2019-07-01,156.10000610351562,142.72865295410156
2019-07-02,155.14999389648438,141.8600311279297
2019-07-03,156.25999450683594,142.87493896484375
2019-07-05,156.67999267578125,143.2589874267578
2019-07-08,155.19000244140625,141.8966827392578
2019-07-09,155.39999389648438,142.088623046875
2019-07-10,155.6699981689453,142.33547973632812
2019-07-11,154.91000366210938,141.64060974121094
2019-07-12,156.11000061035156,142.7378387451172
2019-07-15,155.2899932861328,141.98802185058594
2019-07-16,155.24000549316406,141.94235229492188
2019-07-17,154.1300048828125,140.92742919921875
2019-07-18,154.7100067138672,141.45773315429688
2019-07-19,153.82000732421875,140.64398193359375
2019-07-22,153.67999267578125,140.5159454345703
2019-07-23,154.6999969482422,141.44857788085938
2019-07-24,157.25999450683594,143.7892608642578
2019-07-25,155.36000061035156,142.05206298828125
2019-07-26,157.1999969482422,143.73446655273438
2019-07-29,156.14999389648438,142.77442932128906
2019-07-30,157.83999633789062,144.3196258544922
2019-07-31,156.55999755859375,143.14926147460938
2019-08-01,154.2899932861328,141.07373046875
2019-08-02,152.5800018310547,139.51019287109375
2019-08-05,148.0,135.32249450683594
2019-08-06,149.36000061035156,136.56600952148438
2019-08-07,149.32000732421875,136.5294189453125
2019-08-08,152.5399932861328,139.47361755371094
2019-08-09,150.6199951171875,137.71810913085938
2019-08-12,148.6699981689453,135.93507385253906
2019-08-13,150.27000427246094,137.3980712890625
2019-08-14,146.07000732421875,133.55780029296875
2019-08-15,145.49000549316406,133.02752685546875
2019-08-16,148.6300048828125,135.89852905273438
2019-08-19,150.1300048828125,137.2700653076172
2019-08-20,149.14999389648438,136.37396240234375
2019-08-21,150.3800048828125,137.49867248535156
2019-08-22,150.02999877929688,137.17864990234375
2019-08-23,145.42999267578125,132.97264099121094
2019-08-26,147.02999877929688,134.43560791015625
2019-08-27,144.85000610351562,132.4423370361328
2019-08-28,146.5399932861328,133.98753356933594
2019-08-29,149.11000061035156,136.33738708496094
2019-08-30,148.83999633789062,136.09054565429688
2019-09-03,146.66000366210938,134.09727478027344
2019-09-04,147.83999633789062,135.1761932373047
2019-09-05,150.58999633789062,137.69064331054688
2019-09-06,149.89999389648438,137.05975341796875
2019-09-09,151.91000366210938,138.8976287841797
2019-09-10,153.85000610351562,140.67140197753906
2019-09-11,157.0,143.5515594482422
2019-09-12,157.0399932861328,143.588134765625
2019-09-13,157.30999755859375,143.8350067138672
2019-09-16,157.89999389648438,144.37448120117188
2019-09-17,157.49000549316406,143.99960327148438
2019-09-18,156.52000427246094,143.1126708984375
2019-09-19,155.75999450683594,142.4178009033203
2019-09-20,155.42999267578125,142.1160430908203
2019-09-23,155.30999755859375,142.00631713867188
2019-09-24,152.42999267578125,139.86288452148438
2019-09-25,154.10000610351562,141.39529418945312
2019-09-26,152.3800048828125,139.81704711914062
2019-09-27,151.16000366210938,138.69761657714844
2019-09-30,151.33999633789062,138.86280822753906
2019-10-01,148.3699951171875,136.1376495361328
2019-10-02,147.25,135.1099853515625
2019-10-03,147.74000549316406,135.5596160888672
2019-10-04,149.13999938964844,136.84417724609375
2019-10-07,148.8800048828125,136.60565185546875
2019-10-08,146.4600067138672,134.38510131835938
2019-10-09,147.1300048828125,134.99986267089844
2019-10-10,147.72000122070312,135.54129028320312
2019-10-11,150.22000122070312,137.8351287841797
2019-10-14,149.6699981689453,137.33047485351562
2019-10-15,151.38999938964844,138.90869140625
2019-10-16,151.5500030517578,139.0554656982422
2019-10-17,153.33999633789062,140.69789123535156
2019-10-18,152.61000061035156,140.028076171875
2019-10-21,154.0399932861328,141.3401641845703
2019-10-22,154.2100067138672,141.49620056152344
2019-10-23,154.39999389648438,141.6705322265625
2019-10-24,154.17999267578125,141.46865844726562
2019-10-25,155.0,142.22103881835938
2019-10-28,156.33999633789062,143.45057678222656
2019-10-29,156.85000610351562,143.91856384277344
2019-10-30,156.3300018310547,143.44142150878906
2019-10-31,155.4499969482422,142.6339569091797
2019-11-01,158.10000610351562,145.06552124023438
2019-11-04,158.9499969482422,145.8453826904297
2019-11-05,159.14999389648438,146.02890014648438
2019-11-06,158.22999572753906,145.1847381591797
2019-11-07,158.64999389648438,145.57009887695312
2019-11-08,159.0800018310547,145.96463012695312
2019-11-11,158.77999877929688,145.6894073486328
2019-11-12,158.8300018310547,145.73524475097656
2019-11-13,158.14999389648438,145.11135864257812
2019-11-14,158.10000610351562,145.06552124023438
2019-11-15,158.9199981689453,145.81790161132812
2019-11-18,158.52000427246094,145.45083618164062
2019-11-19,159.11000061035156,145.99220275878906
2019-11-20,158.50999450683594,145.44166564941406
2019-11-21,157.72999572753906,144.72598266601562
2019-11-22,158.22000122070312,145.17556762695312
2019-11-25,161.5800018310547,148.25857543945312
2019-11-26,161.69000244140625,148.35951232910156
2019-11-27,162.8300018310547,149.40553283691406
2019-11-29,161.77000427246094,148.4329071044922
2019-12-02,160.19000244140625,146.98316955566406
2019-12-03,159.67999267578125,146.51516723632812
2019-12-04,160.77999877929688,147.52455139160156
2019-12-05,160.94000244140625,147.67132568359375
2019-12-06,162.82000732421875,149.39633178710938
2019-12-09,162.50999450683594,149.11187744140625
2019-12-10,162.61000061035156,149.20359802246094
2019-12-11,162.55999755859375,149.15774536132812
2019-12-12,163.9600067138672,150.44236755371094
2019-12-13,163.3300018310547,149.86427307128906
2019-12-16,163.8800048828125,150.9205780029297
2019-12-17,164.6999969482422,151.67578125
2019-12-18,165.02000427246094,151.97039794921875
2019-12-19,165.72999572753906,152.624267578125
2019-12-20,165.97000122070312,152.84532165527344
2019-12-23,166.3000030517578,153.1492462158203
2019-12-24,166.67999267578125,153.49916076660156
2019-12-26,166.67999267578125,153.49916076660156
2019-12-27,165.86000061035156,152.7440185546875
2019-12-30,165.44000244140625,152.3572540283203
2019-12-31,165.6699981689453,152.56900024414062
2020-01-02,165.77999877929688,152.6703338623047
2020-01-03,165.1300048828125,152.07179260253906
2020-01-06,165.35000610351562,152.27435302734375
2020-01-07,164.8000030517578,151.76785278320312
2020-01-08,165.30999755859375,152.23756408691406
2020-01-09,165.50999450683594,152.4216766357422
2020-01-10,164.88999938964844,151.85072326660156
2020-01-13,165.9600067138672,152.8361358642578
2020-01-14,166.57000732421875,153.39785766601562
2020-01-15,167.3699951171875,154.1345977783203
2020-01-16,169.52999877929688,156.1238250732422
2020-01-17,169.07000732421875,155.70016479492188
2020-01-21,167.6699981689453,154.41085815429688
2020-01-22,167.55999755859375,154.3096160888672
2020-01-23,167.4499969482422,154.20828247070312
2020-01-24,165.38999938964844,152.31117248535156
2020-01-27,163.50999450683594,150.57981872558594
2020-01-28,164.8699951171875,151.832275390625
2020-01-29,163.92999267578125,150.96656799316406
2020-01-30,163.92999267578125,150.96656799316406
2020-01-31,160.52999877929688,147.83551025390625
2020-02-03,162.32000732421875,149.48391723632812
2020-02-04,164.77000427246094,151.7401885986328
2020-02-05,167.30999755859375,154.079345703125
2020-02-06,166.92999267578125,153.7294158935547
2020-02-07,164.8800048828125,151.8415069580078
2020-02-10,165.80999755859375,152.69793701171875
2020-02-11,166.9600067138672,153.75701904296875
2020-02-12,168.11000061035156,154.8160858154297
2020-02-13,168.5500030517578,155.22129821777344
2020-02-14,167.89999389648438,154.62271118164062
2020-02-18,167.5399932861328,154.29115295410156
2020-02-19,168.39999389648438,155.0831756591797
2020-02-20,168.80999755859375,155.4607696533203
2020-02-21,167.10000610351562,153.885986328125
2020-02-24,162.07000732421875,149.25376892089844
2020-02-25,156.30999755859375,143.94923400878906
2020-02-26,154.5,142.28231811523438
2020-02-27,149.05999755859375,137.27256774902344
2020-02-28,146.3300018310547,134.75845336914062
2020-03-02,151.02999877929688,139.08676147460938
2020-03-03,147.9499969482422,136.2503204345703
2020-03-04,152.16000366210938,140.1273651123047
2020-03-05,147.32000732421875,135.670166015625
2020-03-06,144.39999389648438,132.9810333251953
2020-03-09,130.36000061035156,120.0512924194336
2020-03-10,134.42999267578125,123.79942321777344
2020-03-11,125.87999725341797,115.92556762695312
2020-03-12,111.97000122070312,103.11556243896484
2020-03-13,119.47000122070312,110.0224609375
2020-03-16,103.62000274658203,95.4258804321289
2020-03-17,108.37000274658203,99.80023956298828
2020-03-18,99.97000122070312,92.06449890136719
2020-03-19,103.87000274658203,95.65608215332031
2020-03-20,101.4000015258789,93.38141632080078
2020-03-23,99.9000015258789,92.0000228881836
2020-03-24,109.04000091552734,100.41725158691406
2020-03-25,109.97000122070312,101.66531372070312
2020-03-26,116.80999755859375,107.98875427246094
2020-03-27,112.55999755859375,104.0597152709961
2020-03-30,115.04000091552734,106.35243225097656
2020-03-31,114.45999908447266,105.81623840332031
2020-04-01,106.66000366210938,98.60526275634766
2020-04-02,107.66999816894531,99.53901672363281
2020-04-03,104.62000274658203,96.71932220458984
2020-04-06,112.62999725341797,104.12442016601562
2020-04-07,112.91999816894531,104.39252471923828
2020-04-08,118.06999969482422,109.15363311767578
2020-04-09,123.72000122070312,114.37693786621094
2020-04-13,120.37000274658203,111.27995300292969
2020-04-14,122.80999755859375,113.53565216064453
2020-04-15,117.80000305175781,108.90400695800781
2020-04-16,116.91000366210938,108.08122253417969
2020-04-17,122.05999755859375,112.84228515625
2020-04-20,120.62000274658203,111.51105499267578
2020-04-21,117.73999786376953,108.84852600097656
2020-04-22,119.16999816894531,110.17054748535156
2020-04-23,120.33999633789062,111.2521743774414
2020-04-24,122.41000366210938,113.16586303710938
2020-04-27,127.26000213623047,117.64961242675781
2020-04-28,129.11000061035156,119.35987854003906
2020-04-29,135.4600067138672,125.23037719726562
2020-04-30,130.30999755859375,120.46929168701172
2020-05-01,125.13999938964844,115.68970489501953
2020-05-04,125.68000030517578,116.18893432617188
2020-05-05,126.6500015258789,117.0856704711914
2020-05-06,125.72000122070312,116.22592163085938
2020-05-07,127.44000244140625,117.8160171508789
2020-05-08,132.36000061035156,122.364501953125
2020-05-11,131.6999969482422,121.75428771972656
2020-05-12,126.97000122070312,117.38150024414062
2020-05-13,122.72000122070312,113.45245361328125
2020-05-14,123.12000274658203,113.82225799560547
2020-05-15,125.08000183105469,115.63424682617188
2020-05-18,132.67999267578125,122.6603012084961
2020-05-19,130.05999755859375,120.23814392089844
2020-05-20,134.0,123.88062286376953
2020-05-21,134.24000549316406,124.10249328613281
2020-05-22,134.88999938964844,124.703369140625
2020-05-26,138.77999877929688,128.29966735839844
2020-05-27,143.08999633789062,132.28416442871094
2020-05-28,139.6999969482422,129.15016174316406
2020-05-29,138.89999389648438,128.41055297851562
2020-06-01,140.22999572753906,129.64016723632812
2020-06-02,141.38999938964844,130.71250915527344
2020-06-03,144.8000030517578,133.8650360107422
2020-06-04,144.58999633789062,133.67086791992188
2020-06-05,150.17999267578125,138.8387451171875
2020-06-08,153.08999633789062,141.52899169921875
2020-06-09,150.25999450683594,138.9126739501953
2020-06-10,146.17999267578125,135.14076232910156
2020-06-11,135.02999877929688,124.83283996582031
2020-06-12,138.27000427246094,127.82814025878906
2020-06-15,140.99000549316406,130.78350830078125
2020-06-16,144.3800048828125,133.92811584472656
2020-06-17,141.77000427246094,131.50704956054688
2020-06-18,141.72000122070312,131.46066284179688
2020-06-19,140.99000549316406,130.78350830078125
2020-06-22,142.39999389648438,132.0914306640625
2020-06-23,143.0,132.64801025390625
2020-06-24,138.36000061035156,128.34390258789062
2020-06-25,140.4499969482422,130.28262329101562
2020-06-26,136.6699981689453,126.77628326416016
2020-06-29,141.13999938964844,130.9226531982422
2020-06-30,143.17999267578125,132.81495666503906
2020-07-01,141.82000732421875,131.5533905029297
2020-07-02,142.39999389648438,132.0914306640625
2020-07-06,143.42999267578125,133.046875
2020-07-07,140.88999938964844,130.69078063964844
2020-07-08,141.94000244140625,131.66473388671875
2020-07-09,139.07000732421875,129.00247192382812
2020-07-10,141.30999755859375,131.08035278320312
2020-07-13,139.52000427246094,129.419921875
2020-07-14,141.8300018310547,131.562744140625
2020-07-15,147.02999877929688,136.38626098632812
2020-07-16,146.16000366210938,135.57920837402344
2020-07-17,146.58999633789062,135.97811889648438
2020-07-20,145.9600067138672,135.39373779296875
2020-07-21,148.02999877929688,137.3139190673828
2020-07-22,148.11000061035156,137.38812255859375
2020-07-23,148.25999450683594,137.52720642089844
2020-07-24,146.0800018310547,135.50503540039062
2020-07-27,147.60000610351562,136.9149932861328
2020-07-28,146.1300048828125,135.5514678955078
2020-07-29,149.35000610351562,138.53831481933594
2020-07-30,148.75999450683594,137.99102783203125
2020-07-31,147.36000061035156,136.69239807128906
2020-08-03,149.75999450683594,138.91864013671875
2020-08-04,150.7899932861328,139.87408447265625
2020-08-05,153.7899932861328,142.65692138671875
2020-08-06,153.72999572753906,142.60121154785156
2020-08-07,156.1699981689453,144.8646240234375
2020-08-10,157.7899932861328,146.36729431152344
2020-08-11,156.8800048828125,145.52316284179688
2020-08-12,157.52000427246094,146.1168670654297
2020-08-13,157.19000244140625,145.810791015625
2020-08-14,157.08999633789062,145.718017578125
2020-08-17,157.89999389648438,146.4694061279297
2020-08-18,156.38999938964844,145.0686798095703
2020-08-19,156.39999389648438,145.0779571533203
2020-08-20,155.75999450683594,144.4842529296875
2020-08-21,154.61000061035156,143.4175262451172
2020-08-24,156.22999572753906,144.92027282714844
2020-08-25,156.39999389648438,145.0779571533203
2020-08-26,155.4199981689453,144.16893005371094
2020-08-27,155.8000030517578,144.52139282226562
2020-08-28,157.1199951171875,145.74583435058594
2020-08-31,155.42999267578125,144.1781768798828
2020-09-01,157.2100067138672,145.82931518554688
2020-09-02,158.4600067138672,146.98886108398438
2020-09-03,153.77999877929688,142.64764404296875
2020-09-04,152.8000030517578,141.7385711669922
2020-09-08,149.86000061035156,139.0113983154297
2020-09-09,152.1300048828125,141.11709594726562
2020-09-10,150.14999389648438,139.28042602539062
2020-09-11,149.14999389648438,138.35279846191406
2020-09-14,153.0800018310547,141.9983367919922
2020-09-15,153.3699951171875,142.2672882080078
2020-09-16,154.82000732421875,143.6123504638672
2020-09-17,153.69000244140625,142.5641632080078
2020-09-18,153.2899932861328,142.1930694580078
2020-09-21,147.9199981689453,137.21185302734375
2020-09-22,149.05999755859375,138.26934814453125
2020-09-23,144.07000732421875,134.14991760253906
2020-09-24,144.07000732421875,134.14991760253906
2020-09-25,146.41000366210938,136.32882690429688
2020-09-28,150.02000427246094,139.69024658203125
2020-09-29,149.33999633789062,139.0570831298828
2020-09-30,149.7899932861328,139.47605895996094
2020-10-01,152.17999267578125,141.70150756835938
2020-10-02,152.85000610351562,142.32542419433594
2020-10-05,157.07000732421875,146.2548370361328
2020-10-06,156.6199951171875,145.8358154296875
2020-10-07,160.0399932861328,149.0203094482422
2020-10-08,161.86000061035156,150.71499633789062
2020-10-09,162.6999969482422,151.49713134765625
2020-10-12,163.7899932861328,152.51210021972656
2020-10-13,162.6999969482422,151.49713134765625
2020-10-14,161.08999633789062,149.9980010986328
2020-10-15,162.75,151.54373168945312
2020-10-16,162.35000610351562,151.17129516601562
2020-10-19,160.41000366210938,149.36483764648438
2020-10-20,160.75999450683594,149.69078063964844
2020-10-21,159.3800048828125,148.40574645996094
2020-10-22,162.1300048828125,150.96640014648438
2020-10-23,163.07000732421875,151.84165954589844
2020-10-26,159.5500030517578,148.56405639648438
2020-10-27,158.17999267578125,147.28834533691406
2020-10-28,153.30999755859375,142.7537078857422
2020-10-29,155.13999938964844,144.4576873779297
2020-10-30,153.08999633789062,142.54885864257812
2020-11-02,155.82000732421875,145.0908966064453
2020-11-03,160.24000549316406,149.20655822753906
2020-11-04,160.4199981689453,149.3740997314453
2020-11-05,164.91000366210938,153.55496215820312
2020-11-06,163.6199951171875,152.353759765625
2020-11-09,169.5500030517578,157.87547302246094
2020-11-10,172.6999969482422,160.80859375
2020-11-11,172.6300048828125,160.74343872070312
2020-11-12,169.97999572753906,158.27587890625
2020-11-13,173.5,161.55348205566406
2020-11-16,177.6300048828125,165.39915466308594
2020-11-17,178.4600067138672,166.1719512939453
2020-11-18,175.9600067138672,163.8441162109375
2020-11-19,177.30999755859375,165.10118103027344
2020-11-20,177.5,165.278076171875
2020-11-23,180.82000732421875,168.3694610595703
2020-11-24,184.22000122070312,171.53538513183594
2020-11-25,183.58999633789062,170.94876098632812
2020-11-27,184.3699951171875,171.67503356933594
2020-11-30,181.02000427246094,168.55569458007812
2020-12-01,182.6999969482422,170.12005615234375
2020-12-02,182.88999938964844,170.2969512939453
2020-12-03,183.9199981689453,171.25601196289062
2020-12-04,188.1999969482422,175.2413330078125
2020-12-07,188.3800048828125,175.408935546875
2020-12-08,190.8000030517578,177.6623077392578
2020-12-09,189.41000366210938,176.3679962158203
2020-12-10,191.24000549316406,178.0719757080078
2020-12-11,190.3000030517578,177.1967315673828
2020-12-14,189.92999267578125,177.40406799316406
2020-12-15,194.67999267578125,181.84080505371094
2020-12-16,193.97999572753906,181.18698120117188
2020-12-17,196.2899932861328,183.34463500976562
2020-12-18,195.33999633789062,182.4573211669922
2020-12-21,195.24000549316406,182.36387634277344
2020-12-22,197.4600067138672,184.43746948242188
2020-12-23,199.13999938964844,186.0067138671875
2020-12-24,199.00999450683594,185.88525390625
2020-12-28,198.27000427246094,185.19410705566406
2020-12-29,194.42999267578125,181.60733032226562
2020-12-30,196.41000366210938,183.4567413330078
2020-12-31,196.05999755859375,183.12979125976562
2021-01-04,193.5,180.73866271972656
2021-01-05,196.49000549316406,183.53146362304688
2021-01-06,204.52999877929688,191.0411834716797
2021-01-07,208.1699981689453,194.44117736816406
2021-01-08,207.72000122070312,194.02084350585938
2021-01-11,207.5399932861328,193.85272216796875
2021-01-12,211.25999450683594,197.3273468017578
2021-01-13,209.75,195.9169464111328
2021-01-14,213.94000244140625,199.8306121826172
2021-01-15,210.75,196.85101318359375
2021-01-19,213.4499969482422,199.37294006347656
2021-01-20,214.38999938964844,200.25096130371094
2021-01-21,212.52999877929688,198.5135955810547
2021-01-22,215.0,200.82073974609375
2021-01-25,214.7899932861328,200.62454223632812
2021-01-26,213.3000030517578,199.2328338623047
2021-01-27,209.38999938964844,195.58071899414062
2021-01-28,208.72000122070312,194.95492553710938
2021-01-29,205.55999755859375,192.00328063964844
2021-02-01,210.61000061035156,196.72023010253906
2021-02-02,213.61000061035156,199.52236938476562
2021-02-03,214.25,200.1201934814453
2021-02-04,218.6199951171875,204.20199584960938
2021-02-05,221.64999389648438,207.03216552734375
2021-02-08,227.30999755859375,212.31886291503906
2021-02-09,228.3800048828125,213.3183135986328
2021-02-10,226.8800048828125,211.91726684570312
2021-02-11,226.6199951171875,211.6743927001953
2021-02-12,227.25999450683594,212.2721710205078
2021-02-16,225.8300018310547,210.93650817871094
2021-02-17,224.05999755859375,209.28318786621094
2021-02-18,220.58999633789062,206.04205322265625
2021-02-19,225.19000244140625,210.3386993408203
2021-02-22,223.72999572753906,208.97496032714844
2021-02-23,221.75999450683594,207.1348876953125
2021-02-24,227.0,212.02931213378906
2021-02-25,218.61000061035156,204.192626953125
2021-02-26,218.30999755859375,203.91244506835938
2021-03-01,226.07000732421875,211.16064453125
2021-03-02,221.72000122070312,207.09754943847656
2021-03-03,219.32000732421875,204.85581970214844
2021-03-04,213.19000244140625,199.1300811767578
2021-03-05,217.7100067138672,203.35202026367188
2021-03-08,218.74000549316406,204.31410217285156
2021-03-09,223.33999633789062,208.6107177734375
2021-03-10,227.22000122070312,212.2347869873047
2021-03-11,232.22000122070312,216.905029296875
2021-03-12,233.58999633789062,218.18472290039062
2021-03-15,234.4199981689453,218.9600067138672
2021-03-16,230.5,215.29849243164062
2021-03-17,232.30999755859375,216.98912048339844
2021-03-18,225.24000549316406,210.3853759765625
2021-03-19,226.94000244140625,211.97328186035156
2021-03-22,225.22999572753906,210.37606811523438
2021-03-23,217.05999755859375,202.74488830566406
2021-03-24,212.0399932861328,198.05592346191406
2021-03-25,216.66000366210938,202.75177001953125
2021-03-26,220.61000061035156,206.44825744628906
2021-03-29,214.39999389648438,200.6368865966797
2021-03-30,218.00999450683594,204.01512145996094
2021-03-31,220.94000244140625,206.75711059570312
2021-04-01,223.74000549316406,209.37733459472656
2021-04-05,224.97000122070312,210.52835083007812
2021-04-06,224.30999755859375,209.91073608398438
2021-04-07,220.69000244140625,206.52310180664062
2021-04-08,222.55999755859375,208.2730712890625
2021-04-09,222.58999633789062,208.30113220214844
2021-04-12,221.72000122070312,207.4869842529297
2021-04-13,221.13999938964844,206.94418334960938
2021-04-14,223.32000732421875,208.98428344726562
2021-04-15,224.2899932861328,209.89202880859375
2021-04-16,224.64999389648438,210.22889709472656
2021-04-19,221.72999572753906,207.49632263183594
2021-04-20,217.19000244140625,203.24778747558594
2021-04-21,222.5,208.21690368652344
2021-04-22,221.5800018310547,207.35594177246094
2021-04-23,225.75999450683594,211.2676239013672
2021-04-26,228.11000061035156,213.466796875
2021-04-27,228.4499969482422,213.78497314453125
2021-04-28,228.83999633789062,214.14993286132812
2021-04-29,227.99000549316406,213.35446166992188
2021-04-30,224.88999938964844,210.45347595214844
2021-05-03,225.99000549316406,211.48287963867188
2021-05-04,223.2899932861328,208.95616149902344
2021-05-05,222.39999389648438,208.12332153320312
2021-05-06,222.58999633789062,208.30113220214844
2021-05-07,225.38999938964844,210.92141723632812
2021-05-10,219.66000366210938,205.55921936035156
2021-05-11,218.9600067138672,204.9041748046875
2021-05-12,211.85000610351562,198.2506103515625
2021-05-13,215.75,201.9002227783203
2021-05-14,221.02000427246094,206.8319091796875
2021-05-17,221.32000732421875,207.1126708984375
2021-05-18,219.63999938964844,205.5404815673828
2021-05-19,217.9499969482422,203.95895385742188
2021-05-20,219.39999389648438,205.31590270996094
2021-05-21,219.97000122070312,205.84930419921875
2021-05-24,221.39999389648438,207.18753051757812
2021-05-25,219.25999450683594,205.18490600585938
2021-05-26,223.35000610351562,209.0123291015625
2021-05-27,225.64999389648438,211.16470336914062
2021-05-28,225.5,211.02430725097656
2021-06-01,228.05999755859375,213.41998291015625
2021-06-02,228.3300018310547,213.67263793945312
2021-06-03,226.4199981689453,211.8852996826172
2021-06-04,227.39999389648438,212.80239868164062
2021-06-07,230.4499969482422,215.65660095214844
2021-06-08,232.88999938964844,217.93994140625
2021-06-09,231.33999633789062,216.4894561767578
2021-06-10,229.27999877929688,214.88400268554688
2021-06-11,231.6999969482422,217.15203857421875
2021-06-14,231.02000427246094,216.51478576660156
2021-06-15,230.36000061035156,215.89620971679688
2021-06-16,229.8699951171875,215.4369354248047
2021-06-17,227.2899932861328,213.01893615722656
2021-06-18,222.1300048828125,208.18289184570312
2021-06-21,226.8800048828125,212.63473510742188
2021-06-22,227.91000366210938,213.59999084472656
2021-06-23,228.66000366210938,214.3029022216797
2021-06-24,231.88999938964844,217.33010864257812
2021-06-25,232.27999877929688,217.6956329345703
2021-06-28,230.44000244140625,215.97117614746094
2021-06-29,229.33999633789062,214.94024658203125
2021-06-30,229.3699951171875,214.9683380126953
2021-07-01,231.38999938964844,216.8614959716797
2021-07-02,229.19000244140625,214.79966735839844
2021-07-06,225.86000061035156,211.67874145507812
2021-07-07,223.75999450683594,209.7105712890625
2021-07-08,221.6999969482422,207.77993774414062
2021-07-09,226.3800048828125,212.16612243652344
2021-07-12,226.57000732421875,212.34417724609375
2021-07-13,222.3000030517578,208.34225463867188
2021-07-14,218.8699951171875,205.12762451171875
2021-07-15,217.6300048828125,203.96546936035156
2021-07-16,214.9499969482422,201.45372009277344
2021-07-19,211.72999572753906,198.4359130859375
2021-07-20,218.3000030517578,204.59339904785156
2021-07-21,222.05999755859375,208.11734008789062
2021-07-22,218.52999877929688,204.80894470214844
2021-07-23,219.5500030517578,205.76495361328125
2021-07-26,220.19000244140625,206.36476135253906
2021-07-27,217.6199951171875,203.9561004638672
2021-07-28,220.82000732421875,206.95516967773438
2021-07-29,222.52000427246094,208.54847717285156
2021-07-30,221.0500030517578,207.17076110839844
2021-08-02,219.9499969482422,206.13978576660156
2021-08-03,220.86000061035156,206.99266052246094
2021-08-04,218.11000061035156,204.4153594970703
2021-08-05,222.02999877929688,208.08920288085938
2021-08-06,223.38999938964844,209.36383056640625
2021-08-09,222.16000366210938,208.2110595703125
2021-08-10,222.60000610351562,208.62339782714844
2021-08-11,223.69000244140625,209.64498901367188
2021-08-12,223.16000366210938,209.14825439453125
2021-08-13,221.1300048828125,207.2457275390625
2021-08-16,219.07000732421875,205.3151092529297
2021-08-17,216.39999389648438,202.8126983642578
2021-08-18,214.50999450683594,201.0413818359375
2021-08-19,211.94000244140625,198.6327362060547
2021-08-20,215.52000427246094,201.9879913330078
2021-08-23,219.6199951171875,205.8305206298828
2021-08-24,221.77999877929688,207.85488891601562
2021-08-25,222.55999755859375,208.5859375
2021-08-26,220.1999969482422,206.37408447265625
2021-08-27,226.41000366210938,212.19419860839844
2021-08-30,225.47999572753906,211.32261657714844
2021-08-31,225.9199981689453,211.73497009277344
2021-09-01,227.44000244140625,213.1595001220703
2021-09-02,229.02000427246094,214.6403045654297
2021-09-03,227.9600067138672,213.6468505859375
2021-09-07,226.38999938964844,212.1754608154297
2021-09-08,223.9199981689453,209.86056518554688
2021-09-09,223.80999755859375,209.75747680664062
2021-09-10,221.6199951171875,207.70494079589844
2021-09-13,222.8800048828125,208.8858184814453
2021-09-14,220.0399932861328,206.22413635253906
2021-09-15,222.02999877929688,208.08920288085938
2021-09-16,222.19000244140625,208.23915100097656
2021-09-17,222.47999572753906,208.51097106933594
2021-09-20,217.19000244140625,203.5531005859375
2021-09-21,217.52000427246094,203.86239624023438
2021-09-22,220.89999389648438,207.03018188476562
2021-09-23,224.80999755859375,210.6946563720703
2021-09-24,223.0500030517578,209.67848205566406
2021-09-27,226.44000244140625,212.86526489257812
2021-09-28,221.2899932861328,208.0239715576172
2021-09-29,220.82000732421875,207.58213806152344
2021-09-30,218.75,205.63624572753906
2021-10-01,222.27999877929688,208.95460510253906
2021-10-04,220.25999450683594,207.0557098388672
2021-10-05,221.02000427246094,207.77017211914062
2021-10-06,219.8699951171875,206.6890869140625
2021-10-07,223.25999450683594,209.87588500976562
2021-10-08,221.5800018310547,208.2965545654297
2021-10-11,220.30999755859375,207.10269165039062
2021-10-12,221.52000427246094,208.24020385742188
2021-10-13,222.57000732421875,209.22727966308594
2021-10-14,225.8699951171875,212.3294219970703
2021-10-15,225.16000366210938,211.66197204589844
2021-10-18,225.02999877929688,211.5397491455078
2021-10-19,225.8699951171875,212.3294219970703
2021-10-20,227.3699951171875,213.73948669433594
2021-10-21,227.9499969482422,214.28472900390625
2021-10-22,227.41000366210938,213.777099609375
2021-10-25,229.57000732421875,215.80763244628906
2021-10-26,227.83999633789062,214.1813201904297
2021-10-27,223.64999389648438,210.24252319335938
2021-10-28,228.11000061035156,214.4351348876953
2021-10-29,228.0500030517578,214.3787078857422
2021-11-01,233.9600067138672,219.93443298339844
2021-11-02,234.4499969482422,220.39505004882812
2021-11-03,238.63999938964844,224.33387756347656
2021-11-04,238.5500030517578,224.24929809570312
2021-11-05,241.80999755859375,227.3138427734375
2021-11-08,242.55999755859375,228.01885986328125
2021-11-09,241.14999389648438,226.6934051513672
2021-11-10,237.35000610351562,223.12120056152344
2021-11-11,239.25999450683594,224.9167022705078
2021-11-12,239.5,225.14231872558594
2021-11-15,238.5500030517578,224.24929809570312
2021-11-16,238.99000549316406,224.6629180908203
2021-11-17,235.86000061035156,221.72052001953125
2021-11-18,234.86000061035156,220.7804718017578
2021-11-19,232.72000122070312,218.76876831054688
2021-11-22,231.72999572753906,217.838134765625
2021-11-23,231.3300018310547,217.46209716796875
2021-11-24,231.5800018310547,217.6971435546875
2021-11-26,222.85000610351562,209.49046325683594
2021-11-29,222.7100067138672,209.35888671875
2021-11-30,218.1699981689453,205.0910186767578
2021-12-01,213.25999450683594,200.4753875732422
2021-12-02,219.2100067138672,206.06866455078125
2021-12-03,214.7100067138672,201.83847045898438
2021-12-06,219.02000427246094,205.8900909423828
2021-12-07,224.10000610351562,210.66554260253906
2021-12-08,225.6300048828125,212.10382080078125
2021-12-09,220.52000427246094,207.30014038085938
2021-12-10,219.91000366210938,206.72671508789062
2021-12-13,216.0399932861328,203.70562744140625
2021-12-14,214.17999267578125,201.9517822265625
2021-12-15,217.5800018310547,205.15773010253906
2021-12-16,213.17999267578125,201.0089111328125
2021-12-17,215.13999938964844,202.8570098876953
2021-12-20,212.1199951171875,200.0093994140625
2021-12-21,218.17999267578125,205.72348022460938
2021-12-22,220.27999877929688,207.70355224609375
2021-12-23,222.0399932861328,209.3631134033203
2021-12-27,224.1199951171875,211.32432556152344
2021-12-28,222.75,210.0325164794922
2021-12-29,222.99000549316406,210.25885009765625
2021-12-30,222.92999267578125,210.20225524902344
2021-12-31,222.4499969482422,209.7496337890625
2022-01-03,225.32000732421875,212.455810546875
2022-01-04,224.97999572753906,212.13523864746094
2022-01-05,217.36000061035156,204.95028686523438
2022-01-06,218.60000610351562,206.11949157714844
2022-01-07,216.07000732421875,203.7339324951172
2022-01-10,215.32000732421875,203.02670288085938
2022-01-11,217.61000061035156,205.18600463867188
2022-01-12,215.99000549316406,203.6584930419922
2022-01-13,214.00999450683594,201.79156494140625
2022-01-14,214.30999755859375,202.0743865966797
2022-01-18,207.8300018310547,195.96437072753906
2022-01-19,204.4499969482422,192.77734375
2022-01-20,200.75,189.28857421875
2022-01-21,196.99000549316406,185.74325561523438
2022-01-24,201.52999877929688,190.02406311035156
2022-01-25,198.83999633789062,187.48764038085938
2022-01-26,195.97000122070312,184.781494140625
2022-01-27,191.52000427246094,180.58554077148438
2022-01-28,195.25,184.10260009765625
2022-01-31,201.24000549316406,189.75062561035156
2022-02-01,203.36000061035156,191.7495574951172
2022-02-02,201.33999633789062,189.8449249267578
2022-02-03,197.52999877929688,186.25242614746094
2022-02-04,198.3800048828125,187.0538787841797
2022-02-07,199.36000061035156,187.9779510498047
2022-02-08,202.75999450683594,191.18380737304688
2022-02-09,206.61000061035156,194.8140106201172
2022-02-10,203.44000244140625,191.82501220703125
2022-02-11,201.3800048828125,189.8826446533203
2022-02-14,200.67999267578125,189.22256469726562
2022-02-15,206.05999755859375,194.29541015625
2022-02-16,206.49000549316406,194.7008819580078
2022-02-17,201.1999969482422,189.712890625
2022-02-18,199.47000122070312,188.0816650390625
2022-02-22,196.66000366210938,185.4320831298828
2022-02-23,192.97999572753906,181.9622344970703
2022-02-24,198.0399932861328,186.73330688476562
2022-02-25,202.5,190.9386749267578
2022-02-28,203.32000732421875,191.7118682861328
2022-03-01,199.49000549316406,188.1005401611328
2022-03-02,204.24000549316406,192.57936096191406
2022-03-03,201.82000732421875,190.29750061035156
2022-03-04,198.66000366210938,187.3179168701172
2022-03-07,193.72000122070312,182.659912109375
2022-03-08,194.7899932861328,183.6688690185547
2022-03-09,200.27999877929688,188.84539794921875
2022-03-10,199.9199981689453,188.5059814453125
2022-03-11,196.72999572753906,185.4980926513672
2022-03-14,192.7100067138672,181.70761108398438
2022-03-15,195.77999877929688,184.60232543945312
2022-03-16,201.94000244140625,190.41062927246094
2022-03-17,205.11000061035156,193.399658203125
2022-03-18,207.27000427246094,195.4363250732422
2022-03-21,205.44000244140625,193.71083068847656
2022-03-22,207.5,195.65322875976562
2022-03-23,203.89999389648438,192.25872802734375
2022-03-24,205.83999633789062,194.46949768066406
2022-03-25,206.1199951171875,194.73403930664062
2022-03-28,206.19000244140625,194.80015563964844
2022-03-29,211.7100067138672,200.01519775390625
2022-03-30,207.4600067138672,196.0
2022-03-31,205.27000427246094,193.9309844970703
2022-04-01,207.57000732421875,196.10391235351562
2022-04-04,207.91000366210938,196.4251251220703
2022-04-05,202.99000549316406,191.7769317626953
2022-04-06,200.11000061035156,189.0559844970703
2022-04-07,199.4600067138672,188.4419403076172
2022-04-08,197.8699951171875,186.93971252441406
2022-04-11,196.5399932861328,185.68324279785156
2022-04-12,197.16000366210938,186.26895141601562
2022-04-13,200.91000366210938,189.81182861328125
2022-04-14,198.9600067138672,187.9695281982422
2022-04-18,197.6199951171875,186.70355224609375
2022-04-19,201.55999755859375,190.4259033203125
2022-04-20,202.3300018310547,191.15341186523438
2022-04-21,197.8000030517578,186.87359619140625
2022-04-22,192.67999267578125,182.0364227294922
2022-04-25,193.85000610351562,183.1417999267578
2022-04-26,187.74000549316406,177.3693389892578
2022-04-27,186.9600067138672,176.6324005126953
2022-04-28,190.4499969482422,179.92965698242188
2022-04-29,184.9499969482422,174.7334747314453
2022-05-02,186.88999938964844,176.56629943847656
2022-05-03,188.49000549316406,178.077880859375
2022-05-04,193.52000427246094,182.83006286621094
2022-05-05,185.6699981689453,175.41366577148438
2022-05-06,182.5800018310547,172.4943389892578
2022-05-09,174.89999389648438,165.2386016845703
2022-05-10,174.9499969482422,165.28582763671875
2022-05-11,170.60000610351562,161.17616271972656
2022-05-12,172.60000610351562,163.06564331054688
2022-05-13,178.07000732421875,168.2335205078125
2022-05-16,177.22000122070312,167.43043518066406
2022-05-17,182.63999938964844,172.551025390625
2022-05-18,176.24000549316406,166.50454711914062
2022-05-19,176.52999877929688,166.77854919433594
2022-05-20,176.0800018310547,166.35340881347656
2022-05-23,178.2100067138672,168.36578369140625
2022-05-24,175.57000732421875,165.87161254882812
2022-05-25,178.72999572753906,168.85704040527344
2022-05-26,182.72000122070312,172.62660217285156
2022-05-27,187.63999938964844,177.27484130859375
2022-05-31,185.30999755859375,175.07357788085938
2022-06-01,184.25999450683594,174.08154296875
2022-06-02,188.75999450683594,178.33297729492188
2022-06-03,187.05999755859375,176.7268524169922
2022-06-06,187.8699951171875,177.4921417236328
2022-06-07,190.89999389648438,180.3547821044922
2022-06-08,187.9499969482422,177.5677032470703
2022-06-09,183.57000732421875,173.88670349121094
2022-06-10,178.58999633789062,169.16943359375
2022-06-13,170.1999969482422,161.2219696044922
2022-06-14,169.3800048828125,160.4452667236328
2022-06-15,171.86000061035156,162.7943878173828
2022-06-16,163.89999389648438,155.25428771972656
2022-06-17,165.17999267578125,156.46676635742188
2022-06-21,168.13999938964844,159.27064514160156
2022-06-22,167.82000732421875,158.967529296875
2022-06-23,169.8300018310547,160.8715057373047
2022-06-24,175.08999633789062,165.8540496826172
2022-06-27,175.74000549316406,166.46974182128906
2022-06-28,172.44000244140625,163.34381103515625
2022-06-29,170.69000244140625,161.6861572265625
2022-06-30,169.36000061035156,160.42630004882812
2022-07-01,171.41000366210938,162.36817932128906
2022-07-05,172.8300018310547,163.7132568359375
2022-07-06,171.5500030517578,162.50079345703125
2022-07-07,175.61000061035156,166.34658813476562
2022-07-08,175.58999633789062,166.32762145996094
2022-07-11,172.05999755859375,162.9838104248047
2022-07-12,171.47000122070312,162.42498779296875
2022-07-13,171.32000732421875,162.28289794921875
2022-07-14,169.55999755859375,160.61573791503906
2022-07-15,173.08999633789062,163.95953369140625
2022-07-18,172.60000610351562,163.495361328125
2022-07-19,178.69000244140625,169.26412963867188
2022-07-20,181.49000549316406,171.9164581298828
2022-07-21,182.4199981689453,172.79733276367188
2022-07-22,179.50999450683594,170.0408477783203
2022-07-25,180.44000244140625,170.92181396484375
2022-07-26,179.3300018310547,169.87037658691406
2022-07-27,183.41000366210938,173.73516845703125
2022-07-28,185.92999267578125,176.12222290039062
2022-07-29,187.25,177.37257385253906
2022-08-01,187.17999267578125,177.30625915527344
2022-08-02,187.0,177.1357879638672
2022-08-03,189.75,179.74070739746094
2022-08-04,189.35000610351562,179.36184692382812
2022-08-05,190.8000030517578,180.73533630371094
2022-08-08,192.82000732421875,182.6487274169922
2022-08-09,190.19000244140625,180.1575164794922
2022-08-10,195.6199951171875,185.30108642578125
2022-08-11,196.35000610351562,185.99258422851562
2022-08-12,200.36000061035156,189.79104614257812
2022-08-15,201.07000732421875,190.46363830566406
2022-08-16,200.99000549316406,190.38780212402344
2022-08-17,197.61000061035156,187.1861114501953
2022-08-18,198.9199981689453,188.42701721191406
2022-08-19,194.64999389648438,184.38226318359375
2022-08-22,190.63999938964844,180.5837860107422
2022-08-23,190.9499969482422,180.87741088867188
2022-08-24,192.41000366210938,182.2604217529297
2022-08-25,195.39999389648438,185.0926971435547
2022-08-26,188.97999572753906,179.01133728027344
2022-08-29,187.24000549316406,177.36312866210938
2022-08-30,184.6199951171875,174.8813018798828
2022-08-31,183.5,173.82044982910156
2022-09-01,181.5,171.92591857910156
2022-09-02,180.08999633789062,170.5902862548828
2022-09-06,178.30999755859375,168.9041748046875
2022-09-07,182.19000244140625,172.57949829101562
2022-09-08,183.7100067138672,174.01931762695312
2022-09-09,187.39999389648438,177.51467895507812
2022-09-12,189.6699981689453,179.6649169921875
2022-09-13,182.25,172.63633728027344
2022-09-14,182.9600067138672,173.30889892578125
2022-09-15,181.6300048828125,172.04904174804688
2022-09-16,178.99000549316406,169.54827880859375
2022-09-19,180.52000427246094,170.99761962890625
2022-09-20,178.05999755859375,168.6673583984375
2022-09-21,175.33999633789062,166.0908203125
2022-09-22,171.38999938964844,162.3491668701172
2022-09-23,167.30999755859375,158.4844207763672
2022-09-26,164.1699981689453,156.31446838378906
2022-09-27,164.72999572753906,156.84765625
2022-09-28,169.94000244140625,161.8083953857422
2022-09-29,166.1300048828125,158.1807098388672
2022-09-30,164.9199981689453,157.02857971191406
2022-10-03,169.2899932861328,161.1894989013672
2022-10-04,176.0,167.57843017578125
2022-10-05,174.6999969482422,166.3406219482422
2022-10-06,173.72000122070312,165.40750122070312
2022-10-07,168.61000061035156,160.54202270507812
2022-10-10,167.6699981689453,159.64698791503906
2022-10-11,167.72000122070312,159.69459533691406
2022-10-12,167.25999450683594,159.25660705566406
2022-10-13,171.39999389648438,163.19850158691406
2022-10-14,166.80999755859375,158.82815551757812
2022-10-17,172.1300048828125,163.89356994628906
2022-10-18,174.1699981689453,165.8359832763672
2022-10-19,171.2100067138672,163.0176239013672
2022-10-20,169.02999877929688,160.9419403076172
2022-10-21,172.6999969482422,164.4363250732422
2022-10-24,173.44000244140625,165.14093017578125
2022-10-25,178.1699981689453,169.64456176757812
2022-10-26,179.0500030517578,170.4824676513672
2022-10-27,179.08999633789062,170.52052307128906
2022-10-28,183.16000366210938,174.3957977294922
2022-10-31,183.3300018310547,174.55764770507812
2022-11-01,183.5800018310547,174.7957000732422
2022-11-02,177.49000549316406,168.99713134765625
2022-11-03,176.3000030517578,167.86404418945312
2022-11-04,178.67999267578125,170.13015747070312
2022-11-07,179.49000549316406,170.9014434814453
2022-11-08,179.55999755859375,170.96807861328125
2022-11-09,174.6300048828125,166.27395629882812
2022-11-10,185.3800048828125,176.5095672607422
2022-11-11,186.89999389648438,177.95684814453125
2022-11-14,184.80999755859375,175.9668426513672
2022-11-15,187.5500030517578,178.5757598876953
2022-11-16,184.25,175.4336700439453
2022-11-17,182.5399932861328,173.8054656982422
2022-11-18,183.72000122070312,174.92898559570312
2022-11-21,182.75999450683594,174.0149383544922
2022-11-22,184.7100067138672,175.87164306640625
2022-11-23,185.19000244140625,176.32864379882812
2022-11-25,185.5800018310547,176.69998168945312
2022-11-28,181.83999633789062,173.1389617919922
2022-11-29,182.3699951171875,173.64361572265625
2022-11-30,187.3699951171875,178.4043426513672
2022-12-01,186.9600067138672,178.01394653320312
2022-12-02,188.0500030517578,179.0518341064453
2022-12-05,182.8699951171875,174.1196746826172
2022-12-06,180.07000732421875,171.45367431640625
2022-12-07,179.5399932861328,170.9490509033203
2022-12-08,180.83999633789062,172.1868438720703
2022-12-09,178.6199951171875,170.0730438232422
2022-12-12,180.72000122070312,172.07254028320312
2022-12-13,181.3800048828125,173.497802734375
2022-12-14,180.19000244140625,172.35951232910156
2022-12-15,175.67999267578125,168.04551696777344
2022-12-16,174.3699951171875,166.7924346923828
2022-12-19,172.00999450683594,164.53497314453125
2022-12-20,172.9199981689453,165.4054718017578
2022-12-21,175.89999389648438,168.25596618652344
2022-12-22,173.60000610351562,166.05592346191406
2022-12-23,174.38999938964844,166.81158447265625
2022-12-27,173.22000122070312,165.69241333007812
2022-12-28,170.52999877929688,163.11932373046875
2022-12-29,174.85000610351562,167.25160217285156
2022-12-30,174.36000061035156,166.78286743164062
2023-01-03,173.39999389648438,165.8646240234375
2023-01-04,175.55999755859375,167.93072509765625
2023-01-05,173.67999267578125,166.13241577148438
2023-01-06,177.5800018310547,169.86293029785156
2023-01-09,177.8800048828125,170.14991760253906
2023-01-10,180.50999450683594,172.6655731201172
2023-01-11,182.75999450683594,174.8178253173828
2023-01-12,185.8300018310547,177.7544403076172
2023-01-13,187.0500030517578,178.9214324951172
2023-01-17,186.82000732421875,178.70140075683594
2023-01-18,183.8000030517578,175.81263732910156
2023-01-19,182.0399932861328,174.12911987304688
2023-01-20,185.0399932861328,176.99876403808594
2023-01-23,187.3300018310547,179.18923950195312
2023-01-24,186.92999267578125,178.80661010742188
2023-01-25,187.4499969482422,179.3040008544922
2023-01-26,188.55999755859375,180.36578369140625
2023-01-27,189.5800018310547,181.34146118164062
2023-01-30,186.94000244140625,178.81617736816406
2023-01-31,191.47999572753906,183.1588897705078
2023-02-01,194.49000549316406,186.03810119628906
2023-02-02,198.32000732421875,189.70166015625
2023-02-03,196.99000549316406,188.429443359375
2023-02-06,194.13999938964844,185.70327758789062
2023-02-07,195.5800018310547,187.08067321777344
2023-02-08,192.72000122070312,184.3450164794922
2023-02-09,189.92999267578125,181.67623901367188
2023-02-10,190.30999755859375,182.0397491455078
2023-02-13,192.60000610351562,184.230224609375
2023-02-14,192.50999450683594,184.14413452148438
2023-02-15,194.4600067138672,186.00941467285156
2023-02-16,192.60000610351562,184.230224609375
2023-02-17,193.1300048828125,184.73724365234375
2023-02-21,187.42999267578125,179.2848663330078
2023-02-22,187.94000244140625,179.77272033691406
2023-02-23,189.27999877929688,181.0544891357422
2023-02-24,187.50999450683594,179.3614044189453
2023-02-27,188.1699981689453,179.99273681640625
2023-02-28,188.17999267578125,180.00230407714844
2023-03-01,188.4199981689453,180.23187255859375
2023-03-02,188.8699951171875,180.66232299804688
2023-03-03,191.5,183.1780242919922
2023-03-06,188.6999969482422,180.49969482421875
2023-03-07,186.50999450683594,178.4048614501953
2023-03-08,186.60000610351562,178.490966796875
2023-03-09,181.41000366210938,173.52650451660156
2023-03-10,176.17999267578125,168.5238037109375
2023-03-13,173.30999755859375,165.77850341796875
2023-03-14,176.52000427246094,168.8489990234375
2023-03-15,173.61000061035156,166.06546020507812
2023-03-16,175.97999572753906,168.33245849609375
2023-03-17,171.22999572753906,163.78887939453125
2023-03-20,173.4499969482422,165.91241455078125
2023-03-21,176.64999389648438,168.9733428955078
2023-03-22,171.63999938964844,164.18109130859375
2023-03-23,170.25,163.45236206054688
2023-03-24,171.7899932861328,164.93089294433594
2023-03-27,173.6999969482422,166.76463317871094
2023-03-28,173.4499969482422,166.52459716796875
2023-03-29,175.4199981689453,168.41595458984375
2023-03-30,175.17999267578125,168.18553161621094
2023-03-31,178.39999389648438,171.27699279785156
2023-04-03,178.47999572753906,171.35374450683594
2023-04-04,175.35000610351562,168.34877014160156
2023-04-05,173.6300048828125,166.69740295410156
2023-04-06,173.88999938964844,166.94703674316406
2023-04-10,175.75,168.7327880859375
2023-04-11,177.13999938964844,170.06727600097656
2023-04-12,175.83999633789062,168.81918334960938
2023-04-13,178.1699981689453,171.05615234375
2023-04-14,176.50999450683594,169.46243286132812
2023-04-17,178.77999877929688,171.64181518554688
2023-04-18,178.02000427246094,170.91212463378906
2023-04-19,178.25,171.13294982910156
2023-04-20,177.3300018310547,170.24969482421875
2023-04-21,177.55999755859375,170.47052001953125
2023-04-24,177.44000244140625,170.35528564453125
2023-04-25,173.05999755859375,166.150146484375
2023-04-26,171.38999938964844,164.5468292236328
2023-04-27,173.67999267578125,166.74542236328125
2023-04-28,175.1999969482422,168.2047119140625
2023-05-01,175.3000030517578,168.3007354736328
2023-05-02,171.6999969482422,164.844482421875
2023-05-03,172.3300018310547,165.44931030273438
2023-05-04,170.39999389648438,163.59637451171875
2023-05-05,174.4499969482422,167.4846649169922
2023-05-08,174.0500030517578,167.10064697265625
2023-05-09,173.52999877929688,166.60140991210938
2023-05-10,174.41000366210938,167.44627380371094
2023-05-11,173.07000732421875,166.15980529785156
2023-05-12,172.72000122070312,165.82373046875
2023-05-15,174.8300018310547,167.8495330810547
2023-05-16,172.27999877929688,165.40130615234375
2023-05-17,176.1199951171875,169.0880126953125
2023-05-18,177.19000244140625,170.11526489257812
2023-05-19,176.11000061035156,169.0784149169922
2023-05-22,178.25999450683594,171.1425323486328
2023-05-23,177.4199981689453,170.3361053466797
2023-05-24,175.5399932861328,168.53114318847656
2023-05-25,174.1699981689453,167.21583557128906
2023-05-26,176.14999389648438,169.1168212890625
2023-05-30,175.5,168.49273681640625
2023-05-31,173.77000427246094,166.83181762695312
2023-06-01,175.64999389648438,168.6367645263672
2023-06-02,182.02000427246094,174.75242614746094
2023-06-05,179.5800018310547,172.4098663330078
2023-06-06,184.30999755859375,176.95103454589844
2023-06-07,187.24000549316406,180.26182556152344
2023-06-08,186.5399932861328,179.58792114257812
2023-06-09,185.02999877929688,178.13418579101562
2023-06-12,185.8000030517578,178.87551879882812
2023-06-13,187.92999267578125,180.92611694335938
2023-06-14,185.91000366210938,178.98143005371094
2023-06-15,187.44000244140625,180.45437622070312
2023-06-16,185.94000244140625,179.0102996826172
2023-06-20,185.1300048828125,178.23046875
2023-06-21,184.6999969482422,177.8164825439453
2023-06-22,183.3300018310547,176.49754333496094
2023-06-23,180.57000732421875,173.8404083251953
2023-06-26,180.75,174.01373291015625
2023-06-27,183.36000061035156,176.5264434814453
2023-06-28,184.25999450683594,177.3928985595703
2023-06-29,186.3800048828125,179.43385314941406
2023-06-30,187.27000427246094,180.29074096679688
2023-07-03,187.64999389648438,180.65655517578125
2023-07-05,185.77999877929688,178.85623168945312
2023-07-06,182.77999877929688,175.96804809570312
2023-07-07,184.7100067138672,177.8261260986328
2023-07-10,187.8699951171875,180.8683624267578
2023-07-11,189.8000030517578,182.72642517089844
2023-07-12,191.8699951171875,184.71923828125
2023-07-13,193.4199981689453,186.21153259277344
2023-07-14,191.52999877929688,184.39195251464844
2023-07-17,193.5800018310547,186.36557006835938
2023-07-18,195.97000122070312,188.66648864746094
2023-07-19,196.8000030517578,189.46554565429688
2023-07-20,195.0800018310547,187.80967712402344
2023-07-21,194.4600067138672,187.21275329589844
2023-07-24,194.94000244140625,187.67486572265625
2023-07-25,194.9199981689453,187.65562438964844
2023-07-26,196.4600067138672,189.13821411132812
2023-07-27,193.9199981689453,186.6929168701172
2023-07-28,196.42999267578125,189.10931396484375
2023-07-31,198.7100067138672,191.3043670654297
2023-08-01,197.8000030517578,190.42828369140625
2023-08-02,195.11000061035156,187.83851623535156
2023-08-03,194.55999755859375,187.3090362548828
2023-08-04,194.1699981689453,186.93353271484375
2023-08-07,194.3000030517578,187.05873107910156
2023-08-08,193.0800018310547,185.8842010498047
2023-08-09,191.57000732421875,184.43045043945312
2023-08-10,190.72000122070312,183.61209106445312
2023-08-11,190.99000549316406,183.8720703125
2023-08-14,190.66000366210938,183.55438232421875
2023-08-15,188.13999938964844,181.12828063964844
2023-08-16,185.83999633789062,178.9139862060547
2023-08-17,183.64999389648438,176.80564880371094
2023-08-18,184.64999389648438,177.7683563232422
2023-08-21,184.3800048828125,177.50843811035156
2023-08-22,183.8300018310547,176.97894287109375
2023-08-23,185.7899932861328,178.86585998535156
2023-08-24,183.22000122070312,176.3916473388672
2023-08-25,184.0,177.142578125
2023-08-28,185.63999938964844,178.72145080566406
2023-08-29,188.22999572753906,181.21493530273438
2023-08-30,188.94000244140625,181.89846801757812
2023-08-31,188.61000061035156,181.58079528808594
2023-09-01,190.85000610351562,183.7373046875
2023-09-05,186.8300018310547,179.86709594726562
2023-09-06,186.1300048828125,179.19322204589844
2023-09-07,184.3300018310547,177.46029663085938
2023-09-08,183.9199981689453,177.0655517578125
2023-09-11,184.36000061035156,177.48915100097656
2023-09-12,184.17999267578125,177.31585693359375
2023-09-13,182.97000122070312,176.15098571777344
2023-09-14,185.5500030517578,178.6348419189453
2023-09-15,183.61000061035156,176.76712036132812
2023-09-18,182.38999938964844,175.59259033203125
2023-09-19,181.67999267578125,174.90904235839844
2023-09-20,179.86000061035156,173.15687561035156
2023-09-21,177.07000732421875,170.4708709716797
2023-09-22,176.6699981689453,170.0857696533203
2023-09-25,177.4600067138672,170.84634399414062
2023-09-26,174.36000061035156,168.64968872070312
2023-09-27,175.99000549316406,170.226318359375
2023-09-28,177.5800018310547,171.76426696777344
2023-09-29,176.74000549316406,170.95176696777344
2023-10-02,174.07000732421875,168.3692169189453
2023-10-03,171.13999938964844,165.53515625
2023-10-04,171.22000122070312,165.612548828125
2023-10-05,171.35000610351562,165.73825073242188
2023-10-06,173.0,167.33421325683594
2023-10-09,174.0,168.3014678955078
2023-10-10,175.97000122070312,170.2069549560547
2023-10-11,175.6699981689453,169.91677856445312
2023-10-12,171.6999969482422,166.07679748535156
2023-10-13,170.27000427246094,164.6936492919922
2023-10-16,173.02000427246094,167.3535919189453
2023-10-17,174.9499969482422,169.22036743164062
2023-10-18,171.35000610351562,165.73825073242188
2023-10-19,168.6199951171875,163.09767150878906
2023-10-20,166.44000244140625,160.9890594482422
2023-10-23,165.02999877929688,159.625244140625
2023-10-24,166.47000122070312,161.01806640625
2023-10-25,163.72000122070312,158.358154296875
2023-10-26,164.13999938964844,158.76438903808594
2023-10-27,162.2100067138672,156.89764404296875
2023-10-30,163.11000061035156,157.76812744140625
2023-10-31,164.52000427246094,159.1319580078125
2023-11-01,165.4600067138672,160.04116821289062
2023-11-02,169.8699951171875,164.30674743652344
2023-11-03,174.49000549316406,168.7754364013672
2023-11-06,172.30999755859375,166.66683959960938
2023-11-07,171.6999969482422,166.07679748535156
2023-11-08,169.8699951171875,164.30674743652344
2023-11-09,167.24000549316406,161.76287841796875
2023-11-10,169.11000061035156,163.5716094970703
2023-11-13,169.1699981689453,163.62966918945312
2023-11-14,178.4600067138672,172.6154327392578
2023-11-15,178.77000427246094,172.91526794433594
2023-11-16,175.8800048828125,170.1199188232422
2023-11-17,178.2899932861328,172.4509735107422
2023-11-20,179.3300018310547,173.45692443847656
2023-11-21,177.02000427246094,171.22256469726562
2023-11-22,178.1300048828125,172.29624938964844
2023-11-24,179.3300018310547,173.45692443847656
2023-11-27,178.72999572753906,172.87655639648438
2023-11-28,178.0399932861328,172.2091522216797
2023-11-29,178.97999572753906,173.11839294433594
2023-11-30,179.66000366210938,173.77613830566406
2023-12-01,184.91000366210938,178.85421752929688
2023-12-04,186.88999938964844,180.76934814453125
2023-12-05,184.38999938964844,178.35121154785156
2023-12-06,184.05999755859375,178.03199768066406
2023-12-07,185.38999938964844,179.31845092773438
2023-12-08,186.8000030517578,180.68228149414062
2023-12-11,187.19000244140625,181.05950927734375
2023-12-12,187.0,180.87571716308594
2023-12-13,193.3300018310547,186.99842834472656
2023-12-14,198.7100067138672,192.2022247314453
2023-12-15,197.0399932861328,190.5869140625
2023-12-18,197.11000061035156,190.65464782714844
2023-12-19,200.92999267578125,194.34951782226562
2023-12-20,196.27999877929688,190.54788208007812
2023-12-21,199.6199951171875,193.79034423828125
2023-12-22,201.47999572753906,195.59603881835938
2023-12-26,204.10000610351562,198.13954162597656
2023-12-27,204.82000732421875,198.83848571777344
2023-12-28,204.0399932861328,198.0812530517578
2023-12-29,200.7100067138672,194.84849548339844
2024-01-02,199.52000427246094,193.69325256347656
2024-01-03,194.1999969482422,188.5286102294922
2024-01-04,193.82000732421875,188.15972900390625
2024-01-05,193.25,187.60638427734375
2024-01-08,196.72999572753906,190.98475646972656
2024-01-09,194.97000122070312,189.27613830566406
2024-01-10,195.0800018310547,189.3829345703125
2024-01-11,193.5500030517578,187.89761352539062
2024-01-12,193.22999572753906,187.5869598388672
2024-01-16,190.83999633789062,185.26673889160156
2024-01-17,189.47999572753906,183.9464569091797
2024-01-18,190.60000610351562,185.03378295898438
2024-01-19,192.42999267578125,186.81031799316406
2024-01-22,196.5399932861328,190.80027770996094
2024-01-23,195.97000122070312,190.2469482421875
2024-01-24,194.36000061035156,188.68394470214844
2024-01-25,195.97000122070312,190.2469482421875
2024-01-26,195.97999572753906,190.25662231445312
2024-01-29,199.41000366210938,193.5865020751953
2024-01-30,197.7100067138672,191.93614196777344
2024-01-31,192.8800048828125,187.2471923828125
2024-02-01,195.44000244140625,189.732421875
2024-02-02,194.41000366210938,188.7324981689453
2024-02-05,191.94000244140625,186.3346405029297
2024-02-06,193.6699981689453,188.01409912109375
2024-02-07,193.22000122070312,187.57725524902344
2024-02-08,196.14999389648438,190.42169189453125
2024-02-09,199.33999633789062,193.5185089111328
2024-02-12,202.9600067138672,197.0327911376953
2024-02-13,194.61000061035156,188.92665100097656
2024-02-14,199.1300048828125,193.31466674804688
2024-02-15,204.44000244140625,198.46958923339844
2024-02-16,201.66000366210938,195.77076721191406
2024-02-20,198.8800048828125,193.07199096679688
2024-02-21,197.94000244140625,192.15940856933594
2024-02-22,199.44000244140625,193.6156005859375
2024-02-23,199.88999938964844,194.05245971679688
2024-02-26,201.14999389648438,195.27566528320312
2024-02-27,204.0,198.04241943359375
2024-02-28,202.32000732421875,196.41148376464844
2024-02-29,203.72999572753906,197.78033447265625
2024-03-01,205.88999938964844,199.87722778320312
2024-03-04,205.6999969482422,199.69277954101562
2024-03-05,203.72999572753906,197.78033447265625
2024-03-06,205.25,199.25592041015625
2024-03-07,206.9600067138672,200.91598510742188
2024-03-08,206.8300018310547,200.78977966308594
2024-03-11,205.19000244140625,199.1976776123047
2024-03-12,204.91000366210938,198.9258575439453
2024-03-13,205.7100067138672,199.7024688720703
2024-03-14,202.02999877929688,196.1299591064453
2024-03-15,202.41000366210938,196.49887084960938
2024-03-18,201.25,195.37274169921875
2024-03-19,202.10000610351562,196.19793701171875
2024-03-20,206.10000610351562,200.0811004638672
2024-03-21,207.94000244140625,202.37994384765625
2024-03-22,205.07000732421875,199.58668518066406
2024-03-25,205.5399932861328,200.0441131591797
2024-03-26,205.1699981689453,199.6840362548828
2024-03-27,209.63999938964844,204.03448486328125
2024-03-28,210.3000030517578,204.67684936523438
2024-04-01,208.32000732421875,202.7498016357422
2024-04-02,204.49000549316406,199.02218627929688
2024-04-03,205.8300018310547,200.32635498046875
2024-04-04,203.77000427246094,198.3214874267578
2024-04-05,204.4499969482422,198.98326110839844
2024-04-08,205.57000732421875,200.07333374023438
2024-04-09,206.3800048828125,200.8616485595703
2024-04-10,200.92999267578125,195.557373046875
2024-04-11,202.2899932861328,196.88101196289062
2024-04-12,198.69000244140625,193.37725830078125
2024-04-15,195.77999877929688,190.5450897216797
2024-04-16,195.05999755859375,189.84434509277344
2024-04-17,193.0,187.8394317626953
2024-04-18,192.83999633789062,187.68370056152344
2024-04-19,193.13999938964844,187.97567749023438
2024-04-22,195.3000030517578,190.0779266357422
2024-04-23,198.57000732421875,193.26048278808594
2024-04-24,197.67999267578125,192.39427185058594
2024-04-25,196.47999572753906,191.22637939453125
2024-04-26,198.36000061035156,193.05609130859375
2024-04-29,199.9600067138672,194.6133270263672
2024-04-30,195.89999389648438,190.66188049316406
2024-05-01,196.30999755859375,191.06094360351562
2024-05-02,199.9199981689453,194.5744171142578
2024-05-03,201.89999389648438,196.50146484375
2024-05-06,204.50999450683594,199.04164123535156
2024-05-07,204.97000122070312,199.4893798828125
2024-05-08,203.77999877929688,198.33119201660156
2024-05-09,205.86000061035156,200.35557556152344
2024-05-10,204.30999755859375,198.8470001220703
2024-05-13,204.74000549316406,199.26551818847656
2024-05-14,206.86000061035156,201.32882690429688
2024-05-15,209.44000244140625,203.83984375
2024-05-16,207.92999267578125,202.3702392578125
2024-05-17,208.0800018310547,202.51620483398438
2024-05-20,208.5399932861328,202.96389770507812
2024-05-21,208.33999633789062,202.76922607421875
2024-05-22,206.5800018310547,201.0563201904297
2024-05-23,203.19000244140625,197.7569580078125
2024-05-24,205.44000244140625,199.94679260253906
2024-05-28,205.16000366210938,199.67428588867188
2024-05-29,202.1300048828125,196.7252960205078
2024-05-30,204.0500030517578,198.59397888183594
2024-05-31,205.77000427246094,200.26797485351562
2024-06-03,204.61000061035156,199.13900756835938
2024-06-04,201.97000122070312,196.56959533691406
2024-06-05,205.05999755859375,199.57696533203125
2024-06-06,203.58999633789062,198.14625549316406
2024-06-07,201.1999969482422,195.8201446533203
2024-06-10,201.88999938964844,196.49171447753906
2024-06-11,200.63999938964844,195.82025146484375
2024-06-12,203.72000122070312,198.82626342773438
2024-06-13,201.94000244140625,197.0890350341797
2024-06-14,198.72999572753906,193.95614624023438
2024-06-17,200.39999389648438,195.5860137939453
2024-06-18,200.75,195.9276123046875
2024-06-20,199.89999389648438,195.0980224609375
2024-06-21,200.35000610351562,195.53721618652344
2024-06-24,201.22000122070312,196.38633728027344
2024-06-25,200.55999755859375,195.74215698242188
2024-06-26,200.02999877929688,195.22488403320312
2024-06-27,202.05999755859375,197.2061309814453
2024-06-28,202.88999938964844,198.01622009277344
2024-07-01,201.19000244140625,196.35702514648438
2024-07-02,201.8800048828125,197.03045654296875
2024-07-03,201.8300018310547,196.9816436767578
2024-07-05,200.8699951171875,196.04470825195312
2024-07-08,202.27999877929688,197.42083740234375
2024-07-09,201.39999389648438,196.56202697753906
2024-07-10,203.3699951171875,198.48464965820312
2024-07-11,210.67999267578125,205.6190643310547
2024-07-12,213.13999938964844,208.01998901367188
2024-07-15,217.19000244140625,211.97268676757812
2024-07-16,224.60000610351562,219.20469665527344
2024-07-17,222.25,216.91116333007812
2024-07-18,217.9499969482422,212.71441650390625
2024-07-19,216.83999633789062,211.63108825683594
2024-07-22,220.2899932861328,214.99819946289062
2024-07-23,222.6300048828125,217.28201293945312
2024-07-24,217.85000610351562,212.61685180664062
2024-07-25,220.57000732421875,215.27149963378906
2024-07-26,224.22000122070312,218.8338165283203
2024-07-29,221.72999572753906,216.4036102294922
2024-07-30,222.57000732421875,217.22344970703125
2024-07-31,223.86000061035156,218.4824676513672
2024-08-01,216.5800018310547,211.37734985351562
2024-08-02,208.9199981689453,203.90135192871094
2024-08-05,202.1999969482422,197.3427734375
2024-08-06,204.39999389648438,199.4899444580078
2024-08-07,201.97999572753906,197.12808227539062
2024-08-08,206.88999938964844,201.92013549804688
2024-08-09,206.4600067138672,201.50045776367188
2024-08-12,204.60000610351562,199.6851348876953
2024-08-13,207.97000122070312,202.9741668701172
2024-08-14,206.67999267578125,201.71514892578125
2024-08-15,212.0399932861328,206.94638061523438
2024-08-16,212.60000610351562,207.4929656982422
2024-08-19,215.1999969482422,210.03050231933594
2024-08-20,212.69000244140625,207.5807647705078
2024-08-21,215.4600067138672,210.28424072265625
2024-08-22,213.55999755859375,208.42991638183594
2024-08-23,220.3800048828125,215.08607482910156
2024-08-26,220.4499969482422,215.15438842773438
2024-08-27,218.74000549316406,213.48544311523438
2024-08-28,217.25999450683594,212.04098510742188
2024-08-29,218.80999755859375,213.55377197265625
2024-08-30,220.0800018310547,214.7932586669922
2024-09-03,213.35000610351562,208.22491455078125
2024-09-04,212.99000549316406,207.8735809326172
2024-09-05,211.92999267578125,206.83905029296875
2024-09-06,207.89999389648438,202.90585327148438
2024-09-09,208.47999572753906,203.47190856933594
2024-09-10,208.30999755859375,203.30599975585938
2024-09-11,208.9199981689453,203.90135192871094
2024-09-12,211.61000061035156,206.5267333984375
2024-09-13,216.8300018310547,211.621337890625
2024-09-16,217.61000061035156,212.38262939453125
2024-09-17,219.41000366210938,214.13937377929688
2024-09-18,219.4499969482422,214.17840576171875
2024-09-19,223.97000122070312,218.58982849121094
2024-09-20,221.57000732421875,216.24749755859375
2024-09-23,220.75999450683594,215.4569091796875
2024-09-24,221.1300048828125,215.8180694580078
2024-09-25,217.69000244140625,213.18565368652344
2024-09-26,218.85000610351562,214.32167053222656
2024-09-27,220.3300018310547,215.7710418701172
2024-09-30,220.88999938964844,216.31947326660156
2024-10-01,217.88999938964844,213.3815155029297
2024-10-02,217.58999633789062,213.08775329589844
2024-10-03,216.1300048828125,211.657958984375
2024-10-04,219.14999389648438,214.61546325683594
2024-10-07,217.42999267578125,212.93106079101562
2024-10-08,217.5800018310547,213.0779571533203
2024-10-09,218.05999755859375,213.5480194091797
2024-10-10,216.85000610351562,212.36302185058594
2024-10-11,221.25999450683594,216.68182373046875
2024-10-14,222.88999938964844,218.27804565429688
2024-10-15,223.07000732421875,218.454345703125
2024-10-16,226.74000549316406,222.0484161376953
2024-10-17,226.1199951171875,221.44122314453125
2024-10-18,225.64999389648438,220.98092651367188
2024-10-21,222.10000610351562,217.50442504882812
2024-10-22,221.25999450683594,216.68182373046875
2024-10-23,219.24000549316406,214.70361328125
2024-10-24,219.72000122070312,215.1736602783203
2024-10-25,218.88999938964844,214.36083984375
2024-10-28,222.4600067138672,217.8569793701172
2024-10-29,221.74000549316406,217.15188598632812
2024-10-30,221.44000244140625,216.8580780029297
2024-10-31,217.75999450683594,213.25421142578125
2024-11-01,218.97999572753906,214.448974609375
2024-11-04,220.08999633789062,215.5360107421875
2024-11-05,224.22999572753906,219.59034729003906
2024-11-06,237.22000122070312,232.31155395507812
2024-11-07,236.3800048828125,231.48892211914062
2024-11-08,238.1199951171875,233.19293212890625
2024-11-11,241.6999969482422,236.69882202148438
2024-11-12,237.4600067138672,232.54661560058594
2024-11-13,235.11000061035156,230.2452392578125
2024-11-14,231.94000244140625,227.14080810546875
2024-11-15,228.47999572753906,223.75238037109375
2024-11-18,228.92999267578125,224.19309997558594
2024-11-19,230.6300048828125,225.85792541503906
2024-11-20,230.92999267578125,226.15170288085938
2024-11-21,234.44000244140625,229.58908081054688
2024-11-22,238.77000427246094,233.82949829101562
2024-11-25,242.39999389648438,237.3843536376953
2024-11-26,240.6199951171875,235.64120483398438
2024-11-27,240.9499969482422,235.96438598632812
2024-11-29,241.8699951171875,236.86532592773438
2024-12-02,241.75,236.74783325195312
2024-12-03,240.02999877929688,235.06341552734375
2024-12-04,240.88999938964844,235.90562438964844
2024-12-05,238.0800018310547,233.15379333496094
2024-12-06,238.92999267578125,233.98617553710938
2024-12-09,237.72999572753906,232.81100463867188
2024-12-10,236.6999969482422,231.8023223876953
2024-12-11,237.77000427246094,232.85015869140625
2024-12-12,234.67999267578125,229.82411193847656
2024-12-13,233.07000732421875,228.24745178222656
2024-12-16,234.44000244140625,229.58908081054688
2024-12-17,231.07000732421875,226.96066284179688
2024-12-18,220.83999633789062,216.91261291503906
2024-12-19,219.86000061035156,215.95004272460938
2024-12-20,221.9199981689453,217.97341918945312
2024-12-23,221.41000366210938,217.47247314453125
2024-12-24,223.38999938964844,219.41725158691406
2024-12-26,225.67999267578125,221.66651916503906
2024-12-27,222.38999938964844,218.43505859375
2024-12-30,220.67999267578125,216.7554473876953
2024-12-31,220.9600067138672,217.03048706054688
2025-01-02,221.13999938964844,217.207275390625
2025-01-03,224.42999267578125,220.43878173828125
2025-01-06,224.52000427246094,220.52716064453125
2025-01-07,222.72000122070312,218.75918579101562
2025-01-08,221.7100067138672,217.76715087890625
2025-01-10,216.8300018310547,212.97390747070312
2025-01-13,217.25,213.38645935058594
2025-01-14,219.72000122070312,215.8125457763672
2025-01-15,224.0399932861328,220.05567932128906
2025-01-16,224.49000549316406,220.49769592285156
2025-01-17,225.4600067138672,221.450439453125
2025-01-21,229.7899932861328,225.70343017578125
2025-01-22,228.2899932861328,224.23011779785156
2025-01-23,229.3300018310547,225.25161743164062
2025-01-24,228.69000244140625,224.6230010986328
2025-01-27,226.5,222.47195434570312
2025-01-28,226.75,222.71749877929688
2025-01-29,226.22999572753906,222.2067413330078
2025-01-30,228.52999877929688,224.46585083007812
2025-01-31,226.47999572753906,222.4523162841797
2025-02-03,223.8300018310547,219.84942626953125
2025-02-04,226.92999267578125,222.89430236816406
2025-02-05,229.39999389648438,225.32037353515625
2025-02-06,228.64999389648438,224.58372497558594
2025-02-07,226.0,221.9808349609375
2025-02-10,227.02000427246094,222.98269653320312
2025-02-11,225.6999969482422,221.68617248535156
2025-02-12,223.6199951171875,219.6431884765625
2025-02-13,226.13999938964844,222.11834716796875
2025-02-14,225.97000122070312,221.95140075683594
2025-02-18,227.2100067138672,223.16932678222656
2025-02-19,226.42999267578125,222.40316772460938
2025-02-20,224.25999450683594,220.27178955078125
2025-02-21,217.8000030517578,213.9266815185547
2025-02-24,216.22999572753906,212.38458251953125
2025-02-25,215.41000366210938,211.57916259765625
2025-02-26,215.67999267578125,211.8443603515625
2025-02-27,212.38999938964844,208.6128692626953
2025-02-28,214.64999389648438,210.83270263671875
2025-03-03,208.77999877929688,205.06707763671875
2025-03-04,206.4199981689453,202.7490692138672
2025-03-05,208.47000122070312,204.76258850097656
2025-03-06,205.27999877929688,201.62933349609375
2025-03-07,205.9499969482422,202.2873992919922
2025-03-10,200.77000427246094,197.1995391845703
2025-03-11,200.75,197.1798553466797
2025-03-12,201.10000610351562,197.52366638183594
2025-03-13,198.10000610351562,194.57704162597656
2025-03-14,202.88999938964844,199.28184509277344
2025-03-17,205.4499969482422,201.79629516601562
2025-03-18,203.2100067138672,200.04403686523438
2025-03-19,206.3699951171875,203.15478515625
2025-03-20,205.05999755859375,201.86520385742188
2025-03-21,203.7899932861328,200.61497497558594
2025-03-24,208.86000061035156,205.6060028076172
2025-03-25,207.6999969482422,204.46408081054688
2025-03-26,205.58999633789062,202.386962890625
2025-03-27,204.61000061035156,201.42221069335938
2025-03-28,200.4499969482422,197.3270263671875
2025-03-31,199.49000549316406,196.3820037841797
2025-04-01,199.50999450683594,196.40167236328125
2025-04-02,202.66000366210938,199.5026092529297
2025-04-03,189.64999389648438,186.69528198242188
2025-04-04,181.19000244140625,178.36708068847656
2025-04-07,179.5500030517578,176.75265502929688
2025-04-08,174.82000732421875,172.09637451171875
2025-04-09,189.67999267578125,186.72482299804688
2025-04-10,181.7100067138672,178.87901306152344
2025-04-11,184.36000061035156,181.4877166748047
2025-04-14,186.52999877929688,183.62391662597656
2025-04-15,186.75999450683594,183.85032653808594
2025-04-16,184.97000122070312,182.0882110595703
2025-04-17,186.47999572753906,183.57467651367188
2025-04-21,182.74000549316406,179.89297485351562
2025-04-22,187.47000122070312,184.54925537109375
2025-04-23,190.25,187.28594970703125
2025-04-24,194.05999755859375,191.0365753173828
2025-04-25,194.1199951171875,191.09564208984375
2025-04-28,194.94000244140625,191.9028778076172
2025-04-29,196.08999633789062,193.03494262695312
2025-04-30,194.86000061035156,191.82412719726562
2025-05-01,196.07000732421875,193.01528930664062
2025-05-02,200.47999572753906,197.35655212402344
2025-05-05,198.94000244140625,195.84056091308594
2025-05-06,196.77000427246094,193.7043914794922
2025-05-07,197.4199981689453,194.34423828125
2025-05-08,201.17999267578125,198.045654296875
2025-05-09,200.80999755859375,197.68141174316406
2025-05-12,207.8699951171875,204.63143920898438
2025-05-13,208.6300048828125,205.37960815429688
2025-05-14,206.77999877929688,203.55841064453125
2025-05-15,208.1300048828125,204.88739013671875
2025-05-16,209.85000610351562,206.58059692382812
2025-05-19,208.97000122070312,205.7142791748047
2025-05-20,209.0800018310547,205.82260131835938
2025-05-21,203.2100067138672,200.04403686523438
2025-05-22,203.1999969482422,200.03419494628906
2025-05-23,202.55999755859375,199.40415954589844
2025-05-27,207.6999969482422,204.46408081054688
2025-05-28,205.50999450683594,202.3081817626953
2025-05-29,206.1199951171875,202.90869140625
2025-05-30,205.07000732421875,201.87506103515625
2025-06-02,205.7100067138672,202.50509643554688
2025-06-03,209.02999877929688,205.7733612060547
2025-06-04,208.44000244140625,205.1925506591797
2025-06-05,208.52999877929688,205.28115844726562
2025-06-06,211.89999389648438,208.5986328125
2025-06-09,213.36000061035156,210.035888671875
2025-06-10,214.50999450683594,211.16796875
2025-06-11,213.6300048828125,210.3016815185547
2025-06-12,212.77999877929688,209.46493530273438
2025-06-13,208.88999938964844,205.63555908203125
2025-06-16,210.77000427246094,208.05996704101562
2025-06-17,208.5500030517578,205.86849975585938
2025-06-18,209.64999389648438,206.95436096191406
2025-06-20,209.2100067138672,206.52003479003906
2025-06-23,211.77000427246094,209.047119140625
2025-06-24,214.47000122070312,211.71238708496094
2025-06-25,211.97000122070312,209.24453735351562
2025-06-26,215.41000366210938,212.6403045654297
2025-06-27,215.47999572753906,212.7093963623047
2025-06-30,215.7899932861328,213.0154266357422
2025-07-01,218.00999450683594,215.20687866210938
2025-07-02,221.02999877929688,218.18804931640625
2025-07-03,223.0800018310547,220.21168518066406
2025-07-07,219.72999572753906,216.90475463867188
2025-07-08,221.25,218.40521240234375
2025-07-09,223.64999389648438,220.7743377685547
2025-07-10,224.8000030517578,221.90956115722656
2025-07-11,221.6999969482422,218.8494110107422
2025-07-14,223.19000244140625,220.3202667236328
2025-07-15,218.82000732421875,216.00645446777344
2025-07-16,221.02000427246094,218.1781768798828
2025-07-17,223.9199981689453,221.04087829589844
2025-07-18,222.3300018310547,219.47132873535156
2025-07-21,221.42999267578125,218.5828857421875
2025-07-22,223.27000427246094,220.3992462158203
2025-07-23,226.67999267578125,223.76536560058594
2025-07-24,223.5500030517578,220.67564392089844
2025-07-25,224.3800048828125,221.49496459960938
2025-07-28,224.1199951171875,221.23831176757812
2025-07-29,222.69000244140625,219.8267059326172
2025-07-30,221.55999755859375,218.7112274169922
2025-07-31,219.38999938964844,216.5691375732422
2025-08-01,214.9199981689453,212.15658569335938
2025-08-04,219.72999572753906,216.90475463867188
2025-08-05,220.85000610351562,218.01036071777344
2025-08-06,220.55999755859375,217.7240753173828
2025-08-07,219.83999633789062,217.01333618164062
2025-08-08,220.32000732421875,217.48716735839844
2025-08-11,220.27000427246094,217.4378204345703
2025-08-12,226.80999755859375,223.8937225341797
2025-08-13,231.22000122070312,228.2470245361328
2025-08-14,228.24000549316406,225.3053436279297
2025-08-15,227.1300048828125,224.20962524414062
2025-08-18,227.9600067138672,225.02894592285156
2025-08-19,226.2100067138672,223.3014373779297
2025-08-20,225.41000366210938,222.51171875
2025-08-21,225.97000122070312,223.0645294189453
2025-08-22,234.8300018310547,231.81060791015625
2025-08-25,232.36000061035156,229.37237548828125
2025-08-26,234.27999877929688,231.26766967773438
2025-08-27,235.94000244140625,232.9063262939453
2025-08-28,236.22000122070312,233.18272399902344
2025-08-29,235.1699981689453,232.14622497558594
2025-09-02,233.89999389648438,230.89254760742188
2025-09-03,233.6699981689453,230.66551208496094
2025-09-04,236.58999633789062,233.54795837402344
2025-09-05,237.77000427246094,234.7128143310547
2025-09-08,238.25,235.18663024902344
2025-09-09,236.85000610351562,233.8046417236328
2025-09-10,236.42999267578125,233.3900146484375
2025-09-11,240.8000030517578,237.703857421875
2025-09-12,238.33999633789062,235.2754669189453
2025-09-15,239.35000610351562,236.27249145507812
2025-09-16,238.27999877929688,235.88343811035156
2025-09-17,238.88999938964844,236.48728942871094
2025-09-18,244.83999633789062,242.37744140625
2025-09-19,242.97999572753906,240.53614807128906
2025-09-22,244.38999938964844,241.93197631835938
2025-09-23,243.83999633789062,241.3875274658203
2025-09-24,241.60000610351562,239.1700439453125
2025-09-25,239.2899932861328,236.88328552246094
2025-09-26,241.33999633789062,238.91265869140625
2025-09-29,241.6199951171875,239.18983459472656
2025-09-30,241.9600067138672,239.52642822265625
2025-10-01,242.49000549316406,240.0511016845703
2025-10-02,244.02000427246094,241.56570434570312
2025-10-03,245.8300018310547,243.3574981689453
2025-10-06,246.80999755859375,244.32763671875
2025-10-07,244.16000366210938,241.7042999267578
2025-10-08,246.72000122070312,244.238525390625
2025-10-09,245.1300048828125,242.66455078125
2025-10-10,237.7899932861328,235.39834594726562
2025-10-13,244.41000366210938,241.95179748535156
2025-10-14,247.89999389648438,245.40667724609375
2025-10-15,250.3300018310547,247.81224060058594
2025-10-16,245.05999755859375,242.59523010253906
2025-10-17,243.41000366210938,240.9618377685547
2025-10-20,248.16000366210938,245.6640625
2025-10-21,246.99000549316406,244.50582885742188
2025-10-22,243.33999633789062,240.8925323486328
2025-10-23,246.4199981689453,243.94155883789062
2025-10-24,249.42999267578125,246.92127990722656
2025-10-27,250.3000030517578,247.78253173828125
2025-10-28,248.9600067138672,246.45602416992188
2025-10-29,246.83999633789062,244.3573455810547
2025-10-30,244.85000610351562,242.3873748779297
2025-10-31,246.22999572753906,243.7534637451172
2025-11-03,245.44000244140625,242.97142028808594
2025-11-04,241.1999969482422,238.77406311035156
2025-11-05,244.67999267578125,242.21905517578125
2025-11-06,240.35000610351562,237.9326171875
2025-11-07,241.61000061035156,239.17996215820312
2025-11-10,244.02999877929688,241.5756072998047
2025-11-11,244.24000549316406,241.7834930419922
2025-11-12,243.63999938964844,241.1895294189453
2025-11-13,236.7899932861328,234.40841674804688
2025-11-14,237.47999572753906,235.0914764404297
2025-11-17,232.75999450683594,230.4189453125
2025-11-18,233.47000122070312,231.12181091308594
2025-11-19,233.42999267578125,231.08221435546875
2025-11-20,229.11000061035156,226.80567932128906
2025-11-21,235.60000610351562,233.23040771484375
2025-11-24,239.89999389648438,237.4871368408203
2025-11-25,245.1300048828125,242.66455078125
2025-11-26,247.3000030517578,244.81271362304688
2025-11-28,248.75,246.24813842773438
2025-12-01,245.6199951171875,243.1496124267578
2025-12-02,245.1699981689453,242.7041473388672
2025-12-03,249.6300048828125,247.11927795410156
2025-12-04,251.82000732421875,249.28726196289062
2025-12-05,250.77000427246094,248.24783325195312
2025-12-08,250.8699951171875,248.3468017578125
2025-12-09,251.38999938964844,248.861572265625
2025-12-10,254.80999755859375,252.24717712402344
2025-12-11,257.79998779296875,255.20709228515625
2025-12-12,253.85000610351562,251.29684448242188
2025-12-15,251.92999267578125,249.39614868164062
2025-12-16,249.89999389648438,248.2161407470703
2025-12-17,247.24000549316406,245.57406616210938
2025-12-18,248.7100067138672,247.03419494628906
2025-12-19,250.7899932861328,249.1001434326172
2025-12-22,253.5800018310547,251.87135314941406
2025-12-23,252.0800018310547,250.3814697265625
2025-12-24,252.7100067138672,251.00721740722656
2025-12-26,251.4199981689453,249.7259063720703
2025-12-29,249.8800048828125,248.19630432128906
2025-12-30,248.02999877929688,246.3587646484375
2025-12-31,246.16000366210938,244.50135803222656
2026-01-02,248.77999877929688,247.1037139892578
2026-01-05,252.72999572753906,251.02706909179688
2026-01-06,256.0799865722656,254.3544921875
2026-01-07,255.47999572753906,253.75856018066406
2026-01-08,258.2699890136719,256.5297546386719
2026-01-09,260.2300109863281,258.4765625
2026-01-12,261.5,259.7380065917969
2026-01-13,261.3500061035156,259.5889892578125
2026-01-14,263.19000244140625,261.4165954589844
2026-01-15,265.510009765625,263.7209777832031
2026-01-16,265.760009765625,263.96929931640625
2026-01-20,262.5799865722656,260.8106689453125
2026-01-21,267.7900085449219,265.9856262207031
2026-01-22,269.7900085449219,267.9721374511719
2026-01-23,264.80999755859375,263.02569580078125
2026-01-26,263.9800109863281,262.2012939453125
2026-01-27,264.7300109863281,262.9462585449219
2026-01-28,263.29998779296875,261.52587890625
2026-01-29,263.3699951171875,261.59539794921875
2026-01-30,259.6499938964844,257.9004211425781
2026-02-02,262.17999267578125,260.41339111328125
2026-02-03,262.7799987792969,261.0093688964844
2026-02-04,260.5199890136719,258.76458740234375
2026-02-05,255.8300018310547,254.10618591308594
2026-02-06,265.0199890136719,263.2342529296875
2026-02-09,266.8800048828125,265.08172607421875
2026-02-10,266.1600036621094,264.3666076660156
2026-02-11,264.95001220703125,263.1647644042969
2026-02-12,259.5400085449219,257.7912292480469
2026-02-13,262.9599914550781,261.1881408691406
2026-02-17,263.0400085449219,261.26763916015625
2026-02-18,263.989990234375,262.2112121582031
2026-02-19,264.6000061035156,262.8171081542969
2026-02-20,264.6099853515625,262.8270263671875
2026-02-23,260.489990234375,258.73480224609375
2026-02-24,263.3299865722656,261.5556335449219
2026-02-25,264.5799865722656,262.7972106933594
2026-02-26,265.989990234375,264.1977233886719
2026-02-27,261.4100036621094,259.6485900878906
2026-03-02,263.80999755859375,262.03240966796875
2026-03-03,259.239990234375,257.4931945800781
2026-03-04,261.760009765625,259.9962463378906
2026-03-05,256.760009765625,255.02993774414062
2026-03-06,250.88999938964844,249.19947814941406
2026-03-09,253.6199951171875,251.9110870361328
2026-03-10,253.36000061035156,251.65284729003906
2026-03-11,252.85000610351562,251.1462860107422
2026-03-12,247.41000366210938,245.74293518066406
2026-03-13,246.58999633789062,244.92845153808594
2026-03-16,248.9199981689453,247.2427520751953
2026-03-17,250.0500030517578,248.80694580078125
2026-03-18,246.02000427246094,244.79698181152344
2026-03-19,247.6300048828125,246.39898681640625
2026-03-20,242.22000122070312,241.01588439941406
2026-03-23,247.4499969482422,246.21987915039062
2026-03-24,248.77999877929688,247.5432586669922
2026-03-25,251.82000732421875,250.5681610107422
2026-03-26,247.44000244140625,246.2099151611328
2026-03-27,243.10000610351562,241.89149475097656
2026-03-30,239.61000061035156,238.41883850097656
2026-03-31,248.0,246.7671356201172
2026-04-01,249.55999755859375,248.31936645507812
2026-04-02,251.2899932861328,250.040771484375
2026-04-06,252.36000061035156,251.10545349121094
2026-04-07,252.91000366210938,251.65274047851562
2026-04-08,260.4700012207031,259.1751403808594
2026-04-09,261.9599914550781,260.65771484375
2026-04-10,261.29998779296875,260.0010070800781
2026-04-13,265.07000732421875,263.7522888183594
2026-04-14,268.7200012207031,267.3841247558594
2026-04-15,269.3900146484375,268.0508117675781
2026-04-16,269.95001220703125,268.6080322265625
2026-04-17,275.7799987792969,274.4090576171875
2026-04-20,277.3500061035156,275.97125244140625
2026-04-21,274.510009765625,273.1453552246094
2026-04-22,276.4800109863281,275.1055603027344
2026-04-23,275.5199890136719,274.15032958984375
2026-04-24,276.6499938964844,275.2746887207031
2026-04-27,277.1400146484375,275.7622985839844
2026-04-28,273.9100036621094,272.54833984375
2026-04-29,272.0799865722656,270.7274169921875
2026-04-30,277.9700012207031,276.5881652832031
2026-05-01,279.2799987792969,277.8916320800781
2026-05-04,277.8800048828125,276.49859619140625
2026-05-05,282.55999755859375,281.15533447265625
2026-05-06,286.79998779296875,285.3742370605469
2026-05-07,282.260009765625,280.8568115234375
2026-05-08,284.1700134277344,282.75732421875
2026-05-11,285.3299865722656,283.9115295410156
2026-05-12,282.57000732421875,281.165283203125
2026-05-13,282.6700134277344,281.2647705078125
2026-05-14,284.45001220703125,283.03594970703125
2026-05-15,277.6000061035156,276.2200012207031
2026-05-18,275.9700012207031,274.59808349609375
2026-05-19,273.0,271.6428527832031
2026-05-20,279.8699951171875,278.47869873046875
2026-05-21,282.489990234375,281.0856628417969
2026-05-22,285.1199951171875,283.70257568359375
2026-05-26,290.510009765625,289.0658264160156
2026-05-27,290.3699951171875,288.9264831542969
2026-05-28,292.0299987792969,290.5782775878906
2026-05-29,290.42999267578125,288.9862060546875
2026-06-01,288.9800109863281,287.5434265136719
2026-06-02,291.6600036621094,290.2100830078125
2026-06-03,287.6700134277344,286.2399597167969
2026-06-04,292.010009765625,290.558349609375
2026-06-05,281.6499938964844,280.2498474121094
2026-06-08,284.1099853515625,282.6976318359375
2026-06-09,285.0199890136719,283.60308837890625
2026-06-10,282.04998779296875,280.6478271484375
2026-06-11,290.4100036621094,288.96630859375
2026-06-12,292.95001220703125,291.4936828613281
2026-06-15,294.6400146484375,293.87249755859375
2026-06-16,292.0799865722656,291.3191223144531
2026-06-17,289.8800048828125,289.1248779296875
2026-06-18,295.5899963378906,294.82000732421875
2026-06-22,298.17999267578125,297.40325927734375
2026-06-23,295.32000732421875,294.55072021484375
2026-06-24,296.69000244140625,295.9171447753906
2026-06-25,298.9100036621094,298.13134765625
2026-06-26,299.8299865722656,299.0489501953125
2026-06-29,298.9700012207031,298.1911926269531
2026-06-30,300.45001220703125,299.6673583984375
2026-07-01,299.32000732421875,298.540283203125
2026-07-02,297.5799865722656,296.8048095703125
2026-07-06,298.8999938964844,298.1213684082031
2026-07-07,296.19000244140625,295.4184265136719
2026-07-08,293.4800109863281,292.71551513671875
2026-07-09,297.239990234375,296.4656982421875
2026-07-10,295.989990234375,295.21893310546875
2026-07-13,293.4800109863281,292.71551513671875
2026-07-14,294.510009765625,293.7428283691406
2026-07-15,295.7699890136719,294.99951171875
2026-07-16,295.5899963378906,294.82000732421875
2026-07-17,294.0400085449219,293.2740478515625
2026-07-20,292.30999755859375,291.5485534667969
2026-07-21,296.5400085449219,295.7675476074219
2026-07-22,293.7900085449219,293.0246887207031
2026-07-23,292.0899963378906,291.3291015625
2026-07-24,291.1700134277344,290.4115295410156
2026-07-27,292.9100036621094,292.14697265625
2026-07-28,293.3699951171875,292.60577392578125
2026-07-29,288.57000732421875,287.81829833984375
2026-07-30,292.5899963378906,291.82781982421875
2026-07-31,291.20001220703125,290.4414367675781
2026-08-03,296.2200012207031,295.4483642578125
2026-08-04,301.7099914550781,300.9240417480469
2026-08-05,299.7699890136719,298.9891052246094
2026-08-06,298.25,297.47308349609375
2026-08-07,301.55999755859375,300.7744445800781
2026-08-10,299.9800109863281,299.1985778808594
2026-08-11,300.989990234375,300.2059326171875
2026-08-12,302.7099914550781,301.92144775390625
2026-08-13,303.5,302.7093811035156
2026-08-14,305.0899963378906,304.2952575683594
2026-08-17,304.05999755859375,303.2679443359375
2026-08-18,300.2300109863281,299.44793701171875
2026-08-19,301.7200012207031,300.93402099609375
2026-08-20,297.6700134277344,296.89459228515625
2026-08-21,299.9599914550781,299.1786193847656
2026-08-24,297.9700012207031,297.19378662109375
2026-08-25,299.2300109863281,298.4505310058594
2026-08-26,298.92999267578125,298.15130615234375
2026-08-27,299.80999755859375,299.02899169921875
2026-08-28,295.75,294.9795837402344
2026-08-31,293.92999267578125,293.164306640625
2026-09-01,290.57000732421875,289.8130798339844
2026-09-02,294.010009765625,293.2441101074219
2026-09-03,295.19000244140625,294.4210510253906
2026-09-04,296.010009765625,295.2389221191406
2026-09-08,294.6700134277344,293.90240478515625
2026-09-09,290.6400146484375,289.8829040527344
2026-09-10,287.70001220703125,286.9505615234375
2026-09-11,288.8900146484375,288.1374816894531
2026-09-14,287.9100036621094,287.1600036621094
2026-09-15,285.1400146484375,285.1400146484375
2026-09-16,283.9200134277344,283.9200134277344
2026-09-17,285.42999267578125,285.42999267578125
2026-09-18,284.1000061035156,284.1000061035156
2026-09-21,285.5799865722656,285.5799865722656
2026-09-22,287.2099914550781,287.2099914550781
2026-09-23,281.9200134277344,281.9200134277344
2026-09-24,281.6600036621094,281.6600036621094
2026-09-25,281.9700012207031,281.9700012207031
2026-09-28,280.0199890136719,280.0199890136719
2026-09-29,279.010009765625,279.010009765625
2026-09-30,277.8900146484375,277.8900146484375
2026-10-01,279.0199890136719,279.0199890136719
2026-10-02,281.5199890136719,281.5199890136719
