date,close,adjclose
2007-12-04,143.6699981689453,38.34934997558594
2007-12-05,143.6999969482422,38.35736846923828
2007-12-06,143.33999633789062,38.26127243041992
2007-12-07,143.42999267578125,38.28532028198242
2007-12-10,144.1199951171875,38.46949005126953
2007-12-11,144.0,38.43743896484375
2007-12-12,143.63999938964844,38.34136199951172
2007-12-13,143.6699981689453,38.34934997558594
2007-12-14,143.6699981689453,38.34934997558594
2007-12-17,143.7899932861328,38.38138961791992
2007-12-18,144.17999267578125,38.485504150390625
2007-12-19,144.08999633789062,38.46147918701172
2007-12-20,144.02999877929688,38.445457458496094
2007-12-21,143.7899932861328,38.38138961791992
2007-12-24,143.61000061035156,38.33335494995117
2007-12-26,143.5500030517578,38.317325592041016
2007-12-27,143.5500030517578,38.317325592041016
2007-12-28,143.6699981689453,38.6335563659668
2007-12-31,143.61000061035156,38.617435455322266
2008-01-02,143.91000366210938,38.6981086730957
2008-01-03,142.64999389648438,38.35929870605469
2008-01-04,141.3000030517578,37.99628448486328
2008-01-07,142.11000061035156,38.21409225463867
2008-01-08,142.47000122070312,38.31087112426758
2008-01-09,141.08999633789062,37.939796447753906
2008-01-10,140.30999755859375,37.730037689208984
2008-01-11,139.74000549316406,37.5767822265625
2008-01-14,139.8000030517578,37.59291458129883
2008-01-15,139.13999938964844,37.41544723510742
2008-01-16,139.88999938964844,37.617103576660156
2008-01-17,137.6999969482422,37.02822494506836
2008-01-18,137.7899932861328,37.052398681640625
2008-01-22,137.97000122070312,37.10081100463867
2008-01-23,137.94000244140625,37.092735290527344
2008-01-24,137.63999938964844,37.012062072753906
2008-01-25,136.11000061035156,36.60066223144531
2008-01-28,137.22000122070312,36.89914321899414
2008-01-29,137.39999389648438,36.94755172729492
2008-01-30,139.8000030517578,37.59291458129883
2008-01-31,140.25,37.71391296386719
2008-02-01,140.07000732421875,37.9103889465332
2008-02-04,138.0,37.350128173828125
2008-02-05,137.61000061035156,37.244606018066406
2008-02-06,137.25,37.14712142944336
2008-02-07,136.32000732421875,36.895442962646484
2008-02-08,136.13999938964844,36.846736907958984
2008-02-11,135.69000244140625,36.724937438964844
2008-02-12,136.0500030517578,36.8223762512207
2008-02-13,135.89999389648438,36.78176498413086
2008-02-14,136.0500030517578,36.8223762512207
2008-02-15,135.4499969482422,36.65998840332031
2008-02-19,136.11000061035156,36.83863830566406
2008-02-20,135.89999389648438,36.78176498413086
2008-02-21,135.47999572753906,36.668087005615234
2008-02-22,135.57000732421875,36.69249725341797
2008-02-25,135.3000030517578,36.619380950927734
2008-02-26,135.57000732421875,36.69249725341797
2008-02-27,135.14999389648438,36.57879638671875
2008-02-28,135.1199951171875,36.57067108154297
2008-02-29,134.5500030517578,36.416419982910156
2008-03-03,134.3699951171875,36.61835479736328
2008-03-04,133.9499969482422,36.503868103027344
2008-03-05,134.1300048828125,36.55292892456055
2008-03-06,134.07000732421875,36.53657150268555
2008-03-07,133.67999267578125,36.43028259277344
2008-03-10,133.35000610351562,36.34036636352539
2008-03-11,133.5,36.381256103515625
2008-03-12,132.89999389648438,36.217742919921875
2008-03-13,132.0,35.972450256347656
2008-03-14,130.77000427246094,35.63729476928711
2008-03-17,130.1999969482422,35.481937408447266
2008-03-18,131.25,35.768062591552734
2008-03-19,130.9499969482422,35.68632125854492
2008-03-20,131.82000732421875,35.923404693603516
2008-03-24,132.77999877929688,36.18502426147461
2008-03-25,133.44000244140625,36.36488723754883
2008-03-26,133.55999755859375,36.397605895996094
2008-03-27,133.41000366210938,36.35675048828125
2008-03-28,134.25,36.58563232421875
2008-03-31,134.25,36.58563232421875
2008-04-01,133.44000244140625,36.66228485107422
2008-04-02,132.8699951171875,36.50566864013672
2008-04-03,133.32000732421875,36.62930679321289
2008-04-04,134.07000732421875,36.83537673950195
2008-04-07,134.3699951171875,36.91781997680664
2008-04-08,135.24000549316406,37.15684509277344
2008-04-09,134.97000122070312,37.08263397216797
2008-04-10,135.50999450683594,37.23102951049805
2008-04-11,134.7899932861328,37.03318405151367
2008-04-14,134.85000610351562,37.04967498779297
2008-04-15,134.94000244140625,37.07441711425781
2008-04-16,135.27000427246094,37.165069580078125
2008-04-17,135.75,37.296966552734375
2008-04-18,136.74000549316406,37.56894302368164
2008-04-21,136.67999267578125,37.552467346191406
2008-04-22,137.10000610351562,37.66786575317383
2008-04-23,137.5800018310547,37.79974365234375
2008-04-24,137.4600067138672,37.766788482666016
2008-04-25,137.39999389648438,37.75031661987305
2008-04-28,138.05999755859375,37.9316291809082
2008-04-29,138.14999389648438,37.95633316040039
2008-04-30,138.1199951171875,37.94810485839844
2008-05-01,139.02000427246094,38.47703170776367
2008-05-02,137.91000366210938,38.16981887817383
2008-05-05,138.3300018310547,38.28605651855469
2008-05-06,137.63999938964844,38.09508514404297
2008-05-07,137.75999450683594,38.1282958984375
2008-05-08,137.75999450683594,38.1282958984375
2008-05-09,137.27999877929688,37.995418548583984
2008-05-12,137.8800048828125,38.16151428222656
2008-05-13,137.39999389648438,38.02866744995117
2008-05-14,137.39999389648438,38.02866744995117
2008-05-15,137.8800048828125,38.16151428222656
2008-05-16,137.75999450683594,38.1282958984375
2008-05-19,138.5399932861328,38.34416198730469
2008-05-20,138.3300018310547,38.28605651855469
2008-05-21,138.4199981689453,38.310943603515625
2008-05-22,137.6699981689453,38.1033935546875
2008-05-23,135.89999389648438,37.61346435546875
2008-05-27,135.89999389648438,37.61346435546875
2008-05-28,135.66000366210938,37.54706954956055
2008-05-29,136.6199951171875,37.81275939941406
2008-05-30,137.63999938964844,38.09508514404297
2008-06-02,136.35000610351562,38.034000396728516
2008-06-03,135.75,37.86663055419922
2008-06-04,135.4499969482422,37.782955169677734
2008-06-05,136.22999572753906,38.000492095947266
2008-06-06,136.1999969482422,37.99213790893555
2008-06-09,136.0800018310547,37.95867156982422
2008-06-10,135.8699951171875,37.90008544921875
2008-06-11,135.83999633789062,37.8917350769043
2008-06-12,136.02000427246094,37.941917419433594
2008-06-13,135.50999450683594,37.799678802490234
2008-06-16,135.80999755859375,37.883365631103516
2008-06-17,135.9600067138672,37.92520523071289
2008-06-18,135.05999755859375,37.67415237426758
2008-06-19,134.61000061035156,37.548606872558594
2008-06-20,134.27999877929688,37.456565856933594
2008-06-23,133.86000061035156,37.33940505981445
2008-06-24,131.63999938964844,36.72015380859375
2008-06-25,131.6999969482422,36.73688507080078
2008-06-26,131.25,36.61137008666992
2008-06-27,131.6999969482422,36.73688507080078
2008-06-30,131.85000610351562,36.77873229980469
2008-07-01,130.64999389648438,36.73994445800781
2008-07-02,129.66000366210938,36.46154022216797
2008-07-03,130.13999938964844,36.59649658203125
2008-07-07,128.94000244140625,36.259071350097656
2008-07-08,129.77999877929688,36.49528121948242
2008-07-09,129.14999389648438,36.318119049072266
2008-07-10,130.11000061035156,36.588077545166016
2008-07-11,130.32000732421875,36.647132873535156
2008-07-14,129.80999755859375,36.50374984741211
2008-07-15,129.0,36.27593231201172
2008-07-16,127.83000183105469,35.946929931640625
2008-07-17,128.6999969482422,36.191566467285156
2008-07-18,128.6999969482422,36.191566467285156
2008-07-21,129.47999572753906,36.41093063354492
2008-07-22,130.0500030517578,36.571189880371094
2008-07-23,130.35000610351562,36.655555725097656
2008-07-24,130.25999450683594,36.630287170410156
2008-07-25,129.75,36.48685073852539
2008-07-28,129.83999633789062,36.51217269897461
2008-07-29,129.72000122070312,36.4784049987793
2008-07-30,129.69000244140625,36.46998596191406
2008-07-31,129.3300018310547,36.36873245239258
2008-08-01,128.49000549316406,36.42486572265625
2008-08-04,127.0199966430664,36.008140563964844
2008-08-05,128.10000610351562,36.314308166503906
2008-08-06,127.58999633789062,36.16971206665039
2008-08-07,127.29000091552734,36.084693908691406
2008-08-08,127.55999755859375,36.16120529174805
2008-08-11,126.98999786376953,35.9996337890625
2008-08-12,127.41000366210938,36.11869812011719
2008-08-13,127.41000366210938,36.11869812011719
2008-08-14,127.83000183105469,36.23777389526367
2008-08-15,127.91999816894531,36.263282775878906
2008-08-18,128.1300048828125,36.32281494140625
2008-08-19,128.00999450683594,36.28878402709961
2008-08-20,127.68000030517578,36.195247650146484
2008-08-21,127.80000305175781,36.22926330566406
2008-08-22,127.5,36.14422607421875
2008-08-25,127.7699966430664,36.22075271606445
2008-08-26,127.5,36.14422607421875
2008-08-27,127.44000244140625,36.1272087097168
2008-08-28,127.5,36.14422607421875
2008-08-29,128.00999450683594,36.28878402709961
2008-09-02,127.80000305175781,36.525455474853516
2008-09-03,127.55999755859375,36.456825256347656
2008-09-04,127.3499984741211,36.396812438964844
2008-09-05,126.02999877929688,36.01957702636719
2008-09-08,127.80000305175781,36.525455474853516
2008-09-09,127.5,36.43970489501953
2008-09-10,127.16999816894531,36.345367431640625
2008-09-11,126.54000091552734,36.165313720703125
2008-09-12,125.8499984741211,35.968101501464844
2008-09-15,122.30999755859375,34.95637130737305
2008-09-16,118.19999694824219,33.78173065185547
2008-09-17,115.68000030517578,33.06153106689453
2008-09-18,119.25,34.08183288574219
2008-09-19,122.91000366210938,35.127891540527344
2008-09-22,123.41999816894531,35.273643493652344
2008-09-23,123.4800033569336,35.2907829284668
2008-09-24,123.0,35.15359115600586
2008-09-25,120.41999816894531,34.416202545166016
2008-09-26,119.8499984741211,34.253326416015625
2008-09-29,114.69000244140625,32.77858352661133
2008-09-30,117.30000305175781,33.52451705932617
2008-10-01,117.12000274658203,33.77976608276367
2008-10-02,115.41000366210938,33.28658676147461
2008-10-03,112.80000305175781,32.5338134765625
2008-10-06,110.61000061035156,31.902156829833984
2008-10-07,105.62999725341797,30.465831756591797
2008-10-08,100.13999938964844,28.882381439208984
2008-10-09,100.91999816894531,29.10736846923828
2008-10-10,86.27999877929688,24.88490867614746
2008-10-13,96.0,27.688339233398438
2008-10-14,106.37999725341797,30.682132720947266
2008-10-15,104.30999755859375,30.085092544555664
2008-10-16,98.06999969482422,28.285367965698242
2008-10-17,96.75,27.904624938964844
2008-10-20,97.13999938964844,28.017141342163086
2008-10-21,96.66000366210938,27.878705978393555
2008-10-22,94.70999908447266,27.316267013549805
2008-10-23,95.55000305175781,27.558557510375977
2008-10-24,92.4000015258789,26.650028228759766
2008-10-27,94.44000244140625,27.23839569091797
2008-10-28,94.29000091552734,27.19513702392578
2008-10-29,94.41000366210938,27.229753494262695
2008-10-30,94.80000305175781,27.34222412109375
2008-10-31,94.05000305175781,27.125913619995117
2008-11-03,95.0999984741211,27.750078201293945
2008-11-04,94.94999694824219,27.706302642822266
2008-11-05,95.33999633789062,27.82009506225586
2008-11-06,95.8499984741211,27.968921661376953
2008-11-07,95.55000305175781,27.881418228149414
2008-11-10,94.94999694824219,27.706302642822266
2008-11-11,95.5199966430664,27.872634887695312
2008-11-12,93.80999755859375,27.373653411865234
2008-11-13,93.44999694824219,27.268606185913086
2008-11-14,92.4000015258789,26.962223052978516
2008-11-17,91.29000091552734,26.638322830200195
2008-11-18,88.5,25.824190139770508
2008-11-19,85.52999877929688,24.957576751708984
2008-11-20,82.5,24.073413848876953
2008-11-21,81.5999984741211,23.8107967376709
2008-11-24,83.33999633789062,24.31852912902832
2008-11-25,84.18000030517578,24.563627243041992
2008-11-26,86.48999786376953,25.237695693969727
2008-11-28,85.16999816894531,24.85251235961914
2008-12-01,83.4000015258789,24.661779403686523
2008-12-02,83.55000305175781,24.706140518188477
2008-12-03,83.55000305175781,24.706140518188477
2008-12-04,82.7699966430664,24.47547721862793
2008-12-05,82.83000183105469,24.493236541748047
2008-12-08,84.1500015258789,24.883546829223633
2008-12-09,83.37000274658203,24.65290641784668
2008-12-10,83.01000213623047,24.54646873474121
2008-12-11,82.0199966430664,24.253692626953125
2008-12-12,81.0,23.952089309692383
2008-12-15,81.41999816894531,24.0762996673584
2008-12-16,84.2699966430664,24.919050216674805
2008-12-17,83.66999816894531,24.74161720275879
2008-12-18,87.0,25.726314544677734
2008-12-19,86.69999694824219,25.63762092590332
2008-12-22,87.33000183105469,25.823890686035156
2008-12-23,87.87000274658203,25.983610153198242
2008-12-24,94.37999725341797,27.90862464904785
2008-12-26,95.58000183105469,28.26346778869629
2008-12-29,92.16000366210938,27.5732479095459
2008-12-30,92.87999725341797,27.788652420043945
2008-12-31,97.16999816894531,29.072175979614258
2009-01-02,95.66999816894531,28.623384475708008
2009-01-05,99.0,29.619680404663086
2009-01-06,101.01000213623047,30.221073150634766
2009-01-07,98.01000213623047,29.323490142822266
2009-01-08,96.75,28.94649314880371
2009-01-09,98.22000122070312,29.386322021484375
2009-01-12,97.9800033569336,29.314533233642578
2009-01-13,98.63999938964844,29.511991500854492
2009-01-14,93.9000015258789,28.093839645385742
2009-01-15,94.16999816894531,28.17460823059082
2009-01-16,96.87000274658203,28.9824275970459
2009-01-20,92.69999694824219,27.734798431396484
2009-01-21,94.05000305175781,28.138710021972656
2009-01-22,94.86000061035156,28.381031036376953
2009-01-23,94.13999938964844,28.16562271118164
2009-01-26,95.45999908447266,28.560575485229492
2009-01-27,95.33999633789062,28.5246639251709
2009-01-28,97.83000183105469,29.269622802734375
2009-01-29,96.0,28.72212028503418
2009-01-30,95.63999938964844,28.614431381225586
2009-02-02,92.76000213623047,28.066165924072266
2009-02-03,93.5999984741211,28.32029914855957
2009-02-04,93.18000030517578,28.1932373046875
2009-02-05,92.79000091552734,28.075239181518555
2009-02-06,94.44000244140625,28.574485778808594
2009-02-09,94.2300033569336,28.51094627380371
2009-02-10,93.41999816894531,28.265846252441406
2009-02-11,93.72000122070312,28.356632232666016
2009-02-12,93.2699966430664,28.22046661376953
2009-02-13,93.41999816894531,28.265846252441406
2009-02-17,90.30000305175781,27.321855545043945
2009-02-18,88.62000274658203,26.813533782958984
2009-02-19,89.16000366210938,26.976903915405273
2009-02-20,89.63999938964844,27.12216567993164
2009-02-23,85.58999633789062,25.896772384643555
2009-02-24,89.0999984741211,26.958776473999023
2009-02-25,86.69999694824219,26.232606887817383
2009-02-26,85.55999755859375,25.887680053710938
2009-02-27,84.93000030517578,25.697067260742188
2009-03-02,81.62999725341797,25.058847427368164
2009-03-03,81.62999725341797,25.058847427368164
2009-03-04,80.94000244140625,24.847023010253906
2009-03-05,78.83999633789062,24.20237159729004
2009-03-06,78.87000274658203,24.211572647094727
2009-03-09,77.55000305175781,23.80638885498047
2009-03-10,80.4000015258789,24.681255340576172
2009-03-11,81.98999786376953,25.169363021850586
2009-03-12,83.66999816894531,25.685070037841797
2009-03-13,84.38999938964844,25.906099319458008
2009-03-16,85.08000183105469,26.11794090270996
2009-03-17,85.70999908447266,26.31133460998535
2009-03-18,86.55000305175781,26.569189071655273
2009-03-19,86.27999877929688,26.486310958862305
2009-03-20,87.75,26.937562942504883
2009-03-23,88.9800033569336,27.315156936645508
2009-03-24,87.9000015258789,26.9836368560791
2009-03-25,88.5,27.167802810668945
2009-03-26,88.86000061035156,27.27831268310547
2009-03-27,89.19000244140625,27.379615783691406
2009-03-30,86.76000213623047,26.63365936279297
2009-03-31,88.31999969482422,27.112524032592773
2009-04-01,86.61000061035156,27.00218391418457
2009-04-02,88.9800033569336,27.74107551574707
2009-04-03,90.44999694824219,28.199384689331055
2009-04-06,89.91000366210938,28.031005859375
2009-04-07,89.69999694824219,27.96554946899414
2009-04-08,89.69999694824219,27.96554946899414
2009-04-09,91.26000213623047,28.451923370361328
2009-04-13,92.22000122070312,28.75119972229004
2009-04-14,91.5,28.526742935180664
2009-04-15,93.75,29.228199005126953
2009-04-16,96.2699966430664,30.013853073120117
2009-04-17,98.22000122070312,30.621789932250977
2009-04-20,93.62999725341797,29.190792083740234
2009-04-21,95.58000183105469,29.798725128173828
2009-04-22,95.55000305175781,29.78938102722168
2009-04-23,95.43000030517578,29.751976013183594
2009-04-24,96.23999786376953,30.0045166015625
2009-04-27,95.79000091552734,29.864208221435547
2009-04-28,96.12000274658203,29.967077255249023
2009-04-29,97.41000366210938,30.36924934387207
2009-04-30,99.33000183105469,30.967864990234375
2009-05-01,99.0,31.253868103027344
2009-05-04,98.69999694824219,31.159160614013672
2009-05-05,99.9000015258789,31.538022994995117
2009-05-06,100.5,31.727418899536133
2009-05-07,98.87999725341797,31.215991973876953
2009-05-08,100.26000213623047,31.651641845703125
2009-05-11,102.62999725341797,32.39984130859375
2009-05-12,102.33000183105469,32.30515670776367
2009-05-13,100.2300033569336,31.642194747924805
2009-05-14,100.80000305175781,31.8221492767334
2009-05-15,98.8499984741211,31.2065372467041
2009-05-18,100.62000274658203,31.765296936035156
2009-05-19,102.30000305175781,32.295692443847656
2009-05-20,103.13999938964844,32.56087112426758
2009-05-21,101.7300033569336,32.115760803222656
2009-05-22,103.94999694824219,32.81656265258789
2009-05-26,103.2300033569336,32.589271545410156
2009-05-27,103.2300033569336,32.589271545410156
2009-05-28,104.58000183105469,33.01546859741211
2009-05-29,105.0,33.148075103759766
2009-06-01,106.0199966430664,33.866783142089844
2009-06-02,105.20999908447266,33.608036041259766
2009-06-03,104.4000015258789,33.34932327270508
2009-06-04,104.76000213623047,33.46429443359375
2009-06-05,105.41999816894531,33.675106048583984
2009-06-08,105.5999984741211,33.73263168334961
2009-06-09,106.13999938964844,33.90512466430664
2009-06-10,106.5,34.02012634277344
2009-06-11,106.55999755859375,34.039302825927734
2009-06-12,106.83000183105469,34.12556838989258
2009-06-15,104.5199966430664,33.38762283325195
2009-06-16,104.69999694824219,33.445133209228516
2009-06-17,103.5,33.06181335449219
2009-06-18,104.66999816894531,33.435546875
2009-06-19,105.08999633789062,33.56974411010742
2009-06-22,103.73999786376953,33.13848876953125
2009-06-23,103.37999725341797,33.023475646972656
2009-06-24,104.0999984741211,33.253482818603516
2009-06-25,103.86000061035156,33.176815032958984
2009-06-26,104.5199966430664,33.38762283325195
2009-06-29,105.36000061035156,33.65596389770508
2009-06-30,105.56999969482422,33.72305679321289
2009-07-01,103.26000213623047,33.3653450012207
2009-07-02,101.91000366210938,32.92913818359375
2009-07-06,100.9800033569336,32.62865447998047
2009-07-07,100.83000183105469,32.58018112182617
2009-07-08,100.80000305175781,32.57046890258789
2009-07-09,102.0,32.958229064941406
2009-07-10,100.91999816894531,32.60926818847656
2009-07-13,101.37000274658203,32.75464630126953
2009-07-14,101.69999694824219,32.861289978027344
2009-07-15,103.5,33.442901611328125
2009-07-16,104.19000244140625,33.66584396362305
2009-07-17,104.66999816894531,33.82094955444336
2009-07-20,106.16999816894531,34.30562973022461
2009-07-21,106.16999816894531,34.30562973022461
2009-07-22,106.47000122070312,34.40257263183594
2009-07-23,107.0999984741211,34.606136322021484
2009-07-24,107.91000366210938,34.86785125732422
2009-07-27,108.30000305175781,34.9939079284668
2009-07-28,108.44999694824219,35.04233932495117
2009-07-29,108.77999877929688,35.148990631103516
2009-07-30,110.25,35.62397384643555
2009-07-31,111.23999786376953,35.943851470947266
2009-08-03,110.27999877929688,36.02913284301758
2009-08-04,109.37999725341797,35.735069274902344
2009-08-05,109.80000305175781,35.87229919433594
2009-08-06,108.95999908447266,35.59787368774414
2009-08-07,111.38999938964844,36.39175796508789
2009-08-10,110.7300033569336,36.17612838745117
2009-08-11,110.4000015258789,36.06834030151367
2009-08-12,110.4000015258789,36.06834030151367
2009-08-13,109.05000305175781,35.62727737426758
2009-08-14,109.6500015258789,35.82328414916992
2009-08-17,106.80000305175781,34.89216613769531
2009-08-18,108.2699966430664,35.37245559692383
2009-08-19,108.80999755859375,35.54884719848633
2009-08-20,108.93000030517578,35.58806228637695
2009-08-21,109.44000244140625,35.75468826293945
2009-08-24,108.9000015258789,35.578277587890625
2009-08-25,109.16999816894531,35.666465759277344
2009-08-26,109.41000366210938,35.744911193847656
2009-08-27,109.0199966430664,35.617469787597656
2009-08-28,109.80000305175781,35.87229919433594
2009-08-31,109.91999816894531,35.911495208740234
2009-09-01,108.23999786376953,35.745079040527344
2009-09-02,106.44000244140625,35.150630950927734
2009-09-03,106.80000305175781,35.2695198059082
2009-09-04,108.05999755859375,35.68564224243164
2009-09-08,109.3499984741211,36.111629486083984
2009-09-09,108.69000244140625,35.8936767578125
2009-09-10,110.55000305175781,36.50792694091797
2009-09-11,111.0,36.656532287597656
2009-09-14,111.33000183105469,36.76551055908203
2009-09-15,112.86000061035156,37.27079772949219
2009-09-16,114.23999786376953,37.72652816772461
2009-09-17,113.97000122070312,37.6373291015625
2009-09-18,114.12000274658203,37.686851501464844
2009-09-21,114.0,37.64726257324219
2009-09-22,114.54000091552734,37.8255615234375
2009-09-23,115.0199966430664,37.98406219482422
2009-09-24,113.69999694824219,37.54816818237305
2009-09-25,115.08000183105469,38.00389862060547
2009-09-28,115.68000030517578,38.2020378112793
2009-09-29,115.5,38.14260482788086
2009-09-30,115.47000122070312,38.13269805908203
2009-10-01,111.75,37.278053283691406
2009-10-02,111.87000274658203,37.31806945800781
2009-10-05,113.0999984741211,37.72836685180664
2009-10-06,113.33999633789062,37.808441162109375
2009-10-07,113.5199966430664,37.86851119995117
2009-10-08,113.69999694824219,37.92854690551758
2009-10-09,113.87999725341797,37.988590240478516
2009-10-12,114.08999633789062,38.058658599853516
2009-10-13,114.05999755859375,38.04862594604492
2009-10-14,114.66000366210938,38.248783111572266
2009-10-15,114.69000244140625,38.2587890625
2009-10-16,114.56999969482422,38.21879196166992
2009-10-19,115.26000213623047,38.44893264770508
2009-10-20,115.37999725341797,38.48896789550781
2009-10-21,115.7699966430664,38.619049072265625
2009-10-22,116.06999969482422,38.7191276550293
2009-10-23,115.9800033569336,38.68912887573242
2009-10-26,115.62000274658203,38.56901550292969
2009-10-27,115.11000061035156,38.39889144897461
2009-10-28,113.55000305175781,37.878517150878906
2009-10-29,114.56999969482422,38.21879196166992
2009-10-30,113.97000122070312,38.01860046386719
2009-11-02,113.25,38.158145904541016
2009-11-03,113.37000274658203,38.19853591918945
2009-11-04,113.16000366210938,38.12779235839844
2009-11-05,113.25,38.158145904541016
2009-11-06,113.63999938964844,38.289493560791016
2009-11-09,114.30000305175781,38.51189041137695
2009-11-10,113.97000122070312,38.40069580078125
2009-11-11,114.41999816894531,38.552310943603516
2009-11-12,113.94000244140625,38.39058303833008
2009-11-13,114.1500015258789,38.46133041381836
2009-11-16,114.20999908447266,38.48155212402344
2009-11-17,114.56999969482422,38.60287857055664
2009-11-18,114.44999694824219,38.56242752075195
2009-11-19,114.23999786376953,38.49169158935547
2009-11-20,114.18000030517578,38.471458435058594
2009-11-23,114.30000305175781,38.51189041137695
2009-11-24,114.1500015258789,38.46133041381836
2009-11-25,114.62999725341797,38.62309265136719
2009-11-27,114.0,38.41081619262695
2009-11-30,114.41999816894531,38.552310943603516
2009-12-01,113.76000213623047,38.688018798828125
2009-12-02,113.66999816894531,38.65742111206055
2009-12-03,114.20999908447266,38.84105682373047
2009-12-04,114.77999877929688,39.034908294677734
2009-12-07,114.93000030517578,39.085899353027344
2009-12-08,115.0199966430664,39.11653137207031
2009-12-09,115.37999725341797,39.23896789550781
2009-12-10,115.62000274658203,39.32056427001953
2009-12-11,115.86000061035156,39.402198791503906
2009-12-14,117.0,39.78988265991211
2009-12-15,116.76000213623047,39.7082405090332
2009-12-16,117.12000274658203,39.83067321777344
2009-12-17,116.5199966430664,39.62664794921875
2009-12-18,116.69999694824219,39.6878662109375
2009-12-21,117.0,39.78988265991211
2009-12-22,116.91000366210938,39.759281158447266
2009-12-23,117.23999786376953,39.87150573730469
2009-12-24,118.05000305175781,40.14698791503906
2009-12-28,117.56999969482422,39.98374938964844
2009-12-29,116.43000030517578,39.96519470214844
2009-12-30,116.7300033569336,40.06816482543945
2009-12-31,116.43000030517578,39.96519470214844
2010-01-04,117.95999908447266,40.490386962890625
2010-01-05,119.06999969482422,40.87138748168945
2010-01-06,119.45999908447266,41.0052490234375
2010-01-07,119.8499984741211,41.13911056518555
2010-01-08,120.30000305175781,41.29359817504883
2010-01-11,120.18000030517578,41.25239562988281
2010-01-12,119.87999725341797,41.149417877197266
2010-01-13,119.55000305175781,41.03614807128906
2010-01-14,119.81999969482422,41.128822326660156
2010-01-15,119.30999755859375,40.953773498535156
2010-01-19,119.61000061035156,41.05674743652344
2010-01-20,118.88999938964844,40.80958938598633
2010-01-21,116.97000122070312,40.15056610107422
2010-01-22,115.86000061035156,39.76955032348633
2010-01-25,116.66999816894531,40.04757308959961
2010-01-26,116.69999694824219,40.057865142822266
2010-01-27,117.05999755859375,40.18143844604492
2010-01-28,116.91000366210938,40.12995910644531
2010-01-29,116.63999938964844,40.03724670410156
2010-02-01,115.83000183105469,40.116249084472656
2010-02-02,116.06999969482422,40.199378967285156
2010-02-03,116.04000091552734,40.18894577026367
2010-02-04,113.79000091552734,39.40972900390625
2010-02-05,112.80000305175781,39.06681823730469
2010-02-08,113.0999984741211,39.170719146728516
2010-02-09,113.37000274658203,39.264244079589844
2010-02-10,111.72000122070312,38.69281768798828
2010-02-11,111.51000213623047,38.62006378173828
2010-02-12,111.80999755859375,38.723968505859375
2010-02-16,113.04000091552734,39.14997482299805
2010-02-17,113.91000366210938,39.45128631591797
2010-02-18,115.19999694824219,39.89805603027344
2010-02-19,115.94999694824219,40.15778350830078
2010-02-22,116.58000183105469,40.3759880065918
2010-02-23,115.52999877929688,40.012351989746094
2010-02-24,115.6500015258789,40.05389404296875
2010-02-25,116.16000366210938,40.23051834106445
2010-02-26,116.37000274658203,40.30327224731445
2010-03-01,115.6500015258789,40.39860916137695
2010-03-02,116.04000091552734,40.53486251831055
2010-03-03,116.79000091552734,40.79684829711914
2010-03-04,116.61000061035156,40.73394775390625
2010-03-05,117.4800033569336,41.037879943847656
2010-03-08,118.05000305175781,41.23698425292969
2010-03-09,118.29000091552734,41.320831298828125
2010-03-10,118.44000244140625,41.3731803894043
2010-03-11,118.37999725341797,41.35226058959961
2010-03-12,118.5,41.3941764831543
2010-03-15,118.05000305175781,41.23698425292969
2010-03-16,118.29000091552734,41.320831298828125
2010-03-17,118.26000213623047,41.31036376953125
2010-03-18,118.7699966430664,41.488487243652344
2010-03-19,118.29000091552734,41.320831298828125
2010-03-22,118.70999908447266,41.46754837036133
2010-03-23,118.68000030517578,41.45707702636719
2010-03-24,118.55999755859375,41.41514205932617
2010-03-25,119.12999725341797,41.614253997802734
2010-03-26,118.94999694824219,41.55138397216797
2010-03-29,119.30999755859375,41.67715072631836
2010-03-30,119.45999908447266,41.72950744628906
2010-03-31,119.37000274658203,41.698097229003906
2010-04-01,118.52999877929688,41.74668502807617
2010-04-05,117.93000030517578,41.535396575927734
2010-04-06,118.37999725341797,41.69386672973633
2010-04-07,118.5,41.73611831665039
2010-04-08,118.83000183105469,41.85236358642578
2010-04-09,119.06999969482422,41.9368782043457
2010-04-12,118.9800033569336,41.905174255371094
2010-04-13,119.37000274658203,42.04256820678711
2010-04-14,119.63999938964844,42.13762664794922
2010-04-15,120.2699966430664,42.359519958496094
2010-04-16,119.27999877929688,42.01085662841797
2010-04-19,118.7699966430664,41.831214904785156
2010-04-20,120.1500015258789,42.31727981567383
2010-04-21,120.23999786376953,42.348960876464844
2010-04-22,119.48999786376953,42.08481979370117
2010-04-23,120.38999938964844,42.40180587768555
2010-04-26,120.44999694824219,42.42292022705078
2010-04-27,119.0999984741211,41.94745635986328
2010-04-28,119.76000213623047,42.179901123046875
2010-04-29,120.33000183105469,42.38064956665039
2010-04-30,120.5999984741211,42.47576141357422
2010-05-03,119.76000213623047,42.510894775390625
2010-05-04,118.13999938964844,41.93584442138672
2010-05-05,116.27999877929688,41.27561950683594
2010-05-06,113.16000366210938,40.16812515258789
2010-05-07,114.05999755859375,40.487586975097656
2010-05-10,116.25,41.26498031616211
2010-05-11,115.58999633789062,41.03069305419922
2010-05-12,116.8499984741211,41.47795486450195
2010-05-13,116.30999755859375,41.286258697509766
2010-05-14,115.31999969482422,40.93485641479492
2010-05-17,115.5,40.998756408691406
2010-05-18,114.93000030517578,40.7963981628418
2010-05-19,113.76000213623047,40.3811149597168
2010-05-20,109.29000091552734,38.79438781738281
2010-05-21,112.70999908447266,40.008384704589844
2010-05-24,112.70999908447266,40.008384704589844
2010-05-25,112.5,39.93385696411133
2010-05-26,110.55000305175781,39.24165725708008
2010-05-27,112.58999633789062,39.96581268310547
2010-05-28,113.43000030517578,40.26395797729492
2010-06-01,111.5999984741211,39.952484130859375
2010-06-02,112.11000061035156,40.13507080078125
2010-06-03,112.05000305175781,40.11359405517578
2010-06-04,111.56999969482422,39.941776275634766
2010-06-07,110.87999725341797,39.694740295410156
2010-06-08,111.02999877929688,39.748416900634766
2010-06-09,111.51000213623047,39.92029571533203
2010-06-10,112.58999633789062,40.30693054199219
2010-06-11,112.13999938964844,40.145809173583984
2010-06-14,112.94999694824219,40.4357795715332
2010-06-15,114.08999633789062,40.84389877319336
2010-06-16,114.54000091552734,41.00501251220703
2010-06-17,115.26000213623047,41.26278305053711
2010-06-18,115.70999908447266,41.42387390136719
2010-06-21,116.12999725341797,41.574222564697266
2010-06-22,115.47000122070312,41.33793258666992
2010-06-23,114.83999633789062,41.1124382019043
2010-06-24,114.23999786376953,40.89761734008789
2010-06-25,115.2300033569336,41.25204849243164
2010-06-28,115.41000366210938,41.31644821166992
2010-06-29,114.05999755859375,40.833168029785156
2010-06-30,113.48999786376953,40.62911605834961
2010-07-01,113.25,40.886878967285156
2010-07-02,114.0,41.15766143798828
2010-07-06,114.54000091552734,41.352638244628906
2010-07-07,115.62000274658203,41.74253845214844
2010-07-08,116.25,41.969974517822266
2010-07-09,115.94999694824219,41.86166000366211
2010-07-12,115.80000305175781,41.8075065612793
2010-07-13,116.76000213623047,42.15414047241211
2010-07-14,116.27999877929688,41.980796813964844
2010-07-15,116.58000183105469,42.089111328125
2010-07-16,115.6500015258789,41.75336837768555
2010-07-19,116.19000244140625,41.94833755493164
2010-07-20,116.91000366210938,42.208255767822266
2010-07-21,116.87999725341797,42.19744873046875
2010-07-22,117.30000305175781,42.34903335571289
2010-07-23,117.93000030517578,42.57651138305664
2010-07-26,118.19999694824219,42.674007415771484
2010-07-27,118.31999969482422,42.71733474731445
2010-07-28,118.08000183105469,42.63068389892578
2010-07-29,118.26000213623047,42.69566345214844
2010-07-30,118.26000213623047,42.69566345214844
2010-08-02,118.08000183105469,42.97298812866211
2010-08-03,118.37999725341797,43.082157135009766
2010-08-04,118.11000061035156,42.98391342163086
2010-08-05,117.98999786376953,42.94021987915039
2010-08-06,117.93000030517578,42.91838073730469
2010-08-09,117.9000015258789,42.907508850097656
2010-08-10,117.83999633789062,42.885623931884766
2010-08-11,116.69999694824219,42.470741271972656
2010-08-12,116.01000213623047,42.21963882446289
2010-08-13,116.37000274658203,42.350669860839844
2010-08-16,116.97000122070312,42.56902313232422
2010-08-17,117.12000274658203,42.62361526489258
2010-08-18,117.18000030517578,42.64543533325195
2010-08-19,116.94000244140625,42.558109283447266
2010-08-20,117.30000305175781,42.68907165527344
2010-08-23,117.1500015258789,42.63453674316406
2010-08-24,116.48999786376953,42.39435577392578
2010-08-25,116.43000030517578,42.372493743896484
2010-08-26,115.83000183105469,42.15412902832031
2010-08-27,116.55000305175781,42.41618728637695
2010-08-30,116.43000030517578,42.372493743896484
2010-08-31,116.81999969482422,42.51441192626953
2010-09-01,116.8499984741211,42.85659408569336
2010-09-02,117.05999755859375,42.93362808227539
2010-09-03,117.0,42.911624908447266
2010-09-07,117.08999633789062,42.94464874267578
2010-09-08,117.1500015258789,42.96665954589844
2010-09-09,117.66000366210938,43.15370178222656
2010-09-10,117.80999755859375,43.20869064331055
2010-09-13,118.47000122070312,43.45079040527344
2010-09-14,118.5,43.4618034362793
2010-09-15,118.55999755859375,43.4837760925293
2010-09-16,118.94999694824219,43.626800537109375
2010-09-17,118.73999786376953,43.54979705810547
2010-09-20,119.12999725341797,43.692840576171875
2010-09-21,118.80000305175781,43.57179641723633
2010-09-22,118.5,43.4618034362793
2010-09-23,118.41000366210938,43.42876052856445
2010-09-24,118.9800033569336,43.6378288269043
2010-09-27,119.0999984741211,43.68183135986328
2010-09-28,119.33999633789062,43.76986312866211
2010-09-29,119.58000183105469,43.85786437988281
2010-09-30,120.02999877929688,44.022918701171875
2010-10-01,119.55000305175781,44.16254806518555
2010-10-04,119.25,44.05174255371094
2010-10-05,119.94000244140625,44.30666732788086
2010-10-06,119.81999969482422,44.26232147216797
2010-10-07,120.51000213623047,44.51717758178711
2010-10-08,120.69000244140625,44.58369445800781
2010-10-11,120.69000244140625,44.58369445800781
2010-10-12,120.56999969482422,44.53938293457031
2010-10-13,121.16999816894531,44.761016845703125
2010-10-14,120.38999938964844,44.472862243652344
2010-10-15,120.51000213623047,44.51717758178711
2010-10-18,120.95999908447266,44.68342590332031
2010-10-19,120.44999694824219,44.49504089355469
2010-10-20,121.26000213623047,44.79425811767578
2010-10-21,121.16999816894531,44.761016845703125
2010-10-22,121.62000274658203,44.92723083496094
2010-10-25,121.9800033569336,45.060203552246094
2010-10-26,122.27999877929688,45.17106628417969
2010-10-27,122.25,45.159996032714844
2010-10-28,122.4000015258789,45.21535110473633
2010-10-29,122.63999938964844,45.304054260253906
2010-11-01,121.26000213623047,45.1098518371582
2010-11-02,121.91999816894531,45.35538101196289
2010-11-03,122.48999786376953,45.567420959472656
2010-11-04,123.75,46.03614807128906
2010-11-05,123.36000061035156,45.891056060791016
2010-11-08,122.7300033569336,45.6567268371582
2010-11-09,122.48999786376953,45.567420959472656
2010-11-10,121.7699966430664,45.299591064453125
2010-11-11,121.31999969482422,45.13215255737305
2010-11-12,120.9000015258789,44.97589874267578
2010-11-15,120.69000244140625,44.8978157043457
2010-11-16,119.43000030517578,44.429080963134766
2010-11-17,119.91000366210938,44.60762023925781
2010-11-18,121.19999694824219,45.0875244140625
2010-11-19,121.26000213623047,45.1098518371582
2010-11-22,120.5999984741211,44.864322662353516
2010-11-23,118.91999816894531,44.239376068115234
2010-11-24,119.58000183105469,44.48485565185547
2010-11-26,119.0999984741211,44.306297302246094
2010-11-29,119.7300033569336,44.54069519042969
2010-11-30,119.45999908447266,44.440223693847656
2010-12-01,119.5199966430664,44.77628707885742
2010-12-02,119.5199966430664,44.77628707885742
2010-12-03,120.12000274658203,45.00104904174805
2010-12-06,120.0,44.95610809326172
2010-12-07,120.30000305175781,45.06850051879883
2010-12-08,120.54000091552734,45.158409118652344
2010-12-09,120.02999877929688,44.967342376708984
2010-12-10,119.8499984741211,44.89990234375
2010-12-13,119.43000030517578,44.7425537109375
2010-12-14,120.02999877929688,44.967342376708984
2010-12-15,119.43000030517578,44.7425537109375
2010-12-16,119.8499984741211,44.89990234375
2010-12-17,120.4800033569336,45.135921478271484
2010-12-20,120.69000244140625,45.21461486816406
2010-12-21,120.83999633789062,45.27078628540039
2010-12-22,120.66000366210938,45.20336151123047
2010-12-23,121.19999694824219,45.40565490722656
2010-12-27,121.41000366210938,45.484344482421875
2010-12-28,120.98999786376953,45.32700729370117
2010-12-29,118.88999938964844,45.563838958740234
2010-12-30,118.91999816894531,45.57534408569336
2010-12-31,119.12999725341797,45.655799865722656
2011-01-03,119.61000061035156,45.83975601196289
2011-01-04,119.97000122070312,45.97773361206055
2011-01-05,120.54000091552734,46.19620132446289
2011-01-06,120.5999984741211,46.21917724609375
2011-01-07,120.0,45.98925018310547
2011-01-10,119.87999725341797,45.9432373046875
2011-01-11,120.23999786376953,46.081241607666016
2011-01-12,120.2699966430664,46.092681884765625
2011-01-13,120.1500015258789,46.04672622680664
2011-01-14,120.54000091552734,46.19620132446289
2011-01-18,120.5999984741211,46.21917724609375
2011-01-19,120.41999816894531,46.150211334228516
2011-01-20,120.44999694824219,46.16172409057617
2011-01-21,120.66000366210938,46.24219512939453
2011-01-24,120.93000030517578,46.34566116333008
2011-01-25,120.93000030517578,46.34566116333008
2011-01-26,121.29000091552734,46.48360824584961
2011-01-27,121.3499984741211,46.506591796875
2011-01-28,120.69000244140625,46.253684997558594
2011-01-31,121.47000122070312,46.55259704589844
2011-02-01,120.98999786376953,46.65903854370117
2011-02-02,120.95999908447266,46.647483825683594
2011-02-03,121.16999816894531,46.72844696044922
2011-02-04,121.62000274658203,46.901973724365234
2011-02-07,121.88999938964844,47.006103515625
2011-02-08,121.7699966430664,46.959835052490234
2011-02-09,121.0199966430664,46.670616149902344
2011-02-10,121.16999816894531,46.72844696044922
2011-02-11,121.44000244140625,46.832584381103516
2011-02-14,121.6500015258789,46.9135627746582
2011-02-15,121.52999877929688,46.86729049682617
2011-02-16,121.73999786376953,46.94824981689453
2011-02-17,121.73999786376953,46.94824981689453
2011-02-18,122.16000366210938,47.1102409362793
2011-02-22,121.2300033569336,46.751590728759766
2011-02-23,121.3499984741211,46.79783248901367
2011-02-24,121.3499984741211,46.79783248901367
2011-02-25,121.86000061035156,46.99456024169922
2011-02-28,122.33999633789062,47.17963790893555
2011-03-01,120.98999786376953,46.95264434814453
2011-03-02,121.29000091552734,47.06907272338867
2011-03-03,121.88999938964844,47.30187225341797
2011-03-04,121.47000122070312,47.138912200927734
2011-03-07,121.70999908447266,47.232059478759766
2011-03-08,121.58999633789062,47.18547439575195
2011-03-09,121.16999816894531,47.02250671386719
2011-03-10,120.69000244140625,46.836219787597656
2011-03-11,120.83999633789062,46.89442825317383
2011-03-14,120.41999816894531,46.73143768310547
2011-03-15,119.61000061035156,46.41709899902344
2011-03-16,118.73999786376953,46.0794677734375
2011-03-17,120.05999755859375,46.59175491333008
2011-03-18,120.69000244140625,46.836219787597656
2011-03-21,121.3499984741211,47.092315673828125
2011-03-22,121.37999725341797,47.103981018066406
2011-03-23,121.16999816894531,47.02250671386719
2011-03-24,121.26000213623047,47.05741500854492
2011-03-25,121.19999694824219,47.03413391113281
2011-03-28,121.19999694824219,47.03413391113281
2011-03-29,121.26000213623047,47.05741500854492
2011-03-30,121.55999755859375,47.173851013183594
2011-03-31,121.52999877929688,47.162193298339844
2011-04-01,120.62999725341797,47.10714340209961
2011-04-04,121.52999877929688,47.45859909057617
2011-04-05,121.19999694824219,47.32973861694336
2011-04-06,121.5,47.446895599365234
2011-04-07,121.68000030517578,47.517173767089844
2011-04-08,121.52999877929688,47.45859909057617
2011-04-11,121.37999725341797,47.40000915527344
2011-04-12,121.0199966430664,47.259437561035156
2011-04-13,121.68000030517578,47.517173767089844
2011-04-14,121.2300033569336,47.341434478759766
2011-04-15,121.47000122070312,47.43518829345703
2011-04-18,120.87000274658203,47.200836181640625
2011-04-19,121.37999725341797,47.40000915527344
2011-04-20,121.70999908447266,47.52886962890625
2011-04-21,122.12999725341797,47.69290542602539
2011-04-25,122.01000213623047,47.646026611328125
2011-04-26,122.25,47.739742279052734
2011-04-27,122.19000244140625,47.71630859375
2011-04-28,122.43000030517578,47.810035705566406
2011-04-29,122.69999694824219,47.91547775268555
2011-05-02,121.91999816894531,47.910762786865234
2011-05-03,121.9800033569336,47.93434524536133
2011-05-04,121.88999938964844,47.89896011352539
2011-05-05,121.47000122070312,47.73391342163086
2011-05-06,122.16000366210938,48.005104064941406
2011-05-09,122.12999725341797,47.993282318115234
2011-05-10,122.33999633789062,48.0758171081543
2011-05-11,122.12999725341797,47.993282318115234
2011-05-12,122.22000122070312,48.028656005859375
2011-05-13,121.88999938964844,47.89896011352539
2011-05-16,122.06999969482422,47.969722747802734
2011-05-17,122.30999755859375,48.06404495239258
2011-05-18,122.5199966430664,48.14656066894531
2011-05-19,122.4000015258789,48.09941482543945
2011-05-20,122.43000030517578,48.111167907714844
2011-05-23,121.9800033569336,47.93434524536133
2011-05-24,121.55999755859375,47.76932907104492
2011-05-25,121.70999908447266,47.828224182128906
2011-05-26,121.70999908447266,47.828224182128906
2011-05-27,122.30999755859375,48.06404495239258
2011-05-31,122.63999938964844,48.19374465942383
2011-06-01,120.93000030517578,47.81531524658203
2011-06-02,120.95999908447266,47.82716751098633
2011-06-03,120.1500015258789,47.50688934326172
2011-06-06,119.87999725341797,47.400142669677734
2011-06-07,120.05999755859375,47.471309661865234
2011-06-08,119.63999938964844,47.30527114868164
2011-06-09,119.76000213623047,47.35271072387695
2011-06-10,118.55999755859375,46.87822341918945
2011-06-13,118.2300033569336,46.747718811035156
2011-06-14,119.19000244140625,47.12733459472656
2011-06-15,118.55999755859375,46.87822341918945
2011-06-16,116.33999633789062,46.00044631958008
2011-06-17,118.13999938964844,46.712162017822266
2011-06-20,118.47000122070312,46.84263229370117
2011-06-21,119.25,47.15106964111328
2011-06-22,118.26000213623047,46.759605407714844
2011-06-23,118.7699966430664,46.961265563964844
2011-06-24,118.3499984741211,46.795188903808594
2011-06-27,118.41000366210938,46.81893539428711
2011-06-28,119.04000091552734,47.068016052246094
2011-06-29,119.79000091552734,47.36457824707031
2011-06-30,120.66000366210938,47.70854568481445
2011-07-01,120.83999633789062,48.08460235595703
2011-07-05,120.72000122070312,48.0368537902832
2011-07-06,120.4800033569336,47.941341400146484
2011-07-07,121.16999816894531,48.215911865234375
2011-07-08,121.05000305175781,48.16817855834961
2011-07-11,119.87999725341797,47.70258712768555
2011-07-12,119.58000183105469,47.583229064941406
2011-07-13,120.30000305175781,47.869720458984375
2011-07-14,120.44999694824219,47.929359436035156
2011-07-15,120.33000183105469,47.88166046142578
2011-07-18,119.87999725341797,47.70258712768555
2011-07-19,120.56999969482422,47.97712326049805
2011-07-20,120.69000244140625,48.02488327026367
2011-07-21,121.3499984741211,48.28752136230469
2011-07-22,121.31999969482422,48.275604248046875
2011-07-25,120.83999633789062,48.08460235595703
2011-07-26,121.19999694824219,48.227867126464844
2011-07-27,120.33000183105469,47.88166046142578
2011-07-28,120.75,48.04875946044922
2011-07-29,120.75,48.04875946044922
2011-08-01,120.56999969482422,48.275794982910156
2011-08-02,119.04000091552734,47.663204193115234
2011-08-03,118.7699966430664,47.55509567260742
2011-08-04,115.16999816894531,46.113670349121094
2011-08-05,115.0199966430664,46.05363082885742
2011-08-08,110.12999725341797,44.09568786621094
2011-08-09,113.06999969482422,45.2728157043457
2011-08-10,111.4800033569336,44.636192321777344
2011-08-11,113.4000015258789,45.404945373535156
2011-08-12,113.06999969482422,45.2728157043457
2011-08-15,114.80999755859375,45.969520568847656
2011-08-16,114.08999633789062,45.681236267089844
2011-08-17,115.31999969482422,46.17372512817383
2011-08-18,114.1500015258789,45.70523452758789
2011-08-19,113.58000183105469,45.4770393371582
2011-08-22,113.04000091552734,45.260807037353516
2011-08-23,114.02999877929688,45.65720748901367
2011-08-24,113.58000183105469,45.4770393371582
2011-08-25,112.55999755859375,45.06863784790039
2011-08-26,113.58000183105469,45.4770393371582
2011-08-29,115.0199966430664,46.05363082885742
2011-08-30,114.87000274658203,45.9935302734375
2011-08-31,116.37000274658203,46.59413528442383
2011-09-01,115.41000366210938,46.513145446777344
2011-09-02,114.95999908447266,46.33173751831055
2011-09-06,113.58000183105469,45.77560043334961
2011-09-07,114.5999984741211,46.18671417236328
2011-09-08,114.54000091552734,46.162506103515625
2011-09-09,113.22000122070312,45.63053894042969
2011-09-12,112.88999938964844,45.49749755859375
2011-09-13,113.8499984741211,45.88440704345703
2011-09-14,114.20999908447266,46.02949142456055
2011-09-15,114.66000366210938,46.2108268737793
2011-09-16,114.4800033569336,46.13829803466797
2011-09-19,114.30000305175781,46.06576919555664
2011-09-20,114.30000305175781,46.06576919555664
2011-09-21,113.30999755859375,45.66675567626953
2011-09-22,111.83999633789062,45.074283599853516
2011-09-23,111.80999755859375,45.062225341796875
2011-09-26,112.44000244140625,45.31613540649414
2011-09-27,112.26000213623047,45.243587493896484
2011-09-28,110.63999938964844,44.590702056884766
2011-09-29,110.7300033569336,44.626949310302734
2011-09-30,108.56999969482422,43.75642776489258
2011-10-03,106.94999694824219,43.38405227661133
2011-10-04,106.0199966430664,43.00679016113281
2011-10-05,106.52999877929688,43.213680267333984
2011-10-06,108.30000305175781,43.93167495727539
2011-10-07,108.4800033569336,44.004695892333984
2011-10-10,111.12000274658203,45.075592041015625
2011-10-11,109.7699966430664,44.527992248535156
2011-10-12,112.44000244140625,45.611053466796875
2011-10-13,112.29000091552734,45.550193786621094
2011-10-14,112.7699966430664,45.74489974975586
2011-10-17,112.31999969482422,45.56239318847656
2011-10-18,113.22000122070312,45.927486419677734
2011-10-19,112.86000061035156,45.78142547607422
2011-10-20,113.76000213623047,46.146514892578125
2011-10-21,115.19999694824219,46.730655670166016
2011-10-24,118.52999877929688,48.08148193359375
2011-10-25,116.16000366210938,47.120086669921875
2011-10-26,116.0999984741211,47.09574508666992
2011-10-27,118.11000061035156,47.91107940673828
2011-10-28,117.5999984741211,47.704200744628906
2011-10-31,116.91000366210938,47.42431640625
2011-11-01,114.18000030517578,46.6038932800293
2011-11-02,115.31999969482422,47.06922912597656
2011-11-03,116.45999908447266,47.534507751464844
2011-11-04,116.4000015258789,47.510040283203125
2011-11-07,115.70999908447266,47.228397369384766
2011-11-08,116.01000213623047,47.350830078125
2011-11-09,114.12000274658203,46.579429626464844
2011-11-10,113.94000244140625,46.505943298339844
2011-11-11,115.37999725341797,47.09371566772461
2011-11-14,114.54000091552734,46.75083541870117
2011-11-15,114.23999786376953,46.62839889526367
2011-11-16,113.37000274658203,46.27328109741211
2011-11-17,112.88999938964844,46.07737731933594
2011-11-18,112.9800033569336,46.114112854003906
2011-11-21,111.77999877929688,45.624324798583984
2011-11-22,111.0,45.30596923828125
2011-11-23,109.29000091552734,44.607967376708984
2011-11-25,109.29000091552734,44.607967376708984
2011-11-28,111.44999694824219,45.4896354675293
2011-11-29,111.80999755859375,45.63655090332031
2011-11-30,113.63999938964844,46.38348388671875
2011-12-01,113.04000091552734,46.440185546875
2011-12-02,113.7300033569336,46.72367477416992
2011-12-05,114.33000183105469,46.97016525268555
2011-12-06,114.9000015258789,47.204341888427734
2011-12-07,114.08999633789062,46.871559143066406
2011-12-08,113.61000061035156,46.67436599731445
2011-12-09,114.51000213623047,47.044105529785156
2011-12-12,114.18000030517578,46.90853500366211
2011-12-13,113.63999938964844,46.68667221069336
2011-12-14,113.4000015258789,46.58808517456055
2011-12-15,113.8499984741211,46.772945404052734
2011-12-16,114.2699966430664,46.94548797607422
2011-12-19,114.12000274658203,46.883888244628906
2011-12-20,115.52999877929688,47.46314239501953
2011-12-21,115.94999694824219,47.63569641113281
2011-12-22,116.06999969482422,47.68502426147461
2011-12-23,116.55000305175781,47.88219451904297
2011-12-27,116.81999969482422,47.99311065673828
2011-12-28,114.9000015258789,47.79719543457031
2011-12-29,115.5,48.04678726196289
2011-12-30,115.3499984741211,47.984375
2012-01-03,115.9800033569336,48.24647903442383
2012-01-04,115.91999816894531,48.22148132324219
2012-01-05,115.5,48.04678726196289
2012-01-06,115.41000366210938,48.009368896484375
2012-01-09,115.41000366210938,48.009368896484375
2012-01-10,115.9800033569336,48.24647903442383
2012-01-11,115.80000305175781,48.17159652709961
2012-01-12,115.80000305175781,48.17159652709961
2012-01-13,115.80000305175781,48.17159652709961
2012-01-17,115.70999908447266,48.13414001464844
2012-01-18,116.37000274658203,48.40871047973633
2012-01-19,116.69999694824219,48.54600143432617
2012-01-20,116.87999725341797,48.62084197998047
2012-01-23,117.36000061035156,48.82051086425781
2012-01-24,117.44999694824219,48.85796356201172
2012-01-25,118.47000122070312,49.28226852416992
2012-01-26,118.73999786376953,49.39460372924805
2012-01-27,118.37999725341797,49.24484634399414
2012-01-30,118.37999725341797,49.24484634399414
2012-01-31,118.41000366210938,49.257286071777344
2012-02-01,118.19999694824219,49.44053268432617
2012-02-02,118.16999816894531,49.427974700927734
2012-02-03,118.47000122070312,49.55345153808594
2012-02-06,118.5,49.56602096557617
2012-02-07,118.70999908447266,49.65384292602539
2012-02-08,118.80000305175781,49.69148635864258
2012-02-09,119.04000091552734,49.79186248779297
2012-02-10,118.41000366210938,49.528343200683594
2012-02-13,118.41000366210938,49.528343200683594
2012-02-14,118.29000091552734,49.478172302246094
2012-02-15,117.77999877929688,49.26485061645508
2012-02-16,118.2300033569336,49.45306396484375
2012-02-17,118.3499984741211,49.50326156616211
2012-02-21,118.73999786376953,49.66640090942383
2012-02-22,119.04000091552734,49.79186248779297
2012-02-23,119.76000213623047,50.09303283691406
2012-02-24,119.87999725341797,50.143226623535156
2012-02-27,119.81999969482422,50.118125915527344
2012-02-28,120.23999786376953,50.29381561279297
2012-02-29,120.2699966430664,50.30637741088867
2012-03-01,119.63999938964844,50.339176177978516
2012-03-02,119.27999877929688,50.18771743774414
2012-03-05,118.9800033569336,50.06150436401367
2012-03-06,117.5999984741211,49.48081588745117
2012-03-07,117.80999755859375,49.569183349609375
2012-03-08,118.7699966430664,49.973106384277344
2012-03-09,118.7699966430664,49.973106384277344
2012-03-12,118.58999633789062,49.89739227294922
2012-03-13,119.55000305175781,50.301334381103516
2012-03-14,119.22000122070312,50.16245651245117
2012-03-15,118.86000061035156,50.01097869873047
2012-03-16,118.70999908447266,49.94786834716797
2012-03-19,119.04000091552734,50.08672332763672
2012-03-20,118.86000061035156,50.01097869873047
2012-03-21,118.68000030517578,49.93524932861328
2012-03-22,118.62000274658203,49.90999984741211
2012-03-23,118.2300033569336,49.74589920043945
2012-03-26,119.06999969482422,50.099365234375
2012-03-27,119.19000244140625,50.14982223510742
2012-03-28,118.5,49.859535217285156
2012-03-29,118.5,49.859535217285156
2012-03-30,118.11000061035156,49.695430755615234
2012-04-02,117.66000366210938,49.812294006347656
2012-04-03,117.62999725341797,49.79954528808594
2012-04-04,117.4800033569336,49.73606491088867
2012-04-05,116.91000366210938,49.49476623535156
2012-04-09,116.48999786376953,49.316951751708984
2012-04-10,116.06999969482422,49.139137268066406
2012-04-11,116.76000213623047,49.431278228759766
2012-04-12,117.5999984741211,49.78684616088867
2012-04-13,117.20999908447266,49.62174987792969
2012-04-16,117.38999938964844,49.69794464111328
2012-04-17,117.98999786376953,49.951961517333984
2012-04-18,117.95999908447266,49.93927764892578
2012-04-19,117.62999725341797,49.79954528808594
2012-04-20,117.87000274658203,49.901180267333984
2012-04-23,117.77999877929688,49.86307144165039
2012-04-24,117.98999786376953,49.951961517333984
2012-04-25,118.88999938964844,50.33298110961914
2012-04-26,119.01000213623047,50.38380813598633
2012-04-27,118.83000183105469,50.3076057434082
2012-04-30,119.19000244140625,50.459991455078125
2012-05-01,118.86000061035156,50.6338005065918
2012-05-02,118.94999694824219,50.67216491699219
2012-05-03,118.7699966430664,50.59547424316406
2012-05-04,118.80000305175781,50.60826873779297
2012-05-07,118.86000061035156,50.6338005065918
2012-05-08,118.86000061035156,50.6338005065918
2012-05-09,118.41000366210938,50.44209289550781
2012-05-10,118.41000366210938,50.44209289550781
2012-05-11,118.6500015258789,50.544342041015625
2012-05-14,117.69000244140625,50.13539123535156
2012-05-15,117.18000030517578,49.91816329956055
2012-05-16,116.06999969482422,49.44529724121094
2012-05-17,114.56999969482422,48.80631637573242
2012-05-18,114.66000366210938,48.84463119506836
2012-05-21,115.44000244140625,49.17690658569336
2012-05-22,115.3499984741211,49.13856506347656
2012-05-23,115.26000213623047,49.100215911865234
2012-05-24,115.31999969482422,49.12578582763672
2012-05-25,115.16999816894531,49.061893463134766
2012-05-29,116.12999725341797,49.47083282470703
2012-05-30,115.55999755859375,49.2280158996582
2012-05-31,114.33000183105469,48.70404815673828
2012-06-01,112.7699966430664,48.3400993347168
2012-06-04,112.94999694824219,48.417266845703125
2012-06-05,113.37000274658203,48.5973014831543
2012-06-06,114.36000061035156,49.02168273925781
2012-06-07,114.77999877929688,49.20175552368164
2012-06-08,115.08000183105469,49.330326080322266
2012-06-11,114.4800033569336,49.07311248779297
2012-06-12,115.37999725341797,49.45893478393555
2012-06-13,115.08000183105469,49.330326080322266
2012-06-14,115.6500015258789,49.574649810791016
2012-06-15,116.04000091552734,49.741851806640625
2012-06-18,115.83000183105469,49.65180206298828
2012-06-19,116.8499984741211,50.08905029296875
2012-06-20,117.23999786376953,50.25623321533203
2012-06-21,116.58000183105469,49.97330856323242
2012-06-22,117.08999633789062,50.191898345947266
2012-06-25,117.02999877929688,50.166221618652344
2012-06-26,116.91000366210938,50.11478042602539
2012-06-27,117.56999969482422,50.39769744873047
2012-06-28,117.51000213623047,50.37200164794922
2012-06-29,118.37999725341797,50.744911193847656
2012-07-02,117.9000015258789,50.84321594238281
2012-07-03,118.44000244140625,51.07609558105469
2012-07-05,118.31999969482422,51.02433395385742
2012-07-06,118.2300033569336,50.98554229736328
2012-07-09,118.3499984741211,51.03728485107422
2012-07-10,117.93000030517578,50.856197357177734
2012-07-11,118.47000122070312,51.08904266357422
2012-07-12,118.0199966430664,50.8950080871582
2012-07-13,118.47000122070312,51.08904266357422
2012-07-16,118.16999816894531,50.95966339111328
2012-07-17,118.73999786376953,51.20545196533203
2012-07-18,119.33999633789062,51.464210510253906
2012-07-19,119.55000305175781,51.55479431152344
2012-07-20,118.83000183105469,51.24427032470703
2012-07-23,118.94999694824219,51.2960205078125
2012-07-24,118.19999694824219,50.97260284423828
2012-07-25,117.98999786376953,50.88203048706055
2012-07-26,118.94999694824219,51.2960205078125
2012-07-27,119.45999908447266,51.5159797668457
2012-07-30,119.48999786376953,51.528907775878906
2012-07-31,119.63999938964844,51.59360885620117
2012-08-01,119.33999633789062,51.76274108886719
2012-08-02,118.88999938964844,51.56755828857422
2012-08-03,119.48999786376953,51.82780838012695
2012-08-06,119.4000015258789,51.78876495361328
2012-08-07,119.19000244140625,51.69768524169922
2012-08-08,119.30999755859375,51.749725341796875
2012-08-09,119.4000015258789,51.78876495361328
2012-08-10,119.25,51.723724365234375
2012-08-13,119.33999633789062,51.76274108886719
2012-08-14,119.43000030517578,51.801780700683594
2012-08-15,118.91999816894531,51.580596923828125
2012-08-16,119.19000244140625,51.69768524169922
2012-08-17,119.25,51.723724365234375
2012-08-20,119.33999633789062,51.76274108886719
2012-08-21,119.66999816894531,51.90586853027344
2012-08-22,119.66999816894531,51.90586853027344
2012-08-23,119.55000305175781,51.853851318359375
2012-08-24,119.97000122070312,52.03597640991211
2012-08-27,119.94000244140625,52.02300262451172
2012-08-28,119.87999725341797,51.996952056884766
2012-08-29,120.05999755859375,52.07504653930664
2012-08-30,120.08999633789062,52.08803176879883
2012-08-31,120.41999816894531,52.231224060058594
2012-09-04,119.58000183105469,52.1566047668457
2012-09-05,119.63999938964844,52.18278884887695
2012-09-06,120.23999786376953,52.4444694519043
2012-09-07,120.54000091552734,52.57530975341797
2012-09-10,120.56999969482422,52.588375091552734
2012-09-11,121.13999938964844,52.837039947509766
2012-09-12,121.62000274658203,53.04637908935547
2012-09-13,122.19000244140625,53.29498291015625
2012-09-14,122.30999755859375,53.34731674194336
2012-09-17,122.27999877929688,53.334232330322266
2012-09-18,122.25,53.32117462158203
2012-09-19,122.12999725341797,53.26883316040039
2012-09-20,121.62000274658203,53.04637908935547
2012-09-21,121.55999755859375,53.02020263671875
2012-09-24,121.44000244140625,52.96788024902344
2012-09-25,120.5999984741211,52.60149002075195
2012-09-26,120.08999633789062,52.37905502319336
2012-09-27,120.9000015258789,52.732337951660156
2012-09-28,120.62999725341797,52.61456298828125
2012-10-01,119.94000244140625,52.604061126708984
2012-10-02,119.94000244140625,52.604061126708984
2012-10-03,120.0,52.630374908447266
2012-10-04,120.54000091552734,52.867225646972656
2012-10-05,120.5999984741211,52.89352035522461
2012-10-08,120.56999969482422,52.880340576171875
2012-10-09,120.38999938964844,52.801422119140625
2012-10-10,120.20999908447266,52.722469329833984
2012-10-11,120.62999725341797,52.906673431396484
2012-10-12,120.75,52.95930480957031
2012-10-15,121.37999725341797,53.235591888427734
2012-10-16,121.58999633789062,53.32773208618164
2012-10-17,121.94999694824219,53.485599517822266
2012-10-18,121.80000305175781,53.419803619384766
2012-10-19,121.26000213623047,53.1829833984375
2012-10-22,121.47000122070312,53.275062561035156
2012-10-23,121.19999694824219,53.15668869018555
2012-10-24,120.87000274658203,53.01191711425781
2012-10-25,121.0199966430664,53.07770538330078
2012-10-26,120.83999633789062,52.998779296875
2012-10-31,121.0199966430664,53.07770538330078
2012-11-01,120.80999755859375,52.98561477661133
2012-11-02,120.66000366210938,52.919837951660156
2012-11-05,120.62999725341797,52.906673431396484
2012-11-06,120.75,52.95930480957031
2012-11-07,120.18000030517578,52.70927810668945
2012-11-08,119.79000091552734,52.538272857666016
2012-11-09,119.79000091552734,52.538272857666016
2012-11-12,119.66999816894531,52.48562240600586
2012-11-13,119.30999755859375,52.32771301269531
2012-11-14,118.9800033569336,52.18302917480469
2012-11-15,119.0999984741211,52.23568344116211
2012-11-16,119.22000122070312,52.288272857666016
2012-11-19,120.02999877929688,52.64350509643555
2012-11-20,120.18000030517578,52.70927810668945
2012-11-21,120.1500015258789,52.69615173339844
2012-11-23,120.66000366210938,52.919837951660156
2012-11-26,120.41999816894531,52.8145866394043
2012-11-27,120.77999877929688,52.97247314453125
2012-11-28,120.87000274658203,53.01191711425781
2012-11-29,121.31999969482422,53.20932388305664
2012-11-30,121.68000030517578,53.36720657348633
2012-12-03,121.47000122070312,53.569610595703125
2012-12-04,121.47000122070312,53.569610595703125
2012-12-05,121.55999755859375,53.60931396484375
2012-12-06,121.94999694824219,53.78128433227539
2012-12-07,121.86000061035156,53.74161911010742
2012-12-10,122.04000091552734,53.820980072021484
2012-12-11,122.27999877929688,53.92683410644531
2012-12-12,122.61000061035156,54.07234573364258
2012-12-13,122.25,53.913604736328125
2012-12-14,122.27999877929688,53.92683410644531
2012-12-17,122.81999969482422,54.16500473022461
2012-12-18,122.81999969482422,54.16500473022461
2012-12-19,122.61000061035156,54.07234573364258
2012-12-20,122.91000366210938,54.20469665527344
2012-12-21,122.63999938964844,54.08561325073242
2012-12-24,122.06999969482422,53.834259033203125
2012-12-26,122.45999908447266,54.006229400634766
2012-12-27,121.9800033569336,54.07936096191406
2012-12-28,121.6500015258789,53.93307113647461
2012-12-31,122.12999725341797,54.14589309692383
2013-01-02,123.08999633789062,54.57148361206055
2013-01-03,122.81999969482422,54.4517822265625
2013-01-04,122.97000122070312,54.518272399902344
2013-01-07,123.23999786376953,54.638004302978516
2013-01-08,123.20999908447266,54.62466812133789
2013-01-09,123.38999938964844,54.7044792175293
2013-01-10,123.5999984741211,54.79758071899414
2013-01-11,123.62999725341797,54.81089401245117
2013-01-14,123.62999725341797,54.81089401245117
2013-01-15,123.62999725341797,54.81089401245117
2013-01-16,123.33000183105469,54.67790222167969
2013-01-17,123.80999755859375,54.89067840576172
2013-01-18,123.98999786376953,54.970516204833984
2013-01-22,124.08000183105469,55.010406494140625
2013-01-23,123.93000030517578,54.94387435913086
2013-01-24,124.08000183105469,55.010406494140625
2013-01-25,124.08000183105469,55.010406494140625
2013-01-28,124.11000061035156,55.02371597290039
2013-01-29,123.69000244140625,54.83750915527344
2013-01-30,122.61000061035156,54.358646392822266
2013-01-31,122.45999908447266,54.292152404785156
2013-02-01,122.16000366210938,54.44191360473633
2013-02-04,121.6500015258789,54.21461868286133
2013-02-05,121.9800033569336,54.36168670654297
2013-02-06,121.68000030517578,54.22800064086914
2013-02-07,121.29000091552734,54.05416488647461
2013-02-08,121.3499984741211,54.0809326171875
2013-02-11,121.44000244140625,54.12107467651367
2013-02-12,121.83000183105469,54.29484939575195
2013-02-13,121.9800033569336,54.36168670654297
2013-02-14,122.25,54.482032775878906
2013-02-15,121.9800033569336,54.36168670654297
2013-02-19,122.37000274658203,54.53550338745117
2013-02-20,122.22000122070312,54.46861267089844
2013-02-21,122.33999633789062,54.52214050292969
2013-02-22,122.48999786376953,54.58898162841797
2013-02-25,122.25,54.482032775878906
2013-02-26,122.76000213623047,54.70933151245117
2013-02-27,122.87999725341797,54.76280212402344
2013-02-28,122.69999694824219,54.682594299316406
2013-03-01,122.48999786376953,54.87744903564453
2013-03-04,122.33999633789062,54.81024932861328
2013-03-05,122.5199966430664,54.89088821411133
2013-03-06,122.58000183105469,54.917762756347656
2013-03-07,122.66999816894531,54.95811462402344
2013-03-08,122.69999694824219,54.9715690612793
2013-03-11,122.7300033569336,54.9849853515625
2013-03-12,122.69999694824219,54.9715690612793
2013-03-13,123.05999755859375,55.1328010559082
2013-03-14,123.1500015258789,55.17318344116211
2013-03-15,123.23999786376953,55.21348571777344
2013-03-18,123.23999786376953,55.21348571777344
2013-03-19,123.05999755859375,55.1328010559082
2013-03-20,123.36000061035156,55.267208099365234
2013-03-21,123.18000030517578,55.18658447265625
2013-03-22,123.12000274658203,55.15971374511719
2013-03-25,123.02999877929688,55.11941146850586
2013-03-26,123.20999908447266,55.20002365112305
2013-03-27,123.1500015258789,55.17318344116211
2013-03-28,123.33000183105469,55.25379943847656
2013-04-01,122.94000244140625,55.359134674072266
2013-04-02,122.76000213623047,55.278106689453125
2013-04-03,122.76000213623047,55.278106689453125
2013-04-04,122.5199966430664,55.1700325012207
2013-04-05,122.69999694824219,55.25109100341797
2013-04-08,122.79000091552734,55.2916259765625
2013-04-09,122.97000122070312,55.3726806640625
2013-04-10,123.56999969482422,55.64284896850586
2013-04-11,123.51000213623047,55.6158332824707
2013-04-12,123.66000366210938,55.683387756347656
2013-04-15,123.0,55.386207580566406
2013-04-16,123.69000244140625,55.696861267089844
2013-04-17,123.41999816894531,55.575313568115234
2013-04-18,123.18000030517578,55.46721267700195
2013-04-19,123.33000183105469,55.5347785949707
2013-04-22,123.72000122070312,55.710391998291016
2013-04-23,124.11000061035156,55.886016845703125
2013-04-24,124.3499984741211,55.99408721923828
2013-04-25,124.5,56.06159973144531
2013-04-26,124.55999755859375,56.088623046875
2013-04-29,124.86000061035156,56.22373580932617
2013-04-30,125.25,56.399375915527344
2013-05-01,124.44000244140625,56.320594787597656
2013-05-02,125.0999984741211,56.61931228637695
2013-05-03,125.22000122070312,56.67360305786133
2013-05-06,125.4000015258789,56.755088806152344
2013-05-07,125.37000274658203,56.741485595703125
2013-05-08,125.81999969482422,56.94517517089844
2013-05-09,125.4000015258789,56.755088806152344
2013-05-10,124.91999816894531,56.53782272338867
2013-05-13,124.55999755859375,56.37489318847656
2013-05-14,124.55999755859375,56.37489318847656
2013-05-15,124.41000366210938,56.307003021240234
2013-05-16,124.47000122070312,56.33417510986328
2013-05-17,124.68000030517578,56.42921829223633
2013-05-20,124.83000183105469,56.4970703125
2013-05-21,124.9800033569336,56.56498336791992
2013-05-22,124.47000122070312,56.33417510986328
2013-05-23,124.05000305175781,56.14408874511719
2013-05-24,123.75,56.00833511352539
2013-05-28,123.4800033569336,55.88608169555664
2013-05-29,123.08999633789062,55.70957565307617
2013-05-30,123.20999908447266,55.76390075683594
2013-05-31,121.73999786376953,55.09859848022461
2013-06-03,121.0199966430664,55.04672622680664
2013-06-04,120.83999633789062,54.964881896972656
2013-06-05,119.91000366210938,54.54185104370117
2013-06-06,120.75,54.92394256591797
2013-06-07,120.72000122070312,54.9102783203125
2013-06-10,120.77999877929688,54.937564849853516
2013-06-11,120.08999633789062,54.62372970581055
2013-06-12,119.66999816894531,54.43267822265625
2013-06-13,120.93000030517578,55.00579071044922
2013-06-14,120.66000366210938,54.88299560546875
2013-06-17,120.95999908447266,55.01948165893555
2013-06-18,121.26000213623047,55.155906677246094
2013-06-19,119.7300033569336,54.45998001098633
2013-06-20,118.47000122070312,53.88683319091797
2013-06-21,117.41999816894531,53.409236907958984
2013-06-24,116.0999984741211,52.8088264465332
2013-06-25,117.54000091552734,53.463844299316406
2013-06-26,118.13999938964844,53.73676681518555
2013-06-27,118.86000061035156,54.06425857543945
2013-06-28,118.47000122070312,53.88683319091797
2013-07-01,118.3499984741211,54.1118278503418
2013-07-02,118.05000305175781,53.974632263183594
2013-07-03,118.5,54.18040466308594
2013-07-05,116.97000122070312,53.48082733154297
2013-07-08,118.47000122070312,54.16667556762695
2013-07-09,118.44000244140625,54.15294647216797
2013-07-10,119.04000091552734,54.4272575378418
2013-07-11,120.38999938964844,55.04452133178711
2013-07-12,120.41999816894531,55.05821990966797
2013-07-15,120.9000015258789,55.2777214050293
2013-07-16,120.5999984741211,55.14057159423828
2013-07-17,121.37999725341797,55.49715042114258
2013-07-18,122.19000244140625,55.867523193359375
2013-07-19,122.12999725341797,55.840118408203125
2013-07-22,122.4000015258789,55.96350860595703
2013-07-23,122.04000091552734,55.79894256591797
2013-07-24,121.16999816894531,55.40116500854492
2013-07-25,120.95999908447266,55.30516052246094
2013-07-26,121.16999816894531,55.40116500854492
2013-07-29,120.62999725341797,55.15423583984375
2013-07-30,120.44999694824219,55.07194137573242
2013-07-31,120.83999633789062,55.25028991699219
2013-08-01,119.43000030517578,54.87397384643555
2013-08-02,120.08999633789062,55.177242279052734
2013-08-05,119.45999908447266,54.88778305053711
2013-08-06,119.4000015258789,54.86018371582031
2013-08-07,119.22000122070312,54.777503967285156
2013-08-08,119.43000030517578,54.87397384643555
2013-08-09,119.48999786376953,54.901546478271484
2013-08-12,119.43000030517578,54.87397384643555
2013-08-13,119.27999877929688,54.80503463745117
2013-08-14,119.19000244140625,54.763694763183594
2013-08-15,118.6500015258789,54.51559829711914
2013-08-16,118.26000213623047,54.336395263671875
2013-08-19,117.44999694824219,53.964229583740234
2013-08-20,118.41000366210938,54.40533447265625
2013-08-21,117.95999908447266,54.19855499267578
2013-08-22,118.62000274658203,54.501800537109375
2013-08-23,118.94999694824219,54.65339660644531
2013-08-26,118.86000061035156,54.612098693847656
2013-08-27,118.29000091552734,54.350162506103516
2013-08-28,118.73999786376953,54.55696105957031
2013-08-29,119.06999969482422,54.70854187011719
2013-08-30,119.01000213623047,54.681026458740234
2013-09-03,118.0199966430664,54.5078010559082
2013-09-04,118.2300033569336,54.604801177978516
2013-09-05,117.75,54.38308334350586
2013-09-06,118.11000061035156,54.549354553222656
2013-09-09,118.52999877929688,54.74333953857422
2013-09-10,118.73999786376953,54.8403434753418
2013-09-11,118.94999694824219,54.93730163574219
2013-09-12,118.83000183105469,54.881927490234375
2013-09-13,118.7699966430664,54.854190826416016
2013-09-16,119.33999633789062,55.11745834350586
2013-09-17,119.69999694824219,55.283687591552734
2013-09-18,120.77999877929688,55.782508850097656
2013-09-19,120.41999816894531,55.616241455078125
2013-09-20,120.1500015258789,55.49155807495117
2013-09-23,120.33000183105469,55.5746955871582
2013-09-24,120.0,55.422271728515625
2013-09-25,119.91000366210938,55.38069534301758
2013-09-26,119.87999725341797,55.3668327331543
2013-09-27,119.7300033569336,55.297584533691406
2013-09-30,119.5199966430664,55.20057678222656
2013-10-01,119.19000244140625,55.32869338989258
2013-10-02,119.30999755859375,55.38439178466797
2013-10-03,119.43000030517578,55.440101623535156
2013-10-04,119.79000091552734,55.60718536376953
2013-10-07,119.4000015258789,55.42618179321289
2013-10-08,119.43000030517578,55.440101623535156
2013-10-09,119.55000305175781,55.495792388916016
2013-10-10,120.05999755859375,55.732566833496094
2013-10-11,120.23999786376953,55.81609344482422
2013-10-14,120.36000061035156,55.87183380126953
2013-10-15,120.30000305175781,55.8439826965332
2013-10-16,120.69000244140625,56.025001525878906
2013-10-17,121.29000091552734,56.30351638793945
2013-10-18,121.62000274658203,56.45669937133789
2013-10-21,121.5,56.40104675292969
2013-10-22,121.80000305175781,56.540287017822266
2013-10-23,121.94999694824219,56.60991668701172
2013-10-24,121.88999938964844,56.58203125
2013-10-25,122.01000213623047,56.63779067993164
2013-10-28,122.0999984741211,56.679542541503906
2013-10-29,122.19000244140625,56.721309661865234
2013-10-30,121.94999694824219,56.60991668701172
2013-10-31,121.88999938964844,56.58203125
2013-11-01,121.29000091552734,56.57784652709961
2013-11-04,121.47000122070312,56.66182327270508
2013-11-05,121.11000061035156,56.49390411376953
2013-11-06,121.3499984741211,56.6058464050293
2013-11-07,121.58999633789062,56.71780776977539
2013-11-08,121.29000091552734,56.57784652709961
2013-11-11,120.80999755859375,56.353946685791016
2013-11-12,120.66000366210938,56.283992767333984
2013-11-13,121.08000183105469,56.47992706298828
2013-11-14,121.29000091552734,56.57784652709961
2013-11-15,121.58999633789062,56.71780776977539
2013-11-18,121.44000244140625,56.64781951904297
2013-11-19,121.37999725341797,56.61984634399414
2013-11-20,121.26000213623047,56.56386947631836
2013-11-21,121.62000274658203,56.731773376464844
2013-11-22,121.73999786376953,56.78776550292969
2013-11-25,121.94999694824219,56.88572692871094
2013-11-26,122.01000213623047,56.913719177246094
2013-11-27,122.01000213623047,56.913719177246094
2013-11-29,122.25,57.02567672729492
2013-12-02,121.47000122070312,56.94271469116211
2013-12-03,121.44000244140625,56.92863464355469
2013-12-04,121.11000061035156,56.773956298828125
2013-12-05,121.05000305175781,56.74578857421875
2013-12-06,121.44000244140625,56.92863464355469
2013-12-09,121.83000183105469,57.111446380615234
2013-12-10,121.7699966430664,57.083335876464844
2013-12-11,121.55999755859375,56.98488235473633
2013-12-12,121.47000122070312,56.94271469116211
2013-12-13,121.47000122070312,56.94271469116211
2013-12-16,121.70999908447266,57.0551872253418
2013-12-17,121.88999938964844,57.139583587646484
2013-12-18,121.88999938964844,57.139583587646484
2013-12-19,121.73999786376953,57.069252014160156
2013-12-20,121.83000183105469,57.111446380615234
2013-12-23,121.94999694824219,57.167724609375
2013-12-24,122.04000091552734,57.209877014160156
2013-12-26,122.0999984741211,57.23802947998047
2013-12-27,121.5,57.23381423950195
2013-12-30,121.52999877929688,57.2479362487793
2013-12-31,121.68000030517578,57.31854248046875
2014-01-02,121.58999633789062,57.27617263793945
2014-01-03,121.68000030517578,57.31854248046875
2014-01-06,121.91999816894531,57.43160629272461
2014-01-07,121.94999694824219,57.44577407836914
2014-01-08,121.91999816894531,57.43160629272461
2014-01-09,122.06999969482422,57.502281188964844
2014-01-10,122.37000274658203,57.64360046386719
2014-01-13,122.33999633789062,57.629512786865234
2014-01-14,122.45999908447266,57.685997009277344
2014-01-15,122.66999816894531,57.784934997558594
2014-01-16,122.69999694824219,57.79907989501953
2014-01-17,122.81999969482422,57.85558319091797
2014-01-21,122.8499984741211,57.869728088378906
2014-01-22,122.76000213623047,57.82730484008789
2014-01-23,122.66999816894531,57.784934997558594
2014-01-24,121.7699966430664,57.3609733581543
2014-01-27,121.70999908447266,57.33269500732422
2014-01-28,122.4000015258789,57.657718658447266
2014-01-29,122.16000366210938,57.544700622558594
2014-01-30,122.43000030517578,57.671871185302734
2014-01-31,122.37000274658203,57.64360046386719
2014-02-03,121.26000213623047,57.39934539794922
2014-02-04,121.2300033569336,57.38517761230469
2014-02-05,121.26000213623047,57.39934539794922
2014-02-06,121.6500015258789,57.58396530151367
2014-02-07,122.19000244140625,57.83959197998047
2014-02-10,122.22000122070312,57.85377883911133
2014-02-11,122.5199966430664,57.99580383300781
2014-02-12,122.43000030517578,57.95317840576172
2014-02-13,122.63999938964844,58.052589416503906
2014-02-14,122.87999725341797,58.16618728637695
2014-02-18,123.0,58.223026275634766
2014-02-19,122.87999725341797,58.16618728637695
2014-02-20,123.23999786376953,58.336631774902344
2014-02-21,123.44999694824219,58.43598556518555
2014-02-24,123.66000366210938,58.53544235229492
2014-02-25,123.93000030517578,58.663230895996094
2014-02-26,124.05000305175781,58.720008850097656
2014-02-27,124.29000091552734,58.833621978759766
2014-02-28,124.58999633789062,58.97564697265625
2014-03-03,123.75,58.86432647705078
2014-03-04,124.05000305175781,59.00707244873047
2014-03-05,123.95999908447266,58.964202880859375
2014-03-06,123.66000366210938,58.8215446472168
2014-03-07,123.30000305175781,58.65031051635742
2014-03-10,123.23999786376953,58.621700286865234
2014-03-11,123.30000305175781,58.65031051635742
2014-03-12,123.33000183105469,58.664546966552734
2014-03-13,123.1500015258789,58.578941345214844
2014-03-14,122.97000122070312,58.4932861328125
2014-03-17,123.08999633789062,58.55040740966797
2014-03-18,123.4800033569336,58.73591232299805
2014-03-19,123.05999755859375,58.536102294921875
2014-03-20,123.4800033569336,58.73591232299805
2014-03-21,123.36000061035156,58.67881393432617
2014-03-24,123.62999725341797,58.807247161865234
2014-03-25,123.69000244140625,58.83583450317383
2014-03-26,123.5999984741211,58.79296875
2014-03-27,123.66000366210938,58.8215446472168
2014-03-28,123.80999755859375,58.89289855957031
2014-03-31,123.95999908447266,58.964202880859375
2014-04-01,123.41999816894531,58.99003219604492
2014-04-02,123.41999816894531,58.99003219604492
2014-04-03,123.44999694824219,59.00437545776367
2014-04-04,123.66000366210938,59.10477828979492
2014-04-07,123.51000213623047,59.033084869384766
2014-04-08,123.77999877929688,59.162109375
2014-04-09,123.9000015258789,59.2194709777832
2014-04-10,123.5999984741211,59.0760612487793
2014-04-11,123.1500015258789,58.86099624633789
2014-04-14,123.66000366210938,59.10477828979492
2014-04-15,123.72000122070312,59.13340377807617
2014-04-16,123.87000274658203,59.20512771606445
2014-04-17,123.66000366210938,59.10477828979492
2014-04-21,123.72000122070312,59.13340377807617
2014-04-22,123.80999755859375,59.17646789550781
2014-04-23,123.83999633789062,59.190765380859375
2014-04-24,123.77999877929688,59.162109375
2014-04-25,123.80999755859375,59.17646789550781
2014-04-28,123.98999786376953,59.262474060058594
2014-04-29,123.95999908447266,59.248104095458984
2014-04-30,124.05000305175781,59.29116439819336
2014-05-01,123.54000091552734,59.33003234863281
2014-05-02,123.66000366210938,59.3876838684082
2014-05-05,123.4800033569336,59.30122756958008
2014-05-06,123.72000122070312,59.41651153564453
2014-05-07,123.83999633789062,59.47412872314453
2014-05-08,123.72000122070312,59.41651153564453
2014-05-09,123.87000274658203,59.4885139465332
2014-05-12,124.08000183105469,59.5893669128418
2014-05-13,124.13999938964844,59.61818313598633
2014-05-14,124.19999694824219,59.64699935913086
2014-05-15,124.11000061035156,59.60376739501953
2014-05-16,124.29000091552734,59.69026184082031
2014-05-19,124.31999969482422,59.704647064208984
2014-05-20,124.26000213623047,59.67582702636719
2014-05-21,124.29000091552734,59.69026184082031
2014-05-22,124.16999816894531,59.63261032104492
2014-05-23,124.31999969482422,59.704647064208984
2014-05-27,124.3499984741211,59.71906280517578
2014-05-28,124.31999969482422,59.704647064208984
2014-05-29,124.52999877929688,59.805511474609375
2014-05-30,124.58999633789062,59.8343391418457
2014-06-02,123.93000030517578,59.795249938964844
2014-06-03,123.87000274658203,59.766265869140625
2014-06-04,123.95999908447266,59.809688568115234
2014-06-05,124.2300033569336,59.93998336791992
2014-06-06,124.5,60.07025909423828
2014-06-09,124.62000274658203,60.12815475463867
2014-06-10,124.70999908447266,60.17154312133789
2014-06-11,124.58999633789062,60.113685607910156
2014-06-12,124.58999633789062,60.113685607910156
2014-06-13,124.80000305175781,60.214988708496094
2014-06-16,124.7699966430664,60.2005500793457
2014-06-17,124.7699966430664,60.2005500793457
2014-06-18,125.19000244140625,60.40318298339844
2014-06-19,125.12999725341797,60.37424850463867
2014-06-20,125.27999877929688,60.44659423828125
2014-06-23,125.33999633789062,60.475528717041016
2014-06-24,125.4000015258789,60.5045051574707
2014-06-25,125.27999877929688,60.44659423828125
2014-06-26,125.22000122070312,60.41762924194336
2014-06-27,125.25,60.432090759277344
2014-06-30,125.19000244140625,60.40318298339844
2014-07-01,124.70999908447266,60.451141357421875
2014-07-02,124.70999908447266,60.451141357421875
2014-07-03,124.73999786376953,60.46573257446289
2014-07-07,124.62000274658203,60.40755081176758
2014-07-08,124.58999633789062,60.392982482910156
2014-07-09,124.55999755859375,60.378448486328125
2014-07-10,124.08000183105469,60.145774841308594
2014-07-11,124.16999816894531,60.18938446044922
2014-07-14,124.26000213623047,60.2330207824707
2014-07-15,124.13999938964844,60.174869537353516
2014-07-16,123.93000030517578,60.07307434082031
2014-07-17,123.0,59.62226867675781
2014-07-18,123.41999816894531,59.82587432861328
2014-07-21,123.2699966430664,59.75310134887695
2014-07-22,123.44999694824219,59.84040069580078
2014-07-23,123.83999633789062,60.02942657470703
2014-07-24,123.87000274658203,60.04399871826172
2014-07-25,123.54000091552734,59.8840217590332
2014-07-28,123.38999938964844,59.81131362915039
2014-07-29,123.33000183105469,59.78218460083008
2014-07-30,122.8499984741211,59.549583435058594
2014-07-31,121.6500015258789,58.967864990234375
2014-08-01,120.80999755859375,58.84077072143555
2014-08-04,121.62000274658203,59.235286712646484
2014-08-05,121.41000366210938,59.13298034667969
2014-08-06,121.62000274658203,59.235286712646484
2014-08-07,121.55999755859375,59.2060432434082
2014-08-08,122.06999969482422,59.4544677734375
2014-08-11,122.66999816894531,59.746665954589844
2014-08-12,122.7300033569336,59.77588653564453
2014-08-13,123.12000274658203,59.9658203125
2014-08-14,123.44999694824219,60.12656784057617
2014-08-15,123.54000091552734,60.170379638671875
2014-08-18,123.93000030517578,60.360355377197266
2014-08-19,124.0199966430664,60.40419387817383
2014-08-20,124.0199966430664,60.40419387817383
2014-08-21,123.98999786376953,60.38956832885742
2014-08-22,123.77999877929688,60.28732681274414
2014-08-25,124.16999816894531,60.47723388671875
2014-08-26,124.26000213623047,60.52107238769531
2014-08-27,124.13999938964844,60.46261978149414
2014-08-28,124.11000061035156,60.448062896728516
2014-08-29,124.11000061035156,60.448062896728516
2014-09-02,123.72000122070312,60.531681060791016
2014-09-03,123.36000061035156,60.35554122924805
2014-09-04,122.94000244140625,60.150054931640625
2014-09-05,122.81999969482422,60.09132766723633
2014-09-08,122.69999694824219,60.03265380859375
2014-09-09,122.0999984741211,59.739078521728516
2014-09-10,122.04000091552734,59.70970916748047
2014-09-11,121.91999816894531,59.65101623535156
2014-09-12,121.83000183105469,59.60697937011719
2014-09-15,121.6500015258789,59.51893615722656
2014-09-16,121.70999908447266,59.54829406738281
2014-09-17,121.91999816894531,59.65101623535156
2014-09-18,122.01000213623047,59.69502258300781
2014-09-19,122.22000122070312,59.79779815673828
2014-09-22,122.04000091552734,59.70970916748047
2014-09-23,121.5,59.44554901123047
2014-09-24,121.0199966430664,59.2106819152832
2014-09-25,120.41999816894531,58.91710662841797
2014-09-26,120.2699966430664,58.84372329711914
2014-09-29,119.94000244140625,58.682273864746094
2014-09-30,120.54000091552734,58.9758186340332
2014-10-01,120.23999786376953,59.111515045166016
2014-10-02,120.23999786376953,59.111515045166016
2014-10-03,120.72000122070312,59.347469329833984
2014-10-06,120.80999755859375,59.39170837402344
2014-10-07,120.41999816894531,59.20001220703125
2014-10-08,120.77999877929688,59.37700271606445
2014-10-09,119.55000305175781,58.7723274230957
2014-10-10,118.44000244140625,58.22662353515625
2014-10-13,118.08000183105469,58.04962158203125
2014-10-14,118.3499984741211,58.182369232177734
2014-10-15,118.13999938964844,58.079124450683594
2014-10-16,118.91999816894531,58.46257400512695
2014-10-17,120.0,58.99353790283203
2014-10-20,121.08000183105469,59.524471282958984
2014-10-21,121.58999633789062,59.775177001953125
2014-10-22,120.75,59.36221694946289
2014-10-23,120.83999633789062,59.40647506713867
2014-10-24,121.31999969482422,59.64246368408203
2014-10-27,120.93000030517578,59.45071029663086
2014-10-28,120.93000030517578,59.45071029663086
2014-10-29,121.13999938964844,59.55397415161133
2014-10-30,121.08000183105469,59.524471282958984
2014-10-31,121.08000183105469,59.524471282958984
2014-11-03,120.75,59.64152908325195
2014-11-04,120.36000061035156,59.44889450073242
2014-11-05,120.23999786376953,59.389617919921875
2014-11-06,120.4800033569336,59.50819778442383
2014-11-07,120.54000091552734,59.537776947021484
2014-11-10,120.56999969482422,59.552635192871094
2014-11-11,120.80999755859375,59.671142578125
2014-11-12,120.5999984741211,59.56741714477539
2014-11-13,119.97000122070312,59.25625228881836
2014-11-14,119.58000183105469,59.06364059448242
2014-11-17,119.37000274658203,58.959922790527344
2014-11-18,119.12999725341797,58.841331481933594
2014-11-19,119.01000213623047,58.782108306884766
2014-11-20,118.94999694824219,58.75248336791992
2014-11-21,119.61000061035156,59.07846450805664
2014-11-24,119.63999938964844,59.093231201171875
2014-11-25,119.81999969482422,59.182186126708984
2014-11-26,119.94000244140625,59.241455078125
2014-11-28,118.73999786376953,58.648719787597656
2014-12-01,117.2699966430664,58.197654724121094
2014-12-02,117.62999725341797,58.37630081176758
2014-12-03,117.62999725341797,58.37630081176758
2014-12-04,117.51000213623047,58.316734313964844
2014-12-05,117.38999938964844,58.257179260253906
2014-12-08,116.66999816894531,57.89986801147461
2014-12-09,116.33999633789062,57.73613357543945
2014-12-10,114.95999908447266,57.05125427246094
2014-12-11,114.23999786376953,56.69395065307617
2014-12-12,112.88999938964844,56.02395248413086
2014-12-15,113.22000122070312,56.18776321411133
2014-12-16,112.37999725341797,55.77082061767578
2014-12-17,114.51000213623047,56.82793045043945
2014-12-18,115.31999969482422,57.22991180419922
2014-12-19,116.66999816894531,57.89986801147461
2014-12-22,116.5199966430664,57.82542037963867
2014-12-23,116.87999725341797,58.0040283203125
2014-12-24,117.20999908447266,58.167850494384766
2014-12-26,116.8499984741211,57.989166259765625
2014-12-29,116.43000030517578,58.0565071105957
2014-12-30,116.33999633789062,58.01163864135742
2014-12-31,115.83000183105469,57.7573127746582
2015-01-02,116.04000091552734,57.8620491027832
2015-01-05,115.2300033569336,57.458187103271484
2015-01-06,114.69000244140625,57.18887710571289
2015-01-07,115.31999969482422,57.503013610839844
2015-01-08,116.0999984741211,57.89195251464844
2015-01-09,116.7300033569336,58.20610046386719
2015-01-12,116.61000061035156,58.14626693725586
2015-01-13,116.48999786376953,58.08641815185547
2015-01-14,116.22000122070312,57.951812744140625
2015-01-15,115.55999755859375,57.622718811035156
2015-01-16,115.88999938964844,57.78724670410156
2015-01-20,115.88999938964844,57.78724670410156
2015-01-21,116.33999633789062,58.01163864135742
2015-01-22,116.48999786376953,58.08641815185547
2015-01-23,116.5199966430664,58.10139465332031
2015-01-26,117.20999908447266,58.4454231262207
2015-01-27,117.05999755859375,58.37065505981445
2015-01-28,116.61000061035156,58.14626693725586
2015-01-29,117.05999755859375,58.37065505981445
2015-01-30,116.81999969482422,58.250972747802734
2015-02-02,116.5199966430664,58.375728607177734
2015-02-03,117.08999633789062,58.66128158569336
2015-02-04,116.76000213623047,58.49595642089844
2015-02-05,117.44999694824219,58.841636657714844
2015-02-06,117.69000244140625,58.96187210083008
2015-02-09,117.56999969482422,58.9017448425293
2015-02-10,117.9000015258789,59.06709671020508
2015-02-11,117.93000030517578,59.082115173339844
2015-02-12,117.98999786376953,59.112186431884766
2015-02-13,118.29000091552734,59.262474060058594
2015-02-17,118.2300033569336,59.23244094848633
2015-02-18,118.52999877929688,59.382755279541016
2015-02-19,118.41000366210938,59.32263946533203
2015-02-20,118.6500015258789,59.4428596496582
2015-02-23,118.7699966430664,59.50295639038086
2015-02-24,118.9800033569336,59.608192443847656
2015-02-25,119.04000091552734,59.638248443603516
2015-02-26,119.19000244140625,59.71335983276367
2015-02-27,119.33999633789062,59.78853225708008
2015-03-02,118.73999786376953,59.77193069458008
2015-03-03,118.37999725341797,59.5906982421875
2015-03-04,118.19999694824219,59.500064849853516
2015-03-05,118.31999969482422,59.56050109863281
2015-03-06,117.66000366210938,59.22822952270508
2015-03-09,117.56999969482422,59.182952880859375
2015-03-10,117.30000305175781,59.047061920166016
2015-03-11,117.4800033569336,59.13766098022461
2015-03-12,117.75,59.27357864379883
2015-03-13,117.20999908447266,59.00175094604492
2015-03-16,117.0,58.89603042602539
2015-03-17,116.43000030517578,58.60911560058594
2015-03-18,117.44999694824219,59.122554779052734
2015-03-19,116.55000305175781,58.669490814208984
2015-03-20,117.38999938964844,59.09234619140625
2015-03-23,117.56999969482422,59.182952880859375
2015-03-24,117.66000366210938,59.22822952270508
2015-03-25,117.41999816894531,59.107444763183594
2015-03-26,117.44999694824219,59.122554779052734
2015-03-27,117.41999816894531,59.107444763183594
2015-03-30,117.69000244140625,59.243343353271484
2015-03-31,117.66000366210938,59.22822952270508
2015-04-01,117.38999938964844,59.37849807739258
2015-04-02,117.44999694824219,59.408843994140625
2015-04-06,117.72000122070312,59.54539108276367
2015-04-07,118.08000183105469,59.72751235961914
2015-04-08,118.13999938964844,59.757869720458984
2015-04-09,118.08000183105469,59.72751235961914
2015-04-10,118.19999694824219,59.78817367553711
2015-04-13,118.26000213623047,59.818565368652344
2015-04-14,118.41000366210938,59.89442825317383
2015-04-15,118.70999908447266,60.04617691040039
2015-04-16,118.58999633789062,59.98548889160156
2015-04-17,118.2300033569336,59.803375244140625
2015-04-20,118.58999633789062,59.98548889160156
2015-04-21,118.6500015258789,60.01582336425781
2015-04-22,118.62000274658203,60.00065994262695
2015-04-23,118.58999633789062,59.98548889160156
2015-04-24,118.73999786376953,60.06134033203125
2015-04-27,118.83000183105469,60.10688400268555
2015-04-28,118.73999786376953,60.06134033203125
2015-04-29,118.47000122070312,59.92478942871094
2015-04-30,118.31999969482422,59.84888458251953
2015-05-01,118.0199966430664,59.98308563232422
2015-05-04,118.11000061035156,60.028839111328125
2015-05-05,118.0199966430664,59.98308563232422
2015-05-06,117.66000366210938,59.80012512207031
2015-05-07,117.56999969482422,59.754356384277344
2015-05-08,118.31999969482422,60.135589599609375
2015-05-11,117.80999755859375,59.8763542175293
2015-05-12,117.77999877929688,59.861141204833984
2015-05-13,117.5999984741211,59.76960372924805
2015-05-14,118.2300033569336,60.089813232421875
2015-05-15,118.3499984741211,60.15081024169922
2015-05-18,118.11000061035156,60.028839111328125
2015-05-19,117.87000274658203,59.906890869140625
2015-05-20,117.87000274658203,59.906890869140625
2015-05-21,117.98999786376953,59.967811584472656
2015-05-22,118.13999938964844,60.04409408569336
2015-05-26,117.95999908447266,59.95259475708008
2015-05-27,118.26000213623047,60.10507583618164
2015-05-28,118.13999938964844,60.04409408569336
2015-05-29,118.26000213623047,60.10507583618164
2015-06-01,117.66000366210938,60.082054138183594
2015-06-02,117.54000091552734,60.02082824707031
2015-06-03,116.94000244140625,59.71440505981445
2015-06-04,116.66999816894531,59.5765495300293
2015-06-05,116.4000015258789,59.43864822387695
2015-06-08,116.27999877929688,59.37737274169922
2015-06-09,116.0999984741211,59.285499572753906
2015-06-10,116.0999984741211,59.285499572753906
2015-06-11,116.37000274658203,59.42335891723633
2015-06-12,116.06999969482422,59.2701301574707
2015-06-15,115.47000122070312,58.96382141113281
2015-06-16,115.94999694824219,59.2088737487793
2015-06-17,115.88999938964844,59.178218841552734
2015-06-18,116.19000244140625,59.3314208984375
2015-06-19,116.0999984741211,59.285499572753906
2015-06-22,116.55000305175781,59.51526641845703
2015-06-23,116.5199966430664,59.499961853027344
2015-06-24,116.30999755859375,59.39271926879883
2015-06-25,116.12999725341797,59.300777435302734
2015-06-26,115.73999786376953,59.101661682128906
2015-06-29,114.9000015258789,58.67268753051758
2015-06-30,115.29000091552734,58.871856689453125
2015-07-01,114.9000015258789,58.96269989013672
2015-07-02,115.11000061035156,59.07045364379883
2015-07-06,114.80999755859375,58.916500091552734
2015-07-07,114.69000244140625,58.85491180419922
2015-07-08,113.97000122070312,58.4854736328125
2015-07-09,114.2699966430664,58.639404296875
2015-07-10,114.77999877929688,58.90109634399414
2015-07-13,114.9000015258789,58.96269989013672
2015-07-14,114.87000274658203,58.94731903076172
2015-07-15,114.9000015258789,58.96269989013672
2015-07-16,115.0199966430664,59.0242919921875
2015-07-17,114.5999984741211,58.8087158203125
2015-07-20,114.36000061035156,58.685569763183594
2015-07-21,114.0,58.50087356567383
2015-07-22,113.4000015258789,58.192935943603516
2015-07-23,113.45999908447266,58.2237434387207
2015-07-24,113.04000091552734,58.00822448730469
2015-07-27,112.55999755859375,57.76187515258789
2015-07-28,112.94999694824219,57.962039947509766
2015-07-29,113.63999938964844,58.31610870361328
2015-07-30,113.97000122070312,58.4854736328125
2015-07-31,113.91000366210938,58.45465087890625
2015-08-03,113.01000213623047,58.273681640625
2015-08-04,113.04000091552734,58.28911209106445
2015-08-05,112.9800033569336,58.258155822753906
2015-08-06,112.52999877929688,58.02614212036133
2015-08-07,112.08000183105469,57.7940788269043
2015-08-10,112.26000213623047,57.88694381713867
2015-08-11,111.77999877929688,57.6394157409668
2015-08-12,111.54000091552734,57.51565170288086
2015-08-13,111.44999694824219,57.469268798828125
2015-08-14,111.54000091552734,57.51565170288086
2015-08-17,111.38999938964844,57.43833541870117
2015-08-18,111.36000061035156,57.42281723022461
2015-08-19,111.08999633789062,57.283653259277344
2015-08-20,110.48999786376953,56.97422790527344
2015-08-21,110.16000366210938,56.8040657043457
2015-08-24,108.9000015258789,56.15434265136719
2015-08-25,109.19999694824219,56.30903244018555
2015-08-26,110.27999877929688,56.86593246459961
2015-08-27,110.91000366210938,57.190792083740234
2015-08-28,110.97000122070312,57.221736907958984
2015-08-31,111.02999877929688,57.25267028808594
2015-09-01,109.9800033569336,56.99768829345703
2015-09-02,110.58000183105469,57.30866241455078
2015-09-03,110.55000305175781,57.2930908203125
2015-09-04,110.43000030517578,57.23091506958008
2015-09-08,111.1500015258789,57.60407257080078
2015-09-09,111.02999877929688,57.54185104370117
2015-09-10,111.23999786376953,57.650718688964844
2015-09-11,111.12000274658203,57.5885124206543
2015-09-14,111.12000274658203,57.5885124206543
2015-09-15,111.02999877929688,57.54185104370117
2015-09-16,110.66999816894531,57.35529327392578
2015-09-17,110.79000091552734,57.417518615722656
2015-09-18,110.25,57.13766098022461
2015-09-21,110.27999877929688,57.15317153930664
2015-09-22,109.55999755859375,56.78004455566406
2015-09-23,109.3499984741211,56.67120361328125
2015-09-24,108.72000122070312,56.3447151184082
2015-09-25,108.33000183105469,56.14259719848633
2015-09-28,106.7699966430664,55.3340950012207
2015-09-29,106.68000030517578,55.28744888305664
2015-09-30,106.9800033569336,55.44293975830078
2015-10-01,106.11000061035156,55.28194808959961
2015-10-02,105.98999786376953,55.219425201416016
2015-10-05,107.16000366210938,55.829002380371094
2015-10-06,107.48999786376953,56.00090026855469
2015-10-07,108.51000213623047,56.532310485839844
2015-10-08,108.9000015258789,56.735504150390625
2015-10-09,108.93000030517578,56.75111770629883
2015-10-12,108.80999755859375,56.6885871887207
2015-10-13,108.5999984741211,56.579193115234375
2015-10-14,108.5999984741211,56.579193115234375
2015-10-15,108.66000366210938,56.61046600341797
2015-10-16,109.13999938964844,56.86054611206055
2015-10-19,109.52999877929688,57.063720703125
2015-10-20,109.52999877929688,57.063720703125
2015-10-21,109.37999725341797,56.98556900024414
2015-10-22,109.3499984741211,56.969932556152344
2015-10-23,109.80000305175781,57.204402923583984
2015-10-26,109.68000030517578,57.1418342590332
2015-10-27,109.37999725341797,56.98556900024414
2015-10-28,109.62000274658203,57.110618591308594
2015-10-29,109.37999725341797,56.98556900024414
2015-10-30,109.41000366210938,57.001216888427734
2015-11-02,109.19999694824219,57.16925811767578
2015-11-03,109.26000213623047,57.20068359375
2015-11-04,109.11000061035156,57.12214279174805
2015-11-05,108.83999633789062,56.980777740478516
2015-11-06,108.36000061035156,56.72947692871094
2015-11-09,107.87999725341797,56.47819137573242
2015-11-10,107.55000305175781,56.305419921875
2015-11-11,107.30999755859375,56.179786682128906
2015-11-12,106.5,55.75572204589844
2015-11-13,106.26000213623047,55.63005447387695
2015-11-16,106.6500015258789,55.83429718017578
2015-11-17,106.5,55.75572204589844
2015-11-18,106.70999908447266,55.86565017700195
2015-11-19,106.08000183105469,55.535823822021484
2015-11-20,105.80999755859375,55.39450454711914
2015-11-23,105.72000122070312,55.347373962402344
2015-11-24,105.77999877929688,55.3787727355957
2015-11-25,105.77999877929688,55.3787727355957
2015-11-27,106.11000061035156,55.551551818847656
2015-11-30,106.08000183105469,55.535823822021484
2015-12-01,105.98999786376953,55.79165267944336
2015-12-02,105.66000366210938,55.61798095703125
2015-12-03,105.44999694824219,55.507408142089844
2015-12-04,105.23999786376953,55.3968505859375
2015-12-07,104.5199966430664,55.01787185668945
2015-12-08,103.31999969482422,54.386226654052734
2015-12-09,103.55999755859375,54.51253890991211
2015-12-10,103.13999938964844,54.29146957397461
2015-12-11,101.06999969482422,53.20185852050781
2015-12-14,100.26000213623047,52.77546310424805
2015-12-15,101.43000030517578,53.39134979248047
2015-12-16,102.30000305175781,53.84932327270508
2015-12-17,101.16000366210938,53.24922561645508
2015-12-18,100.7699966430664,53.04393005371094
2015-12-21,100.68000030517578,52.996585845947266
2015-12-22,101.55000305175781,53.45450210571289
2015-12-23,102.05999755859375,53.72296905517578
2015-12-24,102.18000030517578,53.786170959472656
2015-12-28,101.58000183105469,53.47031021118164
2015-12-29,101.69999694824219,53.83396530151367
2015-12-30,101.7300033569336,53.84984588623047
2015-12-31,101.7300033569336,53.84984588623047
2016-01-04,101.22000122070312,53.57986831665039
2016-01-05,101.43000030517578,53.691036224365234
2016-01-06,101.33999633789062,53.64339828491211
2016-01-07,100.80000305175781,53.3575553894043
2016-01-08,100.44000244140625,53.16701126098633
2016-01-11,100.29000091552734,53.08762741088867
2016-01-12,100.52999877929688,53.21464538574219
2016-01-13,99.18000030517578,52.50003433227539
2016-01-14,99.41999816894531,52.627052307128906
2016-01-15,98.19000244140625,51.975975036621094
2016-01-19,97.70999908447266,51.7219123840332
2016-01-20,96.87000274658203,51.27722930908203
2016-01-21,97.31999969482422,51.51546859741211
2016-01-22,98.87999725341797,52.34121322631836
2016-01-25,98.04000091552734,51.896583557128906
2016-01-26,98.87999725341797,52.34121322631836
2016-01-27,98.63999938964844,52.21415328979492
2016-01-28,99.08999633789062,52.45238494873047
2016-01-29,99.62999725341797,52.7382698059082
2016-02-01,98.45999908447266,52.3950309753418
2016-02-02,97.6500015258789,51.963966369628906
2016-02-03,98.01000213623047,52.15549087524414
2016-02-04,97.7699966430664,52.02778244018555
2016-02-05,96.9000015258789,51.564842224121094
2016-02-08,95.7300033569336,50.94224548339844
2016-02-09,95.27999877929688,50.7027702331543
2016-02-10,95.12999725341797,50.62294387817383
2016-02-11,94.47000122070312,50.27171325683594
2016-02-12,96.0,51.0859260559082
2016-02-16,96.1500015258789,51.165733337402344
2016-02-17,96.87000274658203,51.54887771606445
2016-02-18,96.95999908447266,51.596763610839844
2016-02-19,97.13999938964844,51.69255065917969
2016-02-22,98.0999984741211,52.203407287597656
2016-02-23,97.9800033569336,52.13958740234375
2016-02-24,98.12999725341797,52.21936798095703
2016-02-25,98.55000305175781,52.44287109375
2016-02-26,99.20999908447266,52.79410171508789
2016-02-29,100.29000091552734,53.368831634521484
2016-03-01,101.55000305175781,54.34658432006836
2016-03-02,100.83000183105469,53.96125793457031
2016-03-03,101.0999984741211,54.105735778808594
2016-03-04,101.43000030517578,54.282344818115234
2016-03-07,101.5199966430664,54.330528259277344
2016-03-08,100.83000183105469,53.96125793457031
2016-03-09,101.06999969482422,54.089664459228516
2016-03-10,101.79000091552734,54.47500228881836
2016-03-11,102.98999786376953,55.11723709106445
2016-03-14,102.75,54.98875045776367
2016-03-15,102.08999633789062,54.635562896728516
2016-03-16,102.80999755859375,55.02088165283203
2016-03-17,103.5,55.39018249511719
2016-03-18,103.62000274658203,55.45438766479492
2016-03-21,103.58999633789062,55.43830108642578
2016-03-22,103.44000244140625,55.358055114746094
2016-03-23,102.9000015258789,55.069068908691406
2016-03-24,102.44999694824219,54.828224182128906
2016-03-28,101.94000244140625,54.555301666259766
2016-03-29,102.23999786376953,54.715858459472656
2016-03-30,102.5999984741211,54.908504486083984
2016-03-31,102.75,54.98875045776367
2016-04-01,102.41999816894531,55.108219146728516
2016-04-04,102.02999877929688,54.89840316772461
2016-04-05,101.61000061035156,54.67238998413086
2016-04-06,102.36000061035156,55.07594680786133
2016-04-07,101.76000213623047,54.75312042236328
2016-04-08,102.41999816894531,55.108219146728516
2016-04-11,102.5999984741211,55.20508575439453
2016-04-12,103.26000213623047,55.560211181640625
2016-04-13,103.9800033569336,55.94759750366211
2016-04-14,103.88999938964844,55.8991813659668
2016-04-15,103.68000030517578,55.786163330078125
2016-04-18,104.4000015258789,56.1735954284668
2016-04-19,104.97000122070312,56.48030090332031
2016-04-20,105.18000030517578,56.593265533447266
2016-04-21,104.81999969482422,56.399574279785156
2016-04-22,105.12000274658203,56.561012268066406
2016-04-25,104.76000213623047,56.36729431152344
2016-04-26,105.18000030517578,56.593265533447266
2016-04-27,105.75,56.89997100830078
2016-04-28,105.72000122070312,56.88384246826172
2016-04-29,105.9000015258789,56.9807014465332
2016-05-02,105.44999694824219,57.03098678588867
2016-05-03,104.63999938964844,56.88582992553711
2016-05-04,104.0999984741211,56.592262268066406
2016-05-05,104.12999725341797,56.60859298706055
2016-05-06,104.0999984741211,56.592262268066406
2016-05-09,104.04000091552734,56.559654235839844
2016-05-10,104.8499984741211,56.99998092651367
2016-05-11,104.81999969482422,56.983680725097656
2016-05-12,104.81999969482422,56.983680725097656
2016-05-13,104.4000015258789,56.755374908447266
2016-05-16,105.02999877929688,57.09782409667969
2016-05-17,104.94000244140625,57.04893493652344
2016-05-18,104.8499984741211,56.99998092651367
2016-05-19,104.61000061035156,56.869468688964844
2016-05-20,104.97000122070312,57.06526184082031
2016-05-23,105.02999877929688,57.09782409667969
2016-05-24,105.66000366210938,57.4403190612793
2016-05-25,105.9000015258789,57.570823669433594
2016-05-26,105.69000244140625,57.456668853759766
2016-05-27,105.80999755859375,57.52190017700195
2016-05-31,105.69000244140625,57.456668853759766
2016-06-01,105.18000030517578,57.484519958496094
2016-06-02,105.20999908447266,57.50092697143555
2016-06-03,105.38999938964844,57.59928512573242
2016-06-06,105.9000015258789,57.87803268432617
2016-06-07,106.41000366210938,58.1567497253418
2016-06-08,106.88999938964844,58.419097900390625
2016-06-09,106.41000366210938,58.1567497253418
2016-06-10,105.83999633789062,57.845237731933594
2016-06-13,105.23999786376953,57.517311096191406
2016-06-14,104.87999725341797,57.32054138183594
2016-06-15,104.76000213623047,57.254981994628906
2016-06-16,104.7300033569336,57.238582611083984
2016-06-17,104.8499984741211,57.304161071777344
2016-06-20,105.5999984741211,57.71406173706055
2016-06-21,106.19999694824219,58.0419807434082
2016-06-22,106.11000061035156,57.992801666259766
2016-06-23,106.88999938964844,58.419097900390625
2016-06-24,105.30000305175781,57.55009841918945
2016-06-27,103.47000122070312,56.54994583129883
2016-06-28,104.87999725341797,57.32054138183594
2016-06-29,106.16999816894531,58.02559280395508
2016-06-30,107.06999969482422,58.51748275756836
2016-07-01,106.58999633789062,58.56194305419922
2016-07-05,106.08000183105469,58.281776428222656
2016-07-06,106.58999633789062,58.56194305419922
2016-07-07,106.7699966430664,58.66086196899414
2016-07-08,108.20999908447266,59.45200729370117
2016-07-11,108.41999816894531,59.56736755371094
2016-07-12,108.69000244140625,59.71571731567383
2016-07-13,108.41999816894531,59.56736755371094
2016-07-14,108.51000213623047,59.61686706542969
2016-07-15,108.33000183105469,59.51795196533203
2016-07-18,108.77999877929688,59.76519775390625
2016-07-19,108.44999694824219,59.58389663696289
2016-07-20,108.72000122070312,59.73223114013672
2016-07-21,108.69000244140625,59.71571731567383
2016-07-22,109.08000183105469,59.929988861083984
2016-07-25,108.4800033569336,59.60037612915039
2016-07-26,108.18000030517578,59.4355583190918
2016-07-27,108.4800033569336,59.60037612915039
2016-07-28,107.97000122070312,59.32014846801758
2016-07-29,108.18000030517578,59.4355583190918
2016-08-01,106.94999694824219,59.06772232055664
2016-08-02,106.83000183105469,59.001434326171875
2016-08-03,107.19000244140625,59.200260162353516
2016-08-04,107.91000366210938,59.597904205322266
2016-08-05,108.12000274658203,59.7138786315918
2016-08-08,108.72000122070312,60.045284271240234
2016-08-09,109.08000183105469,60.244075775146484
2016-08-10,109.05000305175781,60.22754669189453
2016-08-11,109.2300033569336,60.32693099975586
2016-08-12,109.3499984741211,60.39323043823242
2016-08-15,109.6500015258789,60.55890655517578
2016-08-16,109.31999969482422,60.37666320800781
2016-08-17,109.5,60.476051330566406
2016-08-18,109.91999816894531,60.70802307128906
2016-08-19,109.62000274658203,60.54236602783203
2016-08-22,109.37999725341797,60.409812927246094
2016-08-23,109.86000061035156,60.67487716674805
2016-08-24,109.52999877929688,60.49264907836914
2016-08-25,109.58999633789062,60.52574157714844
2016-08-26,109.62000274658203,60.54236602783203
2016-08-29,110.19000244140625,60.85714340209961
2016-08-30,110.16000366210938,60.840553283691406
2016-08-31,109.62000274658203,60.54236602783203
2016-09-01,109.31999969482422,60.685546875
2016-09-02,109.91999816894531,61.018619537353516
2016-09-06,110.04000091552734,61.085235595703125
2016-09-07,109.83000183105469,60.96866226196289
2016-09-08,109.58999633789062,60.83543014526367
2016-09-09,108.44999694824219,60.20262908935547
2016-09-12,108.80999755859375,60.4024772644043
2016-09-13,108.02999877929688,59.96949005126953
2016-09-14,107.94000244140625,59.91949462890625
2016-09-15,108.51000213623047,60.23591995239258
2016-09-16,108.41999816894531,60.18593215942383
2016-09-19,108.54000091552734,60.252559661865234
2016-09-20,108.4800033569336,60.21929168701172
2016-09-21,109.3499984741211,60.70221710205078
2016-09-22,109.7699966430664,60.93535232543945
2016-09-23,109.52999877929688,60.80213928222656
2016-09-26,109.05000305175781,60.53569412231445
2016-09-27,109.47000122070312,60.768836975097656
2016-09-28,110.19000244140625,61.16851043701172
2016-09-29,109.68000030517578,60.88542175292969
2016-09-30,110.16000366210938,61.151824951171875
2016-10-03,109.62000274658203,61.161903381347656
2016-10-04,109.5,61.094932556152344
2016-10-05,109.80000305175781,61.262325286865234
2016-10-06,109.80000305175781,61.262325286865234
2016-10-07,110.04000091552734,61.39624786376953
2016-10-10,110.45999908447266,61.63058853149414
2016-10-11,109.83000183105469,61.27906799316406
2016-10-12,109.73999786376953,61.228878021240234
2016-10-13,109.58999633789062,61.145164489746094
2016-10-14,109.73999786376953,61.228878021240234
2016-10-17,109.70999908447266,61.21215057373047
2016-10-18,110.06999969482422,61.4129524230957
2016-10-19,110.43000030517578,61.61383819580078
2016-10-20,110.4000015258789,61.597110748291016
2016-10-21,110.5199966430664,61.664093017578125
2016-10-24,110.61000061035156,61.71428298950195
2016-10-25,110.55000305175781,61.68080520629883
2016-10-26,110.04000091552734,61.39624786376953
2016-10-27,109.58999633789062,61.145164489746094
2016-10-28,109.11000061035156,60.877342224121094
2016-10-31,108.77999877929688,60.69324493408203
2016-11-01,107.87999725341797,60.50143051147461
2016-11-02,107.25,60.148094177246094
2016-11-03,107.27999877929688,60.164913177490234
2016-11-04,107.45999908447266,60.26587677001953
2016-11-07,108.87000274658203,61.05662155151367
2016-11-08,108.69000244140625,60.95567321777344
2016-11-09,107.97000122070312,60.55189895629883
2016-11-10,106.44000244140625,59.69386672973633
2016-11-11,105.38999938964844,59.104976654052734
2016-11-14,106.16999816894531,59.542388916015625
2016-11-15,107.58000183105469,60.33317565917969
2016-11-16,107.16000366210938,60.09766387939453
2016-11-17,106.91999816894531,59.963043212890625
2016-11-18,106.86000061035156,59.92938232421875
2016-11-21,107.76000213623047,60.43416976928711
2016-11-22,108.56999969482422,60.888397216796875
2016-11-23,108.08999633789062,60.61922073364258
2016-11-25,108.2699966430664,60.720130920410156
2016-11-28,108.36000061035156,60.77064895629883
2016-11-29,108.1500015258789,60.65285873413086
2016-11-30,108.36000061035156,60.77064895629883
2016-12-01,107.4000015258789,60.53053283691406
2016-12-02,108.02999877929688,60.8856201171875
2016-12-05,108.36000061035156,61.07160186767578
2016-12-06,108.77999877929688,61.30829620361328
2016-12-07,109.47000122070312,61.69715881347656
2016-12-08,109.37999725341797,61.64646530151367
2016-12-09,109.37999725341797,61.64646530151367
2016-12-12,109.26000213623047,61.57882308959961
2016-12-13,109.58999633789062,61.76479721069336
2016-12-14,108.66000366210938,61.24064254760742
2016-12-15,108.77999877929688,61.30829620361328
2016-12-16,108.87000274658203,61.3590087890625
2016-12-19,109.26000213623047,61.57882308959961
2016-12-20,109.31999969482422,61.612613677978516
2016-12-21,109.55999755859375,61.7479133605957
2016-12-22,109.70999908447266,61.83243179321289
2016-12-23,109.9800033569336,61.98457717895508
2016-12-27,109.70999908447266,61.83243179321289
2016-12-28,109.05000305175781,61.766178131103516
2016-12-29,109.19999694824219,61.851131439208984
2016-12-30,109.3499984741211,61.93608474731445
2017-01-03,109.88999938964844,62.241973876953125
2017-01-04,110.37000274658203,62.51382064819336
2017-01-05,110.19000244140625,62.411869049072266
2017-01-06,110.22000122070312,62.42886734008789
2017-01-09,110.25,62.445858001708984
2017-01-10,110.30999755859375,62.479835510253906
2017-01-11,110.27999877929688,62.46284866333008
2017-01-12,110.30999755859375,62.479835510253906
2017-01-13,110.33999633789062,62.49683380126953
2017-01-17,110.27999877929688,62.46284866333008
2017-01-18,110.33999633789062,62.49683380126953
2017-01-19,110.04000091552734,62.32691192626953
2017-01-20,110.25,62.445858001708984
2017-01-23,110.27999877929688,62.46284866333008
2017-01-24,110.5199966430664,62.598793029785156
2017-01-25,110.8499984741211,62.785701751708984
2017-01-26,110.91000366210938,62.81968307495117
2017-01-27,111.0,62.87065505981445
2017-01-30,110.76000213623047,62.73471450805664
2017-01-31,110.7300033569336,62.71772766113281
2017-02-01,110.45999908447266,62.86284255981445
2017-02-02,110.4000015258789,62.82868957519531
2017-02-03,110.63999938964844,62.965293884277344
2017-02-06,110.45999908447266,62.86284255981445
2017-02-07,110.4000015258789,62.82868957519531
2017-02-08,110.37000274658203,62.81162643432617
2017-02-09,110.61000061035156,62.94820022583008
2017-02-10,110.69999694824219,62.99942398071289
2017-02-13,110.81999969482422,63.06769561767578
2017-02-14,110.97000122070312,63.15312194824219
2017-02-15,110.94000244140625,63.136024475097656
2017-02-16,110.81999969482422,63.06769561767578
2017-02-17,110.87999725341797,63.10184097290039
2017-02-21,111.30000305175781,63.34090042114258
2017-02-22,111.33000183105469,63.357967376708984
2017-02-23,111.44999694824219,63.42625427246094
2017-02-24,111.44999694824219,63.42625427246094
2017-02-27,111.62999725341797,63.52871322631836
2017-02-28,111.66000366210938,63.54579162597656
2017-03-01,111.54000091552734,63.77908706665039
2017-03-02,111.2699966430664,63.624671936035156
2017-03-03,111.2699966430664,63.624671936035156
2017-03-06,110.79000091552734,63.35018539428711
2017-03-07,110.12999725341797,62.97281265258789
2017-03-08,109.31999969482422,62.509666442871094
2017-03-09,108.98999786376953,62.32097244262695
2017-03-10,108.98999786376953,62.32097244262695
2017-03-13,109.16999816894531,62.42386245727539
2017-03-14,108.75,62.1837158203125
2017-03-15,110.25,63.04140090942383
2017-03-16,109.91999816894531,62.85274887084961
2017-03-17,109.88999938964844,62.8355712890625
2017-03-20,109.7699966430664,62.766971588134766
2017-03-21,108.9000015258789,62.26948928833008
2017-03-22,109.29000091552734,62.49250793457031
2017-03-23,109.13999938964844,62.40674591064453
2017-03-24,109.62000274658203,62.681190490722656
2017-03-27,109.41000366210938,62.56114196777344
2017-03-28,110.19000244140625,63.00708770751953
2017-03-29,110.30999755859375,63.07576370239258
2017-03-30,110.87999725341797,63.40163803100586
2017-03-31,110.79000091552734,63.35018539428711
2017-04-03,110.25,63.336387634277344
2017-04-04,110.27999877929688,63.353675842285156
2017-04-05,110.12999725341797,63.26747512817383
2017-04-06,110.27999877929688,63.353675842285156
2017-04-07,110.27999877929688,63.353675842285156
2017-04-10,110.48999786376953,63.47429656982422
2017-04-11,110.27999877929688,63.353675842285156
2017-04-12,110.37000274658203,63.40534591674805
2017-04-13,110.0999984741211,63.250247955322266
2017-04-17,110.45999908447266,63.457061767578125
2017-04-18,110.43000030517578,63.43984603881836
2017-04-19,110.37000274658203,63.40534591674805
2017-04-20,110.69999694824219,63.59492111206055
2017-04-21,110.61000061035156,63.54322814941406
2017-04-24,111.12000274658203,63.83626937866211
2017-04-25,111.36000061035156,63.97407531738281
2017-04-26,111.23999786376953,63.905174255371094
2017-04-27,111.38999938964844,63.99134063720703
2017-04-28,111.41999816894531,64.0085678100586
2017-05-01,110.87999725341797,63.99126052856445
2017-05-02,111.05999755859375,64.09515380859375
2017-05-03,111.1500015258789,64.1470718383789
2017-05-04,110.48999786376953,63.766170501708984
2017-05-05,110.79000091552734,63.93934631347656
2017-05-08,110.91000366210938,64.00857543945312
2017-05-09,110.81999969482422,63.95659255981445
2017-05-10,111.23999786376953,64.19903564453125
2017-05-11,111.23999786376953,64.19903564453125
2017-05-12,111.2699966430664,64.21633911132812
2017-05-15,111.54000091552734,64.37215423583984
2017-05-16,111.66000366210938,64.44142150878906
2017-05-17,111.12000274658203,64.1297836303711
2017-05-18,111.2699966430664,64.21633911132812
2017-05-19,111.54000091552734,64.37215423583984
2017-05-22,111.83999633789062,64.54532623291016
2017-05-23,111.87000274658203,64.56257629394531
2017-05-24,112.05000305175781,64.66647338867188
2017-05-25,111.93000030517578,64.59717559814453
2017-05-26,111.98999786376953,64.63188171386719
2017-05-30,112.19999694824219,64.75304412841797
2017-05-31,112.16999816894531,64.73577880859375
2017-06-01,111.77999877929688,64.87677001953125
2017-06-02,111.83999633789062,64.9116439819336
2017-06-05,111.77999877929688,64.87677001953125
2017-06-06,111.62999725341797,64.78973388671875
2017-06-07,111.38999938964844,64.6504135131836
2017-06-08,111.44999694824219,64.68521881103516
2017-06-09,111.38999938964844,64.6504135131836
2017-06-12,111.69000244140625,64.82451629638672
2017-06-13,111.83999633789062,64.9116439819336
2017-06-14,111.77999877929688,64.87677001953125
2017-06-15,111.51000213623047,64.72006225585938
2017-06-16,111.20999908447266,64.54595184326172
2017-06-19,111.62999725341797,64.78973388671875
2017-06-20,111.30000305175781,64.59815979003906
2017-06-21,110.61000061035156,64.19773864746094
2017-06-22,110.87999725341797,64.35442352294922
2017-06-23,111.30000305175781,64.59815979003906
2017-06-26,111.44999694824219,64.68521881103516
2017-06-27,111.18000030517578,64.52853393554688
2017-06-28,111.56999969482422,64.75492858886719
2017-06-29,111.36000061035156,64.63298034667969
2017-06-30,111.5999984741211,64.77228546142578
2017-07-03,111.02999877929688,64.73381805419922
2017-07-05,110.87999725341797,64.64636993408203
2017-07-06,110.61000061035156,64.48897552490234
2017-07-07,110.48999786376953,64.41897583007812
2017-07-10,110.69999694824219,64.54145050048828
2017-07-11,110.63999938964844,64.50643157958984
2017-07-12,111.2699966430664,64.87374114990234
2017-07-13,111.36000061035156,64.92618560791016
2017-07-14,111.56999969482422,65.04867553710938
2017-07-17,111.62999725341797,65.08363342285156
2017-07-18,111.77999877929688,65.17108917236328
2017-07-19,111.95999908447266,65.27599334716797
2017-07-20,112.08000183105469,65.34601593017578
2017-07-21,111.95999908447266,65.27599334716797
2017-07-24,112.08000183105469,65.34601593017578
2017-07-25,112.11000061035156,65.36353302001953
2017-07-26,112.26000213623047,65.4509506225586
2017-07-27,112.2300033569336,65.43346405029297
2017-07-28,112.2300033569336,65.43346405029297
2017-07-31,112.19999694824219,65.41597747802734
2017-08-01,111.9000015258789,65.52665710449219
2017-08-02,111.9000015258789,65.52665710449219
2017-08-03,111.62999725341797,65.3685302734375
2017-08-04,111.66000366210938,65.38612365722656
2017-08-07,111.62999725341797,65.3685302734375
2017-08-08,111.30000305175781,65.17527770996094
2017-08-09,110.81999969482422,64.89420318603516
2017-08-10,110.04000091552734,64.4374771118164
2017-08-11,110.30999755859375,64.5955810546875
2017-08-14,110.79000091552734,64.87664031982422
2017-08-15,110.91000366210938,64.94691467285156
2017-08-16,110.91000366210938,64.94691467285156
2017-08-17,110.33999633789062,64.61314392089844
2017-08-18,110.43000030517578,64.66582489013672
2017-08-21,110.55000305175781,64.73611450195312
2017-08-22,111.05999755859375,65.0347671508789
2017-08-23,111.0,64.99961853027344
2017-08-24,111.1500015258789,65.08744812011719
2017-08-25,111.38999938964844,65.22799682617188
2017-08-28,111.38999938964844,65.22799682617188
2017-08-29,111.2699966430664,65.1577377319336
2017-08-30,111.51000213623047,65.29827117919922
2017-08-31,111.77999877929688,65.45634460449219
2017-09-01,111.33000183105469,65.48109436035156
2017-09-05,111.18000030517578,65.39286804199219
2017-09-06,111.08999633789062,65.33990478515625
2017-09-07,111.12000274658203,65.35759735107422
2017-09-08,110.79000091552734,65.1634521484375
2017-09-11,111.1500015258789,65.37522888183594
2017-09-12,111.30000305175781,65.46343994140625
2017-09-13,111.23999786376953,65.4281234741211
2017-09-14,111.4800033569336,65.56930541992188
2017-09-15,111.51000213623047,65.58695220947266
2017-09-18,111.4800033569336,65.56930541992188
2017-09-19,111.66000366210938,65.67520904541016
2017-09-20,111.62999725341797,65.65751647949219
2017-09-21,111.44999694824219,65.55166625976562
2017-09-22,111.5999984741211,65.63993072509766
2017-09-25,111.69000244140625,65.69281005859375
2017-09-26,111.80999755859375,65.763427734375
2017-09-27,111.87000274658203,65.79866027832031
2017-09-28,111.87000274658203,65.79866027832031
2017-09-29,111.95999908447266,65.85160064697266
2017-10-02,111.51000213623047,65.86402893066406
2017-10-03,111.72000122070312,65.98809814453125
2017-10-04,111.54000091552734,65.88172912597656
2017-10-05,111.69000244140625,65.9703598022461
2017-10-06,111.54000091552734,65.88172912597656
2017-10-09,111.62999725341797,65.9349136352539
2017-10-10,111.72000122070312,65.98809814453125
2017-10-11,111.56999969482422,65.89948272705078
2017-10-12,111.4800033569336,65.84630584716797
2017-10-13,111.54000091552734,65.88172912597656
2017-10-16,111.56999969482422,65.89948272705078
2017-10-17,111.75,66.00579833984375
2017-10-18,111.80999755859375,66.04125213623047
2017-10-19,111.87000274658203,66.07665252685547
2017-10-20,111.95999908447266,66.12981414794922
2017-10-23,111.83999633789062,66.0589370727539
2017-10-24,111.93000030517578,66.11210632324219
2017-10-25,111.56999969482422,65.89948272705078
2017-10-26,111.41999816894531,65.81085968017578
2017-10-27,111.69000244140625,65.9703598022461
2017-10-30,111.66000366210938,65.95263671875
2017-10-31,111.72000122070312,65.98809814453125
2017-11-01,111.12000274658203,65.93468475341797
2017-11-02,111.05999755859375,65.8990478515625
2017-11-03,111.0,65.86346435546875
2017-11-06,110.94000244140625,65.82786560058594
2017-11-07,110.79000091552734,65.73888397216797
2017-11-08,110.25,65.41841125488281
2017-11-09,109.52999877929688,64.99119567871094
2017-11-10,110.04000091552734,65.29381561279297
2017-11-13,109.91999816894531,65.22260284423828
2017-11-14,109.5,64.97339630126953
2017-11-15,109.41000366210938,64.91999816894531
2017-11-16,110.43000030517578,65.5252685546875
2017-11-17,110.37000274658203,65.48963928222656
2017-11-20,110.43000030517578,65.5252685546875
2017-11-21,110.63999938964844,65.64984130859375
2017-11-22,110.87999725341797,65.79220581054688
2017-11-24,110.97000122070312,65.84564208984375
2017-11-27,110.69999694824219,65.68543243408203
2017-11-28,111.0,65.86346435546875
2017-11-29,110.8499984741211,65.77445220947266
2017-11-30,110.81999969482422,65.75666809082031
2017-12-01,110.25,65.71552276611328
2017-12-04,110.19000244140625,65.67976379394531
2017-12-05,110.25,65.71552276611328
2017-12-06,110.12999725341797,65.64397430419922
2017-12-07,110.22000122070312,65.69763946533203
2017-12-08,110.27999877929688,65.7333984375
2017-12-11,110.33999633789062,65.76913452148438
2017-12-12,110.33999633789062,65.76913452148438
2017-12-13,110.33999633789062,65.76913452148438
2017-12-14,110.06999969482422,65.60822296142578
2017-12-15,110.0999984741211,65.6260986328125
2017-12-18,110.22000122070312,65.69763946533203
2017-12-19,109.52999877929688,65.57551574707031
2017-12-20,109.6500015258789,65.64736938476562
2017-12-21,109.68000030517578,65.66534423828125
2017-12-22,109.88999938964844,65.7909927368164
2017-12-26,110.04000091552734,65.88085174560547
2017-12-27,110.06999969482422,65.8987808227539
2017-12-28,109.9800033569336,65.84494018554688
2017-12-29,110.16000366210938,65.95266723632812
2018-01-02,110.27999877929688,66.02452850341797
2018-01-03,110.81999969482422,66.34781646728516
2018-01-04,110.97000122070312,66.43766021728516
2018-01-05,111.08999633789062,66.5094985961914
2018-01-08,110.97000122070312,66.43766021728516
2018-01-09,110.69999694824219,66.2760009765625
2018-01-10,110.48999786376953,66.15023803710938
2018-01-11,110.76000213623047,66.31192016601562
2018-01-12,110.58000183105469,66.20415496826172
2018-01-16,110.61000061035156,66.22211456298828
2018-01-17,110.5199966430664,66.16824340820312
2018-01-18,110.43000030517578,66.11433410644531
2018-01-19,110.45999908447266,66.13230895996094
2018-01-22,110.55000305175781,66.18621826171875
2018-01-23,110.87999725341797,66.38374328613281
2018-01-24,110.79000091552734,66.32988739013672
2018-01-25,110.66999816894531,66.25798797607422
2018-01-26,110.76000213623047,66.31192016601562
2018-01-29,110.4000015258789,66.09635925292969
2018-01-30,109.91999816894531,65.80897521972656
2018-01-31,110.0999984741211,65.91676330566406
2018-02-01,109.3499984741211,65.75442504882812
2018-02-02,108.80999755859375,65.42970275878906
2018-02-05,108.12000274658203,65.01478576660156
2018-02-06,108.69000244140625,65.35755920410156
2018-02-07,108.2699966430664,65.10499572753906
2018-02-08,107.48999786376953,64.63597106933594
2018-02-09,107.04000091552734,64.3653793334961
2018-02-12,107.76000213623047,64.79832458496094
2018-02-13,107.45999908447266,64.61792755126953
2018-02-14,107.63999938964844,64.72615051269531
2018-02-15,108.41999816894531,65.19519805908203
2018-02-16,108.95999908447266,65.51992797851562
2018-02-20,108.56999969482422,65.28540802001953
2018-02-21,108.1500015258789,65.0328369140625
2018-02-22,108.1500015258789,65.0328369140625
2018-02-23,108.77999877929688,65.41165924072266
2018-02-26,109.0199966430664,65.55596160888672
2018-02-27,108.72000122070312,65.3755874633789
2018-02-28,108.62999725341797,65.32144927978516
2018-03-01,107.66999816894531,65.0369644165039
2018-03-02,108.0,65.23628997802734
2018-03-05,107.94000244140625,65.2000503540039
2018-03-06,108.08999633789062,65.29064178466797
2018-03-07,107.81999969482422,65.12761688232422
2018-03-08,107.91000366210938,65.18192291259766
2018-03-09,108.2699966430664,65.39939880371094
2018-03-12,108.1500015258789,65.32691192626953
2018-03-13,107.81999969482422,65.12761688232422
2018-03-14,107.69999694824219,65.05506134033203
2018-03-15,107.76000213623047,65.09129333496094
2018-03-16,107.91000366210938,65.18192291259766
2018-03-19,107.55000305175781,64.9644775390625
2018-03-20,107.69999694824219,65.05506134033203
2018-03-21,107.79000091552734,65.10945129394531
2018-03-22,107.12999725341797,64.71080017089844
2018-03-23,106.86000061035156,64.5477066040039
2018-03-26,107.5199966430664,64.94634246826172
2018-03-27,107.37000274658203,64.85574340820312
2018-03-28,107.30999755859375,64.81951904296875
2018-03-29,107.55000305175781,64.9644775390625
2018-04-02,106.83000183105469,64.80072021484375
2018-04-03,107.04000091552734,64.9281005859375
2018-04-04,107.30999755859375,65.09183502197266
2018-04-05,107.4000015258789,65.14645385742188
2018-04-06,107.22000122070312,65.03726959228516
2018-04-09,107.61000061035156,65.27381134033203
2018-04-10,108.0,65.51041412353516
2018-04-11,108.0,65.51041412353516
2018-04-12,108.41999816894531,65.76512908935547
2018-04-13,108.4800033569336,65.80152893066406
2018-04-16,108.62999725341797,65.89252471923828
2018-04-17,108.69000244140625,65.92890930175781
2018-04-18,108.56999969482422,65.85613250732422
2018-04-19,108.2699966430664,65.67420196533203
2018-04-20,107.97000122070312,65.4922103881836
2018-04-23,107.63999938964844,65.29199981689453
2018-04-24,107.45999908447266,65.18286895751953
2018-04-25,107.30999755859375,65.09183502197266
2018-04-26,107.66999816894531,65.31024169921875
2018-04-27,107.61000061035156,65.27381134033203
2018-04-30,107.61000061035156,65.27381134033203
2018-05-01,107.0999984741211,65.26101684570312
2018-05-02,107.0999984741211,65.26101684570312
2018-05-03,107.06999969482422,65.24275207519531
2018-05-04,107.12999725341797,65.27928924560547
2018-05-07,107.22000122070312,65.33414459228516
2018-05-08,107.0999984741211,65.26101684570312
2018-05-09,107.25,65.35246276855469
2018-05-10,107.48999786376953,65.49870300292969
2018-05-11,107.43000030517578,65.462158203125
2018-05-14,107.45999908447266,65.48040771484375
2018-05-15,106.91999816894531,65.15132904052734
2018-05-16,107.0999984741211,65.26101684570312
2018-05-17,107.0999984741211,65.26101684570312
2018-05-18,106.9800033569336,65.18790435791016
2018-05-21,107.0999984741211,65.26101684570312
2018-05-22,107.16000366210938,65.2975845336914
2018-05-23,107.22000122070312,65.33414459228516
2018-05-24,107.25,65.35246276855469
2018-05-25,107.0999984741211,65.26101684570312
2018-05-29,106.62000274658203,64.96856689453125
2018-05-30,107.01000213623047,65.20621490478516
2018-05-31,106.86000061035156,65.11474609375
2018-06-01,106.52999877929688,65.219482421875
2018-06-04,106.83000183105469,65.40312957763672
2018-06-05,107.04000091552734,65.53172302246094
2018-06-06,107.19000244140625,65.62355041503906
2018-06-07,107.25,65.66024780273438
2018-06-08,107.25,65.66024780273438
2018-06-11,107.43000030517578,65.77046966552734
2018-06-12,107.55000305175781,65.84396362304688
2018-06-13,107.55000305175781,65.84396362304688
2018-06-14,107.87999725341797,66.04595184326172
2018-06-15,107.8499984741211,66.027587890625
2018-06-18,107.79000091552734,65.99089050292969
2018-06-19,107.63999938964844,65.89900970458984
2018-06-20,107.76000213623047,65.9725112915039
2018-06-21,107.55000305175781,65.84396362304688
2018-06-22,107.58000183105469,65.86231994628906
2018-06-25,107.33999633789062,65.71534729003906
2018-06-26,107.33999633789062,65.71534729003906
2018-06-27,107.06999969482422,65.55006408691406
2018-06-28,106.68000030517578,65.31131744384766
2018-06-29,106.44000244140625,65.16438293457031
2018-07-02,105.93000030517578,65.15699005126953
2018-07-03,105.98999786376953,65.19391632080078
2018-07-05,106.41000366210938,65.45219421386719
2018-07-06,106.68000030517578,65.61829376220703
2018-07-09,106.86000061035156,65.72901153564453
2018-07-10,106.86000061035156,65.72901153564453
2018-07-11,106.7699966430664,65.67367553710938
2018-07-12,107.06999969482422,65.85820007324219
2018-07-13,107.06999969482422,65.85820007324219
2018-07-16,106.9800033569336,65.80284118652344
2018-07-17,107.06999969482422,65.85820007324219
2018-07-18,107.16000366210938,65.91357421875
2018-07-19,107.0999984741211,65.87664031982422
2018-07-20,107.12999725341797,65.89512634277344
2018-07-23,107.12999725341797,65.89512634277344
2018-07-24,107.33999633789062,66.02427673339844
2018-07-25,107.5199966430664,66.135009765625
2018-07-26,107.58000183105469,66.17193603515625
2018-07-27,107.5199966430664,66.135009765625
2018-07-30,107.61000061035156,66.19036865234375
2018-07-31,107.81999969482422,66.31952667236328
2018-08-01,107.43000030517578,66.37699890136719
2018-08-02,107.45999908447266,66.39552307128906
2018-08-03,107.61000061035156,66.48820495605469
2018-08-06,107.66999816894531,66.52525329589844
2018-08-07,107.79000091552734,66.59943389892578
2018-08-08,107.79000091552734,66.59943389892578
2018-08-09,107.61000061035156,66.48820495605469
2018-08-10,107.43000030517578,66.37699890136719
2018-08-13,107.4000015258789,66.35843658447266
2018-08-14,107.55000305175781,66.45110321044922
2018-08-15,107.30999755859375,66.30284881591797
2018-08-16,107.48999786376953,66.41404724121094
2018-08-17,107.58000183105469,66.46968841552734
2018-08-20,107.66999816894531,66.52525329589844
2018-08-21,107.87999725341797,66.65503692626953
2018-08-22,107.91000366210938,66.6735610961914
2018-08-23,107.8499984741211,66.63646697998047
2018-08-24,108.02999877929688,66.74772644042969
2018-08-27,108.08999633789062,66.78475189208984
2018-08-28,108.08999633789062,66.78475189208984
2018-08-29,108.02999877929688,66.74772644042969
2018-08-30,107.91000366210938,66.6735610961914
2018-08-31,108.0,66.72916412353516
2018-09-04,107.4000015258789,66.67327880859375
2018-09-05,107.27999877929688,66.59883880615234
2018-09-06,107.27999877929688,66.59883880615234
2018-09-07,107.27999877929688,66.59883880615234
2018-09-10,107.48999786376953,66.72915649414062
2018-09-11,107.5199966430664,66.747802734375
2018-09-12,107.76000213623047,66.89675903320312
2018-09-13,107.94000244140625,67.00856018066406
2018-09-14,108.05999755859375,67.0830307006836
2018-09-17,107.94000244140625,67.00856018066406
2018-09-18,107.94000244140625,67.00856018066406
2018-09-19,107.7300033569336,66.878173828125
2018-09-20,107.87999725341797,66.97127532958984
2018-09-21,107.94000244140625,67.00856018066406
2018-09-24,107.81999969482422,66.93403625488281
2018-09-25,107.8499984741211,66.95263671875
2018-09-26,107.87999725341797,66.97127532958984
2018-09-27,108.08999633789062,67.10163116455078
2018-09-28,108.1500015258789,67.13893127441406
2018-10-01,107.97000122070312,67.35414123535156
2018-10-02,107.81999969482422,67.26054382324219
2018-10-03,107.63999938964844,67.14825439453125
2018-10-04,107.16000366210938,66.84884643554688
2018-10-05,106.6500015258789,66.53067016601562
2018-10-08,106.41000366210938,66.38092803955078
2018-10-09,106.52999877929688,66.45579528808594
2018-10-10,105.69000244140625,65.93181610107422
2018-10-11,105.95999908447266,66.10025024414062
2018-10-12,106.5,66.4371109008789
2018-10-15,106.26000213623047,66.28738403320312
2018-10-16,106.70999908447266,66.568115234375
2018-10-17,106.58999633789062,66.49322509765625
2018-10-18,106.11000061035156,66.19379425048828
2018-10-19,106.11000061035156,66.19379425048828
2018-10-22,106.13999938964844,66.21253204345703
2018-10-23,106.08000183105469,66.17510986328125
2018-10-24,105.5999984741211,65.87564849853516
2018-10-25,105.75,65.96922302246094
2018-10-26,105.2699966430664,65.6698226928711
2018-10-29,105.2699966430664,65.6698226928711
2018-10-30,105.33000183105469,65.70722961425781
2018-10-31,105.4800033569336,65.80079650878906
2018-11-01,105.36000061035156,66.04338836669922
2018-11-02,105.41999816894531,66.08097839355469
2018-11-05,105.51000213623047,66.13740539550781
2018-11-06,105.72000122070312,66.26902770996094
2018-11-07,106.2300033569336,66.58870697021484
2018-11-08,106.08000183105469,66.49469757080078
2018-11-09,105.41999816894531,66.08097839355469
2018-11-12,104.76000213623047,65.66730499267578
2018-11-13,104.61000061035156,65.5732650756836
2018-11-14,104.37000274658203,65.42281341552734
2018-11-15,104.30999755859375,65.38521575927734
2018-11-16,103.83000183105469,65.08431243896484
2018-11-19,103.70999908447266,65.00910186767578
2018-11-20,103.2300033569336,64.708251953125
2018-11-21,103.68000030517578,64.99028778076172
2018-11-23,103.19999694824219,64.68939971923828
2018-11-26,103.6500015258789,64.97145080566406
2018-11-27,103.6500015258789,64.97145080566406
2018-11-28,104.43000030517578,65.4604263305664
2018-11-29,104.48999786376953,65.49800872802734
2018-11-30,104.19000244140625,65.30999755859375
2018-12-03,104.43000030517578,65.77291107177734
2018-12-04,103.88999938964844,65.43277740478516
2018-12-06,103.44000244140625,65.14939880371094
2018-12-07,103.3499984741211,65.09268188476562
2018-12-10,103.26000213623047,65.03604125976562
2018-12-11,103.52999877929688,65.20604705810547
2018-12-12,103.83000183105469,65.39500427246094
2018-12-13,104.0999984741211,65.5650863647461
2018-12-14,103.6500015258789,65.28160095214844
2018-12-17,102.95999908447266,64.84706115722656
2018-12-18,102.66000366210938,64.65809631347656
2018-12-19,101.22000122070312,64.07514190673828
2018-12-20,100.19999694824219,63.42940902709961
2018-12-21,99.5999984741211,63.04957580566406
2018-12-24,98.8499984741211,62.574825286865234
2018-12-26,100.52999877929688,63.63828659057617
2018-12-27,100.47000122070312,63.60031509399414
2018-12-28,100.62000274658203,63.695289611816406
2018-12-31,100.7699966430664,63.79022216796875
2019-01-02,100.6500015258789,63.71426010131836
2019-01-03,100.68000030517578,63.7332763671875
2019-01-04,102.33000183105469,64.77777862548828
2019-01-07,103.47000122070312,65.49939727783203
2019-01-08,104.19000244140625,65.9552230834961
2019-01-09,104.33999633789062,66.05013275146484
2019-01-10,104.8499984741211,66.37297821044922
2019-01-11,104.48999786376953,66.14508056640625
2019-01-14,104.19000244140625,65.9552230834961
2019-01-15,104.45999908447266,66.1260986328125
2019-01-16,104.66999816894531,66.25901794433594
2019-01-17,104.94000244140625,66.4299545288086
2019-01-18,105.20999908447266,66.60086822509766
2019-01-22,104.61000061035156,66.22107696533203
2019-01-23,104.79000091552734,66.33501434326172
2019-01-24,104.91000366210938,66.41096496582031
2019-01-25,105.1500015258789,66.56289672851562
2019-01-28,105.0,66.4679183959961
2019-01-29,104.97000122070312,66.448974609375
2019-01-30,105.77999877929688,66.96170806884766
2019-01-31,106.05000305175781,67.13262939453125
2019-02-01,105.51000213623047,67.10399627685547
2019-02-04,105.75,67.25663757324219
2019-02-05,106.11000061035156,67.48556518554688
2019-02-06,106.13999938964844,67.50467681884766
2019-02-07,105.69000244140625,67.2184829711914
2019-02-08,105.69000244140625,67.2184829711914
2019-02-11,105.72000122070312,67.23755645751953
2019-02-12,106.26000213623047,67.58100891113281
2019-02-13,106.13999938964844,67.50467681884766
2019-02-14,106.16999816894531,67.52375030517578
2019-02-15,106.5,67.733642578125
2019-02-19,106.52999877929688,67.7527084350586
2019-02-20,106.68000030517578,67.84811401367188
2019-02-21,106.58999633789062,67.79085540771484
2019-02-22,106.7699966430664,67.90533447265625
2019-02-25,106.86000061035156,67.96259307861328
2019-02-26,107.06999969482422,68.09614562988281
2019-02-27,107.06999969482422,68.09614562988281
2019-02-28,107.06999969482422,68.09614562988281
2019-03-01,106.7699966430664,68.23609161376953
2019-03-04,106.6500015258789,68.15940856933594
2019-03-05,106.6500015258789,68.15940856933594
2019-03-06,106.44000244140625,68.02519226074219
2019-03-07,106.37999725341797,67.98684692382812
2019-03-08,106.19999694824219,67.8718032836914
2019-03-11,106.5,68.06356811523438
2019-03-12,106.70999908447266,68.19775390625
2019-03-13,107.01000213623047,68.3895034790039
2019-03-14,106.94999694824219,68.35114288330078
2019-03-15,106.9800033569336,68.3703384399414
2019-03-18,107.04000091552734,68.4086685180664
2019-03-19,107.12999725341797,68.46619415283203
2019-03-20,107.48999786376953,68.69625091552734
2019-03-21,107.48999786376953,68.69625091552734
2019-03-22,107.12999725341797,68.46619415283203
2019-03-25,107.12999725341797,68.46619415283203
2019-03-26,107.33999633789062,68.60039520263672
2019-03-27,107.4000015258789,68.6387710571289
2019-03-28,107.61000061035156,68.77295684814453
2019-03-29,107.91000366210938,68.96466827392578
2019-04-01,107.48999786376953,69.0205307006836
2019-04-02,107.5199966430664,69.03983306884766
2019-04-03,107.55000305175781,69.05906677246094
2019-04-04,107.76000213623047,69.19390869140625
2019-04-05,107.91000366210938,69.29022979736328
2019-04-08,107.87999725341797,69.27096557617188
2019-04-09,107.87999725341797,69.27096557617188
2019-04-10,108.2699966430664,69.52140808105469
2019-04-11,108.51000213623047,69.67549896240234
2019-04-12,108.66000366210938,69.7718276977539
2019-04-15,108.54000091552734,69.69479370117188
2019-04-16,108.56999969482422,69.71403503417969
2019-04-17,108.33000183105469,69.55992126464844
2019-04-18,108.41999816894531,69.61772155761719
2019-04-22,108.2699966430664,69.52140808105469
2019-04-23,108.56999969482422,69.71403503417969
2019-04-24,108.4800033569336,69.65620422363281
2019-04-25,108.51000213623047,69.67549896240234
2019-04-26,108.75,69.82960510253906
2019-04-29,108.75,69.82960510253906
2019-04-30,108.80999755859375,69.86811828613281
2019-05-01,107.94000244140625,69.63778686523438
2019-05-02,108.0,69.67652893066406
2019-05-03,108.2699966430664,69.85071563720703
2019-05-06,108.30000305175781,69.87006378173828
2019-05-07,107.66999816894531,69.46363067626953
2019-05-08,107.69000244140625,69.4765396118164
2019-05-09,107.5,69.35391235351562
2019-05-10,107.75,69.51522064208984
2019-05-13,106.83000183105469,68.92168426513672
2019-05-14,107.05999755859375,69.07006072998047
2019-05-15,107.13999938964844,69.12169647216797
2019-05-16,107.43000030517578,69.30879211425781
2019-05-17,107.4000015258789,69.2894515991211
2019-05-20,107.33000183105469,69.2442855834961
2019-05-21,107.5999984741211,69.41847229003906
2019-05-22,107.69000244140625,69.4765396118164
2019-05-23,107.19999694824219,69.16036987304688
2019-05-24,107.05999755859375,69.07006072998047
2019-05-28,107.0199966430664,69.04425048828125
2019-05-29,106.72000122070312,68.85074615478516
2019-05-30,106.91999816894531,68.9797592163086
2019-05-31,106.1500015258789,68.4830093383789
2019-06-03,105.76000213623047,68.55948638916016
2019-06-04,106.72000122070312,69.18180084228516
2019-06-05,106.98999786376953,69.35684967041016
2019-06-06,107.26000213623047,69.53186798095703
2019-06-07,107.61000061035156,69.75875854492188
2019-06-10,107.75,69.84949493408203
2019-06-11,107.91999816894531,69.95970916748047
2019-06-12,107.66000366210938,69.79119110107422
2019-06-13,107.87999725341797,69.93376159667969
2019-06-14,107.79000091552734,69.87542724609375
2019-06-17,107.63999938964844,69.77816009521484
2019-06-18,108.30999755859375,70.2125473022461
2019-06-19,108.86000061035156,70.5690689086914
2019-06-20,109.45999908447266,70.95800018310547
2019-06-21,109.19000244140625,70.78300476074219
2019-06-24,109.08000183105469,70.711669921875
2019-06-25,108.68000030517578,70.45237731933594
2019-06-26,108.5999984741211,70.4005126953125
2019-06-27,108.87000274658203,70.5755844116211
2019-06-28,108.94000244140625,70.62090301513672
2019-07-01,108.41999816894531,70.60723114013672
2019-07-02,108.62999725341797,70.74402618408203
2019-07-03,109.01000213623047,70.99150085449219
2019-07-05,108.61000061035156,70.73098754882812
2019-07-08,108.43000030517578,70.6137466430664
2019-07-09,108.29000091552734,70.52259826660156
2019-07-10,108.5999984741211,70.72450256347656
2019-07-11,108.38999938964844,70.58769226074219
2019-07-12,108.4800033569336,70.64634704589844
2019-07-15,108.62999725341797,70.74402618408203
2019-07-16,108.37999725341797,70.58119201660156
2019-07-17,108.33999633789062,70.55516815185547
2019-07-18,108.31999969482422,70.54212951660156
2019-07-19,108.11000061035156,70.4053726196289
2019-07-22,108.47000122070312,70.63981628417969
2019-07-23,108.66999816894531,70.7700424194336
2019-07-24,108.73999786376953,70.8156509399414
2019-07-25,108.66000366210938,70.7635498046875
2019-07-26,108.9000015258789,70.91981506347656
2019-07-29,108.76000213623047,70.82868957519531
2019-07-30,108.77999877929688,70.84172058105469
2019-07-31,108.58999633789062,70.71797180175781
2019-08-01,108.0999984741211,70.72321319580078
2019-08-02,107.88999938964844,70.58580780029297
2019-08-05,106.70999908447266,69.81379699707031
2019-08-06,107.37000274658203,70.2455825805664
2019-08-07,107.38999938964844,70.25867462158203
2019-08-08,107.70999908447266,70.46807098388672
2019-08-09,107.5999984741211,70.39611053466797
2019-08-12,107.31999969482422,70.21288299560547
2019-08-13,107.69000244140625,70.4549560546875
2019-08-14,106.76000213623047,69.84651184082031
2019-08-15,107.13999938964844,70.09514617919922
2019-08-16,107.4800033569336,70.31755828857422
2019-08-19,107.83999633789062,70.55311584472656
2019-08-20,107.88999938964844,70.58580780029297
2019-08-21,108.36000061035156,70.89329528808594
2019-08-22,108.56999969482422,71.03069305419922
2019-08-23,108.0199966430664,70.67089080810547
2019-08-26,108.56999969482422,71.03069305419922
2019-08-27,108.55000305175781,71.01760864257812
2019-08-28,108.81999969482422,71.19426727294922
2019-08-29,108.93000030517578,71.26619720458984
2019-08-30,108.80999755859375,71.18769073486328
2019-09-03,108.0,70.97480010986328
2019-09-04,108.25,71.13906860351562
2019-09-05,108.63999938964844,71.39535522460938
2019-09-06,108.83000183105469,71.520263671875
2019-09-09,108.94999694824219,71.59909057617188
2019-09-10,108.9000015258789,71.56622314453125
2019-09-11,108.9000015258789,71.56622314453125
2019-09-12,108.94000244140625,71.59253692626953
2019-09-13,108.76000213623047,71.47418975830078
2019-09-16,109.11000061035156,71.70423889160156
2019-09-17,109.19000244140625,71.75680541992188
2019-09-18,109.1500015258789,71.73052215576172
2019-09-19,109.0199966430664,71.64511108398438
2019-09-20,109.1500015258789,71.73052215576172
2019-09-23,109.11000061035156,71.70423889160156
2019-09-24,108.98999786376953,71.62535858154297
2019-09-25,108.91999816894531,71.57939147949219
2019-09-26,108.83000183105469,71.520263671875
2019-09-27,108.68000030517578,71.42166137695312
2019-09-30,108.73999786376953,71.46109771728516
2019-10-01,108.0,71.29408264160156
2019-10-02,107.4000015258789,70.89798736572266
2019-10-03,107.33999633789062,70.85839080810547
2019-10-04,107.69000244140625,71.08941650390625
2019-10-07,107.63999938964844,71.05642700195312
2019-10-08,107.20999908447266,70.77257537841797
2019-10-09,107.41999816894531,70.91119384765625
2019-10-10,107.69000244140625,71.08941650390625
2019-10-11,108.08000183105469,71.34689331054688
2019-10-14,108.19999694824219,71.42608642578125
2019-10-15,108.37999725341797,71.544921875
2019-10-16,108.3499984741211,71.525146484375
2019-10-17,108.45999908447266,71.59774780273438
2019-10-18,108.47000122070312,71.6043472290039
2019-10-21,108.52999877929688,71.64392852783203
2019-10-22,108.55999755859375,71.66375732421875
2019-10-23,108.66000366210938,71.72978210449219
2019-10-24,108.75,71.78917694091797
2019-10-25,108.86000061035156,71.86182403564453
2019-10-28,108.94000244140625,71.91460418701172
2019-10-29,108.69999694824219,71.75617218017578
2019-10-30,108.55999755859375,71.66375732421875
2019-10-31,108.19000244140625,71.41950225830078
2019-11-01,108.23999786376953,71.7715835571289
2019-11-04,108.41000366210938,71.88430786132812
2019-11-05,108.31999969482422,71.82462310791016
2019-11-06,108.1500015258789,71.71192932128906
2019-11-07,108.12999725341797,71.6986312866211
2019-11-08,108.19999694824219,71.74507141113281
2019-11-11,108.11000061035156,71.68538665771484
2019-11-12,108.1500015258789,71.71192932128906
2019-11-13,108.02999877929688,71.63235473632812
2019-11-14,107.95999908447266,71.58594512939453
2019-11-15,108.19000244140625,71.73844146728516
2019-11-18,108.08999633789062,71.672119140625
2019-11-19,107.73999786376953,71.4400634765625
2019-11-20,107.56999969482422,71.32733917236328
2019-11-21,107.56999969482422,71.32733917236328
2019-11-22,107.91999816894531,71.55943298339844
2019-11-25,108.22000122070312,71.7583236694336
2019-11-26,108.38999938964844,71.87106323242188
2019-11-27,108.55000305175781,71.97713470458984
2019-11-29,108.33999633789062,71.8379135131836
2019-12-02,107.76000213623047,71.7779541015625
2019-12-03,107.66999816894531,71.7179946899414
2019-12-04,108.01000213623047,71.94449615478516
2019-12-05,108.11000061035156,72.01109313964844
2019-12-06,108.26000213623047,72.1109848022461
2019-12-09,108.27999877929688,72.12434387207031
2019-12-10,108.55999755859375,72.31085205078125
2019-12-11,108.80000305175781,72.47068786621094
2019-12-12,109.06999969482422,72.65054321289062
2019-12-13,109.16999816894531,72.71712493896484
2019-12-16,109.41999816894531,72.8836898803711
2019-12-17,109.75,73.10347747802734
2019-12-18,109.94999694824219,73.23667907714844
2019-12-19,109.94999694824219,73.23667907714844
2019-12-20,109.27999877929688,73.1055908203125
2019-12-23,109.33999633789062,73.14567565917969
2019-12-24,109.43000030517578,73.2059097290039
2019-12-26,109.5999984741211,73.3196792602539
2019-12-27,109.55000305175781,73.28622436523438
2019-12-30,109.45999908447266,73.22600555419922
2019-12-31,109.54000091552734,73.2795181274414
2020-01-02,109.9800033569336,73.57386779785156
2020-01-03,109.9000015258789,73.52033233642578
2020-01-06,109.83000183105469,73.4735107421875
2020-01-07,109.75,73.41999816894531
2020-01-08,109.83999633789062,73.48020935058594
2020-01-09,110.08999633789062,73.64744567871094
2020-01-10,110.12999725341797,73.6741943359375
2020-01-13,110.16999816894531,73.70096588134766
2020-01-14,110.12000274658203,73.66751861572266
2020-01-15,110.16999816894531,73.70096588134766
2020-01-16,110.23999786376953,73.7477798461914
2020-01-17,110.16999816894531,73.70096588134766
2020-01-21,109.91000366210938,73.52703094482422
2020-01-22,110.08000183105469,73.6407470703125
2020-01-23,109.7300033569336,73.40662384033203
2020-01-24,109.30000305175781,73.11894989013672
2020-01-27,108.47000122070312,72.56370544433594
2020-01-28,109.4000015258789,73.18587493896484
2020-01-29,109.4000015258789,73.18587493896484
2020-01-30,109.55000305175781,73.28622436523438
2020-01-31,109.04000091552734,72.94503784179688
2020-02-03,108.62000274658203,72.97724914550781
2020-02-04,109.29000091552734,73.42740631103516
2020-02-05,109.72000122070312,73.71630096435547
2020-02-06,109.76000213623047,73.74321746826172
2020-02-07,109.5999984741211,73.63572692871094
2020-02-10,109.76000213623047,73.74321746826172
2020-02-11,109.80000305175781,73.77007293701172
2020-02-12,110.11000061035156,73.97833251953125
2020-02-13,110.11000061035156,73.97833251953125
2020-02-14,110.16000366210938,74.0119400024414
2020-02-18,109.94999694824219,73.87085723876953
2020-02-19,110.04000091552734,73.93131256103516
2020-02-20,110.19000244140625,74.03208923339844
2020-02-21,110.08000183105469,73.95816802978516
2020-02-24,108.88999938964844,73.15870666503906
2020-02-25,108.02999877929688,72.58087158203125
2020-02-26,108.1500015258789,72.6614990234375
2020-02-27,106.62000274658203,71.63355255126953
2020-02-28,106.97000122070312,71.86872863769531
2020-03-02,107.41000366210938,72.4991455078125
2020-03-03,106.9800033569336,72.20890045166016
2020-03-04,108.4000015258789,73.16735076904297
2020-03-05,107.0,72.22237396240234
2020-03-06,105.63999938964844,71.304443359375
2020-03-09,100.72000122070312,67.98353576660156
2020-03-10,102.41000366210938,69.1242446899414
2020-03-11,100.1500015258789,67.59880828857422
2020-03-12,96.08999633789062,64.8583984375
2020-03-13,99.18000030517578,66.9440689086914
2020-03-16,93.47000122070312,63.08998489379883
2020-03-17,94.13999938964844,63.54222106933594
2020-03-18,90.12000274658203,60.828792572021484
2020-03-19,88.06999969482422,59.445106506347656
2020-03-20,86.13999938964844,58.14240264892578
2020-03-23,84.56999969482422,57.08268737792969
2020-03-24,87.94999694824219,59.36410140991211
2020-03-25,90.02999877929688,60.76809310913086
2020-03-26,93.7699966430664,63.292449951171875
2020-03-27,94.37999725341797,63.70421600341797
2020-03-30,95.3499984741211,64.35893249511719
2020-03-31,94.73999786376953,63.94719314575195
2020-04-01,91.7300033569336,62.21559524536133
2020-04-02,92.3499984741211,62.63612747192383
2020-04-03,90.54000091552734,61.40850830078125
2020-04-06,92.80000305175781,62.94139099121094
2020-04-07,93.12000274658203,63.15839385986328
2020-04-08,95.25,64.6030502319336
2020-04-09,101.63999938964844,68.93705749511719
2020-04-13,100.41000366210938,68.10281372070312
2020-04-14,100.66000366210938,68.27238464355469
2020-04-15,99.68000030517578,67.60770416259766
2020-04-16,99.61000061035156,67.56022644042969
2020-04-17,100.12999725341797,67.91287994384766
2020-04-20,98.58000183105469,66.86161804199219
2020-04-21,96.48999786376953,65.44405364990234
2020-04-22,97.44000244140625,66.0884017944336
2020-04-23,97.26000213623047,65.96635437011719
2020-04-24,96.62000274658203,65.53227996826172
2020-04-27,96.98999786376953,65.78317260742188
2020-04-28,97.16000366210938,65.89852142333984
2020-04-29,98.80000305175781,67.01082611083984
2020-04-30,99.02999877929688,67.16680908203125
2020-05-01,96.95999908447266,66.10799407958984
2020-05-04,96.81999969482422,66.01251983642578
2020-05-05,97.56999969482422,66.52388000488281
2020-05-06,97.19999694824219,66.27162170410156
2020-05-07,97.44999694824219,66.44209289550781
2020-05-08,98.4000015258789,67.08981323242188
2020-05-11,97.9800033569336,66.8034439086914
2020-05-12,97.93000030517578,66.7693099975586
2020-05-13,97.3499984741211,66.37387084960938
2020-05-14,97.08000183105469,66.18980407714844
2020-05-15,97.12999725341797,66.223876953125
2020-05-18,98.77999877929688,67.348876953125
2020-05-19,98.9000015258789,67.43067932128906
2020-05-20,99.9800033569336,68.16705322265625
2020-05-21,99.95999908447266,68.1534194946289
2020-05-22,100.29000091552734,68.37840270996094
2020-05-26,101.1500015258789,68.96472930908203
2020-05-27,101.44999694824219,69.1692886352539
2020-05-28,101.51000213623047,69.210205078125
2020-05-29,101.98999786376953,69.53746795654297
2020-06-01,102.18000030517578,69.99575805664062
2020-06-02,103.22000122070312,70.70819091796875
2020-06-03,103.87999725341797,71.16030883789062
2020-06-04,103.54000091552734,70.92740631103516
2020-06-05,104.61000061035156,71.66034698486328
2020-06-08,104.76000213623047,71.76311492919922
2020-06-09,104.08000183105469,71.29729461669922
2020-06-10,103.91000366210938,71.18085479736328
2020-06-11,101.26000213623047,69.36553955078125
2020-06-12,102.27999877929688,70.06424713134766
2020-06-15,102.98999786376953,70.5506362915039
2020-06-16,103.73999786376953,71.06437683105469
2020-06-17,103.5,70.89998626708984
2020-06-18,103.19000244140625,70.68762969970703
2020-06-19,103.05999755859375,70.59857940673828
2020-06-22,102.9000015258789,70.4889907836914
2020-06-23,103.06999969482422,70.6054458618164
2020-06-24,101.95999908447266,69.84503173828125
2020-06-25,101.88999938964844,69.79708862304688
2020-06-26,100.95999908447266,69.1600341796875
2020-06-29,100.12999725341797,68.5914535522461
2020-06-30,101.16000366210938,69.29704284667969
2020-07-01,100.94999694824219,69.49532318115234
2020-07-02,101.72000122070312,70.02538299560547
2020-07-06,102.44000244140625,70.52103424072266
2020-07-07,101.87999725341797,70.13551330566406
2020-07-08,102.12999725341797,70.30762481689453
2020-07-09,101.80999755859375,70.08731079101562
2020-07-10,102.12999725341797,70.30762481689453
2020-07-13,101.62000274658203,69.9565200805664
2020-07-14,102.58999633789062,70.62428283691406
2020-07-15,103.2300033569336,71.06487274169922
2020-07-16,103.31999969482422,71.1268310546875
2020-07-17,103.69000244140625,71.38154602050781
2020-07-20,104.30999755859375,71.8083724975586
2020-07-21,104.77999877929688,72.13191986083984
2020-07-22,105.04000091552734,72.3108901977539
2020-07-23,104.87999725341797,72.20071411132812
2020-07-24,105.05999755859375,72.32469940185547
2020-07-27,105.33000183105469,72.51055145263672
2020-07-28,105.0,72.28337097167969
2020-07-29,105.62999725341797,72.7170639038086
2020-07-30,105.94999694824219,72.9373779296875
2020-07-31,106.0999984741211,73.0406494140625
2020-08-03,105.6500015258789,73.05098724365234
2020-08-04,105.69000244140625,73.0786361694336
2020-08-05,105.86000061035156,73.19619750976562
2020-08-06,106.0199966430664,73.30683898925781
2020-08-07,105.87999725341797,73.21001434326172
2020-08-10,105.80999755859375,73.16162109375
2020-08-11,104.9000015258789,72.53240966796875
2020-08-12,105.12000274658203,72.68453216552734
2020-08-13,104.62999725341797,72.345703125
2020-08-14,104.37999725341797,72.1728744506836
2020-08-17,105.11000061035156,72.6776351928711
2020-08-18,105.12999725341797,72.69145202636719
2020-08-19,104.72000122070312,72.40796661376953
2020-08-20,105.1500015258789,72.70529174804688
2020-08-21,105.12999725341797,72.69145202636719
2020-08-24,105.69999694824219,73.08560943603516
2020-08-25,105.87999725341797,73.21001434326172
2020-08-26,105.86000061035156,73.19619750976562
2020-08-27,105.72000122070312,73.0993881225586
2020-08-28,105.79000091552734,73.1478042602539
2020-08-31,105.75,73.12015533447266
2020-09-01,105.83000183105469,73.47282409667969
2020-09-02,106.01000213623047,73.59780883789062
2020-09-03,105.36000061035156,73.14654541015625
2020-09-04,105.05999755859375,72.93828582763672
2020-09-08,104.41999816894531,72.4939193725586
2020-09-09,105.19999694824219,73.03546142578125
2020-09-10,104.80999755859375,72.76467895507812
2020-09-11,105.05999755859375,72.93828582763672
2020-09-14,104.91999816894531,72.84107208251953
2020-09-15,105.1500015258789,73.00072479248047
2020-09-16,105.12000274658203,72.97989654541016
2020-09-17,105.16000366210938,73.00765228271484
2020-09-18,104.8499984741211,72.7924575805664
2020-09-21,103.91000366210938,72.13981628417969
2020-09-22,104.23999786376953,72.36894989013672
2020-09-23,103.26000213623047,71.68856811523438
2020-09-24,103.18000030517578,71.6330337524414
2020-09-25,103.08000183105469,71.56365203857422
2020-09-28,103.80999755859375,72.0704574584961
2020-09-29,103.88999938964844,72.12596893310547
2020-09-30,104.2699966430664,72.3897933959961
2020-10-01,104.1500015258789,72.62337493896484
2020-10-02,104.0999984741211,72.5885238647461
2020-10-05,104.80999755859375,73.0835952758789
2020-10-06,104.58000183105469,72.92321014404297
2020-10-07,104.98999786376953,73.20909881591797
2020-10-08,105.31999969482422,73.439208984375
2020-10-09,105.4800033569336,73.55078887939453
2020-10-12,106.08000183105469,73.96916961669922
2020-10-13,105.63999938964844,73.66231536865234
2020-10-14,105.4000015258789,73.49501037597656
2020-10-15,105.33999633789062,73.4531478881836
2020-10-16,105.12000274658203,73.29974365234375
2020-10-19,104.9000015258789,73.14634704589844
2020-10-20,105.26000213623047,73.39736938476562
2020-10-21,105.2300033569336,73.37645721435547
2020-10-22,105.4000015258789,73.49501037597656
2020-10-23,105.51000213623047,73.5716781616211
2020-10-26,104.66999816894531,72.9859848022461
2020-10-27,104.69000244140625,72.99992370605469
2020-10-28,103.80999755859375,72.38632202148438
2020-10-29,104.08000183105469,72.57457733154297
2020-10-30,104.30000305175781,72.72797393798828
2020-11-02,104.11000061035156,72.90653991699219
2020-11-03,105.0999984741211,73.59979248046875
2020-11-04,106.04000091552734,74.25810241699219
2020-11-05,106.47000122070312,74.5592041015625
2020-11-06,106.12999725341797,74.32112884521484
2020-11-09,106.88999938964844,74.85334014892578
2020-11-10,106.86000061035156,74.83231353759766
2020-11-11,106.69999694824219,74.72028350830078
2020-11-12,106.0999984741211,74.30010986328125
2020-11-13,106.44000244140625,74.5382080078125
2020-11-16,107.02999877929688,74.95140075683594
2020-11-17,107.12999725341797,75.02139282226562
2020-11-18,106.88999938964844,74.85334014892578
2020-11-19,107.2699966430664,75.11944580078125
2020-11-20,107.0999984741211,75.0003890991211
2020-11-23,107.26000213623047,75.11245727539062
2020-11-24,107.54000091552734,75.30850982666016
2020-11-25,107.52999877929688,75.30149841308594
2020-11-27,107.66000366210938,75.39254760742188
2020-11-30,107.52999877929688,75.30149841308594
2020-12-01,107.54000091552734,75.61368560791016
2020-12-02,107.76000213623047,75.76837158203125
2020-12-03,107.83000183105469,75.8176040649414
2020-12-04,108.27999877929688,76.1340103149414
2020-12-07,108.20999908447266,76.08480072021484
2020-12-08,108.20999908447266,76.08480072021484
2020-12-09,107.97000122070312,75.91603088378906
2020-12-10,108.1500015258789,76.04259490966797
2020-12-11,108.05999755859375,75.97929382324219
2020-12-14,108.02999877929688,75.95822143554688
2020-12-15,108.41000366210938,76.22542572021484
2020-12-16,108.2699966430664,76.1269760131836
2020-12-17,108.44999694824219,76.25350952148438
2020-12-18,108.0999984741211,76.31141662597656
2020-12-21,107.70999908447266,76.03610229492188
2020-12-22,107.8499984741211,76.13494110107422
2020-12-23,108.27999877929688,76.4384994506836
2020-12-24,108.55000305175781,76.62909698486328
2020-12-28,108.6500015258789,76.69969940185547
2020-12-29,108.61000061035156,76.67145538330078
2020-12-30,108.80999755859375,76.8126220703125
2020-12-31,108.94000244140625,76.90442657470703
2021-01-04,108.66999816894531,76.71380615234375
2021-01-05,108.73999786376953,76.76323699951172
2021-01-06,108.58000183105469,76.65027618408203
2021-01-07,108.87999725341797,76.86203002929688
2021-01-08,109.0199966430664,76.96090698242188
2021-01-11,108.43000030517578,76.54438018798828
2021-01-12,108.58999633789062,76.65734100341797
2021-01-13,108.88999938964844,76.86913299560547
2021-01-14,108.8499984741211,76.84086608886719
2021-01-15,108.69000244140625,76.7279281616211
2021-01-19,108.9800033569336,76.93265533447266
2021-01-20,109.25,77.12325286865234
2021-01-21,109.18000030517578,77.07383728027344
2021-01-22,108.94000244140625,76.90442657470703
2021-01-25,108.94000244140625,76.90442657470703
2021-01-26,108.87999725341797,76.86203002929688
2021-01-27,108.54000091552734,76.62203216552734
2021-01-28,108.83000183105469,76.82675170898438
2021-01-29,108.4000015258789,76.5232162475586
2021-02-01,108.44999694824219,76.84489440917969
2021-02-02,108.80000305175781,77.09292602539062
2021-02-03,108.87999725341797,77.14956665039062
2021-02-04,109.05000305175781,77.27002716064453
2021-02-05,109.26000213623047,77.4188461303711
2021-02-08,109.55999755859375,77.63141632080078
2021-02-09,109.33999633789062,77.47554016113281
2021-02-10,109.38999938964844,77.5109634399414
2021-02-11,109.44000244140625,77.54638671875
2021-02-12,109.63999938964844,77.68814086914062
2021-02-16,109.4000015258789,77.51805114746094
2021-02-17,109.38999938964844,77.5109634399414
2021-02-18,109.26000213623047,77.4188461303711
2021-02-19,109.30000305175781,77.44719696044922
2021-02-22,108.94000244140625,77.1921157836914
2021-02-23,109.30000305175781,77.44719696044922
2021-02-24,109.31999969482422,77.46134185791016
2021-02-25,108.37999725341797,76.7953109741211
2021-02-26,108.16000366210938,76.63941955566406
2021-03-01,108.81999969482422,77.39471435546875
2021-03-02,108.58000183105469,77.22404479980469
2021-03-03,108.38999938964844,77.08891296386719
2021-03-04,107.88999938964844,76.73328399658203
2021-03-05,108.19999694824219,76.9537582397461
2021-03-08,107.44000244140625,76.41323852539062
2021-03-09,107.54000091552734,76.48436737060547
2021-03-10,107.87999725341797,76.72616577148438
2021-03-11,108.26000213623047,76.9964599609375
2021-03-12,108.01000213623047,76.81864166259766
2021-03-15,108.04000091552734,76.83997344970703
2021-03-16,107.69999694824219,76.59818267822266
2021-03-17,107.83999633789062,76.69773864746094
2021-03-18,107.05999755859375,76.14299774169922
2021-03-19,107.55999755859375,76.49857330322266
2021-03-22,107.8499984741211,76.70484924316406
2021-03-23,107.91000366210938,76.74750518798828
2021-03-24,108.02999877929688,76.83289337158203
2021-03-25,108.12000274658203,76.89688873291016
2021-03-26,108.51000213623047,77.17423248291016
2021-03-29,108.61000061035156,77.24537658691406
2021-03-30,108.37999725341797,77.08181762695312
2021-03-31,108.80000305175781,77.38052368164062
2021-04-01,108.63999938964844,77.54183197021484
2021-04-05,108.73999786376953,77.6131820678711
2021-04-06,108.93000030517578,77.74878692626953
2021-04-07,108.94000244140625,77.75593566894531
2021-04-08,108.9800033569336,77.78450775146484
2021-04-09,108.88999938964844,77.72025299072266
2021-04-12,108.80000305175781,77.65602111816406
2021-04-13,108.83999633789062,77.68456268310547
2021-04-14,108.7699966430664,77.63458251953125
2021-04-15,109.22000122070312,77.95581817626953
2021-04-16,109.0,77.79873657226562
2021-04-19,108.9000015258789,77.72737884521484
2021-04-20,108.69999694824219,77.58463287353516
2021-04-21,108.94999694824219,77.7630615234375
2021-04-22,108.83999633789062,77.68456268310547
2021-04-23,109.12000274658203,77.8843765258789
2021-04-26,109.01000213623047,77.8058853149414
2021-04-27,108.97000122070312,77.77734375
2021-04-28,109.1500015258789,77.90583038330078
2021-04-29,109.26000213623047,77.98433685302734
2021-04-30,109.20999908447266,77.94863891601562
2021-05-03,108.80999755859375,77.93504333496094
2021-05-04,108.77999877929688,77.91355895996094
2021-05-05,109.0,78.07113647460938
2021-05-06,108.9000015258789,77.99949645996094
2021-05-07,109.0199966430664,78.08544921875
2021-05-10,108.8499984741211,77.96367645263672
2021-05-11,108.7300033569336,77.87775421142578
2021-05-12,108.20999908447266,77.50531768798828
2021-05-13,108.48999786376953,77.7058334350586
2021-05-14,108.81999969482422,77.94221496582031
2021-05-17,108.69999694824219,77.85623931884766
2021-05-18,108.45999908447266,77.68437194824219
2021-05-19,108.1500015258789,77.46231842041016
2021-05-20,108.58000183105469,77.7702865600586
2021-05-21,108.75,77.89207458496094
2021-05-24,108.94000244140625,78.02815246582031
2021-05-25,108.9000015258789,77.99949645996094
2021-05-26,108.95999908447266,78.04248809814453
2021-05-27,108.91000366210938,78.00666809082031
2021-05-28,108.91000366210938,78.00666809082031
2021-06-01,108.80999755859375,78.21150970458984
2021-06-02,108.93000030517578,78.29778289794922
2021-06-03,108.77999877929688,78.18994140625
2021-06-04,108.98999786376953,78.34089660644531
2021-06-07,109.06999969482422,78.39842224121094
2021-06-08,109.1500015258789,78.4559097290039
2021-06-09,109.26000213623047,78.53494262695312
2021-06-10,109.44000244140625,78.66435241699219
2021-06-11,109.48999786376953,78.70027923583984
2021-06-14,109.41000366210938,78.64281463623047
2021-06-15,109.43000030517578,78.65715789794922
2021-06-16,109.29000091552734,78.5565185546875
2021-06-17,109.36000061035156,78.60684204101562
2021-06-18,109.26000213623047,78.53494262695312
2021-06-21,109.47000122070312,78.68592071533203
2021-06-22,109.5,78.7074966430664
2021-06-23,109.5,78.7074966430664
2021-06-24,109.73999786376953,78.87999725341797
2021-06-25,109.8499984741211,78.95903778076172
2021-06-28,109.8499984741211,78.95903778076172
2021-06-29,109.9800033569336,79.05249786376953
2021-06-30,109.95999908447266,79.03811645507812
2021-07-01,109.7699966430664,79.1831283569336
2021-07-02,109.95999908447266,79.3201904296875
2021-07-06,109.9800033569336,79.33460235595703
2021-07-07,110.0,79.34904479980469
2021-07-08,109.77999877929688,79.19036102294922
2021-07-09,109.94999694824219,79.31298065185547
2021-07-12,109.94000244140625,79.30575561523438
2021-07-13,109.6500015258789,79.09654998779297
2021-07-14,109.7699966430664,79.1831283569336
2021-07-15,109.75,79.16865539550781
2021-07-16,109.56999969482422,79.03884887695312
2021-07-19,108.81999969482422,78.49784851074219
2021-07-20,109.29000091552734,78.83687591552734
2021-07-21,109.63999938964844,79.08935546875
2021-07-22,109.66999816894531,79.11100006103516
2021-07-23,109.87999725341797,79.26248931884766
2021-07-26,109.7300033569336,79.154296875
2021-07-27,109.62999725341797,79.08212280273438
2021-07-28,109.69999694824219,79.13260650634766
2021-07-29,109.9000015258789,79.27688598632812
2021-07-30,109.7699966430664,79.1831283569336
2021-08-02,109.16999816894531,79.01663970947266
2021-08-03,109.19999694824219,79.03833770751953
2021-08-04,109.0,78.89360046386719
2021-08-05,109.18000030517578,79.02389526367188
2021-08-06,109.08999633789062,78.9587173461914
2021-08-09,108.83999633789062,78.77777862548828
2021-08-10,108.6500015258789,78.6402816772461
2021-08-11,108.83000183105469,78.77056121826172
2021-08-12,108.97000122070312,78.87188720703125
2021-08-13,109.16000366210938,79.0094223022461
2021-08-16,109.19000244140625,79.0311279296875
2021-08-17,108.9800033569336,78.87915802001953
2021-08-18,108.80999755859375,78.75606536865234
2021-08-19,108.7699966430664,78.72710418701172
2021-08-20,108.95999908447266,78.86465454101562
2021-08-23,109.30999755859375,79.11796569824219
2021-08-24,109.4800033569336,79.24101257324219
2021-08-25,109.5999984741211,79.327880859375
2021-08-26,109.5,79.25552368164062
2021-08-27,109.86000061035156,79.51604461669922
2021-08-30,109.9800033569336,79.6029281616211
2021-08-31,110.0,79.61741638183594
2021-09-01,109.73999786376953,79.70092010498047
2021-09-02,109.87999725341797,79.80260467529297
2021-09-03,109.91000366210938,79.82438659667969
2021-09-07,109.62000274658203,79.61377716064453
2021-09-08,109.73999786376953,79.70092010498047
2021-09-09,109.81999969482422,79.75900268554688
2021-09-10,109.70999908447266,79.67912292480469
2021-09-13,109.97000122070312,79.86795806884766
2021-09-14,109.8499984741211,79.78076934814453
2021-09-15,110.11000061035156,79.96963500976562
2021-09-16,110.06999969482422,79.94059753417969
2021-09-17,109.94999694824219,79.85346984863281
2021-09-20,109.58000183105469,79.58470916748047
2021-09-21,109.76000213623047,79.71546173095703
2021-09-22,109.94000244140625,79.8461685180664
2021-09-23,109.95999908447266,79.86068725585938
2021-09-24,109.83999633789062,79.7735595703125
2021-09-27,109.75,79.70816040039062
2021-09-28,109.2699966430664,79.35957336425781
2021-09-29,109.48999786376953,79.51936340332031
2021-09-30,109.36000061035156,79.42493438720703
2021-10-01,109.19999694824219,79.59111022949219
2021-10-04,108.83000183105469,79.32144165039062
2021-10-05,108.73999786376953,79.255859375
2021-10-06,108.68000030517578,79.21210479736328
2021-10-07,108.63999938964844,79.1829605102539
2021-10-08,108.44999694824219,79.04446411132812
2021-10-11,108.06999969482422,78.76749420166016
2021-10-12,108.2699966430664,78.9133071899414
2021-10-13,108.5199966430664,79.09547424316406
2021-10-14,109.12000274658203,79.53279113769531
2021-10-15,108.9000015258789,79.37244415283203
2021-10-18,108.8499984741211,79.33600616455078
2021-10-19,108.93000030517578,79.39433288574219
2021-10-20,109.01000213623047,79.4526138305664
2021-10-21,108.72000122070312,79.24125671386719
2021-10-22,108.4800033569336,79.06633758544922
2021-10-25,108.6500015258789,79.19026947021484
2021-10-26,108.68000030517578,79.21210479736328
2021-10-27,108.55999755859375,79.12467193603516
2021-10-28,108.81999969482422,79.31415557861328
2021-10-29,108.62000274658203,79.16838836669922
2021-11-01,108.11000061035156,79.07254791259766
2021-11-02,108.29000091552734,79.20419311523438
2021-11-03,108.55000305175781,79.39437103271484
2021-11-04,108.80999755859375,79.58454895019531
2021-11-05,109.30000305175781,79.9429702758789
2021-11-08,109.19000244140625,79.86248016357422
2021-11-09,109.2699966430664,79.92098999023438
2021-11-10,108.70999908447266,79.51142883300781
2021-11-11,108.54000091552734,79.38709259033203
2021-11-12,108.54000091552734,79.38709259033203
2021-11-15,108.41000366210938,79.29199981689453
2021-11-16,108.44000244140625,79.31391143798828
2021-11-17,108.27999877929688,79.19688415527344
2021-11-18,108.16000366210938,79.1091537475586
2021-11-19,108.08000183105469,79.0506362915039
2021-11-22,107.68000030517578,78.758056640625
2021-11-23,107.52999877929688,78.64832305908203
2021-11-24,107.4800033569336,78.61178588867188
2021-11-26,106.66000366210938,78.01203155517578
2021-11-29,107.30999755859375,78.4874267578125
2021-11-30,106.83000183105469,78.1363754272461
2021-12-01,106.55000305175781,78.21197509765625
2021-12-02,107.29000091552734,78.7551498413086
2021-12-03,107.27999877929688,78.74781799316406
2021-12-06,107.68000030517578,79.04142761230469
2021-12-07,108.33999633789062,79.52589416503906
2021-12-08,108.36000061035156,79.54057312011719
2021-12-09,107.83000183105469,79.15155029296875
2021-12-10,108.06999969482422,79.32768249511719
2021-12-13,108.08999633789062,79.3424072265625
2021-12-14,107.91999816894531,79.21761322021484
2021-12-15,108.29000091552734,79.48918151855469
2021-12-16,108.16999816894531,79.40113830566406
2021-12-17,107.7300033569336,79.36134338378906
2021-12-20,107.61000061035156,79.2729263305664
2021-12-21,108.13999938964844,79.66336059570312
2021-12-22,108.45999908447266,79.89910888671875
2021-12-23,108.77999877929688,80.13485717773438
2021-12-27,108.83999633789062,80.17904663085938
2021-12-28,108.80000305175781,80.14957427978516
2021-12-29,108.58999633789062,79.99488830566406
2021-12-30,108.52999877929688,79.95067596435547
2021-12-31,108.56999969482422,79.98011016845703
2022-01-03,108.5,79.92855834960938
2022-01-04,108.30000305175781,79.78125
2022-01-05,107.47000122070312,79.16981506347656
2022-01-06,107.48999786376953,79.1845474243164
2022-01-07,107.19999694824219,78.97088623046875
2022-01-10,107.20999908447266,78.97827911376953
2022-01-11,107.75,79.37608337402344
2022-01-12,107.91999816894531,79.50128936767578
2022-01-13,107.61000061035156,79.2729263305664
2022-01-14,107.51000213623047,79.19929504394531
2022-01-18,106.95999908447266,78.79410552978516
2022-01-19,106.86000061035156,78.720458984375
2022-01-20,106.62000274658203,78.54365539550781
2022-01-21,106.58999633789062,78.52152252197266
2022-01-24,106.4800033569336,78.44049072265625
2022-01-25,106.19000244140625,78.22686767578125
2022-01-26,105.83000183105469,77.961669921875
2022-01-27,105.33999633789062,77.60069274902344
2022-01-28,105.58000183105469,77.7774887084961
2022-01-31,105.56999969482422,77.77011108398438
2022-02-01,105.75,78.19158172607422
2022-02-02,105.8499984741211,78.26555633544922
2022-02-03,105.02999877929688,77.65921020507812
2022-02-04,104.56999969482422,77.31910705566406
2022-02-07,104.4800033569336,77.2525634765625
2022-02-08,104.37000274658203,77.17122650146484
2022-02-09,104.87999725341797,77.54832458496094
2022-02-10,103.56999969482422,76.57967376708984
2022-02-11,103.12999725341797,76.25435638427734
2022-02-14,103.01000213623047,76.1656494140625
2022-02-15,103.11000061035156,76.23955535888672
2022-02-16,103.68000030517578,76.66104888916016
2022-02-17,103.23999786376953,76.33568572998047
2022-02-18,103.37999725341797,76.4392318725586
2022-02-22,103.16999816894531,76.28395080566406
2022-02-23,103.0,76.15821838378906
2022-02-24,103.6500015258789,76.63885498046875
2022-02-25,104.2300033569336,77.06768798828125
2022-02-28,104.30000305175781,77.11944580078125
2022-03-01,103.4800033569336,76.80774688720703
2022-03-02,103.80999755859375,77.05265808105469
2022-03-03,103.55000305175781,76.85967254638672
2022-03-04,102.83000183105469,76.32527923583984
2022-03-07,101.86000061035156,75.60527801513672
2022-03-08,101.55999755859375,75.38262176513672
2022-03-09,102.33000183105469,75.95411682128906
2022-03-10,101.55000305175781,75.37519073486328
2022-03-11,100.75,74.78138732910156
2022-03-14,99.5999984741211,73.92781066894531
2022-03-15,100.2300033569336,74.39542388916016
2022-03-16,101.66999816894531,75.4642562866211
2022-03-17,102.33000183105469,75.95411682128906
2022-03-18,102.69999694824219,76.22874450683594
2022-03-21,101.68000030517578,75.47164916992188
2022-03-22,102.16000366210938,75.82794952392578
2022-03-23,101.70999908447266,75.49394989013672
2022-03-24,101.93000030517578,75.65724182128906
2022-03-25,101.33000183105469,75.21189880371094
2022-03-28,101.87000274658203,75.61268615722656
2022-03-29,103.11000061035156,76.53307342529297
2022-03-30,102.88999938964844,76.36978149414062
2022-03-31,102.5,76.08028411865234
2022-04-01,102.1500015258789,76.1160659790039
2022-04-04,102.87000274658203,76.65260314941406
2022-04-05,101.61000061035156,75.71372985839844
2022-04-06,100.79000091552734,75.10267639160156
2022-04-07,100.56999969482422,74.93878173828125
2022-04-08,99.9800033569336,74.49913787841797
2022-04-11,99.2699966430664,73.9700927734375
2022-04-12,99.9800033569336,74.49913787841797
2022-04-13,100.58000183105469,74.94619750976562
2022-04-14,99.91999816894531,74.45442962646484
2022-04-18,99.80000305175781,74.36500549316406
2022-04-19,99.7300033569336,74.31282043457031
2022-04-20,99.9800033569336,74.49913787841797
2022-04-21,99.3499984741211,74.02967834472656
2022-04-22,98.79000091552734,73.61241149902344
2022-04-25,99.44000244140625,74.09674835205078
2022-04-26,98.87000274658203,73.6720199584961
2022-04-27,98.41000366210938,73.32927703857422
2022-04-28,98.88999938964844,73.68693542480469
2022-04-29,97.61000061035156,72.733154296875
2022-05-02,97.12999725341797,72.6837387084961
2022-05-03,97.66999816894531,73.08785247802734
2022-05-04,98.68000030517578,73.8436508178711
2022-05-05,96.9000015258789,72.5116195678711
2022-05-06,96.37000274658203,72.11502838134766
2022-05-09,95.30000305175781,71.31433868408203
2022-05-10,95.70999908447266,71.62116241455078
2022-05-11,95.22000122070312,71.25448608398438
2022-05-12,95.06999969482422,71.14224243164062
2022-05-13,95.19000244140625,71.2320327758789
2022-05-16,95.0,71.0898666381836
2022-05-17,94.91999816894531,71.02997589111328
2022-05-18,94.12999725341797,70.43879699707031
2022-05-19,94.79000091552734,70.93268585205078
2022-05-20,94.69999694824219,70.8653564453125
2022-05-23,94.9800033569336,71.07486724853516
2022-05-24,95.44000244140625,71.41909790039062
2022-05-25,96.88999938964844,72.50414276123047
2022-05-26,98.36000061035156,73.60417938232422
2022-05-27,99.27999877929688,74.29263305664062
2022-05-31,98.62000274658203,73.79875183105469
2022-06-01,97.83999633789062,73.53267669677734
2022-06-02,98.12999725341797,73.75062561035156
2022-06-03,97.37000274658203,73.17945861816406
2022-06-06,96.73999786376953,72.70596313476562
2022-06-07,96.87000274658203,72.80372619628906
2022-06-08,96.01000213623047,72.1573257446289
2022-06-09,95.22000122070312,71.56361389160156
2022-06-10,93.52999877929688,70.29345703125
2022-06-13,90.31999969482422,67.88094329833984
2022-06-14,91.04000091552734,68.42208099365234
2022-06-15,92.66000366210938,69.63959503173828
2022-06-16,91.12000274658203,68.48219299316406
2022-06-17,91.63999938964844,68.8730239868164
2022-06-21,91.33000183105469,68.64002227783203
2022-06-22,91.37999725341797,68.67762756347656
2022-06-23,92.02999877929688,69.16612243652344
2022-06-24,92.6500015258789,69.63209533691406
2022-06-27,92.20999908447266,69.30142211914062
2022-06-28,90.9800033569336,68.37698364257812
2022-06-29,90.81999969482422,68.25670623779297
2022-06-30,90.70999908447266,68.17404174804688
2022-07-01,91.04000091552734,68.76548767089844
2022-07-05,90.95999908447266,68.705078125
2022-07-06,90.61000061035156,68.440673828125
2022-07-07,92.08000183105469,69.5510482788086
2022-07-08,92.2699966430664,69.69454193115234
2022-07-11,91.76000213623047,69.30933380126953
2022-07-12,92.0999984741211,69.5661392211914
2022-07-13,91.91999816894531,69.43019104003906
2022-07-14,91.66000366210938,69.23379516601562
2022-07-15,92.91999816894531,70.1855239868164
2022-07-18,92.01000213623047,69.4981689453125
2022-07-19,93.26000213623047,70.44232177734375
2022-07-20,93.7300033569336,70.79733276367188
2022-07-21,94.93000030517578,71.70369720458984
2022-07-22,94.80000305175781,71.60554504394531
2022-07-25,94.75,71.5677719116211
2022-07-26,94.0999984741211,71.07682037353516
2022-07-27,95.06999969482422,71.80946350097656
2022-07-28,96.12999725341797,72.61014556884766
2022-07-29,96.37999725341797,72.79895782470703
2022-08-01,96.12000274658203,72.93402862548828
2022-08-02,95.63999938964844,72.56981658935547
2022-08-03,96.4800033569336,73.20719146728516
2022-08-04,96.7300033569336,73.39688110351562
2022-08-05,96.33000183105469,73.09337615966797
2022-08-08,96.45999908447266,73.19200134277344
2022-08-09,95.72000122070312,72.6305160522461
2022-08-10,97.16000366210938,73.72315979003906
2022-08-11,96.68000030517578,73.35895538330078
2022-08-12,97.56999969482422,74.03427124023438
2022-08-15,97.37999725341797,73.89009094238281
2022-08-16,97.01000213623047,73.60933685302734
2022-08-17,96.0,72.84297943115234
2022-08-18,96.08999633789062,72.91127014160156
2022-08-19,95.08000183105469,72.14490509033203
2022-08-22,93.97000122070312,71.30265808105469
2022-08-23,94.16999816894531,71.45443725585938
2022-08-24,94.30999755859375,71.56063079833984
2022-08-25,95.0999984741211,72.1600570678711
2022-08-26,93.58999633789062,71.01429748535156
2022-08-29,93.19999694824219,70.71835327148438
2022-08-30,92.47000122070312,70.16448974609375
2022-08-31,91.88999938964844,69.724365234375
2022-09-01,91.55999755859375,69.85407257080078
2022-09-02,91.58999633789062,69.87696838378906
2022-09-06,91.37999725341797,69.71674346923828
2022-09-07,92.56999969482422,70.6246566772461
2022-09-08,92.94999694824219,70.91454315185547
2022-09-09,93.3499984741211,71.2197036743164
2022-09-12,93.66000366210938,71.45623779296875
2022-09-13,91.55000305175781,69.84642791748047
2022-09-14,91.62000274658203,69.89984893798828
2022-09-15,91.08000183105469,69.48786163330078
2022-09-16,91.30999755859375,69.6633529663086
2022-09-19,91.69999694824219,69.96087646484375
2022-09-20,90.7699966430664,69.2513427734375
2022-09-21,90.58000183105469,69.10640716552734
2022-09-22,89.94999694824219,68.62579345703125
2022-09-23,88.80999755859375,67.7560043334961
2022-09-26,87.77999877929688,66.97021484375
2022-09-27,87.56999969482422,66.81000518798828
2022-09-28,88.95999908447266,67.8704605102539
2022-09-29,88.25,67.32878875732422
2022-09-30,87.8499984741211,67.02360534667969
2022-10-03,88.2699966430664,67.71011352539062
2022-10-04,90.16999816894531,69.16758728027344
2022-10-05,89.86000061035156,68.92976379394531
2022-10-06,89.56999969482422,68.70734405517578
2022-10-07,88.56999969482422,67.94026947021484
2022-10-10,87.44999694824219,67.08114624023438
2022-10-11,87.72000122070312,67.28823852539062
2022-10-12,87.88999938964844,67.41866302490234
2022-10-13,88.05999755859375,67.5490493774414
2022-10-14,87.73999786376953,67.30358123779297
2022-10-17,88.80999755859375,68.12433624267578
2022-10-18,89.44000244140625,68.60760498046875
2022-10-19,88.6500015258789,68.0016098022461
2022-10-20,88.11000061035156,67.58741760253906
2022-10-21,88.7699966430664,68.09367370605469
2022-10-24,89.01000213623047,68.27778625488281
2022-10-25,89.80000305175781,68.88378143310547
2022-10-26,90.0199966430664,69.05252075195312
2022-10-27,90.75,69.61251831054688
2022-10-28,91.44000244140625,70.14179229736328
2022-10-31,90.05000305175781,69.0755615234375
2022-11-01,90.16000366210938,69.51580047607422
2022-11-02,89.31999969482422,68.86810302734375
2022-11-03,88.79000091552734,68.4594955444336
2022-11-04,89.33000183105469,68.8758316040039
2022-11-07,89.33000183105469,68.8758316040039
2022-11-08,89.1500015258789,68.73707580566406
2022-11-09,88.08999633789062,67.91975402832031
2022-11-10,90.83999633789062,70.04009246826172
2022-11-11,91.16000366210938,70.28681945800781
2022-11-14,90.44999694824219,69.73939514160156
2022-11-15,91.44999694824219,70.51041412353516
2022-11-16,91.19999694824219,70.31766510009766
2022-11-17,90.77999877929688,69.99382781982422
2022-11-18,91.0199966430664,70.17887115478516
2022-11-21,90.94000244140625,70.11720275878906
2022-11-22,91.6500015258789,70.66461181640625
2022-11-23,92.16000366210938,71.057861328125
2022-11-25,91.94000244140625,70.88822174072266
2022-11-28,90.98999786376953,70.15574645996094
2022-11-29,91.41000366210938,70.47958374023438
2022-11-30,92.83000183105469,71.5744400024414
2022-12-01,92.55000305175781,71.76522827148438
2022-12-02,92.55000305175781,71.76522827148438
2022-12-05,91.69999694824219,71.10609436035156
2022-12-06,91.2699966430664,70.77263641357422
2022-12-07,91.72000122070312,71.12162017822266
2022-12-08,91.81999969482422,71.19911193847656
2022-12-09,91.87000274658203,71.23787689208984
2022-12-12,92.18000030517578,71.47826385498047
2022-12-13,93.18000030517578,72.25369262695312
2022-12-14,92.69000244140625,71.87376403808594
2022-12-15,92.30000305175781,71.57132720947266
2022-12-16,91.83000183105469,71.2069091796875
2022-12-19,90.79000091552734,70.84406280517578
2022-12-20,90.51000213623047,70.62556457519531
2022-12-21,91.30999755859375,71.24980926513672
2022-12-22,90.69999694824219,70.77381134033203
2022-12-23,90.9800033569336,70.99231719970703
2022-12-27,89.9800033569336,70.21199798583984
2022-12-28,88.66999816894531,69.1897964477539
2022-12-29,89.94000244140625,70.18079376220703
2022-12-30,90.0,70.22762298583984
2023-01-03,90.18000030517578,70.36804962158203
2023-01-04,91.29000091552734,71.23417663574219
2023-01-05,91.12000274658203,71.10154724121094
2023-01-06,92.44000244140625,72.1315689086914
2023-01-09,92.83999633789062,72.44367980957031
2023-01-10,92.72000122070312,72.35004425048828
2023-01-11,93.37999725341797,72.86505889892578
2023-01-12,93.87999725341797,73.25519561767578
2023-01-13,93.95999908447266,73.31761932373047
2023-01-17,93.69000244140625,73.10694122314453
2023-01-18,93.77999877929688,73.17716979980469
2023-01-19,93.16000366210938,72.69338989257812
2023-01-20,93.38999938964844,72.87283325195312
2023-01-23,93.2699966430664,72.77920532226562
2023-01-24,93.38999938964844,72.87283325195312
2023-01-25,93.38999938964844,72.87283325195312
2023-01-26,93.62999725341797,73.06010437011719
2023-01-27,93.38999938964844,72.87283325195312
2023-01-30,92.9000015258789,72.4905014038086
2023-01-31,93.62999725341797,73.06010437011719
2023-02-01,94.0199966430664,73.74092102050781
2023-02-02,94.62999725341797,74.21932220458984
2023-02-03,93.66999816894531,73.46637725830078
2023-02-06,93.12000274658203,73.03501892089844
2023-02-07,93.4800033569336,73.31737518310547
2023-02-08,93.12000274658203,73.03501892089844
2023-02-09,92.44999694824219,72.50953674316406
2023-02-10,91.7300033569336,71.94483184814453
2023-02-13,91.98999786376953,72.14872741699219
2023-02-14,92.0,72.15660095214844
2023-02-15,91.86000061035156,72.04678344726562
2023-02-16,91.08000183105469,71.43501281738281
2023-02-17,91.37999725341797,71.67031860351562
2023-02-21,89.94000244140625,70.54090118408203
2023-02-22,90.5999984741211,71.05856323242188
2023-02-23,91.51000213623047,71.77225494384766
2023-02-24,90.9800033569336,71.3565902709961
2023-02-27,91.55999755859375,71.81147766113281
2023-02-28,91.38999938964844,71.67816925048828
2023-03-01,90.62000274658203,71.47309875488281
2023-03-02,90.66999816894531,71.51251983642578
2023-03-03,91.5999984741211,72.24602508544922
2023-03-06,91.66999816894531,72.30123901367188
2023-03-07,91.08000183105469,71.83590698242188
2023-03-08,90.62000274658203,71.47309875488281
2023-03-09,90.05999755859375,71.03141784667969
2023-03-10,90.02999877929688,71.00775909423828
2023-03-13,89.56999969482422,70.64493560791016
2023-03-14,90.2699966430664,71.19706726074219
2023-03-15,89.86000061035156,70.87367248535156
2023-03-16,90.44999694824219,71.3390121459961
2023-03-17,89.91000366210938,70.91311645507812
2023-03-20,89.66999816894531,70.72380065917969
2023-03-21,90.69000244140625,71.5282974243164
2023-03-22,90.79000091552734,71.60717010498047
2023-03-23,90.48999786376953,71.37055969238281
2023-03-24,90.23999786376953,71.17337036132812
2023-03-27,90.0999984741211,71.0629653930664
2023-03-28,90.08000183105469,71.04717254638672
2023-03-29,91.13999938964844,71.88323974609375
2023-03-30,91.73999786376953,72.3564682006836
2023-03-31,92.81999969482422,73.20825958251953
2023-04-03,92.29000091552734,73.14802551269531
2023-04-04,91.97000122070312,72.8943862915039
2023-04-05,91.44999694824219,72.48224639892578
2023-04-06,91.88999938964844,72.83100128173828
2023-04-10,91.70999908447266,72.6883544921875
2023-04-11,91.97000122070312,72.8943862915039
2023-04-12,91.91000366210938,72.84685516357422
2023-04-13,92.61000061035156,73.40166473388672
2023-04-14,92.37999725341797,73.21934509277344
2023-04-17,92.12999725341797,73.02120208740234
2023-04-18,92.2300033569336,73.10047149658203
2023-04-19,91.88999938964844,72.83100128173828
2023-04-20,91.83000183105469,72.78341674804688
2023-04-21,92.08000183105469,72.9815902709961
2023-04-24,92.3499984741211,73.1955795288086
2023-04-25,92.18000030517578,73.06083679199219
2023-04-26,91.81999969482422,72.77552795410156
2023-04-27,92.12999725341797,73.02120208740234
2023-04-28,92.48999786376953,73.30655670166016
2023-05-01,91.58999633789062,72.98776245117188
2023-05-02,91.55999755859375,72.96388244628906
2023-05-03,91.44999694824219,72.87623596191406
2023-05-04,91.18000030517578,72.66105651855469
2023-05-05,91.6500015258789,73.03559112548828
2023-05-08,91.47000122070312,72.89214324951172
2023-05-09,91.25,72.71682739257812
2023-05-10,91.79000091552734,73.14716339111328
2023-05-11,91.66000366210938,73.0435791015625
2023-05-12,91.31999969482422,72.77261352539062
2023-05-15,91.33999633789062,72.7885513305664
2023-05-16,90.69000244140625,72.27059173583984
2023-05-17,90.9000015258789,72.43792724609375
2023-05-18,90.94000244140625,72.46978759765625
2023-05-19,90.98999786376953,72.50965118408203
2023-05-22,91.38999938964844,72.8283920288086
2023-05-23,90.94000244140625,72.46978759765625
2023-05-24,90.30000305175781,71.95979309082031
2023-05-25,90.20999908447266,71.88805389404297
2023-05-26,90.77999877929688,72.34231567382812
2023-05-30,91.16000366210938,72.6451187133789
2023-05-31,90.83999633789062,72.39012908935547
2023-06-01,90.91999816894531,72.87420654296875
2023-06-02,91.37999725341797,73.24292755126953
2023-06-05,91.2699966430664,73.15478515625
2023-06-06,91.47000122070312,73.31504821777344
2023-06-07,91.0,72.93834686279297
2023-06-08,91.58999633789062,73.41121673583984
2023-06-09,91.5999984741211,73.41925811767578
2023-06-12,91.54000091552734,73.37115478515625
2023-06-13,91.66999816894531,73.4753646850586
2023-06-14,91.73999786376953,73.53146362304688
2023-06-15,92.16000366210938,73.86812591552734
2023-06-16,91.91000366210938,73.667724609375
2023-06-20,91.66999816894531,73.4753646850586
2023-06-21,91.44999694824219,73.29903411865234
2023-06-22,91.18000030517578,73.08263397216797
2023-06-23,90.9000015258789,72.85822296142578
2023-06-26,91.06999969482422,72.99446868896484
2023-06-27,91.33999633789062,73.21086120605469
2023-06-28,91.87000274658203,73.63568878173828
2023-06-29,91.62999725341797,73.44331359863281
2023-06-30,92.02999877929688,73.76390075683594
2023-07-03,91.4800033569336,73.71880340576172
2023-07-05,91.16999816894531,73.46897888183594
2023-07-06,90.5199966430664,72.94519805908203
2023-07-07,90.58999633789062,73.0015869140625
2023-07-10,91.01000213623047,73.34004211425781
2023-07-11,91.4800033569336,73.71880340576172
2023-07-12,92.2300033569336,74.32316589355469
2023-07-13,92.79000091552734,74.77444458007812
2023-07-14,92.13999938964844,74.25064849853516
2023-07-17,92.31999969482422,74.39569091796875
2023-07-18,92.55000305175781,74.58106231689453
2023-07-19,92.62999725341797,74.64549255371094
2023-07-20,92.26000213623047,74.34732818603516
2023-07-21,92.45999908447266,74.50851440429688
2023-07-24,92.29000091552734,74.37152099609375
2023-07-25,92.2300033569336,74.32316589355469
2023-07-26,92.6500015258789,74.66162109375
2023-07-27,91.93000030517578,74.0814208984375
2023-07-28,92.45999908447266,74.50851440429688
2023-07-31,92.75,74.7422103881836
2023-08-01,91.70999908447266,74.32080841064453
2023-08-02,91.3499984741211,74.0290756225586
2023-08-03,91.04000091552734,73.77786254882812
2023-08-04,91.56999969482422,74.2073745727539
2023-08-07,91.76000213623047,74.361328125
2023-08-08,91.91999816894531,74.49099731445312
2023-08-09,91.93000030517578,74.49909210205078
2023-08-10,91.87999725341797,74.4585952758789
2023-08-11,91.75,74.35320281982422
2023-08-14,91.76000213623047,74.361328125
2023-08-15,91.47000122070312,74.12631225585938
2023-08-16,91.2300033569336,73.93181610107422
2023-08-17,90.80000305175781,73.5833511352539
2023-08-18,90.83999633789062,73.61577606201172
2023-08-21,90.87000274658203,73.64009094238281
2023-08-22,90.91999816894531,73.68059539794922
2023-08-23,91.66999816894531,74.28839111328125
2023-08-24,91.12999725341797,73.85076904296875
2023-08-25,91.51000213623047,74.15874481201172
2023-08-28,91.9000015258789,74.47477722167969
2023-08-29,92.47000122070312,74.93672180175781
2023-08-30,92.44999694824219,74.92047882080078
2023-08-31,92.45999908447266,74.9286117553711
2023-09-01,91.98999786376953,74.96282196044922
2023-09-05,91.44999694824219,74.52276611328125
2023-09-06,91.31999969482422,74.41686248779297
2023-09-07,91.58999633789062,74.63687896728516
2023-09-08,91.51000213623047,74.57169342041016
2023-09-11,91.62000274658203,74.66131591796875
2023-09-12,91.5199966430664,74.5798110961914
2023-09-13,91.75,74.76725769042969
2023-09-14,91.87999725341797,74.8731918334961
2023-09-15,91.58000183105469,74.62870788574219
2023-09-18,91.5999984741211,74.64501953125
2023-09-19,91.37000274658203,74.45759582519531
2023-09-20,91.26000213623047,74.36795806884766
2023-09-21,90.62000274658203,73.8464126586914
2023-09-22,90.76000213623047,73.96047973632812
2023-09-25,90.62999725341797,73.85454559326172
2023-09-26,90.19999694824219,73.5041732788086
2023-09-27,90.06999969482422,73.3982162475586
2023-09-28,90.45999908447266,73.71601104736328
2023-09-29,90.4000015258789,73.66712951660156
2023-10-02,89.33999633789062,73.21720123291016
2023-10-03,88.43000030517578,72.47142791748047
2023-10-04,88.76000213623047,72.74188232421875
2023-10-05,88.87999725341797,72.8402099609375
2023-10-06,89.04000091552734,72.97132873535156
2023-10-09,89.69999694824219,73.5122299194336
2023-10-10,89.72000122070312,73.52863311767578
2023-10-11,89.76000213623047,73.56141662597656
2023-10-12,89.25,73.14344787597656
2023-10-13,89.16999816894531,73.07788848876953
2023-10-16,89.13999938964844,73.05330657958984
2023-10-17,88.72000122070312,72.7091064453125
2023-10-18,88.26000213623047,72.3321304321289
2023-10-19,87.95999908447266,72.08625793457031
2023-10-20,88.0999984741211,72.20098114013672
2023-10-23,88.45999908447266,72.49600219726562
2023-10-24,88.91000366210938,72.86479949951172
2023-10-25,88.4800033569336,72.51241302490234
2023-10-26,88.76000213623047,72.74188232421875
2023-10-27,88.61000061035156,72.61894226074219
2023-10-30,88.62999725341797,72.63534545898438
2023-10-31,88.91999816894531,72.87299346923828
2023-11-01,89.23999786376953,73.54965209960938
2023-11-02,90.22000122070312,74.35736083984375
2023-11-03,91.23999786376953,75.19803619384766
2023-11-06,90.91999816894531,74.93428039550781
2023-11-07,90.80000305175781,74.83537292480469
2023-11-08,90.8499984741211,74.87657165527344
2023-11-09,90.25,74.382080078125
2023-11-10,90.70999908447266,74.7612075805664
2023-11-13,90.55000305175781,74.62933349609375
2023-11-14,91.4800033569336,75.39582061767578
2023-11-15,91.19999694824219,75.16505432128906
2023-11-16,91.33000183105469,75.2721939086914
2023-11-17,91.52999877929688,75.43702697753906
2023-11-20,91.5999984741211,75.4947280883789
2023-11-21,91.72000122070312,75.59361267089844
2023-11-22,91.94999694824219,75.78317260742188
2023-11-24,91.87000274658203,75.71725463867188
2023-11-27,92.01000213623047,75.83264923095703
2023-11-28,92.3499984741211,76.11286926269531
2023-11-29,92.83000183105469,76.50846862792969
2023-11-30,92.68000030517578,76.38481903076172
2023-12-01,92.94000244140625,77.02714538574219
2023-12-04,92.70999908447266,76.83650970458984
2023-12-05,92.83999633789062,76.94425201416016
2023-12-06,92.80000305175781,76.91109466552734
2023-12-07,92.95999908447266,77.04371643066406
2023-12-08,92.80999755859375,76.91938781738281
2023-12-11,92.73999786376953,76.86138153076172
2023-12-12,92.98999786376953,77.06857299804688
2023-12-13,94.37000274658203,78.21229553222656
2023-12-14,94.83000183105469,78.59354400634766
2023-12-15,94.63999938964844,78.43608093261719
2023-12-18,94.19000244140625,78.50025177001953
2023-12-19,94.5,78.75862884521484
2023-12-20,94.47000122070312,78.73360443115234
2023-12-21,94.9000015258789,79.09198760986328
2023-12-22,94.80999755859375,79.0169448852539
2023-12-26,95.0,79.1753158569336
2023-12-27,95.4000015258789,79.50869750976562
2023-12-28,95.05999755859375,79.22532653808594
2023-12-29,94.7300033569336,78.95030975341797
2024-01-02,94.44000244140625,78.7085952758789
2024-01-03,94.12999725341797,78.45024871826172
2024-01-04,93.76000213623047,78.14187622070312
2024-01-05,93.87999725341797,78.24188995361328
2024-01-08,94.37999725341797,78.6585922241211
2024-01-09,94.54000091552734,78.79193878173828
2024-01-10,94.73999786376953,78.95864868164062
2024-01-11,94.9800033569336,79.15864562988281
2024-01-12,95.12000274658203,79.27532958984375
2024-01-16,94.4800033569336,78.74192810058594
2024-01-17,94.12000274658203,78.44189453125
2024-01-18,94.27999877929688,78.57524871826172
2024-01-19,94.37999725341797,78.6585922241211
2024-01-22,94.54000091552734,78.79193878173828
2024-01-23,94.4800033569336,78.74192810058594
2024-01-24,94.43000030517578,78.70027923583984
2024-01-25,95.12999725341797,79.28366088867188
2024-01-26,95.01000213623047,79.18365478515625
2024-01-29,95.27999877929688,79.4086685180664
2024-01-30,95.12999725341797,79.28366088867188
2024-01-31,94.87000274658203,79.06697845458984
2024-02-01,94.81999969482422,79.47093200683594
2024-02-02,94.44999694824219,79.16082763671875
2024-02-05,94.0,78.78369140625
2024-02-06,94.37999725341797,79.1021728515625
2024-02-07,94.5199966430664,79.21949768066406
2024-02-08,94.54000091552734,79.23626708984375
2024-02-09,94.75,79.41226196289062
2024-02-12,94.52999877929688,79.22787475585938
2024-02-13,93.7699966430664,78.5909194946289
2024-02-14,94.16000366210938,78.91779327392578
2024-02-15,94.41999816894531,79.13570404052734
2024-02-16,94.19999694824219,78.9513168334961
2024-02-20,94.36000061035156,79.08541870117188
2024-02-21,94.20999908447266,78.95968627929688
2024-02-22,94.6500015258789,79.3284683227539
2024-02-23,94.69999694824219,79.37039947509766
2024-02-26,94.41000366210938,79.12731170654297
2024-02-27,94.4800033569336,79.18598175048828
2024-02-28,94.5,79.2027587890625
2024-02-29,94.62000274658203,79.30330657958984
2024-03-01,94.41000366210938,79.57218933105469
2024-03-04,94.44999694824219,79.60587310791016
2024-03-05,94.33999633789062,79.51319885253906
2024-03-06,94.55999755859375,79.6986083984375
2024-03-07,94.66000366210938,79.78288269042969
2024-03-08,94.69999694824219,79.81661224365234
2024-03-11,94.69999694824219,79.81661224365234
2024-03-12,94.75,79.8587417602539
2024-03-13,94.81999969482422,79.91773986816406
2024-03-14,94.3499984741211,79.5216064453125
2024-03-15,94.36000061035156,79.53003692626953
2024-03-18,94.52999877929688,79.67332458496094
2024-03-19,94.93000030517578,80.01045989990234
2024-03-20,95.25,80.2801742553711
2024-03-21,95.23999786376953,80.27174377441406
2024-03-22,95.11000061035156,80.16217803955078
2024-03-25,95.0199966430664,80.08631896972656
2024-03-26,94.83999633789062,79.93461608886719
2024-03-27,95.3499984741211,80.36446380615234
2024-03-28,95.19999694824219,80.23802947998047
2024-04-01,94.22000122070312,79.83891296386719
2024-04-02,94.04000091552734,79.68638610839844
2024-04-03,94.08999633789062,79.728759765625
2024-04-04,93.95999908447266,79.61861419677734
2024-04-05,93.91000366210938,79.57623291015625
2024-04-08,94.16000366210938,79.7880859375
2024-04-09,94.41999816894531,80.00839233398438
2024-04-10,93.54000091552734,79.26272583007812
2024-04-11,93.44999694824219,79.18646240234375
2024-04-12,93.44000244140625,79.17797088623047
2024-04-15,92.87999725341797,78.70342254638672
2024-04-16,92.56999969482422,78.4407730102539
2024-04-17,92.69000244140625,78.5424575805664
2024-04-18,92.80999755859375,78.64412689208984
2024-04-19,93.0,78.80514526367188
2024-04-22,93.4800033569336,79.21185302734375
2024-04-23,93.83999633789062,79.51692962646484
2024-04-24,93.68000030517578,79.38134002685547
2024-04-25,93.41999816894531,79.1610336303711
2024-04-26,93.7300033569336,79.42372131347656
2024-04-29,94.0199966430664,79.66941833496094
2024-04-30,93.43000030517578,79.16950988769531
2024-05-01,93.30000305175781,79.51806640625
2024-05-02,93.83999633789062,79.97830963134766
2024-05-03,94.2699966430664,80.34478759765625
2024-05-06,94.37000274658203,80.43002319335938
2024-05-07,94.41000366210938,80.46412658691406
2024-05-08,94.20999908447266,80.2936782836914
2024-05-09,94.23999786376953,80.31922149658203
2024-05-10,94.0199966430664,80.1317138671875
2024-05-13,94.02999877929688,80.1402359008789
2024-05-14,94.16999816894531,80.25955963134766
2024-05-15,94.69000244140625,80.70277404785156
2024-05-16,94.5,80.54081726074219
2024-05-17,94.48999786376953,80.53228759765625
2024-05-20,94.55000305175781,80.58343505859375
2024-05-21,94.5,80.54081726074219
2024-05-22,94.30000305175781,80.37035369873047
2024-05-23,93.94999694824219,80.07206726074219
2024-05-24,94.27999877929688,80.35334014892578
2024-05-28,93.93000030517578,80.0550308227539
2024-05-29,93.62000274658203,79.79082489013672
2024-05-30,93.94999694824219,80.07206726074219
2024-05-31,94.3499984741211,80.4129867553711
2024-06-03,94.08000183105469,80.63668823242188
2024-06-04,94.04000091552734,80.60240173339844
2024-06-05,94.3499984741211,80.86810302734375
2024-06-06,94.20999908447266,80.74811553955078
2024-06-07,93.93000030517578,80.50811004638672
2024-06-10,94.0199966430664,80.58525848388672
2024-06-11,94.18000030517578,80.72239685058594
2024-06-12,94.51000213623047,81.00525665283203
2024-06-13,94.52999877929688,81.02238464355469
2024-06-14,94.1500015258789,80.69669342041016
2024-06-17,94.25,80.78239440917969
2024-06-18,94.56999969482422,81.05665588378906
2024-06-20,94.47000122070312,80.97095489501953
2024-06-21,94.56999969482422,81.05665588378906
2024-06-24,94.54000091552734,81.03097534179688
2024-06-25,94.62999725341797,81.10810089111328
2024-06-26,94.37999725341797,80.89382934570312
2024-06-27,94.51000213623047,81.00525665283203
2024-06-28,94.2699966430664,80.79951477050781
2024-07-01,93.6500015258789,80.72541809082031
2024-07-02,93.9800033569336,81.00987243652344
2024-07-03,94.19999694824219,81.19950866699219
2024-07-05,94.58999633789062,81.53568267822266
2024-07-08,94.48999786376953,81.44947814941406
2024-07-09,94.43000030517578,81.39773559570312
2024-07-10,94.61000061035156,81.55291748046875
2024-07-11,94.94999694824219,81.84599304199219
2024-07-12,95.23999786376953,82.09597778320312
2024-07-15,95.23999786376953,82.09597778320312
2024-07-16,95.62000274658203,82.42353057861328
2024-07-17,95.51000213623047,82.32872009277344
2024-07-18,95.29000091552734,82.13908386230469
2024-07-19,95.20999908447266,82.07011413574219
2024-07-22,95.54000091552734,82.35456085205078
2024-07-23,95.58000183105469,82.38905334472656
2024-07-24,95.23999786376953,82.09597778320312
2024-07-25,95.27999877929688,82.13043975830078
2024-07-26,95.54000091552734,82.35456085205078
2024-07-29,95.44999694824219,82.27698516845703
2024-07-30,95.47000122070312,82.29423522949219
2024-07-31,95.83999633789062,82.61317443847656
2024-08-01,95.08999633789062,82.41814422607422
2024-08-02,94.79000091552734,82.15811920166016
2024-08-05,94.19000244140625,81.63809204101562
2024-08-06,94.55999755859375,81.95878601074219
2024-08-07,94.69999694824219,82.08013916015625
2024-08-08,95.06999969482422,82.40083312988281
2024-08-09,95.05000305175781,82.38349151611328
2024-08-12,95.08000183105469,82.40947723388672
2024-08-13,95.55000305175781,82.81686401367188
2024-08-14,95.7699966430664,83.00753021240234
2024-08-15,95.86000061035156,83.08554077148438
2024-08-16,96.18000030517578,83.36288452148438
2024-08-19,96.33000183105469,83.49291229248047
2024-08-20,96.2699966430664,83.44091033935547
2024-08-21,96.43000030517578,83.57958984375
2024-08-22,96.3499984741211,83.51024627685547
2024-08-23,96.86000061035156,83.95228576660156
2024-08-26,96.69000244140625,83.80494689941406
2024-08-27,96.7300033569336,83.839599609375
2024-08-28,96.73999786376953,83.84828186035156
2024-08-29,96.80000305175781,83.9002685546875
2024-08-30,96.81999969482422,83.91761779785156
2024-09-03,95.93000030517578,83.60126495361328
2024-09-04,96.33999633789062,83.95857238769531
2024-09-05,96.62000274658203,84.20258331298828
2024-09-06,96.48999786376953,84.08929443359375
2024-09-09,96.69999694824219,84.27227783203125
2024-09-10,96.48999786376953,84.08929443359375
2024-09-11,96.6500015258789,84.22872924804688
2024-09-12,96.76000213623047,84.32460021972656
2024-09-13,97.05000305175781,84.57732391357422
2024-09-16,97.25,84.75160217285156
2024-09-17,97.30999755859375,84.80389404296875
2024-09-18,97.41999816894531,84.89976501464844
2024-09-19,97.62999725341797,85.0827865600586
2024-09-20,97.73999786376953,85.17864227294922
2024-09-23,97.55999755859375,85.02176666259766
2024-09-24,97.61000061035156,85.06536102294922
2024-09-25,97.5,84.969482421875
2024-09-26,97.54000091552734,85.0043716430664
2024-09-27,97.79000091552734,85.22222137451172
2024-09-30,97.79000091552734,85.22222137451172
2024-10-01,97.22000122070312,85.18541717529297
2024-10-02,97.20999908447266,85.17664337158203
2024-10-03,97.04000091552734,85.02770233154297
2024-10-04,96.94999694824219,84.9488296508789
2024-10-07,96.4800033569336,84.53701782226562
2024-10-08,96.68000030517578,84.71227264404297
2024-10-09,96.58000183105469,84.6246337890625
2024-10-10,96.56999969482422,84.61588287353516
2024-10-11,96.79000091552734,84.80864715576172
2024-10-14,96.8499984741211,84.86124420166016
2024-10-15,96.8499984741211,84.86124420166016
2024-10-16,97.05000305175781,85.0364761352539
2024-10-17,96.80999755859375,84.82616424560547
2024-10-18,97.08999633789062,85.07151794433594
2024-10-21,96.69999694824219,84.72977447509766
2024-10-22,96.52999877929688,84.5808334350586
2024-10-23,96.20999908447266,84.30043029785156
2024-10-24,96.51000213623047,84.56330108642578
2024-10-25,96.36000061035156,84.4318618774414
2024-10-28,96.63999938964844,84.67720031738281
2024-10-29,96.66999816894531,84.70350646972656
2024-10-30,96.4800033569336,84.53701782226562
2024-10-31,96.30000305175781,84.37930297851562
2024-11-01,95.73999786376953,84.35375213623047
2024-11-04,95.9800033569336,84.56521606445312
2024-11-05,96.22000122070312,84.77667236328125
2024-11-06,96.44000244140625,84.97049713134766
2024-11-07,96.86000061035156,85.3405532836914
2024-11-08,97.06999969482422,85.52557373046875
2024-11-11,97.01000213623047,85.47269439697266
2024-11-12,96.54000091552734,85.05860900878906
2024-11-13,96.61000061035156,85.12029266357422
2024-11-14,96.41000366210938,84.94407653808594
2024-11-15,96.36000061035156,84.9000015258789
2024-11-18,96.5199966430664,85.04100799560547
2024-11-19,96.68000030517578,85.18197631835938
2024-11-20,96.62000274658203,85.12909698486328
2024-11-21,96.6500015258789,85.15553283691406
2024-11-22,96.6500015258789,85.15553283691406
2024-11-25,97.04000091552734,85.49915313720703
2024-11-26,96.86000061035156,85.3405532836914
2024-11-27,97.13999938964844,85.58724975585938
2024-11-29,97.36000061035156,85.78108978271484
2024-12-02,96.79000091552734,85.7403335571289
2024-12-03,96.80999755859375,85.75804901123047
2024-12-04,97.0199966430664,85.94407653808594
2024-12-05,96.94000244140625,85.87320709228516
2024-12-06,97.11000061035156,86.0238037109375
2024-12-09,96.97000122070312,85.89981079101562
2024-12-10,96.97000122070312,85.89981079101562
2024-12-11,96.98999786376953,85.91749572753906
2024-12-12,96.7300033569336,85.68718719482422
2024-12-13,96.43000030517578,85.42144775390625
2024-12-16,96.58999633789062,85.56316375732422
2024-12-17,96.41999816894531,85.41259765625
2024-12-18,95.41999816894531,84.52674865722656
2024-12-19,94.7699966430664,84.41094970703125
2024-12-20,95.37999725341797,84.95426940917969
2024-12-23,95.19000244140625,84.78504180908203
2024-12-24,95.44000244140625,85.0076904296875
2024-12-26,95.66999816894531,85.21257781982422
2024-12-27,95.41999816894531,84.98990631103516
2024-12-30,95.48999786376953,85.05224609375
2024-12-31,95.47000122070312,85.034423828125
2025-01-02,95.75,85.28382110595703
2025-01-03,95.94999694824219,85.46196746826172
2025-01-06,96.05999755859375,85.55994415283203
2025-01-07,95.7699966430664,85.30165100097656
2025-01-08,95.87000274658203,85.39070892333984
2025-01-10,95.33999633789062,84.91864013671875
2025-01-13,95.30000305175781,84.88301849365234
2025-01-14,95.37999725341797,84.95426940917969
2025-01-15,96.26000213623047,85.73809051513672
2025-01-16,96.37000274658203,85.8360595703125
2025-01-17,96.44999694824219,85.90731048583984
2025-01-21,96.7300033569336,86.15672302246094
2025-01-22,96.56999969482422,86.01419830322266
2025-01-23,96.70999908447266,86.13887786865234
2025-01-24,96.80999755859375,86.22794342041016
2025-01-27,96.91999816894531,86.32594299316406
2025-01-28,96.86000061035156,86.27249908447266
2025-01-29,96.77999877929688,86.20124053955078
2025-01-30,96.9800033569336,86.37937927246094
2025-01-31,96.76000213623047,86.18344116210938
2025-02-03,96.0999984741211,86.07237243652344
2025-02-04,96.37999725341797,86.32315063476562
2025-02-05,96.63999938964844,86.5560302734375
2025-02-06,96.5199966430664,86.44853210449219
2025-02-07,96.23999786376953,86.19774627685547
2025-02-10,96.45999908447266,86.39479064941406
2025-02-11,96.3499984741211,86.2962875366211
2025-02-12,96.12999725341797,86.0992431640625
2025-02-13,96.55999755859375,86.48436737060547
2025-02-14,96.68000030517578,86.59184265136719
2025-02-18,96.62000274658203,86.5381088256836
2025-02-19,96.69999694824219,86.60974884033203
2025-02-20,96.7699966430664,86.67244720458984
2025-02-21,96.62999725341797,86.54705810546875
2025-02-24,96.72000122070312,86.62767028808594
2025-02-25,96.95999908447266,86.84262084960938
2025-02-26,97.05000305175781,86.9232406616211
2025-02-27,96.8499984741211,86.74410247802734
2025-02-28,97.12000274658203,86.98595428466797
2025-03-03,96.37999725341797,86.79501342773438
2025-03-04,96.2699966430664,86.6959457397461
2025-03-05,96.30999755859375,86.73197174072266
2025-03-06,95.97000122070312,86.42579650878906
2025-03-07,96.11000061035156,86.5518798828125
2025-03-10,95.73999786376953,86.21865844726562
2025-03-11,95.30999755859375,85.83142852783203
2025-03-12,95.4000015258789,85.91249084472656
2025-03-13,94.86000061035156,85.42618560791016
2025-03-14,95.33000183105469,85.84944915771484
2025-03-17,95.58000183105469,86.0745849609375
2025-03-18,95.41000366210938,85.9214859008789
2025-03-19,95.9800033569336,86.43479919433594
2025-03-20,95.86000061035156,86.32672119140625
2025-03-21,95.76000213623047,86.23668670654297
2025-03-24,96.12999725341797,86.56987762451172
2025-03-25,96.02999877929688,86.47982025146484
2025-03-26,95.56999969482422,86.06556701660156
2025-03-27,95.38999938964844,85.90347290039062
2025-03-28,95.20999908447266,85.74136352539062
2025-03-31,95.30000305175781,85.8224105834961
2025-04-01,95.0199966430664,86.05062866210938
2025-04-02,95.19999694824219,86.21363830566406
2025-04-03,93.9000015258789,85.036376953125
2025-04-04,92.44999694824219,83.72322845458984
2025-04-07,91.61000061035156,82.96251678466797
2025-04-08,91.2300033569336,82.6183853149414
2025-04-09,93.69000244140625,84.84618377685547
2025-04-10,92.16999816894531,83.46966552734375
2025-04-11,92.38999938964844,83.66889190673828
2025-04-14,92.93000030517578,84.1579360961914
2025-04-15,93.19999694824219,84.40243530273438
2025-04-16,93.12000274658203,84.32998657226562
2025-04-17,93.72000122070312,84.87335968017578
2025-04-21,93.1500015258789,84.35716247558594
2025-04-22,93.5,84.67412567138672
2025-04-23,94.04000091552734,85.16315460205078
2025-04-24,94.8499984741211,85.89669036865234
2025-04-25,95.0199966430664,86.05062866210938
2025-04-28,95.02999877929688,86.05970001220703
2025-04-29,95.2699966430664,86.27703094482422
2025-04-30,94.70999908447266,85.76990509033203
2025-05-01,94.30000305175781,85.87828063964844
2025-05-02,94.56999969482422,86.1241683959961
2025-05-05,94.52999877929688,86.08772277832031
2025-05-06,94.4800033569336,86.04219055175781
2025-05-07,94.5,86.0604019165039
2025-05-08,94.52999877929688,86.08772277832031
2025-05-09,94.55000305175781,86.10595703125
2025-05-12,95.6500015258789,87.10771179199219
2025-05-13,95.80000305175781,87.24430847167969
2025-05-14,95.44999694824219,86.92557525634766
2025-05-15,95.62000274658203,87.08038330078125
2025-05-16,95.73999786376953,87.18965911865234
2025-05-19,95.68000030517578,87.1350326538086
2025-05-20,95.63999938964844,87.09859466552734
2025-05-21,95.0,86.51575469970703
2025-05-22,95.16000366210938,86.66148376464844
2025-05-23,95.12000274658203,86.62504577636719
2025-05-27,95.7300033569336,87.1805648803711
2025-05-28,95.68000030517578,87.1350326538086
2025-05-29,95.80000305175781,87.24430847167969
2025-05-30,95.91000366210938,87.34451293945312
2025-06-02,95.37000274658203,87.34082794189453
2025-06-03,95.58999633789062,87.54229736328125
2025-06-04,95.80999755859375,87.7437744140625
2025-06-05,95.61000061035156,87.56062316894531
2025-06-06,95.62000274658203,87.56979370117188
2025-06-09,95.72000122070312,87.66134643554688
2025-06-10,95.93000030517578,87.85367584228516
2025-06-11,95.87999725341797,87.80789947509766
2025-06-12,96.0,87.91780090332031
2025-06-13,95.69999694824219,87.6430435180664
2025-06-16,95.91999816894531,87.84453582763672
2025-06-17,95.79000091552734,87.72547149658203
2025-06-18,95.94000244140625,87.86283111572266
2025-06-20,96.2300033569336,88.12841796875
2025-06-23,96.41999816894531,88.30244445800781
2025-06-24,96.68000030517578,88.54054260253906
2025-06-25,96.70999908447266,88.56800842285156
2025-06-26,97.0199966430664,88.85191345214844
2025-06-27,96.94000244140625,88.7786636352539
2025-06-30,97.2699966430664,89.08087921142578
2025-07-01,96.66000366210938,89.01640319824219
2025-07-02,96.8499984741211,89.1913833618164
2025-07-03,96.91000366210938,89.24665069580078
2025-07-07,96.55999755859375,88.92432403564453
2025-07-08,96.41000366210938,88.78617858886719
2025-07-09,96.66000366210938,89.01640319824219
2025-07-10,96.61000061035156,88.97036743164062
2025-07-11,96.44000244140625,88.81379699707031
2025-07-14,96.52999877929688,88.89668273925781
2025-07-15,96.22000122070312,88.61119842529297
2025-07-16,96.44000244140625,88.81379699707031
2025-07-17,96.55999755859375,88.92432403564453
2025-07-18,96.69999694824219,89.05325317382812
2025-07-21,96.83000183105469,89.1729736328125
2025-07-22,97.01000213623047,89.3387222290039
2025-07-23,97.08000183105469,89.4031982421875
2025-07-24,96.94000244140625,89.2742691040039
2025-07-25,97.04000091552734,89.36634826660156
2025-07-28,97.0,89.32952117919922
2025-07-29,97.0199966430664,89.34793090820312
2025-07-30,96.8499984741211,89.1913833618164
2025-07-31,96.88999938964844,89.22820281982422
2025-08-01,96.3499984741211,89.227294921875
2025-08-04,96.70999908447266,89.56066131591797
2025-08-05,96.63999938964844,89.49585723876953
2025-08-06,96.7699966430664,89.61624145507812
2025-08-07,96.69999694824219,89.55142974853516
2025-08-08,96.72000122070312,89.56993865966797
2025-08-11,96.69999694824219,89.55142974853516
2025-08-12,96.88999938964844,89.72735595703125
2025-08-13,97.16999816894531,89.9866714477539
2025-08-14,96.88999938964844,89.72735595703125
2025-08-15,96.91999816894531,89.7551498413086
2025-08-18,96.87000274658203,89.7088394165039
2025-08-19,96.86000061035156,89.69960021972656
2025-08-20,96.79000091552734,89.63475036621094
2025-08-21,96.62000274658203,89.47733306884766
2025-08-22,97.43000030517578,90.22745513916016
2025-08-25,97.30999755859375,90.11632537841797
2025-08-26,97.5199966430664,90.31080627441406
2025-08-27,97.66999816894531,90.44969940185547
2025-08-28,97.68000030517578,90.458984375
2025-08-29,97.51000213623047,90.30152893066406
2025-09-02,96.83999633789062,90.17024230957031
2025-09-03,97.13999938964844,90.4495849609375
2025-09-04,97.41000366210938,90.70098876953125
2025-09-05,97.51000213623047,90.79410552978516
2025-09-08,97.5199966430664,90.80340576171875
2025-09-09,97.4000015258789,90.69168090820312
2025-09-10,97.48999786376953,90.7754898071289
2025-09-11,97.7699966430664,91.03620147705078
2025-09-12,97.69000244140625,90.96170806884766
2025-09-15,97.98999786376953,91.24103546142578
2025-09-16,97.91999816894531,91.17584991455078
2025-09-17,97.80000305175781,91.06413269042969
2025-09-18,98.0199966430664,91.26897430419922
2025-09-19,98.08999633789062,91.33415222167969
2025-09-22,98.19000244140625,91.4272689819336
2025-09-23,98.12999725341797,91.37139892578125
2025-09-24,97.9800033569336,91.23173522949219
2025-09-25,97.66999816894531,90.94308471679688
2025-09-26,97.8499984741211,91.11068725585938
2025-09-29,98.05999755859375,91.30622863769531
2025-09-30,97.98999786376953,91.24103546142578
2025-10-01,97.63999938964844,91.41706085205078
2025-10-02,97.58999633789062,91.37024688720703
2025-10-03,97.47000122070312,91.25791931152344
2025-10-06,97.48999786376953,91.27662658691406
2025-10-07,97.37999725341797,91.17363739013672
2025-10-08,97.23999786376953,91.04256439208984
2025-10-09,96.94000244140625,90.76167297363281
2025-10-10,96.33999633789062,90.19991302490234
2025-10-13,96.91999816894531,90.7429428100586
2025-10-14,96.9800033569336,90.79911804199219
2025-10-15,97.33999633789062,91.13617706298828
2025-10-16,97.04000091552734,90.85530853271484
2025-10-17,97.23999786376953,91.04256439208984
2025-10-20,97.44999694824219,91.23917388916016
2025-10-21,97.37000274658203,91.16427612304688
2025-10-22,97.2699966430664,91.07063293457031
2025-10-23,97.44999694824219,91.23917388916016
2025-10-24,97.73999786376953,91.51069641113281
2025-10-27,98.0199966430664,91.7728500366211
2025-10-28,97.91000366210938,91.66986846923828
2025-10-29,97.62000274658203,91.39833068847656
2025-10-30,97.38999938964844,91.1830062866211
2025-10-31,97.38999938964844,91.1830062866211
2025-11-03,96.58000183105469,90.92223358154297
2025-11-04,96.55999755859375,90.90338897705078
2025-11-05,96.6500015258789,90.98812866210938
2025-11-06,96.69999694824219,91.03519439697266
2025-11-07,96.76000213623047,91.0916748046875
2025-11-10,97.08999633789062,91.40232849121094
2025-11-11,97.26000213623047,91.56238555908203
2025-11-12,97.02999877929688,91.34585571289062
2025-11-13,96.5999984741211,90.94104766845703
2025-11-14,96.62999725341797,90.96929931640625
2025-11-17,96.45999908447266,90.80926513671875
2025-11-18,96.41000366210938,90.76219177246094
2025-11-19,96.48999786376953,90.83749389648438
2025-11-20,96.47000122070312,90.81867980957031
2025-11-21,96.76000213623047,91.0916748046875
2025-11-24,97.04000091552734,91.35527038574219
2025-11-25,97.41999816894531,91.7130126953125
2025-11-26,97.56999969482422,91.85423278808594
2025-11-28,97.6500015258789,91.9295425415039
2025-12-01,96.95999908447266,91.77620697021484
2025-12-02,97.11000061035156,91.91818237304688
2025-12-03,97.26000213623047,92.06016540527344
2025-12-04,97.29000091552734,92.08857727050781
2025-12-05,97.29000091552734,92.08857727050781
2025-12-08,97.08000183105469,91.88980102539062
2025-12-09,96.94000244140625,91.75727081298828
2025-12-10,97.27999877929688,92.0791015625
2025-12-11,97.2699966430664,92.06962585449219
2025-12-12,97.06999969482422,91.88033294677734
2025-12-15,97.16999816894531,91.9749755859375
2025-12-16,97.18000030517578,91.98444366455078
2025-12-17,97.06999969482422,91.88033294677734
2025-12-18,96.8499984741211,92.13813018798828
2025-12-19,96.81999969482422,92.10961151123047
2025-12-22,96.91000366210938,92.19522857666016
2025-12-23,96.98999786376953,92.27132415771484
2025-12-24,97.20999908447266,92.48062133789062
2025-12-26,97.16000366210938,92.43307495117188
2025-12-29,97.19000244140625,92.46159362792969
2025-12-30,97.30000305175781,92.56624603271484
2025-12-31,97.20999908447266,92.48062133789062
2026-01-02,97.23999786376953,92.5091781616211
2026-01-05,97.5,92.75652313232422
2026-01-06,97.54000091552734,92.79456329345703
2026-01-07,97.51000213623047,92.76602935791016
2026-01-08,97.58999633789062,92.84213256835938
2026-01-09,97.69000244140625,92.93728637695312
2026-01-12,97.68000030517578,92.92777252197266
2026-01-13,97.70999908447266,92.956298828125
2026-01-14,97.73999786376953,92.98485565185547
2026-01-15,97.73999786376953,92.98485565185547
2026-01-16,97.81999969482422,93.06095886230469
2026-01-20,97.58999633789062,92.84213256835938
2026-01-21,97.86000061035156,93.0989990234375
2026-01-22,97.91999816894531,93.15608215332031
2026-01-23,97.87000274658203,93.1085205078125
2026-01-26,97.91999816894531,93.15608215332031
2026-01-27,97.91000366210938,93.14657592773438
2026-01-28,97.75,92.9943618774414
2026-01-29,97.76000213623047,93.00387573242188
2026-01-30,97.81999969482422,93.06095886230469
2026-02-02,97.37999725341797,93.17577362060547
2026-02-03,97.29000091552734,93.08966064453125
2026-02-04,97.11000061035156,92.91743469238281
2026-02-05,97.05999755859375,92.86959075927734
2026-02-06,97.4000015258789,93.19490814208984
2026-02-09,97.54000091552734,93.32886505126953
2026-02-10,97.48999786376953,93.28101348876953
2026-02-11,97.4800033569336,93.27145385742188
2026-02-12,97.37000274658203,93.16620635986328
2026-02-13,97.4800033569336,93.27145385742188
2026-02-17,97.38999938964844,93.18534088134766
2026-02-18,97.52999877929688,93.31929779052734
2026-02-19,97.55000305175781,93.33843231201172
2026-02-20,97.62000274658203,93.40541076660156
2026-02-23,97.5,93.29059600830078
2026-02-24,97.38999938964844,93.18534088134766
2026-02-25,97.55999755859375,93.3479995727539
2026-02-26,97.4800033569336,93.27145385742188
2026-02-27,97.25,93.05139923095703
2026-03-02,96.68000030517578,93.00808715820312
2026-03-03,96.45999908447266,92.79644775390625
2026-03-04,96.80000305175781,93.12354278564453
2026-03-05,96.37999725341797,92.719482421875
2026-03-06,95.91000366210938,92.26734161376953
2026-03-09,96.43000030517578,92.76759338378906
2026-03-10,96.30999755859375,92.65213775634766
2026-03-11,96.11000061035156,92.45974731445312
2026-03-12,95.47000122070312,91.84405517578125
2026-03-13,95.25,91.63240814208984
2026-03-16,95.6500015258789,92.0172119140625
2026-03-17,96.02999877929688,92.38276672363281
2026-03-18,95.58000183105469,91.94987487792969
2026-03-19,95.79000091552734,92.15190124511719
2026-03-20,94.94999694824219,91.34380340576172
2026-03-23,95.5,91.87290954589844
2026-03-24,95.2300033569336,91.61317443847656
2026-03-25,95.55000305175781,91.92101287841797
2026-03-26,94.94999694824219,91.34380340576172
2026-03-27,94.66000366210938,91.06481170654297
2026-03-30,94.76000213623047,91.1610107421875
2026-03-31,95.72000122070312,92.08454895019531
2026-04-01,95.47000122070312,92.35057067871094
2026-04-02,95.72000122070312,92.59239959716797
2026-04-06,95.91000366210938,92.77620697021484
2026-04-07,95.91999816894531,92.7858657836914
2026-04-08,96.4800033569336,93.32756805419922
2026-04-09,96.56999969482422,93.41461944580078
2026-04-10,96.23999786376953,93.09540557861328
2026-04-13,96.58000183105469,93.42430114746094
2026-04-14,96.87000274658203,93.70481872558594
2026-04-15,96.80999755859375,93.64677429199219
2026-04-16,96.70999908447266,93.55004119873047
2026-04-17,97.08000183105469,93.90796661376953
2026-04-20,96.98999786376953,93.82089233398438
2026-04-21,96.75,93.58876037597656
2026-04-22,96.91000366210938,93.74352264404297
2026-04-23,96.73999786376953,93.57907104492188
2026-04-24,96.88999938964844,93.72416687011719
2026-04-27,96.91000366210938,93.74352264404297
2026-04-28,96.80000305175781,93.6371078491211
2026-04-29,96.5,93.34690856933594
2026-04-30,96.83000183105469,93.66613006591797
2026-05-01,96.4000015258789,93.7604751586914
2026-05-04,96.0999984741211,93.46868896484375
2026-05-05,96.22000122070312,93.58539581298828
2026-05-06,96.54000091552734,93.89663696289062
2026-05-07,96.19999694824219,93.56594848632812
2026-05-08,96.5199966430664,93.87718200683594
2026-05-11,96.31999969482422,93.68266296386719
2026-05-12,96.18000030517578,93.54650115966797
2026-05-13,96.18000030517578,93.54650115966797
2026-05-14,96.12000274658203,93.48814392089844
2026-05-15,95.72000122070312,93.09908294677734
2026-05-18,95.7699966430664,93.14772033691406
2026-05-19,95.54000091552734,92.92401885986328
2026-05-20,96.12000274658203,93.48814392089844
2026-05-21,96.19999694824219,93.56594848632812
2026-05-22,96.25,93.61457824707031
2026-05-26,96.55999755859375,93.91609954833984
2026-05-27,96.5199966430664,93.87718200683594
2026-05-28,96.62000274658203,93.97444915771484
2026-05-29,96.7699966430664,94.12034606933594
2026-06-01,96.16999816894531,94.04503631591797
2026-06-02,96.20999908447266,94.08415985107422
2026-06-03,96.0,93.87879943847656
2026-06-04,96.1500015258789,94.0254898071289
2026-06-05,95.7300033569336,93.6147689819336
2026-06-08,95.80000305175781,93.68321228027344
2026-06-09,95.91999816894531,93.80057525634766
2026-06-10,95.7300033569336,93.6147689819336
2026-06-11,96.27999877929688,94.1526107788086
2026-06-12,96.30000305175781,94.17216491699219
2026-06-15,96.44999694824219,94.31885528564453
2026-06-16,96.43000030517578,94.29930114746094
2026-06-17,96.05999755859375,93.93748474121094
2026-06-18,96.38999938964844,94.26017761230469
2026-06-22,96.30000305175781,94.17216491699219
2026-06-23,96.25,94.12327575683594
2026-06-24,96.19000244140625,94.06461334228516
2026-06-25,96.27999877929688,94.1526107788086
2026-06-26,96.22000122070312,94.09393310546875
2026-06-29,96.4000015258789,94.26996612548828
2026-06-30,96.37000274658203,94.24063110351562
2026-07-01,95.87999725341797,94.28093719482422
2026-07-02,95.98999786376953,94.38910675048828
2026-07-06,96.1500015258789,94.54644775390625
2026-07-07,96.05000305175781,94.44811248779297
2026-07-08,95.9000015258789,94.30061340332031
2026-07-09,96.0,94.39894104003906
2026-07-10,95.93000030517578,94.33010864257812
2026-07-13,95.76000213623047,94.1629409790039
2026-07-14,95.9000015258789,94.30061340332031
2026-07-15,96.06999969482422,94.46776580810547
2026-07-16,96.08000183105469,94.47760772705078
2026-07-17,95.9800033569336,94.3792724609375
2026-07-20,95.94999694824219,94.34976959228516
2026-07-21,95.9000015258789,94.30061340332031
2026-07-22,95.75,94.15310668945312
2026-07-23,95.4000015258789,93.80895233154297
2026-07-24,95.38999938964844,93.79911041259766
2026-07-27,95.45999908447266,93.86795043945312
2026-07-28,95.61000061035156,94.01544952392578
2026-07-29,95.38999938964844,93.79911041259766
2026-07-30,95.66000366210938,94.06461334228516
2026-07-31,95.68000030517578,94.08428192138672
2026-08-03,95.44999694824219,94.37793731689453
2026-08-04,95.75,94.67456817626953
2026-08-05,95.66999816894531,94.59547424316406
2026-08-06,95.61000061035156,94.53614807128906
2026-08-07,95.80999755859375,94.73390197753906
2026-08-10,95.6500015258789,94.57569885253906
2026-08-11,95.69000244140625,94.61524963378906
2026-08-12,95.8499984741211,94.77345275878906
2026-08-13,96.04000091552734,94.96131896972656
2026-08-14,95.97000122070312,94.89210510253906
2026-08-17,95.8499984741211,94.77345275878906
2026-08-18,95.73999786376953,94.66468811035156
2026-08-19,95.95999908447266,94.88221740722656
2026-08-20,95.7699966430664,94.69434356689453
2026-08-21,95.87000274658203,94.79322814941406
2026-08-24,95.94999694824219,94.87232208251953
2026-08-25,96.19999694824219,95.11951446533203
2026-08-26,96.18000030517578,95.09973907470703
2026-08-27,96.12999725341797,95.05030822753906
2026-08-28,95.97000122070312,94.89210510253906
2026-08-31,96.05999755859375,94.98108673095703
2026-09-01,95.20999908447266,94.6649169921875
2026-09-02,95.20999908447266,94.6649169921875
2026-09-03,95.30000305175781,94.75440216064453
2026-09-04,95.2699966430664,94.72457122802734
2026-09-08,95.20999908447266,94.6649169921875
2026-09-09,95.04000091552734,94.49588775634766
2026-09-10,94.62999725341797,94.0882339477539
2026-09-11,94.61000061035156,94.06835174560547
2026-09-14,94.48999786376953,93.94903564453125
2026-09-15,94.30000305175781,93.76012420654297
2026-09-16,94.38999938964844,93.849609375
2026-09-17,94.73999786376953,94.19760131835938
2026-09-18,94.55000305175781,94.00869750976562
2026-09-21,94.70999908447266,94.16777801513672
2026-09-22,94.72000122070312,94.17771911621094
2026-09-23,93.97000122070312,93.43201446533203
2026-09-24,93.68000030517578,93.1436767578125
2026-09-25,93.61000061035156,93.0740737915039
2026-09-28,93.16000366210938,92.62665557861328
2026-09-29,92.91000366210938,92.37808227539062
2026-09-30,92.75,92.21900177001953
2026-10-01,92.30000305175781,92.30000305175781
2026-10-02,92.38999938964844,92.38999938964844
