date,close,adjclose
2002-07-30,101.37000274658203,36.22310256958008
2002-07-31,101.98999786376953,36.44464111328125
2002-08-01,102.98999786376953,36.80197525024414
2002-08-02,103.19999694824219,36.87704849243164
2002-08-05,102.94999694824219,36.7877311706543
2002-08-06,102.5999984741211,36.66265869140625
2002-08-07,102.88999938964844,36.76628875732422
2002-08-08,102.58999633789062,36.65907287597656
2002-08-09,103.0,36.80558395385742
2002-08-12,103.13999938964844,36.855613708496094
2002-08-13,103.98999786376953,37.159324645996094
2002-08-14,104.02999877929688,37.17365646362305
2002-08-15,103.72000122070312,37.06283950805664
2002-08-16,103.22000122070312,36.88420104980469
2002-08-19,103.80000305175781,37.0914306640625
2002-08-20,104.91000366210938,37.48807144165039
2002-08-21,105.05000305175781,37.538150787353516
2002-08-22,104.9000015258789,37.4844970703125
2002-08-23,105.19999694824219,37.59172058105469
2002-08-26,105.30999755859375,37.63099670410156
2002-08-27,105.05000305175781,37.538150787353516
2002-08-28,105.25,37.60959243774414
2002-08-29,105.63999938964844,37.74892807006836
2002-08-30,105.69999694824219,37.77040100097656
2002-09-03,105.6500015258789,37.949615478515625
2002-09-04,106.04000091552734,38.08974838256836
2002-09-05,106.33999633789062,38.19745635986328
2002-09-06,105.62000274658203,37.938880920410156
2002-09-09,105.69000244140625,37.96398162841797
2002-09-10,106.13999938964844,38.12562942504883
2002-09-11,106.0,38.07533645629883
2002-09-12,106.55000305175781,38.27290344238281
2002-09-13,106.7300033569336,38.337589263916016
2002-09-16,107.1500015258789,38.48844909667969
2002-09-17,107.2300033569336,38.517181396484375
2002-09-18,107.0999984741211,38.47047805786133
2002-09-19,107.0999984741211,38.47047805786133
2002-09-20,107.1500015258789,38.48844909667969
2002-09-23,106.81999969482422,38.369876861572266
2002-09-24,106.80000305175781,38.36273956298828
2002-09-25,106.58000183105469,38.28368377685547
2002-09-26,106.69999694824219,38.32682800292969
2002-09-27,107.55000305175781,38.63212203979492
2002-09-30,107.3499984741211,38.560272216796875
2002-10-01,106.83000183105469,38.533905029296875
2002-10-02,106.80000305175781,38.52311325073242
2002-10-03,106.75,38.50510025024414
2002-10-04,106.5,38.41490173339844
2002-10-07,106.0,38.23454666137695
2002-10-08,105.01000213623047,37.87746047973633
2002-10-09,104.62000274658203,37.736778259277344
2002-10-10,104.5999984741211,37.729576110839844
2002-10-11,104.9000015258789,37.83778381347656
2002-10-14,105.08999633789062,37.906307220458984
2002-10-15,103.8499984741211,37.45905303955078
2002-10-16,103.5999984741211,37.368858337402344
2002-10-17,102.81999969482422,37.0875129699707
2002-10-18,103.08999633789062,37.18488693237305
2002-10-21,102.4800033569336,36.96487045288086
2002-10-22,102.9000015258789,37.116363525390625
2002-10-23,103.0999984741211,37.188499450683594
2002-10-24,103.48999786376953,37.329185485839844
2002-10-25,104.19999694824219,37.58527374267578
2002-10-28,104.48999786376953,37.68988037109375
2002-10-29,105.0999984741211,37.90990447998047
2002-10-30,105.12000274658203,37.91712188720703
2002-10-31,106.25,38.324745178222656
2002-11-01,104.9800033569336,38.051780700683594
2002-11-04,105.19999694824219,38.131534576416016
2002-11-05,105.08999633789062,38.09166717529297
2002-11-06,105.41000366210938,38.20764923095703
2002-11-07,106.9000015258789,38.74774169921875
2002-11-08,107.04000091552734,38.798458099365234
2002-11-11,107.33000183105469,38.90359115600586
2002-11-12,106.44000244140625,38.58100891113281
2002-11-13,106.8499984741211,38.7296257019043
2002-11-14,106.13999938964844,38.47224426269531
2002-11-15,106.75,38.69337463378906
2002-11-18,107.48999786376953,38.961585998535156
2002-11-19,107.29000091552734,38.88908767700195
2002-11-20,106.94000244140625,38.7622184753418
2002-11-21,106.94000244140625,38.7622184753418
2002-11-22,106.5,38.60274124145508
2002-11-25,106.48999786376953,38.59912109375
2002-11-26,107.08999633789062,38.81658935546875
2002-11-27,106.48999786376953,38.59912109375
2002-11-29,106.48999786376953,38.59912109375
2002-12-02,106.20999908447266,38.66282272338867
2002-12-03,106.4000015258789,38.73198318481445
2002-12-04,106.4000015258789,38.73198318481445
2002-12-05,106.63999938964844,38.81934356689453
2002-12-06,106.69999694824219,38.841209411621094
2002-12-09,106.69999694824219,38.841209411621094
2002-12-10,106.9000015258789,38.91400909423828
2002-12-11,107.3499984741211,39.077816009521484
2002-12-12,107.3499984741211,39.077816009521484
2002-12-13,106.80000305175781,38.87759780883789
2002-12-16,106.75,38.859413146972656
2002-12-17,107.1500015258789,39.00501251220703
2002-12-18,107.69000244140625,39.20158767700195
2002-12-19,108.37999725341797,39.452735900878906
2002-12-20,108.41000366210938,39.46367263793945
2002-12-23,108.43000030517578,39.4709358215332
2002-12-24,108.66000366210938,39.55464553833008
2002-12-26,109.0199966430664,39.68571472167969
2002-12-27,109.6500015258789,39.9150505065918
2002-12-30,109.9800033569336,40.03518295288086
2002-12-31,109.69000244140625,40.115257263183594
2003-01-02,107.33000183105469,39.25218963623047
2003-01-03,107.94000244140625,39.47526931762695
2003-01-06,107.88999938964844,39.457000732421875
2003-01-07,108.30000305175781,39.6069221496582
2003-01-08,108.41000366210938,39.64716339111328
2003-01-09,107.54000091552734,39.328956604003906
2003-01-10,107.81999969482422,39.431396484375
2003-01-13,107.69999694824219,39.38752365112305
2003-01-14,108.0,39.49722671508789
2003-01-15,108.0,39.49722671508789
2003-01-16,107.75,39.40578842163086
2003-01-17,108.25,39.588626861572266
2003-01-21,108.31999969482422,39.61425018310547
2003-01-22,108.54000091552734,39.69470977783203
2003-01-23,108.58999633789062,39.71299743652344
2003-01-24,109.08000183105469,39.89221954345703
2003-01-27,108.44000244140625,39.65815734863281
2003-01-28,108.7699966430664,39.778831481933594
2003-01-29,108.12999725341797,39.54476547241211
2003-01-30,108.5,39.68007278442383
2003-01-31,108.80000305175781,39.78978729248047
2003-02-03,108.44999694824219,39.82836151123047
2003-02-04,108.66000366210938,39.905452728271484
2003-02-05,108.5,39.846702575683594
2003-02-06,108.69000244140625,39.91647720336914
2003-02-07,108.93000030517578,40.00460433959961
2003-02-10,108.26000213623047,39.75857162475586
2003-02-11,108.66000366210938,39.905452728271484
2003-02-12,108.51000213623047,39.85037612915039
2003-02-13,108.51000213623047,39.85037612915039
2003-02-14,108.45999908447266,39.832000732421875
2003-02-18,108.80000305175781,39.956878662109375
2003-02-19,109.1500015258789,40.085426330566406
2003-02-20,109.43000030517578,40.1882438659668
2003-02-21,109.12999725341797,40.07810974121094
2003-02-24,109.48999786376953,40.21026611328125
2003-02-25,109.69000244140625,40.28371047973633
2003-02-26,109.98999786376953,40.3939208984375
2003-02-27,110.44999694824219,40.56287384033203
2003-02-28,110.48999786376953,40.577518463134766
2003-03-03,110.69999694824219,40.81086730957031
2003-03-04,110.76000213623047,40.833011627197266
2003-03-05,110.69999694824219,40.81086730957031
2003-03-06,110.51000213623047,40.740840911865234
2003-03-07,110.54000091552734,40.751922607421875
2003-03-10,110.8499984741211,40.866207122802734
2003-03-11,110.5999984741211,40.774051666259766
2003-03-12,110.4000015258789,40.70029830932617
2003-03-13,109.69999694824219,40.442237854003906
2003-03-14,109.56999969482422,40.39430618286133
2003-03-17,109.0,40.18415832519531
2003-03-18,108.56999969482422,40.02565002441406
2003-03-19,108.0,39.815513610839844
2003-03-20,108.19000244140625,39.88555908203125
2003-03-21,107.63999938964844,39.68278121948242
2003-03-24,108.5,39.99985122680664
2003-03-25,108.62000274658203,40.04410934448242
2003-03-26,109.0999984741211,40.2210578918457
2003-03-27,109.25,40.276344299316406
2003-03-28,109.69000244140625,40.43853759765625
2003-03-31,110.19999694824219,40.62655258178711
2003-04-01,110.05999755859375,40.845924377441406
2003-04-02,109.73999786376953,40.727149963378906
2003-04-03,109.75,40.730892181396484
2003-04-04,109.4800033569336,40.63065719604492
2003-04-07,109.27999877929688,40.55643844604492
2003-04-08,109.68000030517578,40.704898834228516
2003-04-09,110.04000091552734,40.83845901489258
2003-04-10,109.63999938964844,40.690025329589844
2003-04-11,109.25,40.545310974121094
2003-04-14,109.30999755859375,40.56755065917969
2003-04-15,109.51000213623047,40.64176940917969
2003-04-16,110.25,40.9163932800293
2003-04-17,110.0199966430664,40.8310432434082
2003-04-21,110.25,40.9163932800293
2003-04-22,110.30000305175781,40.934974670410156
2003-04-23,110.94000244140625,41.17251205444336
2003-04-24,111.58999633789062,41.41370391845703
2003-04-25,111.5999984741211,41.41744613647461
2003-04-28,111.66000366210938,41.4397087097168
2003-04-29,111.26000213623047,41.291263580322266
2003-04-30,112.05000305175781,41.584442138671875
2003-05-01,111.83000183105469,41.81740188598633
2003-05-02,111.44999694824219,41.67528533935547
2003-05-05,111.94999694824219,41.86226272583008
2003-05-06,112.54000091552734,42.082908630371094
2003-05-07,113.29000091552734,42.363338470458984
2003-05-08,113.30000305175781,42.36708068847656
2003-05-09,113.0999984741211,42.29230499267578
2003-05-12,113.48999786376953,42.43813705444336
2003-05-13,113.5,42.4419059753418
2003-05-14,114.0,42.628814697265625
2003-05-15,113.95999908447266,42.61387634277344
2003-05-16,114.72000122070312,42.89811706542969
2003-05-19,114.25,42.72233200073242
2003-05-20,114.5999984741211,42.853214263916016
2003-05-21,114.5999984741211,42.853214263916016
2003-05-22,115.37000274658203,43.14113998413086
2003-05-23,115.52999877929688,43.200984954833984
2003-05-27,115.12999725341797,43.051395416259766
2003-05-28,114.66999816894531,42.87940216064453
2003-05-29,115.5,43.189727783203125
2003-05-30,115.55000305175781,43.20845031738281
2003-06-02,114.3499984741211,43.02521514892578
2003-06-03,115.4000015258789,43.42030334472656
2003-06-04,115.55000305175781,43.47671127319336
2003-06-05,115.36000061035156,43.40523910522461
2003-06-06,115.55000305175781,43.47671127319336
2003-06-09,115.80000305175781,43.570796966552734
2003-06-10,116.69999694824219,43.90941619873047
2003-06-11,116.56999969482422,43.86051559448242
2003-06-12,116.98999786376953,44.01850891113281
2003-06-13,117.4800033569336,44.20290756225586
2003-06-16,117.05000305175781,44.041114807128906
2003-06-17,116.68000030517578,43.90189743041992
2003-06-18,115.5999984741211,43.49554443359375
2003-06-19,115.80000305175781,43.570796966552734
2003-06-20,115.25,43.36383056640625
2003-06-23,115.83000183105469,43.58207321166992
2003-06-24,116.0,43.646060943603516
2003-06-25,115.41000366210938,43.424076080322266
2003-06-26,114.4000015258789,43.04404067993164
2003-06-27,114.0999984741211,42.9311637878418
2003-06-30,114.62999725341797,43.130592346191406
2003-07-01,113.3499984741211,42.89707946777344
2003-07-02,113.75,43.04841995239258
2003-07-03,113.05000305175781,42.78352355957031
2003-07-07,112.5,42.57537841796875
2003-07-08,112.5999984741211,42.61325454711914
2003-07-09,113.0,42.76461410522461
2003-07-10,113.2300033569336,42.85166549682617
2003-07-11,113.37000274658203,42.904605865478516
2003-07-14,113.06999969482422,42.791107177734375
2003-07-15,111.77999877929688,42.30292892456055
2003-07-16,111.73999786376953,42.28776931762695
2003-07-17,111.22000122070312,42.09101104736328
2003-07-18,111.69000244140625,42.26884460449219
2003-07-21,110.33999633789062,41.757957458496094
2003-07-22,110.25,41.723876953125
2003-07-23,110.9800033569336,42.00017547607422
2003-07-24,110.5,41.818511962890625
2003-07-25,110.25,41.723876953125
2003-07-28,109.1500015258789,41.30755615234375
2003-07-29,108.1500015258789,40.92914962768555
2003-07-30,108.69999694824219,41.137245178222656
2003-07-31,107.3499984741211,40.62636947631836
2003-08-01,106.94999694824219,40.74715805053711
2003-08-04,107.58000183105469,40.9871711730957
2003-08-05,107.08999633789062,40.80047607421875
2003-08-06,107.5,40.95668411254883
2003-08-07,108.08999633789062,41.18144989013672
2003-08-08,108.1500015258789,41.204322814941406
2003-08-11,107.7300033569336,41.04434585571289
2003-08-12,107.61000061035156,40.99860382080078
2003-08-13,106.4000015258789,40.53761291503906
2003-08-14,106.54000091552734,40.59092712402344
2003-08-15,106.75,40.67095947265625
2003-08-18,107.0999984741211,40.804298400878906
2003-08-19,108.05000305175781,41.166229248046875
2003-08-20,107.72000122070312,41.04051971435547
2003-08-21,107.19999694824219,40.8424072265625
2003-08-22,107.72000122070312,41.04051971435547
2003-08-25,107.23999786376953,40.857669830322266
2003-08-26,107.44999694824219,40.93763732910156
2003-08-27,107.43000030517578,40.930030822753906
2003-08-28,108.22000122070312,41.23098373413086
2003-08-29,108.18000030517578,41.21574783325195
2003-09-02,107.16000366210938,41.11756134033203
2003-09-03,107.47000122070312,41.236488342285156
2003-09-04,107.83999633789062,41.37843322753906
2003-09-05,108.66000366210938,41.69309997558594
2003-09-08,108.26000213623047,41.539588928222656
2003-09-09,108.5999984741211,41.67008590698242
2003-09-10,109.47000122070312,42.00389862060547
2003-09-11,108.9000015258789,41.785152435302734
2003-09-12,109.69999694824219,42.092140197753906
2003-09-15,109.73999786376953,42.10749435424805
2003-09-16,109.9800033569336,42.19956970214844
2003-09-17,110.6500015258789,42.456661224365234
2003-09-18,110.5,42.39912414550781
2003-09-19,110.61000061035156,42.44130325317383
2003-09-22,110.19999694824219,42.28398513793945
2003-09-23,110.36000061035156,42.34541702270508
2003-09-24,110.77999877929688,42.50653839111328
2003-09-25,111.16000366210938,42.6523551940918
2003-09-26,111.8499984741211,42.91715621948242
2003-09-29,111.55000305175781,42.80202102661133
2003-09-30,112.29000091552734,43.0859489440918
2003-10-01,111.87999725341797,43.209922790527344
2003-10-02,111.44999694824219,43.04384994506836
2003-10-03,109.9000015258789,42.44519805908203
2003-10-06,110.01000213623047,42.48772430419922
2003-10-07,109.63999938964844,42.34475326538086
2003-10-08,110.04000091552734,42.49927520751953
2003-10-09,109.66000366210938,42.35251235961914
2003-10-10,110.19999694824219,42.56106185913086
2003-10-13,110.12999725341797,42.53404998779297
2003-10-14,109.68000030517578,42.36022186279297
2003-10-15,109.69000244140625,42.36410903930664
2003-10-16,109.33999633789062,42.22895050048828
2003-10-17,109.94000244140625,42.46064376831055
2003-10-20,110.04000091552734,42.49927520751953
2003-10-21,110.08000183105469,42.51469421386719
2003-10-22,110.4000015258789,42.63831329345703
2003-10-23,109.80000305175781,42.40660095214844
2003-10-24,110.5999984741211,42.715553283691406
2003-10-27,110.3499984741211,42.618995666503906
2003-10-28,111.08000183105469,42.90088653564453
2003-10-29,110.30000305175781,42.59969711303711
2003-10-30,110.1500015258789,42.54178237915039
2003-10-31,110.1500015258789,42.54178237915039
2003-11-03,109.77999877929688,42.56386947631836
2003-11-04,109.94999694824219,42.629798889160156
2003-11-05,109.18000030517578,42.33123016357422
2003-11-06,108.58000183105469,42.098609924316406
2003-11-07,108.79000091552734,42.17999267578125
2003-11-10,108.47000122070312,42.055965423583984
2003-11-11,108.94000244140625,42.238155364990234
2003-11-12,109.0,42.26139831542969
2003-11-13,110.02999877929688,42.66075134277344
2003-11-14,110.62999725341797,42.89342498779297
2003-11-17,110.83999633789062,42.97484588623047
2003-11-18,111.33000183105469,43.16482162475586
2003-11-19,110.3499984741211,42.784854888916016
2003-11-20,110.87999725341797,42.990352630615234
2003-11-21,111.25,43.133811950683594
2003-11-24,110.5,42.843013763427734
2003-11-25,110.8499984741211,42.9787483215332
2003-11-26,110.61000061035156,42.885658264160156
2003-11-28,110.05999755859375,42.67241668701172
2003-12-01,109.38999938964844,42.58365249633789
2003-12-02,109.69000244140625,42.70045852661133
2003-12-03,109.5,42.62649917602539
2003-12-04,109.58999633789062,42.66154479980469
2003-12-05,110.7300033569336,43.105316162109375
2003-12-08,109.9000015258789,42.78217697143555
2003-12-09,109.55000305175781,42.64591979980469
2003-12-10,109.80000305175781,42.7432746887207
2003-12-11,110.30000305175781,42.93791580200195
2003-12-12,110.5999984741211,43.0546875
2003-12-15,110.3499984741211,42.95737075805664
2003-12-16,110.5999984741211,43.601932525634766
2003-12-17,110.8499984741211,43.700523376464844
2003-12-18,111.48999786376953,43.95280456542969
2003-12-19,111.55999755859375,43.98039627075195
2003-12-22,111.3499984741211,43.89763259887695
2003-12-23,110.70999908447266,43.645286560058594
2003-12-24,111.37000274658203,43.9055061340332
2003-12-26,111.4000015258789,43.917335510253906
2003-12-29,111.18000030517578,43.830589294433594
2003-12-30,110.75,43.66107177734375
2003-12-31,110.56999969482422,43.769920349121094
2004-01-02,109.77999877929688,43.45721435546875
2004-01-05,109.9000015258789,43.50471115112305
2004-01-06,110.88999938964844,43.89659881591797
2004-01-07,110.9800033569336,43.932220458984375
2004-01-08,111.16000366210938,44.00349426269531
2004-01-09,112.05999755859375,44.35976028442383
2004-01-12,112.25,44.43496322631836
2004-01-13,112.55000305175781,44.55372619628906
2004-01-14,112.79000091552734,44.64876174926758
2004-01-15,113.30000305175781,44.8505973815918
2004-01-16,112.80000305175781,44.6527099609375
2004-01-20,112.56999969482422,44.561649322509766
2004-01-21,112.83000183105469,44.66458511352539
2004-01-22,113.4000015258789,44.89022445678711
2004-01-23,112.5,44.533939361572266
2004-01-26,111.87999725341797,44.28853988647461
2004-01-27,112.55999755859375,44.557674407958984
2004-01-28,111.66999816894531,44.20536804199219
2004-01-29,111.6500015258789,44.197444915771484
2004-01-30,111.91999816894531,44.304359436035156
2004-02-02,111.44999694824219,44.29240417480469
2004-02-03,111.68000030517578,44.38380432128906
2004-02-04,111.58999633789062,44.348052978515625
2004-02-05,111.4000015258789,44.27255630493164
2004-02-06,111.7300033569336,44.4036865234375
2004-02-09,112.19999694824219,44.59049987792969
2004-02-10,111.87000274658203,44.45933151245117
2004-02-11,112.55000305175781,44.729591369628906
2004-02-12,112.3499984741211,44.650081634521484
2004-02-13,112.98999786376953,44.90442657470703
2004-02-17,112.66000366210938,44.773311614990234
2004-02-18,112.4000015258789,44.66996383666992
2004-02-19,112.80000305175781,44.82896041870117
2004-02-20,112.25,44.6103401184082
2004-02-23,112.55999755859375,44.733577728271484
2004-02-24,112.66999816894531,44.77728271484375
2004-02-25,112.75,44.8090705871582
2004-02-26,112.83000183105469,44.84085464477539
2004-02-27,113.16000366210938,44.97203063964844
2004-03-01,112.69000244140625,44.95802307128906
2004-03-02,112.47000122070312,44.87025833129883
2004-03-03,112.41999816894531,44.850318908691406
2004-03-04,112.5999984741211,44.922142028808594
2004-03-05,113.80000305175781,45.40090560913086
2004-03-08,114.12000274658203,45.5285530090332
2004-03-09,114.3499984741211,45.62028503417969
2004-03-10,114.72000122070312,45.76793670654297
2004-03-11,114.2300033569336,45.572383880615234
2004-03-12,114.0999984741211,45.52057647705078
2004-03-15,114.2300033569336,45.572383880615234
2004-03-16,114.75,45.779876708984375
2004-03-17,114.80999755859375,45.80382537841797
2004-03-18,114.33000183105469,45.612361907958984
2004-03-19,114.1500015258789,45.54049301147461
2004-03-22,114.58999633789062,45.71602249145508
2004-03-23,114.80000305175781,45.79982376098633
2004-03-24,114.69000244140625,45.75594711303711
2004-03-25,114.37999725341797,45.63227844238281
2004-03-26,113.52999877929688,45.29317092895508
2004-03-29,113.70999908447266,45.364990234375
2004-03-30,113.43000030517578,45.25325012207031
2004-03-31,113.83999633789062,45.41682815551758
2004-04-01,113.36000061035156,45.39722442626953
2004-04-02,111.58999633789062,44.6883659362793
2004-04-05,111.02999877929688,44.4641227722168
2004-04-06,111.55000305175781,44.672359466552734
2004-04-07,111.58000183105469,44.68437576293945
2004-04-08,111.69000244140625,44.72845458984375
2004-04-12,111.01000213623047,44.456119537353516
2004-04-13,110.30999755859375,44.17576217651367
2004-04-14,110.16000366210938,44.11570358276367
2004-04-15,109.69999694824219,43.9315071105957
2004-04-16,110.33000183105469,44.18378448486328
2004-04-19,110.12999725341797,44.10371017456055
2004-04-20,109.41000366210938,43.815391540527344
2004-04-21,109.5,43.85139083862305
2004-04-22,110.0999984741211,44.09172439575195
2004-04-23,109.62999725341797,43.90346908569336
2004-04-26,109.63999938964844,43.9074592590332
2004-04-27,110.16000366210938,44.11570358276367
2004-04-28,109.48999786376953,43.8474235534668
2004-04-29,109.0,43.65116500854492
2004-04-30,109.0,43.65116500854492
2004-05-03,108.70999908447266,43.708255767822266
2004-05-04,108.3499984741211,43.56353759765625
2004-05-05,108.19000244140625,43.49918746948242
2004-05-06,107.69999694824219,43.30218505859375
2004-05-07,106.30000305175781,42.739295959472656
2004-05-10,105.51000213623047,42.42167663574219
2004-05-11,105.72000122070312,42.5060920715332
2004-05-12,105.76000213623047,42.522178649902344
2004-05-13,105.19999694824219,42.297019958496094
2004-05-14,105.83999633789062,42.55436325073242
2004-05-17,106.3499984741211,42.7593994140625
2004-05-18,106.5,42.81969451904297
2004-05-19,106.1500015258789,42.67897033691406
2004-05-20,106.73999786376953,42.91617202758789
2004-05-21,106.6500015258789,42.88001251220703
2004-05-24,107.08000183105469,43.05292892456055
2004-05-25,107.19000244140625,43.09714126586914
2004-05-26,107.66999816894531,43.29011917114258
2004-05-27,108.16000366210938,43.48710632324219
2004-05-28,108.0,43.42280578613281
2004-06-01,106.98999786376953,43.19108581542969
2004-06-02,106.70999908447266,43.078041076660156
2004-06-03,106.98999786376953,43.19108581542969
2004-06-04,106.61000061035156,43.0377197265625
2004-06-07,106.75,43.09417724609375
2004-06-08,106.76000213623047,43.09823989868164
2004-06-09,106.29000091552734,42.90849685668945
2004-06-10,106.3499984741211,42.93272018432617
2004-06-14,105.80999755859375,42.7147102355957
2004-06-15,107.01000213623047,43.199153900146484
2004-06-16,107.0199966430664,43.20317459106445
2004-06-17,107.2300033569336,43.2879753112793
2004-06-18,107.0999984741211,43.2354736328125
2004-06-21,107.29000091552734,43.31216812133789
2004-06-22,107.13999938964844,43.25163650512695
2004-06-23,107.06999969482422,43.223392486572266
2004-06-24,107.41999816894531,43.364662170410156
2004-06-25,107.5,43.39698791503906
2004-06-28,106.75,43.09417724609375
2004-06-29,107.5,43.39698791503906
2004-06-30,107.69999694824219,43.47771072387695
2004-07-01,107.80000305175781,43.694969177246094
2004-07-02,108.55000305175781,43.99894714355469
2004-07-06,108.30000305175781,43.897621154785156
2004-07-07,108.38999938964844,43.93412780761719
2004-07-08,108.44999694824219,43.958431243896484
2004-07-09,108.48999786376953,43.974613189697266
2004-07-12,108.70999908447266,44.06379318237305
2004-07-13,108.5,43.97868347167969
2004-07-14,108.55000305175781,43.99894714355469
2004-07-15,108.33000183105469,43.90977096557617
2004-07-16,109.37999725341797,44.33544158935547
2004-07-19,109.44999694824219,44.3637580871582
2004-07-20,108.69999694824219,44.0598030090332
2004-07-21,108.68000030517578,44.051639556884766
2004-07-22,108.43000030517578,43.95032501220703
2004-07-23,108.9000015258789,44.14081573486328
2004-07-26,108.83999633789062,44.11650085449219
2004-07-27,108.08000183105469,43.8084602355957
2004-07-28,107.76000213623047,43.67877197265625
2004-07-29,108.16999816894531,43.84492111206055
2004-07-30,108.94000244140625,44.15701675415039
2004-08-02,108.7300033569336,44.24777603149414
2004-08-03,108.61000061035156,44.19895935058594
2004-08-04,108.9000015258789,44.31693649291992
2004-08-05,109.0999984741211,44.39836883544922
2004-08-06,110.08000183105469,44.79715347290039
2004-08-09,110.0999984741211,44.80535125732422
2004-08-10,109.73999786376953,44.658790588378906
2004-08-11,109.66000366210938,44.62624740600586
2004-08-12,109.80999755859375,44.687278747558594
2004-08-13,110.25,44.86635971069336
2004-08-16,110.13999938964844,44.82162094116211
2004-08-17,110.73999786376953,45.065757751464844
2004-08-18,110.41999816894531,44.935546875
2004-08-19,110.80999755859375,45.09422302246094
2004-08-20,110.41000366210938,44.93147277832031
2004-08-23,110.19999694824219,44.846004486083984
2004-08-24,110.0999984741211,44.80535125732422
2004-08-25,110.62000274658203,45.016937255859375
2004-08-26,110.69000244140625,45.045406341552734
2004-08-27,110.94999694824219,45.15121841430664
2004-08-30,111.37999725341797,45.32619857788086
2004-08-31,111.8499984741211,45.517417907714844
2004-09-01,111.19999694824219,45.43044662475586
2004-09-02,110.7300033569336,45.23843002319336
2004-09-03,109.86000061035156,44.88301086425781
2004-09-07,110.4800033569336,45.136295318603516
2004-09-08,110.94999694824219,45.32831573486328
2004-09-09,111.18000030517578,45.422264099121094
2004-09-10,111.12000274658203,45.39775466918945
2004-09-13,111.5,45.55302429199219
2004-09-14,111.52999877929688,45.565269470214844
2004-09-15,111.52999877929688,45.565269470214844
2004-09-16,112.16999816894531,45.82674026489258
2004-09-17,111.75,45.655147552490234
2004-09-20,112.36000061035156,45.90436935424805
2004-09-21,112.4000015258789,45.92071533203125
2004-09-22,112.80000305175781,46.08415222167969
2004-09-23,112.3499984741211,45.90031051635742
2004-09-24,112.30999755859375,45.883941650390625
2004-09-27,112.69999694824219,46.04325866699219
2004-09-28,112.62000274658203,46.01059341430664
2004-09-29,112.08999633789062,45.79402160644531
2004-09-30,111.76000213623047,45.65925598144531
2004-10-01,110.83999633789062,45.45707702636719
2004-10-04,110.7699966430664,45.42835998535156
2004-10-05,111.2300033569336,45.61702346801758
2004-10-06,110.91000366210938,45.4857292175293
2004-10-07,110.66999816894531,45.3873405456543
2004-10-08,111.75,45.83027648925781
2004-10-11,111.8499984741211,45.871253967285156
2004-10-12,111.91000366210938,45.8958854675293
2004-10-13,112.33999633789062,46.07222366333008
2004-10-14,112.80000305175781,46.26089859008789
2004-10-15,112.30000305175781,46.05579376220703
2004-10-18,112.48999786376953,46.13372802734375
2004-10-19,112.47000122070312,46.12553787231445
2004-10-20,112.83999633789062,46.27727508544922
2004-10-21,112.73999786376953,46.23625183105469
2004-10-22,112.6500015258789,46.199398040771484
2004-10-25,112.9000015258789,46.30194091796875
2004-10-26,112.77999877929688,46.252681732177734
2004-10-27,112.0999984741211,45.97378921508789
2004-10-28,112.29000091552734,46.05172348022461
2004-10-29,112.6500015258789,46.199398040771484
2004-11-01,111.75,46.006282806396484
2004-11-02,111.91999816894531,46.0762939453125
2004-11-03,111.69999694824219,45.98567199707031
2004-11-04,112.18000030517578,46.183326721191406
2004-11-05,111.69999694824219,45.98567199707031
2004-11-08,111.2300033569336,45.79224395751953
2004-11-09,111.25,45.8004264831543
2004-11-10,111.1500015258789,45.75926208496094
2004-11-11,111.16000366210938,45.763404846191406
2004-11-12,111.72000122070312,45.993900299072266
2004-11-15,111.76000213623047,46.01041030883789
2004-11-16,111.69999694824219,45.98567199707031
2004-11-17,112.31999969482422,46.240943908691406
2004-11-18,112.5,46.31507110595703
2004-11-19,111.91000366210938,46.07216262817383
2004-11-22,111.86000061035156,46.051551818847656
2004-11-23,112.0,46.109222412109375
2004-11-24,111.98999786376953,46.105079650878906
2004-11-26,111.58999633789062,45.9404182434082
2004-11-29,110.70999908447266,45.578121185302734
2004-11-30,110.8499984741211,45.635765075683594
2004-12-01,110.36000061035156,45.608516693115234
2004-12-02,110.01000213623047,45.46385192871094
2004-12-03,110.62999725341797,45.72010803222656
2004-12-06,110.94000244140625,45.848209381103516
2004-12-07,111.19999694824219,45.95562744140625
2004-12-08,111.58000183105469,46.112674713134766
2004-12-09,111.83999633789062,46.220149993896484
2004-12-10,111.88999938964844,46.24081039428711
2004-12-13,112.11000061035156,46.331695556640625
2004-12-14,112.16000366210938,46.352378845214844
2004-12-15,112.76000213623047,46.600318908691406
2004-12-16,111.79000091552734,46.1994514465332
2004-12-17,111.91000366210938,46.249053955078125
2004-12-20,111.83000183105469,46.21601104736328
2004-12-21,111.87999725341797,46.236663818359375
2004-12-22,112.0,46.28626251220703
2004-12-23,112.19999694824219,46.368900299072266
2004-12-27,111.5999984741211,46.120933532714844
2004-12-28,111.72000122070312,46.17051696777344
2004-12-29,111.55000305175781,46.10031509399414
2004-12-30,111.94999694824219,46.265594482421875
2004-12-31,111.52999877929688,46.27058029174805
2005-01-03,112.25,46.56924819946289
2005-01-04,111.62000274658203,46.30791473388672
2005-01-05,111.70999908447266,46.34524154663086
2005-01-06,111.79000091552734,46.378421783447266
2005-01-07,111.73999786376953,46.3576774597168
2005-01-10,111.55000305175781,46.278900146484375
2005-01-11,111.80999755859375,46.38673400878906
2005-01-12,111.91999816894531,46.43240737915039
2005-01-13,112.22000122070312,46.556827545166016
2005-01-14,112.3499984741211,46.61075973510742
2005-01-18,112.41000366210938,46.635658264160156
2005-01-19,112.58000183105469,46.70615005493164
2005-01-20,112.37999725341797,46.623199462890625
2005-01-21,112.62999725341797,46.7269172668457
2005-01-24,112.83000183105469,46.80990982055664
2005-01-25,112.44999694824219,46.65227127075195
2005-01-26,112.48999786376953,46.668827056884766
2005-01-27,112.25,46.56924819946289
2005-01-28,112.9000015258789,46.83895492553711
2005-01-31,112.9000015258789,46.83895492553711
2005-02-01,112.44999694824219,46.829383850097656
2005-02-02,112.3499984741211,46.7877082824707
2005-02-03,112.48999786376953,46.84602355957031
2005-02-04,112.8499984741211,46.99595642089844
2005-02-07,112.88999938964844,47.0125846862793
2005-02-08,113.30000305175781,47.18334197998047
2005-02-09,113.69999694824219,47.349918365478516
2005-02-10,113.30000305175781,47.18334197998047
2005-02-11,112.97000122070312,47.0459098815918
2005-02-14,113.16000366210938,47.12504959106445
2005-02-15,112.98999786376953,47.054222106933594
2005-02-16,112.44999694824219,46.829383850097656
2005-02-17,112.19999694824219,46.72525405883789
2005-02-18,112.01000213623047,46.646114349365234
2005-02-22,111.91000366210938,46.604488372802734
2005-02-23,112.06999969482422,46.671077728271484
2005-02-24,111.8499984741211,46.5794677734375
2005-02-25,112.05000305175781,46.66276931762695
2005-02-28,111.41999816894531,46.40042495727539
2005-03-01,110.97000122070312,46.39160919189453
2005-03-02,111.01000213623047,46.40839385986328
2005-03-03,111.0,46.40419387817383
2005-03-04,111.36000061035156,46.55470657348633
2005-03-07,111.68000030517578,46.68844223022461
2005-03-08,111.18000030517578,46.47939682006836
2005-03-09,110.12000274658203,46.0362663269043
2005-03-10,110.2699966430664,46.09895324707031
2005-03-11,110.08000183105469,46.019561767578125
2005-03-14,110.06999969482422,46.01540756225586
2005-03-15,109.62000274658203,45.827266693115234
2005-03-16,110.0,45.98611831665039
2005-03-17,109.75,45.881614685058594
2005-03-18,109.41999816894531,45.74362564086914
2005-03-21,109.29000091552734,45.689300537109375
2005-03-22,108.3499984741211,45.296321868896484
2005-03-23,108.66999816894531,45.430137634277344
2005-03-24,108.9000015258789,45.52626419067383
2005-03-28,108.73999786376953,45.45939636230469
2005-03-29,108.93000030517578,45.53879928588867
2005-03-30,109.20999908447266,45.655853271484375
2005-03-31,109.58999633789062,45.814735412597656
2005-04-01,109.25,45.85669708251953
2005-04-04,108.58000183105469,45.57547378540039
2005-04-05,108.91000366210938,45.713993072509766
2005-04-06,108.8499984741211,45.68881607055664
2005-04-07,108.30000305175781,45.45794677734375
2005-04-08,108.6500015258789,45.604862213134766
2005-04-11,108.94999694824219,45.730796813964844
2005-04-12,109.38999938964844,45.915470123291016
2005-04-13,109.6500015258789,46.02458572387695
2005-04-14,109.25,45.85669708251953
2005-04-15,109.75,46.06657028198242
2005-04-18,109.7699966430664,46.074954986572266
2005-04-19,110.2300033569336,46.26803970336914
2005-04-20,110.29000091552734,46.2932243347168
2005-04-21,109.70999908447266,46.04977035522461
2005-04-22,110.2300033569336,46.26803970336914
2005-04-25,110.5,46.38136672973633
2005-04-26,110.31999969482422,46.30581283569336
2005-04-27,110.86000061035156,46.5324821472168
2005-04-28,111.31999969482422,46.72554016113281
2005-04-29,110.91999816894531,46.55766296386719
2005-05-02,110.52999877929688,46.57365798950195
2005-05-03,110.58999633789062,46.598968505859375
2005-05-04,110.33999633789062,46.49360656738281
2005-05-05,110.5,46.561031341552734
2005-05-06,109.9000015258789,46.30820083618164
2005-05-09,109.5199966430664,46.1480827331543
2005-05-10,109.5,46.13964080810547
2005-05-11,109.5999984741211,46.181785583496094
2005-05-12,109.25,46.03431701660156
2005-05-13,109.86000061035156,46.2913932800293
2005-05-16,109.69000244140625,46.2197380065918
2005-05-17,109.75,46.24501419067383
2005-05-18,110.13999938964844,46.40932846069336
2005-05-19,109.9800033569336,46.34191131591797
2005-05-20,109.94999694824219,46.32927703857422
2005-05-23,110.41000366210938,46.52312469482422
2005-05-24,110.6500015258789,46.62421798706055
2005-05-25,110.63999938964844,46.62001419067383
2005-05-26,110.70999908447266,46.64952087402344
2005-05-27,110.69999694824219,46.64531707763672
2005-05-31,111.18000030517578,46.84756088256836
2005-06-01,111.51000213623047,47.16947937011719
2005-06-02,111.94000244140625,47.351356506347656
2005-06-03,111.3499984741211,47.101806640625
2005-06-06,111.66000366210938,47.23294448852539
2005-06-07,111.88999938964844,47.33022689819336
2005-06-08,111.66000366210938,47.23294448852539
2005-06-09,111.44999694824219,47.144100189208984
2005-06-10,110.94999694824219,46.93256759643555
2005-06-13,110.69000244140625,46.82261657714844
2005-06-14,110.56999969482422,46.77183151245117
2005-06-15,110.36000061035156,46.68303680419922
2005-06-16,110.47000122070312,46.72954559326172
2005-06-17,110.44999694824219,46.7210693359375
2005-06-20,110.31999969482422,46.666099548339844
2005-06-21,110.69000244140625,46.82261657714844
2005-06-22,111.4800033569336,47.15675735473633
2005-06-23,111.55000305175781,47.18639373779297
2005-06-24,111.83000183105469,47.30485153198242
2005-06-27,111.98999786376953,47.372554779052734
2005-06-28,111.63999938964844,47.22442626953125
2005-06-29,111.69999694824219,47.249847412109375
2005-06-30,112.0999984741211,47.41902542114258
2005-07-01,111.16000366210938,47.201202392578125
2005-07-05,110.80000305175781,47.04833984375
2005-07-06,111.04000091552734,47.15026092529297
2005-07-07,111.33000183105469,47.27340316772461
2005-07-08,111.11000061035156,47.179962158203125
2005-07-11,110.5,46.92097091674805
2005-07-12,110.25,46.81483840942383
2005-07-13,110.5,46.92097091674805
2005-07-14,110.5999984741211,46.963417053222656
2005-07-15,110.6500015258789,46.98468017578125
2005-07-18,110.55999755859375,46.946407318115234
2005-07-19,110.6500015258789,46.98468017578125
2005-07-20,110.7699966430664,47.03564453125
2005-07-21,110.19999694824219,46.793575286865234
2005-07-22,110.70999908447266,47.010101318359375
2005-07-25,110.69999694824219,47.005882263183594
2005-07-26,110.72000122070312,47.01435852050781
2005-07-27,110.58000183105469,46.95491027832031
2005-07-28,111.0,47.133277893066406
2005-07-29,110.75,47.02714920043945
2005-08-01,110.04000091552734,46.91542053222656
2005-08-02,109.83999633789062,46.83015060424805
2005-08-03,110.0999984741211,46.94101333618164
2005-08-04,110.0999984741211,46.94101333618164
2005-08-05,109.91000366210938,46.8599853515625
2005-08-08,109.41000366210938,46.646812438964844
2005-08-09,109.58999633789062,46.723567962646484
2005-08-10,109.68000030517578,46.76192092895508
2005-08-11,110.0199966430664,46.90686798095703
2005-08-12,110.55000305175781,47.132835388183594
2005-08-15,110.38999938964844,47.06464385986328
2005-08-16,110.68000030517578,47.18824768066406
2005-08-17,110.38999938964844,47.06464385986328
2005-08-18,110.69999694824219,47.196807861328125
2005-08-19,110.5999984741211,47.154170989990234
2005-08-22,110.55000305175781,47.132835388183594
2005-08-23,110.63999938964844,47.17121505737305
2005-08-24,110.5999984741211,47.154170989990234
2005-08-25,110.80999755859375,47.243690490722656
2005-08-26,110.98999786376953,47.320438385009766
2005-08-29,111.0,47.324703216552734
2005-08-30,111.18000030517578,47.401466369628906
2005-08-31,111.95999908447266,47.734012603759766
2005-09-01,111.19000244140625,47.59916305541992
2005-09-02,111.22000122070312,47.612022399902344
2005-09-06,110.98999786376953,47.51356506347656
2005-09-07,110.58999633789062,47.34230041503906
2005-09-08,110.62000274658203,47.35515213012695
2005-09-09,110.66999816894531,47.376522064208984
2005-09-12,110.38999938964844,47.256690979003906
2005-09-13,110.58000183105469,47.337989807128906
2005-09-14,110.30999755859375,47.222412109375
2005-09-15,109.91999816894531,47.05550003051758
2005-09-16,109.62000274658203,46.92706298828125
2005-09-19,109.91999816894531,47.05550003051758
2005-09-20,109.75,46.98270034790039
2005-09-21,110.23999786376953,47.192466735839844
2005-09-22,110.18000030517578,47.16677474975586
2005-09-23,109.86000061035156,47.02980422973633
2005-09-26,109.51000213623047,46.87995910644531
2005-09-27,109.61000061035156,46.922760009765625
2005-09-28,109.83999633789062,47.02124786376953
2005-09-29,109.80000305175781,47.00410842895508
2005-09-30,109.43000030517578,46.84571838378906
2005-10-03,108.66000366210938,46.70219039916992
2005-10-04,108.80000305175781,46.76234817504883
2005-10-05,108.94999694824219,46.82681655883789
2005-10-06,108.70999908447266,46.723655700683594
2005-10-07,108.88999938964844,46.80099868774414
2005-10-10,108.81999969482422,46.77095031738281
2005-10-11,108.63999938964844,46.693580627441406
2005-10-12,108.18000030517578,46.49585723876953
2005-10-13,108.0,46.41850280761719
2005-10-14,107.77999877929688,46.323917388916016
2005-10-17,107.93000030517578,46.38837432861328
2005-10-18,108.06999969482422,46.448585510253906
2005-10-19,108.18000030517578,46.49585723876953
2005-10-20,107.91000366210938,46.37982177734375
2005-10-21,108.4800033569336,46.62482452392578
2005-10-24,108.06999969482422,46.448585510253906
2005-10-25,107.54000091552734,46.22077178955078
2005-10-26,107.22000122070312,46.08327102661133
2005-10-27,107.30000305175781,46.11762237548828
2005-10-28,107.30000305175781,46.11762237548828
2005-10-31,107.2699966430664,46.10474395751953
2005-11-01,106.81999969482422,46.08836364746094
2005-11-02,106.61000061035156,45.997737884521484
2005-11-03,106.23999786376953,45.83810806274414
2005-11-04,106.31999969482422,45.87264633178711
2005-11-07,106.43000030517578,45.920108795166016
2005-11-08,107.06999969482422,46.196231842041016
2005-11-09,106.5,45.95026779174805
2005-11-10,107.05999755859375,46.1918830871582
2005-11-11,107.1500015258789,46.230712890625
2005-11-14,106.61000061035156,45.997737884521484
2005-11-15,106.88999938964844,46.118560791015625
2005-11-16,107.33999633789062,46.312705993652344
2005-11-17,107.5199966430664,46.3903694152832
2005-11-18,107.30999755859375,46.29979705810547
2005-11-21,107.66000366210938,46.45075225830078
2005-11-22,107.86000061035156,46.537044525146484
2005-11-23,107.76000213623047,46.493919372558594
2005-11-25,107.9000015258789,46.55430603027344
2005-11-28,108.26000213623047,46.709632873535156
2005-11-29,107.76000213623047,46.493919372558594
2005-11-30,107.55999755859375,46.40763854980469
2005-12-01,106.94999694824219,46.31364059448242
2005-12-02,106.9800033569336,46.326656341552734
2005-12-05,106.69999694824219,46.20538330078125
2005-12-06,106.91999816894531,46.3006591796875
2005-12-07,106.79000091552734,46.244354248046875
2005-12-08,107.01000213623047,46.339622497558594
2005-12-09,106.81999969482422,46.25737762451172
2005-12-12,106.58999633789062,46.15774154663086
2005-12-13,106.68000030517578,46.196739196777344
2005-12-14,107.2300033569336,46.43489074707031
2005-12-15,107.13999938964844,46.395965576171875
2005-12-16,107.58999633789062,46.59078598022461
2005-12-19,107.41000366210938,46.51284408569336
2005-12-20,107.5,46.551822662353516
2005-12-21,107.54000091552734,46.56914138793945
2005-12-22,107.55000305175781,46.57345962524414
2005-12-23,107.97000122070312,46.7553596496582
2005-12-27,108.45999908447266,46.967525482177734
2005-12-28,108.11000061035156,46.989723205566406
2005-12-29,107.81999969482422,46.86366271972656
2005-12-30,107.69000244140625,46.807159423828125
2006-01-03,108.27999877929688,47.06357955932617
2006-01-04,108.27999877929688,47.06357955932617
2006-01-05,108.37000274658203,47.10271453857422
2006-01-06,108.19999694824219,47.02885818481445
2006-01-09,108.22000122070312,47.03752136230469
2006-01-10,107.93000030517578,46.911441802978516
2006-01-11,107.75,46.833229064941406
2006-01-12,108.08999633789062,46.981021881103516
2006-01-13,108.41000366210938,47.12010955810547
2006-01-17,108.41000366210938,47.12010955810547
2006-01-18,108.37999725341797,47.10708236694336
2006-01-19,108.36000061035156,47.098392486572266
2006-01-20,108.44999694824219,47.13749694824219
2006-01-23,108.69999694824219,47.24615478515625
2006-01-24,108.45999908447266,47.141822814941406
2006-01-25,107.86000061035156,46.881046295166016
2006-01-26,107.69999694824219,46.811527252197266
2006-01-27,107.86000061035156,46.881046295166016
2006-01-30,107.45999908447266,46.70716857910156
2006-01-31,107.22000122070312,46.6028938293457
2006-02-01,106.83999633789062,46.615516662597656
2006-02-02,106.75,46.576271057128906
2006-02-03,106.91999816894531,46.65045166015625
2006-02-06,107.0999984741211,46.72895431518555
2006-02-07,106.83000183105469,46.61121368408203
2006-02-08,106.83000183105469,46.61121368408203
2006-02-09,107.0,46.68534851074219
2006-02-10,106.80000305175781,46.59807205200195
2006-02-13,106.95999908447266,46.667884826660156
2006-02-14,106.8499984741211,46.619873046875
2006-02-15,106.91999816894531,46.65045166015625
2006-02-16,107.06999969482422,46.71588134765625
2006-02-17,107.41999816894531,46.8686408996582
2006-02-21,107.37000274658203,46.84678268432617
2006-02-22,107.7699966430664,47.02130126953125
2006-02-23,107.52999877929688,46.91659164428711
2006-02-24,107.4800033569336,46.894771575927734
2006-02-27,107.43000030517578,46.87294006347656
2006-02-28,107.54000091552734,46.92091369628906
2006-03-01,106.69000244140625,46.74003601074219
2006-03-02,106.19999694824219,46.52536392211914
2006-03-03,106.0,46.43772506713867
2006-03-06,105.44999694824219,46.19676971435547
2006-03-07,105.4000015258789,46.17489242553711
2006-03-08,105.44999694824219,46.19676971435547
2006-03-09,105.43000030517578,46.188011169433594
2006-03-10,105.69999694824219,46.30632781982422
2006-03-13,105.55999755859375,46.244937896728516
2006-03-14,106.23999786376953,46.54290771484375
2006-03-15,106.08000183105469,46.47277069091797
2006-03-16,106.66000366210938,46.72687530517578
2006-03-17,106.55999755859375,46.68307876586914
2006-03-20,106.68000030517578,46.73564910888672
2006-03-21,106.27999877929688,46.56044387817383
2006-03-22,106.26000213623047,46.55162811279297
2006-03-23,106.19999694824219,46.52536392211914
2006-03-24,106.45999908447266,46.63927459716797
2006-03-27,106.45999908447266,46.63927459716797
2006-03-28,105.95999908447266,46.420169830322266
2006-03-29,105.86000061035156,46.37638854980469
2006-03-30,105.54000091552734,46.2362174987793
2006-03-31,105.30000305175781,46.13106155395508
2006-04-03,104.94999694824219,46.16977310180664
2006-04-04,105.05000305175781,46.213768005371094
2006-04-05,105.4000015258789,46.36775207519531
2006-04-06,105.0199966430664,46.2005729675293
2006-04-07,104.61000061035156,46.020198822021484
2006-04-10,104.37999725341797,45.91902160644531
2006-04-11,104.68000030517578,46.0510139465332
2006-04-12,104.3499984741211,45.905818939208984
2006-04-13,104.1500015258789,45.817840576171875
2006-04-17,104.12999725341797,45.80901336669922
2006-04-18,104.55000305175781,45.99381637573242
2006-04-19,104.4800033569336,45.9630241394043
2006-04-20,104.43000030517578,45.941036224365234
2006-04-21,104.62999725341797,46.02903747558594
2006-04-24,104.83999633789062,46.12139129638672
2006-04-25,104.33999633789062,45.90143585205078
2006-04-26,104.22000122070312,45.8486328125
2006-04-27,104.41000366210938,45.93220520019531
2006-04-28,104.6500015258789,46.03779602050781
2006-05-01,103.66000366210938,45.80451965332031
2006-05-02,103.81999969482422,45.87519454956055
2006-05-03,103.81999969482422,45.87519454956055
2006-05-04,103.77999877929688,45.85749435424805
2006-05-05,103.9000015258789,45.910526275634766
2006-05-08,104.02999877929688,45.96799850463867
2006-05-09,104.06999969482422,45.985652923583984
2006-05-10,104.13999938964844,46.0166015625
2006-05-11,103.95999908447266,45.9370231628418
2006-05-12,103.69999694824219,45.82218933105469
2006-05-15,103.79000091552734,45.86192321777344
2006-05-16,104.16999816894531,46.029850006103516
2006-05-17,103.83999633789062,45.884056091308594
2006-05-18,104.5,46.17564392089844
2006-05-19,104.44999694824219,46.15355682373047
2006-05-22,104.51000213623047,46.180110931396484
2006-05-23,104.44000244140625,46.14917755126953
2006-05-24,104.55000305175781,46.197776794433594
2006-05-25,104.41000366210938,46.13589859008789
2006-05-26,104.41999816894531,46.14030075073242
2006-05-30,104.19000244140625,46.03871154785156
2006-05-31,103.98999786376953,45.950340270996094
2006-06-01,103.73999786376953,46.03065872192383
2006-06-02,104.38999938964844,46.31905746459961
2006-06-05,104.06999969482422,46.17704391479492
2006-06-06,104.30000305175781,46.27911376953125
2006-06-07,104.0199966430664,46.154884338378906
2006-06-08,104.36000061035156,46.30573654174805
2006-06-09,104.47000122070312,46.35454559326172
2006-06-12,104.19000244140625,46.230316162109375
2006-06-13,104.30000305175781,46.27911376953125
2006-06-14,103.8499984741211,46.07941818237305
2006-06-15,103.63999938964844,45.986228942871094
2006-06-16,103.5,45.92413330078125
2006-06-19,103.37000274658203,45.866451263427734
2006-06-20,103.29000091552734,45.83094787597656
2006-06-21,103.16000366210938,45.77328109741211
2006-06-22,102.91999816894531,45.66680145263672
2006-06-23,102.75,45.59138107299805
2006-06-26,102.75,45.59138107299805
2006-06-27,102.58999633789062,45.52037048339844
2006-06-28,102.36000061035156,45.41830825805664
2006-06-29,102.9000015258789,45.65789031982422
2006-06-30,103.47000122070312,45.91083526611328
2006-07-03,102.88999938964844,45.85423278808594
2006-07-05,102.23999786376953,45.564552307128906
2006-07-06,102.75,45.79186248779297
2006-07-07,103.13999938964844,45.96562576293945
2006-07-10,103.2699966430664,46.02360153198242
2006-07-11,103.43000030517578,46.09487533569336
2006-07-12,103.5999984741211,46.170654296875
2006-07-13,103.58999633789062,46.16621780395508
2006-07-14,103.68000030517578,46.20629119873047
2006-07-17,103.79000091552734,46.255306243896484
2006-07-18,103.25,46.014644622802734
2006-07-19,103.72000122070312,46.224124908447266
2006-07-20,104.16999816894531,46.42466735839844
2006-07-21,104.08999633789062,46.38901138305664
2006-07-24,104.12000274658203,46.4023551940918
2006-07-25,104.04000091552734,46.36676025390625
2006-07-26,104.26000213623047,46.464805603027344
2006-07-27,104.0999984741211,46.39349365234375
2006-07-28,104.5,46.57173156738281
2006-07-31,104.5199966430664,46.580684661865234
2006-08-01,104.20999908447266,46.6460075378418
2006-08-02,104.38999938964844,46.726558685302734
2006-08-03,104.4000015258789,46.73107147216797
2006-08-04,104.80999755859375,46.914581298828125
2006-08-07,104.72000122070312,46.87434387207031
2006-08-08,104.77999877929688,46.90114974975586
2006-08-09,104.7300033569336,46.87874984741211
2006-08-10,104.72000122070312,46.87434387207031
2006-08-11,104.51000213623047,46.780311584472656
2006-08-14,104.37999725341797,46.72211456298828
2006-08-15,104.91999816894531,46.963844299316406
2006-08-16,105.36000061035156,47.16078186035156
2006-08-17,105.30999755859375,47.13836669921875
2006-08-18,105.5199966430664,47.23242950439453
2006-08-21,105.66999816894531,47.299556732177734
2006-08-22,105.73999786376953,47.33085250854492
2006-08-23,105.69999694824219,47.312984466552734
2006-08-24,105.69999694824219,47.312984466552734
2006-08-25,105.8499984741211,47.38009262084961
2006-08-28,105.87999725341797,47.39353561401367
2006-08-29,105.94999694824219,47.424835205078125
2006-08-30,106.0199966430664,47.45619201660156
2006-08-31,106.37999725341797,47.61730194091797
2006-09-01,105.77999877929688,47.5606689453125
2006-09-05,105.45999908447266,47.41680145263672
2006-09-06,105.45999908447266,47.41680145263672
2006-09-07,105.56999969482422,47.46627426147461
2006-09-08,105.68000030517578,47.51570510864258
2006-09-11,105.63999938964844,47.49776077270508
2006-09-12,105.80000305175781,47.5697021484375
2006-09-13,106.08000183105469,47.69557571411133
2006-09-14,105.80999755859375,47.57417678833008
2006-09-15,105.73999786376953,47.542694091796875
2006-09-18,105.76000213623047,47.55168914794922
2006-09-19,106.16999816894531,47.73603057861328
2006-09-20,106.33999633789062,47.81245422363281
2006-09-21,106.9800033569336,48.10021209716797
2006-09-22,107.04000091552734,48.127197265625
2006-09-25,107.19999694824219,48.19917678833008
2006-09-26,106.9000015258789,48.06425094604492
2006-09-27,106.8499984741211,48.04179000854492
2006-09-28,106.87999725341797,48.055274963378906
2006-09-29,106.83000183105469,48.03277587890625
2006-10-02,106.52999877929688,48.11185073852539
2006-10-03,106.5999984741211,48.143409729003906
2006-10-04,107.11000061035156,48.37375259399414
2006-10-05,106.76000213623047,48.2157096862793
2006-10-06,106.16000366210938,47.94472122192383
2006-10-09,106.23999786376953,47.980831146240234
2006-10-10,105.7699966430664,47.768577575683594
2006-10-11,105.52999877929688,47.66019058227539
2006-10-12,105.77999877929688,47.77307891845703
2006-10-13,105.38999938964844,47.59697341918945
2006-10-16,105.6500015258789,47.71440505981445
2006-10-17,105.8499984741211,47.80469512939453
2006-10-18,106.06999969482422,47.90403366088867
2006-10-19,105.7300033569336,47.7504997253418
2006-10-20,105.7699966430664,47.768577575683594
2006-10-23,105.52999877929688,47.66019058227539
2006-10-24,105.70999908447266,47.74148941040039
2006-10-25,106.16000366210938,47.94472122192383
2006-10-26,106.5,48.0982780456543
2006-10-27,106.83999633789062,48.25180435180664
2006-10-30,106.94000244140625,48.29698944091797
2006-10-31,107.41999816894531,48.51374816894531
2006-11-01,107.30999755859375,48.673885345458984
2006-11-02,107.18000030517578,48.61493682861328
2006-11-03,106.43000030517578,48.27472686767578
2006-11-06,106.55000305175781,48.32917404174805
2006-11-07,106.93000030517578,48.50153732299805
2006-11-08,107.05999755859375,48.56047821044922
2006-11-09,107.16999816894531,48.610389709472656
2006-11-10,107.45999908447266,48.741939544677734
2006-11-13,107.38999938964844,48.71015930175781
2006-11-14,107.55999755859375,48.787296295166016
2006-11-15,107.27999877929688,48.66025161743164
2006-11-16,107.12999725341797,48.59224319458008
2006-11-17,107.4800033569336,48.75099182128906
2006-11-20,107.55999755859375,48.787296295166016
2006-11-21,107.70999908447266,48.855323791503906
2006-11-22,107.83000183105469,48.909751892089844
2006-11-24,108.0,48.98684310913086
2006-11-27,108.01000213623047,48.99140167236328
2006-11-28,108.20999908447266,49.082115173339844
2006-11-29,108.11000061035156,49.0367546081543
2006-11-30,108.5199966430664,49.22269058227539
2006-12-01,108.19999694824219,49.280601501464844
2006-12-04,108.44999694824219,49.39444351196289
2006-12-05,108.4000015258789,49.371646881103516
2006-12-06,108.12999725341797,49.248680114746094
2006-12-07,108.18000030517578,49.271446228027344
2006-12-08,107.77999877929688,49.08926010131836
2006-12-11,108.0199966430664,49.198543548583984
2006-12-12,108.25,49.30331802368164
2006-12-13,107.70999908447266,49.05738067626953
2006-12-14,107.61000061035156,49.01183319091797
2006-12-15,107.58999633789062,49.00276184082031
2006-12-18,107.5999984741211,49.00726318359375
2006-12-19,107.58000183105469,48.99815368652344
2006-12-20,107.66000366210938,49.03458786010742
2006-12-21,107.94000244140625,49.162113189697266
2006-12-22,107.5999984741211,49.00726318359375
2006-12-26,107.72000122070312,49.061946868896484
2006-12-27,106.94999694824219,48.90507125854492
2006-12-28,106.7300033569336,48.804500579833984
2006-12-29,106.68000030517578,48.78163146972656
2007-01-03,106.44999694824219,48.676448822021484
2007-01-04,107.25,49.04230880737305
2007-01-05,107.18000030517578,49.010276794433594
2007-01-08,107.1500015258789,48.99656677246094
2007-01-09,107.16999816894531,49.00568389892578
2007-01-10,107.02999877929688,48.94170379638672
2007-01-11,106.69999694824219,48.790767669677734
2007-01-12,106.58999633789062,48.740478515625
2007-01-16,106.70999908447266,48.79537582397461
2007-01-17,106.55999755859375,48.72673797607422
2007-01-18,106.87000274658203,48.868499755859375
2007-01-19,106.80999755859375,48.84104537963867
2007-01-22,106.87999725341797,48.87308883666992
2007-01-23,106.58999633789062,48.740478515625
2007-01-24,106.63999938964844,48.76335906982422
2007-01-25,106.30000305175781,48.60786056518555
2007-01-26,106.2300033569336,48.575836181640625
2007-01-29,106.18000030517578,48.552974700927734
2007-01-30,106.33000183105469,48.621620178222656
2007-01-31,106.77999877929688,48.8273811340332
2007-02-01,106.27999877929688,48.8076057434082
2007-02-02,106.37999725341797,48.853515625
2007-02-05,106.5199966430664,48.91779708862305
2007-02-06,106.80000305175781,49.046409606933594
2007-02-07,106.94999694824219,49.11529541015625
2007-02-08,107.06999969482422,49.170406341552734
2007-02-09,106.62000274658203,48.96377182006836
2007-02-12,106.63999938964844,48.97288513183594
2007-02-13,106.56999969482422,48.9407958984375
2007-02-14,107.18000030517578,49.220951080322266
2007-02-15,107.37999725341797,49.312774658203125
2007-02-16,107.48999786376953,49.3632698059082
2007-02-20,107.66000366210938,49.44135665893555
2007-02-21,107.58999633789062,49.40919876098633
2007-02-22,107.44000244140625,49.3403205871582
2007-02-23,107.79000091552734,49.50106430053711
2007-02-26,108.2300033569336,49.70309829711914
2007-02-27,108.6500015258789,49.89597702026367
2007-02-28,108.44999694824219,49.804168701171875
2007-03-01,108.0199966430664,49.813873291015625
2007-03-02,108.31999969482422,49.952178955078125
2007-03-05,108.16000366210938,49.87839889526367
2007-03-06,107.75,49.68931198120117
2007-03-07,107.8499984741211,49.73543930053711
2007-03-08,107.98999786376953,49.80002212524414
2007-03-09,107.70999908447266,49.67087936401367
2007-03-12,107.94000244140625,49.77695846557617
2007-03-13,108.0,49.804569244384766
2007-03-14,107.9000015258789,49.758514404296875
2007-03-15,107.91999816894531,49.76771926879883
2007-03-16,107.5,49.57405090332031
2007-03-19,107.30000305175781,49.481815338134766
2007-03-20,107.58999633789062,49.61553955078125
2007-03-21,107.91000366210938,49.76313018798828
2007-03-22,107.61000061035156,49.62479019165039
2007-03-23,107.33000183105469,49.49563217163086
2007-03-26,107.52999877929688,49.58785629272461
2007-03-27,107.51000213623047,49.57864761352539
2007-03-28,107.44000244140625,49.54636001586914
2007-03-29,107.30999755859375,49.486427307128906
2007-03-30,107.2699966430664,49.46794509887695
2007-04-02,106.83999633789062,49.49669647216797
2007-04-03,106.77999877929688,49.468936920166016
2007-04-04,106.87000274658203,49.51060485839844
2007-04-05,106.6500015258789,49.4086799621582
2007-04-09,106.30000305175781,49.246524810791016
2007-04-10,106.5199966430664,49.34844207763672
2007-04-11,106.31999969482422,49.25577163696289
2007-04-12,106.4800033569336,49.32991027832031
2007-04-13,106.30000305175781,49.246524810791016
2007-04-16,106.38999938964844,49.28824996948242
2007-04-17,106.97000122070312,49.55689239501953
2007-04-18,107.0,49.57081604003906
2007-04-19,107.06999969482422,49.60325241088867
2007-04-20,107.04000091552734,49.58937454223633
2007-04-23,107.3499984741211,49.73295211791992
2007-04-24,107.62000274658203,49.858055114746094
2007-04-25,107.47000122070312,49.78860092163086
2007-04-26,107.23999786376953,49.682037353515625
2007-04-27,107.20999908447266,49.668094635009766
2007-04-30,107.7300033569336,49.90902328491211
2007-05-01,107.19000244140625,49.88111114501953
2007-05-02,107.16000366210938,49.867156982421875
2007-05-03,107.01000213623047,49.797332763671875
2007-05-04,107.2699966430664,49.91828918457031
2007-05-07,107.4000015258789,49.97883987426758
2007-05-08,107.33999633789062,49.95089340209961
2007-05-09,107.16999816894531,49.87179183959961
2007-05-10,107.22000122070312,49.895076751708984
2007-05-11,107.11000061035156,49.84383010864258
2007-05-14,107.0,49.792667388916016
2007-05-15,106.76000213623047,49.681053161621094
2007-05-16,107.01000213623047,49.797332763671875
2007-05-17,106.69000244140625,49.64842987060547
2007-05-18,106.38999938964844,49.508811950683594
2007-05-21,106.52999877929688,49.57394790649414
2007-05-22,106.19000244140625,49.415767669677734
2007-05-23,106.08999633789062,49.36920928955078
2007-05-24,106.22000122070312,49.42972946166992
2007-05-25,106.1500015258789,49.39714431762695
2007-05-29,105.94000244140625,49.2994384765625
2007-05-30,106.0199966430664,49.33660888671875
2007-05-31,105.93000030517578,49.294734954833984
2007-06-01,105.02999877929688,49.10587692260742
2007-06-04,105.19999694824219,49.18533706665039
2007-06-05,104.86000061035156,49.0263786315918
2007-06-06,104.94999694824219,49.068458557128906
2007-06-07,103.83000183105469,48.544837951660156
2007-06-08,103.87999725341797,48.56822204589844
2007-06-11,103.55999755859375,48.418556213378906
2007-06-12,103.0,48.15678024291992
2007-06-13,103.44999694824219,48.367103576660156
2007-06-14,103.41999816894531,48.35309600830078
2007-06-15,103.83000183105469,48.544837951660156
2007-06-18,103.81999969482422,48.5401496887207
2007-06-19,104.48999786376953,48.8533821105957
2007-06-20,103.98999786376953,48.61962890625
2007-06-21,103.72000122070312,48.49337387084961
2007-06-22,104.0,48.62429428100586
2007-06-25,104.12000274658203,48.68042755126953
2007-06-26,104.0999984741211,48.67106246948242
2007-06-27,104.0999984741211,48.67106246948242
2007-06-28,103.98999786376953,48.61962890625
2007-06-29,104.58000183105469,48.89546585083008
2007-07-02,103.8499984741211,48.77430725097656
2007-07-03,103.87000274658203,48.783714294433594
2007-07-05,103.19999694824219,48.46901321411133
2007-07-06,103.0,48.375083923339844
2007-07-09,103.20999908447266,48.47372055053711
2007-07-10,103.91999816894531,48.807220458984375
2007-07-11,103.44999694824219,48.586395263671875
2007-07-12,103.04000091552734,48.39390182495117
2007-07-13,103.48999786376953,48.60523223876953
2007-07-16,103.76000213623047,48.732032775878906
2007-07-17,103.54000091552734,48.628684997558594
2007-07-18,103.83999633789062,48.769615173339844
2007-07-19,103.62000274658203,48.66627883911133
2007-07-20,103.91000366210938,48.802459716796875
2007-07-23,103.79000091552734,48.74614334106445
2007-07-24,103.66000366210938,48.685062408447266
2007-07-25,103.73999786376953,48.722660064697266
2007-07-26,103.5199966430664,48.619293212890625
2007-07-27,103.13999938964844,48.44080352783203
2007-07-30,103.30000305175781,48.51598358154297
2007-07-31,103.25,48.49251937866211
2007-08-01,103.08999633789062,48.64920425415039
2007-08-02,102.94999694824219,48.58311462402344
2007-08-03,103.45999908447266,48.82379150390625
2007-08-06,103.0999984741211,48.653900146484375
2007-08-07,103.37999725341797,48.78605270385742
2007-08-08,103.48999786376953,48.837947845458984
2007-08-09,103.4000015258789,48.79548645019531
2007-08-10,102.94000244140625,48.57839584350586
2007-08-13,103.30000305175781,48.7483024597168
2007-08-14,103.94999694824219,49.05497741699219
2007-08-15,103.66999816894531,48.92291259765625
2007-08-16,102.66000366210938,48.44628143310547
2007-08-17,102.83999633789062,48.53120040893555
2007-08-20,103.58000183105469,48.88041687011719
2007-08-21,103.79000091552734,48.97953796386719
2007-08-22,104.0,49.078590393066406
2007-08-23,104.05000305175781,49.102203369140625
2007-08-24,104.27999877929688,49.21071243286133
2007-08-27,104.0,49.078590393066406
2007-08-28,104.88999938964844,49.49863815307617
2007-08-29,104.41000366210938,49.27210235595703
2007-08-30,104.72000122070312,49.418392181396484
2007-08-31,105.20999908447266,49.64964294433594
2007-09-04,104.48999786376953,49.53964614868164
2007-09-05,104.9000015258789,49.73403549194336
2007-09-06,104.66000366210938,49.620243072509766
2007-09-07,105.2300033569336,49.89046096801758
2007-09-10,105.54000091552734,50.03742980957031
2007-09-11,104.93000030517578,49.74821090698242
2007-09-12,104.5,49.544334411621094
2007-09-13,104.3499984741211,49.473243713378906
2007-09-14,104.63999938964844,49.61074447631836
2007-09-17,104.5999984741211,49.591819763183594
2007-09-18,104.8499984741211,49.710304260253906
2007-09-19,104.2699966430664,49.43531036376953
2007-09-20,104.08000183105469,49.34524154663086
2007-09-21,104.56999969482422,49.577537536621094
2007-09-24,105.08999633789062,49.82408142089844
2007-09-25,105.02999877929688,49.795654296875
2007-09-26,105.29000091552734,49.91896057128906
2007-09-27,105.55999755859375,50.04691696166992
2007-09-28,105.48999786376953,50.013755798339844
2007-10-01,104.33000183105469,49.691307067871094
2007-10-02,104.2300033569336,49.64370346069336
2007-10-03,104.69999694824219,49.86751937866211
2007-10-04,105.52999877929688,50.26283264160156
2007-10-05,105.0999984741211,50.05804443359375
2007-10-08,105.47000122070312,50.23426818847656
2007-10-09,105.01000213623047,50.01520919799805
2007-10-10,105.37999725341797,50.19140625
2007-10-11,105.5999984741211,50.296142578125
2007-10-12,105.0199966430664,50.019901275634766
2007-10-15,105.3499984741211,50.17710494995117
2007-10-16,105.52999877929688,50.26283264160156
2007-10-17,106.02999877929688,50.50099182128906
2007-10-18,106.04000091552734,50.505760192871094
2007-10-19,106.7300033569336,50.834381103515625
2007-10-22,106.7300033569336,50.834381103515625
2007-10-23,106.0999984741211,50.53433609008789
2007-10-24,106.75,50.84392547607422
2007-10-25,106.5,50.724849700927734
2007-10-26,106.33000183105469,50.643856048583984
2007-10-29,106.58000183105469,50.76295852661133
2007-10-30,106.56999969482422,50.75817108154297
2007-10-31,106.0199966430664,50.4962272644043
2007-11-01,106.3499984741211,50.88184356689453
2007-11-02,105.69000244140625,50.56608200073242
2007-11-05,105.94999694824219,50.69044494628906
2007-11-06,105.30000305175781,50.379478454589844
2007-11-07,105.2300033569336,50.346031188964844
2007-11-08,105.4000015258789,50.42730712890625
2007-11-09,105.87000274658203,50.652198791503906
2007-11-12,105.83000183105469,50.633056640625
2007-11-13,105.30000305175781,50.379478454589844
2007-11-14,104.8499984741211,50.16420364379883
2007-11-15,105.25,50.35555648803711
2007-11-16,105.26000213623047,50.36034393310547
2007-11-19,106.06999969482422,50.74787521362305
2007-11-20,105.4000015258789,50.42730712890625
2007-11-21,106.13999938964844,50.7813606262207
2007-11-23,105.61000061035156,50.52781295776367
2007-11-26,107.36000061035156,51.365055084228516
2007-11-27,106.44000244140625,50.92491149902344
2007-11-28,105.69999694824219,50.57086944580078
2007-11-29,106.0999984741211,50.76224136352539
2007-11-30,106.62000274658203,51.01099395751953
2007-12-03,106.19999694824219,51.028785705566406
2007-12-04,106.25,51.052825927734375
2007-12-05,105.8499984741211,50.86063003540039
2007-12-06,105.06999969482422,50.48585510253906
2007-12-07,104.16999816894531,50.053382873535156
2007-12-10,104.23999786376953,50.087013244628906
2007-12-11,105.25,50.57230758666992
2007-12-12,104.91999816894531,50.413753509521484
2007-12-13,104.31999969482422,50.12544631958008
2007-12-14,103.13999938964844,49.5584831237793
2007-12-17,104.13999938964844,50.038997650146484
2007-12-18,104.45999908447266,50.19273376464844
2007-12-19,105.27999877929688,50.58674240112305
2007-12-20,104.7699966430664,50.34170150756836
2007-12-21,104.66000366210938,50.28884506225586
2007-12-24,104.12999725341797,50.034156799316406
2007-12-26,104.16000366210938,50.04859161376953
2007-12-27,104.30999755859375,50.34544372558594
2007-12-28,104.63999938964844,50.50469207763672
2007-12-31,104.83999633789062,50.601234436035156
2008-01-02,106.08000183105469,51.199710845947266
2008-01-03,105.7300033569336,51.03078079223633
2008-01-04,106.5999984741211,51.45068359375
2008-01-07,106.47000122070312,51.38796615600586
2008-01-08,106.2699966430664,51.29142379760742
2008-01-09,106.05000305175781,51.18523025512695
2008-01-10,105.73999786376953,51.035587310791016
2008-01-11,106.51000213623047,51.4072265625
2008-01-14,106.06999969482422,51.19486618041992
2008-01-15,106.63999938964844,51.470001220703125
2008-01-16,106.4800033569336,51.39277648925781
2008-01-17,106.9800033569336,51.634159088134766
2008-01-18,106.80000305175781,51.547183990478516
2008-01-22,107.02999877929688,51.658226013183594
2008-01-23,107.16999816894531,51.72581100463867
2008-01-24,106.26000213623047,51.28654861450195
2008-01-25,107.41000366210938,51.84164810180664
2008-01-28,107.37999725341797,51.82716369628906
2008-01-29,107.19999694824219,51.74029541015625
2008-01-30,107.18000030517578,51.730674743652344
2008-01-31,107.52999877929688,51.899566650390625
2008-02-01,107.48999786376953,52.11970901489258
2008-02-04,107.19999694824219,51.979103088378906
2008-02-05,107.56999969482422,52.158504486083984
2008-02-06,106.98999786376953,51.877220153808594
2008-02-07,105.76000213623047,51.28085708618164
2008-02-08,106.16000366210938,51.47476577758789
2008-02-11,106.4800033569336,51.62997055053711
2008-02-12,106.33000183105469,51.55720901489258
2008-02-13,105.26000213623047,51.03839111328125
2008-02-14,105.02999877929688,50.926910400390625
2008-02-15,105.37000274658203,51.09175109863281
2008-02-19,104.33000183105469,50.58748245239258
2008-02-20,104.55999755859375,50.69901657104492
2008-02-21,105.27999877929688,51.04810333251953
2008-02-22,104.87000274658203,50.84932327270508
2008-02-25,104.19999694824219,50.524452209472656
2008-02-26,104.94999694824219,50.88810729980469
2008-02-27,104.8499984741211,50.83961486816406
2008-02-28,105.61000061035156,51.20811462402344
2008-02-29,106.27999877929688,51.532981872558594
2008-03-03,105.83000183105469,51.532005310058594
2008-03-04,105.20999908447266,51.2301139831543
2008-03-05,104.47000122070312,50.869773864746094
2008-03-06,104.33000183105469,50.80161666870117
2008-03-07,104.11000061035156,50.694461822509766
2008-03-10,104.08999633789062,50.68473815917969
2008-03-11,102.9000015258789,50.10530471801758
2008-03-12,104.13999938964844,50.7091178894043
2008-03-13,103.01000213623047,50.15888595581055
2008-03-14,102.94999694824219,50.129661560058594
2008-03-17,103.79000091552734,50.53866195678711
2008-03-18,103.5999984741211,50.44618225097656
2008-03-19,104.05000305175781,50.66526794433594
2008-03-20,104.5999984741211,50.93309020996094
2008-03-24,104.4000015258789,50.83570098876953
2008-03-25,104.87000274658203,51.06458282470703
2008-03-26,105.0,51.12785720825195
2008-03-27,104.36000061035156,50.81623077392578
2008-03-28,104.91999816894531,51.088905334472656
2008-03-31,105.19999694824219,51.22524642944336
2008-04-01,104.5199966430664,51.143524169921875
2008-04-02,104.69999694824219,51.23162078857422
2008-04-03,104.75,51.256065368652344
2008-04-04,106.0199966430664,51.87751770019531
2008-04-07,106.13999938964844,51.93620681762695
2008-04-08,105.76000213623047,51.75027847290039
2008-04-09,105.44999694824219,51.598602294921875
2008-04-10,105.55000305175781,51.64751434326172
2008-04-11,105.6500015258789,51.696441650390625
2008-04-14,105.0,51.378379821777344
2008-04-15,104.77999877929688,51.27078628540039
2008-04-16,104.18000030517578,50.97713851928711
2008-04-17,104.44999694824219,51.10927200317383
2008-04-18,104.91000366210938,51.33436584472656
2008-04-21,104.56999969482422,51.16801071166992
2008-04-22,104.33999633789062,51.05548095703125
2008-04-23,104.66000366210938,51.212032318115234
2008-04-24,104.5199966430664,51.143524169921875
2008-04-25,104.56999969482422,51.16801071166992
2008-04-28,105.06999969482422,51.412681579589844
2008-04-29,105.4000015258789,51.57410430908203
2008-04-30,105.98999786376953,51.86281204223633
2008-05-01,106.1500015258789,52.16899490356445
2008-05-02,105.52999877929688,51.86430740356445
2008-05-05,105.68000030517578,51.93801498413086
2008-05-06,105.0,51.60383605957031
2008-05-07,105.27999877929688,51.741390228271484
2008-05-08,105.75,51.97243881225586
2008-05-09,105.75,51.97243881225586
2008-05-12,105.6500015258789,51.92326736450195
2008-05-13,105.05000305175781,51.62835693359375
2008-05-14,105.11000061035156,51.65785217285156
2008-05-15,105.80999755859375,52.001914978027344
2008-05-16,105.66999816894531,51.93310546875
2008-05-19,105.69000244140625,51.94291687011719
2008-05-20,105.7300033569336,51.962608337402344
2008-05-21,105.2699966430664,51.73654556274414
2008-05-22,104.11000061035156,51.16644287109375
2008-05-23,104.58999633789062,51.4023323059082
2008-05-27,103.95999908447266,51.09267807006836
2008-05-28,103.29000091552734,50.76340866088867
2008-05-29,102.79000091552734,50.51767349243164
2008-05-30,103.19999694824219,50.719215393066406
2008-06-02,103.08000183105469,50.89348220825195
2008-06-03,103.4800033569336,51.09100341796875
2008-06-04,103.16000366210938,50.932979583740234
2008-06-05,102.61000061035156,50.66141891479492
2008-06-06,103.12000274658203,50.91322708129883
2008-06-09,103.02999877929688,50.86880874633789
2008-06-10,102.44000244140625,50.57746887207031
2008-06-11,102.4000015258789,50.55775451660156
2008-06-12,101.52999877929688,50.128204345703125
2008-06-13,101.0,49.866539001464844
2008-06-16,101.36000061035156,50.04425811767578
2008-06-17,101.69000244140625,50.207218170166016
2008-06-18,102.19999694824219,50.45899963378906
2008-06-19,101.66999816894531,50.1972770690918
2008-06-20,101.7300033569336,50.226951599121094
2008-06-23,101.69000244140625,50.207218170166016
2008-06-24,101.62999725341797,50.1776123046875
2008-06-25,101.70999908447266,50.2170524597168
2008-06-26,101.79000091552734,50.256553649902344
2008-06-27,101.69000244140625,50.207218170166016
2008-06-30,101.4000015258789,50.06403732299805
2008-07-01,100.91999816894531,50.041202545166016
2008-07-02,100.8499984741211,50.00651550292969
2008-07-03,100.72000122070312,49.94204330444336
2008-07-07,101.19000244140625,50.17508316040039
2008-07-08,101.73999786376953,50.44782638549805
2008-07-09,101.80999755859375,50.482540130615234
2008-07-10,101.2300033569336,50.19489669799805
2008-07-11,100.44999694824219,49.80818557739258
2008-07-14,100.5,49.83292770385742
2008-07-15,100.4800033569336,49.82301330566406
2008-07-16,99.69000244140625,49.431312561035156
2008-07-17,99.3499984741211,49.26271057128906
2008-07-18,99.16999816894531,49.17343521118164
2008-07-21,99.27999877929688,49.2280158996582
2008-07-22,99.91999816894531,49.54533767700195
2008-07-23,99.56999969482422,49.37178421020508
2008-07-24,100.44999694824219,49.80818557739258
2008-07-25,99.91999816894531,49.54533767700195
2008-07-28,100.5,49.83292770385742
2008-07-29,100.25,49.7089958190918
2008-07-30,100.7300033569336,49.947025299072266
2008-07-31,101.36000061035156,50.259403228759766
2008-08-01,100.52999877929688,50.07805633544922
2008-08-04,100.54000091552734,50.083099365234375
2008-08-05,100.0999984741211,49.86386489868164
2008-08-06,100.25,49.93858337402344
2008-08-07,101.08000183105469,50.35206985473633
2008-08-08,101.18000030517578,50.4018669128418
2008-08-11,100.72000122070312,50.172698974609375
2008-08-12,101.33000183105469,50.47654724121094
2008-08-13,100.80000305175781,50.21257019042969
2008-08-14,101.08999633789062,50.35700607299805
2008-08-15,101.31999969482422,50.47163391113281
2008-08-18,101.36000061035156,50.49153137207031
2008-08-19,101.19999694824219,50.41184997558594
2008-08-20,101.20999908447266,50.41679763793945
2008-08-21,100.61000061035156,50.117923736572266
2008-08-22,100.6500015258789,50.13785934448242
2008-08-25,101.30000305175781,50.46160125732422
2008-08-26,101.41999816894531,50.52137756347656
2008-08-27,101.26000213623047,50.44170379638672
2008-08-28,101.23999786376953,50.43174743652344
2008-08-29,101.04000091552734,50.33212661743164
2008-09-02,100.9800033569336,50.530765533447266
2008-09-03,101.18000030517578,50.63083267211914
2008-09-04,101.20999908447266,50.6458854675293
2008-09-05,101.11000061035156,50.59584426879883
2008-09-08,101.27999877929688,50.680912017822266
2008-09-09,101.62999725341797,50.856056213378906
2008-09-10,101.58999633789062,50.836021423339844
2008-09-11,100.80000305175781,50.4406852722168
2008-09-12,100.02999877929688,50.05537796020508
2008-09-15,99.29000091552734,49.685081481933594
2008-09-16,92.98999786376953,46.53254699707031
2008-09-17,88.7300033569336,44.40085220336914
2008-09-18,89.94000244140625,45.00630569458008
2008-09-19,92.75,46.41244125366211
2008-09-22,93.30000305175781,46.68765640258789
2008-09-23,92.33999633789062,46.207279205322266
2008-09-24,92.0999984741211,46.08717727661133
2008-09-25,92.5,46.28731918334961
2008-09-26,90.0,45.036346435546875
2008-09-29,81.80000305175781,40.93302536010742
2008-09-30,89.79000091552734,44.93124771118164
2008-10-01,90.20999908447266,45.345951080322266
2008-10-02,88.9000015258789,44.687469482421875
2008-10-03,88.86000061035156,44.667362213134766
2008-10-06,87.83000183105469,44.149600982666016
2008-10-07,89.47000122070312,44.97397232055664
2008-10-08,88.83000183105469,44.652278900146484
2008-10-09,86.45999908447266,43.4609489440918
2008-10-10,81.69999694824219,41.0682373046875
2008-10-13,86.19999694824219,43.33023452758789
2008-10-14,84.8499984741211,42.651649475097656
2008-10-15,84.8499984741211,42.651649475097656
2008-10-16,85.73999786376953,43.09901809692383
2008-10-17,85.01000213623047,42.73206329345703
2008-10-20,87.5999984741211,44.03398132324219
2008-10-21,88.47000122070312,44.471290588378906
2008-10-22,87.44999694824219,43.958587646484375
2008-10-23,88.0,44.23503875732422
2008-10-24,88.3499984741211,44.41098403930664
2008-10-27,87.77999877929688,44.124454498291016
2008-10-28,87.19999694824219,43.832908630371094
2008-10-29,88.66999816894531,44.57183074951172
2008-10-30,88.01000213623047,44.24007797241211
2008-10-31,87.6500015258789,44.05912399291992
2008-11-03,87.93000030517578,44.420326232910156
2008-11-04,88.52999877929688,44.72344207763672
2008-11-05,90.25,45.59230422973633
2008-11-06,90.87000274658203,45.90557098388672
2008-11-07,90.2300033569336,45.58222579956055
2008-11-10,90.2699966430664,45.60242462158203
2008-11-11,90.55999755859375,45.74895095825195
2008-11-12,90.54000091552734,45.73884582519531
2008-11-13,89.91999816894531,45.42560577392578
2008-11-14,89.9000015258789,45.415489196777344
2008-11-17,90.55000305175781,45.7439079284668
2008-11-18,90.66000366210938,45.79945373535156
2008-11-19,90.80000305175781,45.870174407958984
2008-11-20,89.80999755859375,45.370025634765625
2008-11-21,90.8499984741211,45.89543914794922
2008-11-24,90.44999694824219,45.69338607788086
2008-11-25,90.87999725341797,45.910587310791016
2008-11-26,90.4000015258789,45.66812515258789
2008-11-28,90.13999938964844,45.536781311035156
2008-12-01,91.08999633789062,46.24858856201172
2008-12-02,91.77999877929688,46.59893798828125
2008-12-03,92.41999816894531,46.923866271972656
2008-12-04,92.51000213623047,46.96955490112305
2008-12-05,91.87999725341797,46.64968490600586
2008-12-08,92.83000183105469,47.132015228271484
2008-12-09,93.45999908447266,47.45191192626953
2008-12-10,93.68000030517578,47.563575744628906
2008-12-11,94.0,47.726078033447266
2008-12-12,94.51000213623047,47.9849967956543
2008-12-15,94.4800033569336,47.96980667114258
2008-12-16,96.41999816894531,48.954769134521484
2008-12-17,97.8499984741211,49.680824279785156
2008-12-18,100.22000122070312,50.884124755859375
2008-12-19,98.7300033569336,50.12757873535156
2008-12-22,99.91999816894531,50.73177719116211
2008-12-23,100.25,50.89935302734375
2008-12-24,100.5,51.026268005371094
2008-12-26,100.69000244140625,51.12274932861328
2008-12-29,100.58000183105469,51.28178787231445
2008-12-30,101.45999908447266,51.73047637939453
2008-12-31,101.6500015258789,51.827392578125
2009-01-02,100.61000061035156,51.2971305847168
2009-01-05,101.30000305175781,51.64891052246094
2009-01-06,101.47000122070312,51.73558044433594
2009-01-07,100.62000274658203,51.30223083496094
2009-01-08,101.33999633789062,51.66932678222656
2009-01-09,102.5999984741211,52.311767578125
2009-01-12,102.06999969482422,52.04149627685547
2009-01-13,101.8499984741211,51.92936706542969
2009-01-14,101.4000015258789,51.69990539550781
2009-01-15,101.5999984741211,51.80189895629883
2009-01-16,101.5999984741211,51.80189895629883
2009-01-20,100.0999984741211,51.03708267211914
2009-01-21,99.5999984741211,50.78217315673828
2009-01-22,99.2300033569336,50.59355163574219
2009-01-23,98.56999969482422,50.25703811645508
2009-01-26,97.69000244140625,49.80834197998047
2009-01-27,99.52999877929688,50.74644088745117
2009-01-28,100.31999969482422,51.14926528930664
2009-01-29,99.12000274658203,50.537418365478516
2009-01-30,99.81999969482422,50.894309997558594
2009-02-02,98.8499984741211,50.64894104003906
2009-02-03,98.5199966430664,50.47978973388672
2009-02-04,98.55999755859375,50.50029373168945
2009-02-05,97.69999694824219,50.05963134765625
2009-02-06,98.27999877929688,50.356868743896484
2009-02-09,98.45999908447266,50.449092864990234
2009-02-10,98.94000244140625,50.69499969482422
2009-02-11,99.27999877929688,50.86923599243164
2009-02-12,99.36000061035156,50.910194396972656
2009-02-13,98.5999984741211,50.52080154418945
2009-02-17,99.13999938964844,50.797508239746094
2009-02-18,98.6500015258789,50.5463981628418
2009-02-19,97.83999633789062,50.131385803222656
2009-02-20,97.43000030517578,49.92132568359375
2009-02-23,97.0999984741211,49.75221252441406
2009-02-24,96.75,49.5728874206543
2009-02-25,95.43000030517578,48.896549224853516
2009-02-26,94.81999969482422,48.58401107788086
2009-02-27,94.16000366210938,48.24583053588867
2009-03-02,93.69000244140625,48.25204086303711
2009-03-03,93.18000030517578,47.98936080932617
2009-03-04,93.1500015258789,47.973907470703125
2009-03-05,92.9000015258789,47.84516525268555
2009-03-06,93.0999984741211,47.94813919067383
2009-03-09,90.54000091552734,46.62971496582031
2009-03-10,91.8499984741211,47.304351806640625
2009-03-11,91.87999725341797,47.31985092163086
2009-03-12,91.80000305175781,47.27861404418945
2009-03-13,92.6500015258789,47.71638488769531
2009-03-16,92.77999877929688,47.783348083496094
2009-03-17,92.52999877929688,47.65462112426758
2009-03-18,94.5,48.66913986206055
2009-03-19,94.69999694824219,48.772151947021484
2009-03-20,93.73999786376953,48.27775573730469
2009-03-23,94.02999877929688,48.4271354675293
2009-03-24,93.0999984741211,47.94813919067383
2009-03-25,92.6500015258789,47.71638488769531
2009-03-26,93.12999725341797,47.96357345581055
2009-03-27,93.41999816894531,48.112979888916016
2009-03-30,93.3499984741211,48.076908111572266
2009-03-31,94.12000274658203,48.473487854003906
2009-04-01,93.45999908447266,48.40045928955078
2009-04-02,93.48999786376953,48.415992736816406
2009-04-03,92.91000366210938,48.1156005859375
2009-04-06,92.86000061035156,48.0897331237793
2009-04-07,92.81999969482422,48.069053649902344
2009-04-08,93.75,48.550621032714844
2009-04-09,94.37999725341797,48.87688446044922
2009-04-13,95.29000091552734,49.34816360473633
2009-04-14,95.54000091552734,49.477630615234375
2009-04-15,96.27999877929688,49.860843658447266
2009-04-16,96.69000244140625,50.07318115234375
2009-04-17,96.56999969482422,50.011043548583984
2009-04-20,96.04000091552734,49.736576080322266
2009-04-21,96.33999633789062,49.89194107055664
2009-04-22,96.0999984741211,49.767669677734375
2009-04-23,96.0199966430664,49.726192474365234
2009-04-24,96.2300033569336,49.834964752197266
2009-04-27,96.11000061035156,49.7728157043457
2009-04-28,95.80000305175781,49.612247467041016
2009-04-29,96.26000213623047,49.85048294067383
2009-04-30,96.19999694824219,49.81944274902344
2009-05-01,95.97000122070312,49.943267822265625
2009-05-04,96.19999694824219,50.062984466552734
2009-05-05,96.51000213623047,50.22428894042969
2009-05-06,96.94000244140625,50.448089599609375
2009-05-07,96.01000213623047,49.964088439941406
2009-05-08,96.62000274658203,50.28153610229492
2009-05-11,96.91000366210938,50.43244934082031
2009-05-12,97.18000030517578,50.5729866027832
2009-05-13,97.0,50.47929763793945
2009-05-14,97.22000122070312,50.593780517578125
2009-05-15,97.19999694824219,50.583370208740234
2009-05-18,97.05999755859375,50.51051712036133
2009-05-19,97.44999694824219,50.71346664428711
2009-05-20,98.01000213623047,51.00489807128906
2009-05-21,97.01000213623047,50.484493255615234
2009-05-22,96.87999725341797,50.41686248779297
2009-05-26,96.83999633789062,50.39604187011719
2009-05-27,96.16999816894531,50.04737091064453
2009-05-28,96.52999877929688,50.234718322753906
2009-05-29,97.94999694824219,50.97366714477539
2009-06-01,97.43000030517578,50.956912994384766
2009-06-02,98.1500015258789,51.333492279052734
2009-06-03,98.6500015258789,51.59502029418945
2009-06-04,98.22000122070312,51.370121002197266
2009-06-05,97.69999694824219,51.098121643066406
2009-06-08,97.5,50.993560791015625
2009-06-09,98.23999786376953,51.380577087402344
2009-06-10,97.94999694824219,51.2288932800293
2009-06-11,98.29000091552734,51.40671920776367
2009-06-12,99.0199966430664,51.78852844238281
2009-06-15,99.05000305175781,51.80425262451172
2009-06-16,98.98999786376953,51.77281951904297
2009-06-17,99.11000061035156,51.835594177246094
2009-06-18,97.8499984741211,51.17664337158203
2009-06-19,98.58999633789062,51.563663482666016
2009-06-22,98.94999694824219,51.75190353393555
2009-06-23,99.75,52.170352935791016
2009-06-24,99.58999633789062,52.086669921875
2009-06-25,100.37000274658203,52.49458312988281
2009-06-26,100.41999816894531,52.520755767822266
2009-06-29,100.30999755859375,52.463199615478516
2009-06-30,100.27999877929688,52.447532653808594
2009-07-01,99.69999694824219,52.37661361694336
2009-07-02,99.70999908447266,52.381866455078125
2009-07-06,99.94999694824219,52.50794219970703
2009-07-07,99.55000305175781,52.29781723022461
2009-07-08,100.45999908447266,52.77585983276367
2009-07-09,100.5,52.79685592651367
2009-07-10,100.9000015258789,53.00700759887695
2009-07-13,100.83999633789062,52.97551345825195
2009-07-14,100.62000274658203,52.85995101928711
2009-07-15,99.69000244140625,52.371360778808594
2009-07-16,100.37999725341797,52.73381423950195
2009-07-17,100.06999969482422,52.57097625732422
2009-07-20,100.4800033569336,52.786346435546875
2009-07-21,101.9000015258789,53.53236389160156
2009-07-22,101.62999725341797,53.39052963256836
2009-07-23,101.45999908447266,53.30124282836914
2009-07-24,101.73999786376953,53.44831085205078
2009-07-27,101.51000213623047,53.32746124267578
2009-07-28,101.9000015258789,53.53236389160156
2009-07-29,102.54000091552734,53.86856460571289
2009-07-30,103.0999984741211,54.16279983520508
2009-07-31,104.45999908447266,54.87725830078125
2009-08-03,103.0,54.36631774902344
2009-08-04,102.4800033569336,54.09181594848633
2009-08-05,102.5,54.10240936279297
2009-08-06,102.22000122070312,53.954551696777344
2009-08-07,102.19999694824219,53.944026947021484
2009-08-10,102.5199966430664,54.112911224365234
2009-08-11,103.05000305175781,54.39271926879883
2009-08-12,102.1500015258789,53.91762924194336
2009-08-13,103.13999938964844,54.440181732177734
2009-08-14,103.12000274658203,54.429622650146484
2009-08-17,103.29000091552734,54.51939010620117
2009-08-18,103.02999877929688,54.38211441040039
2009-08-19,103.36000061035156,54.556297302246094
2009-08-20,103.8499984741211,54.814937591552734
2009-08-21,103.37999725341797,54.56686782836914
2009-08-24,103.91000366210938,54.84661102294922
2009-08-25,104.08999633789062,54.94164276123047
2009-08-26,104.77999877929688,55.30583572387695
2009-08-27,104.30000305175781,55.05245590209961
2009-08-28,104.81999969482422,55.326934814453125
2009-08-31,105.33000183105469,55.59614944458008
2009-09-01,104.30999755859375,55.317161560058594
2009-09-02,104.62000274658203,55.481597900390625
2009-09-03,104.80000305175781,55.57701110839844
2009-09-04,104.87000274658203,55.61418914794922
2009-09-08,104.5999984741211,55.47100067138672
2009-09-09,104.56999969482422,55.4550666809082
2009-09-10,105.26000213623047,55.82101821899414
2009-09-11,106.20999908447266,56.324806213378906
2009-09-14,105.66999816894531,56.0384407043457
2009-09-15,105.61000061035156,56.00657653808594
2009-09-16,105.94000244140625,56.18160629272461
2009-09-17,106.45999908447266,56.45735549926758
2009-09-18,105.79000091552734,56.102073669433594
2009-09-21,106.04000091552734,56.23463821411133
2009-09-22,106.29000091552734,56.3671989440918
2009-09-23,106.33999633789062,56.393733978271484
2009-09-24,106.51000213623047,56.483863830566406
2009-09-25,106.91999816894531,56.70133590698242
2009-09-28,107.19000244140625,56.8444938659668
2009-09-29,106.7699966430664,56.62178421020508
2009-09-30,106.68000030517578,56.574066162109375
2009-10-01,105.12000274658203,55.99447250366211
2009-10-02,104.44000244140625,55.63226318359375
2009-10-05,105.0,55.930641174316406
2009-10-06,104.77999877929688,55.8133544921875
2009-10-07,105.44999694824219,56.170310974121094
2009-10-08,104.86000061035156,55.85599899291992
2009-10-09,103.94000244140625,55.36593246459961
2009-10-12,104.30000305175781,55.55769348144531
2009-10-13,104.5,55.66422653198242
2009-10-14,104.0,55.397918701171875
2009-10-15,103.9800033569336,55.38725662231445
2009-10-16,104.05999755859375,55.42986297607422
2009-10-19,104.58999633789062,55.712188720703125
2009-10-20,105.26000213623047,56.069061279296875
2009-10-21,104.81999969482422,55.83470916748047
2009-10-22,105.44000244140625,56.164913177490234
2009-10-23,104.86000061035156,55.85599899291992
2009-10-26,104.41999816894531,55.621604919433594
2009-10-27,105.31999969482422,56.10101318359375
2009-10-28,104.61000061035156,55.72284698486328
2009-10-29,104.73999786376953,55.79208755493164
2009-10-30,105.68000030517578,56.29280471801758
2009-11-02,105.04000091552734,56.20930862426758
2009-11-03,104.55999755859375,55.952457427978516
2009-11-04,104.97000122070312,56.171844482421875
2009-11-05,105.04000091552734,56.20930862426758
2009-11-06,105.31999969482422,56.359127044677734
2009-11-09,105.37999725341797,56.39128112792969
2009-11-10,105.30999755859375,56.35377883911133
2009-11-11,105.69999694824219,56.562469482421875
2009-11-12,105.69999694824219,56.562469482421875
2009-11-13,106.01000213623047,56.728355407714844
2009-11-16,106.51000213623047,56.99592590332031
2009-11-17,106.66999816894531,57.081607818603516
2009-11-18,106.31999969482422,56.894256591796875
2009-11-19,106.44999694824219,56.96385192871094
2009-11-20,105.94999694824219,56.6962776184082
2009-11-23,105.94999694824219,56.6962776184082
2009-11-24,106.36000061035156,56.91566467285156
2009-11-25,106.75,57.12438201904297
2009-11-27,106.72000122070312,57.10832214355469
2009-11-30,107.25,57.391902923583984
2009-12-01,106.26000213623047,57.10496520996094
2009-12-02,106.27999877929688,57.11571502685547
2009-12-03,106.25,57.09959411621094
2009-12-04,105.80999755859375,56.863128662109375
2009-12-07,105.76000213623047,56.836265563964844
2009-12-08,106.20999908447266,57.078086853027344
2009-12-09,105.5999984741211,56.750282287597656
2009-12-10,105.69000244140625,56.79861831665039
2009-12-11,105.19000244140625,56.52995300292969
2009-12-14,105.7699966430664,56.8416633605957
2009-12-15,105.01000213623047,56.43317794799805
2009-12-16,105.41000366210938,56.648189544677734
2009-12-17,105.86000061035156,56.889991760253906
2009-12-18,105.69000244140625,56.79861831665039
2009-12-21,105.18000030517578,56.52459716796875
2009-12-22,104.73999786376953,56.28809356689453
2009-12-23,105.06999969482422,56.465423583984375
2009-12-24,104.58000183105469,56.2021484375
2009-12-28,104.30000305175781,56.05160903930664
2009-12-29,104.18000030517578,56.22161102294922
2009-12-30,104.30000305175781,56.286380767822266
2009-12-31,104.1500015258789,56.205440521240234
2010-01-04,104.69999694824219,56.50224685668945
2010-01-05,105.19999694824219,56.772098541259766
2010-01-06,104.88999938964844,56.604766845703125
2010-01-07,105.0199966430664,56.67491149902344
2010-01-08,105.25,56.79905319213867
2010-01-11,105.36000061035156,56.858421325683594
2010-01-12,105.55999755859375,56.96633529663086
2010-01-13,105.12000274658203,56.728912353515625
2010-01-14,105.5,56.93399429321289
2010-01-15,105.45999908447266,56.91237258911133
2010-01-19,105.55000305175781,56.9609489440918
2010-01-20,105.4800033569336,56.923187255859375
2010-01-21,105.76000213623047,57.074310302734375
2010-01-22,105.5999984741211,56.987953186035156
2010-01-25,105.58999633789062,56.98255920410156
2010-01-26,105.30999755859375,56.83140182495117
2010-01-27,104.93000030517578,56.6263542175293
2010-01-28,104.77999877929688,56.5453987121582
2010-01-29,105.44999694824219,56.90700149536133
2010-02-01,104.52999877929688,56.65336990356445
2010-02-02,104.86000061035156,56.83220672607422
2010-02-03,104.75,56.7725830078125
2010-02-04,104.73999786376953,56.76716613769531
2010-02-05,104.41999816894531,56.593711853027344
2010-02-08,104.5199966430664,56.64793014526367
2010-02-09,104.27999877929688,56.51786422729492
2010-02-10,103.47000122070312,56.07882308959961
2010-02-11,103.70999908447266,56.20894241333008
2010-02-12,103.83000183105469,56.27396011352539
2010-02-16,104.23999786376953,56.49613952636719
2010-02-17,103.88999938964844,56.30649185180664
2010-02-18,103.81999969482422,56.26852035522461
2010-02-19,104.19000244140625,56.469024658203125
2010-02-22,104.25,56.50156784057617
2010-02-23,104.5,56.63709259033203
2010-02-24,104.94999694824219,56.8809814453125
2010-02-25,104.83999633789062,56.82136535644531
2010-02-26,105.52999877929688,57.195335388183594
2010-03-01,105.22000122070312,57.26883316040039
2010-03-02,105.44000244140625,57.38855743408203
2010-03-03,105.66000366210938,57.50827407836914
2010-03-04,105.70999908447266,57.535526275634766
2010-03-05,105.58000183105469,57.46474075317383
2010-03-08,105.75,57.55729293823242
2010-03-09,105.6500015258789,57.50286102294922
2010-03-10,105.75,57.55729293823242
2010-03-11,105.70999908447266,57.535526275634766
2010-03-12,105.93000030517578,57.655235290527344
2010-03-15,105.91000366210938,57.644344329833984
2010-03-16,106.4000015258789,57.91105651855469
2010-03-17,106.79000091552734,58.123313903808594
2010-03-18,106.58000183105469,58.00898361206055
2010-03-19,106.5,57.96548080444336
2010-03-22,106.66999816894531,58.05803680419922
2010-03-23,106.5999984741211,58.019901275634766
2010-03-24,105.80999755859375,57.5899658203125
2010-03-25,105.43000030517578,57.38309860229492
2010-03-26,105.75,57.55729293823242
2010-03-29,105.66000366210938,57.50827407836914
2010-03-30,105.72000122070312,57.54096221923828
2010-03-31,105.7699966430664,57.568153381347656
2010-04-01,105.52999877929688,57.693363189697266
2010-04-05,104.55999755859375,57.16304397583008
2010-04-06,104.80999755859375,57.299739837646484
2010-04-07,105.33999633789062,57.58948516845703
2010-04-08,105.13999938964844,57.48013687133789
2010-04-09,105.20999908447266,57.51838684082031
2010-04-12,105.51000213623047,57.682430267333984
2010-04-13,105.88999938964844,57.890159606933594
2010-04-14,105.80000305175781,57.840980529785156
2010-04-15,105.9800033569336,57.93934631347656
2010-04-16,106.2300033569336,58.0760383605957
2010-04-19,105.95999908447266,57.92842483520508
2010-04-20,106.19000244140625,58.05418395996094
2010-04-21,106.55999755859375,58.25642395019531
2010-04-22,106.31999969482422,58.125267028808594
2010-04-23,106.30000305175781,58.1142692565918
2010-04-26,106.3499984741211,58.141666412353516
2010-04-27,106.41999816894531,58.1799201965332
2010-04-28,106.5999984741211,58.278343200683594
2010-04-29,106.87000274658203,58.425907135009766
2010-04-30,107.30999755859375,58.6664924621582
2010-05-03,106.88999938964844,58.68407440185547
2010-05-04,107.0199966430664,58.75541305541992
2010-05-05,106.55999755859375,58.50284957885742
2010-05-06,104.80000305175781,57.53660583496094
2010-05-07,105.13999938964844,57.72327423095703
2010-05-10,105.80000305175781,58.08563232421875
2010-05-11,105.91000366210938,58.146018981933594
2010-05-12,105.87000274658203,58.12405014038086
2010-05-13,106.18000030517578,58.29426193237305
2010-05-14,106.1500015258789,58.27775573730469
2010-05-17,106.33000183105469,58.376625061035156
2010-05-18,106.66999816894531,58.56328582763672
2010-05-19,106.7300033569336,58.59621810913086
2010-05-20,106.48999786376953,58.464439392089844
2010-05-21,106.30999755859375,58.365638732910156
2010-05-24,106.58999633789062,58.51932907104492
2010-05-25,106.08000183105469,58.239322662353516
2010-05-26,106.1500015258789,58.27775573730469
2010-05-27,105.5999984741211,57.975833892822266
2010-05-28,105.45999908447266,57.898990631103516
2010-06-01,104.93000030517578,57.85100555419922
2010-06-02,105.30000305175781,58.054988861083984
2010-06-03,104.95999908447266,57.86751174926758
2010-06-04,105.5999984741211,58.22037124633789
2010-06-07,106.04000091552734,58.46293258666992
2010-06-08,106.04000091552734,58.46293258666992
2010-06-09,106.08000183105469,58.48499298095703
2010-06-10,105.63999938964844,58.24243927001953
2010-06-11,106.02999877929688,58.45744323730469
2010-06-14,105.83000183105469,58.34717559814453
2010-06-15,105.69999694824219,58.2755241394043
2010-06-16,105.80999755859375,58.336177825927734
2010-06-17,106.51000213623047,58.722103118896484
2010-06-18,106.5,58.71656036376953
2010-06-21,106.7699966430664,58.8654670715332
2010-06-22,107.29000091552734,59.152137756347656
2010-06-23,107.73999786376953,59.40022277832031
2010-06-24,107.30999755859375,59.163185119628906
2010-06-25,107.48999786376953,59.26238250732422
2010-06-28,108.08000183105469,59.587677001953125
2010-06-29,108.02999877929688,59.560142517089844
2010-06-30,108.45999908447266,59.797218322753906
2010-07-01,108.13999938964844,59.86360168457031
2010-07-02,107.83000183105469,59.691993713378906
2010-07-06,108.27999877929688,59.94108200073242
2010-07-07,108.3499984741211,59.97987747192383
2010-07-08,108.08000183105469,59.83039474487305
2010-07-09,107.94999694824219,59.758445739746094
2010-07-12,108.08000183105469,59.83039474487305
2010-07-13,108.13999938964844,59.86360168457031
2010-07-14,108.62000274658203,60.12934112548828
2010-07-15,108.80999755859375,60.23448944091797
2010-07-16,109.0,60.33968734741211
2010-07-19,108.9800033569336,60.32864761352539
2010-07-20,109.0999984741211,60.39502716064453
2010-07-21,109.62999725341797,60.6884651184082
2010-07-22,109.48999786376953,60.610931396484375
2010-07-23,109.62999725341797,60.6884651184082
2010-07-26,109.7300033569336,60.743804931640625
2010-07-27,109.36000061035156,60.53899383544922
2010-07-28,109.75,60.754859924316406
2010-07-29,109.79000091552734,60.77699661254883
2010-07-30,110.30000305175781,61.059329986572266
2010-08-02,109.62999725341797,60.92988204956055
2010-08-03,109.9000015258789,61.07990264892578
2010-08-04,109.55999755859375,60.89091873168945
2010-08-05,109.76000213623047,61.002105712890625
2010-08-06,110.38999938964844,61.35224151611328
2010-08-09,110.75,61.552371978759766
2010-08-10,110.61000061035156,61.47447967529297
2010-08-11,110.5999984741211,61.468936920166016
2010-08-12,110.20999908447266,61.252166748046875
2010-08-13,110.63999938964844,61.49120330810547
2010-08-16,111.86000061035156,62.169227600097656
2010-08-17,111.68000030517578,62.06916046142578
2010-08-18,111.77999877929688,62.124755859375
2010-08-19,111.9000015258789,62.19148635864258
2010-08-20,112.0999984741211,62.30262756347656
2010-08-23,112.33999633789062,62.43602752685547
2010-08-24,112.5999984741211,62.580482482910156
2010-08-25,112.80999755859375,62.697242736816406
2010-08-26,112.91000366210938,62.75276184082031
2010-08-27,111.88999938964844,62.18592071533203
2010-08-30,112.62000274658203,62.59165573120117
2010-08-31,113.0,62.802791595458984
2010-09-01,111.7300033569336,62.330848693847656
2010-09-02,111.58999633789062,62.252784729003906
2010-09-03,110.75,61.78418731689453
2010-09-07,111.56999969482422,62.24159240722656
2010-09-08,111.3499984741211,62.11886978149414
2010-09-09,110.7699966430664,61.79530334472656
2010-09-10,110.8499984741211,61.83993148803711
2010-09-13,111.0,61.92359161376953
2010-09-14,111.5199966430664,62.21364212036133
2010-09-15,111.33999633789062,62.11329650878906
2010-09-16,110.98999786376953,61.91801834106445
2010-09-17,111.3499984741211,62.11886978149414
2010-09-20,111.48999786376953,62.19694900512695
2010-09-21,112.33999633789062,62.67116928100586
2010-09-22,112.2699966430664,62.6320915222168
2010-09-23,112.3499984741211,62.676719665527344
2010-09-24,112.0999984741211,62.53729248046875
2010-09-27,112.68000030517578,62.86085510253906
2010-09-28,112.87999725341797,62.9724006652832
2010-09-29,112.7699966430664,62.9110221862793
2010-09-30,113.08999633789062,63.08949661254883
2010-10-01,112.11000061035156,62.78379821777344
2010-10-04,112.29000091552734,62.88460159301758
2010-10-05,112.5199966430664,63.01340866088867
2010-10-06,113.25,63.42219161987305
2010-10-07,113.22000122070312,63.40543746948242
2010-10-08,113.11000061035156,63.34384536743164
2010-10-11,113.20999908447266,63.399845123291016
2010-10-12,113.04000091552734,63.304603576660156
2010-10-13,112.9800033569336,63.270957946777344
2010-10-14,112.06999969482422,62.7613410949707
2010-10-15,111.36000061035156,62.363792419433594
2010-10-18,112.12999725341797,62.794960021972656
2010-10-19,112.13999938964844,62.80058670043945
2010-10-20,112.33999633789062,62.91261672973633
2010-10-21,112.04000091552734,62.74462890625
2010-10-22,112.18000030517578,62.822994232177734
2010-10-25,112.58000183105469,63.04698944091797
2010-10-26,111.9800033569336,62.71097946166992
2010-10-27,111.69000244140625,62.548580169677734
2010-10-28,112.13999938964844,62.80058670043945
2010-10-29,112.36000061035156,62.92382049560547
2010-11-01,111.88999938964844,62.90244674682617
2010-11-02,112.41000366210938,63.19478225708008
2010-11-03,112.04000091552734,62.98676681518555
2010-11-04,113.0999984741211,63.58268737792969
2010-11-05,112.73999786376953,63.38021469116211
2010-11-08,112.80000305175781,63.413970947265625
2010-11-09,111.95999908447266,62.94178771972656
2010-11-10,111.72000122070312,62.806854248046875
2010-11-11,111.2300033569336,62.531410217285156
2010-11-12,110.44999694824219,62.09286880493164
2010-11-15,109.23999786376953,61.41261672973633
2010-11-16,109.81999969482422,61.73869705200195
2010-11-17,109.81999969482422,61.73869705200195
2010-11-18,109.9000015258789,61.783721923828125
2010-11-19,110.27999877929688,61.997291564941406
2010-11-22,110.88999938964844,62.34024429321289
2010-11-23,110.94999694824219,62.37397766113281
2010-11-24,110.04000091552734,61.862369537353516
2010-11-26,110.18000030517578,61.94110870361328
2010-11-29,110.29000091552734,62.002906799316406
2010-11-30,110.12000274658203,61.90736389160156
2010-12-01,109.44999694824219,61.769676208496094
2010-12-02,109.20999908447266,61.634193420410156
2010-12-03,108.9000015258789,61.45927429199219
2010-12-06,109.66000366210938,61.888160705566406
2010-12-07,108.63999938964844,61.31257629394531
2010-12-08,107.94000244140625,60.91745376586914
2010-12-09,108.19999694824219,61.06423568725586
2010-12-10,107.69999694824219,60.7819938659668
2010-12-13,108.0999984741211,61.007781982421875
2010-12-14,107.44000244140625,60.63529586791992
2010-12-15,106.7699966430664,60.25714874267578
2010-12-16,107.29000091552734,60.550621032714844
2010-12-17,108.2699966430664,61.10371780395508
2010-12-20,108.19999694824219,61.06423568725586
2010-12-21,108.43000030517578,61.19401168823242
2010-12-22,108.33999633789062,61.14322280883789
2010-12-23,108.38999938964844,61.171485900878906
2010-12-27,108.5999984741211,61.289947509765625
2010-12-28,107.30999755859375,60.801509857177734
2010-12-29,108.12000274658203,61.260501861572266
2010-12-30,108.16999816894531,61.288818359375
2010-12-31,108.44000244140625,61.44180679321289
2011-01-03,108.86000061035156,61.67977523803711
2011-01-04,109.0,61.75910568237305
2011-01-05,108.19999694824219,61.30584716796875
2011-01-06,108.36000061035156,61.39649200439453
2011-01-07,108.91000366210938,61.708091735839844
2011-01-10,109.0999984741211,61.81575393676758
2011-01-11,109.05000305175781,61.78739929199219
2011-01-12,108.9800033569336,61.747764587402344
2011-01-13,109.44999694824219,62.01405334472656
2011-01-14,108.93000030517578,61.719417572021484
2011-01-18,108.87000274658203,61.685428619384766
2011-01-19,108.79000091552734,61.64014434814453
2011-01-20,108.31999969482422,61.373802185058594
2011-01-21,108.4800033569336,61.46444320678711
2011-01-24,108.52999877929688,61.4927978515625
2011-01-25,109.06999969482422,61.798763275146484
2011-01-26,108.45999908447266,61.4531364440918
2011-01-27,108.63999938964844,61.5551643371582
2011-01-28,108.77999877929688,61.63445281982422
2011-01-31,108.4800033569336,61.46444320678711
2011-02-01,107.91000366210938,61.38313293457031
2011-02-02,107.69999694824219,61.263633728027344
2011-02-03,107.44000244140625,61.115753173828125
2011-02-04,107.11000061035156,60.928062438964844
2011-02-07,107.2300033569336,60.99631118774414
2011-02-08,106.83999633789062,60.77445983886719
2011-02-09,107.52999877929688,61.166961669921875
2011-02-10,107.0,60.86549758911133
2011-02-11,107.58999633789062,61.20109558105469
2011-02-14,107.66000366210938,61.24090576171875
2011-02-15,107.9000015258789,61.377445220947266
2011-02-16,107.7699966430664,61.3034782409668
2011-02-17,107.97000122070312,61.4172477722168
2011-02-18,108.12999725341797,61.50824737548828
2011-02-22,108.43000030517578,61.678924560546875
2011-02-23,108.30000305175781,61.6049919128418
2011-02-24,108.41999816894531,61.673248291015625
2011-02-25,108.93000030517578,61.96333312988281
2011-02-28,109.22000122070312,62.1282958984375
2011-03-01,108.79000091552734,62.12942886352539
2011-03-02,108.20999908447266,61.79820251464844
2011-03-03,107.75,61.535518646240234
2011-03-04,108.16000366210938,61.76966094970703
2011-03-07,107.88999938964844,61.615447998046875
2011-03-08,107.75,61.535518646240234
2011-03-09,108.30999755859375,61.85533142089844
2011-03-10,108.75,62.10657501220703
2011-03-11,108.6500015258789,62.04945755004883
2011-03-14,108.7699966430664,62.118011474609375
2011-03-15,108.76000213623047,62.11231994628906
2011-03-16,109.41000366210938,62.48347854614258
2011-03-17,109.33999633789062,62.44352722167969
2011-03-18,109.41000366210938,62.48347854614258
2011-03-21,109.05999755859375,62.28359603881836
2011-03-22,109.26000213623047,62.397865295410156
2011-03-23,109.19000244140625,62.35785675048828
2011-03-24,108.83000183105469,62.152305603027344
2011-03-25,108.66999816894531,62.060916900634766
2011-03-28,108.70999908447266,62.08369827270508
2011-03-29,108.18000030517578,61.781063079833984
2011-03-30,108.55000305175781,61.992340087890625
2011-03-31,108.19999694824219,61.7924690246582
2011-04-01,108.27999877929688,62.08433151245117
2011-04-04,108.52999877929688,62.22764205932617
2011-04-05,108.58999633789062,62.26209259033203
2011-04-06,108.23999786376953,62.0613899230957
2011-04-07,108.08000183105469,61.969627380371094
2011-04-08,108.0199966430664,61.935264587402344
2011-04-11,108.02999877929688,61.941009521484375
2011-04-12,108.41000366210938,62.15889358520508
2011-04-13,108.5999984741211,62.26778030395508
2011-04-14,108.33000183105469,62.11302185058594
2011-04-15,108.9000015258789,62.43984603881836
2011-04-18,109.05000305175781,62.525848388671875
2011-04-19,109.27999877929688,62.657745361328125
2011-04-20,109.33000183105469,62.6864013671875
2011-04-21,109.43000030517578,62.74368667602539
2011-04-25,109.54000091552734,62.806793212890625
2011-04-26,110.05000305175781,63.09920120239258
2011-04-27,109.91000366210938,63.01892852783203
2011-04-28,110.26000213623047,63.219573974609375
2011-04-29,110.47000122070312,63.340030670166016
2011-05-02,110.30000305175781,63.48790740966797
2011-05-03,110.25,63.45918655395508
2011-05-04,110.41000366210938,63.551265716552734
2011-05-05,110.79000091552734,63.7700080871582
2011-05-06,110.79000091552734,63.7700080871582
2011-05-09,110.9000015258789,63.8332633972168
2011-05-10,110.44999694824219,63.5743293762207
2011-05-11,110.62999725341797,63.677879333496094
2011-05-12,110.37000274658203,63.52824783325195
2011-05-13,110.69999694824219,63.71819305419922
2011-05-16,111.0199966430664,63.902374267578125
2011-05-17,111.16999816894531,63.98869705200195
2011-05-18,110.88999938964844,63.82749557495117
2011-05-19,111.08000183105469,63.93690872192383
2011-05-20,111.0,63.890846252441406
2011-05-23,110.93000030517578,63.8505744934082
2011-05-24,111.06999969482422,63.9311637878418
2011-05-25,110.8499984741211,63.80451965332031
2011-05-26,111.33000183105469,64.08081817626953
2011-05-27,111.44999694824219,64.14987182617188
2011-05-31,111.44000244140625,64.14412689208984
2011-06-01,111.56999969482422,64.46480560302734
2011-06-02,110.55999755859375,63.88127136230469
2011-06-03,110.80000305175781,64.01991271972656
2011-06-06,110.61000061035156,63.910091400146484
2011-06-07,110.98999786376953,64.12962341308594
2011-06-08,111.05999755859375,64.17013549804688
2011-06-09,110.76000213623047,63.996788024902344
2011-06-10,110.62999725341797,63.92166519165039
2011-06-13,110.75,63.99102783203125
2011-06-14,110.41999816894531,63.80034637451172
2011-06-15,111.02999877929688,64.15274810791016
2011-06-16,110.81999969482422,64.03144836425781
2011-06-17,110.86000061035156,64.05455017089844
2011-06-20,110.87999725341797,64.06609344482422
2011-06-21,110.8499984741211,64.04878234863281
2011-06-22,111.0,64.13543701171875
2011-06-23,111.29000091552734,64.3030014038086
2011-06-24,111.3499984741211,64.33769989013672
2011-06-27,110.98999786376953,64.12962341308594
2011-06-28,110.22000122070312,63.68475341796875
2011-06-29,109.97000122070312,63.540340423583984
2011-06-30,110.12999725341797,63.63275146484375
2011-07-01,109.70999908447266,63.63628005981445
2011-07-05,110.0999984741211,63.862491607666016
2011-07-06,110.33000183105469,63.99586486816406
2011-07-07,110.36000061035156,64.0132827758789
2011-07-08,111.06999969482422,64.42510223388672
2011-07-11,111.44000244140625,64.63973236083984
2011-07-12,111.52999877929688,64.69194793701172
2011-07-13,111.80999755859375,64.85431671142578
2011-07-14,111.12000274658203,64.4540786743164
2011-07-15,111.37000274658203,64.5991439819336
2011-07-18,110.94000244140625,64.34970092773438
2011-07-19,111.4800033569336,64.66291809082031
2011-07-20,111.22000122070312,64.51212310791016
2011-07-21,111.05000305175781,64.41353607177734
2011-07-22,111.5,64.67453002929688
2011-07-25,110.97000122070312,64.36710357666016
2011-07-26,111.45999908447266,64.65129089355469
2011-07-27,111.12999725341797,64.45989227294922
2011-07-28,111.37000274658203,64.5991439819336
2011-07-29,112.37000274658203,65.17913055419922
2011-08-01,112.27999877929688,65.37186431884766
2011-08-02,113.22000122070312,65.91922760009766
2011-08-03,113.18000030517578,65.8958740234375
2011-08-04,114.0,66.3733139038086
2011-08-05,112.58999633789062,65.5523681640625
2011-08-08,111.5199966430664,64.92942810058594
2011-08-09,112.5199966430664,65.5115966796875
2011-08-10,113.52999877929688,66.09967803955078
2011-08-11,111.19999694824219,64.74304962158203
2011-08-12,112.47000122070312,65.48252868652344
2011-08-15,112.68000030517578,65.60478210449219
2011-08-16,113.08999633789062,65.84346771240234
2011-08-17,113.4000015258789,66.02397918701172
2011-08-18,113.55000305175781,66.11131286621094
2011-08-19,113.41000366210938,66.02977752685547
2011-08-22,112.98999786376953,65.78524780273438
2011-08-23,111.69999694824219,65.03417205810547
2011-08-24,110.37999725341797,64.26560974121094
2011-08-25,110.98999786376953,64.62076568603516
2011-08-26,111.04000091552734,64.64990997314453
2011-08-29,111.4000015258789,64.85946655273438
2011-08-30,111.98999786376953,65.20299530029297
2011-08-31,112.33000183105469,65.40093231201172
2011-09-01,112.0,65.44944763183594
2011-09-02,112.69000244140625,65.8526840209961
2011-09-06,113.3499984741211,66.23841857910156
2011-09-07,113.56999969482422,66.3669204711914
2011-09-08,113.47000122070312,66.3084945678711
2011-09-09,113.58999633789062,66.3786392211914
2011-09-12,112.9000015258789,65.97538757324219
2011-09-13,112.87999725341797,65.96373748779297
2011-09-14,112.83000183105469,65.93450164794922
2011-09-15,112.44000244140625,65.70661163330078
2011-09-16,112.44000244140625,65.70661163330078
2011-09-19,113.05999755859375,66.06895446777344
2011-09-20,113.11000061035156,66.09815216064453
2011-09-21,113.37000274658203,66.25004577636719
2011-09-22,113.58999633789062,66.3786392211914
2011-09-23,112.88999938964844,65.96953582763672
2011-09-26,112.68000030517578,65.84687805175781
2011-09-27,112.31999969482422,65.63646697998047
2011-09-28,111.87000274658203,65.37346649169922
2011-09-29,111.75,65.30339813232422
2011-09-30,112.30999755859375,65.6306381225586
2011-10-03,112.0999984741211,65.75262451171875
2011-10-04,111.12000274658203,65.17784881591797
2011-10-05,111.58000183105469,65.4476547241211
2011-10-06,111.12999725341797,65.18367004394531
2011-10-07,111.02999877929688,65.125
2011-10-10,111.23999786376953,65.24823760986328
2011-10-11,111.54000091552734,65.42422485351562
2011-10-12,111.70999908447266,65.52384948730469
2011-10-13,111.80999755859375,65.5825424194336
2011-10-14,111.73999786376953,65.54150390625
2011-10-17,111.66000366210938,65.49457550048828
2011-10-18,112.05000305175781,65.72332000732422
2011-10-19,112.33999633789062,65.89340209960938
2011-10-20,112.58999633789062,66.0400390625
2011-10-21,112.95999908447266,66.25704193115234
2011-10-24,113.54000091552734,66.5972671508789
2011-10-25,114.0999984741211,66.9257583618164
2011-10-26,114.0199966430664,66.87879943847656
2011-10-27,114.0,66.86709594726562
2011-10-28,114.44000244140625,67.12517547607422
2011-10-31,114.69999694824219,67.27765655517578
2011-11-01,114.87000274658203,67.6143798828125
2011-11-02,115.29000091552734,67.86158752441406
2011-11-03,115.3499984741211,67.89689636230469
2011-11-04,115.58000183105469,68.03224182128906
2011-11-07,115.12000274658203,67.76152038574219
2011-11-08,114.41000366210938,67.34361267089844
2011-11-09,114.11000061035156,67.16702270507812
2011-11-10,113.54000091552734,66.83148193359375
2011-11-11,113.33999633789062,66.71377563476562
2011-11-14,113.33000183105469,66.70790100097656
2011-11-15,113.22000122070312,66.64315032958984
2011-11-16,112.86000061035156,66.4312515258789
2011-11-17,111.97000122070312,65.9073715209961
2011-11-18,112.1500015258789,66.01334381103516
2011-11-21,111.69000244140625,65.74259948730469
2011-11-22,111.4000015258789,65.57182312011719
2011-11-23,110.83000183105469,65.23632049560547
2011-11-25,110.38999938964844,64.97736358642578
2011-11-28,110.44000244140625,65.00679016113281
2011-11-29,110.19000244140625,64.85964965820312
2011-11-30,110.69000244140625,65.15400695800781
2011-12-01,110.55999755859375,65.30516052246094
2011-12-02,111.5,65.86043548583984
2011-12-05,112.33000183105469,66.35067749023438
2011-12-06,111.7300033569336,65.99629974365234
2011-12-07,112.43000030517578,66.40971374511719
2011-12-08,112.05000305175781,66.185302734375
2011-12-09,111.62000274658203,65.9312973022461
2011-12-12,111.62999725341797,65.93719482421875
2011-12-13,112.01000213623047,66.16162109375
2011-12-14,112.19999694824219,66.27384948730469
2011-12-15,112.37999725341797,66.38020324707031
2011-12-16,113.01000213623047,66.75230407714844
2011-12-19,113.41000366210938,66.98857879638672
2011-12-20,113.33000183105469,66.94129943847656
2011-12-21,112.8499984741211,66.65778350830078
2011-12-22,113.44000244140625,67.00628662109375
2011-12-23,113.08999633789062,66.79959869384766
2011-12-27,113.12999725341797,67.05329132080078
2011-12-28,113.33999633789062,67.17771911621094
2011-12-29,113.27999877929688,67.14215850830078
2011-12-30,113.76000213623047,67.42670440673828
2012-01-03,113.66999816894531,67.37330627441406
2012-01-04,113.76000213623047,67.42670440673828
2012-01-05,113.2699966430664,67.13619232177734
2012-01-06,113.70999908447266,67.39703369140625
2012-01-09,113.54000091552734,67.29621124267578
2012-01-10,113.86000061035156,67.48595428466797
2012-01-11,113.83999633789062,67.47408294677734
2012-01-12,114.0999984741211,67.62820434570312
2012-01-13,114.51000213623047,67.87117004394531
2012-01-17,114.86000061035156,68.07867431640625
2012-01-18,114.62999725341797,67.94229125976562
2012-01-19,114.5999984741211,67.92454528808594
2012-01-20,114.30999755859375,67.75270080566406
2012-01-23,114.13999938964844,67.65190124511719
2012-01-24,114.55000305175781,67.89486694335938
2012-01-25,114.94000244140625,68.12605285644531
2012-01-26,115.83999633789062,68.65950775146484
2012-01-27,116.01000213623047,68.76021575927734
2012-01-30,115.86000061035156,68.6713638305664
2012-01-31,116.19999694824219,68.87284088134766
2012-02-01,116.2699966430664,69.14706420898438
2012-02-02,116.51000213623047,69.28974151611328
2012-02-03,116.33999633789062,69.18867492675781
2012-02-06,116.63999938964844,69.36709594726562
2012-02-07,116.41999816894531,69.23625946044922
2012-02-08,116.54000091552734,69.3076171875
2012-02-09,116.16999816894531,69.08755493164062
2012-02-10,116.05999755859375,69.02218627929688
2012-02-13,116.45999908447266,69.26005554199219
2012-02-14,116.55000305175781,69.31354522705078
2012-02-15,116.38999938964844,69.2184066772461
2012-02-16,116.19000244140625,69.09949493408203
2012-02-17,116.01000213623047,68.9924087524414
2012-02-21,115.81999969482422,68.87940979003906
2012-02-22,116.54000091552734,69.3076171875
2012-02-23,116.69999694824219,69.40274047851562
2012-02-24,116.79000091552734,69.4563217163086
2012-02-27,117.22000122070312,69.71199798583984
2012-02-28,117.58999633789062,69.9320297241211
2012-02-29,117.69999694824219,69.99748992919922
2012-03-01,117.0199966430664,69.83220672607422
2012-03-02,117.05999755859375,69.85602569580078
2012-03-05,116.8499984741211,69.73072814941406
2012-03-06,116.66999816894531,69.62329864501953
2012-03-07,116.62000274658203,69.59354400634766
2012-03-08,116.63999938964844,69.60539245605469
2012-03-09,116.58000183105469,69.56962585449219
2012-03-12,116.3499984741211,69.43233489990234
2012-03-13,116.02999877929688,69.24136352539062
2012-03-14,114.6500015258789,68.4178466796875
2012-03-15,114.4000015258789,68.2686538696289
2012-03-16,114.56999969482422,68.3701400756836
2012-03-19,114.41000366210938,68.27462768554688
2012-03-20,114.33999633789062,68.23286437988281
2012-03-21,114.86000061035156,68.54322814941406
2012-03-22,114.66999816894531,68.42980194091797
2012-03-23,114.76000213623047,68.48352813720703
2012-03-26,115.01000213623047,68.6327133178711
2012-03-27,115.9000015258789,69.16384887695312
2012-03-28,115.68000030517578,69.03254699707031
2012-03-29,115.91000366210938,69.16978454589844
2012-03-30,115.62999725341797,69.00275421142578
2012-04-02,115.52999877929688,69.18054962158203
2012-04-03,114.43000030517578,68.52183532714844
2012-04-04,114.6500015258789,68.65357971191406
2012-04-05,114.83999633789062,68.76734924316406
2012-04-09,115.58999633789062,69.2164077758789
2012-04-10,115.5199966430664,69.17452239990234
2012-04-11,115.4000015258789,69.10266876220703
2012-04-12,115.44999694824219,69.13261413574219
2012-04-13,116.0,69.46195983886719
2012-04-16,116.0,69.46195983886719
2012-04-17,116.1500015258789,69.55179595947266
2012-04-18,116.12999725341797,69.53980255126953
2012-04-19,116.20999908447266,69.58771514892578
2012-04-20,116.18000030517578,69.56974792480469
2012-04-23,116.19999694824219,69.58174896240234
2012-04-24,115.98999786376953,69.45598602294922
2012-04-25,116.19000244140625,69.57573699951172
2012-04-26,116.37999725341797,69.68951416015625
2012-04-27,116.55000305175781,69.79129028320312
2012-04-30,116.4800033569336,69.74942779541016
2012-05-01,115.87000274658203,69.61665344238281
2012-05-02,116.25,69.84492492675781
2012-05-03,116.31999969482422,69.88694763183594
2012-05-04,116.44999694824219,69.96509552001953
2012-05-07,116.6500015258789,70.08525085449219
2012-05-08,116.94000244140625,70.25946044921875
2012-05-09,116.73999786376953,70.13932037353516
2012-05-10,116.5,69.99516296386719
2012-05-11,116.8499984741211,70.20543670654297
2012-05-14,116.87999725341797,70.2234878540039
2012-05-15,116.7300033569336,70.13334655761719
2012-05-16,116.79000091552734,70.16939544677734
2012-05-17,115.91999816894531,69.64666748046875
2012-05-18,115.47000122070312,69.37628173828125
2012-05-21,115.5999984741211,69.45439910888672
2012-05-22,115.29000091552734,69.26821899414062
2012-05-23,115.56999969482422,69.43638610839844
2012-05-24,115.58999633789062,69.44841003417969
2012-05-25,115.87999725341797,69.62265014648438
2012-05-29,116.05000305175781,69.72478485107422
2012-05-30,116.1500015258789,69.78486633300781
2012-05-31,116.97000122070312,70.27748107910156
2012-06-01,117.29000091552734,70.70918273925781
2012-06-04,116.4000015258789,70.17263793945312
2012-06-05,116.1500015258789,70.02192687988281
2012-06-06,115.80999755859375,69.81690979003906
2012-06-07,116.05000305175781,69.9616470336914
2012-06-08,116.4800033569336,70.22090911865234
2012-06-11,116.45999908447266,70.20879364013672
2012-06-12,116.12000274658203,70.00385284423828
2012-06-13,116.54000091552734,70.25703430175781
2012-06-14,116.4000015258789,70.17263793945312
2012-06-15,116.87999725341797,70.46205139160156
2012-06-18,116.83000183105469,70.43183135986328
2012-06-19,116.72000122070312,70.36553955078125
2012-06-20,116.7699966430664,70.39569854736328
2012-06-21,116.94999694824219,70.50421905517578
2012-06-22,116.86000061035156,70.44996643066406
2012-06-25,117.16000366210938,70.63081359863281
2012-06-26,117.27999877929688,70.70310974121094
2012-06-27,117.44000244140625,70.79959106445312
2012-06-28,117.62000274658203,70.90809631347656
2012-06-29,117.58999633789062,70.8900146484375
2012-07-02,117.81999969482422,71.26626586914062
2012-07-03,117.91999816894531,71.32675170898438
2012-07-05,118.22000122070312,71.50820922851562
2012-07-06,118.5199966430664,71.68970489501953
2012-07-09,118.5999984741211,71.738037109375
2012-07-10,118.56999969482422,71.71990203857422
2012-07-11,118.7699966430664,71.84093475341797
2012-07-12,119.37000274658203,72.20381164550781
2012-07-13,119.41000366210938,72.22804260253906
2012-07-16,119.73999786376953,72.42762756347656
2012-07-17,119.73999786376953,72.42762756347656
2012-07-18,120.4000015258789,72.82682800292969
2012-07-19,120.61000061035156,72.95386505126953
2012-07-20,120.69999694824219,73.00833129882812
2012-07-23,120.30999755859375,72.77239990234375
2012-07-24,120.5,72.88732147216797
2012-07-25,120.7300033569336,73.02641296386719
2012-07-26,120.91999816894531,73.14137268066406
2012-07-27,120.3499984741211,72.79660034179688
2012-07-30,120.66000366210938,72.98410034179688
2012-07-31,121.27999877929688,73.35910034179688
2012-08-01,120.76000213623047,73.27720642089844
2012-08-02,120.83999633789062,73.32579040527344
2012-08-03,120.55000305175781,73.14979553222656
2012-08-06,120.70999908447266,73.24687957763672
2012-08-07,120.08000183105469,72.86459350585938
2012-08-08,119.73999786376953,72.65827941894531
2012-08-09,119.66000366210938,72.60969543457031
2012-08-10,120.0,72.81603240966797
2012-08-13,119.75,72.6643295288086
2012-08-14,119.20999908447266,72.33667755126953
2012-08-15,118.6500015258789,71.99688720703125
2012-08-16,118.30000305175781,71.78450775146484
2012-08-17,118.45999908447266,71.88156127929688
2012-08-20,118.79000091552734,72.08181762695312
2012-08-21,118.98999786376953,72.20318603515625
2012-08-22,119.66999816894531,72.61579895019531
2012-08-23,119.76000213623047,72.67042541503906
2012-08-24,119.88999938964844,72.74933624267578
2012-08-27,120.04000091552734,72.84031677246094
2012-08-28,120.20999908447266,72.94345092773438
2012-08-29,119.95999908447266,72.79175567626953
2012-08-30,120.0,72.81603240966797
2012-08-31,120.83000183105469,73.31964874267578
2012-09-04,120.16000366210938,73.14620971679688
2012-09-05,120.20999908447266,73.17665100097656
2012-09-06,119.68000030517578,72.8540267944336
2012-09-07,119.93000030517578,73.00618743896484
2012-09-10,119.91999816894531,73.00008392333984
2012-09-11,120.0199966430664,73.06098175048828
2012-09-12,119.77999877929688,72.91488647460938
2012-09-13,120.41999816894531,73.30442810058594
2012-09-14,119.69999694824219,72.86620330810547
2012-09-17,120.11000061035156,73.11570739746094
2012-09-18,120.4800033569336,73.34101867675781
2012-09-19,120.68000030517578,73.46275329589844
2012-09-20,120.58000183105469,73.40186309814453
2012-09-21,120.80000305175781,73.53575897216797
2012-09-24,120.9800033569336,73.64537048339844
2012-09-25,121.22000122070312,73.7914810180664
2012-09-26,121.55999755859375,73.99842834472656
2012-09-27,121.5,73.96192932128906
2012-09-28,121.7699966430664,74.1262435913086
2012-10-01,121.70999908447266,74.3241195678711
2012-10-02,121.75,74.34856414794922
2012-10-03,121.83000183105469,74.39739227294922
2012-10-04,121.7300033569336,74.33633422851562
2012-10-05,121.54000091552734,74.22028350830078
2012-10-08,121.86000061035156,74.41571044921875
2012-10-09,121.98999786376953,74.49515533447266
2012-10-10,122.20999908447266,74.62943267822266
2012-10-11,122.61000061035156,74.87368774414062
2012-10-12,122.75,74.9592056274414
2012-10-15,123.12999725341797,75.19129943847656
2012-10-16,123.05000305175781,75.14241027832031
2012-10-17,122.80999755859375,74.99586486816406
2012-10-18,122.58000183105469,74.85540771484375
2012-10-19,122.80000305175781,74.98978424072266
2012-10-22,122.51000213623047,74.8126449584961
2012-10-23,122.72000122070312,74.94090270996094
2012-10-24,122.38999938964844,74.7393569946289
2012-10-25,122.04000091552734,74.52565002441406
2012-10-26,122.63999938964844,74.89202880859375
2012-10-31,123.0199966430664,75.12409210205078
2012-11-01,122.4800033569336,74.7943115234375
2012-11-02,122.23999786376953,74.64775848388672
2012-11-05,122.30000305175781,74.68439483642578
2012-11-06,121.70999908447266,74.3241195678711
2012-11-07,121.95999908447266,74.47685241699219
2012-11-08,121.83999633789062,74.40350341796875
2012-11-09,121.54000091552734,74.22028350830078
2012-11-12,121.55999755859375,74.23249053955078
2012-11-13,121.61000061035156,74.26301574707031
2012-11-14,121.86000061035156,74.41571044921875
2012-11-15,121.62000274658203,74.2691879272461
2012-11-16,121.66000366210938,74.29357147216797
2012-11-19,122.04000091552734,74.52565002441406
2012-11-20,121.66000366210938,74.29357147216797
2012-11-21,121.75,74.34856414794922
2012-11-23,121.80000305175781,74.37908172607422
2012-11-26,122.0,74.50120544433594
2012-11-27,122.06999969482422,74.54396057128906
2012-11-28,122.05000305175781,74.53173065185547
2012-11-29,122.13999938964844,74.58673858642578
2012-11-30,122.12999725341797,74.58057403564453
2012-12-03,121.88999938964844,74.66324615478516
2012-12-04,122.0,74.73065185546875
2012-12-05,122.25,74.88381958007812
2012-12-06,122.2300033569336,74.87155151367188
2012-12-07,121.94000244140625,74.69392395019531
2012-12-10,122.05000305175781,74.76129913330078
2012-12-11,121.5999984741211,74.48564910888672
2012-12-12,121.2300033569336,74.2590103149414
2012-12-13,121.04000091552734,74.14264678955078
2012-12-14,121.12999725341797,74.19773864746094
2012-12-17,120.73999786376953,73.95887756347656
2012-12-18,120.44000244140625,73.77507781982422
2012-12-19,120.91000366210938,74.06298065185547
2012-12-20,121.02999877929688,74.1364974975586
2012-12-21,121.23999786376953,74.26515197753906
2012-12-24,121.16000366210938,74.21613311767578
2012-12-26,120.97000122070312,74.32181549072266
2012-12-27,121.36000061035156,74.5614013671875
2012-12-28,121.62999725341797,74.7273178100586
2012-12-31,120.98999786376953,74.33406066894531
2013-01-02,121.2699966430664,74.50611877441406
2013-01-03,120.61000061035156,74.10065460205078
2013-01-04,120.55000305175781,74.06379699707031
2013-01-07,120.75,74.18670654296875
2013-01-08,120.86000061035156,74.25421142578125
2013-01-09,120.81999969482422,74.22962188720703
2013-01-10,120.87999725341797,74.26647186279297
2013-01-11,121.0999984741211,74.40166473388672
2013-01-14,120.86000061035156,74.25421142578125
2013-01-15,120.76000213623047,74.19279479980469
2013-01-16,120.76000213623047,74.19279479980469
2013-01-17,120.55000305175781,74.06379699707031
2013-01-18,120.66999816894531,74.13744354248047
2013-01-22,120.66999816894531,74.13744354248047
2013-01-23,120.81999969482422,74.22962188720703
2013-01-24,120.6500015258789,74.12519073486328
2013-01-25,120.0999984741211,73.78728485107422
2013-01-28,120.0,73.72588348388672
2013-01-29,119.7300033569336,73.55996704101562
2013-01-30,119.33000183105469,73.31417846679688
2013-01-31,119.41999816894531,73.3695297241211
2013-02-01,118.73999786376953,73.17906951904297
2013-02-04,119.13999938964844,73.42554473876953
2013-02-05,118.9000015258789,73.27769470214844
2013-02-06,119.20999908447266,73.46875762939453
2013-02-07,119.25,73.49341583251953
2013-02-08,119.51000213623047,73.65363311767578
2013-02-11,119.44999694824219,73.61666870117188
2013-02-12,119.33000183105469,73.54268646240234
2013-02-13,119.05000305175781,73.37014770507812
2013-02-14,119.37999725341797,73.57351684570312
2013-02-15,119.33000183105469,73.54268646240234
2013-02-19,119.30000305175781,73.52420806884766
2013-02-20,119.5,73.6474609375
2013-02-21,119.69000244140625,73.76459503173828
2013-02-22,119.7699966430664,73.81382751464844
2013-02-25,120.4800033569336,74.25142669677734
2013-02-26,120.33000183105469,74.15901184082031
2013-02-27,120.29000091552734,74.13434600830078
2013-02-28,120.33000183105469,74.15901184082031
2013-03-01,120.2300033569336,74.32837677001953
2013-03-04,120.13999938964844,74.27272033691406
2013-03-05,119.94000244140625,74.14909362792969
2013-03-06,119.58999633789062,73.93272399902344
2013-03-07,119.19999694824219,73.69161987304688
2013-03-08,118.77999877929688,73.4319839477539
2013-03-11,118.86000061035156,73.48143768310547
2013-03-12,119.0999984741211,73.62979125976562
2013-03-13,118.98999786376953,73.56175994873047
2013-03-14,119.04000091552734,73.59271240234375
2013-03-15,119.19999694824219,73.69161987304688
2013-03-18,119.48999786376953,73.87092590332031
2013-03-19,119.69000244140625,73.99455261230469
2013-03-20,119.33999633789062,73.77816772460938
2013-03-21,119.45999908447266,73.8523941040039
2013-03-22,119.47000122070312,73.85855102539062
2013-03-25,119.47000122070312,73.85855102539062
2013-03-26,119.55000305175781,73.90798950195312
2013-03-27,119.97000122070312,74.16767120361328
2013-03-28,119.9000015258789,74.12435913085938
2013-04-01,119.36000061035156,74.0177001953125
2013-04-02,119.3499984741211,74.01152038574219
2013-04-03,119.83000183105469,74.3091812133789
2013-04-04,120.47000122070312,74.70609283447266
2013-04-05,120.83999633789062,74.93549346923828
2013-04-08,120.94999694824219,75.00372314453125
2013-04-09,121.06999969482422,75.07811737060547
2013-04-10,120.75,74.87968444824219
2013-04-11,120.83000183105469,74.92928314208984
2013-04-12,121.43000030517578,75.30134582519531
2013-04-15,121.47000122070312,75.32618713378906
2013-04-16,121.25,75.18976593017578
2013-04-17,121.41999816894531,75.29519653320312
2013-04-18,121.52999877929688,75.36335754394531
2013-04-19,121.70999908447266,75.47501373291016
2013-04-22,121.75,75.49982452392578
2013-04-23,121.91000366210938,75.59904479980469
2013-04-24,121.95999908447266,75.63003540039062
2013-04-25,121.88999938964844,75.58662414550781
2013-04-26,122.33000183105469,75.8594970703125
2013-04-29,122.33999633789062,75.86565399169922
2013-04-30,122.12999725341797,75.73543548583984
2013-05-01,122.30999755859375,76.07254791259766
2013-05-02,122.30999755859375,76.07254791259766
2013-05-03,121.16000366210938,75.35733032226562
2013-05-06,121.13999938964844,75.34489440917969
2013-05-07,121.05000305175781,75.28885650634766
2013-05-08,121.16000366210938,75.35733032226562
2013-05-09,120.9000015258789,75.19562530517578
2013-05-10,120.2699966430664,74.80374145507812
2013-05-13,119.95999908447266,74.61091613769531
2013-05-14,119.63999938964844,74.41195678710938
2013-05-15,120.05999755859375,74.67311096191406
2013-05-16,120.61000061035156,75.01520538330078
2013-05-17,120.08999633789062,74.6917495727539
2013-05-20,119.94999694824219,74.60472106933594
2013-05-21,120.4000015258789,74.88461303710938
2013-05-22,119.44999694824219,74.293701171875
2013-05-23,119.56999969482422,74.36836242675781
2013-05-24,119.48999786376953,74.31858825683594
2013-05-28,118.33999633789062,73.60336303710938
2013-05-29,118.29000091552734,73.57222747802734
2013-05-30,118.44000244140625,73.66558074951172
2013-05-31,117.8499984741211,73.29861450195312
2013-06-03,117.18000030517578,73.10581970214844
2013-06-04,116.72000122070312,72.8188247680664
2013-06-05,116.55000305175781,72.71276092529297
2013-06-06,117.05000305175781,73.02474212646484
2013-06-07,116.58999633789062,72.7376708984375
2013-06-10,116.2300033569336,72.51313018798828
2013-06-11,116.01000213623047,72.37586212158203
2013-06-12,115.61000061035156,72.1263198852539
2013-06-13,116.8499984741211,72.8999252319336
2013-06-14,116.7699966430664,72.85001373291016
2013-06-17,116.5999984741211,72.74394989013672
2013-06-18,116.37000274658203,72.60047912597656
2013-06-19,114.72000122070312,71.57107543945312
2013-06-20,113.13999938964844,70.5853500366211
2013-06-21,112.20999908447266,70.0051498413086
2013-06-24,111.4800033569336,69.54969787597656
2013-06-25,111.8499984741211,69.78057098388672
2013-06-26,112.69999694824219,70.31083679199219
2013-06-27,113.72000122070312,70.94720458984375
2013-06-28,113.6500015258789,70.90354919433594
2013-07-01,113.58000183105469,71.0869369506836
2013-07-02,113.94000244140625,71.31221771240234
2013-07-03,113.61000061035156,71.10565185546875
2013-07-05,112.16999816894531,70.20443725585938
2013-07-08,113.08999633789062,70.78022003173828
2013-07-09,113.19000244140625,70.84281921386719
2013-07-10,112.86000061035156,70.63629150390625
2013-07-11,114.19000244140625,71.46871185302734
2013-07-12,113.87000274658203,71.26841735839844
2013-07-15,114.5999984741211,71.72530364990234
2013-07-16,114.43000030517578,71.61886596679688
2013-07-17,114.86000061035156,71.88806915283203
2013-07-18,114.55999755859375,71.70025634765625
2013-07-19,115.19000244140625,72.09454345703125
2013-07-22,115.44999694824219,72.25727081298828
2013-07-23,115.2699966430664,72.14466857910156
2013-07-24,114.70999908447266,71.79415893554688
2013-07-25,114.56999969482422,71.70651245117188
2013-07-26,114.69000244140625,71.78165435791016
2013-07-29,114.5,71.66268920898438
2013-07-30,114.52999877929688,71.6815185546875
2013-07-31,114.54000091552734,71.68771362304688
2013-08-01,113.27999877929688,71.116455078125
2013-08-02,113.83999633789062,71.46803283691406
2013-08-05,113.41000366210938,71.19805145263672
2013-08-06,113.4800033569336,71.24201965332031
2013-08-07,113.7300033569336,71.39897155761719
2013-08-08,113.97000122070312,71.54961395263672
2013-08-09,113.97000122070312,71.54961395263672
2013-08-12,113.91000366210938,71.511962890625
2013-08-13,113.0999984741211,71.00342559814453
2013-08-14,112.91000366210938,70.88420104980469
2013-08-15,112.11000061035156,70.38194274902344
2013-08-16,111.55000305175781,70.03036499023438
2013-08-19,110.94000244140625,69.6474380493164
2013-08-20,111.62000274658203,70.07428741455078
2013-08-21,110.94999694824219,69.65367889404297
2013-08-22,111.45999908447266,69.97391510009766
2013-08-23,112.20999908447266,70.44470977783203
2013-08-26,112.44000244140625,70.58911895751953
2013-08-27,112.91999816894531,70.89044189453125
2013-08-28,112.94000244140625,70.90299987792969
2013-08-29,113.05000305175781,70.97208404541016
2013-08-30,113.05000305175781,70.97208404541016
2013-09-03,112.23999786376953,70.6924057006836
2013-09-04,111.83000183105469,70.43421173095703
2013-09-05,110.91000366210938,69.8547592163086
2013-09-06,111.06999969482422,69.95552825927734
2013-09-09,111.36000061035156,70.13817596435547
2013-09-10,110.87000274658203,69.82954406738281
2013-09-11,111.38999938964844,70.1570816040039
2013-09-12,111.30999755859375,70.10663604736328
2013-09-13,111.37999725341797,70.15068054199219
2013-09-16,111.51000213623047,70.23261260986328
2013-09-17,111.80999755859375,70.42158508300781
2013-09-18,113.44999694824219,71.45451354980469
2013-09-19,112.7300033569336,71.00106811523438
2013-09-20,112.83000183105469,71.06401824951172
2013-09-23,113.5,71.48599243164062
2013-09-24,113.79000091552734,71.6686782836914
2013-09-25,114.13999938964844,71.88903045654297
2013-09-26,113.86000061035156,71.7127685546875
2013-09-27,113.7699966430664,71.65603637695312
2013-09-30,113.5199966430664,71.49861145019531
2013-10-01,113.04000091552734,71.42656707763672
2013-10-02,113.37999725341797,71.64138793945312
2013-10-03,113.44000244140625,71.67931365966797
2013-10-04,113.33000183105469,71.60983276367188
2013-10-07,113.52999877929688,71.73616027832031
2013-10-08,113.51000213623047,71.72350311279297
2013-10-09,113.2699966430664,71.5719223022461
2013-10-10,113.43000030517578,71.67296600341797
2013-10-11,113.58000183105469,71.76776123046875
2013-10-14,113.2300033569336,71.54659271240234
2013-10-15,113.25,71.55928039550781
2013-10-16,114.08999633789062,72.090087890625
2013-10-17,114.93000030517578,72.62078857421875
2013-10-18,115.08000183105469,72.7155990600586
2013-10-21,114.77999877929688,72.5260009765625
2013-10-22,115.4800033569336,72.96834564208984
2013-10-23,115.44999694824219,72.94940948486328
2013-10-24,115.33000183105469,72.87352752685547
2013-10-25,115.31999969482422,72.86722564697266
2013-10-28,115.43000030517578,72.93671417236328
2013-10-29,115.58999633789062,73.03785705566406
2013-10-30,115.36000061035156,72.89250946044922
2013-10-31,115.19999694824219,72.7914810180664
2013-11-01,114.51000213623047,72.5948715209961
2013-11-04,114.54000091552734,72.6139144897461
2013-11-05,114.05000305175781,72.30323028564453
2013-11-06,114.18000030517578,72.38565063476562
2013-11-07,114.41000366210938,72.53153228759766
2013-11-08,113.29000091552734,71.82141876220703
2013-11-11,113.0999984741211,71.70099639892578
2013-11-12,113.18000030517578,71.75173950195312
2013-11-13,113.44000244140625,71.91648864746094
2013-11-14,114.05999755859375,72.3095932006836
2013-11-15,114.05999755859375,72.3095932006836
2013-11-18,114.56999969482422,72.63289642333984
2013-11-19,114.16999816894531,72.37931823730469
2013-11-20,113.68000030517578,72.06869506835938
2013-11-21,113.9000015258789,72.20816802978516
2013-11-22,114.30000305175781,72.4617691040039
2013-11-25,114.5,72.58853149414062
2013-11-26,114.7300033569336,72.73434448242188
2013-11-27,114.75,72.7470703125
2013-11-29,114.66000366210938,72.68993377685547
2013-12-02,113.75,72.34526824951172
2013-12-03,114.04000091552734,72.52973175048828
2013-12-04,113.66999816894531,72.29437255859375
2013-12-05,113.41999816894531,72.13539123535156
2013-12-06,113.66000366210938,72.28805541992188
2013-12-09,113.83000183105469,72.39608001708984
2013-12-10,114.29000091552734,72.68869018554688
2013-12-11,113.97000122070312,72.48516082763672
2013-12-12,113.77999877929688,72.36434936523438
2013-12-13,114.08999633789062,72.5615234375
2013-12-16,114.18000030517578,72.61873626708984
2013-12-17,114.5199966430664,72.8349838256836
2013-12-18,114.5199966430664,72.8349838256836
2013-12-19,114.3499984741211,72.72688293457031
2013-12-20,114.87999725341797,73.06394958496094
2013-12-23,114.69999694824219,72.9494857788086
2013-12-24,114.66999816894531,72.93035125732422
2013-12-26,114.23999786376953,72.8780746459961
2013-12-27,114.13999938964844,72.81425476074219
2013-12-30,114.4800033569336,73.03115844726562
2013-12-31,114.19000244140625,72.84618377685547
2014-01-02,114.41000366210938,72.98651885986328
2014-01-03,114.58000183105469,73.09498596191406
2014-01-06,114.83000183105469,73.25440216064453
2014-01-07,114.73999786376953,73.19705200195312
2014-01-08,114.25,72.88447570800781
2014-01-09,114.51000213623047,73.05035400390625
2014-01-10,115.12999725341797,73.44580078125
2014-01-13,115.3499984741211,73.5862045288086
2014-01-14,115.01000213623047,73.36930847167969
2014-01-15,115.04000091552734,73.38843536376953
2014-01-16,115.30999755859375,73.56068420410156
2014-01-17,115.44000244140625,73.64360046386719
2014-01-21,115.27999877929688,73.5415267944336
2014-01-22,115.0,73.36293029785156
2014-01-23,115.44000244140625,73.64360046386719
2014-01-24,115.36000061035156,73.59258270263672
2014-01-27,115.13999938964844,73.45221710205078
2014-01-28,115.69999694824219,73.80947875976562
2014-01-29,115.93000030517578,73.9561996459961
2014-01-30,115.98999786376953,73.99442291259766
2014-01-31,116.33999633789062,74.21772766113281
2014-02-03,116.73999786376953,74.69635009765625
2014-02-04,116.18000030517578,74.33802032470703
2014-02-05,115.80999755859375,74.101318359375
2014-02-06,115.69999694824219,74.03092193603516
2014-02-07,116.05999755859375,74.26126098632812
2014-02-10,116.11000061035156,74.29322814941406
2014-02-11,115.87000274658203,74.13966369628906
2014-02-12,115.5199966430664,73.91571807861328
2014-02-13,116.0,74.22288513183594
2014-02-14,116.22000122070312,74.3636474609375
2014-02-18,116.45999908447266,74.51722717285156
2014-02-19,116.33000183105469,74.43391418457031
2014-02-20,116.18000030517578,74.33802032470703
2014-02-21,116.30000305175781,74.41480255126953
2014-02-24,116.36000061035156,74.45317077636719
2014-02-25,116.80999755859375,74.74113464355469
2014-02-26,117.19000244140625,74.98426055908203
2014-02-27,117.38999938964844,75.11225128173828
2014-02-28,117.31999969482422,75.06743621826172
2014-03-03,117.27999877929688,75.26382446289062
2014-03-04,116.6500015258789,74.85951232910156
2014-03-05,116.58999633789062,74.82103729248047
2014-03-06,116.23999786376953,74.59644317626953
2014-03-07,115.81999969482422,74.326904296875
2014-03-10,115.63999938964844,74.21139526367188
2014-03-11,115.68000030517578,74.237060546875
2014-03-12,116.08999633789062,74.50016784667969
2014-03-13,116.5,74.76325225830078
2014-03-14,116.37000274658203,74.67981719970703
2014-03-17,116.22000122070312,74.58357238769531
2014-03-18,116.58000183105469,74.8145751953125
2014-03-19,115.73999786376953,74.27558898925781
2014-03-20,115.9000015258789,74.37822723388672
2014-03-21,116.30000305175781,74.63492584228516
2014-03-24,116.5199966430664,74.7761459350586
2014-03-25,116.55999755859375,74.80180358886719
2014-03-26,117.01000213623047,75.090576171875
2014-03-27,117.04000091552734,75.10979461669922
2014-03-28,116.94999694824219,75.05204010009766
2014-03-31,116.94000244140625,75.04562377929688
2014-04-01,116.30999755859375,74.85897827148438
2014-04-02,116.1500015258789,74.75605010986328
2014-04-03,116.37000274658203,74.89762878417969
2014-04-04,116.83000183105469,75.19364166259766
2014-04-07,117.11000061035156,75.37385559082031
2014-04-08,117.41999816894531,75.5733871459961
2014-04-09,117.5199966430664,75.63777160644531
2014-04-10,117.68000030517578,75.74072265625
2014-04-11,117.76000213623047,75.79227447509766
2014-04-14,117.83999633789062,75.84371185302734
2014-04-15,118.08999633789062,76.00463104248047
2014-04-16,118.13999938964844,76.03678894042969
2014-04-17,117.45999908447266,75.59912872314453
2014-04-21,117.62000274658203,75.7021255493164
2014-04-22,117.68000030517578,75.74072265625
2014-04-23,117.94000244140625,75.90811920166016
2014-04-24,117.95999908447266,75.92094421386719
2014-04-25,117.94000244140625,75.90811920166016
2014-04-28,117.80000305175781,75.8179931640625
2014-04-29,117.81999969482422,75.83088684082031
2014-04-30,118.1500015258789,76.04325103759766
2014-05-01,118.30000305175781,76.36209869384766
2014-05-02,118.55000305175781,76.52351379394531
2014-05-05,118.25,76.32986450195312
2014-05-06,118.44999694824219,76.45896911621094
2014-05-07,118.47000122070312,76.47186279296875
2014-05-08,118.5,76.49121856689453
2014-05-09,118.37000274658203,76.40731048583984
2014-05-12,118.06999969482422,76.21365356445312
2014-05-13,118.51000213623047,76.49768829345703
2014-05-14,119.0999984741211,76.87850952148438
2014-05-15,119.30999755859375,77.01407623291016
2014-05-16,119.16999816894531,76.92373657226562
2014-05-19,119.05999755859375,76.85271453857422
2014-05-20,119.05999755859375,76.85271453857422
2014-05-21,118.83999633789062,76.71066284179688
2014-05-22,118.80000305175781,76.68486022949219
2014-05-23,118.93000030517578,76.7687759399414
2014-05-27,119.3499984741211,77.03990173339844
2014-05-28,119.91999816894531,77.40780639648438
2014-05-29,119.56999969482422,77.18189239501953
2014-05-30,119.58999633789062,77.19479370117188
2014-06-02,118.58999633789062,76.7662353515625
2014-06-03,118.05000305175781,76.4167251586914
2014-06-04,117.98999786376953,76.37785339355469
2014-06-05,118.23999786376953,76.53968048095703
2014-06-06,118.48999786376953,76.70155334472656
2014-06-09,118.25,76.54624938964844
2014-06-10,118.02999877929688,76.40373992919922
2014-06-11,118.12000274658203,76.46208953857422
2014-06-12,118.5,76.70802307128906
2014-06-13,118.4800033569336,76.6950912475586
2014-06-16,118.47000122070312,76.68860626220703
2014-06-17,118.06999969482422,76.42967987060547
2014-06-18,118.75,76.86985778808594
2014-06-19,118.33000183105469,76.59799194335938
2014-06-20,118.55999755859375,76.74685668945312
2014-06-23,118.55000305175781,76.74044799804688
2014-06-24,119.05000305175781,77.06404113769531
2014-06-25,119.16999816894531,77.14176177978516
2014-06-26,119.38999938964844,77.28412628173828
2014-06-27,119.37000274658203,77.27115631103516
2014-06-30,119.26000213623047,77.1999282836914
2014-07-01,118.47000122070312,76.9013900756836
2014-07-02,118.05000305175781,76.6287841796875
2014-07-03,117.93000030517578,76.55088806152344
2014-07-07,118.13999938964844,76.68720245361328
2014-07-08,118.58000183105469,76.97283935546875
2014-07-09,118.7699966430664,77.09610748291016
2014-07-10,118.68000030517578,77.0377426147461
2014-07-11,119.05000305175781,77.27787017822266
2014-07-14,118.80000305175781,77.11557006835938
2014-07-15,118.66999816894531,77.03125
2014-07-16,118.94999694824219,77.21295928955078
2014-07-17,119.4000015258789,77.50506591796875
2014-07-18,119.23999786376953,77.4012222290039
2014-07-21,119.23999786376953,77.4012222290039
2014-07-22,119.33000183105469,77.45965576171875
2014-07-23,119.47000122070312,77.550537109375
2014-07-24,119.0,77.24546813964844
2014-07-25,119.45999908447266,77.54400634765625
2014-07-28,119.31999969482422,77.4531478881836
2014-07-29,119.43000030517578,77.52452850341797
2014-07-30,118.87999725341797,77.16753387451172
2014-07-31,118.55000305175781,76.95338439941406
2014-08-01,118.81999969482422,77.34980010986328
2014-08-04,118.8499984741211,77.36931610107422
2014-08-05,118.97000122070312,77.44740295410156
2014-08-06,118.76000213623047,77.31071472167969
2014-08-07,119.06999969482422,77.51252746582031
2014-08-08,119.04000091552734,77.49299621582031
2014-08-11,119.08999633789062,77.52554321289062
2014-08-12,119.02999877929688,77.4864730834961
2014-08-13,119.2699966430664,77.64273071289062
2014-08-14,119.4000015258789,77.72730255126953
2014-08-15,119.81999969482422,78.00077056884766
2014-08-18,119.55000305175781,77.82500457763672
2014-08-19,119.47000122070312,77.77290344238281
2014-08-20,119.19999694824219,77.59718322753906
2014-08-21,119.61000061035156,77.864013671875
2014-08-22,119.76000213623047,77.96174621582031
2014-08-25,119.94999694824219,78.0854263305664
2014-08-26,120.02999877929688,78.13748168945312
2014-08-27,120.2300033569336,78.26766204833984
2014-08-28,120.48999786376953,78.43692779541016
2014-08-29,120.58000183105469,78.49545288085938
2014-09-02,119.66999816894531,78.12210083007812
2014-09-03,119.83000183105469,78.22657775878906
2014-09-04,118.9800033569336,77.67164611816406
2014-09-05,119.0,77.6847152709961
2014-09-08,118.80000305175781,77.55419158935547
2014-09-09,118.4800033569336,77.34526062011719
2014-09-10,118.29000091552734,77.2212142944336
2014-09-11,118.19999694824219,77.16249084472656
2014-09-12,117.62999725341797,76.79039764404297
2014-09-15,117.66000366210938,76.80992889404297
2014-09-16,117.63999938964844,76.79695129394531
2014-09-17,117.31999969482422,76.58800506591797
2014-09-18,117.52999877929688,76.72506713867188
2014-09-19,117.98999786376953,77.02537536621094
2014-09-22,118.0999984741211,77.0971450805664
2014-09-23,118.29000091552734,77.2212142944336
2014-09-24,118.01000213623047,77.03846740722656
2014-09-25,118.36000061035156,77.26692199707031
2014-09-26,118.0999984741211,77.0971450805664
2014-09-29,118.05000305175781,77.06456756591797
2014-09-30,118.22000122070312,77.175537109375
2014-10-01,118.5999984741211,77.6436767578125
2014-10-02,118.58999633789062,77.63703918457031
2014-10-03,118.93000030517578,77.85963439941406
2014-10-06,118.98999786376953,77.89891815185547
2014-10-07,119.41999816894531,78.18040466308594
2014-10-08,120.02999877929688,78.57978057861328
2014-10-09,119.52999877929688,78.25245666503906
2014-10-10,119.62999725341797,78.31790924072266
2014-10-13,119.94000244140625,78.5208511352539
2014-10-14,120.20999908447266,78.69764709472656
2014-10-15,120.30000305175781,78.75653076171875
2014-10-16,120.02999877929688,78.57978057861328
2014-10-17,119.9800033569336,78.54707336425781
2014-10-20,120.19999694824219,78.69107055664062
2014-10-21,120.12999725341797,78.64524841308594
2014-10-22,119.93000030517578,78.51428985595703
2014-10-23,119.69999694824219,78.36376190185547
2014-10-24,119.75,78.39649963378906
2014-10-27,119.9000015258789,78.49471282958984
2014-10-28,119.5,78.23280334472656
2014-10-29,119.27999877929688,78.08878326416016
2014-10-30,119.36000061035156,78.14114379882812
2014-10-31,119.33999633789062,78.1280517578125
2014-11-03,118.7699966430664,77.97380828857422
2014-11-04,118.94000244140625,78.08538055419922
2014-11-05,118.72000122070312,77.94094848632812
2014-11-06,118.36000061035156,77.7046127319336
2014-11-07,119.11000061035156,78.19697570800781
2014-11-10,118.51000213623047,77.8031005859375
2014-11-11,118.5,77.7965316772461
2014-11-12,118.48999786376953,77.78996276855469
2014-11-13,118.36000061035156,77.7046127319336
2014-11-14,118.51000213623047,77.8031005859375
2014-11-17,118.2300033569336,77.61927032470703
2014-11-18,118.33000183105469,77.6849136352539
2014-11-19,117.69999694824219,77.27132415771484
2014-11-20,118.1500015258789,77.56674194335938
2014-11-21,118.66000366210938,77.9015884399414
2014-11-24,118.8499984741211,78.0262680053711
2014-11-25,119.36000061035156,78.36112213134766
2014-11-26,119.7699966430664,78.63030242919922
2014-11-28,120.08999633789062,78.84034729003906
2014-12-01,119.33999633789062,78.56717681884766
2014-12-02,118.54000091552734,78.0405044555664
2014-12-03,118.66000366210938,78.11949157714844
2014-12-04,118.8499984741211,78.24454498291016
2014-12-05,118.36000061035156,77.92196655273438
2014-12-08,118.91999816894531,78.29065704345703
2014-12-09,119.0199966430664,78.35649108886719
2014-12-10,118.9800033569336,78.3301773071289
2014-12-11,118.86000061035156,78.25112915039062
2014-12-12,119.05000305175781,78.37625885009766
2014-12-15,119.33000183105469,78.56058502197266
2014-12-16,119.29000091552734,78.5342788696289
2014-12-17,119.31999969482422,78.5539779663086
2014-12-18,119.44000244140625,78.63298034667969
2014-12-19,119.37999725341797,78.59346771240234
2014-12-22,119.76000213623047,78.84368133544922
2014-12-23,118.8499984741211,78.24454498291016
2014-12-24,118.91000366210938,78.49676513671875
2014-12-26,119.0,78.55615234375
2014-12-29,119.2300033569336,78.70800018310547
2014-12-30,119.33000183105469,78.7740249633789
2014-12-31,119.41000366210938,78.8267822265625
2015-01-02,119.83000183105469,79.10405731201172
2015-01-05,120.31999969482422,79.42756652832031
2015-01-06,120.80999755859375,79.75100708007812
2015-01-07,120.97000122070312,79.85664367675781
2015-01-08,120.58000183105469,79.59917449951172
2015-01-09,120.9000015258789,79.81039428710938
2015-01-12,121.12999725341797,79.96227264404297
2015-01-13,121.23999786376953,80.03487396240234
2015-01-14,121.44999694824219,80.17349243164062
2015-01-15,122.08000183105469,80.58936309814453
2015-01-16,121.4000015258789,80.14046478271484
2015-01-20,121.68000030517578,80.3252944946289
2015-01-21,121.62999725341797,80.29230499267578
2015-01-22,121.56999969482422,80.25269317626953
2015-01-23,122.27999877929688,80.7214126586914
2015-01-26,122.25,80.70156860351562
2015-01-27,122.33999633789062,80.76102447509766
2015-01-28,123.16999816894531,81.3089370727539
2015-01-29,122.87999725341797,81.11748504638672
2015-01-30,123.88999938964844,81.78421783447266
2015-02-02,123.66999816894531,81.8603515625
2015-02-03,122.66999816894531,81.19840240478516
2015-02-04,122.83999633789062,81.3109359741211
2015-02-05,122.44999694824219,81.05280303955078
2015-02-06,121.16999816894531,80.20552825927734
2015-02-09,121.25,80.25846862792969
2015-02-10,120.91999816894531,80.04004669189453
2015-02-11,121.0,80.09300231933594
2015-02-12,121.30999755859375,80.29817962646484
2015-02-13,120.83000183105469,79.98048400878906
2015-02-17,120.2699966430664,79.60977935791016
2015-02-18,120.69999694824219,79.8944091796875
2015-02-19,120.68000030517578,79.88118743896484
2015-02-20,120.86000061035156,80.00032806396484
2015-02-23,121.2699966430664,80.2717056274414
2015-02-24,122.05999755859375,80.79467010498047
2015-02-25,122.16999816894531,80.867431640625
2015-02-26,121.51000213623047,80.43054962158203
2015-02-27,121.80000305175781,80.62255096435547
2015-03-02,120.41999816894531,79.9236831665039
2015-03-03,120.3499984741211,79.87718963623047
2015-03-04,120.2699966430664,79.8240966796875
2015-03-05,120.43000030517578,79.93029022216797
2015-03-06,119.1500015258789,79.08073425292969
2015-03-09,119.62999725341797,79.39930725097656
2015-03-10,119.81999969482422,79.5254135131836
2015-03-11,120.43000030517578,79.93029022216797
2015-03-12,120.30999755859375,79.8506851196289
2015-03-13,119.97000122070312,79.62498474121094
2015-03-16,120.08999633789062,79.7046127319336
2015-03-17,120.29000091552734,79.8373794555664
2015-03-18,121.7699966430664,80.81962585449219
2015-03-19,121.1500015258789,80.40815734863281
2015-03-20,121.48999786376953,80.63381958007812
2015-03-23,121.7699966430664,80.81962585449219
2015-03-24,121.94999694824219,80.93914031982422
2015-03-25,121.55000305175781,80.67365264892578
2015-03-26,120.80000305175781,80.17585754394531
2015-03-27,121.27999877929688,80.49441528320312
2015-03-30,121.48999786376953,80.63381958007812
2015-03-31,121.70999908447266,80.77980041503906
2015-04-01,121.7300033569336,81.01211547851562
2015-04-02,121.52999877929688,80.87897491455078
2015-04-06,121.69000244140625,80.98550415039062
2015-04-07,122.12999725341797,81.27831268310547
2015-04-08,122.08999633789062,81.25169372558594
2015-04-09,121.47000122070312,80.83905792236328
2015-04-10,121.63999938964844,80.95219421386719
2015-04-13,121.5999984741211,80.92557525634766
2015-04-14,121.87999725341797,81.11190032958984
2015-04-15,121.95999908447266,81.16513061523438
2015-04-16,121.88999938964844,81.11858367919922
2015-04-17,122.22000122070312,81.33817291259766
2015-04-20,121.93000030517578,81.14515686035156
2015-04-21,121.9000015258789,81.12521362304688
2015-04-22,121.11000061035156,80.59947967529297
2015-04-23,121.41999816894531,80.8057861328125
2015-04-24,121.6500015258789,80.95886993408203
2015-04-27,121.55999755859375,80.89897155761719
2015-04-28,120.83999633789062,80.41975402832031
2015-04-29,119.83999633789062,79.7542724609375
2015-04-30,119.94000244140625,79.82085418701172
2015-05-01,118.94999694824219,79.38037872314453
2015-05-04,118.56999969482422,79.12677764892578
2015-05-05,118.37000274658203,78.99330139160156
2015-05-06,117.86000061035156,78.65296936035156
2015-05-07,118.33000183105469,78.96664428710938
2015-05-08,119.01000213623047,79.42044067382812
2015-05-11,117.80999755859375,78.61959838867188
2015-05-12,117.63999938964844,78.50619506835938
2015-05-13,117.52999877929688,78.43275451660156
2015-05-14,117.93000030517578,78.69967651367188
2015-05-15,118.75,79.24696350097656
2015-05-18,117.83999633789062,78.63965606689453
2015-05-19,117.20999908447266,78.21923065185547
2015-05-20,117.3499984741211,78.31262969970703
2015-05-21,117.91000366210938,78.6863784790039
2015-05-22,117.83000183105469,78.63297271728516
2015-05-26,118.3499984741211,78.9800033569336
2015-05-27,118.47000122070312,79.0600357055664
2015-05-28,118.22000122070312,78.89317321777344
2015-05-29,118.2699966430664,78.92658233642578
2015-06-01,117.27999877929688,78.48424530029297
2015-06-02,116.68000030517578,78.08273315429688
2015-06-03,115.93000030517578,77.58085632324219
2015-06-04,116.52999877929688,77.98234558105469
2015-06-05,115.94000244140625,77.58753967285156
2015-06-08,115.86000061035156,77.53398895263672
2015-06-09,115.33999633789062,77.18599700927734
2015-06-10,115.02999877929688,76.97856140136719
2015-06-11,116.05000305175781,77.66111755371094
2015-06-12,115.8499984741211,77.52729034423828
2015-06-15,115.83000183105469,77.51390075683594
2015-06-16,116.12000274658203,77.70795440673828
2015-06-17,116.11000061035156,77.70128631591797
2015-06-18,115.9000015258789,77.56074523925781
2015-06-19,116.5199966430664,77.97562408447266
2015-06-22,115.5999984741211,77.3599624633789
2015-06-23,115.33999633789062,77.18599700927734
2015-06-24,115.66000366210938,77.40016174316406
2015-06-25,115.47000122070312,77.27299499511719
2015-06-26,114.94000244140625,76.9183120727539
2015-06-29,115.94000244140625,77.58753967285156
2015-06-30,115.72000122070312,77.44029235839844
2015-07-01,115.0199966430664,77.19200134277344
2015-07-02,115.45999908447266,77.48727416992188
2015-07-06,115.91999816894531,77.79597473144531
2015-07-07,116.4000015258789,78.11812591552734
2015-07-08,116.55999755859375,78.22550201416016
2015-07-09,115.79000091552734,77.70874786376953
2015-07-10,115.05000305175781,77.21208953857422
2015-07-13,114.80000305175781,77.0443344116211
2015-07-14,114.9000015258789,77.11144256591797
2015-07-15,115.19999694824219,77.31281280517578
2015-07-16,115.37999725341797,77.43359375
2015-07-17,115.45999908447266,77.48727416992188
2015-07-20,115.19000244140625,77.30606842041016
2015-07-21,115.43000030517578,77.4671401977539
2015-07-22,115.58000183105469,77.56780242919922
2015-07-23,115.91999816894531,77.79597473144531
2015-07-24,115.87000274658203,77.762451171875
2015-07-27,115.87999725341797,77.76914978027344
2015-07-28,115.79000091552734,77.70874786376953
2015-07-29,115.69000244140625,77.64163970947266
2015-07-30,115.75,77.681884765625
2015-07-31,116.3499984741211,78.08454895019531
2015-08-03,116.29000091552734,78.26625061035156
2015-08-04,115.69999694824219,77.86920928955078
2015-08-05,115.25,77.56633758544922
2015-08-06,115.47000122070312,77.71440887451172
2015-08-07,115.87000274658203,77.98361206054688
2015-08-10,115.41000366210938,77.67401123046875
2015-08-11,115.88999938964844,77.9970703125
2015-08-12,115.70999908447266,77.87592315673828
2015-08-13,115.30999755859375,77.60670471191406
2015-08-14,115.41999816894531,77.6807632446289
2015-08-17,115.79000091552734,77.92974090576172
2015-08-18,115.3499984741211,77.63363647460938
2015-08-19,115.91000366210938,78.01055145263672
2015-08-20,115.9800033569336,78.05766296386719
2015-08-21,116.01000213623047,78.07781219482422
2015-08-24,115.69000244140625,77.86249542236328
2015-08-25,115.0999984741211,77.46537017822266
2015-08-26,115.02999877929688,77.41825866699219
2015-08-27,115.13999938964844,77.49226379394531
2015-08-28,115.3499984741211,77.63363647460938
2015-08-31,115.05999755859375,77.43846893310547
2015-09-01,115.41999816894531,77.90758514404297
2015-09-02,115.25,77.79283142089844
2015-09-03,115.80000305175781,78.1640853881836
2015-09-04,116.05999755859375,78.33961486816406
2015-09-08,115.5199966430664,77.97506713867188
2015-09-09,115.7699966430664,78.14384460449219
2015-09-10,115.54000091552734,77.98855590820312
2015-09-11,115.62000274658203,78.04259490966797
2015-09-14,115.61000061035156,78.03585815429688
2015-09-15,114.73999786376953,77.44860076904297
2015-09-16,114.94999694824219,77.5903091430664
2015-09-17,115.9000015258789,78.23158264160156
2015-09-18,116.25,78.46781921386719
2015-09-21,115.66000366210938,78.069580078125
2015-09-22,116.16000366210938,78.40708923339844
2015-09-23,116.08999633789062,78.35982513427734
2015-09-24,116.11000061035156,78.37332916259766
2015-09-25,115.76000213623047,78.13707733154297
2015-09-28,115.95999908447266,78.27204895019531
2015-09-29,116.11000061035156,78.37332916259766
2015-09-30,116.08999633789062,78.35982513427734
2015-10-01,115.7300033569336,78.34222412109375
2015-10-02,116.23999786376953,78.68744659423828
2015-10-05,115.93000030517578,78.47761535644531
2015-10-06,116.16000366210938,78.63330078125
2015-10-07,116.56999969482422,78.91085815429688
2015-10-08,116.11000061035156,78.59943389892578
2015-10-09,116.16000366210938,78.63330078125
2015-10-12,116.62999725341797,78.95148468017578
2015-10-13,116.54000091552734,78.89053344726562
2015-10-14,117.0,79.20197296142578
2015-10-15,116.94999694824219,79.1680908203125
2015-10-16,116.98999786376953,79.19513702392578
2015-10-19,116.9800033569336,79.18834686279297
2015-10-20,116.76000213623047,79.03948211669922
2015-10-21,117.33999633789062,79.43211364746094
2015-10-22,117.58999633789062,79.6012954711914
2015-10-23,117.16000366210938,79.31024932861328
2015-10-26,117.37000274658203,79.4524154663086
2015-10-27,117.4000015258789,79.47274017333984
2015-10-28,116.94000244140625,79.16130828857422
2015-10-29,116.12000274658203,78.60624694824219
2015-10-30,116.41999816894531,78.8093032836914
2015-11-02,115.58999633789062,78.47054290771484
2015-11-03,115.5999984741211,78.47734832763672
2015-11-04,115.47000122070312,78.38910675048828
2015-11-05,115.5,78.40945434570312
2015-11-06,114.75,77.90029907226562
2015-11-09,114.55999755859375,77.77132415771484
2015-11-10,114.8499984741211,77.96820068359375
2015-11-11,114.83999633789062,77.9614028930664
2015-11-12,114.80000305175781,77.93428039550781
2015-11-13,115.13999938964844,78.16503143310547
2015-11-16,115.16000366210938,78.17865753173828
2015-11-17,115.27999877929688,78.26010131835938
2015-11-18,115.30999755859375,78.28048706054688
2015-11-19,115.6500015258789,78.51129150390625
2015-11-20,115.62999725341797,78.49772644042969
2015-11-23,115.66999816894531,78.5248794555664
2015-11-24,115.70999908447266,78.552001953125
2015-11-25,115.81999969482422,78.6266860961914
2015-11-27,115.86000061035156,78.6538314819336
2015-11-30,115.91000366210938,78.68781280517578
2015-12-01,116.44999694824219,79.27941131591797
2015-12-02,116.16999816894531,79.08880615234375
2015-12-03,114.62999725341797,78.04037475585938
2015-12-04,115.25,78.46244812011719
2015-12-07,115.44999694824219,78.59862518310547
2015-12-08,115.30000305175781,78.4964828491211
2015-12-09,115.2699966430664,78.47607421875
2015-12-10,115.0,78.29222869873047
2015-12-11,115.19999694824219,78.42839050292969
2015-12-14,114.3499984741211,77.84973907470703
2015-12-15,114.36000061035156,77.85653686523438
2015-12-16,114.33999633789062,77.84294128417969
2015-12-17,114.47000122070312,77.93144989013672
2015-12-18,114.47000122070312,77.93144989013672
2015-12-21,114.55000305175781,77.98589324951172
2015-12-22,114.4000015258789,77.88378143310547
2015-12-23,114.5,77.95187377929688
2015-12-24,114.55000305175781,78.20582580566406
2015-12-28,114.41000366210938,78.1102294921875
2015-12-29,113.81999969482422,77.70743560791016
2015-12-30,113.81999969482422,77.70743560791016
2015-12-31,114.01000213623047,77.83717346191406
2016-01-04,113.94999694824219,77.79618072509766
2016-01-05,114.01000213623047,77.83717346191406
2016-01-06,114.45999908447266,78.14437103271484
2016-01-07,114.55000305175781,78.20582580566406
2016-01-08,114.63999938964844,78.26726531982422
2016-01-11,114.2699966430664,78.01467895507812
2016-01-12,114.52999877929688,78.19216918945312
2016-01-13,114.87999725341797,78.43110656738281
2016-01-14,114.30999755859375,78.04196166992188
2016-01-15,114.13999938964844,77.92587280273438
2016-01-19,113.62999725341797,77.57771301269531
2016-01-20,113.80000305175781,77.69379425048828
2016-01-21,113.47000122070312,77.46849822998047
2016-01-22,113.54000091552734,77.5162582397461
2016-01-25,113.41999816894531,77.43435668945312
2016-01-26,113.73999786376953,77.65284729003906
2016-01-27,113.43000030517578,77.44117736816406
2016-01-28,113.55999755859375,77.5299301147461
2016-01-29,114.1500015258789,77.9327621459961
2016-02-01,113.44999694824219,77.68416595458984
2016-02-02,113.66000366210938,77.82796478271484
2016-02-03,113.37999725341797,77.63623046875
2016-02-04,113.43000030517578,77.67050170898438
2016-02-05,113.41000366210938,77.65676879882812
2016-02-08,114.0,78.06076049804688
2016-02-09,113.61000061035156,77.79371643066406
2016-02-10,113.75,77.88958740234375
2016-02-11,114.12999725341797,78.14982604980469
2016-02-12,113.48999786376953,77.71154022216797
2016-02-16,112.94999694824219,77.34180450439453
2016-02-17,112.91999816894531,77.32125854492188
2016-02-18,113.83999633789062,77.95118713378906
2016-02-19,113.76000213623047,77.89647674560547
2016-02-22,113.98999786376953,78.05391693115234
2016-02-23,114.22000122070312,78.21143341064453
2016-02-24,114.33000183105469,78.28677368164062
2016-02-25,114.97000122070312,78.72494506835938
2016-02-26,114.93000030517578,78.69758605957031
2016-02-29,115.01000213623047,78.75236511230469
2016-03-01,114.05000305175781,78.3231201171875
2016-03-02,114.27999877929688,78.4811019897461
2016-03-03,114.81999969482422,78.8519515991211
2016-03-04,114.80000305175781,78.83822631835938
2016-03-07,114.93000030517578,78.92749786376953
2016-03-08,115.54000091552734,79.34640502929688
2016-03-09,115.41000366210938,79.25713348388672
2016-03-10,115.88999938964844,79.58675384521484
2016-03-11,116.22000122070312,79.81339263916016
2016-03-14,116.55999755859375,80.0468978881836
2016-03-15,116.5199966430664,80.01944732666016
2016-03-16,117.08000183105469,80.40394592285156
2016-03-17,117.44000244140625,80.65125274658203
2016-03-18,117.70999908447266,80.83663940429688
2016-03-21,117.56999969482422,80.74049377441406
2016-03-22,117.3499984741211,80.58939361572266
2016-03-23,117.94000244140625,80.99459075927734
2016-03-24,117.88999938964844,80.96024322509766
2016-03-28,117.95999908447266,81.0083236694336
2016-03-29,118.48999786376953,81.37229919433594
2016-03-30,118.3499984741211,81.27617645263672
2016-03-31,118.81999969482422,81.59890747070312
2016-04-01,118.87000274658203,81.86198425292969
2016-04-04,118.87999725341797,81.86885833740234
2016-04-05,119.26000213623047,82.13056182861328
2016-04-06,119.16000366210938,82.06169128417969
2016-04-07,119.4800033569336,82.2820816040039
2016-04-08,119.20999908447266,82.09615325927734
2016-04-11,119.19999694824219,82.08927154541016
2016-04-12,118.7300033569336,81.76558685302734
2016-04-13,119.13999938964844,82.04791259765625
2016-04-14,119.05999755859375,81.99288177490234
2016-04-15,119.55999755859375,82.33717346191406
2016-04-18,119.69000244140625,82.42671966552734
2016-04-19,119.91000366210938,82.5782241821289
2016-04-20,119.58000183105469,82.3509750366211
2016-04-21,119.52999877929688,82.31648254394531
2016-04-22,119.66000366210938,82.40605926513672
2016-04-25,119.37999725341797,82.21320343017578
2016-04-26,119.33000183105469,82.17878723144531
2016-04-27,120.08999633789062,82.7021713256836
2016-04-28,120.19999694824219,82.77791595458984
2016-04-29,120.33000183105469,82.86741638183594
2016-05-02,119.8499984741211,82.76043701171875
2016-05-03,120.05999755859375,82.9054183959961
2016-05-04,119.86000061035156,82.7673110961914
2016-05-05,120.0999984741211,82.93307495117188
2016-05-06,119.83999633789062,82.75347900390625
2016-05-09,119.72000122070312,82.67062377929688
2016-05-10,119.91999816894531,82.80872344970703
2016-05-11,120.05000305175781,82.89855194091797
2016-05-12,119.80000305175781,82.72589111328125
2016-05-13,120.0199966430664,82.87779998779297
2016-05-16,119.62000274658203,82.60162353515625
2016-05-17,119.58000183105469,82.57402038574219
2016-05-18,118.55999755859375,81.86961364746094
2016-05-19,118.83999633789062,82.0630111694336
2016-05-20,118.91999816894531,82.11825561523438
2016-05-23,118.91999816894531,82.11825561523438
2016-05-24,118.72000122070312,81.98014068603516
2016-05-25,118.93000030517578,82.12513732910156
2016-05-26,119.2699966430664,82.35992431640625
2016-05-27,119.18000030517578,82.29779052734375
2016-05-31,119.38999938964844,82.4427719116211
2016-06-01,119.13999938964844,82.50092315673828
2016-06-02,119.37999725341797,82.66709899902344
2016-06-03,120.33999633789062,83.33193969726562
2016-06-06,120.05000305175781,83.131103515625
2016-06-07,120.2300033569336,83.25575256347656
2016-06-08,120.62999725341797,83.53269958496094
2016-06-09,120.80000305175781,83.65045166015625
2016-06-10,120.94000244140625,83.74734497070312
2016-06-13,120.76000213623047,83.62274169921875
2016-06-14,120.48999786376953,83.4357681274414
2016-06-15,120.94000244140625,83.74734497070312
2016-06-16,121.12000274658203,83.87203979492188
2016-06-17,120.76000213623047,83.62274169921875
2016-06-20,120.61000061035156,83.5189208984375
2016-06-21,120.5,83.44265747070312
2016-06-22,120.72000122070312,83.59503936767578
2016-06-23,120.5999984741211,83.51195526123047
2016-06-24,121.16999816894531,83.90665435791016
2016-06-27,121.68000030517578,84.25981903076172
2016-06-28,122.3499984741211,84.72378540039062
2016-06-29,122.30999755859375,84.6960678100586
2016-06-30,122.73999786376953,84.99383544921875
2016-07-01,123.05000305175781,85.43887329101562
2016-07-05,123.47000122070312,85.73053741455078
2016-07-06,123.69000244140625,85.88333129882812
2016-07-07,123.70999908447266,85.89718627929688
2016-07-08,124.4000015258789,86.37629699707031
2016-07-11,124.08000183105469,86.15406799316406
2016-07-12,123.37999725341797,85.66806030273438
2016-07-13,123.86000061035156,86.0013427734375
2016-07-14,123.55999755859375,85.79304504394531
2016-07-15,123.08999633789062,85.46668243408203
2016-07-18,123.08999633789062,85.46668243408203
2016-07-19,123.30999755859375,85.61946868896484
2016-07-20,123.2699966430664,85.59164428710938
2016-07-21,123.41000366210938,85.68887329101562
2016-07-22,123.33999633789062,85.64027404785156
2016-07-25,123.2699966430664,85.59164428710938
2016-07-26,123.1500015258789,85.50834655761719
2016-07-27,123.66000366210938,85.86245727539062
2016-07-28,123.54000091552734,85.77912902832031
2016-07-29,123.98999786376953,86.09161376953125
2016-08-01,122.97000122070312,85.60640716552734
2016-08-02,122.27999877929688,85.12601470947266
2016-08-03,122.44000244140625,85.23741149902344
2016-08-04,122.95999908447266,85.59941864013672
2016-08-05,122.45999908447266,85.25135040283203
2016-08-08,122.54000091552734,85.30701446533203
2016-08-09,123.26000213623047,85.8082275390625
2016-08-10,123.61000061035156,86.05191040039062
2016-08-11,123.19999694824219,85.76647186279297
2016-08-12,123.76000213623047,86.1563491821289
2016-08-15,123.37999725341797,85.89178466796875
2016-08-16,123.16000366210938,85.73863220214844
2016-08-17,123.5,85.97533416748047
2016-08-18,123.80000305175781,86.18418884277344
2016-08-19,123.43000030517578,85.9266128540039
2016-08-22,123.8499984741211,86.218994140625
2016-08-23,123.98999786376953,86.31646728515625
2016-08-24,123.91000366210938,86.26075744628906
2016-08-25,123.79000091552734,86.17719268798828
2016-08-26,123.4000015258789,85.90570831298828
2016-08-29,124.0999984741211,86.39303588867188
2016-08-30,123.94000244140625,86.28164672851562
2016-08-31,123.88999938964844,86.24681091308594
2016-09-01,123.56999969482422,86.24681091308594
2016-09-02,123.3499984741211,86.0932846069336
2016-09-06,123.77999877929688,86.39340209960938
2016-09-07,123.61000061035156,86.27476501464844
2016-09-08,122.73999786376953,85.66751861572266
2016-09-09,121.81999969482422,85.02540588378906
2016-09-12,121.83000183105469,85.03238677978516
2016-09-13,121.43000030517578,84.75318908691406
2016-09-14,121.51000213623047,84.80908203125
2016-09-15,121.58999633789062,84.86486053466797
2016-09-16,121.7300033569336,84.96258544921875
2016-09-19,121.69000244140625,84.93460845947266
2016-09-20,121.8499984741211,85.04632568359375
2016-09-21,122.47000122070312,85.47911834716797
2016-09-22,122.97000122070312,85.82807922363281
2016-09-23,122.87999725341797,85.76526641845703
2016-09-26,123.06999969482422,85.8978500366211
2016-09-27,123.37000274658203,86.10726165771484
2016-09-28,123.44999694824219,86.16309356689453
2016-09-29,123.4000015258789,86.12815856933594
2016-09-30,123.18000030517578,85.97462463378906
2016-10-03,122.51000213623047,85.7311019897461
2016-10-04,121.94000244140625,85.33222961425781
2016-10-05,121.80999755859375,85.24121856689453
2016-10-06,121.81999969482422,85.24824523925781
2016-10-07,122.11000061035156,85.45118713378906
2016-10-10,122.11000061035156,85.45118713378906
2016-10-11,121.7300033569336,85.18527221679688
2016-10-12,121.88999938964844,85.2972183227539
2016-10-13,122.19000244140625,85.50714874267578
2016-10-14,121.62000274658203,85.1082992553711
2016-10-17,122.0199966430664,85.38819122314453
2016-10-18,122.31999969482422,85.5981216430664
2016-10-19,122.4800033569336,85.71012878417969
2016-10-20,122.44000244140625,85.68213653564453
2016-10-21,122.51000213623047,85.7311019897461
2016-10-24,122.16000366210938,85.48616790771484
2016-10-25,122.06999969482422,85.42320251464844
2016-10-26,121.55999755859375,85.06629943847656
2016-10-27,121.01000213623047,84.68142700195312
2016-10-28,120.87000274658203,84.58341217041016
2016-10-31,120.9800033569336,84.66043090820312
2016-11-01,120.51000213623047,84.55377960205078
2016-11-02,120.69000244140625,84.6800765991211
2016-11-03,120.44999694824219,84.51167297363281
2016-11-04,120.80999755859375,84.76427459716797
2016-11-07,120.7300033569336,84.70816802978516
2016-11-08,120.45999908447266,84.51866912841797
2016-11-09,118.69000244140625,83.27678680419922
2016-11-10,118.58999633789062,83.20662689208984
2016-11-11,118.08000183105469,82.84880065917969
2016-11-14,117.47000122070312,82.42079162597656
2016-11-15,117.83000183105469,82.67338562011719
2016-11-16,118.0,82.79265594482422
2016-11-17,117.25,82.2664794921875
2016-11-18,116.58999633789062,81.8033676147461
2016-11-21,116.70999908447266,81.8875503540039
2016-11-22,117.01000213623047,82.0980453491211
2016-11-23,116.58000183105469,81.7963638305664
2016-11-25,116.58999633789062,81.8033676147461
2016-11-28,117.12000274658203,82.17522430419922
2016-11-29,117.27999877929688,82.2874984741211
2016-11-30,116.83999633789062,81.97879791259766
2016-12-01,115.87000274658203,81.5193862915039
2016-12-02,116.4000015258789,81.89225769042969
2016-12-05,116.6500015258789,82.0681381225586
2016-12-06,116.63999938964844,82.06112670898438
2016-12-07,117.12999725341797,82.40584564208984
2016-12-08,116.6500015258789,82.0681381225586
2016-12-09,116.19999694824219,81.75154876708984
2016-12-12,116.08999633789062,81.67415618896484
2016-12-13,116.3499984741211,81.85708618164062
2016-12-14,115.61000061035156,81.33650207519531
2016-12-15,115.69000244140625,81.39277648925781
2016-12-16,115.5999984741211,81.32940673828125
2016-12-19,116.16000366210938,81.72337341308594
2016-12-20,116.08999633789062,81.67415618896484
2016-12-21,116.45999908447266,81.9344711303711
2016-12-22,116.1500015258789,81.94013214111328
2016-12-23,116.33000183105469,82.06706237792969
2016-12-27,116.12000274658203,81.91896057128906
2016-12-28,116.55000305175781,82.22232818603516
2016-12-29,117.0,82.5397720336914
2016-12-30,117.18000030517578,82.66675567626953
2017-01-03,117.27999877929688,82.73729705810547
2017-01-04,117.68000030517578,83.0194320678711
2017-01-05,118.30999755859375,83.46391296386719
2017-01-06,117.69000244140625,83.0265884399414
2017-01-09,117.91999816894531,83.18875885009766
2017-01-10,117.8499984741211,83.13941192626953
2017-01-11,118.02999877929688,83.2663803100586
2017-01-12,118.0199966430664,83.25933837890625
2017-01-13,117.77999877929688,83.0899887084961
2017-01-17,118.29000091552734,83.4498291015625
2017-01-18,117.51000213623047,82.8995361328125
2017-01-19,117.11000061035156,82.61735534667969
2017-01-20,117.31999969482422,82.76551055908203
2017-01-23,117.86000061035156,83.1464614868164
2017-01-24,117.51000213623047,82.8995361328125
2017-01-25,117.05999755859375,82.58208465576172
2017-01-26,117.19999694824219,82.68085479736328
2017-01-27,117.33999633789062,82.77960205078125
2017-01-30,117.13999938964844,82.63851165771484
2017-01-31,117.3499984741211,82.78666687011719
2017-02-01,116.88999938964844,82.68477630615234
2017-02-02,116.91999816894531,82.70606994628906
2017-02-03,117.05000305175781,82.79798889160156
2017-02-06,117.41999816894531,83.05970764160156
2017-02-07,117.62000274658203,83.20116424560547
2017-02-08,118.02999877929688,83.49121856689453
2017-02-09,117.55999755859375,83.1587142944336
2017-02-10,117.52999877929688,83.1375503540039
2017-02-13,117.4800033569336,83.10216522216797
2017-02-14,117.19999694824219,82.90409851074219
2017-02-15,117.11000061035156,82.8404312133789
2017-02-16,117.44000244140625,83.07382202148438
2017-02-17,117.73999786376953,83.28607940673828
2017-02-21,117.79000091552734,83.3214111328125
2017-02-22,117.87999725341797,83.38507080078125
2017-02-23,118.18000030517578,83.59732055664062
2017-02-24,118.77999877929688,84.02172088623047
2017-02-27,118.5,83.82368469238281
2017-02-28,118.58000183105469,83.88030242919922
2017-03-01,117.55999755859375,83.38443756103516
2017-03-02,117.37999725341797,83.25679779052734
2017-03-03,117.5,83.34192657470703
2017-03-06,117.29000091552734,83.1929702758789
2017-03-07,116.70999908447266,82.78157043457031
2017-03-08,116.3499984741211,82.52623748779297
2017-03-09,115.72000122070312,82.07933044433594
2017-03-10,116.01000213623047,82.2850570678711
2017-03-13,115.62000274658203,82.00845336914062
2017-03-14,115.72000122070312,82.07933044433594
2017-03-15,116.72000122070312,82.7886962890625
2017-03-16,116.55000305175781,82.6680908203125
2017-03-17,116.81999969482422,82.85958099365234
2017-03-20,117.08999633789062,83.05111694335938
2017-03-21,117.37999725341797,83.25679779052734
2017-03-22,117.68000030517578,83.46954345703125
2017-03-23,117.5999984741211,83.41283416748047
2017-03-24,117.72000122070312,83.49796295166016
2017-03-27,117.97000122070312,83.67527770996094
2017-03-28,117.72000122070312,83.49796295166016
2017-03-29,118.0999984741211,83.76750183105469
2017-03-30,117.79000091552734,83.54759216308594
2017-03-31,117.91000366210938,83.63272094726562
2017-04-03,118.12000274658203,84.00827026367188
2017-04-04,117.80999755859375,83.78777313232422
2017-04-05,117.95999908447266,83.89442443847656
2017-04-06,118.06999969482422,83.97265625
2017-04-07,117.77999877929688,83.76642608642578
2017-04-10,118.0,83.92286682128906
2017-04-11,118.55000305175781,84.31409454345703
2017-04-12,118.94000244140625,84.5914306640625
2017-04-13,119.13999938964844,84.733642578125
2017-04-17,118.91000366210938,84.57010650634766
2017-04-18,119.61000061035156,85.06795501708984
2017-04-19,119.25,84.81195068359375
2017-04-20,119.08000183105469,84.69099426269531
2017-04-21,119.08000183105469,84.69099426269531
2017-04-24,118.91999816894531,84.57719421386719
2017-04-25,118.44999694824219,84.24292755126953
2017-04-26,118.73999786376953,84.44917297363281
2017-04-27,118.8499984741211,84.52741241455078
2017-04-28,118.98999786376953,84.62699890136719
2017-05-01,118.30000305175781,84.36458587646484
2017-05-02,118.6500015258789,84.6141586303711
2017-05-03,118.58999633789062,84.57134246826172
2017-05-04,118.36000061035156,84.4073486328125
2017-05-05,118.4000015258789,84.4359130859375
2017-05-08,118.19000244140625,84.28610229492188
2017-05-09,118.20999908447266,84.30036163330078
2017-05-10,118.37000274658203,84.41448211669922
2017-05-11,118.43000030517578,84.45726776123047
2017-05-12,119.02999877929688,84.88517761230469
2017-05-15,119.0199966430664,84.8780288696289
2017-05-16,119.19000244140625,84.99922943115234
2017-05-17,119.91999816894531,85.51984405517578
2017-05-18,119.9000015258789,85.50559997558594
2017-05-19,119.97000122070312,85.55552673339844
2017-05-22,119.87000274658203,85.48417663574219
2017-05-23,119.5,85.22035217285156
2017-05-24,119.69000244140625,85.35582733154297
2017-05-25,119.73999786376953,85.3914794921875
2017-05-26,119.83000183105469,85.4556884765625
2017-05-30,120.11000061035156,85.65532684326172
2017-05-31,120.25,85.75518798828125
2017-06-01,119.95999908447266,85.77375793457031
2017-06-02,120.5199966430664,86.17417907714844
2017-06-05,120.18000030517578,85.93108367919922
2017-06-06,120.52999877929688,86.18134307861328
2017-06-07,120.37999725341797,86.07408142089844
2017-06-08,120.16999816894531,85.92390441894531
2017-06-09,120.05000305175781,85.83812713623047
2017-06-12,120.08000183105469,85.85955810546875
2017-06-13,120.20999908447266,85.9525146484375
2017-06-14,121.02999877929688,86.53884887695312
2017-06-15,120.73999786376953,86.33146667480469
2017-06-16,120.83999633789062,86.40299987792969
2017-06-19,120.69000244140625,86.29571533203125
2017-06-20,120.95999908447266,86.48882293701172
2017-06-21,121.0199966430664,86.5317153930664
2017-06-22,121.12000274658203,86.60320281982422
2017-06-23,121.18000030517578,86.6461181640625
2017-06-26,121.4000015258789,86.80340576171875
2017-06-27,120.8499984741211,86.41012573242188
2017-06-28,120.9800033569336,86.50309753417969
2017-06-29,120.61000061035156,86.238525390625
2017-06-30,120.51000213623047,86.16704559326172
2017-07-03,119.93000030517578,85.98065948486328
2017-07-05,120.12999725341797,86.12399291992188
2017-07-06,119.81999969482422,85.90176391601562
2017-07-07,119.72000122070312,85.83008575439453
2017-07-10,119.91999816894531,85.97347259521484
2017-07-11,119.97000122070312,86.0093002319336
2017-07-12,120.5,86.38929748535156
2017-07-13,120.29000091552734,86.2387466430664
2017-07-14,120.56999969482422,86.439453125
2017-07-17,120.68000030517578,86.51836395263672
2017-07-18,121.19999694824219,86.89112091064453
2017-07-19,121.16000366210938,86.86245727539062
2017-07-20,121.2699966430664,86.94126892089844
2017-07-21,121.55000305175781,87.14205932617188
2017-07-24,121.41000366210938,87.04170989990234
2017-07-25,120.69000244140625,86.52548217773438
2017-07-26,121.08999633789062,86.812255859375
2017-07-27,120.79000091552734,86.59716796875
2017-07-28,121.11000061035156,86.82659912109375
2017-07-31,121.11000061035156,86.82659912109375
2017-08-01,121.2300033569336,87.14144897460938
2017-08-02,121.04000091552734,87.00489807128906
2017-08-03,121.20999908447266,87.12708282470703
2017-08-04,120.73999786376953,86.78923797607422
2017-08-07,120.7699966430664,86.81079864501953
2017-08-08,120.19000244140625,86.39389038085938
2017-08-09,120.30999755859375,86.48013305664062
2017-08-10,120.2699966430664,86.4513931274414
2017-08-11,120.48999786376953,86.60950469970703
2017-08-14,120.41000366210938,86.55201721191406
2017-08-15,120.2699966430664,86.4513931274414
2017-08-16,120.61000061035156,86.69576263427734
2017-08-17,120.7300033569336,86.78204345703125
2017-08-18,120.6500015258789,86.72452545166016
2017-08-21,120.81999969482422,86.84671783447266
2017-08-22,120.69999694824219,86.76046752929688
2017-08-23,121.16000366210938,87.09112548828125
2017-08-24,120.93000030517578,86.9258041381836
2017-08-25,121.20999908447266,87.12708282470703
2017-08-28,121.20999908447266,87.12708282470703
2017-08-29,121.30000305175781,87.19174194335938
2017-08-30,121.4000015258789,87.263671875
2017-08-31,121.61000061035156,87.41454315185547
2017-09-01,120.80999755859375,87.06863403320312
2017-09-05,121.55999755859375,87.60918426513672
2017-09-06,121.12999725341797,87.2992935180664
2017-09-07,121.5999984741211,87.63799285888672
2017-09-08,121.23999786376953,87.37857055664062
2017-09-11,120.87000274658203,87.11189270019531
2017-09-12,120.73999786376953,87.0182113647461
2017-09-13,120.62000274658203,86.9317398071289
2017-09-14,120.91999816894531,87.14794158935547
2017-09-15,121.0199966430664,87.22001647949219
2017-09-18,120.9000015258789,87.1335220336914
2017-09-19,120.97000122070312,87.18395233154297
2017-09-20,120.81999969482422,87.07585144042969
2017-09-21,120.81999969482422,87.07585144042969
2017-09-22,120.9800033569336,87.19119262695312
2017-09-25,121.43000030517578,87.51546478271484
2017-09-26,121.41000366210938,87.50112915039062
2017-09-27,120.94000244140625,87.16232299804688
2017-09-28,121.12000274658203,87.29207611083984
2017-09-29,121.2300033569336,87.37132263183594
2017-10-02,121.0199966430664,87.45301055908203
2017-10-03,121.29000091552734,87.64811706542969
2017-10-04,121.22000122070312,87.59754180908203
2017-10-05,121.05000305175781,87.47470092773438
2017-10-06,120.94999694824219,87.40238952636719
2017-10-09,121.05000305175781,87.47470092773438
2017-10-10,121.12999725341797,87.5324935913086
2017-10-11,121.06999969482422,87.4891128540039
2017-10-12,121.0999984741211,87.51081848144531
2017-10-13,121.58000183105469,87.85769653320312
2017-10-16,121.41000366210938,87.73487091064453
2017-10-17,121.38999938964844,87.72041320800781
2017-10-18,121.20999908447266,87.5903549194336
2017-10-19,121.38999938964844,87.72041320800781
2017-10-20,121.05999755859375,87.48188781738281
2017-10-23,121.18000030517578,87.56863403320312
2017-10-24,120.87999725341797,87.35186767578125
2017-10-25,120.55999755859375,87.12060546875
2017-10-26,120.55000305175781,87.1134033203125
2017-10-27,120.91000366210938,87.37349700927734
2017-10-30,121.30999755859375,87.6625747680664
2017-10-31,121.13999938964844,87.53972625732422
2017-11-01,121.01000213623047,87.67811584472656
2017-11-02,120.98999786376953,87.6635971069336
2017-11-03,121.12999725341797,87.76507568359375
2017-11-06,121.16000366210938,87.78678894042969
2017-11-07,121.05999755859375,87.71435546875
2017-11-08,120.9000015258789,87.59841918945312
2017-11-09,120.58000183105469,87.36656188964844
2017-11-10,119.88999938964844,86.86660766601562
2017-11-13,119.91000366210938,86.88114929199219
2017-11-14,119.94000244140625,86.90281677246094
2017-11-15,120.44999694824219,87.27235412597656
2017-11-16,120.30999755859375,87.17095947265625
2017-11-17,120.45999908447266,87.27960205078125
2017-11-20,120.45999908447266,87.27960205078125
2017-11-21,120.86000061035156,87.56941986083984
2017-11-22,121.33000183105469,87.90996551513672
2017-11-24,121.19000244140625,87.8084945678711
2017-11-27,121.12000274658203,87.75782012939453
2017-11-28,121.29000091552734,87.8810043334961
2017-11-29,120.80999755859375,87.533203125
2017-11-30,120.66999816894531,87.4317626953125
2017-12-01,120.72000122070312,87.7020034790039
2017-12-04,120.91000366210938,87.84005737304688
2017-12-05,121.13999938964844,88.00716400146484
2017-12-06,121.37000274658203,88.17426300048828
2017-12-07,121.12999725341797,87.99990844726562
2017-12-08,120.9800033569336,87.89090728759766
2017-12-11,121.06999969482422,87.956298828125
2017-12-12,120.9800033569336,87.89090728759766
2017-12-13,121.4000015258789,88.1960220336914
2017-12-14,121.62000274658203,88.35587310791016
2017-12-15,121.79000091552734,88.4793701171875
2017-12-18,121.43000030517578,88.21781158447266
2017-12-19,120.80999755859375,87.76738739013672
2017-12-20,120.48999786376953,87.534912109375
2017-12-21,120.55999755859375,87.77082824707031
2017-12-22,120.6500015258789,87.8363265991211
2017-12-26,120.80999755859375,87.95279693603516
2017-12-27,121.4800033569336,88.44064331054688
2017-12-28,121.4000015258789,88.38233947753906
2017-12-29,121.55999755859375,88.49882507324219
2018-01-02,120.75,87.90911102294922
2018-01-03,120.97000122070312,88.06930541992188
2018-01-04,120.93000030517578,88.0401611328125
2018-01-05,120.88999938964844,88.01107788085938
2018-01-08,120.87999725341797,88.00379180908203
2018-01-09,120.44000244140625,87.6834487915039
2018-01-10,120.5199966430664,87.74168395996094
2018-01-11,120.80999755859375,87.95279693603516
2018-01-12,120.83000183105469,87.96733093261719
2018-01-16,120.94000244140625,88.0474624633789
2018-01-17,120.61000061035156,87.8072280883789
2018-01-18,120.13999938964844,87.46503448486328
2018-01-19,119.7699966430664,87.19566345214844
2018-01-22,119.66000366210938,87.1155776977539
2018-01-23,120.18000030517578,87.494140625
2018-01-24,120.0999984741211,87.4359359741211
2018-01-25,120.70999908447266,87.88002014160156
2018-01-26,120.55000305175781,87.76351165771484
2018-01-29,120.2300033569336,87.53054809570312
2018-01-30,119.81999969482422,87.2320556640625
2018-01-31,120.06999969482422,87.41404724121094
2018-02-01,119.22000122070312,87.02790832519531
2018-02-02,118.61000061035156,86.5826416015625
2018-02-05,118.68000030517578,86.63369750976562
2018-02-06,118.44000244140625,86.4585189819336
2018-02-07,118.11000061035156,86.21764373779297
2018-02-08,117.5999984741211,85.84532928466797
2018-02-09,117.22000122070312,85.56794738769531
2018-02-12,117.22000122070312,85.56794738769531
2018-02-13,117.18000030517578,85.53873443603516
2018-02-14,116.75,85.22486114501953
2018-02-15,117.30000305175781,85.62635803222656
2018-02-16,117.6500015258789,85.88184356689453
2018-02-20,117.1500015258789,85.5168685913086
2018-02-21,116.51000213623047,85.04969024658203
2018-02-22,116.66999816894531,85.16645050048828
2018-02-23,117.20999908447266,85.5606460571289
2018-02-26,117.36000061035156,85.67015075683594
2018-02-27,116.8499984741211,85.29786682128906
2018-02-28,117.06999969482422,85.45846557617188
2018-03-01,116.62000274658203,85.3705825805664
2018-03-02,116.25,85.09976196289062
2018-03-05,116.20999908447266,85.07050323486328
2018-03-06,116.30999755859375,85.1436767578125
2018-03-07,116.2699966430664,85.1143798828125
2018-03-08,116.5,85.28275299072266
2018-03-09,116.08999633789062,84.98265838623047
2018-03-12,116.23999786376953,85.09243774414062
2018-03-13,116.25,85.09976196289062
2018-03-14,116.51000213623047,85.29011535644531
2018-03-15,116.62999725341797,85.3779525756836
2018-03-16,116.76000213623047,85.47307586669922
2018-03-19,116.37000274658203,85.18757629394531
2018-03-20,115.95999908447266,84.88750457763672
2018-03-21,115.88999938964844,84.83618927001953
2018-03-22,116.08999633789062,84.98265838623047
2018-03-23,115.72000122070312,84.7117919921875
2018-03-26,116.12999725341797,85.0119400024414
2018-03-27,116.55000305175781,85.31942749023438
2018-03-28,116.86000061035156,85.54631042480469
2018-03-29,117.38999938964844,85.93428039550781
2018-04-02,116.98999786376953,85.88803100585938
2018-04-03,116.68000030517578,85.66045379638672
2018-04-04,116.68000030517578,85.66045379638672
2018-04-05,116.72000122070312,85.68983459472656
2018-04-06,117.06999969482422,85.94673156738281
2018-04-09,117.12999725341797,85.99082946777344
2018-04-10,117.16000366210938,86.01287841796875
2018-04-11,117.23999786376953,86.07157897949219
2018-04-12,116.91999816894531,85.8366470336914
2018-04-13,116.95999908447266,85.86602783203125
2018-04-16,116.97000122070312,85.87335205078125
2018-04-17,116.9800033569336,85.88070678710938
2018-04-18,116.37999725341797,85.4401626586914
2018-04-19,115.94000244140625,85.11715698242188
2018-04-20,115.47000122070312,84.7721176147461
2018-04-23,115.41999816894531,84.73542785644531
2018-04-24,115.08000183105469,84.4858169555664
2018-04-25,114.72000122070312,84.22150421142578
2018-04-26,115.05999755859375,84.47111511230469
2018-04-27,115.31999969482422,84.66204833984375
2018-04-30,115.22000122070312,84.58860778808594
2018-05-01,114.58000183105469,84.35958099365234
2018-05-02,114.48999786376953,84.29336547851562
2018-05-03,114.51000213623047,84.30811309814453
2018-05-04,114.66999816894531,84.42588806152344
2018-05-07,114.54000091552734,84.33015441894531
2018-05-08,114.5,84.30071258544922
2018-05-09,114.4800033569336,84.2859878540039
2018-05-10,115.05999755859375,84.71300506591797
2018-05-11,115.26000213623047,84.86026763916016
2018-05-14,115.05000305175781,84.7056655883789
2018-05-15,114.18000030517578,84.06512451171875
2018-05-16,114.02999877929688,83.9546890258789
2018-05-17,113.80999755859375,83.7927017211914
2018-05-18,114.27999877929688,84.13874053955078
2018-05-21,114.3499984741211,84.19029235839844
2018-05-22,114.2300033569336,84.10192108154297
2018-05-23,114.72000122070312,84.46267700195312
2018-05-24,115.04000091552734,84.69828796386719
2018-05-25,115.37999725341797,84.94862365722656
2018-05-29,115.98999786376953,85.39772033691406
2018-05-30,115.54000091552734,85.06642150878906
2018-05-31,115.48999786376953,85.02960205078125
2018-06-01,114.91000366210938,84.86641693115234
2018-06-04,114.6500015258789,84.67439270019531
2018-06-05,114.7300033569336,84.73346710205078
2018-06-06,114.30999755859375,84.42323303222656
2018-06-07,114.69000244140625,84.70391845703125
2018-06-08,114.5,84.5635757446289
2018-06-11,114.38999938964844,84.48235321044922
2018-06-12,114.4000015258789,84.48973846435547
2018-06-13,114.29000091552734,84.40849304199219
2018-06-14,114.80999755859375,84.79251861572266
2018-06-15,114.6500015258789,84.67439270019531
2018-06-18,114.52999877929688,84.5858154296875
2018-06-19,114.58999633789062,84.63008880615234
2018-06-20,113.94999694824219,84.15735626220703
2018-06-21,113.86000061035156,84.09090423583984
2018-06-22,114.0,84.19428253173828
2018-06-25,113.88999938964844,84.11309814453125
2018-06-26,114.2699966430664,84.39374542236328
2018-06-27,114.66000366210938,84.6817626953125
2018-06-28,114.51000213623047,84.57097625732422
2018-06-29,114.56999969482422,84.61528778076172
2018-07-02,114.23999786376953,84.62640380859375
2018-07-03,114.66000366210938,84.93756103515625
2018-07-05,115.0199966430664,85.2042007446289
2018-07-06,115.18000030517578,85.32270812988281
2018-07-09,115.26000213623047,85.38201904296875
2018-07-10,115.12999725341797,85.2856674194336
2018-07-11,115.36000061035156,85.45606994628906
2018-07-12,115.61000061035156,85.64128112792969
2018-07-13,115.69999694824219,85.7079086303711
2018-07-16,115.51000213623047,85.56719207763672
2018-07-17,115.43000030517578,85.50794219970703
2018-07-18,115.41000366210938,85.49310302734375
2018-07-19,115.58999633789062,85.62645721435547
2018-07-20,115.25,85.37458801269531
2018-07-23,114.79000091552734,85.03382873535156
2018-07-24,115.1500015258789,85.3005142211914
2018-07-25,115.30000305175781,85.41162109375
2018-07-26,115.41000366210938,85.49310302734375
2018-07-27,115.55999755859375,85.60424041748047
2018-07-30,115.4000015258789,85.48571014404297
2018-07-31,115.76000213623047,85.75236511230469
2018-08-01,115.01000213623047,85.44996643066406
2018-08-02,115.1500015258789,85.55401611328125
2018-08-03,115.51000213623047,85.82147979736328
2018-08-06,115.62000274658203,85.9031753540039
2018-08-07,115.26000213623047,85.63572692871094
2018-08-08,115.08000183105469,85.50201416015625
2018-08-09,115.16999816894531,85.56891632080078
2018-08-10,115.36000061035156,85.71002960205078
2018-08-13,115.33000183105469,85.68773651123047
2018-08-14,115.4800033569336,85.79917907714844
2018-08-15,115.72000122070312,85.9775161743164
2018-08-16,115.87000274658203,86.08897399902344
2018-08-17,115.97000122070312,86.16323852539062
2018-08-20,116.2699966430664,86.38614654541016
2018-08-21,115.9800033569336,86.170654296875
2018-08-22,115.97000122070312,86.16323852539062
2018-08-23,116.01000213623047,86.1929702758789
2018-08-24,116.23999786376953,86.36383056640625
2018-08-27,116.05999755859375,86.23011016845703
2018-08-28,115.62000274658203,85.9031753540039
2018-08-29,115.5,85.81404113769531
2018-08-30,115.61000061035156,85.89579010009766
2018-08-31,115.44000244140625,85.76947784423828
2018-09-04,114.87999725341797,85.61148834228516
2018-09-05,114.80999755859375,85.5593032836914
2018-09-06,115.12999725341797,85.7977523803711
2018-09-07,114.6500015258789,85.44007873535156
2018-09-10,115.02999877929688,85.72328186035156
2018-09-11,114.7699966430664,85.52952575683594
2018-09-12,115.0,85.70085906982422
2018-09-13,115.23999786376953,85.8797836303711
2018-09-14,115.0999984741211,85.77545166015625
2018-09-17,115.02999877929688,85.72328186035156
2018-09-18,114.55999755859375,85.37298583984375
2018-09-19,114.38999938964844,85.2463150024414
2018-09-20,114.69000244140625,85.46994018554688
2018-09-21,114.70999908447266,85.48480987548828
2018-09-24,114.44999694824219,85.29103088378906
2018-09-25,114.44999694824219,85.29103088378906
2018-09-26,114.86000061035156,85.59659576416016
2018-09-27,115.01000213623047,85.70834350585938
2018-09-28,114.93000030517578,85.64872741699219
2018-10-01,114.41999816894531,85.5306167602539
2018-10-02,114.5199966430664,85.60540008544922
2018-10-03,113.8499984741211,85.10456848144531
2018-10-04,113.37999725341797,84.75323486328125
2018-10-05,112.94000244140625,84.42430114746094
2018-10-08,112.81999969482422,84.3346176147461
2018-10-09,113.13999938964844,84.57379150390625
2018-10-10,112.83000183105469,84.34210968017578
2018-10-11,113.30000305175781,84.69342041015625
2018-10-12,113.31999969482422,84.7083511352539
2018-10-15,113.11000061035156,84.55139923095703
2018-10-16,113.4000015258789,84.7681655883789
2018-10-17,112.83999633789062,84.34953308105469
2018-10-18,112.83999633789062,84.34953308105469
2018-10-19,112.69999694824219,84.24493408203125
2018-10-22,112.55999755859375,84.14024353027344
2018-10-23,112.72000122070312,84.2598648071289
2018-10-24,112.87999725341797,84.37946319580078
2018-10-25,112.73999786376953,84.2748031616211
2018-10-26,112.93000030517578,84.41690063476562
2018-10-29,112.80000305175781,84.31964111328125
2018-10-30,112.55000305175781,84.13276672363281
2018-10-31,112.2300033569336,83.89358520507812
2018-11-01,112.19999694824219,84.14784240722656
2018-11-02,111.75,83.81033325195312
2018-11-05,111.94999694824219,83.96033477783203
2018-11-06,112.13999938964844,84.10284423828125
2018-11-07,112.43000030517578,84.32035064697266
2018-11-08,112.0999984741211,84.07283782958984
2018-11-09,112.18000030517578,84.13279724121094
2018-11-12,112.16999816894531,84.12529754638672
2018-11-13,112.0199966430664,84.01283264160156
2018-11-14,111.72000122070312,83.78782653808594
2018-11-15,111.51000213623047,83.6303482055664
2018-11-16,111.7300033569336,83.79533386230469
2018-11-19,111.62000274658203,83.71281433105469
2018-11-20,111.3499984741211,83.51038360595703
2018-11-21,111.58999633789062,83.69033813476562
2018-11-23,111.63999938964844,83.72782897949219
2018-11-26,111.69000244140625,83.76534271240234
2018-11-27,111.55000305175781,83.66033935546875
2018-11-28,111.8499984741211,83.88533020019531
2018-11-29,111.52999877929688,83.64533996582031
2018-11-30,111.45999908447266,83.59283447265625
2018-12-03,111.5199966430664,83.90353393554688
2018-12-04,111.54000091552734,83.9186019897461
2018-12-06,111.87999725341797,84.17439270019531
2018-12-07,111.88999938964844,84.18195343017578
2018-12-10,112.2300033569336,84.43775939941406
2018-12-11,112.43000030517578,84.58821868896484
2018-12-12,112.55000305175781,84.67850494384766
2018-12-13,112.8499984741211,84.90422821044922
2018-12-14,112.7300033569336,84.81393432617188
2018-12-17,112.8499984741211,84.90422821044922
2018-12-18,112.9000015258789,85.20759582519531
2018-12-19,112.80999755859375,85.13968658447266
2018-12-20,112.44000244140625,84.86042785644531
2018-12-21,112.33000183105469,84.77742004394531
2018-12-24,112.06999969482422,84.5811538696289
2018-12-26,111.9800033569336,84.51325225830078
2018-12-27,111.9800033569336,84.51325225830078
2018-12-28,112.51000213623047,84.91325378417969
2018-12-31,112.81999969482422,85.1472396850586
2019-01-02,113.16999816894531,85.41134643554688
2019-01-03,113.22000122070312,85.44912719726562
2019-01-04,113.1500015258789,85.39627075195312
2019-01-07,113.16000366210938,85.40382385253906
2019-01-08,113.41000366210938,85.592529296875
2019-01-09,113.83999633789062,85.91705322265625
2019-01-10,113.54000091552734,85.69063568115234
2019-01-11,113.75,85.84913635253906
2019-01-14,113.44999694824219,85.62268829345703
2019-01-15,113.5199966430664,85.67554473876953
2019-01-16,113.73999786376953,85.84160614013672
2019-01-17,113.97000122070312,86.01512908935547
2019-01-18,114.16999816894531,86.16609191894531
2019-01-22,114.36000061035156,86.30948638916016
2019-01-23,114.6500015258789,86.52832794189453
2019-01-24,114.94999694824219,86.75479888916016
2019-01-25,115.05000305175781,86.83024597167969
2019-01-28,115.02999877929688,86.81515502929688
2019-01-29,115.27999877929688,87.00382232666016
2019-01-30,115.80999755859375,87.40379333496094
2019-01-31,116.62000274658203,88.01513671875
2019-02-01,115.98999786376953,87.805419921875
2019-02-04,115.83000183105469,87.684326171875
2019-02-05,116.30000305175781,88.04011535644531
2019-02-06,116.08000183105469,87.87360382080078
2019-02-07,116.05999755859375,87.85847473144531
2019-02-08,116.3499984741211,88.07796478271484
2019-02-11,116.08999633789062,87.88116455078125
2019-02-12,116.25,88.00231170654297
2019-02-13,115.94999694824219,87.77515411376953
2019-02-14,116.08000183105469,87.87360382080078
2019-02-15,116.22000122070312,87.9795913696289
2019-02-19,116.29000091552734,88.0325698852539
2019-02-20,116.19000244140625,87.95686340332031
2019-02-21,115.86000061035156,87.70702362060547
2019-02-22,116.37999725341797,88.10071563720703
2019-02-25,116.33999633789062,88.07038116455078
2019-02-26,116.5199966430664,88.2066879272461
2019-02-27,116.19000244140625,87.95686340332031
2019-02-28,116.02999877929688,87.83572387695312
2019-03-01,115.47000122070312,87.68234252929688
2019-03-04,115.7300033569336,87.8797607421875
2019-03-05,115.7699966430664,87.91014099121094
2019-03-06,115.87999725341797,87.99365234375
2019-03-07,116.26000213623047,88.2822494506836
2019-03-08,116.41000366210938,88.39614868164062
2019-03-11,116.54000091552734,88.49488067626953
2019-03-12,116.86000061035156,88.73786163330078
2019-03-13,116.66999816894531,88.59358978271484
2019-03-14,116.44000244140625,88.4189224243164
2019-03-15,116.86000061035156,88.73786163330078
2019-03-18,116.80000305175781,88.6922378540039
2019-03-19,116.81999969482422,88.70748901367188
2019-03-20,117.61000061035156,89.30732727050781
2019-03-21,117.83000183105469,89.47445678710938
2019-03-22,118.55000305175781,90.02113342285156
2019-03-25,118.79000091552734,90.2033920288086
2019-03-26,118.83999633789062,90.2413558959961
2019-03-27,119.0,90.36286163330078
2019-03-28,119.1500015258789,90.47677612304688
2019-03-29,119.05999755859375,90.40840911865234
2019-04-01,118.26000213623047,90.07177734375
2019-04-02,118.41999816894531,90.193603515625
2019-04-03,118.16999816894531,90.00323486328125
2019-04-04,118.36000061035156,90.14794921875
2019-04-05,118.55000305175781,90.29264068603516
2019-04-08,118.37999725341797,90.16317749023438
2019-04-09,118.62999725341797,90.35357666015625
2019-04-10,119.20999908447266,90.79534912109375
2019-04-11,119.08999633789062,90.70393371582031
2019-04-12,119.0199966430664,90.6506118774414
2019-04-15,118.83000183105469,90.50589752197266
2019-04-16,118.5,90.25455474853516
2019-04-17,118.4800033569336,90.23931121826172
2019-04-18,118.58000183105469,90.31548309326172
2019-04-22,118.38999938964844,90.1707992553711
2019-04-23,118.87999725341797,90.54395294189453
2019-04-24,119.27999877929688,90.84864807128906
2019-04-25,119.22000122070312,90.80296325683594
2019-04-26,119.63999938964844,91.12281036376953
2019-04-29,119.16999816894531,90.76487731933594
2019-04-30,119.22000122070312,90.80296325683594
2019-05-01,118.83000183105469,90.77393341064453
2019-05-02,118.4000015258789,90.4454345703125
2019-05-03,118.93000030517578,90.85032653808594
2019-05-06,119.08999633789062,90.9725570678711
2019-05-07,119.08000183105469,90.9648666381836
2019-05-08,118.68000030517578,90.65930938720703
2019-05-09,118.79000091552734,90.74334716796875
2019-05-10,118.86000061035156,90.79684448242188
2019-05-13,118.93000030517578,90.85032653808594
2019-05-14,119.0999984741211,90.98018646240234
2019-05-15,119.43000030517578,91.23226928710938
2019-05-16,119.23999786376953,91.08708953857422
2019-05-17,119.25,91.09474182128906
2019-05-20,118.97000122070312,90.88086700439453
2019-05-21,119.06999969482422,90.95726776123047
2019-05-22,119.22000122070312,91.07183837890625
2019-05-23,119.4800033569336,91.27044677734375
2019-05-24,119.7300033569336,91.4614486694336
2019-05-28,119.80999755859375,91.52253723144531
2019-05-29,119.86000061035156,91.56069946289062
2019-05-30,120.55000305175781,92.08785247802734
2019-05-31,120.83000183105469,92.30171203613281
2019-06-03,120.83000183105469,92.58599090576172
2019-06-04,120.87000274658203,92.61664581298828
2019-06-05,120.79000091552734,92.55535888671875
2019-06-06,121.0199966430664,92.73162841796875
2019-06-07,121.55999755859375,93.14537048339844
2019-06-10,121.12000274658203,92.80821228027344
2019-06-11,121.2300033569336,92.89250183105469
2019-06-12,121.41000366210938,93.03042602539062
2019-06-13,121.72000122070312,93.26795959472656
2019-06-14,121.7699966430664,93.3062515258789
2019-06-17,121.83000183105469,93.35225677490234
2019-06-18,122.63999938964844,93.97290802001953
2019-06-19,123.41999816894531,94.57057189941406
2019-06-20,124.08999633789062,95.08396911621094
2019-06-21,123.63999938964844,94.73918151855469
2019-06-24,123.94999694824219,94.9766845703125
2019-06-25,123.58000183105469,94.69319915771484
2019-06-26,123.33000183105469,94.50162506103516
2019-06-27,124.05000305175781,95.05329895019531
2019-06-28,124.37000274658203,95.29852294921875
2019-07-01,124.25,95.47913360595703
2019-07-02,124.58999633789062,95.74036407470703
2019-07-03,124.93000030517578,96.00160217285156
2019-07-05,123.83000183105469,95.15638732910156
2019-07-08,123.66000366210938,95.02569580078125
2019-07-09,123.4000015258789,94.82593536376953
2019-07-10,123.68000030517578,95.04106140136719
2019-07-11,122.94999694824219,94.48013305664062
2019-07-12,123.06999969482422,94.57232666015625
2019-07-15,123.27999877929688,94.73368835449219
2019-07-16,123.0199966430664,94.53389739990234
2019-07-17,123.66999816894531,95.0334243774414
2019-07-18,123.95999908447266,95.25627899169922
2019-07-19,123.7699966430664,95.11023712158203
2019-07-22,124.1500015258789,95.40228271484375
2019-07-23,124.22000122070312,95.4560775756836
2019-07-24,124.56999969482422,95.72498321533203
2019-07-25,124.16999816894531,95.41766357421875
2019-07-26,124.33999633789062,95.54827880859375
2019-07-29,124.26000213623047,95.4867935180664
2019-07-30,124.22000122070312,95.4560775756836
2019-07-31,124.33000183105469,95.54057312011719
2019-08-01,124.98999786376953,96.31731414794922
2019-08-02,125.12000274658203,96.41753387451172
2019-08-05,125.20999908447266,96.48689270019531
2019-08-06,125.98999786376953,97.08797454833984
2019-08-07,125.97000122070312,97.07251739501953
2019-08-08,126.30999755859375,97.33451080322266
2019-08-09,125.94000244140625,97.04940795898438
2019-08-12,126.7300033569336,97.65819549560547
2019-08-13,126.62999725341797,97.58113861083984
2019-08-14,127.0,97.86624145507812
2019-08-15,127.62000274658203,98.34400177001953
2019-08-16,127.8499984741211,98.52123260498047
2019-08-19,127.43000030517578,98.19764709472656
2019-08-20,128.1699981689453,98.76785278320312
2019-08-21,128.39999389648438,98.94507598876953
2019-08-22,127.93000030517578,98.58291625976562
2019-08-23,128.39999389648438,98.94507598876953
2019-08-26,128.41000366210938,98.95278930664062
2019-08-27,129.10000610351562,99.4845199584961
2019-08-28,129.10000610351562,99.4845199584961
2019-08-29,128.82000732421875,99.26876068115234
2019-08-30,128.8000030517578,99.25336456298828
2019-09-03,128.3300018310547,99.15984344482422
2019-09-04,128.57000732421875,99.34529113769531
2019-09-05,127.62999725341797,98.61893463134766
2019-09-06,128.08999633789062,98.974365234375
2019-09-09,127.1500015258789,98.24803924560547
2019-09-10,126.08000183105469,97.42125701904297
2019-09-11,125.9800033569336,97.34400177001953
2019-09-12,125.80999755859375,97.21265411376953
2019-09-13,124.68000030517578,96.3394775390625
2019-09-16,125.30999755859375,96.82630920410156
2019-09-17,125.62999725341797,97.07355499267578
2019-09-18,125.94000244140625,97.3131103515625
2019-09-19,126.30000305175781,97.59125518798828
2019-09-20,127.16999816894531,98.26349639892578
2019-09-23,127.08000183105469,98.19395446777344
2019-09-24,127.4800033569336,98.5030288696289
2019-09-25,126.76000213623047,97.94671630859375
2019-09-26,127.02999877929688,98.15531158447266
2019-09-27,127.05999755859375,98.17853546142578
2019-09-30,127.4800033569336,98.5030288696289
2019-10-01,127.29000091552734,98.61617279052734
2019-10-02,127.23999786376953,98.57740020751953
2019-10-03,127.73999786376953,98.96476745605469
2019-10-04,128.27000427246094,99.37541198730469
2019-10-07,127.62000274658203,98.87181091308594
2019-10-08,127.51000213623047,98.78659057617188
2019-10-09,127.55999755859375,98.82530975341797
2019-10-10,126.80999755859375,98.2442398071289
2019-10-11,126.58000183105469,98.06610870361328
2019-10-14,127.0,98.39147186279297
2019-10-15,126.66000366210938,98.1280746459961
2019-10-16,126.80000305175781,98.23656463623047
2019-10-17,126.9800033569336,98.3759994506836
2019-10-18,127.13999938964844,98.49993896484375
2019-10-21,126.8499984741211,98.27527618408203
2019-10-22,127.06999969482422,98.44569396972656
2019-10-23,127.13999938964844,98.49993896484375
2019-10-24,127.41999816894531,98.71687316894531
2019-10-25,127.19999694824219,98.54643249511719
2019-10-28,126.81999969482422,98.2520523071289
2019-10-29,126.48999786376953,97.99638366699219
2019-10-30,126.94000244140625,98.34501647949219
2019-10-31,127.70999908447266,98.94153594970703
2019-11-01,127.48999786376953,99.03868103027344
2019-11-04,126.88999938964844,98.57254791259766
2019-11-05,126.16000366210938,98.0054702758789
2019-11-06,126.87000274658203,98.55699920654297
2019-11-07,125.87999725341797,97.78794860839844
2019-11-08,125.70999908447266,97.65587615966797
2019-11-11,125.75,97.68696594238281
2019-11-12,125.87000274658203,97.78018188476562
2019-11-13,126.16999816894531,98.01322937011719
2019-11-14,126.83000183105469,98.52590942382812
2019-11-15,126.8499984741211,98.54149627685547
2019-11-18,126.98999786376953,98.65023040771484
2019-11-19,127.23999786376953,98.84442138671875
2019-11-20,127.41999816894531,98.98426055908203
2019-11-21,127.12000274658203,98.75123596191406
2019-11-22,127.47000122070312,99.02313995361328
2019-11-25,127.91000366210938,99.36489868164062
2019-11-26,128.24000549316406,99.62128448486328
2019-11-27,128.22999572753906,99.613525390625
2019-11-29,127.97000122070312,99.41153717041016
2019-12-02,127.06999969482422,98.97998046875
2019-12-03,128.0500030517578,99.74337768554688
2019-12-04,127.87999725341797,99.61095428466797
2019-12-05,127.73999786376953,99.50187683105469
2019-12-06,127.66999816894531,99.4473876953125
2019-12-09,127.6500015258789,99.43177032470703
2019-12-10,127.6500015258789,99.43177032470703
2019-12-11,128.14999389648438,99.82125854492188
2019-12-12,127.55999755859375,99.36164855957031
2019-12-13,128.38999938964844,100.0082015991211
2019-12-16,128.10000610351562,99.78234100341797
2019-12-17,128.0,99.70440673828125
2019-12-18,127.91000366210938,99.6343002319336
2019-12-19,127.69999694824219,99.73271179199219
2019-12-20,127.66000366210938,99.70144653320312
2019-12-23,127.72000122070312,99.74832153320312
2019-12-24,127.8499984741211,99.84986114501953
2019-12-26,128.0800018310547,100.02947998046875
2019-12-27,128.25999450683594,100.17008209228516
2019-12-30,128.49000549316406,100.34969329833984
2019-12-31,127.95999908447266,99.93579864501953
2020-01-02,128.22999572753906,100.14663696289062
2020-01-03,128.6699981689453,100.49031829833984
2020-01-06,128.24000549316406,100.15447235107422
2020-01-07,127.91000366210938,99.8967056274414
2020-01-08,127.7300033569336,99.75614166259766
2020-01-09,128.33999633789062,100.23251342773438
2020-01-10,128.6999969482422,100.51370239257812
2020-01-13,128.38999938964844,100.27157592773438
2020-01-14,128.5500030517578,100.39655303955078
2020-01-15,128.8300018310547,100.61521911621094
2020-01-16,129.00999450683594,100.75580596923828
2020-01-17,128.99000549316406,100.740234375
2020-01-21,129.61000061035156,101.22439575195312
2020-01-22,129.67999267578125,101.27906799316406
2020-01-23,129.85000610351562,101.41188049316406
2020-01-24,130.07000732421875,101.58369445800781
2020-01-27,130.32000732421875,101.77889251708984
2020-01-28,130.25,101.72428894042969
2020-01-29,130.6699981689453,102.05225372314453
2020-01-30,130.75,102.1147689819336
2020-01-31,131.08999633789062,102.38026428222656
2020-02-03,130.64999389648438,102.29964447021484
2020-02-04,130.3300018310547,102.0490951538086
2020-02-05,130.25,101.9864501953125
2020-02-06,130.19000244140625,101.939453125
2020-02-07,130.69000244140625,102.33097839355469
2020-02-10,131.0,102.57365417480469
2020-02-11,130.80999755859375,102.42489624023438
2020-02-12,130.75,102.37792205810547
2020-02-13,130.66000366210938,102.30744934082031
2020-02-14,130.97999572753906,102.55803680419922
2020-02-18,131.22999572753906,102.7537841796875
2020-02-19,131.0500030517578,102.61283111572266
2020-02-20,131.49000549316406,102.95732879638672
2020-02-21,131.75,103.16089630126953
2020-02-24,131.77000427246094,103.17658233642578
2020-02-25,131.89999389648438,103.27836608886719
2020-02-26,131.41000366210938,102.89469909667969
2020-02-27,130.7100067138672,102.34663391113281
2020-02-28,132.17999267578125,103.49760437011719
2020-03-02,131.6999969482422,103.394775390625
2020-03-03,133.1999969482422,104.57241821289062
2020-03-04,133.38999938964844,104.72158813476562
2020-03-05,133.33999633789062,104.68233489990234
2020-03-06,134.27000427246094,105.41241455078125
2020-03-09,131.00999450683594,102.85309600830078
2020-03-10,128.05999755859375,100.53711700439453
2020-03-11,123.8499984741211,97.23193359375
2020-03-12,117.94000244140625,92.59210205078125
2020-03-13,123.05000305175781,96.60384368896484
2020-03-16,121.30000305175781,95.22998046875
2020-03-17,116.33000183105469,91.32814025878906
2020-03-18,110.51000213623047,86.75899505615234
2020-03-19,105.05000305175781,82.4724349975586
2020-03-20,106.73999786376953,83.79924774169922
2020-03-23,114.62999725341797,89.9935073852539
2020-03-24,116.9800033569336,91.83844757080078
2020-03-25,122.58000183105469,96.23487091064453
2020-03-26,122.68000030517578,96.31338500976562
2020-03-27,122.43000030517578,96.11711120605469
2020-03-30,123.91999816894531,97.286865234375
2020-03-31,123.51000213623047,96.9649887084961
2020-04-01,121.41000366210938,95.55619049072266
2020-04-02,121.7300033569336,95.80803680419922
2020-04-03,121.0999984741211,95.31216430664062
2020-04-06,123.48999786376953,97.19322204589844
2020-04-07,123.68000030517578,97.34275817871094
2020-04-08,125.91000366210938,99.09793090820312
2020-04-09,131.8300018310547,103.75728607177734
2020-04-13,130.5500030517578,102.74983215332031
2020-04-14,129.91000366210938,102.24610900878906
2020-04-15,130.77999877929688,102.93086242675781
2020-04-16,130.1300048828125,102.41928100585938
2020-04-17,130.55999755859375,102.75769805908203
2020-04-20,129.82000732421875,102.17528533935547
2020-04-21,129.36000061035156,101.81324005126953
2020-04-22,129.44000244140625,101.87623596191406
2020-04-23,129.99000549316406,102.3090591430664
2020-04-24,129.89999389648438,102.23825073242188
2020-04-27,128.85000610351562,101.41185760498047
2020-04-28,129.1999969482422,101.68734741210938
2020-04-29,130.0500030517578,102.35629272460938
2020-04-30,129.1699981689453,101.66368865966797
2020-05-01,128.33999633789062,101.26128387451172
2020-05-04,128.5399932861328,101.4190902709961
2020-05-05,128.3699951171875,101.28496551513672
2020-05-06,126.93000030517578,100.14881134033203
2020-05-07,127.2699966430664,100.41706085205078
2020-05-08,126.66000366210938,99.93578338623047
2020-05-11,125.55000305175781,99.05996704101562
2020-05-12,126.76000213623047,100.0146713256836
2020-05-13,127.05000305175781,100.2435302734375
2020-05-14,128.10000610351562,101.07196044921875
2020-05-15,128.5500030517578,101.427001953125
2020-05-18,129.27999877929688,102.0029525756836
2020-05-19,129.3800048828125,102.0818862915039
2020-05-20,130.8000030517578,103.2022933959961
2020-05-21,130.6999969482422,103.12335205078125
2020-05-22,130.6999969482422,103.12335205078125
2020-05-26,130.52000427246094,102.98137664794922
2020-05-27,131.05999755859375,103.40738677978516
2020-05-28,131.1699981689453,103.49421691894531
2020-05-29,132.02000427246094,104.16484832763672
2020-06-01,131.63999938964844,104.1189956665039
2020-06-02,132.05999755859375,104.451171875
2020-06-03,131.97999572753906,104.3879165649414
2020-06-04,131.5800018310547,104.07156372070312
2020-06-05,132.25999450683594,104.60934448242188
2020-06-08,132.6999969482422,104.9573974609375
2020-06-09,132.4199981689453,104.7359390258789
2020-06-10,133.2899932861328,105.42398834228516
2020-06-11,131.6999969482422,104.16643524169922
2020-06-12,132.33999633789062,104.6726303100586
2020-06-15,134.22000122070312,106.15957641601562
2020-06-16,133.85000610351562,105.866943359375
2020-06-17,133.58999633789062,105.6612777709961
2020-06-18,133.88999938964844,105.89860534667969
2020-06-19,133.99000549316406,105.9776840209961
2020-06-22,133.86000061035156,105.8748779296875
2020-06-23,133.61000061035156,105.6771240234375
2020-06-24,133.24000549316406,105.38447570800781
2020-06-25,133.3800048828125,105.49522399902344
2020-06-26,133.5,105.59016418457031
2020-06-29,134.1199951171875,106.08049011230469
2020-06-30,134.5,106.3810806274414
2020-07-01,134.72000122070312,106.80123901367188
2020-07-02,135.0500030517578,107.06283569335938
2020-07-06,135.39999389648438,107.34030151367188
2020-07-07,135.5800018310547,107.48302459716797
2020-07-08,135.36000061035156,107.30858612060547
2020-07-09,136.1199951171875,107.91114807128906
2020-07-10,135.8699951171875,107.712890625
2020-07-13,135.50999450683594,107.42750549316406
2020-07-14,136.3000030517578,108.05378723144531
2020-07-15,136.57000732421875,108.26785278320312
2020-07-16,136.9499969482422,108.56907653808594
2020-07-17,137.32000732421875,108.86243438720703
2020-07-20,137.6999969482422,109.16371154785156
2020-07-21,137.8800048828125,109.30638885498047
2020-07-22,138.3300018310547,109.66313934326172
2020-07-23,138.42999267578125,109.74238586425781
2020-07-24,138.1199951171875,109.49661254882812
2020-07-27,137.6999969482422,109.16371154785156
2020-07-28,137.55999755859375,109.05269622802734
2020-07-29,138.30999755859375,109.64727020263672
2020-07-30,138.16000366210938,109.52837371826172
2020-07-31,138.35000610351562,109.67897033691406
2020-08-03,138.24000549316406,109.825927734375
2020-08-04,138.75,110.23113250732422
2020-08-05,138.55999755859375,110.08016967773438
2020-08-06,139.14999389648438,110.54894256591797
2020-08-07,138.75999450683594,110.23905944824219
2020-08-10,138.4600067138672,110.00067901611328
2020-08-11,137.58999633789062,109.30955505371094
2020-08-12,137.25,109.03943634033203
2020-08-13,136.00999450683594,108.05428314208984
2020-08-14,135.41000366210938,107.5776138305664
2020-08-17,135.69000244140625,107.80007934570312
2020-08-18,136.0800018310547,108.10993957519531
2020-08-19,135.72000122070312,107.82388305664062
2020-08-20,136.1999969482422,108.20526123046875
2020-08-21,136.4499969482422,108.40386962890625
2020-08-24,136.2100067138672,108.21321868896484
2020-08-25,135.6199951171875,107.74449157714844
2020-08-26,135.6699981689453,107.78414154052734
2020-08-27,134.58999633789062,106.92617797851562
2020-08-28,135.0,107.25187683105469
2020-08-31,135.60000610351562,107.72856903076172
2020-09-01,136.16000366210938,108.4093017578125
2020-09-02,136.6999969482422,108.83924865722656
2020-09-03,136.39999389648438,108.60039520263672
2020-09-04,134.9499969482422,107.44590759277344
2020-09-08,135.0800018310547,107.5494384765625
2020-09-09,135.1699981689453,107.62108612060547
2020-09-10,135.27000427246094,107.70072174072266
2020-09-11,135.3699951171875,107.78033447265625
2020-09-14,135.7100067138672,108.051025390625
2020-09-15,135.86000061035156,108.17047119140625
2020-09-16,135.9499969482422,108.24214935302734
2020-09-17,135.97999572753906,108.2659912109375
2020-09-18,135.72999572753906,108.06697082519531
2020-09-21,135.60000610351562,107.96343994140625
2020-09-22,135.67999267578125,108.02709197998047
2020-09-23,134.6999969482422,107.24691009521484
2020-09-24,134.36000061035156,106.97616577148438
2020-09-25,134.22000122070312,106.86466979980469
2020-09-28,134.89999389648438,107.40609741210938
2020-09-29,134.72999572753906,107.270751953125
2020-09-30,134.7100067138672,107.2548828125
2020-10-01,134.7899932861328,107.55325317382812
2020-10-02,134.80999755859375,107.56922912597656
2020-10-05,134.36000061035156,107.21015930175781
2020-10-06,134.25,107.12236785888672
2020-10-07,134.2899932861328,107.15432739257812
2020-10-08,134.6199951171875,107.41763305664062
2020-10-09,134.92999267578125,107.66498565673828
2020-10-12,135.7100067138672,108.28736114501953
2020-10-13,135.5800018310547,108.18364715576172
2020-10-14,135.7100067138672,108.28736114501953
2020-10-15,135.57000732421875,108.1756591796875
2020-10-16,135.33999633789062,107.99210357666016
2020-10-19,135.0800018310547,107.7846908569336
2020-10-20,134.8000030517578,107.56123352050781
2020-10-21,134.5800018310547,107.38568878173828
2020-10-22,134.27999877929688,107.14632415771484
2020-10-23,134.6199951171875,107.41763305664062
2020-10-26,134.89999389648438,107.64102935791016
2020-10-27,135.4499969482422,108.07987213134766
2020-10-28,134.77999877929688,107.54529571533203
2020-10-29,134.42999267578125,107.26602935791016
2020-10-30,133.72999572753906,106.70747375488281
2020-11-02,133.97000122070312,107.12565612792969
2020-11-03,134.10000610351562,107.2296371459961
2020-11-04,136.11000061035156,108.83688354492188
2020-11-05,136.6199951171875,109.24462127685547
2020-11-06,136.19000244140625,108.90081024169922
2020-11-09,135.16000366210938,108.07722473144531
2020-11-10,134.80999755859375,107.79737854003906
2020-11-11,135.05999755859375,107.99723815917969
2020-11-12,135.60000610351562,108.42906188964844
2020-11-13,135.75999450683594,108.55694580078125
2020-11-16,136.1999969482422,108.90882873535156
2020-11-17,136.63999938964844,109.26065826416016
2020-11-18,136.92999267578125,109.4925537109375
2020-11-19,137.69000244140625,110.10023498535156
2020-11-20,137.57000732421875,110.00434112548828
2020-11-23,137.74000549316406,110.14031219482422
2020-11-24,137.42999267578125,109.89237213134766
2020-11-25,137.50999450683594,109.95634460449219
2020-11-27,138.0,110.34815979003906
2020-11-30,138.47999572753906,110.73197937011719
2020-12-01,137.67999267578125,110.31214904785156
2020-12-02,137.22000122070312,109.94356536865234
2020-12-03,137.75999450683594,110.37622833251953
2020-12-04,137.0,109.7673110961914
2020-12-07,137.1199951171875,109.86345672607422
2020-12-08,136.9600067138672,109.7352523803711
2020-12-09,136.4600067138672,109.33463287353516
2020-12-10,137.13999938964844,109.87945556640625
2020-12-11,137.27999877929688,109.99163818359375
2020-12-14,137.17999267578125,109.91152954101562
2020-12-15,137.4499969482422,110.1278305053711
2020-12-16,137.33999633789062,110.03972625732422
2020-12-17,137.25999450683594,110.20030212402344
2020-12-18,137.16000366210938,110.1199951171875
2020-12-21,136.88999938964844,109.90324401855469
2020-12-22,137.27000427246094,110.20829772949219
2020-12-23,137.3000030517578,110.23234558105469
2020-12-24,137.77000427246094,110.60977935791016
2020-12-28,137.86000061035156,110.6819839477539
2020-12-29,137.9199981689453,110.73017883300781
2020-12-30,138.10000610351562,110.87469482421875
2020-12-31,138.1300048828125,110.89877319335938
2021-01-04,137.42999267578125,110.33676147460938
2021-01-05,136.99000549316406,109.98353576660156
2021-01-06,135.8800048828125,109.09236145019531
2021-01-07,135.86000061035156,109.0762939453125
2021-01-08,135.75999450683594,108.99602508544922
2021-01-11,135.17999267578125,108.53031921386719
2021-01-12,135.47000122070312,108.76317596435547
2021-01-13,136.52000427246094,109.6061782836914
2021-01-14,135.92999267578125,109.13247680664062
2021-01-15,136.13999938964844,109.30110168457031
2021-01-19,136.3800048828125,109.49373626708984
2021-01-20,136.33999633789062,109.46161651611328
2021-01-21,135.8000030517578,109.02809143066406
2021-01-22,135.6999969482422,108.9478530883789
2021-01-25,136.27999877929688,109.41351318359375
2021-01-26,136.27000427246094,109.40545654296875
2021-01-27,136.02999877929688,109.2127914428711
2021-01-28,135.80999755859375,109.03612518310547
2021-01-29,135.60000610351562,108.8675537109375
2021-02-01,135.60000610351562,109.08233642578125
2021-02-02,135.24000549316406,108.792724609375
2021-02-03,134.9199981689453,108.53530883789062
2021-02-04,135.14999389648438,108.72030639648438
2021-02-05,134.7899932861328,108.43071746826172
2021-02-08,135.3699951171875,108.8973388671875
2021-02-09,135.16000366210938,108.7284164428711
2021-02-10,135.47999572753906,108.98578643798828
2021-02-11,135.1199951171875,108.69622039794922
2021-02-12,134.67999267578125,108.34225463867188
2021-02-16,133.72999572753906,107.5780258178711
2021-02-17,134.39999389648438,108.11697387695312
2021-02-18,134.13999938964844,107.90782165527344
2021-02-19,133.1699981689453,107.1275634765625
2021-02-22,132.33999633789062,106.45985412597656
2021-02-23,132.44000244140625,106.54029083251953
2021-02-24,132.63999938964844,106.701171875
2021-02-25,130.5399932861328,105.01185607910156
2021-02-26,132.27000427246094,106.403564453125
2021-03-01,132.1300048828125,106.50749969482422
2021-03-02,131.97999572753906,106.38663482666016
2021-03-03,131.0,105.59666442871094
2021-03-04,129.92999267578125,104.7341079711914
2021-03-05,129.75999450683594,104.59712982177734
2021-03-08,128.5500030517578,103.62176513671875
2021-03-09,129.52000427246094,104.40362548828125
2021-03-10,130.1300048828125,104.8953628540039
2021-03-11,130.2100067138672,104.95985412597656
2021-03-12,128.7100067138672,103.75074768066406
2021-03-15,129.14999389648438,104.10542297363281
2021-03-16,129.05999755859375,104.0328598022461
2021-03-17,129.17999267578125,104.12957763671875
2021-03-18,128.44000244140625,103.53309631347656
2021-03-19,128.6300048828125,103.68622589111328
2021-03-22,129.08999633789062,104.05703735351562
2021-03-23,129.47000122070312,104.36334991455078
2021-03-24,129.86000061035156,104.67770385742188
2021-03-25,129.7100067138672,104.5567855834961
2021-03-26,129.6199951171875,104.48426055908203
2021-03-29,129.30999755859375,104.234375
2021-03-30,129.7100067138672,104.5567855834961
2021-03-31,130.0500030517578,104.83086395263672
2021-04-01,130.61000061035156,105.48828125
2021-04-05,129.97000122070312,104.97140502929688
2021-04-06,130.83999633789062,105.67406463623047
2021-04-07,130.5800018310547,105.46405029296875
2021-04-08,131.05999755859375,105.85173797607422
2021-04-09,130.7899932861328,105.63368225097656
2021-04-12,130.75999450683594,105.60945892333984
2021-04-13,131.33999633789062,106.07788848876953
2021-04-14,131.16000366210938,105.93251037597656
2021-04-15,131.97000122070312,106.58672332763672
2021-04-16,131.07000732421875,105.85982513427734
2021-04-19,130.72999572753906,105.58521270751953
2021-04-20,130.97999572753906,105.78712463378906
2021-04-21,131.42999267578125,106.15056610107422
2021-04-22,131.55999755859375,106.25556945800781
2021-04-23,131.6699981689453,106.34441375732422
2021-04-26,131.61000061035156,106.29595184326172
2021-04-27,131.02000427246094,105.81942749023438
2021-04-28,131.0399932861328,105.83556365966797
2021-04-29,130.8800048828125,105.70635986328125
2021-04-30,131.14999389648438,105.92440795898438
2021-05-03,131.2100067138672,106.1793441772461
2021-05-04,131.2899932861328,106.24407958984375
2021-05-05,131.4499969482422,106.37355041503906
2021-05-06,131.6999969482422,106.57586669921875
2021-05-07,131.75,106.61630249023438
2021-05-10,131.0399932861328,106.0417709350586
2021-05-11,130.55999755859375,105.65336608886719
2021-05-12,129.85000610351562,105.07881927490234
2021-05-13,130.33999633789062,105.47531127929688
2021-05-14,131.0500030517578,106.04988098144531
2021-05-17,130.89999389648438,105.92845916748047
2021-05-18,130.47000122070312,105.58051300048828
2021-05-19,130.24000549316406,105.3943862915039
2021-05-20,131.1300048828125,106.1146011352539
2021-05-21,131.22000122070312,106.18744659423828
2021-05-24,131.5800018310547,106.4787826538086
2021-05-25,132.07000732421875,106.87530517578125
2021-05-26,132.0,106.81867218017578
2021-05-27,131.60000610351562,106.49496459960938
2021-05-28,131.7100067138672,106.5839614868164
2021-06-01,131.47000122070312,106.59776306152344
2021-06-02,131.67999267578125,106.76803588867188
2021-06-03,131.16000366210938,106.34639739990234
2021-06-04,132.08999633789062,107.1004638671875
2021-06-07,131.97999572753906,107.01126861572266
2021-06-08,132.47999572753906,107.41667175292969
2021-06-09,132.9600067138672,107.80587005615234
2021-06-10,133.55999755859375,108.2923583984375
2021-06-11,133.6699981689453,108.38155364990234
2021-06-14,133.17999267578125,107.98426055908203
2021-06-15,133.27999877929688,108.06531524658203
2021-06-16,132.89999389648438,107.7571792602539
2021-06-17,133.63999938964844,108.35723114013672
2021-06-18,134.33999633789062,108.9247817993164
2021-06-21,133.55999755859375,108.2923583984375
2021-06-22,133.77999877929688,108.47074127197266
2021-06-23,133.57000732421875,108.30049133300781
2021-06-24,133.8300018310547,108.51127624511719
2021-06-25,133.47999572753906,108.2275161743164
2021-06-28,134.0500030517578,108.68963623046875
2021-06-29,134.2100067138672,108.8193588256836
2021-06-30,134.36000061035156,108.9410171508789
2021-07-01,133.99000549316406,108.8459701538086
2021-07-02,134.3699951171875,109.1546630859375
2021-07-06,134.86000061035156,109.55270385742188
2021-07-07,135.32000732421875,109.92637634277344
2021-07-08,135.38999938964844,109.98322296142578
2021-07-09,134.82000732421875,109.52023315429688
2021-07-12,134.75,109.46334838867188
2021-07-13,134.25,109.05713653564453
2021-07-14,134.8699951171875,109.56080627441406
2021-07-15,135.16000366210938,109.79642486572266
2021-07-16,134.97000122070312,109.64208221435547
2021-07-19,135.94000244140625,110.43000030517578
2021-07-20,135.75,110.27568054199219
2021-07-21,135.27000427246094,109.88578796386719
2021-07-22,135.8300018310547,110.34065246582031
2021-07-23,135.77000427246094,110.29197692871094
2021-07-26,135.47000122070312,110.04823303222656
2021-07-27,136.0500030517578,110.51937866210938
2021-07-28,136.2899932861328,110.71434783935547
2021-07-29,135.89999389648438,110.39752197265625
2021-07-30,136.00999450683594,110.48687744140625
2021-08-02,136.16000366210938,110.80670166015625
2021-08-03,136.3000030517578,110.92064666748047
2021-08-04,136.3300018310547,110.94506072998047
2021-08-05,135.77000427246094,110.48934936523438
2021-08-06,134.66000366210938,109.58605194091797
2021-08-09,134.0800018310547,109.11402893066406
2021-08-10,133.77999877929688,108.86986541748047
2021-08-11,133.99000549316406,109.0407943725586
2021-08-12,134.17999267578125,109.19538116455078
2021-08-13,135.0800018310547,109.92781829833984
2021-08-16,135.16000366210938,109.9929428100586
2021-08-17,134.9199981689453,109.79761505126953
2021-08-18,134.8300018310547,109.72434997558594
2021-08-19,135.13999938964844,109.97662353515625
2021-08-20,135.22999572753906,110.04984283447266
2021-08-23,135.3300018310547,110.13123321533203
2021-08-24,135.02000427246094,109.87898254394531
2021-08-25,134.6699981689453,109.59413146972656
2021-08-26,134.6300048828125,109.56159210205078
2021-08-27,135.3800048828125,110.17198944091797
2021-08-30,135.61000061035156,110.35916137695312
2021-08-31,135.3000030517578,110.10684204101562
2021-09-01,135.24000549316406,110.24874114990234
2021-09-02,135.47999572753906,110.44434356689453
2021-09-03,134.99000549316406,110.04491424560547
2021-09-07,134.35000610351562,109.52315521240234
2021-09-08,134.77999877929688,109.87369537353516
2021-09-09,135.66000366210938,110.59110260009766
2021-09-10,135.27000427246094,110.27315521240234
2021-09-13,135.60000610351562,110.54216003417969
2021-09-14,136.00999450683594,110.87640380859375
2021-09-15,135.85000610351562,110.74595642089844
2021-09-16,135.66000366210938,110.59110260009766
2021-09-17,135.36000061035156,110.34649658203125
2021-09-20,135.77999877929688,110.68891906738281
2021-09-21,135.77000427246094,110.68077087402344
2021-09-22,136.14999389648438,110.99056243896484
2021-09-23,135.2100067138672,110.22421264648438
2021-09-24,134.9199981689453,109.9878158569336
2021-09-27,134.85000610351562,109.9307861328125
2021-09-28,133.41000366210938,108.75688171386719
2021-09-29,133.3800048828125,108.73243713378906
2021-09-30,133.02999877929688,108.4471206665039
2021-10-01,133.74000549316406,109.23526763916016
2021-10-04,133.52000427246094,109.05558776855469
2021-10-05,132.97000122070312,108.60635375976562
2021-10-06,133.00999450683594,108.63899993896484
2021-10-07,132.4199981689453,108.15714263916016
2021-10-08,131.80999755859375,107.65892028808594
2021-10-11,131.55999755859375,107.45471954345703
2021-10-12,132.39999389648438,108.14082336425781
2021-10-13,133.07000732421875,108.68807220458984
2021-10-14,133.6999969482422,109.20262145996094
2021-10-15,133.22000122070312,108.81055450439453
2021-10-18,133.11000061035156,108.72073364257812
2021-10-19,132.3800048828125,108.12446594238281
2021-10-20,132.05999755859375,107.86310577392578
2021-10-21,131.77999877929688,107.63439178466797
2021-10-22,132.30999755859375,108.06729888916016
2021-10-25,132.3699951171875,108.11629486083984
2021-10-26,132.94000244140625,108.58185577392578
2021-10-27,133.75,109.24345397949219
2021-10-28,133.5500030517578,109.08010864257812
2021-10-29,133.47999572753906,109.02295684814453
2021-11-01,132.97999572753906,108.82816314697266
2021-11-02,133.49000549316406,109.24552154541016
2021-11-03,133.14999389648438,108.96725463867188
2021-11-04,133.85000610351562,109.54015350341797
2021-11-05,134.8300018310547,110.34210968017578
2021-11-08,134.52000427246094,110.0885009765625
2021-11-09,134.8800048828125,110.38307189941406
2021-11-10,133.5,109.25371551513672
2021-11-11,133.1199951171875,108.94269561767578
2021-11-12,132.97999572753906,108.82816314697266
2021-11-15,131.97000122070312,108.00159454345703
2021-11-16,131.75,107.82151794433594
2021-11-17,132.27999877929688,108.25529479980469
2021-11-18,132.5800018310547,108.50076293945312
2021-11-19,133.0800018310547,108.90998840332031
2021-11-22,131.9199981689453,107.9606704711914
2021-11-23,130.97999572753906,107.19134521484375
2021-11-24,131.61000061035156,107.70696258544922
2021-11-26,132.67999267578125,108.5826187133789
2021-11-29,132.77000427246094,108.65628051757812
2021-11-30,133.05999755859375,108.89359283447266
2021-12-01,132.83999633789062,108.90919494628906
2021-12-02,133.14999389648438,109.16333770751953
2021-12-03,134.25999450683594,110.07337188720703
2021-12-06,133.5800018310547,109.51594543457031
2021-12-07,133.63999938964844,109.56504821777344
2021-12-08,132.75,108.83538818359375
2021-12-09,132.63999938964844,108.7452163696289
2021-12-10,132.7899932861328,108.8681869506836
2021-12-13,133.38999938964844,109.36013793945312
2021-12-14,132.7899932861328,108.8681869506836
2021-12-15,132.9600067138672,109.00757598876953
2021-12-16,132.6999969482422,109.00431823730469
2021-12-17,133.00999450683594,109.25892639160156
2021-12-20,132.42999267578125,108.78250122070312
2021-12-21,132.69000244140625,108.99607849121094
2021-12-22,132.89999389648438,109.16858673095703
2021-12-23,132.6999969482422,109.00431823730469
2021-12-27,133.08999633789062,109.32464599609375
2021-12-28,132.9199981689453,109.18502044677734
2021-12-29,132.19000244140625,108.58540344238281
2021-12-30,132.72000122070312,109.02072143554688
2021-12-31,132.52000427246094,108.8564224243164
2022-01-03,131.11000061035156,107.69818878173828
2022-01-04,131.22000122070312,107.78858184814453
2022-01-05,130.4499969482422,107.15607452392578
2022-01-06,130.27999877929688,107.01643371582031
2022-01-07,129.72000122070312,106.55640411376953
2022-01-10,129.60000610351562,106.45785522460938
2022-01-11,129.99000549316406,106.77820587158203
2022-01-12,129.89999389648438,106.70426940917969
2022-01-13,130.30999755859375,107.04107666015625
2022-01-14,129.16000366210938,106.0964126586914
2022-01-18,127.93000030517578,105.08606719970703
2022-01-19,128.1300048828125,105.25035858154297
2022-01-20,128.05999755859375,105.19282531738281
2022-01-21,128.89999389648438,105.88280487060547
2022-01-24,128.5,105.55425262451172
2022-01-25,128.13999938964844,105.25856018066406
2022-01-26,127.2699966430664,104.54387664794922
2022-01-27,127.55999755859375,104.78211975097656
2022-01-28,127.69999694824219,104.89710235595703
2022-01-31,127.76000213623047,104.94640350341797
2022-02-01,127.7300033569336,105.12089538574219
2022-02-02,127.73999786376953,105.12909698486328
2022-02-03,126.70999908447266,104.28144073486328
2022-02-04,125.44999694824219,103.2444839477539
2022-02-07,125.68000030517578,103.43373107910156
2022-02-08,125.20999908447266,103.04694366455078
2022-02-09,125.62999725341797,103.39261627197266
2022-02-10,123.91999816894531,101.98529052734375
2022-02-11,124.83999633789062,102.74244689941406
2022-02-14,123.7300033569336,101.82890319824219
2022-02-15,123.11000061035156,101.31867218017578
2022-02-16,123.29000091552734,101.46680450439453
2022-02-17,123.37999725341797,101.54085540771484
2022-02-18,123.68000030517578,101.78775024414062
2022-02-22,123.5199966430664,101.65607452392578
2022-02-23,122.4000015258789,100.73431396484375
2022-02-24,122.9800033569336,101.211669921875
2022-02-25,123.4800033569336,101.6231689453125
2022-02-28,124.80000305175781,102.70948791503906
2022-03-01,124.97000122070312,103.0608139038086
2022-03-02,123.06999969482422,101.4939193725586
2022-03-03,123.5199966430664,101.86505889892578
2022-03-04,123.63999938964844,101.96399688720703
2022-03-07,122.13999938964844,100.72697448730469
2022-03-08,121.41000366210938,100.12496948242188
2022-03-09,121.62000274658203,100.29815673828125
2022-03-10,120.2300033569336,99.15180206298828
2022-03-11,120.18000030517578,99.11058044433594
2022-03-14,118.44000244140625,97.67564392089844
2022-03-15,119.37000274658203,98.442626953125
2022-03-16,120.38999938964844,99.28379821777344
2022-03-17,121.56999969482422,100.25689697265625
2022-03-18,121.80999755859375,100.454833984375
2022-03-21,120.12000274658203,99.06111145019531
2022-03-22,119.83000183105469,98.82196807861328
2022-03-23,120.16999816894531,99.1023178100586
2022-03-24,120.22000122070312,99.14358520507812
2022-03-25,119.2699966430664,98.36011505126953
2022-03-28,119.93000030517578,98.9043960571289
2022-03-29,120.94000244140625,99.73736572265625
2022-03-30,121.22000122070312,99.96826171875
2022-03-31,120.94000244140625,99.73736572265625
2022-04-01,121.08999633789062,100.07203674316406
2022-04-04,121.51000213623047,100.41914367675781
2022-04-05,119.37999725341797,98.65885162353516
2022-04-06,118.68000030517578,98.08040618896484
2022-04-07,118.12999725341797,97.62583923339844
2022-04-08,117.19999694824219,96.85723876953125
2022-04-11,116.05999755859375,95.91510772705078
2022-04-12,116.13999938964844,95.98123168945312
2022-04-13,116.73999786376953,96.47710418701172
2022-04-14,115.37999725341797,95.3531723022461
2022-04-18,114.5,94.62590026855469
2022-04-19,113.58999633789062,93.87383270263672
2022-04-20,114.7699966430664,94.84901428222656
2022-04-21,113.55000305175781,93.84078979492188
2022-04-22,113.41999816894531,93.73332214355469
2022-04-25,114.68000030517578,94.77464294433594
2022-04-26,114.62000274658203,94.72506713867188
2022-04-27,113.5199966430664,93.81598663330078
2022-04-28,113.86000061035156,94.09698486328125
2022-04-29,112.5999984741211,93.05567932128906
2022-05-02,111.68000030517578,92.50404357910156
2022-05-03,112.4000015258789,93.10041809082031
2022-05-04,113.5,94.01155090332031
2022-05-05,111.76000213623047,92.57030487060547
2022-05-06,110.80999755859375,91.78337860107422
2022-05-09,111.19999694824219,92.10645294189453
2022-05-10,111.66999816894531,92.49575805664062
2022-05-11,112.19000244140625,92.92646789550781
2022-05-12,112.23999786376953,92.9678955078125
2022-05-13,111.6500015258789,92.47917938232422
2022-05-16,111.80000305175781,92.60343933105469
2022-05-17,111.16000366210938,92.07333374023438
2022-05-18,111.56999969482422,92.41289520263672
2022-05-19,111.87000274658203,92.66142272949219
2022-05-20,112.41999816894531,93.11698150634766
2022-05-23,112.0199966430664,92.78565979003906
2022-05-24,113.48999786376953,94.00325012207031
2022-05-25,114.66000366210938,94.97237396240234
2022-05-26,114.69000244140625,94.99722290039062
2022-05-27,115.29000091552734,95.49419403076172
2022-05-31,114.44000244140625,94.7901382446289
2022-06-01,113.5,94.23719787597656
2022-06-02,113.55000305175781,94.2786865234375
2022-06-03,113.19000244140625,93.97977447509766
2022-06-06,112.38999938964844,93.31555938720703
2022-06-07,112.98999786376953,93.8137435913086
2022-06-08,112.33999633789062,93.27401733398438
2022-06-09,111.5999984741211,92.65962982177734
2022-06-10,110.5199966430664,91.76290893554688
2022-06-13,107.97000122070312,89.64571380615234
2022-06-14,107.41000366210938,89.18074035644531
2022-06-15,109.08999633789062,90.57561492919922
2022-06-16,109.20999908447266,90.67526245117188
2022-06-17,109.43000030517578,90.85794067382812
2022-06-21,108.33000183105469,89.94461822509766
2022-06-22,109.12000274658203,90.60050964355469
2022-06-23,109.95999908447266,91.29795837402344
2022-06-24,110.08999633789062,91.40592193603516
2022-06-27,109.08000183105469,90.56730651855469
2022-06-28,109.05000305175781,90.54241943359375
2022-06-29,109.69999694824219,91.08208465576172
2022-06-30,110.02999877929688,91.35607147216797
2022-07-01,111.12000274658203,92.51082611083984
2022-07-05,111.08999633789062,92.48582458496094
2022-07-06,110.54000091552734,92.0279312133789
2022-07-07,110.52999877929688,92.01959228515625
2022-07-08,110.3499984741211,91.86974334716797
2022-07-11,110.66000366210938,92.12785339355469
2022-07-12,110.81999969482422,92.26104736328125
2022-07-13,111.6500015258789,92.95203399658203
2022-07-14,110.94000244140625,92.3609390258789
2022-07-15,111.83000183105469,93.1019058227539
2022-07-18,111.05000305175781,92.45252990722656
2022-07-19,111.36000061035156,92.71060943603516
2022-07-20,111.23999786376953,92.61072540283203
2022-07-21,112.76000213623047,93.87614440917969
2022-07-22,113.62999725341797,94.60041809082031
2022-07-25,112.66999816894531,93.80120086669922
2022-07-26,112.6500015258789,93.78457641601562
2022-07-27,113.4000015258789,94.40897369384766
2022-07-28,114.33999633789062,95.1915512084961
2022-07-29,114.61000061035156,95.41635131835938
2022-08-01,114.55999755859375,95.60492706298828
2022-08-02,113.16000366210938,94.43658447265625
2022-08-03,114.38999938964844,95.46309661865234
2022-08-04,114.56999969482422,95.61328887939453
2022-08-05,113.0199966430664,94.31976318359375
2022-08-08,113.47000122070312,94.69526672363281
2022-08-09,112.95999908447266,94.26968383789062
2022-08-10,114.02999877929688,95.16263580322266
2022-08-11,112.93000030517578,94.24464416503906
2022-08-12,114.23999786376953,95.33792114257812
2022-08-15,114.16000366210938,95.27112579345703
2022-08-16,113.72000122070312,94.90391540527344
2022-08-17,112.6500015258789,94.01097106933594
2022-08-18,112.94000244140625,94.25296783447266
2022-08-19,111.5999984741211,93.13468170166016
2022-08-22,110.8499984741211,92.50880432128906
2022-08-23,110.97000122070312,92.60894775390625
2022-08-24,110.63999938964844,92.33355712890625
2022-08-25,111.77999877929688,93.28490447998047
2022-08-26,111.11000061035156,92.72577667236328
2022-08-29,110.29000091552734,92.04145812988281
2022-08-30,110.43000030517578,92.15829467773438
2022-08-31,109.2699966430664,91.19022369384766
2022-09-01,108.30999755859375,90.64125061035156
2022-09-02,108.38999938964844,90.70820617675781
2022-09-06,106.91999816894531,89.47797393798828
2022-09-07,108.37999725341797,90.6998062133789
2022-09-08,108.12999725341797,90.4906005859375
2022-09-09,108.37999725341797,90.6998062133789
2022-09-12,108.13999938964844,90.49894714355469
2022-09-13,107.36000061035156,89.84620666503906
2022-09-14,107.87000274658203,90.27303314208984
2022-09-15,107.3499984741211,89.83782958984375
2022-09-16,107.0999984741211,89.62861633300781
2022-09-19,107.27999877929688,89.77924346923828
2022-09-20,106.20999908447266,88.88382720947266
2022-09-21,106.61000061035156,89.21853637695312
2022-09-22,105.11000061035156,87.96326446533203
2022-09-23,104.80999755859375,87.71219635009766
2022-09-26,102.98999786376953,86.18907165527344
2022-09-27,101.44000244140625,84.8919448852539
2022-09-28,103.4800033569336,86.59916687011719
2022-09-29,102.70999908447266,85.95477294921875
2022-09-30,102.44999694824219,85.7372055053711
2022-10-03,104.0,87.32328033447266
2022-10-04,104.4800033569336,87.72635650634766
2022-10-05,103.69000244140625,87.06299591064453
2022-10-06,103.44999694824219,86.86151123046875
2022-10-07,102.41999816894531,85.99662780761719
2022-10-10,101.5,85.22415924072266
2022-10-11,101.29000091552734,85.0478515625
2022-10-12,101.16999816894531,84.94710540771484
2022-10-13,101.3499984741211,85.09821319580078
2022-10-14,100.37999725341797,84.28376007080078
2022-10-17,100.86000061035156,84.686767578125
2022-10-18,101.45999908447266,85.19055938720703
2022-10-19,100.06999969482422,84.02345275878906
2022-10-20,99.19999694824219,83.29300689697266
2022-10-21,99.4800033569336,83.52811431884766
2022-10-24,99.43000030517578,83.486083984375
2022-10-25,100.76000213623047,84.60285186767578
2022-10-26,101.22000122070312,84.98906707763672
2022-10-27,101.69000244140625,85.3836669921875
2022-10-28,101.9000015258789,85.5600357055664
2022-10-31,101.3499984741211,85.09821319580078
2022-11-01,101.7699966430664,85.7104721069336
2022-11-02,101.27999877929688,85.29778289794922
2022-11-03,100.91999816894531,84.99462890625
2022-11-04,101.12000274658203,85.16305541992188
2022-11-07,100.75,84.85144805908203
2022-11-08,101.16999816894531,85.2052001953125
2022-11-09,100.91000366210938,84.9862289428711
2022-11-10,104.29000091552734,87.83281707763672
2022-11-11,104.56999969482422,88.06866455078125
2022-11-14,104.04000091552734,87.62227630615234
2022-11-15,105.48999786376953,88.84345245361328
2022-11-16,106.38999938964844,89.6014633178711
2022-11-17,105.81999969482422,89.12138366699219
2022-11-18,105.80999755859375,89.11298370361328
2022-11-21,105.6500015258789,88.97820281982422
2022-11-22,106.58999633789062,89.76988220214844
2022-11-23,107.66000366210938,90.6710433959961
2022-11-25,107.7699966430664,90.76367950439453
2022-11-28,106.98999786376953,90.10677337646484
2022-11-29,106.45999908447266,89.66041564941406
2022-11-30,107.76000213623047,90.75525665283203
2022-12-01,108.76000213623047,91.89082336425781
2022-12-02,109.41999816894531,92.44844055175781
2022-12-05,108.48999786376953,91.66268157958984
2022-12-06,108.81999969482422,91.94151306152344
2022-12-07,110.02999877929688,92.96380615234375
2022-12-08,109.68000030517578,92.66810607910156
2022-12-09,108.86000061035156,91.97528076171875
2022-12-12,108.72000122070312,91.85700988769531
2022-12-13,109.66999816894531,92.65966796875
2022-12-14,109.7699966430664,92.74413299560547
2022-12-15,109.52999877929688,92.82211303710938
2022-12-16,109.05999755859375,92.42383575439453
2022-12-19,107.95999908447266,91.49159240722656
2022-12-20,106.69000244140625,90.41533660888672
2022-12-21,107.41999816894531,91.03396606445312
2022-12-22,107.38999938964844,91.00855255126953
2022-12-23,107.05999755859375,90.7288818359375
2022-12-27,105.68000030517578,89.55941772460938
2022-12-28,105.3499984741211,89.27971649169922
2022-12-29,106.0999984741211,89.91535186767578
2022-12-30,105.43000030517578,89.34752655029297
2023-01-03,106.16000366210938,89.9662094116211
2023-01-04,106.93000030517578,90.61871337890625
2023-01-05,106.8499984741211,90.55094146728516
2023-01-06,108.5999984741211,92.03397369384766
2023-01-09,109.02999877929688,92.39839172363281
2023-01-10,108.66000366210938,92.08482360839844
2023-01-11,109.58999633789062,92.87297058105469
2023-01-12,110.83000183105469,93.92379760742188
2023-01-13,110.47000122070312,93.61871337890625
2023-01-17,110.06999969482422,93.27973937988281
2023-01-18,111.36000061035156,94.37300109863281
2023-01-19,111.12999725341797,94.17802429199219
2023-01-20,110.55000305175781,93.68651580810547
2023-01-23,110.2300033569336,93.41533660888672
2023-01-24,110.80999755859375,93.90689086914062
2023-01-25,110.86000061035156,93.94921875
2023-01-26,110.81999969482422,93.91531372070312
2023-01-27,110.5,93.64413452148438
2023-01-30,110.08000183105469,93.28821563720703
2023-01-31,110.87000274658203,93.95772552490234
2023-02-01,111.6500015258789,94.9114990234375
2023-02-02,111.80999755859375,95.0475082397461
2023-02-03,110.54000091552734,93.9679183959961
2023-02-06,109.69000244140625,93.24534606933594
2023-02-07,109.33000183105469,92.93932342529297
2023-02-08,109.44000244140625,93.03284454345703
2023-02-09,108.5199966430664,92.25076293945312
2023-02-10,107.76000213623047,91.60468292236328
2023-02-13,108.16000366210938,91.94471740722656
2023-02-14,107.88999938964844,91.71519470214844
2023-02-15,107.4800033569336,91.36666870117188
2023-02-16,106.62000274658203,90.6355972290039
2023-02-17,107.04000091552734,90.99263000488281
2023-02-21,105.5199966430664,89.70049285888672
2023-02-22,105.81999969482422,89.95551300048828
2023-02-23,106.6500015258789,90.66109466552734
2023-02-24,105.8499984741211,89.98104858398438
2023-02-27,105.87999725341797,90.00651550292969
2023-02-28,105.91999816894531,90.04055786132812
2023-03-01,104.88999938964844,89.47924041748047
2023-03-02,104.9800033569336,89.55597686767578
2023-03-03,106.16999816894531,90.57115173339844
2023-03-06,105.87999725341797,90.32376098632812
2023-03-07,105.58000183105469,90.06785583496094
2023-03-08,105.41000366210938,89.92282104492188
2023-03-09,105.30999755859375,89.8375015258789
2023-03-10,106.81999969482422,91.12562561035156
2023-03-13,106.91000366210938,91.2024154663086
2023-03-14,106.58999633789062,90.92943572998047
2023-03-15,107.61000061035156,91.79957580566406
2023-03-16,107.44999694824219,91.66309356689453
2023-03-17,107.98999786376953,92.12374114990234
2023-03-20,107.66999816894531,91.85074615478516
2023-03-21,108.19000244140625,92.29438018798828
2023-03-22,108.81999969482422,92.83183288574219
2023-03-23,109.12999725341797,93.09627532958984
2023-03-24,109.47000122070312,93.38630676269531
2023-03-27,108.16000366210938,92.26876831054688
2023-03-28,107.9800033569336,92.115234375
2023-03-29,108.4800033569336,92.54176330566406
2023-03-30,108.62999725341797,92.66973114013672
2023-03-31,109.61000061035156,93.50575256347656
2023-04-03,109.93000030517578,94.0705337524414
2023-04-04,110.06999969482422,94.19031524658203
2023-04-05,110.43000030517578,94.49839782714844
2023-04-06,110.33000183105469,94.41283416748047
2023-04-10,109.81999969482422,93.97640228271484
2023-04-11,109.79000091552734,93.95073699951172
2023-04-12,109.55999755859375,93.7538833618164
2023-04-13,109.75,93.91649627685547
2023-04-14,109.38999938964844,93.60844421386719
2023-04-17,108.69999694824219,93.01795959472656
2023-04-18,109.05999755859375,93.32604217529297
2023-04-19,108.5199966430664,92.86390686035156
2023-04-20,108.93000030517578,93.21477508544922
2023-04-21,109.0,93.27471160888672
2023-04-24,109.4800033569336,93.6854476928711
2023-04-25,109.95999908447266,94.09619140625
2023-04-26,109.4800033569336,93.6854476928711
2023-04-27,109.08000183105469,93.34317016601562
2023-04-28,109.93000030517578,94.0705337524414
2023-05-01,107.79000091552734,92.55242156982422
2023-05-02,109.08999633789062,93.66866302490234
2023-05-03,109.2699966430664,93.8232192993164
2023-05-04,108.97000122070312,93.56565856933594
2023-05-05,108.54000091552734,93.1964340209961
2023-05-08,107.76000213623047,92.52669525146484
2023-05-09,107.72000122070312,92.49234771728516
2023-05-10,108.56999969482422,93.22220611572266
2023-05-11,108.98999786376953,93.58279418945312
2023-05-12,108.31999969482422,93.00756072998047
2023-05-15,107.73999786376953,92.50953674316406
2023-05-16,107.19999694824219,92.0458755493164
2023-05-17,107.19000244140625,92.03729248046875
2023-05-18,106.73999786376953,91.65090942382812
2023-05-19,106.61000061035156,91.53925323486328
2023-05-22,106.56999969482422,91.5048828125
2023-05-23,106.79000091552734,91.69379425048828
2023-05-24,106.37000274658203,91.33319091796875
2023-05-25,106.0199966430664,91.03266143798828
2023-05-26,106.47000122070312,91.41902923583984
2023-05-30,107.2699966430664,92.10596466064453
2023-05-31,107.62000274658203,92.40650939941406
2023-06-01,107.5999984741211,92.68989562988281
2023-06-02,107.30999755859375,92.4400634765625
2023-06-05,107.08000183105469,92.241943359375
2023-06-06,107.29000091552734,92.4228515625
2023-06-07,106.33000183105469,91.59586334228516
2023-06-08,107.04000091552734,92.20748901367188
2023-06-09,106.76000213623047,91.96629333496094
2023-06-12,107.0999984741211,92.2591781616211
2023-06-13,106.62000274658203,91.84569549560547
2023-06-14,106.94999694824219,92.1299819946289
2023-06-15,107.87999725341797,92.93109893798828
2023-06-16,107.69000244140625,92.76741790771484
2023-06-20,108.08000183105469,93.10338592529297
2023-06-21,107.95999908447266,93.0000228881836
2023-06-22,107.4000015258789,92.51760864257812
2023-06-23,107.69999694824219,92.77604675292969
2023-06-26,107.81999969482422,92.87940979003906
2023-06-27,107.69999694824219,92.77604675292969
2023-06-28,108.16999816894531,93.18089294433594
2023-06-29,107.3499984741211,92.47454071044922
2023-06-30,108.13999938964844,93.15506744384766
2023-07-03,107.48999786376953,92.89409637451172
2023-07-05,106.72000122070312,92.22863006591797
2023-07-06,105.63999938964844,91.29529571533203
2023-07-07,105.54000091552734,91.20885467529297
2023-07-10,106.08999633789062,91.68417358398438
2023-07-11,106.58999633789062,92.11626434326172
2023-07-12,107.52999877929688,92.92864227294922
2023-07-13,108.29000091552734,93.5854721069336
2023-07-14,107.44999694824219,92.85950469970703
2023-07-17,107.62999725341797,93.01504516601562
2023-07-18,107.9000015258789,93.24839782714844
2023-07-19,108.51000213623047,93.77557373046875
2023-07-20,107.77999877929688,93.14469146728516
2023-07-21,107.97000122070312,93.30889129638672
2023-07-24,107.83999633789062,93.19654083251953
2023-07-25,107.66999816894531,93.04962921142578
2023-07-26,108.16999816894531,93.48171997070312
2023-07-27,106.8499984741211,92.34099578857422
2023-07-28,107.55000305175781,92.94593048095703
2023-07-31,107.8499984741211,93.20519256591797
2023-08-01,106.41000366210938,92.27645874023438
2023-08-02,105.76000213623047,91.7127914428711
2023-08-03,104.80999755859375,90.88894653320312
2023-08-04,105.9000015258789,91.83419036865234
2023-08-07,105.63999938964844,91.60871887207031
2023-08-08,106.05999755859375,91.972900390625
2023-08-09,106.16000366210938,92.0596694946289
2023-08-10,105.41000366210938,91.40927124023438
2023-08-11,105.05000305175781,91.09707641601562
2023-08-14,105.01000213623047,91.06237030029297
2023-08-15,104.45999908447266,90.58544158935547
2023-08-16,103.98999786376953,90.17784118652344
2023-08-17,103.70999908447266,89.93507385253906
2023-08-18,104.0999984741211,90.27325439453125
2023-08-21,103.4800033569336,89.7356185913086
2023-08-22,103.80000305175781,90.01312255859375
2023-08-23,105.26000213623047,91.27915954589844
2023-08-24,104.9000015258789,90.96702575683594
2023-08-25,104.95999908447266,91.0190200805664
2023-08-28,105.29000091552734,91.30519104003906
2023-08-29,106.12999725341797,92.03363800048828
2023-08-30,105.9800033569336,91.90355682373047
2023-08-31,106.16000366210938,92.0596694946289
2023-09-01,105.02999877929688,91.40432739257812
2023-09-05,104.27999877929688,90.75163269042969
2023-09-06,104.18000030517578,90.66460418701172
2023-09-07,104.63999938964844,91.06492614746094
2023-09-08,104.72000122070312,91.13455963134766
2023-09-11,104.5199966430664,90.96049499511719
2023-09-12,104.48999786376953,90.93437194824219
2023-09-13,104.72000122070312,91.13455963134766
2023-09-14,104.52999877929688,90.96919250488281
2023-09-15,104.37000274658203,90.82998657226562
2023-09-18,104.56999969482422,91.0040283203125
2023-09-19,104.22000122070312,90.69940948486328
2023-09-20,104.26000213623047,90.73421478271484
2023-09-21,103.20999908447266,89.82046508789062
2023-09-22,103.83999633789062,90.36869812011719
2023-09-25,102.83000183105469,89.48975372314453
2023-09-26,102.54000091552734,89.23738861083984
2023-09-27,102.05999755859375,88.81964874267578
2023-09-28,102.23999786376953,88.97625732421875
2023-09-29,102.0199966430664,88.78482055664062
2023-10-02,100.69000244140625,87.97142791748047
2023-10-03,99.52999877929688,86.95795440673828
2023-10-04,100.4000015258789,87.71807098388672
2023-10-05,100.27999877929688,87.61322021484375
2023-10-06,99.9800033569336,87.35112762451172
2023-10-09,101.22000122070312,88.43446350097656
2023-10-10,101.26000213623047,88.46944427490234
2023-10-11,101.87999725341797,89.01111602783203
2023-10-12,100.81999969482422,88.08500671386719
2023-10-13,101.37999725341797,88.57428741455078
2023-10-16,100.68000030517578,87.96269226074219
2023-10-17,99.87999725341797,87.26372528076172
2023-10-18,99.08000183105469,86.56480407714844
2023-10-19,98.27999877929688,85.86587524414062
2023-10-20,98.66999816894531,86.20658874511719
2023-10-23,99.44000244140625,86.87932586669922
2023-10-24,100.0,87.36859130859375
2023-10-25,99.08999633789062,86.57352447509766
2023-10-26,99.80999755859375,87.20259857177734
2023-10-27,99.61000061035156,87.0278549194336
2023-10-30,99.30999755859375,86.76573944091797
2023-10-31,99.16999816894531,86.64340209960938
2023-11-01,100.22000122070312,87.88336181640625
2023-11-02,101.41000366210938,88.9269027709961
2023-11-03,101.91000366210938,89.3653564453125
2023-11-06,101.37000274658203,88.89183044433594
2023-11-07,102.18000030517578,89.60208892822266
2023-11-08,102.69999694824219,90.05809783935547
2023-11-09,101.66000366210938,89.14612579345703
2023-11-10,102.16999816894531,89.59333038330078
2023-11-13,102.18000030517578,89.60208892822266
2023-11-14,103.77999877929688,91.00511932373047
2023-11-15,103.23999786376953,90.53162384033203
2023-11-16,104.08999633789062,91.27701568603516
2023-11-17,104.38999938964844,91.54004669189453
2023-11-20,104.80999755859375,91.90834045410156
2023-11-21,104.83999633789062,91.93466186523438
2023-11-22,105.26000213623047,92.30294036865234
2023-11-24,104.72000122070312,91.8294448852539
2023-11-27,105.56999969482422,92.5748291015625
2023-11-28,105.98999786376953,92.9430923461914
2023-11-29,106.8499984741211,93.6972427368164
2023-11-30,106.29000091552734,93.20616912841797
2023-12-01,107.16999816894531,94.32839965820312
2023-12-04,106.68000030517578,93.8971176147461
2023-12-05,107.52999877929688,94.645263671875
2023-12-06,107.93000030517578,94.99732971191406
2023-12-07,107.94000244140625,95.00611877441406
2023-12-08,107.36000061035156,94.49565124511719
2023-12-11,107.33000183105469,94.46923065185547
2023-12-12,107.94000244140625,95.00611877441406
2023-12-13,109.75,96.5992431640625
2023-12-14,110.5199966430664,97.62657928466797
2023-12-15,110.36000061035156,97.48523712158203
2023-12-18,109.9000015258789,97.07889556884766
2023-12-19,110.04000091552734,97.20256805419922
2023-12-20,110.33000183105469,97.45874786376953
2023-12-21,110.29000091552734,97.42340850830078
2023-12-22,110.0999984741211,97.25559997558594
2023-12-26,110.33000183105469,97.45874786376953
2023-12-27,111.36000061035156,98.36858367919922
2023-12-28,111.06999969482422,98.11241912841797
2023-12-29,110.66000366210938,97.75025177001953
2024-01-02,109.91000366210938,97.08776092529297
2024-01-03,109.66000366210938,96.8669204711914
2024-01-04,109.05000305175781,96.32807159423828
2024-01-05,108.66000366210938,95.98358154296875
2024-01-08,109.48999786376953,96.71674346923828
2024-01-09,109.68000030517578,96.88459014892578
2024-01-10,109.54000091552734,96.76087951660156
2024-01-11,110.19999694824219,97.34391021728516
2024-01-12,110.44000244140625,97.55592346191406
2024-01-16,109.31999969482422,96.56656646728516
2024-01-17,109.08999633789062,96.3633804321289
2024-01-18,108.87999725341797,96.17791748046875
2024-01-19,108.98999786376953,96.27507781982422
2024-01-22,109.29000091552734,96.54007720947266
2024-01-23,108.88999938964844,96.18672943115234
2024-01-24,108.68000030517578,96.00123596191406
2024-01-25,109.4000015258789,96.63723754882812
2024-01-26,109.08999633789062,96.3633804321289
2024-01-29,109.54000091552734,96.76087951660156
2024-01-30,109.88999938964844,97.07007598876953
2024-01-31,110.16999816894531,97.31739807128906
2024-02-01,110.62999725341797,98.07002258300781
2024-02-02,109.62000274658203,97.17467498779297
2024-02-05,108.56999969482422,96.243896484375
2024-02-06,109.18000030517578,96.78463745117188
2024-02-07,108.86000061035156,96.50096130371094
2024-02-08,108.30000305175781,96.00456237792969
2024-02-09,108.16000366210938,95.88043212890625
2024-02-12,108.16999816894531,95.88932037353516
2024-02-13,106.9800033569336,94.83441162109375
2024-02-14,107.4800033569336,95.27765655517578
2024-02-15,107.87000274658203,95.62336730957031
2024-02-16,107.4800033569336,95.27765655517578
2024-02-20,107.83999633789062,95.59676361083984
2024-02-21,107.56999969482422,95.35742950439453
2024-02-22,107.73999786376953,95.50813293457031
2024-02-23,108.05999755859375,95.79180908203125
2024-02-26,107.72000122070312,95.49040222167969
2024-02-27,107.56999969482422,95.35742950439453
2024-02-28,107.55999755859375,95.34854888916016
2024-02-29,107.66000366210938,95.43721008300781
2024-03-01,107.91999816894531,96.0182113647461
2024-03-04,107.72000122070312,95.84026336669922
2024-03-05,108.30999755859375,96.36518096923828
2024-03-06,108.5999984741211,96.62319946289062
2024-03-07,108.87000274658203,96.86341857910156
2024-03-08,109.0199966430664,96.99687194824219
2024-03-11,109.04000091552734,97.01468658447266
2024-03-12,108.69000244140625,96.7032699584961
2024-03-13,108.58000183105469,96.60537719726562
2024-03-14,107.77999877929688,95.89360809326172
2024-03-15,107.80999755859375,95.92031860351562
2024-03-18,107.62999725341797,95.76016235351562
2024-03-19,107.94000244140625,96.03600311279297
2024-03-20,108.13999938964844,96.21392822265625
2024-03-21,108.30000305175781,96.35628509521484
2024-03-22,108.66999816894531,96.68546295166016
2024-03-25,108.30000305175781,96.35628509521484
2024-03-26,108.2699966430664,96.32957458496094
2024-03-27,109.0199966430664,96.99687194824219
2024-03-28,108.91999816894531,96.90789794921875
2024-04-01,107.47000122070312,95.97999572753906
2024-04-02,107.30999755859375,95.83708190917969
2024-04-03,107.37999725341797,95.89960479736328
2024-04-04,107.5,96.00679016113281
2024-04-05,107.02999877929688,95.58702850341797
2024-04-08,107.0199966430664,95.5781021118164
2024-04-09,107.56999969482422,96.06930541992188
2024-04-10,106.04000091552734,94.70286560058594
2024-04-11,105.81999969482422,94.50640106201172
2024-04-12,106.05999755859375,94.72071838378906
2024-04-15,104.88999938964844,93.67583465576172
2024-04-16,104.54000091552734,93.36324310302734
2024-04-17,105.11000061035156,93.87230682373047
2024-04-18,104.9000015258789,93.68476867675781
2024-04-19,105.01000213623047,93.78299713134766
2024-04-22,105.2699966430664,94.01519012451172
2024-04-23,105.44999694824219,94.17593383789062
2024-04-24,105.04000091552734,93.8097915649414
2024-04-25,104.7300033569336,93.5329360961914
2024-04-26,105.12999725341797,93.89016723632812
2024-04-29,105.56999969482422,94.28313446044922
2024-04-30,104.98999786376953,93.76514434814453
2024-05-01,105.01000213623047,94.15516662597656
2024-05-02,105.66000366210938,94.73797607421875
2024-05-03,106.4000015258789,95.40149688720703
2024-05-06,106.69999694824219,95.67045593261719
2024-05-07,106.75,95.71529388427734
2024-05-08,106.4800033569336,95.47322082519531
2024-05-09,106.6500015258789,95.62564086914062
2024-05-10,106.30999755859375,95.32080078125
2024-05-13,106.3499984741211,95.35665893554688
2024-05-14,106.66000366210938,95.63460540771484
2024-05-15,107.61000061035156,96.48640441894531
2024-05-16,107.44000244140625,96.33399963378906
2024-05-17,107.19000244140625,96.10983276367188
2024-05-20,107.13999938964844,96.06499481201172
2024-05-21,107.31999969482422,96.22638702392578
2024-05-22,107.16000366210938,96.08293151855469
2024-05-23,106.69000244140625,95.66150665283203
2024-05-24,106.9800033569336,95.92152404785156
2024-05-28,106.33999633789062,95.34768676757812
2024-05-29,105.7699966430664,94.83661651611328
2024-05-30,106.41999816894531,95.4194107055664
2024-05-31,106.88999938964844,95.8408203125
2024-06-03,107.22000122070312,96.50234985351562
2024-06-04,107.63999938964844,96.88040161132812
2024-06-05,108.0,97.20439910888672
2024-06-06,107.93000030517578,97.1413803100586
2024-06-07,106.95999908447266,96.26837158203125
2024-06-10,106.73999786376953,96.0703353881836
2024-06-11,107.19999694824219,96.48434448242188
2024-06-12,107.86000061035156,97.07839965820312
2024-06-13,108.37000274658203,97.53743743896484
2024-06-14,108.45999908447266,97.61841583251953
2024-06-17,107.94999694824219,97.15938568115234
2024-06-18,108.44999694824219,97.60942077636719
2024-06-20,108.08999633789062,97.2853775024414
2024-06-21,108.12000274658203,97.3124008178711
2024-06-24,108.2300033569336,97.41143035888672
2024-06-25,108.19000244140625,97.37541198730469
2024-06-26,107.5999984741211,96.84439849853516
2024-06-27,107.80999755859375,97.03337860107422
2024-06-28,107.12000274658203,96.4123764038086
2024-07-01,106.11000061035156,95.83971405029297
2024-07-02,106.79000091552734,96.45392608642578
2024-07-03,107.58000183105469,97.16744232177734
2024-07-05,108.13999938964844,97.6732406616211
2024-07-08,108.12999725341797,97.66421508789062
2024-07-09,107.93000030517578,97.48357391357422
2024-07-10,108.19000244140625,97.71839904785156
2024-07-11,108.7699966430664,98.24226379394531
2024-07-12,109.16999816894531,98.60355377197266
2024-07-15,108.56999969482422,98.0616226196289
2024-07-16,109.19999694824219,98.6306381225586
2024-07-17,109.25,98.67579650878906
2024-07-18,108.77999877929688,98.25130462646484
2024-07-19,108.37999725341797,97.8900146484375
2024-07-22,108.31999969482422,97.83583068847656
2024-07-23,108.23999786376953,97.76355743408203
2024-07-24,107.58000183105469,97.16744232177734
2024-07-25,108.01000213623047,97.55581665039062
2024-07-26,108.61000061035156,98.0977554321289
2024-07-29,108.83999633789062,98.30548858642578
2024-07-30,108.93000030517578,98.38677215576172
2024-07-31,109.55999755859375,98.95577239990234
2024-08-01,109.52999877929688,99.283935546875
2024-08-02,110.5999984741211,100.25386047363281
2024-08-05,110.31999969482422,100.0000228881836
2024-08-06,109.5999984741211,99.34740447998047
2024-08-07,109.0999984741211,98.8941650390625
2024-08-08,109.1500015258789,98.93949890136719
2024-08-09,109.70999908447266,99.44709777832031
2024-08-12,109.94000244140625,99.65557861328125
2024-08-13,110.70999908447266,100.35355377197266
2024-08-14,111.19999694824219,100.79772186279297
2024-08-15,110.86000061035156,100.48954010009766
2024-08-16,111.19000244140625,100.78864288330078
2024-08-19,111.44999694824219,101.02433013916016
2024-08-20,111.73999786376953,101.28717803955078
2024-08-21,111.98999786376953,101.5137939453125
2024-08-22,111.52999877929688,101.09683990478516
2024-08-23,112.16999816894531,101.67696380615234
2024-08-26,112.02999877929688,101.55007934570312
2024-08-27,111.94000244140625,101.4684829711914
2024-08-28,111.70999908447266,101.26000213623047
2024-08-29,111.5199966430664,101.0877914428711
2024-08-30,111.20999908447266,100.80679321289062
2024-09-03,111.13999938964844,101.11156463623047
2024-09-04,111.83000183105469,101.73928833007812
2024-09-05,112.37999725341797,102.23966217041016
2024-09-06,112.33000183105469,102.19416046142578
2024-09-09,112.58000183105469,102.4216079711914
2024-09-10,112.88999938964844,102.70364379882812
2024-09-11,112.94000244140625,102.74913787841797
2024-09-12,112.86000061035156,102.67633819580078
2024-09-13,113.20999908447266,102.9947738647461
2024-09-16,113.70999908447266,103.44966125488281
2024-09-17,113.72000122070312,103.4587631225586
2024-09-18,113.25,103.03117370605469
2024-09-19,113.3499984741211,103.12213897705078
2024-09-20,113.44999694824219,103.21311950683594
2024-09-23,113.29000091552734,103.06755065917969
2024-09-24,113.4800033569336,103.24041748046875
2024-09-25,112.80999755859375,102.630859375
2024-09-26,112.80999755859375,102.630859375
2024-09-27,113.26000213623047,103.04025268554688
2024-09-30,112.9800033569336,102.78553771972656
2024-10-01,113.11000061035156,103.27951049804688
2024-10-02,112.86000061035156,103.0512466430664
2024-10-03,112.12999725341797,102.38467407226562
2024-10-04,111.5199966430664,101.82769775390625
2024-10-07,110.94999694824219,101.30723571777344
2024-10-08,111.16999816894531,101.50811004638672
2024-10-09,110.94999694824219,101.30723571777344
2024-10-10,110.83000183105469,101.1976547241211
2024-10-11,110.80999755859375,101.17938995361328
2024-10-14,110.81999969482422,101.18854522705078
2024-10-15,111.36000061035156,101.68161010742188
2024-10-16,111.70999908447266,102.00118255615234
2024-10-17,110.87999725341797,101.24331665039062
2024-10-18,110.75,101.1246109008789
2024-10-21,109.62000274658203,100.09284210205078
2024-10-22,109.61000061035156,100.08370208740234
2024-10-23,109.23999786376953,99.745849609375
2024-10-24,109.56999969482422,100.04716491699219
2024-10-25,109.30999755859375,99.80977630615234
2024-10-28,109.22000122070312,99.72759246826172
2024-10-29,109.3499984741211,99.84628295898438
2024-10-30,109.20999908447266,99.71845245361328
2024-10-31,108.98999786376953,99.517578125
2024-11-01,108.01000213623047,98.97237396240234
2024-11-04,108.80999755859375,99.7054214477539
2024-11-05,109.33000183105469,100.1819076538086
2024-11-06,108.19000244140625,99.1373062133789
2024-11-07,109.47000122070312,100.31021881103516
2024-11-08,109.8499984741211,100.65840911865234
2024-11-11,109.63999938964844,100.4659652709961
2024-11-12,108.6500015258789,99.55880737304688
2024-11-13,108.23999786376953,99.18311309814453
2024-11-14,108.20999908447266,99.15563201904297
2024-11-15,108.26000213623047,99.20145416259766
2024-11-18,108.45999908447266,99.38471984863281
2024-11-19,108.69000244140625,99.59547424316406
2024-11-20,108.43000030517578,99.35720825195312
2024-11-21,108.30000305175781,99.23809814453125
2024-11-22,108.4000015258789,99.32972717285156
2024-11-25,109.75,100.5667724609375
2024-11-26,109.47000122070312,100.31021881103516
2024-11-27,109.87000274658203,100.67671966552734
2024-11-29,110.55000305175781,101.29981994628906
2024-12-02,110.33999633789062,101.45890808105469
2024-12-03,109.94999694824219,101.10029602050781
2024-12-04,110.4800033569336,101.58763885498047
2024-12-05,110.44999694824219,101.56004333496094
2024-12-06,110.69999694824219,101.78993225097656
2024-12-09,110.41999816894531,101.532470703125
2024-12-10,110.25,101.37615966796875
2024-12-11,109.94999694824219,101.10029602050781
2024-12-12,109.33000183105469,100.53019714355469
2024-12-13,108.72000122070312,99.96929168701172
2024-12-16,108.86000061035156,100.0980224609375
2024-12-17,108.87000274658203,100.10723114013672
2024-12-18,107.13999938964844,98.8660888671875
2024-12-19,106.55999755859375,98.33088684082031
2024-12-20,106.9800033569336,98.71846771240234
2024-12-23,106.66999816894531,98.43238067626953
2024-12-24,107.0,98.73690795898438
2024-12-26,107.0999984741211,98.82918548583984
2024-12-27,106.6500015258789,98.41395568847656
2024-12-30,107.11000061035156,98.83842468261719
2024-12-31,106.83999633789062,98.58924865722656
2025-01-02,106.8499984741211,98.59849548339844
2025-01-03,106.5999984741211,98.3677978515625
2025-01-06,106.33000183105469,98.11866760253906
2025-01-07,105.83999633789062,97.66646575927734
2025-01-08,106.01000213623047,97.8233642578125
2025-01-10,105.4000015258789,97.26046752929688
2025-01-13,105.0999984741211,96.98362731933594
2025-01-14,105.22000122070312,97.09436798095703
2025-01-15,106.4800033569336,98.25704956054688
2025-01-16,106.69000244140625,98.45086669921875
2025-01-17,106.77999877929688,98.53389739990234
2025-01-21,107.4000015258789,99.10600280761719
2025-01-22,107.05999755859375,98.79226684570312
2025-01-23,106.91000366210938,98.65386199951172
2025-01-24,107.12000274658203,98.84764099121094
2025-01-27,107.86000061035156,99.5304946899414
2025-01-28,107.70999908447266,99.39208221435547
2025-01-29,107.56999969482422,99.26288604736328
2025-01-30,107.80999755859375,99.48436737060547
2025-01-31,107.45999908447266,99.16138458251953
2025-02-03,107.23999786376953,99.3178939819336
2025-02-04,107.44999694824219,99.51239013671875
2025-02-05,108.19999694824219,100.20698547363281
2025-02-06,108.0,100.02175903320312
2025-02-07,107.52999877929688,99.58647918701172
2025-02-10,107.55999755859375,99.6142578125
2025-02-11,107.31999969482422,99.39198303222656
2025-02-12,106.73999786376953,98.8548355102539
2025-02-13,107.56999969482422,99.62351989746094
2025-02-14,107.98999786376953,100.01248931884766
2025-02-18,107.55000305175781,99.6050033569336
2025-02-19,107.61000061035156,99.66056823730469
2025-02-20,107.87000274658203,99.90135192871094
2025-02-21,108.25,100.25328826904297
2025-02-24,108.52999877929688,100.51260375976562
2025-02-25,109.36000061035156,101.2812728881836
2025-02-26,109.58999633789062,101.49427795410156
2025-02-27,109.12999725341797,101.06826782226562
2025-02-28,109.61000061035156,101.5127944946289
2025-03-03,109.54000091552734,101.83354187011719
2025-03-04,109.18000030517578,101.49885559082031
2025-03-05,108.83000183105469,101.17350006103516
2025-03-06,108.48999786376953,100.85740661621094
2025-03-07,108.31999969482422,100.69937133789062
2025-03-10,108.69000244140625,101.04335021972656
2025-03-11,107.9800033569336,100.38330078125
2025-03-12,107.66000366210938,100.08580017089844
2025-03-13,108.0,100.40190124511719
2025-03-14,107.94999694824219,100.35541534423828
2025-03-17,108.16999816894531,100.55992889404297
2025-03-18,108.43000030517578,100.80165100097656
2025-03-19,109.06999969482422,101.39662170410156
2025-03-20,108.91000366210938,101.24787139892578
2025-03-21,108.76000213623047,101.1084213256836
2025-03-24,108.29000091552734,100.6714859008789
2025-03-25,108.4000015258789,100.77374267578125
2025-03-26,107.95999908447266,100.36469268798828
2025-03-27,107.83000183105469,100.24385833740234
2025-03-28,108.4800033569336,100.84813690185547
2025-03-31,108.69000244140625,101.04335021972656
2025-04-01,108.66000366210938,101.40451049804688
2025-04-02,108.91000366210938,101.63782501220703
2025-04-03,108.9000015258789,101.62849426269531
2025-04-04,108.77999877929688,101.51649475097656
2025-04-07,106.66000366210938,99.5380630493164
2025-04-08,105.30999755859375,98.27819061279297
2025-04-09,107.06999969482422,99.920654296875
2025-04-10,105.25,98.2221908569336
2025-04-11,105.2300033569336,98.20355224609375
2025-04-14,105.87999725341797,98.81013488769531
2025-04-15,106.44999694824219,99.34207153320312
2025-04-16,106.9000015258789,99.76200866699219
2025-04-17,106.75,99.62203216552734
2025-04-21,105.5999984741211,98.548828125
2025-04-22,105.86000061035156,98.79145812988281
2025-04-23,106.33000183105469,99.23011016845703
2025-04-24,107.41999816894531,100.24730682373047
2025-04-25,107.98999786376953,100.77924346923828
2025-04-28,108.23999786376953,101.01255798339844
2025-04-29,108.48999786376953,101.24584197998047
2025-04-30,107.9800033569336,100.76991271972656
2025-05-01,107.16999816894531,100.41572570800781
2025-05-02,106.91000366210938,100.172119140625
2025-05-05,106.76000213623047,100.03157043457031
2025-05-06,106.97000122070312,100.22833251953125
2025-05-07,107.19000244140625,100.43447875976562
2025-05-08,106.6500015258789,99.92851257324219
2025-05-09,106.61000061035156,99.89103698730469
2025-05-12,106.58999633789062,99.87228393554688
2025-05-13,106.68000030517578,99.95662689208984
2025-05-14,106.13999938964844,99.45063018798828
2025-05-15,106.9000015258789,100.16275024414062
2025-05-16,107.0999984741211,100.35013580322266
2025-05-19,107.11000061035156,100.3595199584961
2025-05-20,106.8499984741211,100.11589813232422
2025-05-21,105.66000366210938,99.00090789794922
2025-05-22,106.19999694824219,99.5068588256836
2025-05-23,106.27999877929688,99.58181762695312
2025-05-27,107.23999786376953,100.48130798339844
2025-05-28,106.9800033569336,100.23770904541016
2025-05-29,107.45999908447266,100.68745422363281
2025-05-30,107.7699966430664,100.9779052734375
2025-06-02,107.06999969482422,100.69202423095703
2025-06-03,107.12000274658203,100.73905944824219
2025-06-04,107.9000015258789,101.47257995605469
2025-06-05,107.56999969482422,101.1622314453125
2025-06-06,106.91999816894531,100.55095672607422
2025-06-09,107.23999786376953,100.85188293457031
2025-06-10,107.5,101.0964126586914
2025-06-11,107.83999633789062,101.41616821289062
2025-06-12,108.44000244140625,101.98041534423828
2025-06-13,107.79000091552734,101.369140625
2025-06-16,107.5999984741211,101.1904525756836
2025-06-17,107.97000122070312,101.53841400146484
2025-06-18,108.05000305175781,101.61366271972656
2025-06-20,108.13999938964844,101.69828796386719
2025-06-23,108.41000366210938,101.95220947265625
2025-06-24,108.91999816894531,102.43181610107422
2025-06-25,108.79000091552734,102.30957794189453
2025-06-26,109.19000244140625,102.68576049804688
2025-06-27,109.01000213623047,102.51646423339844
2025-06-30,109.61000061035156,103.0807113647461
2025-07-01,109.33999633789062,103.20532989501953
2025-07-02,109.31999969482422,103.18644714355469
2025-07-03,109.05999755859375,102.94102478027344
2025-07-07,108.41000366210938,102.32750701904297
2025-07-08,108.0999984741211,102.03487396240234
2025-07-09,108.72000122070312,102.62010192871094
2025-07-10,108.73999786376953,102.63898468017578
2025-07-11,108.08000183105469,102.01602172851562
2025-07-14,108.05000305175781,101.98770904541016
2025-07-15,107.66000366210938,101.61956024169922
2025-07-16,107.83000183105469,101.78003692626953
2025-07-17,108.08999633789062,102.02545166015625
2025-07-18,108.29000091552734,102.21424102783203
2025-07-21,108.70999908447266,102.61067199707031
2025-07-22,108.97000122070312,102.85608673095703
2025-07-23,108.80000305175781,102.69561004638672
2025-07-24,108.63999938964844,102.54460144042969
2025-07-25,108.98999786376953,102.87496185302734
2025-07-28,108.7699966430664,102.66729736328125
2025-07-29,109.48999786376953,103.34691619873047
2025-07-30,109.08000183105469,102.95990753173828
2025-07-31,109.11000061035156,102.98822021484375
2025-08-01,109.62999725341797,103.90184783935547
2025-08-04,109.81999969482422,104.08192443847656
2025-08-05,109.9000015258789,104.15775299072266
2025-08-06,109.87000274658203,104.12931060791016
2025-08-07,109.76000213623047,104.02506256103516
2025-08-08,109.41000366210938,103.69334411621094
2025-08-11,109.58000183105469,103.85448455810547
2025-08-12,109.68000030517578,103.94922637939453
2025-08-13,110.26000213623047,104.49893951416016
2025-08-14,109.87999725341797,104.1387939453125
2025-08-15,109.73999786376953,104.00611114501953
2025-08-18,109.54000091552734,103.81655883789062
2025-08-19,109.70999908447266,103.97767639160156
2025-08-20,109.76000213623047,104.02506256103516
2025-08-21,109.33999633789062,103.62700653076172
2025-08-22,110.19999694824219,104.44206237792969
2025-08-25,109.91000366210938,104.167236328125
2025-08-26,109.98999786376953,104.24304962158203
2025-08-27,110.02999877929688,104.28095245361328
2025-08-28,110.19999694824219,104.44206237792969
2025-08-29,109.80000305175781,104.06297302246094
2025-09-02,109.05000305175781,103.71489715576172
2025-09-03,109.69999694824219,104.33306884765625
2025-09-04,110.44999694824219,105.04637908935547
2025-09-05,111.16999816894531,105.73114776611328
2025-09-08,111.55999755859375,106.10206604003906
2025-09-09,111.36000061035156,105.911865234375
2025-09-10,111.69000244140625,106.22570037841797
2025-09-11,112.20999908447266,106.72026824951172
2025-09-12,112.01000213623047,106.53005981445312
2025-09-15,112.36000061035156,106.86292266845703
2025-09-16,112.26000213623047,106.76783752441406
2025-09-17,112.05999755859375,106.5776138305664
2025-09-18,111.83000183105469,106.3588638305664
2025-09-19,111.73999786376953,106.27326202392578
2025-09-22,111.48999786376953,106.03549194335938
2025-09-23,111.70999908447266,106.24473571777344
2025-09-24,111.26000213623047,105.81675720214844
2025-09-25,111.05999755859375,105.62653350830078
2025-09-26,111.20999908447266,105.7691879272461
2025-09-29,111.58000183105469,106.12110137939453
2025-09-30,111.47000122070312,106.01647186279297
2025-10-01,111.51000213623047,106.44222259521484
2025-10-02,111.69000244140625,106.61402893066406
2025-10-03,111.55000305175781,106.48040008544922
2025-10-06,111.19000244140625,106.13674926757812
2025-10-07,111.4000015258789,106.33720397949219
2025-10-08,111.26000213623047,106.20356750488281
2025-10-09,111.04000091552734,105.99357604980469
2025-10-10,111.3499984741211,106.28948211669922
2025-10-13,111.7300033569336,106.65221405029297
2025-10-14,112.0999984741211,107.00540161132812
2025-10-15,112.0999984741211,107.00540161132812
2025-10-16,112.41999816894531,107.31085205078125
2025-10-17,112.19999694824219,107.10084533691406
2025-10-20,112.54000091552734,107.42540740966797
2025-10-21,112.55999755859375,107.44449615478516
2025-10-22,112.66999816894531,107.54947662353516
2025-10-23,112.52999877929688,107.41585540771484
2025-10-24,112.72000122070312,107.59723663330078
2025-10-27,112.91000366210938,107.77859497070312
2025-10-28,112.91999816894531,107.78813934326172
2025-10-29,112.27999877929688,107.1772232055664
2025-10-30,111.68000030517578,106.60448455810547
2025-10-31,111.2300033569336,106.1749267578125
2025-11-03,110.52999877929688,105.88945770263672
2025-11-04,110.68000030517578,106.03314208984375
2025-11-05,110.3499984741211,105.71700286865234
2025-11-06,110.93000030517578,106.27265930175781
2025-11-07,110.70999908447266,106.06189727783203
2025-11-10,110.7699966430664,106.11936950683594
2025-11-11,111.20999908447266,106.54090118408203
2025-11-12,111.0999984741211,106.43551635742188
2025-11-13,110.55000305175781,105.90859985351562
2025-11-14,110.25,105.62120819091797
2025-11-17,110.31999969482422,105.68826293945312
2025-11-18,110.37000274658203,105.73615264892578
2025-11-19,110.37999725341797,105.74574279785156
2025-11-20,110.52999877929688,105.88945770263672
2025-11-21,110.91999816894531,106.26307678222656
2025-11-24,111.36000061035156,106.68460083007812
2025-11-25,111.66999816894531,106.98158264160156
2025-11-26,112.05000305175781,107.34563446044922
2025-11-28,111.86000061035156,107.16361236572266
2025-12-01,110.8499984741211,106.58955383300781
2025-12-02,110.91999816894531,106.6568603515625
2025-12-03,111.16999816894531,106.89725494384766
2025-12-04,110.97000122070312,106.7049331665039
2025-12-05,110.86000061035156,106.59915924072266
2025-12-08,110.62999725341797,106.37801361083984
2025-12-09,110.48999786376953,106.2433853149414
2025-12-10,111.0,106.73380279541016
2025-12-11,110.83999633789062,106.5799331665039
2025-12-12,110.16999816894531,105.9356918334961
2025-12-15,110.30000305175781,106.06068420410156
2025-12-16,110.55000305175781,106.30107879638672
2025-12-17,110.43000030517578,106.1856918334961
2025-12-18,110.8499984741211,106.58955383300781
2025-12-19,110.12999725341797,106.31539154052734
2025-12-22,110.11000061035156,106.29606628417969
2025-12-23,110.22000122070312,106.40227508544922
2025-12-24,110.6500015258789,106.8173828125
2025-12-26,110.63999938964844,106.80770874023438
2025-12-29,110.79000091552734,106.95252227783203
2025-12-30,110.66000366210938,106.8270263671875
2025-12-31,110.19000244140625,106.37332153320312
2026-01-02,110.16000366210938,106.34435272216797
2026-01-05,110.47000122070312,106.64361572265625
2026-01-06,110.47000122070312,106.64361572265625
2026-01-07,110.55000305175781,106.72084045410156
2026-01-08,110.23999786376953,106.42156982421875
2026-01-09,110.63999938964844,106.80770874023438
2026-01-12,110.51000213623047,106.6822280883789
2026-01-13,110.75,106.91390991210938
2026-01-14,111.02999877929688,107.18421173095703
2026-01-15,110.88999938964844,107.04905700683594
2026-01-16,110.56999969482422,106.74014282226562
2026-01-20,109.9000015258789,106.09335327148438
2026-01-21,110.55999755859375,106.73049926757812
2026-01-22,110.7699966430664,106.93321990966797
2026-01-23,110.83999633789062,107.00080108642578
2026-01-26,110.93000030517578,107.08767700195312
2026-01-27,110.80999755859375,106.97183227539062
2026-01-28,110.6500015258789,106.8173828125
2026-01-29,110.68000030517578,106.8463363647461
2026-01-30,110.56999969482422,106.74014282226562
2026-02-02,110.05999755859375,106.64131927490234
2026-02-03,110.11000061035156,106.68975067138672
2026-02-04,109.97000122070312,106.55410766601562
2026-02-05,110.5,107.06764221191406
2026-02-06,110.55999755859375,107.12577819824219
2026-02-09,110.55999755859375,107.12577819824219
2026-02-10,110.81999969482422,107.3777084350586
2026-02-11,110.69999694824219,107.26142883300781
2026-02-12,111.22000122070312,107.76527404785156
2026-02-13,111.58999633789062,108.123779296875
2026-02-17,111.69999694824219,108.2303695678711
2026-02-18,111.58999633789062,108.123779296875
2026-02-19,111.68000030517578,108.21099090576172
2026-02-20,111.58999633789062,108.123779296875
2026-02-23,111.70999908447266,108.24005889892578
2026-02-24,111.68000030517578,108.21099090576172
2026-02-25,111.6500015258789,108.18193054199219
2026-02-26,111.72000122070312,108.249755859375
2026-02-27,111.68000030517578,108.21099090576172
2026-03-02,110.91999816894531,107.84443664550781
2026-03-03,110.87000274658203,107.79583740234375
2026-03-04,110.97000122070312,107.89305877685547
2026-03-05,110.52999877929688,107.46525573730469
2026-03-06,110.16000366210938,107.10551452636719
2026-03-09,110.81999969482422,107.7472152709961
2026-03-10,110.05999755859375,107.00829315185547
2026-03-11,109.16000366210938,106.13323974609375
2026-03-12,108.56999969482422,105.55960845947266
2026-03-13,108.16999816894531,105.17070007324219
2026-03-16,108.69000244140625,105.67627716064453
2026-03-17,109.30000305175781,106.26935577392578
2026-03-18,108.70999908447266,105.69572448730469
2026-03-19,109.19000244140625,106.16241455078125
2026-03-20,107.8499984741211,104.85956573486328
2026-03-23,108.55999755859375,105.54988098144531
2026-03-24,108.33999633789062,105.33597564697266
2026-03-25,108.7300033569336,105.71517181396484
2026-03-26,107.87999725341797,104.88873291015625
2026-03-27,107.62000274658203,104.63594055175781
2026-03-30,108.30999755859375,105.30681610107422
2026-03-31,108.98999786376953,105.96795654296875
2026-04-01,108.66000366210938,106.08121490478516
2026-04-02,109.12000274658203,106.5302963256836
2026-04-06,108.94999694824219,106.36431121826172
2026-04-07,109.06999969482422,106.4814682006836
2026-04-08,109.48999786376953,106.8915023803711
2026-04-09,109.48999786376953,106.8915023803711
2026-04-10,109.19999694824219,106.60838317871094
2026-04-13,109.62000274658203,107.01841735839844
2026-04-14,109.9800033569336,107.36988067626953
2026-04-15,109.94000244140625,107.33082580566406
2026-04-16,109.43000030517578,106.83292388916016
2026-04-17,110.04000091552734,107.42845153808594
2026-04-20,110.02999877929688,107.41868591308594
2026-04-21,109.61000061035156,107.00865173339844
2026-04-22,109.81999969482422,107.21367645263672
2026-04-23,109.5199966430664,106.92079162597656
2026-04-24,109.5999984741211,106.99888610839844
2026-04-27,109.29000091552734,106.69625091552734
2026-04-28,109.33999633789062,106.74507141113281
2026-04-29,108.7300033569336,106.14954376220703
2026-04-30,108.8499984741211,106.26668548583984
2026-05-01,108.5999984741211,106.43821716308594
2026-05-04,108.25,106.09517669677734
2026-05-05,108.6500015258789,106.48722076416016
2026-05-06,109.19000244140625,107.01646423339844
2026-05-07,108.73999786376953,106.5754165649414
2026-05-08,109.19999694824219,107.02626037597656
2026-05-11,108.93000030517578,106.76164245605469
2026-05-12,108.55999755859375,106.39900207519531
2026-05-13,108.62000274658203,106.45780944824219
2026-05-14,108.55000305175781,106.38920593261719
2026-05-15,107.86000061035156,105.71294403076172
2026-05-18,107.66000366210938,105.51692199707031
2026-05-19,107.12000274658203,104.9876708984375
2026-05-20,107.94999694824219,105.8011474609375
2026-05-21,108.16999816894531,106.01676940917969
2026-05-22,108.37000274658203,106.21279907226562
2026-05-26,108.77999877929688,106.61461639404297
2026-05-27,108.93000030517578,106.76164245605469
2026-05-28,109.26000213623047,107.0850830078125
2026-05-29,109.36000061035156,107.1830825805664
2026-06-01,108.93000030517578,107.1663589477539
2026-06-02,108.91999816894531,107.15650939941406
2026-06-03,108.62000274658203,106.86137390136719
2026-06-04,108.8499984741211,107.087646484375
2026-06-05,108.16999816894531,106.41865539550781
2026-06-08,108.05999755859375,106.31044006347656
2026-06-09,108.41000366210938,106.65477752685547
2026-06-10,108.16000366210938,106.40882873535156
2026-06-11,109.08000183105469,107.31393432617188
2026-06-12,109.01000213623047,107.24506378173828
2026-06-15,108.98999786376953,107.22537994384766
2026-06-16,109.12000274658203,107.35327911376953
2026-06-17,108.7699966430664,107.00894165039062
2026-06-18,109.06999969482422,107.30408477783203
2026-06-22,108.77999877929688,107.01878356933594
2026-06-23,108.91000366210938,107.14668273925781
2026-06-24,109.41000366210938,107.63858795166016
2026-06-25,109.5,107.72712707519531
2026-06-26,109.5,107.72712707519531
2026-06-29,109.69999694824219,107.92388916015625
2026-06-30,109.06999969482422,107.30408477783203
2026-07-01,108.45999908447266,107.07898712158203
2026-07-02,108.63999938964844,107.2566909790039
2026-07-06,108.66999816894531,107.28630828857422
2026-07-07,107.87999725341797,106.5063705444336
2026-07-08,107.66999816894531,106.29904174804688
2026-07-09,107.70999908447266,106.33853149414062
2026-07-10,107.45999908447266,106.09172058105469
2026-07-13,106.95999908447266,105.59808349609375
2026-07-14,107.20999908447266,105.84490966796875
2026-07-15,107.58000183105469,106.21018981933594
2026-07-16,107.5,106.1312026977539
2026-07-17,107.55999755859375,106.19044494628906
2026-07-20,107.1500015258789,105.7856674194336
2026-07-21,106.8499984741211,105.48948669433594
2026-07-22,106.66999816894531,105.31177520751953
2026-07-23,106.26000213623047,104.9070053100586
2026-07-24,106.2300033569336,104.87738037109375
2026-07-27,106.51000213623047,105.15381622314453
2026-07-28,106.83000183105469,105.46974182128906
2026-07-29,106.22000122070312,104.86751556396484
2026-07-30,106.41000366210938,105.05509948730469
2026-07-31,106.25,104.89712524414062
2026-08-03,106.11000061035156,105.21244049072266
2026-08-04,106.76000213623047,105.85694122314453
2026-08-05,106.73999786376953,105.83710479736328
2026-08-06,106.36000061035156,105.4603271484375
2026-08-07,106.55000305175781,105.64871978759766
2026-08-10,105.95999908447266,105.06370544433594
2026-08-11,105.98999786376953,105.09345245361328
2026-08-12,106.12000274658203,105.22235870361328
2026-08-13,106.55000305175781,105.64871978759766
2026-08-14,106.12000274658203,105.22235870361328
2026-08-17,105.69999694824219,104.805908203125
2026-08-18,105.83999633789062,104.94471740722656
2026-08-19,106.56999969482422,105.66854858398438
2026-08-20,106.05999755859375,105.16285705566406
2026-08-21,105.91999816894531,105.0240478515625
2026-08-24,106.18000030517578,105.28185272216797
2026-08-25,106.86000061035156,105.95610046386719
2026-08-26,106.77999877929688,105.87677001953125
2026-08-27,106.7300033569336,105.82720184326172
2026-08-28,106.3499984741211,105.45040893554688
2026-08-31,106.20999908447266,105.31159210205078
2026-09-01,105.22000122070312,104.76793670654297
2026-09-02,105.3499984741211,104.89737701416016
2026-09-03,105.5,105.0467300415039
2026-09-04,105.4800033569336,105.02682495117188
2026-09-08,105.4800033569336,105.02682495117188
2026-09-09,105.30999755859375,104.8575439453125
2026-09-10,104.36000061035156,103.91162872314453
2026-09-11,104.31999969482422,103.8718032836914
2026-09-14,104.30000305175781,103.85189056396484
2026-09-15,104.27999877929688,103.83197784423828
2026-09-16,104.44999694824219,104.0012435913086
2026-09-17,105.16000366210938,104.70819854736328
2026-09-18,104.69999694824219,104.25016784667969
2026-09-21,105.08999633789062,104.63848876953125
2026-09-22,105.08999633789062,104.63848876953125
2026-09-23,103.88999938964844,103.44364929199219
2026-09-24,103.1500015258789,102.70683288574219
2026-09-25,103.20999908447266,102.76657104492188
2026-09-28,102.47000122070312,102.02975463867188
2026-09-29,102.41000366210938,101.97001647949219
2026-09-30,102.18000030517578,101.74099731445312
2026-10-01,102.02999877929688,102.02999877929688
2026-10-02,101.83000183105469,101.83000183105469
