date,close,adjclose
1992-12-16,2.75,2.1330935955047607
1992-12-17,2.75,2.1330935955047607
1992-12-18,2.75,2.1330935955047607
1992-12-21,2.75,2.1330935955047607
1992-12-22,2.75,2.1330935955047607
1992-12-23,2.75,2.1330935955047607
1992-12-24,2.8125,2.181574821472168
1992-12-28,2.78125,2.1573338508605957
1992-12-29,2.78125,2.1573338508605957
1992-12-30,2.78125,2.1573338508605957
1992-12-31,2.875,2.230052947998047
1993-01-04,3.0625,2.3754916191101074
1993-01-05,3.0,2.327012062072754
1993-01-06,3.0,2.327012062072754
1993-01-07,2.875,2.230052947998047
1993-01-08,2.8125,2.181574821472168
1993-01-11,2.8125,2.181574821472168
1993-01-12,2.875,2.230052947998047
1993-01-13,2.84375,2.205813407897949
1993-01-14,2.8125,2.181574821472168
1993-01-15,2.8125,2.181574821472168
1993-01-18,2.84375,2.205813407897949
1993-01-19,2.875,2.230052947998047
1993-01-20,2.875,2.230052947998047
1993-01-21,2.9375,2.2785332202911377
1993-01-22,2.875,2.230052947998047
1993-01-25,2.9375,2.2785332202911377
1993-01-26,3.0,2.327012062072754
1993-01-27,2.9375,2.2785332202911377
1993-01-28,2.9375,2.2785332202911377
1993-01-29,3.0,2.327012062072754
1993-02-01,2.9375,2.2785332202911377
1993-02-02,3.125,2.423971176147461
1993-02-03,3.3125,2.569409132003784
1993-02-04,3.4375,2.666368246078491
1993-02-05,3.3125,2.569409132003784
1993-02-08,3.5625,2.7633275985717773
1993-02-09,3.4375,2.666368246078491
1993-02-10,3.4375,2.666368246078491
1993-02-11,3.3125,2.569409132003784
1993-02-12,3.375,2.6258163452148438
1993-02-16,3.125,2.4313106536865234
1993-02-17,3.125,2.4313106536865234
1993-02-18,3.0625,2.3826844692230225
1993-02-19,3.125,2.4313106536865234
1993-02-22,3.1875,2.479938507080078
1993-02-23,3.375,2.6258163452148438
1993-02-24,3.4375,2.6744418144226074
1993-02-25,3.3125,2.5771899223327637
1993-02-26,3.3125,2.5771899223327637
1993-03-01,3.40625,2.650130033493042
1993-03-02,3.375,2.6258163452148438
1993-03-03,3.5625,2.7716946601867676
1993-03-04,3.5,2.7230679988861084
1993-03-05,3.5,2.7230679988861084
1993-03-08,3.4375,2.6744418144226074
1993-03-09,3.3125,2.5771899223327637
1993-03-10,3.375,2.6258163452148438
1993-03-11,3.40625,2.650130033493042
1993-03-12,3.40625,2.650130033493042
1993-03-15,3.375,2.6258163452148438
1993-03-16,3.375,2.6258163452148438
1993-03-17,3.3125,2.5771899223327637
1993-03-18,3.34375,2.6015026569366455
1993-03-19,3.6875,2.8689472675323486
1993-03-22,3.9375,3.0634515285491943
1993-03-23,3.625,2.820319890975952
1993-03-24,3.5625,2.7716946601867676
1993-03-25,3.6875,2.8689472675323486
1993-03-26,3.5625,2.7716946601867676
1993-03-29,3.625,2.820319890975952
1993-03-30,3.6875,2.8689472675323486
1993-03-31,3.625,2.820319890975952
1993-04-01,3.625,2.820319890975952
1993-04-02,3.625,2.820319890975952
1993-04-05,3.5625,2.7716946601867676
1993-04-06,3.625,2.820319890975952
1993-04-07,3.5625,2.7716946601867676
1993-04-08,3.5,2.7230679988861084
1993-04-12,3.71875,2.8932597637176514
1993-04-13,3.875,3.014826536178589
1993-04-14,4.0625,3.160703182220459
1993-04-15,4.09375,3.1850175857543945
1993-04-16,4.09375,3.1850175857543945
1993-04-19,4.125,3.2093310356140137
1993-04-20,4.125,3.2093310356140137
1993-04-21,4.3125,3.3552093505859375
1993-04-22,4.21875,3.282269239425659
1993-04-23,4.25,3.3065836429595947
1993-04-26,4.125,3.2093310356140137
1993-04-27,4.15625,3.23364520072937
1993-04-28,3.9375,3.0634515285491943
1993-04-29,3.9375,3.0634515285491943
1993-04-30,4.0,3.1120786666870117
1993-05-03,3.96875,3.08776593208313
1993-05-04,4.0,3.1120786666870117
1993-05-05,3.9375,3.0634515285491943
1993-05-06,3.78125,2.941887140274048
1993-05-07,3.8125,2.9661998748779297
1993-05-10,3.6875,2.8689472675323486
1993-05-11,3.5,2.7230679988861084
1993-05-12,4.0,3.1120786666870117
1993-05-13,4.0625,3.160703182220459
1993-05-14,4.03125,3.1363918781280518
1993-05-17,4.0,3.1198179721832275
1993-05-18,3.9375,3.0710699558258057
1993-05-19,4.0625,3.1685633659362793
1993-05-20,3.9375,3.0710699558258057
1993-05-21,3.875,3.0223240852355957
1993-05-24,3.875,3.0223240852355957
1993-05-25,3.875,3.0223240852355957
1993-05-26,3.9375,3.0710699558258057
1993-05-27,3.9375,3.0710699558258057
1993-05-28,3.9375,3.0710699558258057
1993-06-01,3.875,3.0223240852355957
1993-06-02,4.0625,3.1685633659362793
1993-06-03,4.0625,3.1685633659362793
1993-06-04,4.1875,3.266059160232544
1993-06-07,4.1875,3.266059160232544
1993-06-08,4.3125,3.3635528087615967
1993-06-09,4.25,3.314805746078491
1993-06-10,4.375,3.412299394607544
1993-06-11,4.3125,3.3635528087615967
1993-06-14,4.125,3.2173118591308594
1993-06-15,4.0,3.1198179721832275
1993-06-16,3.875,3.0223240852355957
1993-06-17,3.875,3.0223240852355957
1993-06-18,4.0,3.1198179721832275
1993-06-21,4.0,3.1198179721832275
1993-06-22,4.125,3.2173118591308594
1993-06-23,3.9375,3.0710699558258057
1993-06-24,3.875,3.0223240852355957
1993-06-25,4.0625,3.1685633659362793
1993-06-28,4.0625,3.1685633659362793
1993-06-29,4.0,3.1198179721832275
1993-06-30,3.9375,3.0710699558258057
1993-07-01,3.96875,3.0954437255859375
1993-07-02,4.03125,3.1441917419433594
1993-07-06,3.8125,2.973576307296753
1993-07-07,3.28125,2.5592246055603027
1993-07-08,3.40625,2.656719446182251
1993-07-09,3.4375,2.681091785430908
1993-07-12,3.5,2.7298402786254883
1993-07-13,3.5625,2.778588056564331
1993-07-14,3.5625,2.778588056564331
1993-07-15,3.375,2.6323461532592773
1993-07-16,3.25,2.5348517894744873
1993-07-19,3.28125,2.5592246055603027
1993-07-20,3.1875,2.48610520362854
1993-07-21,3.125,2.437356948852539
1993-07-22,3.1875,2.48610520362854
1993-07-23,3.125,2.437356948852539
1993-07-26,3.1875,2.494086503982544
1993-07-27,3.1875,2.494086503982544
1993-07-28,3.125,2.445181369781494
1993-07-29,3.375,2.640796184539795
1993-07-30,3.4375,2.689699172973633
1993-08-02,3.34375,2.6163442134857178
1993-08-03,3.375,2.640796184539795
1993-08-04,3.3125,2.591893434524536
1993-08-05,3.3125,2.591893434524536
1993-08-06,3.25,2.5429892539978027
1993-08-09,3.25,2.5429892539978027
1993-08-10,3.3125,2.591893434524536
1993-08-11,3.3125,2.591893434524536
1993-08-12,3.5625,2.787508487701416
1993-08-13,3.625,2.8364107608795166
1993-08-16,3.5625,2.787508487701416
1993-08-17,3.5,2.7386040687561035
1993-08-18,3.375,2.640796184539795
1993-08-19,3.375,2.640796184539795
1993-08-20,3.375,2.640796184539795
1993-08-23,3.5,2.7386040687561035
1993-08-24,3.5625,2.787508487701416
1993-08-25,3.4375,2.689699172973633
1993-08-26,3.5625,2.787508487701416
1993-08-27,3.625,2.8364107608795166
1993-08-30,3.5625,2.787508487701416
1993-08-31,3.5,2.7386040687561035
1993-09-01,3.5,2.7386040687561035
1993-09-02,3.5,2.7386040687561035
1993-09-03,3.53125,2.7630553245544434
1993-09-07,3.3125,2.591893434524536
1993-09-08,3.25,2.5429892539978027
1993-09-09,3.3125,2.591893434524536
1993-09-10,3.125,2.445181369781494
1993-09-13,3.3125,2.591893434524536
1993-09-14,3.25,2.5429892539978027
1993-09-15,3.375,2.640796184539795
1993-09-16,3.375,2.640796184539795
1993-09-17,3.21875,2.5185387134552
1993-09-20,3.125,2.445181369781494
1993-09-21,3.25,2.5429892539978027
1993-09-22,3.3125,2.591893434524536
1993-09-23,3.3125,2.591893434524536
1993-09-24,3.25,2.5429892539978027
1993-09-27,3.25,2.5429892539978027
1993-09-28,3.25,2.5429892539978027
1993-09-29,3.28125,2.5674400329589844
1993-09-30,3.4375,2.689699172973633
1993-10-01,3.5625,2.787508487701416
1993-10-04,3.5625,2.787508487701416
1993-10-05,3.5,2.7386040687561035
1993-10-06,3.75,2.934218406677246
1993-10-07,3.625,2.8364107608795166
1993-10-08,3.625,2.8364107608795166
1993-10-11,3.6875,2.8853158950805664
1993-10-12,3.75,2.934218406677246
1993-10-13,3.625,2.8364107608795166
1993-10-14,3.625,2.8364107608795166
1993-10-15,3.4375,2.689699172973633
1993-10-18,3.46875,2.714151382446289
1993-10-19,3.53125,2.7630553245544434
1993-10-20,3.625,2.8364107608795166
1993-10-21,3.6875,2.8853158950805664
1993-10-22,3.625,2.8364107608795166
1993-10-25,3.625,2.8442564010620117
1993-10-26,3.6875,2.893296003341675
1993-10-27,3.59375,2.8197381496429443
1993-10-28,3.5,2.7461798191070557
1993-10-29,3.625,2.8442564010620117
1993-11-01,3.59375,2.8197381496429443
1993-11-02,3.5,2.7461798191070557
1993-11-03,3.5625,2.7952187061309814
1993-11-04,3.5,2.7461798191070557
1993-11-05,3.5,2.7461798191070557
1993-11-08,3.5,2.7461798191070557
1993-11-09,3.5625,2.7952187061309814
1993-11-10,3.625,2.8442564010620117
1993-11-11,3.625,2.8442564010620117
1993-11-12,3.5625,2.7952187061309814
1993-11-15,3.625,2.8442564010620117
1993-11-16,3.59375,2.8197381496429443
1993-11-17,3.5,2.7461798191070557
1993-11-18,3.4375,2.6971404552459717
1993-11-19,3.59375,2.8197381496429443
1993-11-22,3.5,2.7461798191070557
1993-11-23,3.53125,2.7706990242004395
1993-11-24,3.53125,2.7706990242004395
1993-11-26,3.5,2.7461798191070557
1993-11-29,3.5,2.7461798191070557
1993-11-30,3.5625,2.7952187061309814
1993-12-01,3.65625,2.868777275085449
1993-12-02,3.65625,2.868777275085449
1993-12-03,3.6875,2.893296003341675
1993-12-06,3.5625,2.7952187061309814
1993-12-07,3.5625,2.7952187061309814
1993-12-08,3.5625,2.7952187061309814
1993-12-09,3.53125,2.7706990242004395
1993-12-10,3.5,2.7461798191070557
1993-12-13,3.5625,2.7952187061309814
1993-12-14,3.46875,2.7216596603393555
1993-12-15,3.46875,2.7216596603393555
1993-12-16,3.5625,2.7952187061309814
1993-12-17,3.53125,2.7706990242004395
1993-12-20,3.53125,2.7706990242004395
1993-12-21,3.5,2.7461798191070557
1993-12-22,2.8125,2.206752061843872
1993-12-23,3.0,2.353868007659912
1993-12-27,2.9375,2.304827928543091
1993-12-28,2.90625,2.2803101539611816
1993-12-29,2.90625,2.2803101539611816
1993-12-30,3.0625,2.4029078483581543
1993-12-31,3.0625,2.4029078483581543
1994-01-03,3.0625,2.4029078483581543
1994-01-04,3.0625,2.4029078483581543
1994-01-05,3.03125,2.378387689590454
1994-01-06,3.125,2.451946973800659
1994-01-07,3.125,2.451946973800659
1994-01-10,3.3125,2.599062442779541
1994-01-11,3.21875,2.5255041122436523
1994-01-12,3.28125,2.5745432376861572
1994-01-13,3.25,2.5500235557556152
1994-01-14,3.21875,2.5255041122436523
1994-01-17,3.25,2.5500235557556152
1994-01-18,3.15625,2.476465940475464
1994-01-19,3.25,2.5500235557556152
1994-01-20,3.34375,2.623581886291504
1994-01-21,3.53125,2.7706990242004395
1994-01-24,3.5,2.7461798191070557
1994-01-25,3.5,2.7461798191070557
1994-01-26,3.53125,2.7706990242004395
1994-01-27,3.5,2.7461798191070557
1994-01-28,3.59375,2.8197381496429443
1994-01-31,3.5,2.7538421154022217
1994-02-01,3.59375,2.827605962753296
1994-02-02,3.59375,2.827605962753296
1994-02-03,3.59375,2.827605962753296
1994-02-04,3.5,2.7538421154022217
1994-02-07,3.375,2.655491352081299
1994-02-08,3.53125,2.7784297466278076
1994-02-09,3.4375,2.7046658992767334
1994-02-10,3.46875,2.7292544841766357
1994-02-11,3.53125,2.7784297466278076
1994-02-14,3.46875,2.7292544841766357
1994-02-15,3.5,2.7538421154022217
1994-02-16,3.5,2.7538421154022217
1994-02-17,3.5,2.7538421154022217
1994-02-18,3.5,2.7538421154022217
1994-02-22,3.40625,2.680079460144043
1994-02-23,3.4375,2.7046658992767334
1994-02-24,3.40625,2.680079460144043
1994-02-25,3.40625,2.680079460144043
1994-02-28,3.4375,2.7046658992767334
1994-03-01,3.28125,2.581726312637329
1994-03-02,2.90625,2.286672830581665
1994-03-03,2.875,2.2620849609375
1994-03-04,2.8125,2.212908983230591
1994-03-07,2.8125,2.212908983230591
1994-03-08,2.875,2.2620849609375
1994-03-09,2.84375,2.237497329711914
1994-03-10,2.84375,2.237497329711914
1994-03-11,3.0625,2.4096131324768066
1994-03-14,3.125,2.4587879180908203
1994-03-15,3.09375,2.434199333190918
1994-03-16,3.1875,2.5079636573791504
1994-03-17,3.1875,2.5079636573791504
1994-03-18,3.25,2.557138442993164
1994-03-21,3.28125,2.581726312637329
1994-03-22,3.1875,2.5079636573791504
1994-03-23,3.3125,2.6063144207000732
1994-03-24,3.25,2.557138442993164
1994-03-25,3.21875,2.532550096511841
1994-03-28,3.1875,2.5079636573791504
1994-03-29,3.21875,2.532550096511841
1994-03-30,3.21875,2.532550096511841
1994-03-31,3.21875,2.532550096511841
1994-04-04,3.1875,2.5079636573791504
1994-04-05,3.3125,2.6063144207000732
1994-04-06,3.25,2.557138442993164
1994-04-07,3.3125,2.6063144207000732
1994-04-08,3.3125,2.6063144207000732
1994-04-11,3.375,2.655491352081299
1994-04-12,3.375,2.655491352081299
1994-04-13,3.25,2.557138442993164
1994-04-14,3.25,2.557138442993164
1994-04-15,3.34375,2.630902051925659
1994-04-18,3.3125,2.6063144207000732
1994-04-19,3.3125,2.6063144207000732
1994-04-20,3.3125,2.6063144207000732
1994-04-21,3.3125,2.6063144207000732
1994-04-22,3.34375,2.630902051925659
1994-04-25,3.390625,2.6677846908569336
1994-04-26,3.46875,2.7292544841766357
1994-04-28,3.46875,2.7292544841766357
1994-04-29,3.4375,2.7046658992767334
1994-05-02,3.5,2.761876344680786
1994-05-03,3.40625,2.687898635864258
1994-05-04,3.3125,2.613919496536255
1994-05-05,3.34375,2.638578176498413
1994-05-06,3.09375,2.4413013458251953
1994-05-09,3.0,2.3673226833343506
1994-05-10,2.84375,2.244025468826294
1994-05-11,2.84375,2.244025468826294
1994-05-12,2.875,2.2686846256256104
1994-05-13,2.875,2.2686846256256104
1994-05-16,2.875,2.2686846256256104
1994-05-17,2.882812976837158,2.274850368499756
1994-05-18,2.90625,2.293344259262085
1994-05-19,2.9375,2.318002939224243
1994-05-20,2.9375,2.318002939224243
1994-05-23,3.03125,2.391982078552246
1994-05-24,3.15625,2.490621566772461
1994-05-25,3.25,2.56459903717041
1994-05-26,3.25,2.56459903717041
1994-05-27,3.25,2.56459903717041
1994-05-31,3.15625,2.490621566772461
1994-06-01,3.125,2.4659626483917236
1994-06-02,3.09375,2.4413013458251953
1994-06-03,3.125,2.4659626483917236
1994-06-06,3.125,2.4659626483917236
1994-06-07,3.25,2.56459903717041
1994-06-08,3.25,2.56459903717041
1994-06-09,3.15625,2.490621566772461
1994-06-10,3.15625,2.490621566772461
1994-06-13,3.25,2.56459903717041
1994-06-14,3.25,2.56459903717041
1994-06-15,3.1875,2.5152809619903564
1994-06-16,3.25,2.56459903717041
1994-06-17,3.34375,2.638578176498413
1994-06-20,3.34375,2.638578176498413
1994-06-21,3.125,2.4659626483917236
1994-06-22,3.125,2.4659626483917236
1994-06-23,3.1875,2.5152809619903564
1994-06-24,3.0625,2.416642427444458
1994-06-27,3.0,2.3673226833343506
1994-06-28,2.96875,2.3426637649536133
1994-06-29,2.9375,2.318002939224243
1994-06-30,3.0625,2.416642427444458
1994-07-01,3.0,2.3673226833343506
1994-07-05,2.9375,2.318002939224243
1994-07-06,2.796875,2.207035541534424
1994-07-07,2.75,2.1700453758239746
1994-07-08,2.9375,2.318002939224243
1994-07-11,3.03125,2.391982078552246
1994-07-12,3.0,2.3673226833343506
1994-07-13,2.9375,2.318002939224243
1994-07-14,2.90625,2.293344259262085
1994-07-15,3.0625,2.416642427444458
1994-07-18,3.0625,2.416642427444458
1994-07-19,2.96875,2.3426637649536133
1994-07-20,2.96875,2.3426637649536133
1994-07-21,3.0,2.3673226833343506
1994-07-22,3.125,2.4659626483917236
1994-07-25,3.125,2.4659626483917236
1994-07-26,3.0625,2.416642427444458
1994-07-27,3.0625,2.416642427444458
1994-07-28,3.03125,2.391982078552246
1994-07-29,3.09375,2.4413013458251953
1994-08-01,3.03125,2.399739980697632
1994-08-02,3.0625,2.4244790077209473
1994-08-03,3.0625,2.4244790077209473
1994-08-04,3.03125,2.399739980697632
1994-08-05,3.03125,2.399739980697632
1994-08-08,3.0625,2.4244790077209473
1994-08-09,3.0625,2.4244790077209473
1994-08-10,3.125,2.4739582538604736
1994-08-11,3.0625,2.4244790077209473
1994-08-12,3.15625,2.49869704246521
1994-08-15,3.125,2.4739582538604736
1994-08-16,3.1875,2.5234363079071045
1994-08-17,3.09375,2.4492194652557373
1994-08-18,3.125,2.4739582538604736
1994-08-19,3.125,2.4739582538604736
1994-08-22,3.125,2.4739582538604736
1994-08-23,3.0625,2.4244790077209473
1994-08-24,3.109375,2.4615871906280518
1994-08-25,3.125,2.4739582538604736
1994-08-26,3.125,2.4739582538604736
1994-08-29,3.0,2.374999761581421
1994-08-30,3.0,2.374999761581421
1994-08-31,2.953125,2.3378899097442627
1994-09-01,3.03125,2.399739980697632
1994-09-02,3.03125,2.399739980697632
1994-09-06,3.03125,2.399739980697632
1994-09-07,3.0625,2.4244790077209473
1994-09-08,3.03125,2.399739980697632
1994-09-09,3.0,2.374999761581421
1994-09-12,2.96875,2.3502602577209473
1994-09-13,3.03125,2.399739980697632
1994-09-14,3.0,2.374999761581421
1994-09-15,2.875,2.2760415077209473
1994-09-16,2.84375,2.2513012886047363
1994-09-19,2.90625,2.30078125
1994-09-20,2.9375,2.3255200386047363
1994-09-21,2.9375,2.3255200386047363
1994-09-22,2.90625,2.30078125
1994-09-23,2.90625,2.30078125
1994-09-26,2.875,2.2760415077209473
1994-09-27,2.875,2.2760415077209473
1994-09-28,2.9375,2.3255200386047363
1994-09-29,2.90625,2.30078125
1994-09-30,3.0625,2.4244790077209473
1994-10-03,3.0,2.374999761581421
1994-10-04,3.0,2.374999761581421
1994-10-05,3.0,2.374999761581421
1994-10-06,3.0,2.374999761581421
1994-10-07,3.0,2.374999761581421
1994-10-10,3.03125,2.399739980697632
1994-10-11,3.09375,2.4492194652557373
1994-10-12,3.125,2.4739582538604736
1994-10-13,3.09375,2.4492194652557373
1994-10-14,3.0625,2.4244790077209473
1994-10-17,3.078125,2.4368491172790527
1994-10-18,3.375,2.6718740463256836
1994-10-19,3.375,2.6718740463256836
1994-10-20,3.34375,2.6471352577209473
1994-10-21,3.25,2.57291579246521
1994-10-24,3.1875,2.5234363079071045
1994-10-25,3.15625,2.49869704246521
1994-10-26,3.25,2.57291579246521
1994-10-27,3.28125,2.597655773162842
1994-10-28,3.28125,2.597655773162842
1994-10-31,3.359375,2.6676340103149414
1994-11-01,3.34375,2.65522837638855
1994-11-02,3.3125,2.6304116249084473
1994-11-03,3.28125,2.6055965423583984
1994-11-04,3.375,2.680042028427124
1994-11-07,3.28125,2.6055965423583984
1994-11-08,3.375,2.680042028427124
1994-11-09,3.359375,2.6676340103149414
1994-11-10,3.40625,2.704857349395752
1994-11-11,3.40625,2.704857349395752
1994-11-14,3.375,2.680042028427124
1994-11-15,3.375,2.680042028427124
1994-11-16,3.375,2.680042028427124
1994-11-17,3.4375,2.72967267036438
1994-11-18,3.34375,2.65522837638855
1994-11-21,3.34375,2.65522837638855
1994-11-22,3.3125,2.6304116249084473
1994-11-23,3.375,2.680042028427124
1994-11-25,3.375,2.680042028427124
1994-11-28,3.3125,2.6304116249084473
1994-11-29,3.28125,2.6055965423583984
1994-11-30,3.125,2.4815220832824707
1994-12-01,3.0,2.3822600841522217
1994-12-02,3.0,2.3822600841522217
1994-12-05,2.96875,2.3574445247650146
1994-12-06,3.09375,2.456705331802368
1994-12-07,3.09375,2.456705331802368
1994-12-08,3.125,2.4815220832824707
1994-12-09,3.15625,2.5063364505767822
1994-12-12,3.15625,2.5063364505767822
1994-12-13,3.21875,2.5559659004211426
1994-12-14,3.1875,2.5311501026153564
1994-12-15,3.25,2.5807807445526123
1994-12-16,3.21875,2.5559659004211426
1994-12-19,3.265625,2.593189239501953
1994-12-20,3.1875,2.5311501026153564
1994-12-21,3.25,2.5807807445526123
1994-12-22,3.21875,2.5559659004211426
1994-12-23,3.15625,2.5063364505767822
1994-12-27,3.15625,2.5063364505767822
1994-12-28,3.25,2.5807807445526123
1994-12-29,3.28125,2.6055965423583984
1994-12-30,3.3125,2.6304116249084473
1995-01-03,3.375,2.680042028427124
1995-01-04,3.40625,2.704857349395752
1995-01-05,3.375,2.680042028427124
1995-01-06,3.3125,2.6304116249084473
1995-01-09,3.28125,2.6055965423583984
1995-01-10,3.34375,2.65522837638855
1995-01-11,3.296875,2.618004322052002
1995-01-12,3.3125,2.6304116249084473
1995-01-13,3.375,2.680042028427124
1995-01-16,3.375,2.680042028427124
1995-01-17,3.3125,2.6304116249084473
1995-01-18,3.34375,2.65522837638855
1995-01-19,3.34375,2.65522837638855
1995-01-20,3.40625,2.704857349395752
1995-01-23,3.359375,2.6676340103149414
1995-01-24,3.375,2.680042028427124
1995-01-25,3.34375,2.65522837638855
1995-01-26,3.4375,2.72967267036438
1995-01-27,3.421875,2.7172653675079346
1995-01-30,3.359375,2.6754531860351562
1995-01-31,3.375,2.6878974437713623
1995-02-01,3.359375,2.6754531860351562
1995-02-02,3.375,2.6878974437713623
1995-02-03,3.375,2.6878974437713623
1995-02-06,3.4375,2.7376742362976074
1995-02-07,3.375,2.6878974437713623
1995-02-08,3.359375,2.6754531860351562
1995-02-09,3.375,2.6878974437713623
1995-02-10,3.34375,2.66300892829895
1995-02-13,3.34375,2.66300892829895
1995-02-14,3.34375,2.66300892829895
1995-02-15,3.34375,2.66300892829895
1995-02-16,3.34375,2.66300892829895
1995-02-17,3.34375,2.66300892829895
1995-02-21,3.34375,2.66300892829895
1995-02-22,3.34375,2.66300892829895
1995-02-23,3.34375,2.66300892829895
1995-02-24,3.375,2.6878974437713623
1995-02-27,3.3125,2.6381213665008545
1995-02-28,3.375,2.6878974437713623
1995-03-01,3.34375,2.66300892829895
1995-03-02,3.375,2.6878974437713623
1995-03-03,3.375,2.6878974437713623
1995-03-06,3.34375,2.66300892829895
1995-03-07,3.34375,2.66300892829895
1995-03-08,3.3125,2.6381213665008545
1995-03-09,3.257812976837158,2.5945675373077393
1995-03-10,3.125,2.4887948036193848
1995-03-13,3.125,2.4887948036193848
1995-03-14,3.21875,2.56345796585083
1995-03-15,3.15625,2.5136821269989014
1995-03-16,3.125,2.4887948036193848
1995-03-17,3.09375,2.463906764984131
1995-03-20,3.09375,2.463906764984131
1995-03-21,3.09375,2.463906764984131
1995-03-22,3.078125,2.4514622688293457
1995-03-23,3.09375,2.463906764984131
1995-03-24,3.125,2.4887948036193848
1995-03-27,3.15625,2.5136821269989014
1995-03-28,3.1875,2.538569688796997
1995-03-29,3.234375,2.5759010314941406
1995-03-30,3.203125,2.551013469696045
1995-03-31,3.21875,2.56345796585083
1995-04-03,3.25,2.5883452892303467
1995-04-04,3.1875,2.538569688796997
1995-04-05,3.1875,2.538569688796997
1995-04-06,3.0625,2.4390180110931396
1995-04-07,3.09375,2.463906764984131
1995-04-10,3.09375,2.463906764984131
1995-04-11,3.0625,2.4390180110931396
1995-04-12,3.0,2.3892416954040527
1995-04-13,3.0,2.3892416954040527
1995-04-17,3.03125,2.414130210876465
1995-04-18,3.03125,2.414130210876465
1995-04-19,3.03125,2.414130210876465
1995-04-20,3.03125,2.414130210876465
1995-04-21,3.09375,2.463906764984131
1995-04-24,3.0625,2.4390180110931396
1995-04-25,3.0625,2.4390180110931396
1995-04-26,3.0625,2.4390180110931396
1995-04-27,3.15625,2.5136821269989014
1995-04-28,3.1875,2.538569688796997
1995-05-01,3.1875,2.5465588569641113
1995-05-02,3.21875,2.5715246200561523
1995-05-03,3.1875,2.5465588569641113
1995-05-04,3.15625,2.5215930938720703
1995-05-05,3.25,2.5964910984039307
1995-05-08,3.3125,2.646423101425171
1995-05-09,3.21875,2.5715246200561523
1995-05-10,3.21875,2.5715246200561523
1995-05-11,3.25,2.5964910984039307
1995-05-12,3.3125,2.646423101425171
1995-05-15,3.21875,2.5715246200561523
1995-05-16,3.21875,2.5715246200561523
1995-05-17,3.21875,2.5715246200561523
1995-05-18,3.21875,2.5715246200561523
1995-05-19,3.28125,2.621458053588867
1995-05-22,3.1875,2.5465588569641113
1995-05-23,3.171875,2.5340752601623535
1995-05-24,3.1875,2.5465588569641113
1995-05-25,3.1875,2.5465588569641113
1995-05-26,3.1875,2.5465588569641113
1995-05-30,3.15625,2.5215930938720703
1995-05-31,3.1875,2.5465588569641113
1995-06-01,3.1875,2.5465588569641113
1995-06-02,3.21875,2.5715246200561523
1995-06-05,3.1875,2.5465588569641113
1995-06-06,3.125,2.4966273307800293
1995-06-07,3.09375,2.4716615676879883
1995-06-08,3.125,2.4966273307800293
1995-06-09,3.03125,2.421727418899536
1995-06-12,3.15625,2.5215930938720703
1995-06-13,3.15625,2.5215930938720703
1995-06-14,3.21875,2.5715246200561523
1995-06-15,3.21875,2.5715246200561523
1995-06-16,3.25,2.5964910984039307
1995-06-19,3.28125,2.621458053588867
1995-06-20,3.34375,2.671389579772949
1995-06-21,3.375,2.6963560581207275
1995-06-22,3.21875,2.5715246200561523
1995-06-23,2.75,2.1970314979553223
1995-06-26,2.875,2.29689621925354
1995-06-27,3.15625,2.5215930938720703
1995-06-28,3.15625,2.5215930938720703
1995-06-29,3.0625,2.4466936588287354
1995-06-30,3.125,2.4966273307800293
1995-07-03,3.125,2.4966273307800293
1995-07-05,2.96875,2.3717947006225586
1995-07-06,3.25,2.5964910984039307
1995-07-07,3.296875,2.6339402198791504
1995-07-10,3.34375,2.671389579772949
1995-07-11,3.28125,2.621458053588867
1995-07-12,3.25,2.5964910984039307
1995-07-13,3.234375,2.584007740020752
1995-07-14,3.28125,2.621458053588867
1995-07-17,3.3125,2.646423101425171
1995-07-18,3.21875,2.5715246200561523
1995-07-19,3.125,2.4966273307800293
1995-07-20,3.1875,2.5465588569641113
1995-07-21,3.09375,2.4716615676879883
1995-07-24,3.21875,2.5715246200561523
1995-07-25,3.15625,2.5215930938720703
1995-07-26,3.25,2.5964910984039307
1995-07-27,3.203125,2.559041738510132
1995-07-28,3.25,2.5964910984039307
1995-07-31,3.28125,2.621458053588867
1995-08-01,3.25,2.5964910984039307
1995-08-02,3.25,2.6045045852661133
1995-08-03,3.3125,2.654592275619507
1995-08-04,3.3125,2.654592275619507
1995-08-07,3.34375,2.679635524749756
1995-08-08,3.3125,2.654592275619507
1995-08-09,3.25,2.6045045852661133
1995-08-10,3.25,2.6045045852661133
1995-08-11,3.25,2.6045045852661133
1995-08-14,3.34375,2.679635524749756
1995-08-15,3.1875,2.5544183254241943
1995-08-16,3.1875,2.5544183254241943
1995-08-17,3.1875,2.5544183254241943
1995-08-18,3.1875,2.5544183254241943
1995-08-21,3.25,2.6045045852661133
1995-08-22,3.1875,2.5544183254241943
1995-08-23,3.1875,2.5544183254241943
1995-08-24,3.1875,2.5544183254241943
1995-08-25,3.21875,2.579461097717285
1995-08-28,3.1875,2.5544183254241943
1995-08-29,3.15625,2.529374837875366
1995-08-30,3.171875,2.5418968200683594
1995-08-31,3.25,2.6045045852661133
1995-09-01,3.25,2.6045045852661133
1995-09-05,3.25,2.6045045852661133
1995-09-06,3.25,2.6045045852661133
1995-09-07,3.25,2.6045045852661133
1995-09-08,3.3125,2.654592275619507
1995-09-11,3.3125,2.654592275619507
1995-09-12,3.3125,2.654592275619507
1995-09-13,3.28125,2.629549026489258
1995-09-14,3.25,2.6045045852661133
1995-09-15,3.375,2.704678773880005
1995-09-18,3.3125,2.654592275619507
1995-09-19,3.3125,2.654592275619507
1995-09-20,3.4375,2.754765748977661
1995-09-21,3.46875,2.77980899810791
1995-09-22,3.46875,2.77980899810791
1995-09-25,3.46875,2.77980899810791
1995-09-26,3.625,2.905024528503418
1995-09-27,3.5625,2.854938507080078
1995-09-28,3.53125,2.829894781112671
1995-09-29,3.5625,2.854938507080078
1995-10-02,3.5625,2.854938507080078
1995-10-03,3.5,2.804851770401001
1995-10-04,3.5,2.804851770401001
1995-10-05,3.4375,2.754765748977661
1995-10-06,3.4375,2.754765748977661
1995-10-09,3.34375,2.679635524749756
1995-10-10,3.3125,2.654592275619507
1995-10-11,3.203125,2.5669405460357666
1995-10-12,3.203125,2.5669405460357666
1995-10-13,3.25,2.6045045852661133
1995-10-16,3.3125,2.654592275619507
1995-10-17,3.40625,2.729721784591675
1995-10-18,3.375,2.704678773880005
1995-10-19,3.34375,2.679635524749756
1995-10-20,3.34375,2.679635524749756
1995-10-23,3.40625,2.729721784591675
1995-10-24,3.40625,2.729721784591675
1995-10-25,3.34375,2.679635524749756
1995-10-26,3.34375,2.679635524749756
1995-10-27,3.34375,2.679635524749756
1995-10-30,3.375,2.704678773880005
1995-10-31,3.34375,2.679635524749756
1995-11-01,3.34375,2.687673330307007
1995-11-02,3.46875,2.788147211074829
1995-11-03,3.34375,2.687673330307007
1995-11-06,3.34375,2.687673330307007
1995-11-07,3.34375,2.687673330307007
1995-11-08,3.34375,2.687673330307007
1995-11-09,3.34375,2.687673330307007
1995-11-10,3.40625,2.7379093170166016
1995-11-13,3.3125,2.6625547409057617
1995-11-14,3.3125,2.6625547409057617
1995-11-15,3.375,2.712791919708252
1995-11-16,3.40625,2.7379093170166016
1995-11-17,3.375,2.712791919708252
1995-11-20,3.28125,2.637436628341675
1995-11-21,3.40625,2.7379093170166016
1995-11-22,3.34375,2.687673330307007
1995-11-24,3.34375,2.687673330307007
1995-11-27,3.40625,2.7379093170166016
1995-11-28,3.34375,2.687673330307007
1995-11-29,3.375,2.712791919708252
1995-11-30,3.390625,2.725350856781006
1995-12-01,3.375,2.712791919708252
1995-12-04,3.375,2.712791919708252
1995-12-05,3.3125,2.6625547409057617
1995-12-06,3.375,2.712791919708252
1995-12-07,3.4375,2.763028860092163
1995-12-08,3.40625,2.7379093170166016
1995-12-11,3.46875,2.788147211074829
1995-12-12,3.59375,2.8886208534240723
1995-12-13,3.625,2.91373872756958
1995-12-14,3.6875,2.963975667953491
1995-12-15,3.53125,2.838383674621582
1995-12-18,3.46875,2.788147211074829
1995-12-19,3.46875,2.788147211074829
1995-12-20,3.53125,2.838383674621582
1995-12-21,3.5,2.813264846801758
1995-12-22,3.53125,2.838383674621582
1995-12-26,3.5,2.813264846801758
1995-12-27,3.46875,2.788147211074829
1995-12-28,3.46875,2.788147211074829
1995-12-29,3.5,2.813264846801758
1996-01-02,3.65625,2.9388575553894043
1996-01-03,3.75,3.0142123699188232
1996-01-04,3.71875,2.9890940189361572
1996-01-05,3.59375,2.8886208534240723
1996-01-08,3.6875,2.963975667953491
1996-01-09,3.5625,2.863502264022827
1996-01-10,3.5,2.813264846801758
1996-01-11,3.5625,2.863502264022827
1996-01-12,3.5,2.813264846801758
1996-01-15,3.5625,2.863502264022827
1996-01-16,3.515625,2.8258237838745117
1996-01-17,3.5625,2.863502264022827
1996-01-18,3.53125,2.838383674621582
1996-01-19,3.5625,2.863502264022827
1996-01-22,3.6875,2.963975667953491
1996-01-23,3.59375,2.8886208534240723
1996-01-24,3.59375,2.8886208534240723
1996-01-25,3.59375,2.8886208534240723
1996-01-26,3.59375,2.8886208534240723
1996-01-29,3.625,2.91373872756958
1996-01-30,3.625,2.91373872756958
1996-01-31,3.6875,2.972175359725952
1996-02-01,3.75,3.0225510597229004
1996-02-02,3.71875,2.997361898422241
1996-02-05,3.71875,2.997361898422241
1996-02-06,3.65625,2.9469869136810303
1996-02-07,3.59375,2.896610975265503
1996-02-08,3.59375,2.896610975265503
1996-02-09,3.625,2.9217982292175293
1996-02-12,3.65625,2.9469869136810303
1996-02-13,3.71875,2.997361898422241
1996-02-14,3.71875,2.997361898422241
1996-02-15,3.6875,2.972175359725952
1996-02-16,3.78125,3.047738790512085
1996-02-20,3.875,3.1233034133911133
1996-02-21,3.84375,3.098114252090454
1996-02-22,3.84375,3.098114252090454
1996-02-23,3.75,3.0225510597229004
1996-02-26,3.75,3.0225510597229004
1996-02-27,3.8125,3.0729269981384277
1996-02-28,3.875,3.1233034133911133
1996-02-29,3.8125,3.0729269981384277
1996-03-01,3.75,3.0225510597229004
1996-03-04,3.8125,3.0729269981384277
1996-03-05,3.625,2.9217982292175293
1996-03-06,3.640625,2.9343934059143066
1996-03-07,3.625,2.9217982292175293
1996-03-08,3.53125,2.846235513687134
1996-03-11,3.5625,2.8714239597320557
1996-03-12,3.5,2.821046829223633
1996-03-13,3.40625,2.745482921600342
1996-03-14,3.4375,2.77067232131958
1996-03-15,3.375,2.7202959060668945
1996-03-18,3.40625,2.745482921600342
1996-03-19,3.4375,2.77067232131958
1996-03-20,3.8125,3.0729269981384277
1996-03-21,3.78125,3.047738790512085
1996-03-22,3.6875,2.972175359725952
1996-03-25,3.65625,2.9469869136810303
1996-03-26,4.15625,3.349994659423828
1996-03-27,3.9375,3.1736786365509033
1996-03-28,3.96875,3.1988658905029297
1996-03-29,3.875,3.1233034133911133
1996-04-01,3.96875,3.1988658905029297
1996-04-02,3.96875,3.1988658905029297
1996-04-03,4.09375,3.2996180057525635
1996-04-04,4.09375,3.2996180057525635
1996-04-08,4.0,3.2240545749664307
1996-04-09,4.125,3.3248050212860107
1996-04-10,4.125,3.3248050212860107
1996-04-11,4.125,3.3248050212860107
1996-04-12,4.1875,3.3751821517944336
1996-04-15,4.15625,3.349994659423828
1996-04-16,4.15625,3.349994659423828
1996-04-17,4.15625,3.349994659423828
1996-04-18,4.1875,3.3751821517944336
1996-04-19,4.125,3.3248050212860107
1996-04-22,4.125,3.3248050212860107
1996-04-23,4.0625,3.2744290828704834
1996-04-24,4.15625,3.349994659423828
1996-04-25,4.03125,3.2492423057556152
1996-04-26,4.15625,3.349994659423828
1996-04-29,4.15625,3.349994659423828
1996-04-30,4.03125,3.2492423057556152
1996-05-01,4.03125,3.257322072982788
1996-05-02,4.15625,3.3583250045776367
1996-05-03,4.15625,3.3583250045776367
1996-05-06,4.25,3.434077501296997
1996-05-07,4.21875,3.4088263511657715
1996-05-08,4.1875,3.383575201034546
1996-05-09,4.25,3.434077501296997
1996-05-10,4.21875,3.4088263511657715
1996-05-13,4.21875,3.4088263511657715
1996-05-14,4.21875,3.4088263511657715
1996-05-15,4.1875,3.383575201034546
1996-05-16,4.3125,3.4845757484436035
1996-05-17,4.40625,3.560328483581543
1996-05-20,4.4375,3.5855796337127686
1996-05-21,4.375,3.5350780487060547
1996-05-22,4.46875,3.6108317375183105
1996-05-23,4.46875,3.6108317375183105
1996-05-24,4.34375,3.509826898574829
1996-05-28,4.34375,3.509826898574829
1996-05-29,4.4375,3.5855796337127686
1996-05-30,4.3125,3.4845757484436035
1996-05-31,4.40625,3.560328483581543
1996-06-03,4.40625,3.560328483581543
1996-06-04,4.375,3.5350780487060547
1996-06-05,4.46875,3.6108317375183105
1996-06-06,4.375,3.5350780487060547
1996-06-07,4.3125,3.4845757484436035
1996-06-10,4.375,3.5350780487060547
1996-06-11,4.3125,3.4845757484436035
1996-06-12,4.34375,3.509826898574829
1996-06-13,4.21875,3.4088263511657715
1996-06-14,4.21875,3.4088263511657715
1996-06-17,4.125,3.333073377609253
1996-06-18,4.09375,3.307823419570923
1996-06-19,4.140625,3.3457000255584717
1996-06-20,4.140625,3.3457000255584717
1996-06-21,4.09375,3.307823419570923
1996-06-24,4.125,3.333073377609253
1996-06-25,4.09375,3.307823419570923
1996-06-26,4.140625,3.3457000255584717
1996-06-27,4.125,3.333073377609253
1996-06-28,4.1875,3.383575201034546
1996-07-01,4.1875,3.383575201034546
1996-07-02,4.140625,3.3457000255584717
1996-07-03,4.140625,3.3457000255584717
1996-07-05,4.09375,3.307823419570923
1996-07-08,4.15625,3.3583250045776367
1996-07-09,4.21875,3.4088263511657715
1996-07-10,3.9375,3.181570291519165
1996-07-11,4.0,3.232072591781616
1996-07-12,4.125,3.333073377609253
1996-07-15,3.96875,3.2068209648132324
1996-07-16,3.96875,3.2068209648132324
1996-07-17,3.96875,3.2068209648132324
1996-07-18,4.03125,3.257322072982788
1996-07-19,4.125,3.333073377609253
1996-07-22,4.125,3.333073377609253
1996-07-23,3.96875,3.2068209648132324
1996-07-24,3.875,3.131070137023926
1996-07-25,3.9375,3.181570291519165
1996-07-26,3.9375,3.181570291519165
1996-07-29,3.84375,3.1058192253112793
1996-07-30,3.84375,3.1058192253112793
1996-07-31,3.84375,3.113919734954834
1996-08-01,3.78125,3.0632877349853516
1996-08-02,3.90625,3.164552927017212
1996-08-05,3.625,2.936704635620117
1996-08-06,3.75,3.037970542907715
1996-08-07,3.78125,3.0632877349853516
1996-08-08,3.765625,3.050628185272217
1996-08-09,3.78125,3.0632877349853516
1996-08-12,3.875,3.13923716545105
1996-08-13,3.875,3.13923716545105
1996-08-14,3.765625,3.050628185272217
1996-08-15,3.71875,3.012653112411499
1996-08-16,3.78125,3.0632877349853516
1996-08-19,3.8125,3.0886034965515137
1996-08-20,3.8125,3.0886034965515137
1996-08-21,3.6875,2.9873383045196533
1996-08-22,3.6875,2.9873383045196533
1996-08-23,3.6875,2.9873383045196533
1996-08-26,3.75,3.037970542907715
1996-08-27,3.75,3.037970542907715
1996-08-28,3.59375,2.9113893508911133
1996-08-29,3.5625,2.8860716819763184
1996-08-30,3.625,2.936704635620117
1996-09-03,3.625,2.936704635620117
1996-09-04,3.875,3.13923716545105
1996-09-05,3.8125,3.0886034965515137
1996-09-06,3.9375,3.189868927001953
1996-09-09,3.9375,3.189868927001953
1996-09-10,3.921875,3.1772117614746094
1996-09-11,4.0,3.2405025959014893
1996-09-12,4.1875,3.3924012184143066
1996-09-13,4.1875,3.3924012184143066
1996-09-16,4.125,3.3417670726776123
1996-09-17,4.125,3.3417670726776123
1996-09-18,4.25,3.443035125732422
1996-09-19,4.25,3.443035125732422
1996-09-20,4.25,3.443035125732422
1996-09-23,4.25,3.443035125732422
1996-09-24,4.25,3.443035125732422
1996-09-25,4.125,3.3417670726776123
1996-09-26,4.15625,3.3670849800109863
1996-09-27,4.15625,3.3670849800109863
1996-09-30,4.125,3.3417670726776123
1996-10-01,4.125,3.3417670726776123
1996-10-02,4.1875,3.3924012184143066
1996-10-03,4.34375,3.51898193359375
1996-10-04,4.46875,3.6202497482299805
1996-10-07,4.4375,3.5949316024780273
1996-10-08,4.375,3.544299364089966
1996-10-09,4.53125,3.670881509780884
1996-10-10,4.71875,3.8227789402008057
1996-10-11,4.625,3.746830701828003
1996-10-14,4.75,3.848094940185547
1996-10-15,4.6875,3.7974629402160645
1996-10-16,4.65625,3.772146701812744
1996-10-17,4.625,3.746830701828003
1996-10-18,4.640625,3.759488582611084
1996-10-21,4.71875,3.8227789402008057
1996-10-22,4.90625,3.974677801132202
1996-10-23,4.9375,3.9999938011169434
1996-10-24,5.5,4.455690860748291
1996-10-25,5.375,4.354424476623535
1996-10-28,5.175780773162842,4.1930341720581055
1996-10-29,5.0625,4.101261138916016
1996-10-30,5.0625,4.101261138916016
1996-10-31,5.0625,4.101261138916016
1996-11-01,5.09375,4.126575469970703
1996-11-04,5.0,4.0506272315979
1996-11-05,5.125,4.151893138885498
1996-11-06,5.09375,4.134644031524658
1996-11-07,4.984375,4.045864105224609
1996-11-08,5.0625,4.109279155731201
1996-11-11,4.90625,3.9824490547180176
1996-11-12,5.046875,4.096596717834473
1996-11-13,5.125,4.160010814666748
1996-11-14,5.15625,4.185378074645996
1996-11-15,5.15625,4.185378074645996
1996-11-18,5.21875,4.236109256744385
1996-11-19,5.125,4.160010814666748
1996-11-20,5.25,4.261473655700684
1996-11-21,5.125,4.160010814666748
1996-11-22,5.40625,4.388305187225342
1996-11-25,5.40625,4.388305187225342
1996-11-26,5.46875,4.439034938812256
1996-11-27,5.53125,4.489769458770752
1996-11-29,5.5,4.464402198791504
1996-12-02,5.5,4.464402198791504
1996-12-03,5.46875,4.439034938812256
1996-12-04,5.40625,4.388305187225342
1996-12-05,5.4375,4.413669586181641
1996-12-06,5.1875,4.210742473602295
1996-12-09,5.25,4.261473655700684
1996-12-10,5.0625,4.109279155731201
1996-12-11,5.0,4.058546543121338
1996-12-12,4.84375,3.9317164421081543
1996-12-13,4.96875,4.033181190490723
1996-12-16,4.8125,3.90635085105896
1996-12-17,5.359375,4.350253582000732
1996-12-18,6.84375,5.555138111114502
1996-12-19,6.3125,5.123916149139404
1996-12-20,6.3125,5.123916149139404
1996-12-23,6.3125,5.123916149139404
1996-12-24,6.3125,5.123916149139404
1996-12-26,6.3125,5.123916149139404
1996-12-27,6.3125,5.123916149139404
1996-12-30,6.3125,5.123916149139404
1996-12-31,6.21875,5.047817707061768
1997-01-02,6.3125,5.123916149139404
1997-01-03,6.1875,5.022453308105469
1997-01-06,6.1875,5.022453308105469
1997-01-07,6.21875,5.047817707061768
1997-01-08,6.125,4.971719264984131
1997-01-09,6.1875,5.022453308105469
1997-01-10,6.1875,5.022453308105469
1997-01-13,6.5625,5.326843738555908
1997-01-14,7.25,5.884892463684082
1997-01-15,7.125,5.78342866897583
1997-01-16,7.125,5.78342866897583
1997-01-17,7.3125,5.9356255531311035
1997-01-20,7.3125,5.9356255531311035
1997-01-21,7.5,6.087820053100586
1997-01-22,7.3125,5.9356255531311035
1997-01-23,7.03125,5.707331657409668
1997-01-24,7.25,5.884892463684082
1997-01-27,7.125,5.78342866897583
1997-01-28,7.03125,5.707331657409668
1997-01-29,6.75,5.479038715362549
1997-01-30,7.125,5.78342866897583
1997-01-31,7.3125,5.9356255531311035
1997-02-03,7.15625,5.808796405792236
1997-02-04,7.0,5.681965351104736
1997-02-05,7.15625,5.808796405792236
1997-02-06,6.875,5.580504417419434
1997-02-07,7.0,5.681965351104736
1997-02-10,6.5,5.276111125946045
1997-02-11,6.375,5.174646854400635
1997-02-12,6.40625,5.210229396820068
1997-02-13,6.0625,4.930656433105469
1997-02-14,6.375,5.184812545776367
1997-02-18,7.0,5.6931281089782715
1997-02-19,6.4375,5.235647201538086
1997-02-20,6.4375,5.235647201538086
1997-02-21,6.1875,5.032320022583008
1997-02-24,6.125,4.981486797332764
1997-02-25,6.15625,5.006904125213623
1997-02-26,6.125,4.981486797332764
1997-02-27,6.09375,4.956071376800537
1997-02-28,6.09375,4.956071376800537
1997-03-03,6.125,4.981486797332764
1997-03-04,6.15625,5.006904125213623
1997-03-05,6.125,4.981486797332764
1997-03-06,6.09375,4.956071376800537
1997-03-07,6.09375,4.956071376800537
1997-03-10,6.1875,5.032320022583008
1997-03-11,6.125,4.981486797332764
1997-03-12,6.125,4.981486797332764
1997-03-13,6.125,4.981486797332764
1997-03-14,6.125,4.981486797332764
1997-03-17,6.15625,5.006904125213623
1997-03-18,6.21875,5.057735443115234
1997-03-19,6.25,5.08315372467041
1997-03-20,6.28125,5.108567237854004
1997-03-21,6.28125,5.108567237854004
1997-03-24,6.265625,5.0958571434021
1997-03-25,6.28125,5.108567237854004
1997-03-26,6.75,5.489803314208984
1997-03-27,6.5,5.286477088928223
1997-03-31,6.4375,5.235647201538086
1997-04-01,6.25,5.08315372467041
1997-04-02,6.4375,5.235647201538086
1997-04-03,6.25,5.08315372467041
1997-04-04,6.25,5.08315372467041
1997-04-07,6.4375,5.235647201538086
1997-04-08,6.375,5.184812545776367
1997-04-09,6.125,4.981486797332764
1997-04-10,6.15625,5.006904125213623
1997-04-11,6.125,4.981486797332764
1997-04-14,6.09375,4.956071376800537
1997-04-15,6.0625,4.930656433105469
1997-04-16,6.125,4.981486797332764
1997-04-17,6.1875,5.032320022583008
1997-04-18,6.21875,5.057735443115234
1997-04-21,6.375,5.184812545776367
1997-04-22,6.3125,5.1339826583862305
1997-04-23,6.4375,5.235647201538086
1997-04-24,6.5625,5.337308406829834
1997-04-25,6.625,5.388138771057129
1997-04-28,6.5625,5.337308406829834
1997-04-29,6.484375,5.273770332336426
1997-04-30,6.5,5.296685695648193
1997-05-01,6.5625,5.347617149353027
1997-05-02,6.6875,5.449477195739746
1997-05-05,6.75,5.500405788421631
1997-05-06,6.9375,5.653196334838867
1997-05-07,7.0625,5.755055904388428
1997-05-08,6.75,5.500405788421631
1997-05-09,7.0625,5.755055904388428
1997-05-12,7.5,6.111561298370361
1997-05-13,7.3125,5.958773612976074
1997-05-14,7.375,6.009701728820801
1997-05-15,7.3125,5.958773612976074
1997-05-16,7.3125,5.958773612976074
1997-05-19,7.3125,5.958773612976074
1997-05-20,7.3125,5.958773612976074
1997-05-21,7.34375,5.9842376708984375
1997-05-22,7.5625,6.162492275238037
1997-05-23,7.5,6.111561298370361
1997-05-27,8.125,6.6208600997924805
1997-05-28,7.625,6.213420391082764
1997-05-29,7.8125,6.366210460662842
1997-05-30,7.9375,6.468070983886719
1997-06-02,7.75,6.315282821655273
1997-06-03,7.4375,6.060631275177002
1997-06-04,7.9375,6.468070983886719
1997-06-05,8.5625,6.977366924285889
1997-06-06,8.4375,6.875510215759277
1997-06-09,8.5,6.926438808441162
1997-06-10,8.4375,6.875510215759277
1997-06-11,8.5,6.926438808441162
1997-06-12,8.5625,6.977366924285889
1997-06-13,8.4375,6.875510215759277
1997-06-16,8.4375,6.875510215759277
1997-06-17,8.34375,6.799111843109131
1997-06-18,8.0,6.519001007080078
1997-06-19,7.8125,6.366210460662842
1997-06-20,8.4375,6.875510215759277
1997-06-23,8.5625,6.977366924285889
1997-06-24,8.5625,6.977366924285889
1997-06-25,8.625,7.028293609619141
1997-06-26,8.6875,7.079225540161133
1997-06-27,8.65625,7.053762435913086
1997-06-30,8.78125,7.15562105178833
1997-07-01,8.875,7.232016563415527
1997-07-02,8.8125,7.18108606338501
1997-07-03,8.9375,7.282945156097412
1997-07-07,9.0,7.333873748779297
1997-07-08,8.9375,7.282945156097412
1997-07-09,8.5625,6.977366924285889
1997-07-10,8.6875,7.079225540161133
1997-07-11,8.6875,7.079225540161133
1997-07-14,8.5,6.926438808441162
1997-07-15,8.5,6.926438808441162
1997-07-16,8.5,6.926438808441162
1997-07-17,8.125,6.6208600997924805
1997-07-18,8.25,6.72271728515625
1997-07-21,8.5,6.926438808441162
1997-07-22,8.6875,7.079225540161133
1997-07-23,8.3125,6.773647785186768
1997-07-24,8.3125,6.773647785186768
1997-07-25,8.0625,6.5699286460876465
1997-07-28,8.15625,6.646325588226318
1997-07-29,8.1875,6.671791076660156
1997-07-30,8.25,6.732996463775635
1997-07-31,8.375,6.835013389587402
1997-08-01,8.5625,6.988035202026367
1997-08-04,8.8125,7.192066192626953
1997-08-05,8.875,7.243074893951416
1997-08-06,8.875,7.243074893951416
1997-08-07,8.5625,6.988035202026367
1997-08-08,8.3125,6.7840046882629395
1997-08-11,8.25,6.732996463775635
1997-08-12,8.3125,6.7840046882629395
1997-08-13,8.375,6.835013389587402
1997-08-14,8.25,6.732996463775635
1997-08-15,8.3125,6.7840046882629395
1997-08-18,8.296875,6.77125358581543
1997-08-19,8.25,6.732996463775635
1997-08-20,8.28125,6.7585015296936035
1997-08-21,8.5,6.937029838562012
1997-08-22,8.5625,6.988035202026367
1997-08-25,8.5,6.937029838562012
1997-08-26,8.5,6.937029838562012
1997-08-27,8.78125,7.166562080383301
1997-08-28,8.78125,7.166562080383301
1997-08-29,8.9375,7.294081211090088
1997-09-02,9.0625,7.396094799041748
1997-09-03,9.0,7.34508752822876
1997-09-04,9.421875,7.689387321472168
1997-09-05,9.28125,7.574622631072998
1997-09-08,9.28125,7.574622631072998
1997-09-09,9.3125,7.60012674331665
1997-09-10,9.4375,7.702140808105469
1997-09-11,9.3125,7.60012674331665
1997-09-12,9.4375,7.702140808105469
1997-09-15,9.5,7.753150939941406
1997-09-16,9.875,8.059194564819336
1997-09-17,10.0625,8.212218284606934
1997-09-18,10.15625,8.288726806640625
1997-09-19,10.6875,8.722291946411133
1997-09-22,10.578125,8.633028984069824
1997-09-23,10.5625,8.620281219482422
1997-09-24,10.625,8.67128849029541
1997-09-25,10.59375,8.645779609680176
1997-09-26,10.59375,8.645779609680176
1997-09-29,10.515625,8.58202075958252
1997-09-30,11.34375,9.25787353515625
1997-10-01,10.875,8.87531566619873
1997-10-02,10.75,8.773300170898438
1997-10-03,10.90625,8.900816917419434
1997-10-06,11.03125,9.00283432006836
1997-10-07,11.0,8.97732925415039
1997-10-08,11.0625,9.028339385986328
1997-10-09,10.8125,8.824312210083008
1997-10-10,10.9375,8.926325798034668
1997-10-13,10.8125,8.824312210083008
1997-10-14,10.625,8.67128849029541
1997-10-15,10.375,8.467254638671875
1997-10-16,10.3125,8.416245460510254
1997-10-17,10.0625,8.212218284606934
1997-10-20,10.375,8.467254638671875
1997-10-21,10.6875,8.722291946411133
1997-10-22,10.25,8.365236282348633
1997-10-23,9.78125,7.982685089111328
1997-10-24,10.0,8.16120719909668
1997-10-27,9.75,7.957180976867676
1997-10-28,9.5625,7.8041582107543945
1997-10-29,9.6875,7.90617561340332
1997-10-30,9.75,7.957180976867676
1997-10-31,10.1875,8.314231872558594
1997-11-03,10.625,8.67128849029541
1997-11-04,10.5,8.569269180297852
1997-11-05,10.90625,8.911429405212402
1997-11-06,10.75,8.783758163452148
1997-11-07,10.3125,8.426279067993164
1997-11-10,10.5625,8.630550384521484
1997-11-11,10.625,8.681619644165039
1997-11-12,10.4375,8.52841567993164
1997-11-13,10.09375,8.247539520263672
1997-11-14,10.21875,8.3496732711792
1997-11-17,10.59375,8.656085014343262
1997-11-18,10.375,8.477348327636719
1997-11-19,10.3125,8.426279067993164
1997-11-20,10.3125,8.426279067993164
1997-11-21,10.15625,8.29861068725586
1997-11-24,10.359375,8.464580535888672
1997-11-25,10.3125,8.426279067993164
1997-11-26,10.203125,8.336912155151367
1997-11-28,10.34375,8.45181655883789
1997-12-01,10.0,8.170936584472656
1997-12-02,9.75,7.966663360595703
1997-12-03,9.75,7.966663360595703
1997-12-04,9.96875,8.145406723022461
1997-12-05,9.9375,8.119871139526367
1997-12-08,9.8125,8.01773452758789
1997-12-09,9.625,7.864526748657227
1997-12-10,9.875,8.068799018859863
1997-12-11,9.75,7.966663360595703
1997-12-12,9.75,7.966663360595703
1997-12-15,9.5625,7.813456058502197
1997-12-16,9.65625,7.890058994293213
1997-12-17,9.625,7.864526748657227
1997-12-18,9.5625,7.813456058502197
1997-12-19,8.875,7.251708030700684
1997-12-22,8.65625,7.072969913482666
1997-12-23,8.4375,6.894229888916016
1997-12-24,8.1875,6.689957141876221
1997-12-26,8.0625,6.587818145751953
1997-12-29,8.625,7.0474324226379395
1997-12-30,8.71875,7.12403678894043
1997-12-31,8.75,7.149569988250732
1998-01-02,8.703125,7.111266613006592
1998-01-05,8.5625,6.996364116668701
1998-01-06,8.40625,6.86869478225708
1998-01-07,8.445313453674316,6.900609970092773
1998-01-08,8.125,6.638886451721191
1998-01-09,7.65625,6.255873680114746
1998-01-12,7.25,5.923929691314697
1998-01-13,7.5625,6.179272174835205
1998-01-14,7.5,6.128202438354492
1998-01-15,7.359375,6.013299465179443
1998-01-16,7.53125,6.1537370681762695
1998-01-20,7.90625,6.460145950317383
1998-01-21,7.75,6.3324761390686035
1998-01-22,7.6875,6.28140926361084
1998-01-23,7.9375,6.485681533813477
1998-01-26,7.9375,6.485681533813477
1998-01-27,7.828125,6.396312713623047
1998-01-28,7.75,6.3324761390686035
1998-01-29,8.09375,6.613352298736572
1998-01-30,8.4375,6.894229888916016
1998-02-02,8.59375,7.02189826965332
1998-02-03,8.59375,7.02189826965332
1998-02-04,8.6875,7.098501682281494
1998-02-05,9.0,7.353845596313477
1998-02-06,9.0,7.353845596313477
1998-02-09,8.859375,7.238941669464111
1998-02-10,9.0625,7.404911518096924
1998-02-11,9.0,7.364003658294678
1998-02-12,9.28125,7.5941267013549805
1998-02-13,9.28125,7.5941267013549805
1998-02-17,8.875,7.261723518371582
1998-02-18,8.5,6.954890727996826
1998-02-19,8.390625,6.865396022796631
1998-02-20,8.5625,7.0060272216796875
1998-02-23,8.28125,6.775904178619385
1998-02-24,8.4375,6.90375280380249
1998-02-25,8.5,6.954890727996826
1998-02-26,8.8125,7.210585594177246
1998-02-27,9.0625,7.415139198303223
1998-03-02,9.5625,7.824248313903809
1998-03-03,9.6875,7.926527500152588
1998-03-04,9.757813453674316,7.984059810638428
1998-03-05,9.6875,7.926527500152588
1998-03-06,9.640625,7.8881754875183105
1998-03-09,9.75,7.97766637802124
1998-03-10,9.5,7.773110866546631
1998-03-11,9.25,7.568556308746338
1998-03-12,9.15625,7.491851329803467
1998-03-13,9.09375,7.440710067749023
1998-03-16,9.25,7.568556308746338
1998-03-17,9.0625,7.415139198303223
1998-03-18,8.9375,7.312862873077393
1998-03-19,9.015625,7.376785755157471
1998-03-20,8.953125,7.325647354125977
1998-03-23,9.75,7.97766637802124
1998-03-24,9.59375,7.849818706512451
1998-03-25,9.53125,7.798681735992432
1998-03-26,9.5625,7.824248313903809
1998-03-27,9.71875,7.952097415924072
1998-03-30,9.46875,7.74754524230957
1998-03-31,9.554688453674316,7.817859172821045
1998-04-01,9.765625,7.990452289581299
1998-04-02,9.59375,7.849818706512451
1998-04-03,9.765625,7.990452289581299
1998-04-06,8.1875,6.699197769165039
1998-04-07,8.375,6.852612495422363
1998-04-08,8.3125,6.801473617553711
1998-04-09,8.625,7.057166576385498
1998-04-13,8.625,7.057166576385498
1998-04-14,8.5,6.954890727996826
1998-04-15,8.453125,6.916534900665283
1998-04-16,8.25,6.750332832336426
1998-04-17,8.125,6.6480560302734375
1998-04-20,8.125,6.6480560302734375
1998-04-21,8.375,6.852612495422363
1998-04-22,8.203125,6.711981773376465
1998-04-23,8.28125,6.775904178619385
1998-04-24,8.265625,6.763118743896484
1998-04-27,8.21875,6.724766731262207
1998-04-28,8.109375,6.635270595550537
1998-04-29,8.0,6.545779228210449
1998-04-30,8.0,6.545779228210449
1998-05-01,8.03125,6.571351051330566
1998-05-04,8.046875,6.584132194519043
1998-05-05,7.992187976837158,6.539385795593262
1998-05-06,7.8125,6.402373313903809
1998-05-07,7.09375,5.813357353210449
1998-05-08,8.03125,6.581643581390381
1998-05-11,8.0,6.556034088134766
1998-05-12,7.953125,6.517617702484131
1998-05-13,7.90625,6.479203224182129
1998-05-14,7.6875,6.299938678741455
1998-05-15,7.3125,5.992623805999756
1998-05-18,7.40625,6.069453716278076
1998-05-19,7.484375,6.133474826812744
1998-05-20,7.46875,6.120672225952148
1998-05-21,7.421875,6.0822553634643555
1998-05-22,7.15625,5.8645758628845215
1998-05-26,6.953125,5.698112964630127
1998-05-27,6.65625,5.454823017120361
1998-05-28,6.875,5.634090900421143
1998-05-29,6.8125,5.58287239074707
1998-06-01,6.3125,5.173118591308594
1998-06-02,6.34375,5.198727607727051
1998-06-03,6.5,5.326776504516602
1998-06-04,6.5625,5.37799596786499
1998-06-05,6.6875,5.480434417724609
1998-06-08,6.53125,5.352385997772217
1998-06-09,5.765625,4.724952697753906
1998-06-10,5.78125,4.737756729125977
1998-06-11,5.8125,4.763367652893066
1998-06-12,5.78125,4.737756729125977
1998-06-15,5.734375,4.699343204498291
1998-06-16,5.59375,4.584100723266602
1998-06-17,6.09375,4.993851184844971
1998-06-18,5.890625,4.827390670776367
1998-06-19,5.96875,4.891415119171143
1998-06-22,5.9375,4.8658061027526855
1998-06-23,6.21875,5.0962910652160645
1998-06-24,6.28125,5.147511005401611
1998-06-25,6.03125,4.942633152008057
1998-06-26,6.1875,5.070683002471924
1998-06-29,6.203125,5.083485126495361
1998-06-30,6.03125,4.942633152008057
1998-07-01,5.8125,4.763367652893066
1998-07-02,5.78125,4.737756729125977
1998-07-06,5.6875,4.660928249359131
1998-07-07,5.765625,4.724952697753906
1998-07-08,5.75,4.712149143218994
1998-07-09,5.84375,4.788976669311523
1998-07-10,5.875,4.814586162567139
1998-07-13,5.875,4.814586162567139
1998-07-14,5.75,4.712149143218994
1998-07-15,5.75,4.712149143218994
1998-07-16,5.71875,4.6865386962890625
1998-07-17,5.742187976837158,4.705746650695801
1998-07-20,5.65625,4.635319709777832
1998-07-21,5.507812976837158,4.513675212860107
1998-07-22,5.390625,4.417639255523682
1998-07-23,5.125,4.199960231781006
1998-07-24,5.21875,4.276784896850586
1998-07-27,5.1875,4.251176357269287
1998-07-28,5.15625,4.225568771362305
1998-07-29,5.09375,4.174348831176758
1998-07-30,5.09375,4.174348831176758
1998-07-31,4.9375,4.046299934387207
1998-08-03,4.6875,3.841426134109497
1998-08-04,4.5,3.6877691745758057
1998-08-05,4.0625,3.3385086059570312
1998-08-06,4.03125,3.3128275871276855
1998-08-07,4.6875,3.852126359939575
1998-08-10,4.4375,3.6466784477233887
1998-08-11,4.34375,3.5696358680725098
1998-08-12,4.375,3.5953173637390137
1998-08-13,4.40625,3.620997667312622
1998-08-14,4.484375,3.6852002143859863
1998-08-17,4.5,3.6980419158935547
1998-08-18,4.5,3.6980419158935547
1998-08-19,4.40625,3.620997667312622
1998-08-20,4.40625,3.620997667312622
1998-08-21,4.40625,3.620997667312622
1998-08-24,4.421875,3.633838176727295
1998-08-25,4.34375,3.5696358680725098
1998-08-26,4.0625,3.3385086059570312
1998-08-27,4.15625,3.4155519008636475
1998-08-28,4.28125,3.5182738304138184
1998-08-31,4.140625,3.4027113914489746
1998-09-01,4.5,3.6980419158935547
1998-09-02,4.1875,3.441232204437256
1998-09-03,4.28125,3.5182738304138184
1998-09-04,4.3125,3.543954610824585
1998-09-08,4.375,3.5953173637390137
1998-09-09,4.21875,3.466913938522339
1998-09-10,4.5,3.6980419158935547
1998-09-11,4.84375,3.980529308319092
1998-09-14,5.0625,4.160294532775879
1998-09-15,4.921875,4.044731616973877
1998-09-16,5.0,4.108933448791504
1998-09-17,5.15625,4.237336158752441
1998-09-18,5.21875,4.288699150085449
1998-09-21,5.3125,4.365742206573486
1998-09-22,5.375,4.4171037673950195
1998-09-23,6.125,5.033444404602051
1998-09-24,5.96875,4.9050397872924805
1998-09-25,5.96875,4.9050397872924805
1998-09-28,5.9375,4.879360198974609
1998-09-29,6.0,4.930721759796143
1998-09-30,5.96875,4.9050397872924805
1998-10-01,5.875,4.827996730804443
1998-10-02,5.34375,4.39142370223999
1998-10-05,5.0625,4.160294532775879
1998-10-06,4.796875,3.9420089721679688
1998-10-07,4.875,4.006208896636963
1998-10-08,4.875,4.006208896636963
1998-10-09,4.84375,3.980529308319092
1998-10-12,4.875,4.006208896636963
1998-10-13,4.9375,4.05756950378418
1998-10-14,4.53125,3.723721504211426
1998-10-15,4.875,4.006208896636963
1998-10-16,4.90625,4.031891822814941
1998-10-19,5.3125,4.365742206573486
1998-10-20,5.1875,4.26301908493042
1998-10-21,5.0,4.108933448791504
1998-10-22,5.0,4.108933448791504
1998-10-23,4.96875,4.083254337310791
1998-10-26,5.117187976837158,4.205237865447998
1998-10-27,4.96875,4.083254337310791
1998-10-28,5.0,4.108933448791504
1998-10-29,5.1875,4.26301908493042
1998-10-30,5.25,4.314380645751953
1998-11-02,5.5,4.519827842712402
1998-11-03,5.53125,4.545507431030273
1998-11-04,5.4375,4.478588104248047
1998-11-05,5.78125,4.761714935302734
1998-11-06,5.703125,4.697369575500488
1998-11-09,5.53125,4.555805206298828
1998-11-10,5.4375,4.478588104248047
1998-11-11,5.609375,4.620150089263916
1998-11-12,5.4375,4.478588104248047
1998-11-13,5.0,4.118239879608154
1998-11-16,4.75,3.9123270511627197
1998-11-17,4.75,3.9123270511627197
1998-11-18,4.75,3.9123270511627197
1998-11-19,4.65625,3.835111379623413
1998-11-20,4.6875,3.860851526260376
1998-11-23,4.953125,4.0796332359313965
1998-11-24,5.0,4.118239879608154
1998-11-25,4.78125,3.9380688667297363
1998-11-27,4.75,3.9123270511627197
1998-11-30,4.75,3.9123270511627197
1998-12-01,4.734375,3.8994593620300293
1998-12-02,4.734375,3.8994593620300293
1998-12-03,4.546875,3.745025157928467
1998-12-04,4.484375,3.693547248840332
1998-12-07,4.25,3.500504732131958
1998-12-08,4.140625,3.4104175567626953
1998-12-09,3.921875,3.2302446365356445
1998-12-10,3.96875,3.268853187561035
1998-12-11,3.9375,3.243114471435547
1998-12-14,3.9375,3.243114471435547
1998-12-15,4.15625,3.423288345336914
1998-12-16,4.234375,3.4876346588134766
1998-12-17,4.21875,3.4747660160064697
1998-12-18,4.40625,3.629199981689453
1998-12-21,4.25,3.500504732131958
1998-12-22,4.09375,3.371809720993042
1998-12-23,4.125,3.3975489139556885
1998-12-24,4.1875,3.449026107788086
1998-12-28,4.34375,3.577720880508423
1998-12-29,4.375,3.6034605503082275
1998-12-30,4.265625,3.5133752822875977
1998-12-31,4.625,3.8093721866607666
1999-01-04,4.78125,3.9380688667297363
1999-01-05,4.75,3.9123270511627197
1999-01-06,4.828125,3.9766762256622314
1999-01-07,4.5625,3.7578938007354736
1999-01-08,4.578125,3.7707653045654297
1999-01-11,4.625,3.8093721866607666
1999-01-12,4.640625,3.8222415447235107
1999-01-13,4.703125,3.873720407485962
1999-01-14,4.65625,3.835111379623413
1999-01-15,4.96875,4.092501640319824
1999-01-19,4.875,4.015285491943359
1999-01-20,5.0625,4.169717788696289
1999-01-21,5.0,4.118239879608154
1999-01-22,4.96875,4.092501640319824
1999-01-25,5.0625,4.169717788696289
1999-01-26,5.125,4.221196174621582
1999-01-27,4.96875,4.092501640319824
1999-01-28,4.90625,4.041024208068848
1999-01-29,4.875,4.015285491943359
1999-02-01,4.78125,3.9380688667297363
1999-02-02,4.65625,3.835111379623413
1999-02-03,4.59375,3.7836337089538574
1999-02-04,4.21875,3.4747660160064697
1999-02-05,4.234375,3.4876346588134766
1999-02-08,4.234375,3.4876346588134766
1999-02-09,4.25,3.500504732131958
1999-02-10,4.40625,3.6399059295654297
1999-02-11,4.25,3.5108306407928467
1999-02-12,4.46875,3.6915361881256104
1999-02-16,4.3125,3.562459707260132
1999-02-17,4.265625,3.5237390995025635
1999-02-18,4.375,3.6140899658203125
1999-02-19,4.03125,3.3301260471343994
1999-02-22,4.0,3.3043110370635986
1999-02-23,3.875,3.201051712036133
1999-02-24,3.953125,3.26558780670166
1999-02-25,3.875,3.201051712036133
1999-02-26,3.90625,3.226865530014038
1999-03-01,3.84375,3.1752371788024902
1999-03-02,3.796875,3.1365134716033936
1999-03-03,3.777343988418579,3.120379686355591
1999-03-04,3.78125,3.123605966567993
1999-03-05,3.875,3.201051712036133
1999-03-08,3.9375,3.252681016921997
1999-03-09,3.96875,3.278496265411377
1999-03-10,4.34375,3.5882744789123535
1999-03-11,4.625,3.8206100463867188
1999-03-12,4.4375,3.6657214164733887
1999-03-15,4.6875,3.872239589691162
1999-03-16,4.28125,3.5366458892822266
1999-03-17,4.34375,3.5882744789123535
1999-03-18,4.625,3.8206100463867188
1999-03-19,4.578125,3.781888246536255
1999-03-22,4.640625,3.833516836166382
1999-03-23,4.34375,3.5882744789123535
1999-03-24,4.09375,3.381756067276001
1999-03-25,4.132812976837158,3.414025068283081
1999-03-26,4.28125,3.5366458892822266
1999-03-29,4.375,3.6140899658203125
1999-03-30,4.34375,3.5882744789123535
1999-03-31,4.34375,3.5882744789123535
1999-04-01,4.40625,3.6399059295654297
1999-04-05,4.4375,3.6657214164733887
1999-04-06,4.375,3.6140899658203125
1999-04-07,4.03125,3.3301260471343994
1999-04-08,4.25,3.5108306407928467
1999-04-09,4.125,3.4075710773468018
1999-04-12,4.15625,3.4333860874176025
1999-04-13,4.21875,3.485016107559204
1999-04-14,4.3125,3.562459707260132
1999-04-15,4.390625,3.626997470855713
1999-04-16,4.546875,3.756072521209717
1999-04-19,4.726562976837158,3.904510259628296
1999-04-20,4.6875,3.872239589691162
1999-04-21,4.625,3.8206100463867188
1999-04-22,4.6875,3.872239589691162
1999-04-23,4.75,3.9238672256469727
1999-04-26,4.703125,3.8851466178894043
1999-04-27,4.703125,3.8851466178894043
1999-04-28,4.875,4.027130126953125
1999-04-29,4.921875,4.065852165222168
1999-04-30,4.8125,3.9754998683929443
1999-05-03,5.125,4.233649730682373
1999-05-04,5.125,4.233649730682373
1999-05-05,5.0625,4.182018756866455
1999-05-06,4.96875,4.104574680328369
1999-05-07,4.6875,3.872239589691162
1999-05-10,4.640625,3.833516836166382
1999-05-11,5.0,4.130389213562012
1999-05-12,5.0,4.140740871429443
1999-05-13,4.984375,4.127803325653076
1999-05-14,5.015625,4.153678894042969
1999-05-17,5.0,4.140740871429443
1999-05-18,4.90625,4.063102722167969
1999-05-19,4.90625,4.063102722167969
1999-05-20,4.890625,4.050159931182861
1999-05-21,5.03125,4.166621685028076
1999-05-24,4.78125,3.9595842361450195
1999-05-25,4.828125,3.9984018802642822
1999-05-26,5.03125,4.166621685028076
1999-05-27,4.875,4.0372233390808105
1999-05-28,5.0,4.140740871429443
1999-06-01,4.921875,4.076042175292969
1999-06-02,4.6875,3.881944179534912
1999-06-03,4.96875,4.114861965179443
1999-06-04,4.84375,4.011343955993652
1999-06-07,4.875,4.0372233390808105
1999-06-08,4.875,4.0372233390808105
1999-06-09,4.8125,3.9854636192321777
1999-06-10,4.8125,3.9854636192321777
1999-06-11,4.8125,3.9854636192321777
1999-06-14,4.8125,3.9854636192321777
1999-06-15,5.015625,4.153678894042969
1999-06-16,5.046875,4.179560661315918
1999-06-17,5.125,4.244260311126709
1999-06-18,5.21875,4.321898460388184
1999-06-21,5.234375,4.334837436676025
1999-06-22,5.203125,4.308957576751709
1999-06-23,5.273437976837158,4.3671875
1999-06-24,4.84375,4.011343955993652
1999-06-25,4.9375,4.088982105255127
1999-06-28,5.046875,4.179560661315918
1999-06-29,4.992187976837158,4.134273052215576
1999-06-30,5.140625,4.257199287414551
1999-07-01,5.46875,4.528934001922607
1999-07-02,5.640625,4.671272277832031
1999-07-06,5.5,4.554814338684082
1999-07-07,5.5625,4.6065754890441895
1999-07-08,5.65625,4.684216022491455
1999-07-09,5.625,4.658332824707031
1999-07-12,5.875,4.865370273590088
1999-07-13,5.6875,4.710092067718506
1999-07-14,5.71875,4.7359724044799805
1999-07-15,5.515625,4.567754745483398
1999-07-16,5.703125,4.723032474517822
1999-07-19,5.6875,4.710092067718506
1999-07-20,5.5625,4.6065754890441895
1999-07-21,5.75,4.7618536949157715
1999-07-22,5.65625,4.684216022491455
1999-07-23,5.6875,4.710092067718506
1999-07-26,5.71875,4.7359724044799805
1999-07-27,5.65625,4.684216022491455
1999-07-28,6.0,4.96889066696167
1999-07-29,6.078125,5.033588886260986
1999-07-30,6.59375,5.460602760314941
1999-08-02,6.90625,5.719398498535156
1999-08-03,6.9375,5.745279312133789
1999-08-04,6.820312976837158,5.6584248542785645
1999-08-05,6.765625,5.613052845001221
1999-08-06,6.90625,5.729722499847412
1999-08-09,7.03125,5.833425521850586
1999-08-10,7.015625,5.820465564727783
1999-08-11,7.0,5.80750036239624
1999-08-12,7.0,5.80750036239624
1999-08-13,6.953125,5.768611431121826
1999-08-16,7.0,5.80750036239624
1999-08-17,6.984375,5.79453706741333
1999-08-18,7.015625,5.820465564727783
1999-08-19,7.0,5.80750036239624
1999-08-20,7.015625,5.820465564727783
1999-08-23,6.953125,5.768611431121826
1999-08-24,7.0625,5.859352111816406
1999-08-25,7.070312976837158,5.865835189819336
1999-08-26,7.328125,6.079728603363037
1999-08-27,7.40625,6.1445417404174805
1999-08-30,7.4375,6.170468807220459
1999-08-31,6.625,5.496384620666504
1999-09-01,7.0625,5.859352111816406
1999-09-02,6.9375,5.755650520324707
1999-09-03,7.132812976837158,5.917687892913818
1999-09-07,7.078125,5.872315883636475
1999-09-08,7.0,5.80750036239624
1999-09-09,7.0,5.80750036239624
1999-09-10,6.625,5.496384620666504
1999-09-13,6.578125,5.457495212554932
1999-09-14,6.796875,5.638979911804199
1999-09-15,6.8125,5.651942253112793
1999-09-16,6.71875,5.574164390563965
1999-09-17,6.796875,5.638979911804199
1999-09-20,6.875,5.703795909881592
1999-09-21,6.65625,5.522310256958008
1999-09-22,6.5,5.392679214477539
1999-09-23,6.234375,5.172304153442383
1999-09-24,6.0,4.977858543395996
1999-09-27,6.03125,5.003783702850342
1999-09-28,6.023437976837158,4.99730110168457
1999-09-29,6.015625,4.990821838378906
1999-09-30,6.53125,5.418605804443359
1999-10-01,6.4375,5.340827465057373
1999-10-04,6.6875,5.5482378005981445
1999-10-05,6.6875,5.5482378005981445
1999-10-06,6.71875,5.574164390563965
1999-10-07,6.78125,5.626016616821289
1999-10-08,6.6875,5.5482378005981445
1999-10-11,6.671875,5.53527307510376
1999-10-12,6.40625,5.314901351928711
1999-10-13,6.421875,5.3278656005859375
1999-10-14,6.375,5.288972854614258
1999-10-15,6.1875,5.133416652679443
1999-10-18,6.203125,5.146378993988037
1999-10-19,6.265625,5.198232650756836
1999-10-20,6.3125,5.23712158203125
1999-10-21,6.5,5.392679214477539
1999-10-22,6.5,5.392679214477539
1999-10-25,6.625,5.496384620666504
1999-10-26,6.53125,5.418605804443359
1999-10-27,6.25,5.185271263122559
1999-10-28,6.46875,5.366753101348877
1999-10-29,6.375,5.288972854614258
1999-11-01,6.21875,5.159340858459473
1999-11-02,6.296875,5.224159240722656
1999-11-03,6.578125,5.468349933624268
1999-11-04,6.5625,5.455361366271973
1999-11-05,6.625,5.507318019866943
1999-11-08,6.53125,5.429384708404541
1999-11-09,6.6875,5.559274673461914
1999-11-10,6.6875,5.559274673461914
1999-11-11,6.625,5.507318019866943
1999-11-12,6.125,5.091670036315918
1999-11-15,6.375,5.299495697021484
1999-11-16,6.46875,5.3774285316467285
1999-11-17,6.546875,5.442373752593994
1999-11-18,6.5,5.403404235839844
1999-11-19,6.125,5.091670036315918
1999-11-22,6.25,5.195584774017334
1999-11-23,6.140625,5.104659557342529
1999-11-24,5.9375,4.935804843902588
1999-11-26,5.875,4.883849143981934
1999-11-29,5.5,4.572112083435059
1999-11-30,5.21875,4.33831262588501
1999-12-01,5.25,4.364288330078125
1999-12-02,5.078125,4.221410274505615
1999-12-03,5.109375,4.2473907470703125
1999-12-06,5.15625,4.286355018615723
1999-12-07,5.25,4.364288330078125
1999-12-08,5.578125,4.637056827545166
1999-12-09,5.46875,4.546134948730469
1999-12-10,5.46875,4.546134948730469
1999-12-13,5.59375,4.650047302246094
1999-12-14,5.53125,4.598091125488281
1999-12-15,6.65625,5.533294677734375
1999-12-16,6.53125,5.429384708404541
1999-12-17,6.53125,5.429384708404541
1999-12-20,6.0,4.987760543823242
1999-12-21,6.25,5.195584774017334
1999-12-22,6.21875,5.169602394104004
1999-12-23,6.1875,5.1436262130737305
1999-12-27,6.007812976837158,4.9942545890808105
1999-12-28,6.25,5.195584774017334
1999-12-29,6.21875,5.169602394104004
1999-12-30,5.9375,4.935804843902588
1999-12-31,6.1875,5.1436262130737305
2000-01-03,5.875,4.883849143981934
2000-01-04,5.75,4.779935359954834
2000-01-05,5.71875,4.753957748413086
2000-01-06,5.90625,4.909824848175049
2000-01-07,5.75,4.779935359954834
2000-01-10,5.71875,4.753957748413086
2000-01-11,5.671875,4.714992046356201
2000-01-12,5.6875,4.72797966003418
2000-01-13,5.625,4.676023483276367
2000-01-14,5.65625,4.702003002166748
2000-01-18,6.5,5.403404235839844
2000-01-19,6.375,5.299495697021484
2000-01-20,6.453125,5.364438056945801
2000-01-21,6.25,5.195584774017334
2000-01-24,6.328125,5.260529518127441
2000-01-25,6.21875,5.169602394104004
2000-01-26,6.3125,5.247539520263672
2000-01-27,6.34375,5.273512840270996
2000-01-28,6.375,5.299495697021484
2000-01-31,6.375,5.299495697021484
2000-02-01,6.84375,5.689164638519287
2000-02-02,6.59375,5.481338024139404
2000-02-03,6.78125,5.637207984924316
2000-02-04,6.703125,5.572261810302734
2000-02-07,6.4375,5.351449012756348
2000-02-08,6.28125,5.221560001373291
2000-02-09,6.359375,5.297046661376953
2000-02-10,6.59375,5.492269992828369
2000-02-11,6.375,5.31006383895874
2000-02-14,6.515625,5.427194595336914
2000-02-15,6.46875,5.388149261474609
2000-02-16,6.515625,5.427194595336914
2000-02-17,6.625,5.518299102783203
2000-02-18,6.8125,5.6744794845581055
2000-02-22,7.0,5.830655097961426
2000-02-23,6.96875,5.804626941680908
2000-02-24,6.875,5.726535797119141
2000-02-25,7.011719226837158,5.840417385101318
2000-02-28,6.96875,5.804626941680908
2000-02-29,6.953125,5.7916107177734375
2000-03-01,6.8125,5.6744794845581055
2000-03-02,6.71875,5.596386432647705
2000-03-03,6.75,5.6224188804626465
2000-03-06,6.796875,5.661462783813477
2000-03-07,6.875,5.726535797119141
2000-03-08,7.171875,5.973818302154541
2000-03-09,7.375,6.143011569976807
2000-03-10,7.734375,6.442353248596191
2000-03-13,7.625,6.351251125335693
2000-03-14,7.328125,6.103969573974609
2000-03-15,7.28125,6.064925193786621
2000-03-16,7.304687976837158,6.084444999694824
2000-03-17,7.1875,5.986833572387695
2000-03-20,7.5,6.247131824493408
2000-03-21,7.375,6.143011569976807
2000-03-22,7.390625,6.156023979187012
2000-03-23,7.359375,6.129998683929443
2000-03-24,7.375,6.143011569976807
2000-03-27,7.183594226837158,5.983582496643066
2000-03-28,6.476562976837158,5.394657135009766
2000-03-29,6.78125,5.648447513580322
2000-03-30,6.65625,5.544329643249512
2000-03-31,7.46875,6.221100807189941
2000-04-03,7.71875,6.429340839385986
2000-04-04,8.648438453674316,7.20372200012207
2000-04-05,8.265625,6.884860992431641
2000-04-06,8.0,6.663606643676758
2000-04-07,8.53125,7.106113433837891
2000-04-10,8.0,6.663606643676758
2000-04-11,8.5,7.080084323883057
2000-04-12,8.046875,6.702651023864746
2000-04-13,8.203125,6.83280086517334
2000-04-14,7.734375,6.442353248596191
2000-04-17,8.25,6.871842861175537
2000-04-18,8.46875,7.054054260253906
2000-04-19,8.21875,6.845816612243652
2000-04-20,8.25,6.871842861175537
2000-04-24,8.5,7.080084323883057
2000-04-25,8.46875,7.054054260253906
2000-04-26,8.453125,7.041037082672119
2000-04-27,8.453125,7.041037082672119
2000-04-28,8.4375,7.028022289276123
2000-05-01,8.125,6.767724990844727
2000-05-02,8.03125,6.68963623046875
2000-05-03,8.234375,6.858828067779541
2000-05-04,7.6875,6.403308868408203
2000-05-05,7.84375,6.533458709716797
2000-05-08,7.984375,6.650593280792236
2000-05-09,8.5,7.080084323883057
2000-05-10,8.40625,7.001992702484131
2000-05-11,8.6875,7.24703311920166
2000-05-12,8.90625,7.429515838623047
2000-05-15,8.78125,7.325244903564453
2000-05-16,8.875,7.403446674346924
2000-05-17,8.890625,7.41648006439209
2000-05-18,9.171875,7.651100158691406
2000-05-19,9.078125,7.5728936195373535
2000-05-22,9.03125,7.533787727355957
2000-05-23,9.203125,7.677164554595947
2000-05-24,9.1875,7.664130687713623
2000-05-25,9.09375,7.585928916931152
2000-05-26,9.09375,7.585928916931152
2000-05-30,9.0625,7.559858322143555
2000-05-31,9.0,7.5077223777771
2000-06-01,9.1875,7.664130687713623
2000-06-02,9.25,7.716270446777344
2000-06-05,9.3125,7.768406867980957
2000-06-06,9.21875,7.6902008056640625
2000-06-07,9.046875,7.546825885772705
2000-06-08,9.0,7.5077223777771
2000-06-09,9.125,7.611995220184326
2000-06-12,9.140625,7.625031471252441
2000-06-13,9.15625,7.638063430786133
2000-06-14,9.625,8.029093742370605
2000-06-15,10.03125,8.367980003356934
2000-06-16,9.75,8.133366584777832
2000-06-19,9.523438453674316,7.944369792938232
2000-06-20,9.5625,7.976956844329834
2000-06-21,10.25,8.55046558380127
2000-06-22,10.046875,8.381013870239258
2000-06-23,9.734375,8.120331764221191
2000-06-26,10.0,8.341914176940918
2000-06-27,9.609375,8.016058921813965
2000-06-28,10.140625,8.459220886230469
2000-06-29,10.34375,8.628667831420898
2000-06-30,10.515625,8.77204418182373
2000-07-03,10.640625,8.876317024230957
2000-07-05,10.71875,8.941487312316895
2000-07-06,10.703125,8.928450584411621
2000-07-07,10.734375,8.954522132873535
2000-07-10,10.640625,8.876317024230957
2000-07-11,10.421875,8.693833351135254
2000-07-12,10.0625,8.394049644470215
2000-07-13,9.890625,8.2506742477417
2000-07-14,9.8125,8.185502052307129
2000-07-17,9.25,7.716270446777344
2000-07-18,9.359375,7.807504653930664
2000-07-19,9.171875,7.651100158691406
2000-07-20,9.125,7.611995220184326
2000-07-21,8.9375,7.455585956573486
2000-07-24,7.9375,6.62139368057251
2000-07-25,7.78125,6.4910502433776855
2000-07-26,7.734375,6.451947212219238
2000-07-27,7.796875,6.504085063934326
2000-07-28,7.859375,6.5562214851379395
2000-07-31,7.484375,6.243400573730469
2000-08-01,7.9375,6.62139368057251
2000-08-02,8.359375,6.984317302703857
2000-08-03,8.34375,6.971261024475098
2000-08-04,8.367188453674316,6.9908447265625
2000-08-07,8.8125,7.362905979156494
2000-08-08,9.0625,7.571784019470215
2000-08-09,9.5625,7.989539623260498
2000-08-10,9.46875,7.9112091064453125
2000-08-11,9.40625,7.858986854553223
2000-08-14,9.5625,7.989539623260498
2000-08-15,9.75,8.14619255065918
2000-08-16,9.9375,8.302852630615234
2000-08-17,10.25,8.563945770263672
2000-08-18,10.125,8.459507942199707
2000-08-21,10.1875,8.51172924041748
2000-08-22,9.71875,8.120085716247559
2000-08-23,10.0,8.35506820678711
2000-08-24,10.28125,8.590058326721191
2000-08-25,10.5,8.772822380065918
2000-08-28,10.625,8.877263069152832
2000-08-29,10.609375,8.864205360412598
2000-08-30,10.515625,8.785881042480469
2000-08-31,10.34375,8.642277717590332
2000-09-01,10.625,8.877263069152832
2000-09-05,10.703125,8.942535400390625
2000-09-06,10.71875,8.955594062805176
2000-09-07,10.9375,9.13835620880127
2000-09-08,10.71875,8.955594062805176
2000-09-11,10.84375,9.060033798217773
2000-09-12,10.875,9.086139678955078
2000-09-13,10.21875,8.537835121154785
2000-09-14,11.03125,9.216684341430664
2000-09-15,11.0625,9.242801666259766
2000-09-18,11.125,9.295015335083008
2000-09-19,11.96875,9.99997329711914
2000-09-20,12.03125,10.05219554901123
2000-09-21,11.21875,9.373342514038086
2000-09-22,11.0,9.190579414367676
2000-09-25,10.71875,8.955594062805176
2000-09-26,10.84375,9.060033798217773
2000-09-27,11.375,9.503893852233887
2000-09-28,11.5625,9.66054916381836
2000-09-29,11.53125,9.63443660736084
2000-10-02,11.375,9.503893852233887
2000-10-03,11.34375,9.477784156799316
2000-10-04,11.3125,9.451674461364746
2000-10-05,11.1875,9.347229957580566
2000-10-06,10.96875,9.164468765258789
2000-10-09,11.125,9.295015335083008
2000-10-10,11.40625,9.530001640319824
2000-10-11,11.53125,9.63443660736084
2000-10-12,12.3125,10.287178039550781
2000-10-13,12.34375,10.313284873962402
2000-10-16,12.125,10.130524635314941
2000-10-17,12.03125,10.05219554901123
2000-10-18,11.65625,9.738877296447754
2000-10-19,11.5,9.608331680297852
2000-10-20,11.6875,9.76499080657959
2000-10-23,11.78125,9.843318939208984
2000-10-24,11.65625,9.738877296447754
2000-10-25,11.4375,9.556112289428711
2000-10-26,11.53125,9.63443660736084
2000-10-27,11.25,9.399454116821289
2000-10-30,11.5,9.608331680297852
2000-10-31,11.71875,9.791102409362793
2000-11-01,11.125,9.295015335083008
2000-11-02,11.375,9.5145845413208
2000-11-03,11.5,9.619140625
2000-11-06,11.6875,9.775972366333008
2000-11-07,11.75,9.828248977661133
2000-11-08,11.5,9.619140625
2000-11-09,10.71875,8.965664863586426
2000-11-10,9.5625,7.99852180480957
2000-11-13,10.25,8.573578834533691
2000-11-14,11.0625,9.253194808959961
2000-11-15,11.59375,9.697555541992188
2000-11-16,11.46875,9.592999458312988
2000-11-17,11.625,9.723691940307617
2000-11-20,11.382813453674316,9.521117210388184
2000-11-21,12.75,10.664698600769043
2000-11-22,12.46875,10.429444313049316
2000-11-24,12.75,10.664698600769043
2000-11-27,12.46875,10.429444313049316
2000-11-28,12.0625,10.089639663696289
2000-11-29,11.8125,9.880529403686523
2000-11-30,11.5,9.619140625
2000-12-01,11.84375,9.906667709350586
2000-12-04,11.84375,9.906667709350586
2000-12-05,12.0625,10.089639663696289
2000-12-06,12.375,10.351027488708496
2000-12-07,12.375,10.351027488708496
2000-12-08,12.6875,10.612417221069336
2000-12-11,12.625,10.560140609741211
2000-12-12,12.46875,10.429444313049316
2000-12-13,12.4375,10.40330696105957
2000-12-14,12.0625,10.089639663696289
2000-12-15,12.03125,10.063504219055176
2000-12-18,12.53125,10.48172664642334
2000-12-19,13.5,11.292034149169922
2000-12-20,12.375,10.351027488708496
2000-12-21,13.4375,11.23975658416748
2000-12-22,14.0,11.710257530212402
2000-12-26,14.875,12.442147254943848
2000-12-27,15.625,13.069479942321777
2000-12-28,16.90625,14.141183853149414
2000-12-29,16.65625,13.932068824768066
2001-01-02,15.25,12.755815505981445
2001-01-03,14.78125,12.363726615905762
2001-01-04,13.25,11.08292007446289
2001-01-05,14.9375,12.494423866271973
2001-01-08,16.0,13.383152961730957
2001-01-09,15.21875,12.729676246643066
2001-01-10,15.6875,13.121759414672852
2001-01-11,15.90625,13.304731369018555
2001-01-12,15.96875,13.357013702392578
2001-01-16,17.3125,14.480982780456543
2001-01-17,16.5,13.801373481750488
2001-01-18,15.65625,13.095624923706055
2001-01-19,15.125,12.651257514953613
2001-01-22,15.09375,12.6251220703125
2001-01-23,15.75,13.174036979675293
2001-01-24,15.25,12.755815505981445
2001-01-25,15.09375,12.6251220703125
2001-01-26,14.625,12.233036041259766
2001-01-29,14.3125,11.971644401550293
2001-01-30,13.5625,11.344311714172363
2001-01-31,13.28125,11.109060287475586
2001-02-01,13.34375,11.161338806152344
2001-02-02,13.71875,11.475004196166992
2001-02-05,14.09375,11.788673400878906
2001-02-06,14.875,12.442147254943848
2001-02-07,15.46875,12.938788414001465
2001-02-08,15.195313453674316,12.71007251739502
2001-02-09,15.53125,12.99106216430664
2001-02-12,15.4375,12.912649154663086
2001-02-13,16.0078125,13.38968563079834
2001-02-14,15.5,12.96492862701416
2001-02-15,15.25,12.755815505981445
2001-02-16,14.9375,12.494423866271973
2001-02-20,15.5,12.96492862701416
2001-02-21,14.765625,12.350662231445312
2001-02-22,12.28125,10.272611618041992
2001-02-23,11.46875,9.592999458312988
2001-02-26,11.625,9.723691940307617
2001-02-27,11.71875,9.802114486694336
2001-02-28,11.15625,9.331611633300781
2001-03-01,11.5,9.619140625
2001-03-02,11.53125,9.645273208618164
2001-03-05,11.3125,9.46230697631836
2001-03-06,11.5625,9.671416282653809
2001-03-07,12.5625,10.507865905761719
2001-03-08,12.5,10.455589294433594
2001-03-09,12.59375,10.534006118774414
2001-03-12,12.28125,10.272611618041992
2001-03-13,12.53125,10.48172664642334
2001-03-14,12.3125,10.29875373840332
2001-03-15,12.5,10.455589294433594
2001-03-16,12.125,10.141918182373047
2001-03-19,12.125,10.141918182373047
2001-03-20,11.6875,9.775972366333008
2001-03-21,11.78125,9.854390144348145
2001-03-22,11.5,9.619140625
2001-03-23,11.71875,9.802114486694336
2001-03-26,11.09375,9.279332160949707
2001-03-27,11.03125,9.22705078125
2001-03-28,10.59375,8.861114501953125
2001-03-29,10.75,8.991803169250488
2001-03-30,11.625,9.723691940307617
2001-04-02,10.65625,8.9133882522583
2001-04-03,9.9375,8.312193870544434
2001-04-04,10.0625,8.41674518585205
2001-04-05,11.0,9.200916290283203
2001-04-06,11.03125,9.22705078125
2001-04-09,11.520000457763672,9.635870933532715
2001-04-10,11.489999771118164,9.610774040222168
2001-04-11,11.300000190734863,9.451849937438965
2001-04-12,11.350000381469727,9.493669509887695
2001-04-16,11.704999923706055,9.790611267089844
2001-04-17,11.795000076293945,9.865890502929688
2001-04-18,11.289999961853027,9.44348430633545
2001-04-19,11.225000381469727,9.389116287231445
2001-04-20,10.899999618530273,9.117265701293945
2001-04-23,10.850000381469727,9.075448989868164
2001-04-24,10.880000114440918,9.100541114807129
2001-04-25,11.5,9.619140625
2001-04-26,12.074999809265137,10.10009765625
2001-04-27,11.970000267028809,10.012267112731934
2001-04-30,12.425000190734863,10.392850875854492
2001-05-01,12.34000015258789,10.321756362915039
2001-05-02,11.420000076293945,9.552224159240723
2001-05-03,11.5,9.619140625
2001-05-04,11.550000190734863,9.66096305847168
2001-05-07,11.055000305175781,9.24692153930664
2001-05-08,11.640000343322754,9.736239433288574
2001-05-09,11.5,9.639845848083496
2001-05-10,11.359999656677246,9.522490501403809
2001-05-11,11.09000015258789,9.296163558959961
2001-05-14,11.270000457763672,9.447047233581543
2001-05-15,11.625,9.744622230529785
2001-05-16,11.694999694824219,9.803299903869629
2001-05-17,11.979999542236328,10.042201042175293
2001-05-18,12.329999923706055,10.335587501525879
2001-05-21,12.545000076293945,10.51580810546875
2001-05-22,12.404999732971191,10.398460388183594
2001-05-23,11.5,9.639845848083496
2001-05-24,11.454999923706055,9.602121353149414
2001-05-25,11.350000381469727,9.514106750488281
2001-05-29,11.354999542236328,9.518294334411621
2001-05-30,11.395000457763672,9.551830291748047
2001-05-31,11.074999809265137,9.283588409423828
2001-06-01,11.225000381469727,9.409323692321777
2001-06-04,11.75,9.849401473999023
2001-06-05,11.994999885559082,10.054776191711426
2001-06-06,11.510000228881836,9.648223876953125
2001-06-07,11.0649995803833,9.2752046585083
2001-06-08,10.854999542236328,9.099177360534668
2001-06-11,11.375,9.535062789916992
2001-06-12,11.550000190734863,9.681756019592285
2001-06-13,11.475000381469727,9.618885040283203
2001-06-14,11.4350004196167,9.585357666015625
2001-06-15,11.625,9.744622230529785
2001-06-18,11.470000267028809,9.61469554901123
2001-06-19,11.545000076293945,9.677565574645996
2001-06-20,11.484999656677246,9.62727165222168
2001-06-21,11.199999809265137,9.3883695602417
2001-06-22,10.670000076293945,8.944098472595215
2001-06-25,10.1899995803833,8.541741371154785
2001-06-26,10.375,8.696813583374023
2001-06-27,10.300000190734863,8.633946418762207
2001-06-28,10.055000305175781,8.428571701049805
2001-06-29,11.680000305175781,9.790725708007812
2001-07-02,10.680000305175781,8.952478408813477
2001-07-03,10.550000190734863,8.843510627746582
2001-07-05,10.5649995803833,8.856082916259766
2001-07-06,10.600000381469727,8.885421752929688
2001-07-09,10.425000190734863,8.738726615905762
2001-07-10,10.130000114440918,8.491443634033203
2001-07-11,10.175000190734863,8.529163360595703
2001-07-12,10.045000076293945,8.420196533203125
2001-07-13,10.079999923706055,8.449533462524414
2001-07-16,9.515000343322754,7.975920677185059
2001-07-17,9.524999618530273,7.984304904937744
2001-07-18,9.375,7.858567714691162
2001-07-19,9.510000228881836,7.971728324890137
2001-07-20,9.970000267028809,8.357324600219727
2001-07-23,10.024999618530273,8.403427124023438
2001-07-24,9.979999542236328,8.36570930480957
2001-07-25,10.369999885559082,8.692625999450684
2001-07-26,10.670000076293945,8.944098472595215
2001-07-27,10.6899995803833,8.960862159729004
2001-07-30,10.765000343322754,9.023727416992188
2001-07-31,10.725000381469727,8.990200996398926
2001-08-01,10.729999542236328,8.994391441345215
2001-08-02,10.734999656677246,8.998584747314453
2001-08-03,10.725000381469727,8.990200996398926
2001-08-06,10.71500015258789,8.981817245483398
2001-08-07,10.75,9.01115608215332
2001-08-08,10.550000190734863,8.843510627746582
2001-08-09,10.494999885559082,8.797402381896973
2001-08-10,10.194999694824219,8.545931816101074
2001-08-13,9.970000267028809,8.357324600219727
2001-08-14,10.024999618530273,8.403427124023438
2001-08-15,10.324999809265137,8.654903411865234
2001-08-16,10.350000381469727,8.675859451293945
2001-08-17,10.125,8.487252235412598
2001-08-20,10.199999809265137,8.550125122070312
2001-08-21,10.225000381469727,8.57108211517334
2001-08-22,10.279999732971191,8.617180824279785
2001-08-23,10.210000038146973,8.558504104614258
2001-08-24,10.09000015258789,8.457918167114258
2001-08-27,9.925000190734863,8.31960391998291
2001-08-28,9.859999656677246,8.265119552612305
2001-08-29,9.899999618530273,8.2986478805542
2001-08-30,9.600000381469727,8.04716968536377
2001-08-31,9.600000381469727,8.04716968536377
2001-09-04,9.829999923706055,8.239969253540039
2001-09-05,9.819999694824219,8.231586456298828
2001-09-06,9.65999984741211,8.097466468811035
2001-09-07,9.654999732971191,8.093276977539062
2001-09-10,9.725000381469727,8.151949882507324
2001-09-17,9.675000190734863,8.110045433044434
2001-09-18,9.505000114440918,7.9675397872924805
2001-09-19,9.010000228881836,7.552606582641602
2001-09-20,8.725000381469727,7.313706398010254
2001-09-21,8.800000190734863,7.376575469970703
2001-09-24,8.199999809265137,6.8736252784729
2001-09-25,7.675000190734863,6.433547019958496
2001-09-26,7.394999980926514,6.198836326599121
2001-09-27,7.5,6.286853790283203
2001-09-28,7.965000152587891,6.676639080047607
2001-10-01,7.940000057220459,6.655683994293213
2001-10-02,7.800000190734863,6.538328647613525
2001-10-03,8.300000190734863,6.95745325088501
2001-10-04,8.850000381469727,7.418488025665283
2001-10-05,8.800000190734863,7.376575469970703
2001-10-08,8.96500015258789,7.514885902404785
2001-10-09,9.220000267028809,7.728638648986816
2001-10-10,9.25,7.753788948059082
2001-10-11,9.404999732971191,7.88371467590332
2001-10-12,9.25,7.753788948059082
2001-10-15,9.489999771118164,7.9549689292907715
2001-10-16,9.864999771118164,8.269309997558594
2001-10-17,9.425000190734863,7.900479793548584
2001-10-18,9.494999885559082,7.959161758422852
2001-10-19,9.864999771118164,8.269309997558594
2001-10-22,9.59000015258789,8.03879165649414
2001-10-23,9.505000114440918,7.9675397872924805
2001-10-24,9.600000381469727,8.04716968536377
2001-10-25,10.274999618530273,8.612993240356445
2001-10-26,10.114999771118164,8.47886848449707
2001-10-29,10.449999809265137,8.75968074798584
2001-10-30,10.045000076293945,8.420196533203125
2001-10-31,10.234999656677246,8.579456329345703
2001-11-01,10.430000305175781,8.742918968200684
2001-11-02,9.899999618530273,8.2986478805542
2001-11-05,9.470000267028809,7.938197612762451
2001-11-06,9.449999809265137,7.921438217163086
2001-11-07,9.470000267028809,7.959252834320068
2001-11-08,9.550000190734863,8.026496887207031
2001-11-09,9.755000114440918,8.1987943649292
2001-11-12,9.604999542236328,8.072718620300293
2001-11-13,9.5,7.984475612640381
2001-11-14,9.489999771118164,7.9760661125183105
2001-11-15,8.550000190734863,7.186023712158203
2001-11-16,9.085000038146973,7.635674953460693
2001-11-19,8.9350004196167,7.509608268737793
2001-11-20,8.734999656677246,7.3415117263793945
2001-11-21,9.079999923706055,7.631474018096924
2001-11-23,9.234999656677246,7.761749267578125
2001-11-26,9.204999923706055,7.73653507232666
2001-11-27,9.210000038146973,7.740737438201904
2001-11-28,8.850000381469727,7.438165187835693
2001-11-29,9.454999923706055,7.946648597717285
2001-11-30,9.574999809265137,8.047505378723145
2001-12-03,9.380000114440918,7.883615016937256
2001-12-04,9.444999694824219,7.938246726989746
2001-12-05,9.765000343322754,8.207198143005371
2001-12-06,9.529999732971191,8.009688377380371
2001-12-07,9.994999885559082,8.400506973266602
2001-12-10,9.449999809265137,7.942450523376465
2001-12-11,9.380000114440918,7.883615016937256
2001-12-12,9.479999542236328,7.967659950256348
2001-12-13,9.350000381469727,7.858399868011475
2001-12-14,9.524999618530273,8.005480766296387
2001-12-17,9.619999885559082,8.085322380065918
2001-12-18,9.649999618530273,8.110543251037598
2001-12-19,9.9399995803833,8.354279518127441
2001-12-20,10.029999732971191,8.429919242858887
2001-12-21,10.149999618530273,8.530776023864746
2001-12-24,10.125,8.509766578674316
2001-12-26,10.399999618530273,8.740894317626953
2001-12-27,10.399999618530273,8.740894317626953
2001-12-28,10.930000305175781,9.1863431930542
2001-12-31,10.595000267028809,8.904788970947266
2002-01-02,10.739999771118164,9.026654243469238
2002-01-03,10.529999732971191,8.8501558303833
2002-01-04,10.449999809265137,8.782918930053711
2002-01-07,10.319999694824219,8.67365837097168
2002-01-08,10.5600004196167,8.875373840332031
2002-01-09,10.074999809265137,8.467740058898926
2002-01-10,10.140000343322754,8.522372245788574
2002-01-11,9.725000381469727,8.173578262329102
2002-01-14,9.8149995803833,8.249217987060547
2002-01-15,10.319999694824219,8.67365837097168
2002-01-16,10.045000076293945,8.44253158569336
2002-01-17,10.029999732971191,8.429919242858887
2002-01-18,9.854999542236328,8.282841682434082
2002-01-22,9.930000305175781,8.345874786376953
2002-01-23,10.375,8.719878196716309
2002-01-24,10.229999542236328,8.598012924194336
2002-01-25,10.274999618530273,8.635841369628906
2002-01-28,10.079999923706055,8.471943855285645
2002-01-29,9.989999771118164,8.396302223205566
2002-01-30,10.220000267028809,8.589611053466797
2002-01-31,10.324999809265137,8.677861213684082
2002-02-01,10.199999809265137,8.57280158996582
2002-02-04,10.055000305175781,8.45093059539795
2002-02-05,10.199999809265137,8.57280158996582
2002-02-06,10.234999656677246,8.602213859558105
2002-02-07,9.970000267028809,8.37949275970459
2002-02-08,10.020000457763672,8.421518325805664
2002-02-11,10.114999771118164,8.501360893249512
2002-02-12,10.25,8.614826202392578
2002-02-13,10.220000267028809,8.589611053466797
2002-02-14,10.109999656677246,8.497159004211426
2002-02-15,10.125,8.509766578674316
2002-02-19,10.175000190734863,8.551787376403809
2002-02-20,10.244999885559082,8.610617637634277
2002-02-21,10.175000190734863,8.551787376403809
2002-02-22,10.449999809265137,8.782918930053711
2002-02-25,10.664999961853027,8.963622093200684
2002-02-26,10.720000267028809,9.009848594665527
2002-02-27,10.885000228881836,9.148524284362793
2002-02-28,10.850000381469727,9.119108200073242
2002-03-01,10.899999618530273,9.161126136779785
2002-03-04,11.364999771118164,9.551952362060547
2002-03-05,11.574999809265137,9.728449821472168
2002-03-06,10.244999885559082,8.610617637634277
2002-03-07,10.0,8.404705047607422
2002-03-08,9.914999961853027,8.333266258239746
2002-03-11,9.9350004196167,8.350075721740723
2002-03-12,9.96500015258789,8.375289916992188
2002-03-13,10.255000114440918,8.61902904510498
2002-03-14,10.300000190734863,8.656848907470703
2002-03-15,10.380000114440918,8.724085807800293
2002-03-18,10.494999885559082,8.820734977722168
2002-03-19,10.420000076293945,8.757704734802246
2002-03-20,10.494999885559082,8.820734977722168
2002-03-21,10.645000457763672,8.946812629699707
2002-03-22,10.470000267028809,8.799728393554688
2002-03-25,10.604999542236328,8.913195610046387
2002-03-26,10.6899995803833,8.984628677368164
2002-03-27,10.760000228881836,9.043463706970215
2002-03-28,10.854999542236328,9.123311996459961
2002-04-01,10.614999771118164,8.921598434448242
2002-04-02,10.904999732971191,9.165332794189453
2002-04-03,10.795000076293945,9.072881698608398
2002-04-04,10.729999542236328,9.018248558044434
2002-04-05,10.75,9.03505802154541
2002-04-08,11.0,9.245176315307617
2002-04-09,10.880000114440918,9.14432144165039
2002-04-10,11.045000076293945,9.28299617767334
2002-04-11,10.864999771118164,9.131715774536133
2002-04-12,10.765000343322754,9.047662734985352
2002-04-15,11.194999694824219,9.409069061279297
2002-04-16,11.074999809265137,9.308211326599121
2002-04-17,11.5,9.66541576385498
2002-04-18,11.699999809265137,9.83350658416748
2002-04-19,11.600000381469727,9.749459266662598
2002-04-22,11.680000305175781,9.81669807434082
2002-04-23,11.875,9.980589866638184
2002-04-24,11.989999771118164,10.077247619628906
2002-04-25,12.100000381469727,10.169698715209961
2002-04-26,11.725000381469727,9.854522705078125
2002-04-29,12.119999885559082,10.186502456665039
2002-04-30,12.095000267028809,10.165491104125977
2002-05-01,12.145000457763672,10.207517623901367
2002-05-02,12.25,10.295764923095703
2002-05-03,12.475000381469727,10.484870910644531
2002-05-06,12.0,10.085651397705078
2002-05-07,11.975000381469727,10.064638137817383
2002-05-08,12.0600004196167,10.157283782958984
2002-05-09,12.0,10.106748580932617
2002-05-10,12.225000381469727,10.296252250671387
2002-05-13,12.354999542236328,10.405736923217773
2002-05-14,12.425000190734863,10.464696884155273
2002-05-15,12.28499984741211,10.346782684326172
2002-05-16,12.260000228881836,10.325727462768555
2002-05-17,12.3149995803833,10.372051239013672
2002-05-20,12.039999961853027,10.140436172485352
2002-05-21,12.114999771118164,10.203604698181152
2002-05-22,12.03499984741211,10.136224746704102
2002-05-23,12.079999923706055,10.174128532409668
2002-05-24,11.854999542236328,9.984622955322266
2002-05-28,11.850000381469727,9.980411529541016
2002-05-29,11.635000228881836,9.799336433410645
2002-05-30,11.75,9.896194458007812
2002-05-31,11.579999923706055,9.753016471862793
2002-06-03,11.279999732971191,9.50034236907959
2002-06-04,11.46500015258789,9.65615463256836
2002-06-05,11.34000015258789,9.550878524780273
2002-06-06,10.944999694824219,9.218198776245117
2002-06-07,11.420000076293945,9.61825942993164
2002-06-10,11.09000015258789,9.340319633483887
2002-06-11,11.085000038146973,9.336101531982422
2002-06-12,11.194999694824219,9.428752899169922
2002-06-13,11.095000267028809,9.344528198242188
2002-06-14,11.350000381469727,9.559301376342773
2002-06-17,11.805000305175781,9.942511558532715
2002-06-18,11.859999656677246,9.988835334777832
2002-06-19,11.640000343322754,9.803547859191895
2002-06-20,11.649999618530273,9.811972618103027
2002-06-21,11.78499984741211,9.925671577453613
2002-06-24,11.9399995803833,10.05621337890625
2002-06-25,11.725000381469727,9.87513542175293
2002-06-26,11.84000015258789,9.971991539001465
2002-06-27,12.024999618530273,10.127801895141602
2002-06-28,12.029999732971191,10.132013320922852
2002-07-01,11.824999809265137,9.959357261657715
2002-07-02,11.489999771118164,9.677209854125977
2002-07-03,11.625,9.790914535522461
2002-07-05,11.994999885559082,10.10253620147705
2002-07-08,11.345000267028809,9.555087089538574
2002-07-09,11.725000381469727,9.87513542175293
2002-07-10,11.484999656677246,9.672999382019043
2002-07-11,11.28499984741211,9.504552841186523
2002-07-12,11.09000015258789,9.340319633483887
2002-07-15,11.220000267028809,9.449809074401855
2002-07-16,10.800000190734863,9.09607219696045
2002-07-17,11.149999618530273,9.390851974487305
2002-07-18,10.994999885559082,9.260308265686035
2002-07-19,10.375,8.738125801086426
2002-07-22,10.21500015258789,8.60336971282959
2002-07-23,9.899999618530273,8.338066101074219
2002-07-24,10.449999809265137,8.801295280456543
2002-07-25,10.0,8.422292709350586
2002-07-26,10.545000076293945,8.881306648254395
2002-07-29,10.859999656677246,9.146604537963867
2002-07-30,10.744999885559082,9.049753189086914
2002-07-31,10.295000076293945,8.670746803283691
2002-08-01,10.375,8.738125801086426
2002-08-02,9.949999809265137,8.380181312561035
2002-08-05,10.039999961853027,8.45598316192627
2002-08-06,10.645000457763672,8.965529441833496
2002-08-07,10.430000305175781,8.784452438354492
2002-08-08,10.71500015258789,9.024483680725098
2002-08-09,10.890000343322754,9.171878814697266
2002-08-12,11.204999923706055,9.437176704406738
2002-08-13,10.949999809265137,9.222408294677734
2002-08-14,11.494999885559082,9.681421279907227
2002-08-15,11.949999809265137,10.064637184143066
2002-08-16,12.074999809265137,10.169916152954102
2002-08-19,12.1899995803833,10.26677131652832
2002-08-20,11.680000305175781,9.837236404418945
2002-08-21,12.0600004196167,10.157283782958984
2002-08-22,12.199999809265137,10.275195121765137
2002-08-23,12.130000114440918,10.216239929199219
2002-08-26,12.09000015258789,10.182549476623535
2002-08-27,12.234999656677246,10.304667472839355
2002-08-28,11.864999771118164,9.993047714233398
2002-08-29,11.970000267028809,10.081480979919434
2002-08-30,11.890000343322754,10.014106750488281
2002-09-03,11.75,9.896194458007812
2002-09-04,11.800000190734863,9.938300132751465
2002-09-05,11.654999732971191,9.816180229187012
2002-09-06,12.029999732971191,10.132013320922852
2002-09-09,11.875,10.001469612121582
2002-09-10,11.835000038146973,9.96778392791748
2002-09-11,11.864999771118164,9.993047714233398
2002-09-12,11.635000228881836,9.799336433410645
2002-09-13,11.75,9.896194458007812
2002-09-16,11.619999885559082,9.786700248718262
2002-09-17,11.574999809265137,9.748802185058594
2002-09-18,11.949999809265137,10.064637184143066
2002-09-19,11.765000343322754,9.908825874328613
2002-09-20,11.675000190734863,9.833022117614746
2002-09-23,11.649999618530273,9.811972618103027
2002-09-24,11.345000267028809,9.555087089538574
2002-09-25,11.734999656677246,9.883557319641113
2002-09-26,12.0,10.106748580932617
2002-09-27,11.845000267028809,9.976204872131348
2002-09-30,11.949999809265137,10.064637184143066
2002-10-01,12.234999656677246,10.304667472839355
2002-10-02,12.25,10.317303657531738
2002-10-03,12.375,10.422588348388672
2002-10-04,12.149999618530273,10.233080863952637
2002-10-07,11.845000267028809,9.976204872131348
2002-10-08,11.845000267028809,9.976204872131348
2002-10-09,12.024999618530273,10.127801895141602
2002-10-10,11.800000190734863,9.938300132751465
2002-10-11,11.854999542236328,9.984622955322266
2002-10-14,12.3100004196167,10.367843627929688
2002-10-15,12.444999694824219,10.48154067993164
2002-10-16,12.145000457763672,10.228872299194336
2002-10-17,13.140000343322754,11.066892623901367
2002-10-18,12.699999809265137,10.696307182312012
2002-10-21,12.609999656677246,10.620508193969727
2002-10-22,12.220000267028809,10.29203987121582
2002-10-23,12.75,10.738422393798828
2002-10-24,12.645000457763672,10.64998722076416
2002-10-25,12.319999694824219,10.376262664794922
2002-10-28,12.295000076293945,10.355206489562988
2002-10-29,12.164999961853027,10.245713233947754
2002-10-30,12.675000190734863,10.675253868103027
2002-10-31,12.670000076293945,10.671042442321777
2002-11-01,12.75,10.738422393798828
2002-11-04,12.510000228881836,10.536285400390625
2002-11-05,12.460000038146973,10.49417495727539
2002-11-06,12.710000038146973,10.7262544631958
2002-11-07,12.395000457763672,10.460420608520508
2002-11-08,12.649999618530273,10.675616264343262
2002-11-11,12.664999961853027,10.688274383544922
2002-11-12,12.675000190734863,10.696714401245117
2002-11-13,12.4350004196167,10.494173049926758
2002-11-14,12.614999771118164,10.64608097076416
2002-11-15,12.539999961853027,10.582784652709961
2002-11-18,12.550000190734863,10.59122371673584
2002-11-19,12.5,10.549029350280762
2002-11-20,12.800000190734863,10.802203178405762
2002-11-21,12.9399995803833,10.920354843139648
2002-11-22,13.005000114440918,10.975208282470703
2002-11-25,12.875,10.865499496459961
2002-11-26,12.699999809265137,10.717812538146973
2002-11-27,12.75,10.760008811950684
2002-11-29,12.645000457763672,10.671399116516113
2002-12-02,13.095000267028809,11.051161766052246
2002-12-03,13.104999542236328,11.059600830078125
2002-12-04,13.024999618530273,10.992086410522461
2002-12-05,12.960000038146973,10.937235832214355
2002-12-06,13.0,10.970989227294922
2002-12-09,13.28499984741211,11.211507797241211
2002-12-10,13.449999809265137,11.350754737854004
2002-12-11,13.274999618530273,11.203069686889648
2002-12-12,13.449999809265137,11.350754737854004
2002-12-13,13.5,11.392951965332031
2002-12-16,13.234999656677246,11.1693115234375
2002-12-17,12.699999809265137,10.717812538146973
2002-12-18,12.470000267028809,10.523711204528809
2002-12-19,12.199999809265137,10.295851707458496
2002-12-20,12.430000305175781,10.48995304107666
2002-12-23,12.854999542236328,10.848621368408203
2002-12-24,12.739999771118164,10.751566886901855
2002-12-26,12.579999923706055,10.616541862487793
2002-12-27,12.425000190734863,10.485734939575195
2002-12-30,12.5,10.549029350280762
2002-12-31,12.5,10.549029350280762
2003-01-02,12.824999809265137,10.823305130004883
2003-01-03,12.824999809265137,10.823305130004883
2003-01-06,12.760000228881836,10.76844596862793
2003-01-07,12.725000381469727,10.738910675048828
2003-01-08,12.399999618530273,10.46463680267334
2003-01-09,12.75,10.760008811950684
2003-01-10,12.579999923706055,10.616541862487793
2003-01-13,12.0,10.127069473266602
2003-01-14,12.125,10.232556343078613
2003-01-15,12.289999961853027,10.371801376342773
2003-01-16,12.550000190734863,10.59122371673584
2003-01-17,12.425000190734863,10.485734939575195
2003-01-21,12.085000038146973,10.19880199432373
2003-01-22,12.09000015258789,10.203018188476562
2003-01-23,12.649999618530273,10.675616264343262
2003-01-24,12.460000038146973,10.515273094177246
2003-01-27,11.914999961853027,10.055335998535156
2003-01-28,12.274999618530273,10.359145164489746
2003-01-29,12.390000343322754,10.456196784973145
2003-01-30,12.229999542236328,10.321166038513184
2003-01-31,12.359999656677246,10.430876731872559
2003-02-03,12.399999618530273,10.46463680267334
2003-02-04,12.680000305175781,10.70093059539795
2003-02-05,12.680000305175781,10.70093059539795
2003-02-06,12.699999809265137,10.717812538146973
2003-02-07,12.75,10.760008811950684
2003-02-10,12.8100004196167,10.810643196105957
2003-02-11,12.8100004196167,10.810643196105957
2003-02-12,12.75,10.760008811950684
2003-02-13,12.774999618530273,10.781106948852539
2003-02-14,12.789999961853027,10.793766021728516
2003-02-18,12.725000381469727,10.738910675048828
2003-02-19,12.675000190734863,10.696714401245117
2003-02-20,12.859999656677246,10.852837562561035
2003-02-21,13.0,10.970989227294922
2003-02-24,13.390000343322754,11.300122261047363
2003-02-25,13.25,11.181971549987793
2003-02-26,13.175000190734863,11.118674278259277
2003-02-27,13.359999656677246,11.274800300598145
2003-02-28,13.335000038146973,11.253704071044922
2003-03-03,13.385000228881836,11.2958984375
2003-03-04,13.199999809265137,11.13977336883545
2003-03-05,13.09000015258789,11.046941757202148
2003-03-06,13.199999809265137,11.13977336883545
2003-03-07,13.449999809265137,11.350754737854004
2003-03-10,13.375,11.28746223449707
2003-03-11,13.149999618530273,11.097578048706055
2003-03-12,12.975000381469727,10.94989013671875
2003-03-13,12.9350004196167,10.91613483428955
2003-03-14,12.994999885559082,10.966771125793457
2003-03-17,12.800000190734863,10.802203178405762
2003-03-18,12.774999618530273,10.781106948852539
2003-03-19,12.619999885559082,10.650300025939941
2003-03-20,12.625,10.65451717376709
2003-03-21,12.489999771118164,10.540587425231934
2003-03-24,12.364999771118164,10.435098648071289
2003-03-25,12.449999809265137,10.50683307647705
2003-03-26,12.170000076293945,10.270535469055176
2003-03-27,12.494999885559082,10.544804573059082
2003-03-28,12.645000457763672,10.671399116516113
2003-03-31,12.524999618530273,10.57012939453125
2003-04-01,12.944999694824219,10.924574851989746
2003-04-02,12.819999694824219,10.819084167480469
2003-04-03,12.725000381469727,10.738910675048828
2003-04-04,12.59000015258789,10.624985694885254
2003-04-07,12.710000038146973,10.7262544631958
2003-04-08,12.444999694824219,10.502613067626953
2003-04-09,12.444999694824219,10.502613067626953
2003-04-10,12.53499984741211,10.578564643859863
2003-04-11,12.53499984741211,10.578564643859863
2003-04-14,12.795000076293945,10.797985076904297
2003-04-15,12.829999923706055,10.827522277832031
2003-04-16,12.880000114440918,10.869718551635742
2003-04-17,12.975000381469727,10.94989013671875
2003-04-21,13.010000228881836,10.979430198669434
2003-04-22,13.225000381469727,11.16087532043457
2003-04-23,13.039999961853027,11.004749298095703
2003-04-24,12.949999809265137,10.928791999816895
2003-04-25,12.90999984741211,10.895038604736328
2003-04-28,12.954999923706055,10.933013916015625
2003-04-29,12.645000457763672,10.671399116516113
2003-04-30,12.8100004196167,10.810643196105957
2003-05-01,13.015000343322754,10.983650207519531
2003-05-02,13.364999771118164,11.279022216796875
2003-05-05,13.375,11.28746223449707
2003-05-06,13.494999885559082,11.3887300491333
2003-05-07,13.585000038146973,11.485965728759766
2003-05-08,13.524999618530273,11.435230255126953
2003-05-09,13.354999542236328,11.291500091552734
2003-05-12,13.289999961853027,11.236542701721191
2003-05-13,13.364999771118164,11.299955368041992
2003-05-14,13.335000038146973,11.274590492248535
2003-05-15,13.375,11.308411598205566
2003-05-16,12.875,10.885664939880371
2003-05-19,13.074999809265137,11.054763793945312
2003-05-20,12.899999618530273,10.906803131103516
2003-05-21,13.475000381469727,11.392960548400879
2003-05-22,13.425000190734863,11.350683212280273
2003-05-23,13.414999961853027,11.3422269821167
2003-05-27,13.835000038146973,11.697334289550781
2003-05-28,13.949999809265137,11.79456615447998
2003-05-29,13.9350004196167,11.781882286071777
2003-05-30,14.0,11.836838722229004
2003-06-02,14.0,11.836838722229004
2003-06-03,14.0,11.836838722229004
2003-06-04,14.024999618530273,11.8579740524292
2003-06-05,14.085000038146973,11.908706665039062
2003-06-06,14.194999694824219,12.001710891723633
2003-06-09,13.9399995803833,11.786108016967773
2003-06-10,14.274999618530273,12.069351196289062
2003-06-11,14.845000267028809,12.55128002166748
2003-06-12,14.494999885559082,12.25535774230957
2003-06-13,14.109999656677246,11.929841995239258
2003-06-16,14.175000190734863,11.98480224609375
2003-06-17,13.649999618530273,11.540918350219727
2003-06-18,13.78499984741211,11.655060768127441
2003-06-19,13.524999618530273,11.435230255126953
2003-06-20,13.550000190734863,11.456369400024414
2003-06-23,13.454999923706055,11.376049041748047
2003-06-24,13.524999618530273,11.435230255126953
2003-06-25,13.600000381469727,11.498645782470703
2003-06-26,13.399999618530273,11.329549789428711
2003-06-27,13.390000343322754,11.321094512939453
2003-06-30,13.649999618530273,11.540918350219727
2003-07-01,13.539999961853027,11.447914123535156
2003-07-02,13.625,11.519783020019531
2003-07-03,13.71500015258789,11.59587574005127
2003-07-07,13.529999732971191,11.439458847045898
2003-07-08,13.649999618530273,11.540918350219727
2003-07-09,13.489999771118164,11.4056396484375
2003-07-10,13.295000076293945,11.240771293640137
2003-07-11,13.454999923706055,11.376049041748047
2003-07-14,13.274999618530273,11.223861694335938
2003-07-15,13.364999771118164,11.299955368041992
2003-07-16,13.255000114440918,11.206952095031738
2003-07-17,13.0,10.991351127624512
2003-07-18,13.300000190734863,11.244998931884766
2003-07-21,13.104999542236328,11.080126762390137
2003-07-22,13.25,11.20272445678711
2003-07-23,13.140000343322754,11.109723091125488
2003-07-24,12.975000381469727,10.970212936401367
2003-07-25,13.024999618530273,11.012487411499023
2003-07-28,13.0,10.991351127624512
2003-07-29,12.649999618530273,10.695429801940918
2003-07-30,12.635000228881836,10.682748794555664
2003-07-31,12.920000076293945,10.923713684082031
2003-08-01,12.460000038146973,10.534789085388184
2003-08-04,12.25,10.357233047485352
2003-08-05,12.460000038146973,10.534789085388184
2003-08-06,12.574999809265137,10.632020950317383
2003-08-07,12.635000228881836,10.682748794555664
2003-08-08,12.84000015258789,10.85607624053955
2003-08-11,13.255000114440918,11.206952095031738
2003-08-12,13.479999542236328,11.397184371948242
2003-08-13,13.5,11.41409683227539
2003-08-14,13.619999885559082,11.515554428100586
2003-08-15,13.475000381469727,11.392960548400879
2003-08-18,13.875,11.731154441833496
2003-08-19,14.0,11.836838722229004
2003-08-20,13.920000076293945,11.769200325012207
2003-08-21,13.984999656677246,11.824159622192383
2003-08-22,13.734999656677246,11.61278247833252
2003-08-25,13.654999732971191,11.545146942138672
2003-08-26,13.734999656677246,11.61278247833252
2003-08-27,13.829999923706055,11.69310474395752
2003-08-28,14.425000190734863,12.196172714233398
2003-08-29,14.149999618530273,11.963662147521973
2003-09-02,14.175000190734863,11.98480224609375
2003-09-03,14.045000076293945,11.874886512756348
2003-09-04,13.819999694824219,11.684648513793945
2003-09-05,13.529999732971191,11.439458847045898
2003-09-08,13.739999771118164,11.617013931274414
2003-09-09,13.524999618530273,11.435230255126953
2003-09-10,13.5,11.41409683227539
2003-09-11,13.5,11.41409683227539
2003-09-12,13.324999809265137,11.266134262084961
2003-09-15,13.175000190734863,11.139309883117676
2003-09-16,13.199999809265137,11.16044807434082
2003-09-17,13.074999809265137,11.054763793945312
2003-09-18,12.96500015258789,10.961759567260742
2003-09-19,13.0,10.991351127624512
2003-09-22,12.9399995803833,10.940622329711914
2003-09-23,13.020000457763672,11.008257865905762
2003-09-24,13.125,11.097036361694336
2003-09-25,12.675000190734863,10.716567039489746
2003-09-26,12.505000114440918,10.572834014892578
2003-09-29,12.699999809265137,10.737704277038574
2003-09-30,12.65999984741211,10.703886985778809
2003-10-01,13.154999732971191,11.122403144836426
2003-10-02,13.385000228881836,11.316863059997559
2003-10-03,13.425000190734863,11.350683212280273
2003-10-06,13.8100004196167,11.676196098327637
2003-10-07,13.635000228881836,11.52823543548584
2003-10-08,13.225000381469727,11.181589126586914
2003-10-09,13.125,11.097036361694336
2003-10-10,13.350000381469727,11.287273406982422
2003-10-13,13.425000190734863,11.350683212280273
2003-10-14,13.449999809265137,11.371821403503418
2003-10-15,13.449999809265137,11.371821403503418
2003-10-16,13.449999809265137,11.371821403503418
2003-10-17,13.170000076293945,11.135087966918945
2003-10-20,13.255000114440918,11.206952095031738
2003-10-21,13.475000381469727,11.392960548400879
2003-10-22,13.390000343322754,11.321094512939453
2003-10-23,13.274999618530273,11.223861694335938
2003-10-24,13.0,10.991351127624512
2003-10-27,12.859999656677246,10.872980117797852
2003-10-28,13.175000190734863,11.139309883117676
2003-10-29,13.0,10.991351127624512
2003-10-30,12.890000343322754,10.89834976196289
2003-10-31,13.050000190734863,11.033626556396484
2003-11-03,13.244999885559082,11.198493003845215
2003-11-04,12.899999618530273,10.906803131103516
2003-11-05,12.930000305175781,10.953393936157227
2003-11-06,12.640000343322754,10.70772647857666
2003-11-07,12.944999694824219,10.96610164642334
2003-11-10,12.800000190734863,10.843269348144531
2003-11-11,12.824999809265137,10.864442825317383
2003-11-12,13.015000343322754,11.025403022766113
2003-11-13,13.0,11.012693405151367
2003-11-14,12.925000190734863,10.949163436889648
2003-11-17,12.800000190734863,10.843269348144531
2003-11-18,12.569999694824219,10.648428916931152
2003-11-19,12.449999809265137,10.546773910522461
2003-11-20,12.350000381469727,10.462060928344727
2003-11-21,12.324999809265137,10.440881729125977
2003-11-24,12.425000190734863,10.525596618652344
2003-11-25,12.699999809265137,10.758557319641113
2003-11-26,12.694999694824219,10.75432014465332
2003-11-28,12.850000381469727,10.885623931884766
2003-12-01,12.899999618530273,10.927979469299316
2003-12-02,12.979999542236328,10.995752334594727
2003-12-03,13.0,11.012693405151367
2003-12-04,13.449999809265137,11.393905639648438
2003-12-05,13.255000114440918,11.228713989257812
2003-12-08,13.515000343322754,11.448967933654785
2003-12-09,13.3149995803833,11.279540061950684
2003-12-10,13.210000038146973,11.19058609008789
2003-12-11,13.305000305175781,11.27106761932373
2003-12-12,13.375,11.33036994934082
2003-12-15,13.234999656677246,11.211771965026855
2003-12-16,13.619999885559082,11.537914276123047
2003-12-17,13.675000190734863,11.584507942199707
2003-12-18,14.1850004196167,12.016542434692383
2003-12-19,14.375,12.177499771118164
2003-12-22,14.199999809265137,12.029252052307129
2003-12-23,14.175000190734863,12.008070945739746
2003-12-24,14.1850004196167,12.016542434692383
2003-12-26,14.274999618530273,12.09278392791748
2003-12-29,14.524999618530273,12.304566383361816
2003-12-30,14.524999618530273,12.304566383361816
2003-12-31,14.25,12.071606636047363
2004-01-02,14.515000343322754,12.296093940734863
2004-01-05,14.625,12.3892822265625
2004-01-06,14.574999809265137,12.346922874450684
2004-01-07,14.524999618530273,12.304566383361816
2004-01-08,14.414999961853027,12.211382865905762
2004-01-09,14.520000457763672,12.300331115722656
2004-01-12,14.904999732971191,12.626476287841797
2004-01-13,14.850000381469727,12.579883575439453
2004-01-14,14.994999885559082,12.702717781066895
2004-01-15,15.079999923706055,12.774725914001465
2004-01-16,14.994999885559082,12.702717781066895
2004-01-20,15.220000267028809,12.89332389831543
2004-01-21,15.1899995803833,12.867910385131836
2004-01-22,15.0,12.706952095031738
2004-01-23,15.1899995803833,12.867910385131836
2004-01-26,15.175000190734863,12.85520076751709
2004-01-27,15.045000076293945,12.745077133178711
2004-01-28,14.864999771118164,12.592591285705566
2004-01-29,14.635000228881836,12.397750854492188
2004-01-30,14.350000381469727,12.156320571899414
2004-02-02,14.350000381469727,12.156320571899414
2004-02-03,14.274999618530273,12.09278392791748
2004-02-04,14.015000343322754,11.872535705566406
2004-02-05,14.085000038146973,11.931829452514648
2004-02-06,14.225000381469727,12.050427436828613
2004-02-09,14.34000015258789,12.147847175598145
2004-02-10,14.800000190734863,12.537528991699219
2004-02-11,14.975000381469727,12.685776710510254
2004-02-12,14.96500015258789,12.677305221557617
2004-02-13,14.725000381469727,12.473994255065918
2004-02-17,15.125,12.812845230102539
2004-02-18,14.819999694824219,12.554468154907227
2004-02-19,14.8149995803833,12.550232887268066
2004-02-20,14.890000343322754,12.613770484924316
2004-02-23,14.899999618530273,12.62224292755127
2004-02-24,15.0,12.706952095031738
2004-02-25,15.194999694824219,12.87214469909668
2004-02-26,15.28499984741211,12.948389053344727
2004-02-27,15.449999809265137,13.088159561157227
2004-03-01,16.135000228881836,13.668447494506836
2004-03-02,16.6200008392334,14.07930850982666
2004-03-03,16.485000610351562,13.964941024780273
2004-03-04,16.579999923706055,14.045424461364746
2004-03-05,16.604999542236328,14.066598892211914
2004-03-08,16.649999618530273,14.104718208312988
2004-03-09,16.7450008392334,14.185199737548828
2004-03-10,16.665000915527344,14.117430686950684
2004-03-11,16.579999923706055,14.045424461364746
2004-03-12,16.920000076293945,14.333444595336914
2004-03-15,16.774999618530273,14.21060848236084
2004-03-16,16.635000228881836,14.092013359069824
2004-03-17,16.985000610351562,14.388505935668945
2004-03-18,17.030000686645508,14.42663288116455
2004-03-19,16.674999237060547,14.125900268554688
2004-03-22,16.520000457763672,13.99459457397461
2004-03-23,16.450000762939453,13.935296058654785
2004-03-24,16.06999969482422,13.613385200500488
2004-03-25,16.1299991607666,13.664209365844727
2004-03-26,16.209999084472656,13.731983184814453
2004-03-29,16.34000015258789,13.842111587524414
2004-03-30,16.5,13.977646827697754
2004-03-31,16.71500015258789,14.159784317016602
2004-04-01,16.565000534057617,14.032712936401367
2004-04-02,16.625,14.083544731140137
2004-04-05,16.875,14.295326232910156
2004-04-06,16.864999771118164,14.286852836608887
2004-04-07,16.950000762939453,14.358858108520508
2004-04-08,16.975000381469727,14.380036354064941
2004-04-12,17.350000381469727,14.697711944580078
2004-04-13,17.239999771118164,14.604528427124023
2004-04-14,17.350000381469727,14.697711944580078
2004-04-15,17.520000457763672,14.84172534942627
2004-04-16,17.80500030517578,15.083154678344727
2004-04-19,17.700000762939453,14.994203567504883
2004-04-20,17.594999313354492,14.905255317687988
2004-04-21,17.700000762939453,14.994203567504883
2004-04-22,17.80500030517578,15.083154678344727
2004-04-23,17.725000381469727,15.015381813049316
2004-04-26,17.850000381469727,15.121274948120117
2004-04-27,18.110000610351562,15.341527938842773
2004-04-28,18.174999237060547,15.396599769592285
2004-04-29,17.8799991607666,15.146686553955078
2004-04-30,18.075000762939453,15.31187915802002
2004-05-03,17.514999389648438,14.837489128112793
2004-05-04,17.600000381469727,14.909496307373047
2004-05-05,17.450000762939453,14.80345344543457
2004-05-06,17.520000457763672,14.862833023071289
2004-05-07,17.274999618530273,14.654989242553711
2004-05-10,16.375,13.891491889953613
2004-05-11,16.415000915527344,13.92542552947998
2004-05-12,16.5,13.997529983520508
2004-05-13,16.274999618530273,13.806658744812012
2004-05-14,16.559999465942383,14.048434257507324
2004-05-17,16.56999969482422,14.056914329528809
2004-05-18,16.5,13.997529983520508
2004-05-19,16.21500015258789,13.755756378173828
2004-05-20,16.40999984741211,13.921183586120605
2004-05-21,16.0,13.573370933532715
2004-05-24,16.549999237060547,14.039947509765625
2004-05-25,17.100000381469727,14.506537437438965
2004-05-26,16.600000381469727,14.082366943359375
2004-05-27,16.424999237060547,13.933902740478516
2004-05-28,16.2549991607666,13.789689064025879
2004-06-01,16.674999237060547,14.145989418029785
2004-06-02,16.655000686645508,14.129027366638184
2004-06-03,16.350000381469727,13.870283126831055
2004-06-04,16.239999771118164,13.776963233947754
2004-06-07,16.950000762939453,14.379281044006348
2004-06-08,16.815000534057617,14.264762878417969
2004-06-09,16.704999923706055,14.1714448928833
2004-06-10,17.125,14.527745246887207
2004-06-14,17.024999618530273,14.442911148071289
2004-06-15,17.4950008392334,14.84162425994873
2004-06-16,17.905000686645508,15.189446449279785
2004-06-17,17.854999542236328,15.147027015686035
2004-06-18,17.649999618530273,14.973128318786621
2004-06-21,17.81999969482422,15.117334365844727
2004-06-22,18.100000381469727,15.354866981506348
2004-06-23,18.075000762939453,15.333661079406738
2004-06-24,18.389999389648438,15.600886344909668
2004-06-25,17.975000381469727,15.248832702636719
2004-06-28,17.7450008392334,15.053712844848633
2004-06-29,17.7549991607666,15.062191009521484
2004-06-30,17.825000762939453,15.121576309204102
2004-07-01,17.75,15.057950019836426
2004-07-02,17.850000381469727,15.14278793334961
2004-07-06,17.885000228881836,15.172476768493652
2004-07-07,17.71500015258789,15.028261184692383
2004-07-08,17.68000030517578,14.99856948852539
2004-07-09,17.920000076293945,15.202165603637695
2004-07-12,17.8700008392334,15.159749031066895
2004-07-13,17.780000686645508,15.083403587341309
2004-07-14,17.860000610351562,15.151262283325195
2004-07-15,17.75,15.057950019836426
2004-07-16,17.985000610351562,15.25731372833252
2004-07-19,17.614999771118164,14.943428993225098
2004-07-20,17.5,14.845869064331055
2004-07-21,16.829999923706055,14.277484893798828
2004-07-22,16.75,14.209611892700195
2004-07-23,16.774999618530273,14.230825424194336
2004-07-26,16.524999618530273,14.01873779296875
2004-07-27,16.774999618530273,14.230825424194336
2004-07-28,16.875,14.315656661987305
2004-07-29,17.114999771118164,14.519261360168457
2004-07-30,17.155000686645508,14.55319595336914
2004-08-02,17.260000228881836,14.642266273498535
2004-08-03,17.510000228881836,14.854351997375488
2004-08-04,16.799999237060547,14.252035140991211
2004-08-05,16.5,13.997529983520508
2004-08-06,16.040000915527344,13.607298851013184
2004-08-09,16.489999771118164,13.989049911499023
2004-08-10,16.385000228881836,13.899975776672363
2004-08-11,16.100000381469727,13.65820026397705
2004-08-12,16.0,13.573370933532715
2004-08-13,16.30500030517578,13.832104682922363
2004-08-16,16.354999542236328,13.874521255493164
2004-08-17,16.030000686645508,13.598814010620117
2004-08-18,16.71500015258789,14.179926872253418
2004-08-19,16.864999771118164,14.307173728942871
2004-08-20,17.149999618530273,14.548951148986816
2004-08-23,16.725000381469727,14.188407897949219
2004-08-24,16.729999542236328,14.19265079498291
2004-08-25,16.670000076293945,14.141742706298828
2004-08-26,16.829999923706055,14.277484893798828
2004-08-27,17.014999389648438,14.434426307678223
2004-08-30,16.989999771118164,14.413222312927246
2004-08-31,17.44499969482422,14.799213409423828
2004-09-01,17.700000762939453,15.015533447265625
2004-09-02,17.8700008392334,15.159749031066895
2004-09-03,17.875,15.163995742797852
2004-09-07,17.889999389648438,15.176714897155762
2004-09-08,18.219999313354492,15.456673622131348
2004-09-09,18.575000762939453,15.75783634185791
2004-09-10,18.510000228881836,15.702682495117188
2004-09-13,18.690000534057617,15.855388641357422
2004-09-14,18.850000381469727,15.991119384765625
2004-09-15,18.424999237060547,15.630578994750977
2004-09-16,18.75,15.906286239624023
2004-09-17,18.815000534057617,15.96142292022705
2004-09-20,19.18000030517578,16.271072387695312
2004-09-21,19.69499969482422,16.70796012878418
2004-09-22,19.344999313354492,16.41104507446289
2004-09-23,19.405000686645508,16.461942672729492
2004-09-24,19.434999465942383,16.48740005493164
2004-09-27,19.2450008392334,16.32621955871582
2004-09-28,19.69499969482422,16.70796012878418
2004-09-29,19.729999542236328,16.73764991760254
2004-09-30,19.905000686645508,16.8861141204834
2004-10-01,20.045000076293945,17.004880905151367
2004-10-04,20.184999465942383,17.123640060424805
2004-10-05,20.344999313354492,17.259382247924805
2004-10-06,20.684999465942383,17.547819137573242
2004-10-07,20.06999969482422,17.026090621948242
2004-10-08,20.075000762939453,17.030336380004883
2004-10-11,20.200000762939453,17.136381149291992
2004-10-12,19.889999389648438,16.873390197753906
2004-10-13,19.1200008392334,16.22017478942871
2004-10-14,19.360000610351562,16.423765182495117
2004-10-15,19.424999237060547,16.478919982910156
2004-10-18,18.739999771118164,15.897802352905273
2004-10-19,18.700000762939453,15.86386775970459
2004-10-20,19.395000457763672,16.453458786010742
2004-10-21,19.989999771118164,16.958223342895508
2004-10-22,19.774999618530273,16.775833129882812
2004-10-25,19.969999313354492,16.94125747680664
2004-10-26,20.100000381469727,17.051546096801758
2004-10-27,19.969999313354492,16.94125747680664
2004-10-28,19.475000381469727,16.521331787109375
2004-10-29,19.71500015258789,16.724929809570312
2004-11-01,19.5,16.54254150390625
2004-11-02,18.96500015258789,16.08868408203125
2004-11-03,19.46500015258789,16.534648895263672
2004-11-04,19.614999771118164,16.66205596923828
2004-11-05,19.405000686645508,16.48367691040039
2004-11-08,19.06999969482422,16.19910430908203
2004-11-09,18.950000762939453,16.097183227539062
2004-11-10,19.489999771118164,16.55588150024414
2004-11-11,19.225000381469727,16.330780029296875
2004-11-12,19.625,16.670557022094727
2004-11-15,19.454999923706055,16.52614974975586
2004-11-16,19.270000457763672,16.369003295898438
2004-11-17,19.4950008392334,16.56012725830078
2004-11-18,19.235000610351562,16.33926773071289
2004-11-19,19.475000381469727,16.543132781982422
2004-11-22,20.100000381469727,17.074045181274414
2004-11-23,20.46500015258789,17.384098052978516
2004-11-24,20.854999542236328,17.71538543701172
2004-11-26,21.155000686645508,17.97022247314453
2004-11-29,21.25,18.05093002319336
2004-11-30,21.4950008392334,18.25904083251953
2004-12-01,20.649999618530273,17.54124641418457
2004-12-02,20.075000762939453,17.052814483642578
2004-12-03,20.424999237060547,17.35011863708496
2004-12-06,20.28499984741211,17.231197357177734
2004-12-07,19.71500015258789,16.747007369995117
2004-12-08,19.7549991607666,16.780986785888672
2004-12-09,19.700000762939453,16.734264373779297
2004-12-10,19.69499969482422,16.73002052307129
2004-12-13,20.084999084472656,17.061307907104492
2004-12-14,20.299999237060547,17.243932723999023
2004-12-15,20.440000534057617,17.36286735534668
2004-12-16,20.100000381469727,17.074045181274414
2004-12-17,20.510000228881836,17.422327041625977
2004-12-20,20.6200008392334,17.515771865844727
2004-12-21,20.885000228881836,17.740873336791992
2004-12-22,20.614999771118164,17.511516571044922
2004-12-23,20.709999084472656,17.59221839904785
2004-12-27,20.424999237060547,17.35011863708496
2004-12-28,20.674999237060547,17.562488555908203
2004-12-29,20.850000381469727,17.711139678955078
2004-12-30,20.7549991607666,17.630441665649414
2004-12-31,20.8700008392334,17.728132247924805
2005-01-03,20.260000228881836,17.209957122802734
2005-01-04,20.0049991607666,16.99334716796875
2005-01-05,19.56999969482422,16.623842239379883
2005-01-06,20.0,16.98910140991211
2005-01-07,19.639999389648438,16.68329429626465
2005-01-10,20.299999237060547,17.243932723999023
2005-01-11,20.46500015258789,17.384098052978516
2005-01-12,21.200000762939453,18.008455276489258
2005-01-13,21.610000610351562,18.35672378540039
2005-01-14,21.475000381469727,18.242040634155273
2005-01-18,21.614999771118164,18.360971450805664
2005-01-19,21.225000381469727,18.02968978881836
2005-01-20,21.31999969482422,18.110382080078125
2005-01-21,21.30500030517578,18.097640991210938
2005-01-24,21.600000381469727,18.348234176635742
2005-01-25,21.510000228881836,18.27178382873535
2005-01-26,21.424999237060547,18.19957160949707
2005-01-27,21.690000534057617,18.4246826171875
2005-01-28,21.2450008392334,18.04666519165039
2005-01-31,21.5049991607666,18.26753807067871
2005-02-01,21.75,18.475650787353516
2005-02-02,22.325000762939453,18.964080810546875
2005-02-03,22.3799991607666,19.010807037353516
2005-02-04,22.59000015258789,19.189191818237305
2005-02-07,23.274999618530273,19.771060943603516
2005-02-08,23.424999237060547,19.898481369018555
2005-02-09,23.524999618530273,19.98343276977539
2005-02-10,24.735000610351562,21.011274337768555
2005-02-11,24.674999237060547,20.960308074951172
2005-02-14,24.674999237060547,20.960308074951172
2005-02-15,24.665000915527344,20.951812744140625
2005-02-16,24.94499969482422,21.189651489257812
2005-02-17,24.40999984741211,20.735200881958008
2005-02-18,24.799999237060547,21.066492080688477
2005-02-22,25.110000610351562,21.329816818237305
2005-02-23,25.075000762939453,21.300081253051758
2005-02-24,25.299999237060547,21.491212844848633
2005-02-25,25.364999771118164,21.54643440246582
2005-02-28,25.440000534057617,21.610136032104492
2005-03-01,25.094999313354492,21.31707763671875
2005-03-02,25.1299991607666,21.3468017578125
2005-03-03,25.975000381469727,22.064594268798828
2005-03-04,26.725000381469727,22.70168685913086
2005-03-07,26.100000381469727,22.170780181884766
2005-03-08,25.989999771118164,22.077341079711914
2005-03-09,25.475000381469727,21.63986587524414
2005-03-10,24.809999465942383,21.074979782104492
2005-03-11,25.420000076293945,21.593154907226562
2005-03-14,25.559999465942383,21.71207618713379
2005-03-15,24.975000381469727,21.215139389038086
2005-03-16,25.145000457763672,21.359546661376953
2005-03-17,26.0,22.08582878112793
2005-03-18,26.34000015258789,22.374643325805664
2005-03-21,25.80500030517578,21.920190811157227
2005-03-22,25.56999969482422,21.720563888549805
2005-03-23,24.709999084472656,20.990034103393555
2005-03-24,24.530000686645508,20.837133407592773
2005-03-28,24.8700008392334,21.125951766967773
2005-03-29,24.579999923706055,20.879608154296875
2005-03-30,24.655000686645508,20.943313598632812
2005-03-31,25.024999618530273,21.257614135742188
2005-04-01,25.68000030517578,21.814006805419922
2005-04-04,26.010000228881836,22.094327926635742
2005-04-05,25.860000610351562,21.966909408569336
2005-04-06,25.860000610351562,21.966909408569336
2005-04-07,25.760000228881836,21.8819637298584
2005-04-08,24.959999084472656,21.202402114868164
2005-04-11,24.790000915527344,21.057994842529297
2005-04-12,24.639999389648438,20.930578231811523
2005-04-13,23.610000610351562,20.055631637573242
2005-04-14,23.200000762939453,19.707365036010742
2005-04-15,22.459999084472656,19.078758239746094
2005-04-18,22.959999084472656,19.503488540649414
2005-04-19,23.239999771118164,19.741331100463867
2005-04-20,22.639999389648438,19.231666564941406
2005-04-21,23.270000457763672,19.766820907592773
2005-04-22,23.350000381469727,19.834781646728516
2005-04-25,23.5,19.96219825744629
2005-04-26,23.09000015258789,19.61391830444336
2005-04-27,22.510000228881836,19.12123680114746
2005-04-28,21.790000915527344,18.509626388549805
2005-04-29,21.700000762939453,18.433176040649414
2005-05-02,22.549999237060547,19.155210494995117
2005-05-03,22.0,18.688011169433594
2005-05-04,22.799999237060547,19.41169548034668
2005-05-05,22.889999389648438,19.488319396972656
2005-05-06,23.030000686645508,19.607511520385742
2005-05-09,23.3799991607666,19.905502319335938
2005-05-10,23.350000381469727,19.879959106445312
2005-05-11,23.739999771118164,20.211999893188477
2005-05-12,22.899999618530273,19.496835708618164
2005-05-13,22.950000762939453,19.539403915405273
2005-05-16,23.65999984741211,20.143892288208008
2005-05-17,24.59000015258789,20.93568229675293
2005-05-18,24.8799991607666,21.182586669921875
2005-05-19,25.110000610351562,21.378406524658203
2005-05-20,25.15999984741211,21.420974731445312
2005-05-23,25.3799991607666,21.608280181884766
2005-05-24,25.81999969482422,21.982892990112305
2005-05-25,25.860000610351562,22.016942977905273
2005-05-26,25.850000381469727,22.008434295654297
2005-05-27,26.18000030517578,22.289392471313477
2005-05-31,26.020000457763672,22.153162002563477
2005-06-01,26.729999542236328,22.757654190063477
2005-06-02,26.639999389648438,22.6810302734375
2005-06-03,26.829999923706055,22.842788696289062
2005-06-06,26.899999618530273,22.90239143371582
2005-06-07,26.40999984741211,22.485210418701172
2005-06-08,26.520000457763672,22.57886505126953
2005-06-09,27.3700008392334,23.30254364013672
2005-06-10,27.3799991607666,23.311054229736328
2005-06-13,28.280000686645508,24.077312469482422
2005-06-14,28.520000457763672,24.28165054321289
2005-06-15,28.780000686645508,24.503000259399414
2005-06-16,29.719999313354492,25.303314208984375
2005-06-17,29.59000015258789,25.192628860473633
2005-06-20,29.639999389648438,25.235200881958008
2005-06-21,28.709999084472656,24.44340705871582
2005-06-22,28.639999389648438,24.38381004333496
2005-06-23,28.6200008392334,24.366785049438477
2005-06-24,28.229999542236328,24.034748077392578
2005-06-27,28.56999969482422,24.3242130279541
2005-06-28,28.420000076293945,24.196502685546875
2005-06-29,28.6200008392334,24.366785049438477
2005-06-30,28.979999542236328,24.67327880859375
2005-07-01,30.0,25.541706085205078
2005-07-05,30.450000762939453,25.924821853637695
2005-07-06,30.309999465942383,25.805625915527344
2005-07-07,31.149999618530273,26.520803451538086
2005-07-08,31.75,27.03163719177246
2005-07-11,31.799999237060547,27.07421112060547
2005-07-12,32.25,27.45733070373535
2005-07-13,31.799999237060547,27.07421112060547
2005-07-14,31.079999923706055,26.46119499206543
2005-07-15,30.5,25.96739387512207
2005-07-18,29.0,24.690311431884766
2005-07-19,29.799999237060547,25.371423721313477
2005-07-20,30.020000457763672,25.558725357055664
2005-07-21,29.43000030517578,25.056406021118164
2005-07-22,31.040000915527344,26.42714500427246
2005-07-25,31.200000762939453,26.563371658325195
2005-07-26,31.399999618530273,26.7336483001709
2005-07-27,31.649999618530273,26.946496963500977
2005-07-28,31.790000915527344,27.065692901611328
2005-07-29,31.600000381469727,26.903934478759766
2005-08-01,32.540000915527344,27.704225540161133
2005-08-02,32.9900016784668,28.087356567382812
2005-08-03,32.560001373291016,27.72125816345215
2005-08-04,32.25,27.45733070373535
2005-08-05,31.799999237060547,27.07421112060547
2005-08-08,32.38999938964844,27.57653045654297
2005-08-09,31.920000076293945,27.176372528076172
2005-08-10,32.29999923706055,27.499895095825195
2005-08-11,32.7400016784668,27.87451171875
2005-08-12,32.869998931884766,27.985191345214844
2005-08-15,32.369998931884766,27.55948829650879
2005-08-16,30.809999465942383,26.231327056884766
2005-08-17,29.940000534057617,25.490619659423828
2005-08-18,30.049999237060547,25.584266662597656
2005-08-19,30.469999313354492,25.94185447692871
2005-08-22,30.799999237060547,26.22281265258789
2005-08-23,31.31999969482422,26.665536880493164
2005-08-24,32.2400016784668,27.44881248474121
2005-08-25,32.400001525878906,27.585041046142578
2005-08-26,31.469999313354492,26.793245315551758
2005-08-29,32.18000030517578,27.39773178100586
2005-08-30,32.88999938964844,28.00221824645996
2005-08-31,34.470001220703125,29.347410202026367
2005-09-01,35.650001525878906,30.35205078125
2005-09-02,34.380001068115234,29.270793914794922
2005-09-06,34.75,29.58578872680664
2005-09-07,34.61000061035156,29.46662139892578
2005-09-08,34.70000076293945,29.543231964111328
2005-09-09,35.43000030517578,30.164751052856445
2005-09-12,34.790000915527344,29.619861602783203
2005-09-13,34.86000061035156,29.6794490814209
2005-09-14,35.279998779296875,30.037044525146484
2005-09-15,34.7599983215332,29.594314575195312
2005-09-16,35.09000015258789,29.875282287597656
2005-09-19,36.11000061035156,30.743701934814453
2005-09-20,35.54999923706055,30.26691436767578
2005-09-21,36.95000076293945,31.4588623046875
2005-09-22,35.97999954223633,30.633018493652344
2005-09-23,35.33000183105469,30.07961654663086
2005-09-26,36.45000076293945,31.033151626586914
2005-09-27,35.939998626708984,30.598953247070312
2005-09-28,36.56999969482422,31.13532257080078
2005-09-29,37.15999984741211,31.637636184692383
2005-09-30,36.599998474121094,31.1608829498291
2005-10-03,37.790000915527344,32.174034118652344
2005-10-04,36.959999084472656,31.467378616333008
2005-10-05,34.70000076293945,29.543231964111328
2005-10-06,32.959999084472656,28.061817169189453
2005-10-07,33.77000045776367,28.751445770263672
2005-10-10,33.650001525878906,28.6492862701416
2005-10-11,34.52000045776367,29.389984130859375
2005-10-12,33.7599983215332,28.74292755126953
2005-10-13,32.58000183105469,27.738298416137695
2005-10-14,33.45000076293945,28.47899627685547
2005-10-17,34.779998779296875,29.611345291137695
2005-10-18,32.599998474121094,27.755313873291016
2005-10-19,34.130001068115234,29.05794334411621
2005-10-20,31.40999984741211,26.742164611816406
2005-10-21,31.649999618530273,26.946496963500977
2005-10-24,32.900001525878906,28.010730743408203
2005-10-25,33.68000030517578,28.674808502197266
2005-10-26,33.29999923706055,28.351289749145508
2005-10-27,32.650001525878906,27.797882080078125
2005-10-28,33.86000061035156,28.828067779541016
2005-10-31,34.0099983215332,28.95577621459961
2005-11-01,34.66999816894531,29.5176944732666
2005-11-02,35.0,29.841693878173828
2005-11-03,35.470001220703125,30.242429733276367
2005-11-04,34.619998931884766,29.5176944732666
2005-11-07,33.849998474121094,28.861183166503906
2005-11-08,33.7599983215332,28.784440994262695
2005-11-09,34.33000183105469,29.270437240600586
2005-11-10,33.11000061035156,28.23023796081543
2005-11-11,33.29999923706055,28.39223861694336
2005-11-14,32.790000915527344,27.95740509033203
2005-11-15,33.459999084472656,28.52865219116211
2005-11-16,34.72999954223633,29.61149024963379
2005-11-17,35.25,30.054845809936523
2005-11-18,35.29999923706055,30.09747886657715
2005-11-21,36.41999816894531,31.052404403686523
2005-11-22,37.11000061035156,31.640731811523438
2005-11-23,36.79999923706055,31.37639808654785
2005-11-25,37.029998779296875,31.57252311706543
2005-11-28,35.119998931884766,29.943992614746094
2005-11-29,35.20000076293945,30.012210845947266
2005-11-30,35.619998931884766,30.37031364440918
2005-12-01,36.849998474121094,31.419025421142578
2005-12-02,37.380001068115234,31.870933532714844
2005-12-05,38.0,32.3995475769043
2005-12-06,38.209999084472656,32.57859802246094
2005-12-07,37.810001373291016,32.237548828125
2005-12-08,39.369998931884766,33.567626953125
2005-12-09,39.33000183105469,33.533546447753906
2005-12-12,40.099998474121094,34.190032958984375
2005-12-13,40.279998779296875,34.34352111816406
2005-12-14,40.189998626708984,34.26677703857422
2005-12-15,39.720001220703125,33.866058349609375
2005-12-16,38.27000045776367,32.6297492980957
2005-12-19,38.06999969482422,32.4592399597168
2005-12-20,38.27000045776367,32.6297492980957
2005-12-21,38.470001220703125,32.800289154052734
2005-12-22,38.380001068115234,32.723533630371094
2005-12-23,38.02000045776367,32.416603088378906
2005-12-27,36.45000076293945,31.077974319458008
2005-12-28,36.900001525878906,31.461666107177734
2005-12-29,36.79999923706055,31.37639808654785
2005-12-30,36.810001373291016,31.384929656982422
2006-01-03,38.560001373291016,32.877010345458984
2006-01-04,39.290000915527344,33.49943161010742
2006-01-05,38.81999969482422,33.09868621826172
2006-01-06,39.849998474121094,33.976890563964844
2006-01-09,39.599998474121094,33.763736724853516
2006-01-10,40.29999923706055,34.360572814941406
2006-01-11,40.06999969482422,34.16447067260742
2006-01-12,40.040000915527344,34.138893127441406
2006-01-13,40.84000015258789,34.82099914550781
2006-01-17,41.790000915527344,35.630977630615234
2006-01-18,41.29999923706055,35.21318435668945
2006-01-19,43.220001220703125,36.850223541259766
2006-01-20,42.220001220703125,35.997596740722656
2006-01-23,42.47999954223633,36.21929168701172
2006-01-24,42.20000076293945,35.980552673339844
2006-01-25,41.130001068115234,35.0682487487793
2006-01-26,41.279998779296875,35.19614028930664
2006-01-27,42.13999938964844,35.92939376831055
2006-01-30,44.22999954223633,37.711360931396484
2006-01-31,43.63999938964844,37.20832061767578
2006-02-01,43.33000183105469,36.94400405883789
2006-02-02,42.060001373291016,35.86118698120117
2006-02-03,41.97999954223633,35.7929801940918
2006-02-06,42.33000183105469,36.09138870239258
2006-02-07,39.79999923706055,33.93425750732422
2006-02-08,39.43000030517578,33.61879348754883
2006-02-09,37.34000015258789,31.836820602416992
2006-02-10,37.2599983215332,31.768611907958984
2006-02-13,36.189998626708984,30.856306076049805
2006-02-14,36.45000076293945,31.077974319458008
2006-02-15,36.040000915527344,30.728408813476562
2006-02-16,37.209999084472656,31.725982666015625
2006-02-17,37.27000045776367,31.777135848999023
2006-02-21,38.119998931884766,32.501853942871094
2006-02-22,37.29999923706055,31.802711486816406
2006-02-23,37.380001068115234,31.870933532714844
2006-02-24,37.34000015258789,31.836820602416992
2006-02-27,38.810001373291016,33.09016799926758
2006-02-28,38.38999938964844,32.73206329345703
2006-03-01,38.58000183105469,32.89406967163086
2006-03-02,39.5,33.67848587036133
2006-03-03,39.72999954223633,33.87458419799805
2006-03-06,38.04999923706055,32.44218826293945
2006-03-07,37.349998474121094,31.84534454345703
2006-03-08,37.2599983215332,31.768611907958984
2006-03-09,36.900001525878906,31.461666107177734
2006-03-10,37.77000045776367,32.20343017578125
2006-03-13,38.560001373291016,32.877010345458984
2006-03-14,39.41999816894531,33.61027908325195
2006-03-15,39.720001220703125,33.866058349609375
2006-03-16,40.459999084472656,34.49699783325195
2006-03-17,40.38999938964844,34.43730163574219
2006-03-20,39.709999084472656,33.8575325012207
2006-03-21,38.54999923706055,32.86848449707031
2006-03-22,39.13999938964844,33.37155532836914
2006-03-23,40.29999923706055,34.360572814941406
2006-03-24,40.900001525878906,34.87213134765625
2006-03-27,40.56999969482422,34.59077453613281
2006-03-28,40.88999938964844,34.863609313964844
2006-03-29,41.880001068115234,35.70771026611328
2006-03-30,41.630001068115234,35.49455261230469
2006-03-31,40.83000183105469,34.81245422363281
2006-04-03,41.56999969482422,35.443397521972656
2006-04-04,41.880001068115234,35.70771026611328
2006-04-05,41.93000030517578,35.750343322753906
2006-04-06,41.9900016784668,35.80150604248047
2006-04-07,41.22999954223633,35.153507232666016
2006-04-10,42.29999923706055,36.065818786621094
2006-04-11,42.40999984741211,36.15959548950195
2006-04-12,42.36000061035156,36.116966247558594
2006-04-13,42.150001525878906,35.93792724609375
2006-04-17,43.04999923706055,36.70527267456055
2006-04-18,44.599998474121094,38.026851654052734
2006-04-19,45.220001220703125,38.55546188354492
2006-04-20,44.40999984741211,37.86484909057617
2006-04-21,45.279998779296875,38.60662078857422
2006-04-24,44.040000915527344,37.54937744140625
2006-04-25,42.77000045776367,36.466548919677734
2006-04-26,42.040000915527344,35.844146728515625
2006-04-27,41.40999984741211,35.306968688964844
2006-04-28,42.15999984741211,35.94645309448242
2006-05-01,42.650001525878906,36.36421585083008
2006-05-02,44.04999923706055,37.55789566040039
2006-05-03,43.29999923706055,36.96038055419922
2006-05-04,39.45000076293945,33.674068450927734
2006-05-05,41.15999984741211,35.133697509765625
2006-05-08,41.65999984741211,35.56048583984375
2006-05-09,41.29999923706055,35.253204345703125
2006-05-10,41.06999969482422,35.05687713623047
2006-05-11,40.59000015258789,34.647159576416016
2006-05-12,38.470001220703125,32.83754348754883
2006-05-15,37.5,32.00957489013672
2006-05-16,37.59000015258789,32.08639907836914
2006-05-17,36.810001373291016,31.42060089111328
2006-05-18,36.36000061035156,31.036487579345703
2006-05-19,36.439998626708984,31.104778289794922
2006-05-22,35.9900016784668,30.720651626586914
2006-05-23,36.41999816894531,31.087688446044922
2006-05-24,36.36000061035156,31.036487579345703
2006-05-25,37.84000015258789,32.29978561401367
2006-05-26,38.459999084472656,32.829017639160156
2006-05-30,38.02000045776367,32.45344161987305
2006-05-31,39.09000015258789,33.36677169799805
2006-06-01,39.0,33.289955139160156
2006-06-02,39.97999954223633,34.12645721435547
2006-06-05,37.97999954223633,32.41927719116211
2006-06-06,38.77000045776367,33.0936279296875
2006-06-07,37.650001525878906,32.137603759765625
2006-06-08,37.90999984741211,32.35954284667969
2006-06-09,37.790000915527344,32.25710678100586
2006-06-12,36.380001068115234,31.05354881286621
2006-06-13,35.650001525878906,30.430438995361328
2006-06-14,36.5099983215332,31.16451072692871
2006-06-15,38.11000061035156,32.5302619934082
2006-06-16,37.75,32.22297286987305
2006-06-19,35.36000061035156,30.182899475097656
2006-06-20,34.47999954223633,29.431734085083008
2006-06-21,35.43000030517578,30.242645263671875
2006-06-22,35.16999816894531,30.02070426940918
2006-06-23,36.59000015258789,31.232805252075195
2006-06-26,37.38999938964844,31.915678024291992
2006-06-27,36.709999084472656,31.33523178100586
2006-06-28,37.09000015258789,31.65959358215332
2006-06-29,38.209999084472656,32.61561965942383
2006-06-30,40.25,34.356929779052734
2006-07-03,40.31999969482422,34.41670227050781
2006-07-05,40.5,34.570343017578125
2006-07-06,39.939998626708984,34.09232711791992
2006-07-07,39.209999084472656,33.469200134277344
2006-07-10,39.29999923706055,33.546024322509766
2006-07-11,39.400001525878906,33.631385803222656
2006-07-12,39.869998931884766,34.03257369995117
2006-07-13,39.54999923706055,33.759429931640625
2006-07-14,39.95000076293945,34.10087203979492
2006-07-17,38.83000183105469,33.14484405517578
2006-07-18,38.97999954223633,33.27288818359375
2006-07-19,39.33000183105469,33.57164001464844
2006-07-20,38.369998931884766,32.752193450927734
2006-07-21,37.380001068115234,31.907135009765625
2006-07-24,39.029998779296875,33.315555572509766
2006-07-25,40.84000015258789,34.86055374145508
2006-07-26,42.04999923706055,35.89340591430664
2006-07-27,42.02000045776367,35.86778259277344
2006-07-28,42.38999938964844,36.18361282348633
2006-07-31,43.0,36.70430374145508
2006-08-01,43.220001220703125,36.89210891723633
2006-08-02,43.029998779296875,36.729915618896484
2006-08-03,41.9900016784668,35.84219741821289
2006-08-04,42.20000076293945,36.02143859863281
2006-08-07,43.130001068115234,36.815277099609375
2006-08-08,42.54999923706055,36.320194244384766
2006-08-09,43.099998474121094,36.78966522216797
2006-08-10,41.970001220703125,35.825103759765625
2006-08-11,41.689998626708984,35.58611297607422
2006-08-14,40.45000076293945,34.52766036987305
2006-08-15,40.90999984741211,34.920310974121094
2006-08-16,41.150001525878906,35.12518310546875
2006-08-17,40.36000061035156,34.45084762573242
2006-08-18,40.970001220703125,34.97153091430664
2006-08-21,41.47999954223633,35.40685272216797
2006-08-22,41.08000183105469,35.065425872802734
2006-08-23,39.31999969482422,33.56309509277344
2006-08-24,40.720001220703125,34.75812911987305
2006-08-25,41.08000183105469,35.065425872802734
2006-08-28,41.0,34.997127532958984
2006-08-29,40.959999084472656,34.962982177734375
2006-08-30,41.029998779296875,35.022743225097656
2006-08-31,40.79999923706055,34.82643127441406
2006-09-01,41.290000915527344,35.24467468261719
2006-09-05,41.849998474121094,35.722679138183594
2006-09-06,40.68000030517578,34.7239990234375
2006-09-07,41.29999923706055,35.253204345703125
2006-09-08,40.040000915527344,34.17768859863281
2006-09-11,38.43000030517578,32.80340576171875
2006-09-12,37.59000015258789,32.08639907836914
2006-09-13,37.81999969482422,32.282711029052734
2006-09-14,36.779998779296875,31.394981384277344
2006-09-15,36.86000061035156,31.46327781677246
2006-09-18,37.650001525878906,32.137603759765625
2006-09-19,37.02000045776367,31.5998477935791
2006-09-20,36.150001525878906,30.85722541809082
2006-09-21,36.40999984741211,31.079160690307617
2006-09-22,35.79999923706055,30.558473587036133
2006-09-25,35.77000045776367,30.532875061035156
2006-09-26,36.38999938964844,31.062088012695312
2006-09-27,36.86000061035156,31.46327781677246
2006-09-28,36.91999816894531,31.514493942260742
2006-09-29,36.709999084472656,31.33523178100586
2006-10-02,36.04999923706055,30.771867752075195
2006-10-03,34.34000015258789,29.312238693237305
2006-10-04,35.25,30.088993072509766
2006-10-05,35.970001220703125,30.70357894897461
2006-10-06,36.04999923706055,30.771867752075195
2006-10-09,35.93000030517578,30.6694393157959
2006-10-10,36.68000030517578,31.309619903564453
2006-10-11,35.88999938964844,30.635303497314453
2006-10-12,36.720001220703125,31.343780517578125
2006-10-13,37.279998779296875,31.821779251098633
2006-10-16,38.09000015258789,32.51319122314453
2006-10-17,37.220001220703125,31.770570755004883
2006-10-18,37.09000015258789,31.65959358215332
2006-10-19,37.93000030517578,32.37661361694336
2006-10-20,37.2599983215332,31.80470848083496
2006-10-23,36.849998474121094,31.454730987548828
2006-10-24,37.97999954223633,32.41927719116211
2006-10-25,38.29999923706055,32.69243240356445
2006-10-26,38.20000076293945,32.607086181640625
2006-10-27,37.790000915527344,32.25710678100586
2006-10-30,37.150001525878906,31.710819244384766
2006-10-31,37.290000915527344,31.83030891418457
2006-11-01,36.75,31.411510467529297
2006-11-02,37.70000076293945,32.2234992980957
2006-11-03,39.29999923706055,33.59107971191406
2006-11-06,39.2599983215332,33.556888580322266
2006-11-07,38.689998626708984,33.06967544555664
2006-11-08,39.2599983215332,33.556888580322266
2006-11-09,39.34000015258789,33.62525939941406
2006-11-10,39.040000915527344,33.36884307861328
2006-11-13,38.400001525878906,32.82181930541992
2006-11-14,38.36000061035156,32.787620544433594
2006-11-15,38.83000183105469,33.18934631347656
2006-11-16,38.20000076293945,32.65086364746094
2006-11-17,39.119998931884766,33.43720626831055
2006-11-20,38.70000076293945,33.07823181152344
2006-11-21,38.720001220703125,33.09532928466797
2006-11-22,38.630001068115234,33.018394470214844
2006-11-24,39.02000045776367,33.35176467895508
2006-11-27,38.54999923706055,32.95001983642578
2006-11-28,39.04999923706055,33.37739944458008
2006-11-29,40.5099983215332,34.62528991699219
2006-11-30,40.08000183105469,34.25775146484375
2006-12-01,39.9900016784668,34.180843353271484
2006-12-04,39.630001068115234,33.873138427734375
2006-12-05,39.63999938964844,33.881690979003906
2006-12-06,39.380001068115234,33.659454345703125
2006-12-07,39.66999816894531,33.907325744628906
2006-12-08,40.349998474121094,34.4885368347168
2006-12-11,39.599998474121094,33.84746551513672
2006-12-12,38.970001220703125,33.30900573730469
2006-12-13,39.04999923706055,33.37739944458008
2006-12-14,39.34000015258789,33.62525939941406
2006-12-15,38.54999923706055,32.95001983642578
2006-12-18,37.189998626708984,31.78757667541504
2006-12-19,38.599998474121094,32.992759704589844
2006-12-20,37.81999969482422,32.3260612487793
2006-12-21,37.66999816894531,32.197853088378906
2006-12-22,37.2400016784668,31.830312728881836
2006-12-26,36.720001220703125,31.385860443115234
2006-12-27,37.33000183105469,31.907230377197266
2006-12-28,37.400001525878906,31.967077255249023
2006-12-29,36.84000015258789,31.488420486450195
2007-01-03,35.0099983215332,29.924251556396484
2007-01-04,34.619998931884766,29.590913772583008
2007-01-05,34.61000061035156,29.58236312866211
2007-01-08,34.72999954223633,29.6849422454834
2007-01-09,34.40999984741211,29.411418914794922
2007-01-10,33.81999969482422,28.907127380371094
2007-01-11,33.79999923706055,28.890029907226562
2007-01-12,34.56999969482422,29.548173904418945
2007-01-16,34.08000183105469,29.12935447692871
2007-01-17,34.2400016784668,29.26611328125
2007-01-18,34.189998626708984,29.2233829498291
2007-01-19,34.939998626708984,29.864431381225586
2007-01-22,34.15999984741211,29.19772720336914
2007-01-23,35.150001525878906,30.043914794921875
2007-01-24,35.119998931884766,30.01828384399414
2007-01-25,34.29999923706055,29.317398071289062
2007-01-26,34.619998931884766,29.590913772583008
2007-01-29,34.880001068115234,29.81313705444336
2007-01-30,35.369998931884766,30.231962203979492
2007-01-31,35.9900016784668,30.761905670166016
2007-02-01,36.310001373291016,31.035419464111328
2007-02-02,36.290000915527344,31.018312454223633
2007-02-05,36.119998931884766,30.873016357421875
2007-02-06,36.29999923706055,31.02687644958496
2007-02-07,36.11000061035156,30.864473342895508
2007-02-08,36.66999816894531,31.343109130859375
2007-02-09,36.7400016784668,31.4029483795166
2007-02-12,36.029998779296875,30.796091079711914
2007-02-13,36.560001373291016,31.249101638793945
2007-02-14,36.84000015258789,31.488420486450195
2007-02-15,36.720001220703125,31.385860443115234
2007-02-16,37.31999969482422,31.898685455322266
2007-02-20,36.970001220703125,31.59954261779785
2007-02-21,37.150001525878906,31.753393173217773
2007-02-22,37.720001220703125,32.24060821533203
2007-02-23,37.369998931884766,31.941436767578125
2007-02-26,37.290000915527344,31.873048782348633
2007-02-27,36.09000015258789,30.84737205505371
2007-02-28,36.0099983215332,30.77899169921875
2007-03-01,36.060001373291016,30.821733474731445
2007-03-02,35.279998779296875,30.155044555664062
2007-03-05,34.29999923706055,29.317398071289062
2007-03-06,34.9900016784668,29.90715980529785
2007-03-07,35.7599983215332,30.565317153930664
2007-03-08,35.119998931884766,30.01828384399414
2007-03-09,35.0099983215332,29.924251556396484
2007-03-12,34.59000015258789,29.565269470214844
2007-03-13,34.56999969482422,29.548173904418945
2007-03-14,34.77000045776367,29.719133377075195
2007-03-15,34.65999984741211,29.62511444091797
2007-03-16,34.52000045776367,29.505435943603516
2007-03-19,35.22999954223633,30.112302780151367
2007-03-20,35.36000061035156,30.223430633544922
2007-03-21,35.61000061035156,30.437089920043945
2007-03-22,36.47999954223633,31.180707931518555
2007-03-23,36.66999816894531,31.343109130859375
2007-03-26,37.06999969482422,31.685014724731445
2007-03-27,37.16999816894531,31.770483016967773
2007-03-28,38.15999984741211,32.616668701171875
2007-03-29,36.77000045776367,31.428579330444336
2007-03-30,36.68000030517578,31.351654052734375
2007-04-02,36.83000183105469,31.479877471923828
2007-04-03,36.68000030517578,31.351654052734375
2007-04-04,36.95000076293945,31.58245086669922
2007-04-05,36.95000076293945,31.58245086669922
2007-04-09,36.7599983215332,31.42005157470703
2007-04-10,37.31999969482422,31.898685455322266
2007-04-11,37.20000076293945,31.796125411987305
2007-04-12,37.95000076293945,32.437171936035156
2007-04-13,37.849998474121094,32.35169982910156
2007-04-16,37.56999969482422,32.11237716674805
2007-04-17,37.150001525878906,31.753393173217773
2007-04-18,36.619998931884766,31.30037498474121
2007-04-19,36.02000045776367,30.787551879882812
2007-04-20,35.939998626708984,30.719148635864258
2007-04-23,36.470001220703125,31.172176361083984
2007-04-24,36.58000183105469,31.266199111938477
2007-04-25,37.84000015258789,32.34316635131836
2007-04-26,37.70000076293945,32.2234992980957
2007-04-27,37.63999938964844,32.17220687866211
2007-04-30,36.619998931884766,31.30037498474121
2007-05-01,37.04999923706055,31.66792106628418
2007-05-02,37.810001373291016,32.36118698120117
2007-05-03,37.279998779296875,31.90756607055664
2007-05-04,37.40999984741211,32.018836975097656
2007-05-07,37.04999923706055,31.71071434020996
2007-05-08,36.83000183105469,31.522418975830078
2007-05-09,36.58000183105469,31.308452606201172
2007-05-10,35.939998626708984,30.760658264160156
2007-05-11,36.439998626708984,31.18861961364746
2007-05-14,36.599998474121094,31.3255615234375
2007-05-15,36.5,31.239973068237305
2007-05-16,36.5099983215332,31.248531341552734
2007-05-17,37.25,31.881900787353516
2007-05-18,37.27000045776367,31.899011611938477
2007-05-21,37.54999923706055,32.138668060302734
2007-05-22,37.34000015258789,31.95893096923828
2007-05-23,36.970001220703125,31.642242431640625
2007-05-24,36.290000915527344,31.060230255126953
2007-05-25,36.52000045776367,31.257095336914062
2007-05-29,36.47999954223633,31.222843170166016
2007-05-30,37.029998779296875,31.69359588623047
2007-05-31,37.36000061035156,31.976030349731445
2007-06-01,38.09000015258789,32.60083770751953
2007-06-04,38.470001220703125,32.92608642578125
2007-06-05,38.91999816894531,33.311222076416016
2007-06-06,38.689998626708984,33.11436462402344
2007-06-07,37.459999084472656,32.06163024902344
2007-06-08,37.310001373291016,31.933244705200195
2007-06-11,37.66999816894531,32.241363525390625
2007-06-12,37.720001220703125,32.28417205810547
2007-06-13,38.08000183105469,32.59228515625
2007-06-14,38.650001525878906,33.08013916015625
2007-06-15,39.5099983215332,33.81619644165039
2007-06-18,39.66999816894531,33.95314407348633
2007-06-19,39.869998931884766,34.124324798583984
2007-06-20,38.58000183105469,33.02023696899414
2007-06-21,38.689998626708984,33.11436462402344
2007-06-22,37.880001068115234,32.42108917236328
2007-06-25,38.0,32.523807525634766
2007-06-26,36.15999984741211,30.9489688873291
2007-06-27,36.689998626708984,31.402591705322266
2007-06-28,35.900001525878906,30.726444244384766
2007-06-29,36.619998931884766,31.34267234802246
2007-07-02,36.54999923706055,31.28276824951172
2007-07-03,36.779998779296875,31.479631423950195
2007-07-05,36.08000183105469,30.880502700805664
2007-07-06,36.0099983215332,30.820587158203125
2007-07-09,36.86000061035156,31.548097610473633
2007-07-10,36.08000183105469,30.880502700805664
2007-07-11,36.099998474121094,30.897611618041992
2007-07-12,36.25,31.025997161865234
2007-07-13,36.529998779296875,31.26564598083496
2007-07-16,36.02000045776367,30.82915496826172
2007-07-17,35.95000076293945,30.769229888916016
2007-07-18,36.02000045776367,30.82915496826172
2007-07-19,36.52000045776367,31.257095336914062
2007-07-20,36.34000015258789,31.103025436401367
2007-07-23,35.25,30.170106887817383
2007-07-24,34.18000030517578,29.25430679321289
2007-07-25,33.779998779296875,28.911951065063477
2007-07-26,32.9900016784668,28.23579978942871
2007-07-27,32.75,28.0303897857666
2007-07-30,33.400001525878906,28.586715698242188
2007-07-31,33.290000915527344,28.492565155029297
2007-08-01,33.02000045776367,28.261474609375
2007-08-02,32.93000030517578,28.184450149536133
2007-08-03,33.439998626708984,28.62094497680664
2007-08-06,33.31999969482422,28.51824378967285
2007-08-07,33.709999084472656,28.8520450592041
2007-08-08,33.08000183105469,28.312835693359375
2007-08-09,31.799999237060547,27.217288970947266
2007-08-10,32.849998474121094,28.115970611572266
2007-08-13,34.09000015258789,29.177276611328125
2007-08-14,34.09000015258789,29.177276611328125
2007-08-15,33.599998474121094,28.757890701293945
2007-08-16,32.90999984741211,28.167325973510742
2007-08-17,33.900001525878906,29.0146541595459
2007-08-20,33.72999954223633,28.869150161743164
2007-08-21,33.15999984741211,28.381305694580078
2007-08-22,33.02000045776367,28.261474609375
2007-08-23,33.20000076293945,28.41554832458496
2007-08-24,33.459999084472656,28.638065338134766
2007-08-27,33.380001068115234,28.56959342956543
2007-08-28,32.56999969482422,27.87632942199707
2007-08-29,32.779998779296875,28.05606460571289
2007-08-30,32.70000076293945,27.987594604492188
2007-08-31,33.349998474121094,28.543922424316406
2007-09-04,34.09000015258789,29.177276611328125
2007-09-05,34.540000915527344,29.562429428100586
2007-09-06,34.630001068115234,29.63945198059082
2007-09-07,34.38999938964844,29.43404197692871
2007-09-10,34.31999969482422,29.374141693115234
2007-09-11,34.779998779296875,29.76784324645996
2007-09-12,35.11000061035156,30.050296783447266
2007-09-13,35.59000015258789,30.461103439331055
2007-09-14,35.58000183105469,30.452560424804688
2007-09-17,35.20000076293945,30.1273193359375
2007-09-18,35.47999954223633,30.366960525512695
2007-09-19,35.18000030517578,30.110212326049805
2007-09-20,35.459999084472656,30.349842071533203
2007-09-21,35.439998626708984,30.332721710205078
2007-09-24,34.68000030517578,29.682260513305664
2007-09-25,34.439998626708984,29.47684097290039
2007-09-26,34.650001525878906,29.656600952148438
2007-09-27,35.400001525878906,30.298492431640625
2007-09-28,35.66999816894531,30.529573440551758
2007-10-01,36.16999816894531,30.957521438598633
2007-10-02,36.15999984741211,30.9489688873291
2007-10-03,36.36000061035156,31.12015151977539
2007-10-04,36.5099983215332,31.248531341552734
2007-10-05,37.13999938964844,31.787736892700195
2007-10-08,36.90999984741211,31.590879440307617
2007-10-09,37.4900016784668,32.087303161621094
2007-10-10,37.84000015258789,32.38686752319336
2007-10-11,39.18000030517578,33.53376007080078
2007-10-12,39.650001525878906,33.936031341552734
2007-10-15,39.36000061035156,33.687828063964844
2007-10-16,40.02000045776367,34.25270462036133
2007-10-17,41.13999938964844,35.2113037109375
2007-10-18,41.90999984741211,35.87034225463867
2007-10-19,41.09000015258789,35.16851043701172
2007-10-22,40.459999084472656,34.62931442260742
2007-10-23,40.349998474121094,34.5351448059082
2007-10-24,40.97999954223633,35.0743408203125
2007-10-25,41.70000076293945,35.69060134887695
2007-10-26,42.66999816894531,36.520809173583984
2007-10-29,42.31999969482422,36.22125244140625
2007-10-30,41.7400016784668,35.72484588623047
2007-10-31,42.36000061035156,36.29896545410156
2007-11-01,42.040000915527344,36.02476119995117
2007-11-02,43.5,37.27585983276367
2007-11-05,43.540000915527344,37.31011962890625
2007-11-06,44.06999969482422,37.76428985595703
2007-11-07,43.119998931884766,36.95022964477539
2007-11-08,42.70000076293945,36.59031677246094
2007-11-09,42.189998626708984,36.153289794921875
2007-11-12,40.4900016784668,34.69654083251953
2007-11-13,40.869998931884766,35.02214813232422
2007-11-14,41.130001068115234,35.24496078491211
2007-11-15,40.150001525878906,34.40518569946289
2007-11-16,40.54999923706055,34.74794387817383
2007-11-19,40.959999084472656,35.099281311035156
2007-11-20,41.150001525878906,35.262107849121094
2007-11-21,40.47999954223633,34.68796920776367
2007-11-23,41.33000183105469,35.41633987426758
2007-11-26,40.54999923706055,34.74794387817383
2007-11-27,39.29999923706055,33.676815032958984
2007-11-28,39.439998626708984,33.79676818847656
2007-11-29,39.369998931884766,33.736793518066406
2007-11-30,39.29999923706055,33.676815032958984
2007-12-03,39.939998626708984,34.2252311706543
2007-12-04,40.5,34.70509338378906
2007-12-05,40.40999984741211,34.62797164916992
2007-12-06,41.79999923706055,35.819091796875
2007-12-07,41.34000015258789,35.42491912841797
2007-12-10,41.5099983215332,35.57059860229492
2007-12-11,40.27000045776367,34.50801467895508
2007-12-12,42.2400016784668,36.196144104003906
2007-12-13,41.880001068115234,35.88764572143555
2007-12-14,41.959999084472656,35.95621109008789
2007-12-17,40.349998474121094,34.576560974121094
2007-12-18,40.0,34.276649475097656
2007-12-19,39.029998779296875,33.445430755615234
2007-12-20,36.720001220703125,31.465953826904297
2007-12-21,38.150001525878906,32.69135665893555
2007-12-24,38.63999938964844,33.111244201660156
2007-12-26,39.06999969482422,33.47972869873047
2007-12-27,38.130001068115234,32.674224853515625
2007-12-28,39.15999984741211,33.55683898925781
2007-12-31,38.61000061035156,33.08552551269531
2008-01-02,39.34000015258789,33.71109390258789
2008-01-03,39.54999923706055,33.89103698730469
2008-01-04,37.90999984741211,32.485694885253906
2008-01-07,38.33000183105469,32.84558868408203
2008-01-08,37.279998779296875,31.945838928222656
2008-01-09,37.720001220703125,32.322898864746094
2008-01-10,37.689998626708984,32.297157287597656
2008-01-11,37.29999923706055,31.962963104248047
2008-01-14,37.77000045776367,32.36572265625
2008-01-15,36.59000015258789,31.35456085205078
2008-01-16,36.04999923706055,30.891817092895508
2008-01-17,34.0,29.13515281677246
2008-01-18,34.41999816894531,29.49505043029785
2008-01-22,34.5,29.5635986328125
2008-01-23,33.369998931884766,28.595291137695312
2008-01-24,33.83000183105469,28.989469528198242
2008-01-25,33.849998474121094,29.006614685058594
2008-01-28,34.380001068115234,29.46078109741211
2008-01-29,34.689998626708984,29.726421356201172
2008-01-30,35.22999954223633,30.189151763916016
2008-01-31,35.220001220703125,30.180583953857422
2008-02-01,34.880001068115234,29.889236450195312
2008-02-04,34.630001068115234,29.675003051757812
2008-02-05,33.95000076293945,29.092309951782227
2008-02-06,33.20000076293945,28.449630737304688
2008-02-07,32.939998626708984,28.226821899414062
2008-02-08,34.560001373291016,29.615013122558594
2008-02-11,35.65999984741211,30.55763053894043
2008-02-12,36.060001373291016,30.9003963470459
2008-02-13,35.560001373291016,30.471940994262695
2008-02-14,35.040000915527344,30.026338577270508
2008-02-15,35.18000030517578,30.146320343017578
2008-02-19,35.52000045776367,30.437667846679688
2008-02-20,36.41999816894531,31.20888328552246
2008-02-21,35.2599983215332,30.214847564697266
2008-02-22,34.720001220703125,29.752140045166016
2008-02-25,36.65999984741211,31.414548873901367
2008-02-26,37.220001220703125,31.8944149017334
2008-02-27,36.5,31.277441024780273
2008-02-28,37.84000015258789,32.42571258544922
2008-02-29,36.880001068115234,31.603065490722656
2008-03-03,37.709999084472656,32.31431198120117
2008-03-04,35.959999084472656,30.814701080322266
2008-03-05,36.77000045776367,31.508804321289062
2008-03-06,36.38999938964844,31.183185577392578
2008-03-07,35.2400016784668,30.19773292541504
2008-03-10,35.0,29.992069244384766
2008-03-11,35.34000015258789,30.283416748046875
2008-03-12,35.31999969482422,30.26626205444336
2008-03-13,36.2599983215332,31.071773529052734
2008-03-14,35.66999816894531,30.566194534301758
2008-03-17,34.349998474121094,29.435060501098633
2008-03-18,36.38999938964844,31.183185577392578
2008-03-19,34.900001525878906,29.906381607055664
2008-03-20,34.130001068115234,29.246545791625977
2008-03-24,34.790000915527344,29.812108993530273
2008-03-25,36.220001220703125,31.03750228881836
2008-03-26,37.63999938964844,32.25431823730469
2008-03-27,37.90999984741211,32.485694885253906
2008-03-28,38.09000015258789,32.63993835449219
2008-03-31,38.5,32.99125671386719
2008-04-01,38.36000061035156,32.87130355834961
2008-04-02,38.790000915527344,33.23979187011719
2008-04-03,38.81999969482422,33.265480041503906
2008-04-04,38.97999954223633,33.40260314941406
2008-04-07,39.13999938964844,33.53968811035156
2008-04-08,40.029998779296875,34.30234909057617
2008-04-09,39.54999923706055,33.89103698730469
2008-04-10,39.869998931884766,34.16524887084961
2008-04-11,38.75,33.20549774169922
2008-04-14,39.689998626708984,34.01100540161133
2008-04-15,40.439998626708984,34.6536750793457
2008-04-16,41.380001068115234,35.459190368652344
2008-04-17,42.06999969482422,36.05046463012695
2008-04-18,43.08000183105469,36.91595458984375
2008-04-21,43.099998474121094,36.9330940246582
2008-04-22,44.52000045776367,38.14990997314453
2008-04-23,43.709999084472656,37.455810546875
2008-04-24,43.0,36.84739685058594
2008-04-25,43.84000015258789,37.567203521728516
2008-04-28,43.81999969482422,37.55006790161133
2008-04-29,42.36000061035156,36.29896545410156
2008-04-30,43.720001220703125,37.50864028930664
2008-05-01,42.439998626708984,36.41050720214844
2008-05-02,45.29999923706055,38.864166259765625
2008-05-05,47.08000183105469,40.39129638671875
2008-05-06,47.86000061035156,41.060482025146484
2008-05-07,47.0,40.32265090942383
2008-05-08,48.2599983215332,41.40364456176758
2008-05-09,48.290000915527344,41.429378509521484
2008-05-12,47.959999084472656,41.146263122558594
2008-05-13,49.70000076293945,42.63906478881836
2008-05-14,49.650001525878906,42.59617233276367
2008-05-15,49.529998779296875,42.493221282958984
2008-05-16,50.310001373291016,43.162410736083984
2008-05-19,50.959999084472656,43.720054626464844
2008-05-20,52.22999954223633,44.80961990356445
2008-05-21,51.11000061035156,43.848731994628906
2008-05-22,51.04999923706055,43.79725646972656
2008-05-23,50.15999984741211,43.03370666503906
2008-05-27,49.38999938964844,42.373104095458984
2008-05-28,49.400001525878906,42.38169479370117
2008-05-29,48.599998474121094,41.695335388183594
2008-05-30,50.959999084472656,43.720054626464844
2008-06-02,52.119998931884766,44.71525192260742
2008-06-03,50.560001373291016,43.37687301635742
2008-06-04,49.099998474121094,42.124305725097656
2008-06-05,50.91999816894531,43.68573760986328
2008-06-06,53.119998931884766,45.573177337646484
2008-06-09,56.47999954223633,48.45581817626953
2008-06-10,58.29999923706055,50.017250061035156
2008-06-11,59.130001068115234,50.72933578491211
2008-06-12,57.880001068115234,49.65692138671875
2008-06-13,58.83000183105469,50.47195053100586
2008-06-16,58.709999084472656,50.36899948120117
2008-06-17,61.56999969482422,52.82267761230469
2008-06-18,62.779998779296875,53.86075973510742
2008-06-19,62.630001068115234,53.732086181640625
2008-06-20,62.08000183105469,53.26022720336914
2008-06-23,64.5,55.336421966552734
2008-06-24,62.08000183105469,53.26022720336914
2008-06-25,61.20000076293945,52.50524139404297
2008-06-26,61.56999969482422,52.82267761230469
2008-06-27,63.36000061035156,54.358367919921875
2008-06-30,64.63999938964844,55.456520080566406
2008-07-01,62.5099983215332,53.629127502441406
2008-07-02,61.099998474121094,52.41944885253906
2008-07-03,58.54999923706055,50.23173522949219
2008-07-07,56.15999984741211,48.1812858581543
2008-07-08,54.47999954223633,46.739967346191406
2008-07-09,54.099998474121094,46.41395568847656
2008-07-10,56.77000045776367,48.70462417602539
2008-07-11,57.43000030517578,49.270851135253906
2008-07-14,57.79999923706055,49.58828353881836
2008-07-15,56.060001373291016,48.095497131347656
2008-07-16,50.70000076293945,43.49699401855469
2008-07-17,47.369998931884766,40.640079498291016
2008-07-18,47.27000045776367,40.554298400878906
2008-07-21,48.91999816894531,41.96987533569336
2008-07-22,46.04999923706055,39.50762176513672
2008-07-23,43.619998931884766,37.42284393310547
2008-07-24,43.22999954223633,37.08826446533203
2008-07-25,44.38999938964844,38.08345413208008
2008-07-28,44.22999954223633,37.946197509765625
2008-07-29,42.619998931884766,36.564910888671875
2008-07-30,44.79999923706055,38.43520736694336
2008-07-31,42.560001373291016,36.51345443725586
2008-08-01,43.11000061035156,36.985313415527344
2008-08-04,38.43000030517578,32.97020721435547
2008-08-05,40.13999938964844,34.4372673034668
2008-08-06,41.20000076293945,35.3466682434082
2008-08-07,40.38999938964844,34.65174865722656
2008-08-08,39.380001068115234,33.785240173339844
2008-08-11,40.11000061035156,34.411529541015625
2008-08-12,40.4900016784668,34.737525939941406
2008-08-13,43.13999938964844,37.01104736328125
2008-08-14,41.7400016784668,35.80994415283203
2008-08-15,41.7599983215332,35.82710266113281
2008-08-18,41.20000076293945,35.3466682434082
2008-08-19,42.9900016784668,36.88236618041992
2008-08-20,43.66999816894531,37.46575164794922
2008-08-21,45.43000030517578,38.975704193115234
2008-08-22,42.61000061035156,36.55635070800781
2008-08-25,42.279998779296875,36.27322769165039
2008-08-26,43.16999816894531,37.03679656982422
2008-08-27,43.939998626708984,37.6973876953125
2008-08-28,42.970001220703125,36.865196228027344
2008-08-29,42.220001220703125,36.221744537353516
2008-09-02,39.880001068115234,34.21418762207031
2008-09-03,40.20000076293945,34.48873519897461
2008-09-04,40.72999954223633,34.94343185424805
2008-09-05,40.36000061035156,34.625999450683594
2008-09-08,38.720001220703125,33.21900939941406
2008-09-09,36.4900016784668,31.30582046508789
2008-09-10,38.68000030517578,33.1846923828125
2008-09-11,38.029998779296875,32.62703323364258
2008-09-12,38.709999084472656,33.210418701171875
2008-09-15,34.86000061035156,29.90740394592285
2008-09-16,35.27000045776367,30.259166717529297
2008-09-17,34.79999923706055,29.855920791625977
2008-09-18,35.65999984741211,30.593740463256836
2008-09-19,38.36000061035156,32.910152435302734
2008-09-22,39.7599983215332,34.11124038696289
2008-09-23,38.79999923706055,33.287628173828125
2008-09-24,38.349998474121094,32.901573181152344
2008-09-25,38.72999954223633,33.22757339477539
2008-09-26,37.189998626708984,31.90637969970703
2008-09-29,33.68000030517578,28.89504051208496
2008-09-30,35.650001525878906,30.58516502380371
2008-10-01,34.9900016784668,30.0189266204834
2008-10-02,31.329999923706055,26.87890625
2008-10-03,30.3700008392334,26.0553035736084
2008-10-06,28.809999465942383,24.716936111450195
2008-10-07,26.6200008392334,22.83806800842285
2008-10-08,27.450000762939453,23.550142288208008
2008-10-09,24.040000915527344,20.62461280822754
2008-10-10,20.719999313354492,17.776281356811523
2008-10-13,25.149999618530273,21.576908111572266
2008-10-14,26.15999984741211,22.44341278076172
2008-10-15,20.510000228881836,17.596118927001953
2008-10-16,22.299999237060547,19.13181495666504
2008-10-17,23.1200008392334,19.835315704345703
2008-10-20,26.969999313354492,23.13833999633789
2008-10-21,26.229999542236328,22.503475189208984
2008-10-22,23.510000228881836,20.169902801513672
2008-10-23,22.809999465942383,19.569355010986328
2008-10-24,20.84000015258789,17.87923812866211
2008-10-27,18.979999542236328,16.28348731994629
2008-10-28,20.40999984741211,17.510332107543945
2008-10-29,22.290000915527344,19.170196533203125
2008-10-30,24.280000686645508,20.88167381286621
2008-10-31,24.889999389648438,21.406286239624023
2008-11-03,23.8799991607666,20.53765106201172
2008-11-04,25.579999923706055,21.999713897705078
2008-11-05,23.56999969482422,20.27104377746582
2008-11-06,21.649999618530273,18.619770050048828
2008-11-07,22.729999542236328,19.54861068725586
2008-11-10,23.329999923706055,20.064632415771484
2008-11-11,22.420000076293945,19.28199577331543
2008-11-12,19.520000457763672,16.78789520263672
2008-11-13,22.34000015258789,19.21319580078125
2008-11-14,20.8799991607666,17.95754051208496
2008-11-17,20.6200008392334,17.73394203186035
2008-11-18,20.899999618530273,17.974740982055664
2008-11-19,18.989999771118164,16.332080841064453
2008-11-20,15.3100004196167,13.16714859008789
2008-11-21,18.5,15.910660743713379
2008-11-24,19.100000381469727,16.426679611206055
2008-11-25,19.649999618530273,16.899702072143555
2008-11-26,20.920000076293945,17.9919490814209
2008-11-28,20.110000610351562,17.295324325561523
2008-12-01,18.3700008392334,15.798853874206543
2008-12-02,18.8700008392334,16.228872299194336
2008-12-03,19.0,16.340682983398438
2008-12-04,16.90999984741211,14.543200492858887
2008-12-05,16.389999389648438,14.095983505249023
2008-12-08,18.31999969482422,15.755850791931152
2008-12-09,18.8799991607666,16.237472534179688
2008-12-10,20.8700008392334,17.94894027709961
2008-12-11,20.56999969482422,17.690929412841797
2008-12-12,20.780000686645508,17.87154769897461
2008-12-15,20.06999969482422,17.26091766357422
2008-12-16,21.079999923706055,18.129558563232422
2008-12-17,20.75,17.84574317932129
2008-12-18,19.600000381469727,16.856700897216797
2008-12-19,19.979999542236328,17.183513641357422
2008-12-22,18.969999313354492,16.314876556396484
2008-12-23,19.1200008392334,16.443885803222656
2008-12-24,18.860000610351562,16.220266342163086
2008-12-26,19.329999923706055,16.624488830566406
2008-12-29,19.799999237060547,17.028701782226562
2008-12-30,19.719999313354492,16.95990753173828
2008-12-31,20.309999465942383,17.46732521057129
2009-01-02,21.93000030517578,18.860580444335938
2009-01-05,23.540000915527344,20.245241165161133
2009-01-06,23.709999084472656,20.39144515991211
2009-01-07,22.079999923706055,18.989585876464844
2009-01-08,21.3799991607666,18.387563705444336
2009-01-09,20.270000457763672,17.432926177978516
2009-01-12,19.190000534057617,16.50408935546875
2009-01-13,19.209999084472656,16.52128791809082
2009-01-14,17.90999984741211,15.403238296508789
2009-01-15,17.90999984741211,15.403238296508789
2009-01-16,18.280000686645508,15.721454620361328
2009-01-20,16.860000610351562,14.500203132629395
2009-01-21,18.5,15.910660743713379
2009-01-22,17.489999771118164,15.042025566101074
2009-01-23,19.15999984741211,16.478294372558594
2009-01-26,20.420000076293945,17.56192970275879
2009-01-27,19.450000762939453,16.727697372436523
2009-01-28,20.579999923706055,17.699533462524414
2009-01-29,19.649999618530273,16.899702072143555
2009-01-30,19.350000381469727,16.64169692993164
2009-02-02,18.989999771118164,16.332080841064453
2009-02-03,19.389999389648438,16.676095962524414
2009-02-04,19.84000015258789,17.0631046295166
2009-02-05,20.450000762939453,17.58772850036621
2009-02-06,21.139999389648438,18.181154251098633
2009-02-09,21.1200008392334,18.16395378112793
2009-02-10,19.829999923706055,17.05451202392578
2009-02-11,18.860000610351562,16.220266342163086
2009-02-12,18.8700008392334,16.228872299194336
2009-02-13,19.100000381469727,16.426679611206055
2009-02-17,17.25,14.835618019104004
2009-02-18,16.290000915527344,14.009981155395508
2009-02-19,16.549999237060547,14.233587265014648
2009-02-20,16.139999389648438,13.880977630615234
2009-02-23,15.050000190734863,12.943535804748535
2009-02-24,14.420000076293945,12.401715278625488
2009-02-25,13.970000267028809,12.014697074890137
2009-02-26,13.460000038146973,11.576082229614258
2009-02-27,13.579999923706055,11.679282188415527
2009-03-02,12.489999771118164,10.741846084594727
2009-03-03,12.579999923706055,10.819246292114258
2009-03-04,12.850000381469727,11.051459312438965
2009-03-05,11.9399995803833,10.26882553100586
2009-03-06,11.630000114440918,10.002216339111328
2009-03-09,11.579999923706055,9.959212303161621
2009-03-10,11.789999961853027,10.139822959899902
2009-03-11,11.949999809265137,10.277425765991211
2009-03-12,12.199999809265137,10.492430686950684
2009-03-13,12.220000267028809,10.509636878967285
2009-03-16,12.380000114440918,10.647241592407227
2009-03-17,12.609999656677246,10.845051765441895
2009-03-18,13.239999771118164,11.386876106262207
2009-03-19,14.869999885559082,12.788732528686523
2009-03-20,13.760000228881836,11.834090232849121
2009-03-23,15.079999923706055,12.969339370727539
2009-03-24,14.460000038146973,12.436117172241211
2009-03-25,14.640000343322754,12.590925216674805
2009-03-26,15.5600004196167,13.382157325744629
2009-03-27,14.699999809265137,12.642528533935547
2009-03-30,13.34000015258789,11.472875595092773
2009-03-31,13.229999542236328,11.378268241882324
2009-04-01,13.979999542236328,12.023298263549805
2009-04-02,15.270000457763672,13.132745742797852
2009-04-03,16.010000228881836,13.769173622131348
2009-04-06,14.760000228881836,12.694129943847656
2009-04-07,14.100000381469727,12.126502990722656
2009-04-08,14.539999961853027,12.504922866821289
2009-04-09,16.110000610351562,13.85517692565918
2009-04-13,16.459999084472656,14.156189918518066
2009-04-14,16.829999923706055,14.474400520324707
2009-04-15,17.040000915527344,14.655012130737305
2009-04-16,17.829999923706055,15.334436416625977
2009-04-17,19.079999923706055,16.409481048583984
2009-04-20,17.479999542236328,15.033421516418457
2009-04-21,17.520000457763672,15.067831039428711
2009-04-22,16.8799991607666,14.517398834228516
2009-04-23,17.1200008392334,14.723809242248535
2009-04-24,17.709999084472656,15.231233596801758
2009-04-27,17.15999984741211,14.758209228515625
2009-04-28,17.15999984741211,14.758209228515625
2009-04-29,17.959999084472656,15.491377830505371
2009-04-30,17.8700008392334,15.413750648498535
2009-05-01,18.81999969482422,16.23317527770996
2009-05-04,20.8799991607666,18.010021209716797
2009-05-05,19.950000762939453,17.20785903930664
2009-05-06,21.770000457763672,18.777690887451172
2009-05-07,20.739999771118164,17.889266967773438
2009-05-08,23.1299991607666,19.950756072998047
2009-05-11,22.139999389648438,19.09683609008789
2009-05-12,21.200000762939453,18.28603744506836
2009-05-13,19.8700008392334,17.138843536376953
2009-05-14,20.34000015258789,17.54424476623535
2009-05-15,19.540000915527344,16.854209899902344
2009-05-18,21.229999542236328,18.311914443969727
2009-05-19,21.549999237060547,18.587923049926758
2009-05-20,20.68000030517578,17.83751106262207
2009-05-21,20.360000610351562,17.561500549316406
2009-05-22,20.1299991607666,17.363107681274414
2009-05-26,20.65999984741211,17.820268630981445
2009-05-27,20.3799991607666,17.578752517700195
2009-05-28,21.139999389648438,18.234277725219727
2009-05-29,21.65999984741211,18.682809829711914
2009-06-01,22.809999465942383,19.67473602294922
2009-06-02,22.530000686645508,19.433231353759766
2009-06-03,21.06999969482422,18.173908233642578
2009-06-04,21.510000228881836,18.553428649902344
2009-06-05,21.489999771118164,18.53618049621582
2009-06-08,21.360000610351562,18.42404556274414
2009-06-09,21.719999313354492,18.734569549560547
2009-06-10,21.799999237060547,18.803565979003906
2009-06-11,21.899999618530273,18.889820098876953
2009-06-12,21.5,18.544803619384766
2009-06-15,20.8799991607666,18.010021209716797
2009-06-16,20.530000686645508,17.708127975463867
2009-06-17,20.1299991607666,17.363107681274414
2009-06-18,19.770000457763672,17.05259895324707
2009-06-19,19.260000228881836,16.612693786621094
2009-06-22,18.270000457763672,15.758770942687988
2009-06-23,18.280000686645508,15.767399787902832
2009-06-24,18.799999237060547,16.21591567993164
2009-06-25,20.170000076293945,17.397613525390625
2009-06-26,20.610000610351562,17.77713394165039
2009-06-29,20.899999618530273,18.027271270751953
2009-06-30,20.8700008392334,18.00139617919922
2009-07-01,21.149999618530273,18.2429141998291
2009-07-02,20.3700008392334,17.570119857788086
2009-07-06,19.030000686645508,16.414304733276367
2009-07-07,18.219999313354492,15.715639114379883
2009-07-08,17.700000762939453,15.267120361328125
2009-07-09,18.06999969482422,15.586256980895996
2009-07-10,17.809999465942383,15.362003326416016
2009-07-13,18.110000610351562,15.620759010314941
2009-07-14,19.15999984741211,16.52643585205078
2009-07-15,20.06999969482422,17.311357498168945
2009-07-16,20.959999084472656,18.079025268554688
2009-07-17,21.979999542236328,18.958826065063477
2009-07-20,22.799999237060547,19.666112899780273
2009-07-21,22.799999237060547,19.666112899780273
2009-07-22,22.329999923706055,19.26072120666504
2009-07-23,23.75,20.485538482666016
2009-07-24,24.110000610351562,20.796052932739258
2009-07-27,24.360000610351562,21.01169204711914
2009-07-28,24.049999237060547,20.74430274963379
2009-07-29,23.31999969482422,20.11463737487793
2009-07-30,23.84000015258789,20.56316566467285
2009-07-31,23.8700008392334,20.58904266357422
2009-08-03,25.389999389648438,21.90011978149414
2009-08-04,26.829999923706055,23.14219093322754
2009-08-05,27.170000076293945,23.43545913696289
2009-08-06,26.700000762939453,23.030052185058594
2009-08-07,27.3700008392334,23.607969284057617
2009-08-10,28.15999984741211,24.28936767578125
2009-08-11,27.639999389648438,23.840856552124023
2009-08-12,28.829999923706055,24.867286682128906
2009-08-13,28.75,24.798280715942383
2009-08-14,29.09000015258789,25.091552734375
2009-08-17,27.8700008392334,24.039241790771484
2009-08-18,28.360000610351562,24.461891174316406
2009-08-19,28.520000457763672,24.599895477294922
2009-08-20,28.229999542236328,24.349754333496094
2009-08-21,28.920000076293945,24.944917678833008
2009-08-24,29.25,25.229555130004883
2009-08-25,28.59000015258789,24.6602725982666
2009-08-26,28.100000381469727,24.237634658813477
2009-08-27,27.170000076293945,23.43545913696289
2009-08-28,27.299999237060547,23.54758644104004
2009-08-31,26.299999237060547,22.685033798217773
2009-09-01,25.5,21.995006561279297
2009-09-02,25.3799991607666,21.89149284362793
2009-09-03,25.649999618530273,22.12438201904297
2009-09-04,26.190000534057617,22.590158462524414
2009-09-08,27.100000381469727,23.375080108642578
2009-09-09,27.739999771118164,23.927108764648438
2009-09-10,28.969999313354492,24.988039016723633
2009-09-11,29.1299991607666,25.126052856445312
2009-09-14,30.09000015258789,25.9541015625
2009-09-15,32.04999923706055,27.64468765258789
2009-09-16,33.29999923706055,28.722883224487305
2009-09-17,32.27000045776367,27.83445167541504
2009-09-18,32.459999084472656,27.99833869934082
2009-09-21,31.469999313354492,27.144424438476562
2009-09-22,32.25,27.81719970703125
2009-09-23,31.520000457763672,27.187541961669922
2009-09-24,30.420000076293945,26.238737106323242
2009-09-25,31.059999465942383,26.790767669677734
2009-09-28,32.119998931884766,27.705074310302734
2009-09-29,32.7599983215332,28.257108688354492
2009-09-30,32.459999084472656,27.99833869934082
2009-10-01,31.0,26.739017486572266
2009-10-02,30.6200008392334,26.4112491607666
2009-10-05,32.72999954223633,28.23122215270996
2009-10-06,34.349998474121094,29.628559112548828
2009-10-07,34.15999984741211,29.464675903320312
2009-10-08,35.61000061035156,30.715375900268555
2009-10-09,34.689998626708984,29.921815872192383
2009-10-12,34.95000076293945,30.146081924438477
2009-10-13,34.9900016784668,30.180587768554688
2009-10-14,35.65999984741211,30.758506774902344
2009-10-15,36.400001525878906,31.396791458129883
2009-10-16,36.4900016784668,31.47441864013672
2009-10-19,37.189998626708984,32.07819747924805
2009-10-20,37.130001068115234,32.026432037353516
2009-10-21,36.81999969482422,31.759052276611328
2009-10-22,37.220001220703125,32.10407638549805
2009-10-23,35.400001525878906,30.53424072265625
2009-10-26,34.81999969482422,30.033950805664062
2009-10-27,36.0,31.0517635345459
2009-10-28,33.7599983215332,29.16015625
2009-10-29,35.36000061035156,30.54215431213379
2009-10-30,34.099998474121094,29.453824996948242
2009-11-02,34.09000015258789,29.4451904296875
2009-11-03,33.650001525878906,29.065141677856445
2009-11-04,33.41999816894531,28.86647605895996
2009-11-05,34.150001525878906,29.49702262878418
2009-11-06,33.45000076293945,28.892391204833984
2009-11-09,34.47999954223633,29.782060623168945
2009-11-10,34.400001525878906,29.712953567504883
2009-11-11,33.56999969482422,28.99603843688965
2009-11-12,32.63999938964844,28.192750930786133
2009-11-13,32.790000915527344,28.32232093811035
2009-11-16,34.060001373291016,29.41928482055664
2009-11-17,34.060001373291016,29.41928482055664
2009-11-18,32.709999084472656,28.25321388244629
2009-11-19,31.5,27.208084106445312
2009-11-20,30.59000015258789,26.42207145690918
2009-11-23,31.59000015258789,27.285816192626953
2009-11-24,32.060001373291016,27.6917781829834
2009-11-25,33.119998931884766,28.607358932495117
2009-11-27,32.27000045776367,27.873167037963867
2009-11-30,32.380001068115234,27.968175888061523
2009-12-01,32.84000015258789,28.36550521850586
2009-12-02,32.0,27.63995933532715
2009-12-03,31.110000610351562,26.871217727661133
2009-12-04,31.200000762939453,26.948957443237305
2009-12-07,31.489999771118164,27.19944190979004
2009-12-08,30.969999313354492,26.75029754638672
2009-12-09,31.389999389648438,27.11307144165039
2009-12-10,32.86000061035156,28.382781982421875
2009-12-11,33.25,28.719642639160156
2009-12-14,34.849998474121094,30.10164451599121
2009-12-15,35.36000061035156,30.54215431213379
2009-12-16,35.34000015258789,30.52487564086914
2009-12-17,34.95000076293945,30.18800926208496
2009-12-18,35.93000030517578,31.034494400024414
2009-12-21,35.7400016784668,30.870384216308594
2009-12-22,35.209999084472656,30.41258430480957
2009-12-23,36.029998779296875,31.12087059020996
2009-12-24,36.099998474121094,31.181310653686523
2009-12-28,35.720001220703125,30.85309600830078
2009-12-29,35.11000061035156,30.326217651367188
2009-12-30,34.68000030517578,29.954797744750977
2009-12-31,34.2400016784668,29.574748992919922
2010-01-04,36.130001068115234,31.207250595092773
2010-01-05,36.77000045776367,31.76004409790039
2010-01-06,37.20000076293945,32.131439208984375
2010-01-07,37.0,31.958707809448242
2010-01-08,37.650001525878906,32.52013397216797
2010-01-11,37.310001373291016,32.22645950317383
2010-01-12,36.119998931884766,31.198604583740234
2010-01-13,36.31999969482422,31.37135124206543
2010-01-14,37.88999938964844,32.72742462158203
2010-01-15,37.439998626708984,32.338741302490234
2010-01-19,37.720001220703125,32.580596923828125
2010-01-20,37.0,31.958707809448242
2010-01-21,36.36000061035156,31.40591049194336
2010-01-22,36.20000076293945,31.267698287963867
2010-01-25,36.5099983215332,31.535465240478516
2010-01-26,35.58000183105469,30.732179641723633
2010-01-27,34.34000015258789,29.661128997802734
2010-01-28,33.189998626708984,28.66781997680664
2010-01-29,32.040000915527344,27.674509048461914
2010-02-01,33.38999938964844,28.84056854248047
2010-02-02,34.470001220703125,29.773412704467773
2010-02-03,33.619998931884766,29.03922462463379
2010-02-04,31.899999618530273,27.55358123779297
2010-02-05,31.8799991607666,27.536300659179688
2010-02-08,31.850000381469727,27.510391235351562
2010-02-09,32.720001220703125,28.26185417175293
2010-02-10,32.59000015258789,28.149574279785156
2010-02-11,33.18000030517578,28.659183502197266
2010-02-12,33.310001373291016,28.771465301513672
2010-02-16,34.43000030517578,29.738866806030273
2010-02-17,34.439998626708984,29.747499465942383
2010-02-18,34.119998931884766,29.47109603881836
2010-02-19,34.20000076293945,29.540203094482422
2010-02-22,33.5099983215332,28.944215774536133
2010-02-23,31.639999389648438,27.329011917114258
2010-02-24,31.90999984741211,27.562219619750977
2010-02-25,31.940000534057617,27.588134765625
2010-02-26,32.58000183105469,28.14093589782715
2010-03-01,33.54999923706055,28.97877311706543
2010-03-02,34.209999084472656,29.54883575439453
2010-03-03,34.9900016784668,30.222562789916992
2010-03-04,35.04999923706055,30.274385452270508
2010-03-05,36.11000061035156,31.189958572387695
2010-03-08,36.27000045776367,31.328147888183594
2010-03-09,36.689998626708984,31.690942764282227
2010-03-10,36.880001068115234,31.855060577392578
2010-03-11,37.02000045776367,31.975969314575195
2010-03-12,36.83000183105469,31.81185531616211
2010-03-15,36.70000076293945,31.699565887451172
2010-03-16,37.02000045776367,31.975969314575195
2010-03-17,37.33000183105469,32.243736267089844
2010-03-18,35.90999984741211,31.017215728759766
2010-03-19,34.08000183105469,29.436559677124023
2010-03-22,33.61000061035156,29.030582427978516
2010-03-23,34.7400016784668,30.006628036499023
2010-03-24,34.84000015258789,30.09300422668457
2010-03-25,33.630001068115234,29.047870635986328
2010-03-26,33.58000183105469,29.004684448242188
2010-03-29,34.439998626708984,29.747499465942383
2010-03-30,34.189998626708984,29.531557083129883
2010-03-31,34.810001373291016,30.067096710205078
2010-04-01,36.65999984741211,31.66502571105957
2010-04-05,37.900001525878906,32.73607635498047
2010-04-06,38.36000061035156,33.133392333984375
2010-04-07,37.75,32.606502532958984
2010-04-08,37.599998474121094,32.47694396972656
2010-04-09,37.7599983215332,32.61516189575195
2010-04-12,38.09000015258789,32.90018844604492
2010-04-13,37.72999954223633,32.58924102783203
2010-04-14,38.09000015258789,32.90018844604492
2010-04-15,39.45000076293945,34.07488250732422
2010-04-16,38.31999969482422,33.098838806152344
2010-04-19,38.0,32.822452545166016
2010-04-20,39.4900016784668,34.109432220458984
2010-04-21,39.5,34.118072509765625
2010-04-22,39.81999969482422,34.39446258544922
2010-04-23,41.900001525878906,36.19107437133789
2010-04-26,41.869998931884766,36.165157318115234
2010-04-27,40.439998626708984,34.92999267578125
2010-04-28,40.439998626708984,34.97322463989258
2010-04-29,40.689998626708984,35.189449310302734
2010-04-30,40.2400016784668,34.80025100708008
2010-05-03,40.20000076293945,34.76567840576172
2010-05-04,42.2400016784668,36.529911041259766
2010-05-05,42.720001220703125,36.94502258300781
2010-05-06,40.150001525878906,34.72245788574219
2010-05-07,38.77000045776367,33.52899932861328
2010-05-10,42.290000915527344,36.57314682006836
2010-05-11,42.59000015258789,36.83259201049805
2010-05-12,43.86000061035156,37.930908203125
2010-05-13,44.099998474121094,38.13848876953125
2010-05-14,43.25,37.403377532958984
2010-05-17,41.27000045776367,35.691036224365234
2010-05-18,41.79999923706055,36.149383544921875
2010-05-19,40.880001068115234,35.35375213623047
2010-05-20,37.68000030517578,32.58634567260742
2010-05-21,39.970001220703125,34.56678771972656
2010-05-24,38.61000061035156,33.390621185302734
2010-05-25,38.790000915527344,33.54628372192383
2010-05-26,39.88999938964844,34.49757766723633
2010-05-27,42.65999984741211,36.893131256103516
2010-05-28,43.2400016784668,37.39473342895508
2010-06-01,42.56999969482422,36.815284729003906
2010-06-02,45.709999084472656,39.53081130981445
2010-06-03,46.130001068115234,39.894046783447266
2010-06-04,43.869998931884766,37.93955612182617
2010-06-07,43.130001068115234,37.299591064453125
2010-06-08,44.79999923706055,38.74383544921875
2010-06-09,44.689998626708984,38.648719787597656
2010-06-10,45.93000030517578,39.7210693359375
2010-06-11,46.59000015258789,40.2918586730957
2010-06-14,46.61000061035156,40.30916976928711
2010-06-15,47.810001373291016,41.34695053100586
2010-06-16,47.790000915527344,41.32963943481445
2010-06-17,46.470001220703125,40.18809127807617
2010-06-18,47.54999923706055,41.12207794189453
2010-06-21,47.16999816894531,40.79344940185547
2010-06-22,44.560001373291016,38.536285400390625
2010-06-23,44.619998931884766,38.58817672729492
2010-06-24,43.66999816894531,37.766597747802734
2010-06-25,43.790000915527344,37.87038803100586
2010-06-28,43.0,37.187171936035156
2010-06-29,40.400001525878906,34.93864822387695
2010-06-30,40.15999984741211,34.731082916259766
2010-07-01,40.150001525878906,34.72245788574219
2010-07-02,39.439998626708984,34.10841751098633
2010-07-06,40.70000076293945,35.198081970214844
2010-07-07,43.45000076293945,37.57634353637695
2010-07-08,44.34000015258789,38.34602355957031
2010-07-09,44.630001068115234,38.59681701660156
2010-07-12,43.880001068115234,37.94822311401367
2010-07-13,44.34000015258789,38.34602355957031
2010-07-14,44.349998474121094,38.35466384887695
2010-07-15,43.810001373291016,37.88768005371094
2010-07-16,41.13999938964844,35.57859420776367
2010-07-19,41.95000076293945,36.279109954833984
2010-07-20,42.79999923706055,37.014198303222656
2010-07-21,42.439998626708984,36.70287322998047
2010-07-22,43.900001525878906,37.965511322021484
2010-07-23,43.959999084472656,38.01738357543945
2010-07-26,43.849998474121094,37.92226791381836
2010-07-27,42.470001220703125,36.72880935668945
2010-07-28,41.77000045776367,36.12343978881836
2010-07-29,41.41999816894531,35.82075881958008
2010-07-30,41.41999816894531,35.82075881958008
2010-08-02,43.0099983215332,37.19580841064453
2010-08-03,39.7400016784668,34.36784744262695
2010-08-04,41.43000030517578,35.82941436767578
2010-08-05,41.470001220703125,35.86399459838867
2010-08-06,40.27000045776367,34.82621765136719
2010-08-09,40.31999969482422,34.86945724487305
2010-08-10,39.38999938964844,34.0651741027832
2010-08-11,37.86000061035156,32.74201202392578
2010-08-12,36.68000030517578,31.721521377563477
2010-08-13,37.22999954223633,32.19715881347656
2010-08-16,36.81999969482422,31.84259605407715
2010-08-17,37.130001068115234,32.110687255859375
2010-08-18,36.9900016784668,31.98961067199707
2010-08-19,36.459999084472656,31.531259536743164
2010-08-20,35.47999954223633,30.683740615844727
2010-08-23,35.56999969482422,30.761577606201172
2010-08-24,34.79999923706055,30.095657348632812
2010-08-25,35.54999923706055,30.7442684173584
2010-08-26,36.08000183105469,31.20262336730957
2010-08-27,37.2599983215332,32.223114013671875
2010-08-30,37.2400016784668,32.20580291748047
2010-08-31,37.9900016784668,32.85443878173828
2010-09-01,39.459999084472656,34.125709533691406
2010-09-02,39.619998931884766,34.26408386230469
2010-09-03,39.5,34.16029739379883
2010-09-07,38.400001525878906,33.20901870727539
2010-09-08,38.630001068115234,33.40791702270508
2010-09-09,38.5099983215332,33.304141998291016
2010-09-10,38.91999816894531,33.6587028503418
2010-09-13,39.369998931884766,34.047882080078125
2010-09-14,38.38999938964844,33.20035171508789
2010-09-15,36.97999954223633,31.980968475341797
2010-09-16,36.689998626708984,31.730175018310547
2010-09-17,36.099998474121094,31.219913482666016
2010-09-20,36.529998779296875,31.59178352355957
2010-09-21,36.06999969482422,31.193984985351562
2010-09-22,35.7599983215332,30.925880432128906
2010-09-23,35.400001525878906,30.614559173583984
2010-09-24,36.97999954223633,31.980968475341797
2010-09-27,37.11000061035156,32.0933952331543
2010-09-28,37.529998779296875,32.45661544799805
2010-09-29,38.25,33.079280853271484
2010-09-30,37.459999084472656,32.39606857299805
2010-10-01,38.130001068115234,32.975521087646484
2010-10-04,37.959999084472656,32.828487396240234
2010-10-05,38.880001068115234,33.62411880493164
2010-10-06,38.5,33.295494079589844
2010-10-07,38.13999938964844,32.98414993286133
2010-10-08,39.310001373291016,33.99599075317383
2010-10-11,40.040000915527344,34.627315521240234
2010-10-12,40.560001373291016,35.07701110839844
2010-10-13,41.79999923706055,36.149383544921875
2010-10-14,41.529998779296875,35.91588592529297
2010-10-15,41.349998474121094,35.76021194458008
2010-10-18,41.2599983215332,35.68239212036133
2010-10-19,40.0099983215332,34.60136413574219
2010-10-20,39.97999954223633,34.575416564941406
2010-10-21,40.15999984741211,34.731082916259766
2010-10-22,40.689998626708984,35.189449310302734
2010-10-25,42.02000045776367,36.33964920043945
2010-10-26,42.0,36.32235336303711
2010-10-27,41.79999923706055,36.192474365234375
2010-10-28,41.34000015258789,35.79418182373047
2010-10-29,41.68000030517578,36.08858871459961
2010-11-01,42.41999816894531,36.72929382324219
2010-11-02,42.369998931884766,36.68600082397461
2010-11-03,45.349998474121094,39.2662353515625
2010-11-04,46.459999084472656,40.22734069824219
2010-11-05,47.880001068115234,41.456844329833984
2010-11-08,48.91999816894531,42.3573112487793
2010-11-09,49.099998474121094,42.51316833496094
2010-11-10,50.0,43.29243850708008
2010-11-11,50.099998474121094,43.37902069091797
2010-11-12,49.060001373291016,42.47853088378906
2010-11-15,48.939998626708984,42.37464141845703
2010-11-16,48.439998626708984,41.941707611083984
2010-11-17,48.2400016784668,41.76853561401367
2010-11-18,49.27000045776367,42.66035461425781
2010-11-19,49.11000061035156,42.52183151245117
2010-11-22,49.869998931884766,43.17987060546875
2010-11-23,48.95000076293945,42.3832893371582
2010-11-24,49.650001525878906,42.9893798828125
2010-11-26,49.08000183105469,42.495849609375
2010-11-29,49.7400016784668,43.067317962646484
2010-11-30,49.689998626708984,43.024009704589844
2010-12-01,51.68000030517578,44.7470588684082
2010-12-02,52.849998474121094,45.760108947753906
2010-12-03,52.650001525878906,45.58694076538086
2010-12-06,53.68000030517578,46.4787483215332
2010-12-07,53.470001220703125,46.29693603515625
2010-12-08,52.540000915527344,45.49169158935547
2010-12-09,53.599998474121094,46.409488677978516
2010-12-10,54.2599983215332,46.98094940185547
2010-12-13,55.5,48.054603576660156
2010-12-14,54.060001373291016,46.807777404785156
2010-12-15,54.0,46.75582504272461
2010-12-16,54.630001068115234,47.30131530761719
2010-12-17,55.5,48.054603576660156
2010-12-20,55.90999984741211,48.409603118896484
2010-12-21,56.54999923706055,48.963748931884766
2010-12-22,57.459999084472656,49.75165557861328
2010-12-23,58.09000015258789,50.297157287597656
2010-12-27,57.93000030517578,50.15861892700195
2010-12-28,58.560001373291016,50.7041015625
2010-12-29,58.900001525878906,50.99848175048828
2010-12-30,58.61000061035156,50.74737548828125
2010-12-31,58.93000030517578,51.02446365356445
2011-01-03,60.31999969482422,52.22799301147461
2011-01-04,58.599998474121094,50.73872756958008
2011-01-05,59.02000045776367,51.102386474609375
2011-01-06,58.97999954223633,51.06775665283203
2011-01-07,59.939998626708984,51.89897155761719
2011-01-10,59.54999923706055,51.561283111572266
2011-01-11,60.02000045776367,51.968238830566406
2011-01-12,59.880001068115234,51.84702682495117
2011-01-13,58.709999084472656,50.83396911621094
2011-01-14,58.5,50.65214920043945
2011-01-18,59.189998626708984,51.24958801269531
2011-01-19,58.2599983215332,50.4443473815918
2011-01-20,56.810001373291016,49.18886184692383
2011-01-21,56.04999923706055,48.530818939208984
2011-01-24,56.31999969482422,48.76458740234375
2011-01-25,56.040000915527344,48.52215576171875
2011-01-26,59.02000045776367,51.102386474609375
2011-01-27,58.900001525878906,50.99848175048828
2011-01-28,58.810001373291016,50.920555114746094
2011-01-31,62.15999984741211,53.8211555480957
2011-02-01,61.97999954223633,53.66529846191406
2011-02-02,62.58000183105469,54.1848030090332
2011-02-03,62.81999969482422,54.392608642578125
2011-02-04,63.150001525878906,54.6783447265625
2011-02-07,63.869998931884766,55.301753997802734
2011-02-08,63.220001220703125,54.738948822021484
2011-02-09,61.95000076293945,53.63932418823242
2011-02-10,63.04999923706055,54.591758728027344
2011-02-11,63.13999938964844,54.669681549072266
2011-02-14,63.9900016784668,55.40566635131836
2011-02-15,64.41000366210938,55.769325256347656
2011-02-16,66.23999786376953,57.35380935668945
2011-02-17,66.20999908447266,57.32783889770508
2011-02-18,66.38999938964844,57.48368835449219
2011-02-22,64.76000213623047,56.072357177734375
2011-02-23,66.8499984741211,57.881980895996094
2011-02-24,67.68000030517578,58.600624084472656
2011-02-25,72.06999969482422,62.40169143676758
2011-02-28,72.47000122070312,62.74805450439453
2011-03-01,71.18000030517578,61.631107330322266
2011-03-02,70.45999908447266,61.007694244384766
2011-03-03,72.19999694824219,62.51426315307617
2011-03-04,73.0199966430664,63.224266052246094
2011-03-07,72.30999755859375,62.609519958496094
2011-03-08,72.1500015258789,62.470977783203125
2011-03-09,72.58999633789062,62.85193634033203
2011-03-10,68.51000213623047,59.319278717041016
2011-03-11,70.33999633789062,60.9037971496582
2011-03-14,71.37999725341797,61.80427551269531
2011-03-15,71.61000061035156,62.00345230102539
2011-03-16,71.23999786376953,61.68307113647461
2011-03-17,73.01000213623047,63.215614318847656
2011-03-18,72.26000213623047,62.56623077392578
2011-03-21,73.19000244140625,63.37147521972656
2011-03-22,72.08000183105469,62.4103889465332
2011-03-23,71.13999938964844,61.59648132324219
2011-03-24,71.18000030517578,61.631107330322266
2011-03-25,72.61000061035156,62.869266510009766
2011-03-28,70.94000244140625,61.42332077026367
2011-03-29,73.0999984741211,63.29355239868164
2011-03-30,74.19000244140625,64.2373275756836
2011-03-31,74.19000244140625,64.2373275756836
2011-04-01,76.26000213623047,66.0296401977539
2011-04-04,76.19000244140625,65.96903991699219
2011-04-05,77.56999969482422,67.16388702392578
2011-04-06,74.72000122070312,64.69622802734375
2011-04-07,74.77999877929688,64.74817657470703
2011-04-08,74.86000061035156,64.81742858886719
2011-04-11,71.79000091552734,62.15928268432617
2011-04-12,68.7699966430664,59.544410705566406
2011-04-13,69.93000030517578,60.54878616333008
2011-04-14,70.08000183105469,60.67865753173828
2011-04-15,71.72000122070312,62.09864044189453
2011-04-18,69.83999633789062,60.470890045166016
2011-04-19,71.79000091552734,62.15928268432617
2011-04-20,74.41000366210938,64.42781066894531
2011-04-21,74.69000244140625,64.6702651977539
2011-04-25,74.61000061035156,64.60099029541016
2011-04-26,75.12000274658203,65.04256439208984
2011-04-27,75.12999725341797,65.09454345703125
2011-04-28,74.62999725341797,64.66133880615234
2011-04-29,75.86000061035156,65.7270278930664
2011-05-02,74.76000213623047,64.7739486694336
2011-05-03,68.3499984741211,59.22017288208008
2011-05-04,66.05000305175781,57.22739028930664
2011-05-05,63.75,55.23461151123047
2011-05-06,65.26000213623047,56.54292678833008
2011-05-09,67.77999877929688,58.7263069152832
2011-05-10,67.5199966430664,58.50103759765625
2011-05-11,64.83000183105469,56.17035675048828
2011-05-12,64.25,55.66783142089844
2011-05-13,63.93000030517578,55.390567779541016
2011-05-16,63.470001220703125,54.99201965332031
2011-05-17,62.279998779296875,53.96095275878906
2011-05-18,64.26000213623047,55.67648696899414
2011-05-19,64.31999969482422,55.728477478027344
2011-05-20,65.27999877929688,56.56024932861328
2011-05-23,62.63999938964844,54.27287673950195
2011-05-24,63.66999816894531,55.16529846191406
2011-05-25,66.23999786376953,57.39201354980469
2011-05-26,66.80000305175781,57.877220153808594
2011-05-27,66.81999969482422,57.894554138183594
2011-05-31,66.48999786376953,57.60862731933594
2011-06-01,67.73999786376953,58.6916389465332
2011-06-02,68.76000213623047,59.57540512084961
2011-06-03,69.66999816894531,60.36386489868164
2011-06-06,67.13999938964844,58.17179489135742
2011-06-07,67.45999908447266,58.44905090332031
2011-06-08,67.55000305175781,58.527034759521484
2011-06-09,67.66999816894531,58.6309928894043
2011-06-10,66.0,57.184078216552734
2011-06-13,64.5999984741211,55.971073150634766
2011-06-14,65.37999725341797,56.64688491821289
2011-06-15,63.04999923706055,54.628116607666016
2011-06-16,63.849998474121094,55.32124710083008
2011-06-17,62.93000030517578,54.52414321899414
2011-06-20,62.970001220703125,54.558807373046875
2011-06-21,67.0,58.05049514770508
2011-06-22,66.69999694824219,57.79057312011719
2011-06-23,66.37999725341797,57.5133171081543
2011-06-24,65.37999725341797,56.64688491821289
2011-06-27,64.51000213623047,55.893096923828125
2011-06-28,66.69000244140625,57.78189468383789
2011-06-29,72.44000244140625,62.76385498046875
2011-06-30,73.4800033569336,63.664939880371094
2011-07-01,73.81999969482422,63.95952606201172
2011-07-05,74.01000213623047,64.12413787841797
2011-07-06,73.12000274658203,63.35301971435547
2011-07-07,75.66000366210938,65.55376434326172
2011-07-08,75.5,65.41511535644531
2011-07-11,72.52999877929688,62.841819763183594
2011-07-12,72.54000091552734,62.85049057006836
2011-07-13,73.2300033569336,63.44832992553711
2011-07-14,72.13999938964844,62.503929138183594
2011-07-15,77.7699966430664,67.38190460205078
2011-07-18,76.6500015258789,66.4114990234375
2011-07-19,78.94000244140625,68.3956069946289
2011-07-20,78.47000122070312,67.98839569091797
2011-07-21,79.16000366210938,68.58622741699219
2011-07-22,79.30999755859375,68.71621704101562
2011-07-25,78.87000274658203,68.3349838256836
2011-07-26,78.62000274658203,68.11836242675781
2011-07-27,76.88999938964844,66.61946868896484
2011-07-28,75.75,65.63172912597656
2011-07-29,75.3499984741211,65.28514099121094
2011-08-01,75.55999755859375,65.46708679199219
2011-08-02,82.83000183105469,71.7660140991211
2011-08-03,83.08000183105469,71.98263549804688
2011-08-04,79.05000305175781,68.4909439086914
2011-08-05,78.81999969482422,68.29165649414062
2011-08-08,69.66999816894531,60.36386489868164
2011-08-09,73.29000091552734,63.500308990478516
2011-08-10,72.87999725341797,63.14509201049805
2011-08-11,77.12000274658203,66.81871032714844
2011-08-12,76.29000091552734,66.09956359863281
2011-08-15,80.18000030517578,69.46997833251953
2011-08-16,78.76000213623047,68.23966217041016
2011-08-17,79.80000305175781,69.14075469970703
2011-08-18,72.51000213623047,62.82451248168945
2011-08-19,70.19000244140625,60.81440734863281
2011-08-22,67.44000244140625,58.431739807128906
2011-08-23,70.73999786376953,61.29093933105469
2011-08-24,69.83999633789062,60.51116180419922
2011-08-25,68.54000091552734,59.38479995727539
2011-08-26,71.83000183105469,62.2353401184082
2011-08-29,74.19999694824219,64.28876495361328
2011-08-30,75.94000244140625,65.79632568359375
2011-08-31,76.5,66.28153991699219
2011-09-01,76.5,66.28153991699219
2011-09-02,73.83000183105469,63.96818542480469
2011-09-06,73.33000183105469,63.534969329833984
2011-09-07,76.30000305175781,66.10826110839844
2011-09-08,76.12000274658203,65.95228576660156
2011-09-09,73.91999816894531,64.0461654663086
2011-09-12,74.26000213623047,64.34074401855469
2011-09-13,75.41000366210938,65.33714294433594
2011-09-14,76.5199966430664,66.29887390136719
2011-09-15,78.9800033569336,68.4302749633789
2011-09-16,79.86000061035156,69.19273376464844
2011-09-19,79.66000366210938,69.01944732666016
2011-09-20,76.98999786376953,66.70609283447266
2011-09-21,72.80000305175781,63.07577133178711
2011-09-22,66.1500015258789,57.314029693603516
2011-09-23,63.36000061035156,54.89670181274414
2011-09-26,65.86000061035156,57.06276321411133
2011-09-27,69.2699966430664,60.01728820800781
2011-09-28,65.25,56.53424072265625
2011-09-29,65.06999969482422,56.378292083740234
2011-09-30,60.650001525878906,52.5487060546875
2011-10-03,57.27000045776367,49.62017822265625
2011-10-04,59.36000061035156,51.430999755859375
2011-10-05,62.11000061035156,53.81367874145508
2011-10-06,64.56999969482422,55.9450798034668
2011-10-07,62.81999969482422,54.4288330078125
2011-10-10,66.16000366210938,57.32270812988281
2011-10-11,65.63999938964844,56.87215805053711
2011-10-12,68.2699966430664,59.1508674621582
2011-10-13,68.7300033569336,59.54940414428711
2011-10-14,71.41999816894531,61.88008499145508
2011-10-17,71.25,61.7327995300293
2011-10-18,75.80000305175781,65.67503356933594
2011-10-19,75.13999938964844,65.10323333740234
2011-10-20,74.55999755859375,64.60067749023438
2011-10-21,78.88999938964844,68.35230255126953
2011-10-24,81.58000183105469,70.68297576904297
2011-10-25,78.91000366210938,68.36962127685547
2011-10-26,83.22000122070312,72.14964294433594
2011-10-27,86.8499984741211,75.2967529296875
2011-10-28,86.18000030517578,74.71587371826172
2011-10-31,82.91000366210938,71.88087463378906
2011-11-01,78.91999816894531,68.42166137695312
2011-11-02,82.12999725341797,71.2046127319336
2011-11-03,83.7300033569336,72.591796875
2011-11-04,84.19999694824219,72.99925231933594
2011-11-07,83.66000366210938,72.5311050415039
2011-11-08,84.01000213623047,72.83455657958984
2011-11-09,79.43000030517578,68.86381530761719
2011-11-10,82.33999633789062,71.3866958618164
2011-11-11,83.47000122070312,72.36640167236328
2011-11-14,82.4800033569336,71.508056640625
2011-11-15,83.58999633789062,72.47040557861328
2011-11-16,83.51000213623047,72.40104675292969
2011-11-17,79.52999877929688,68.95050048828125
2011-11-18,78.26000213623047,67.84944915771484
2011-11-21,75.31999969482422,65.30052185058594
2011-11-22,74.33000183105469,64.44223022460938
2011-11-23,71.55000305175781,62.03205490112305
2011-11-25,70.36000061035156,61.00034713745117
2011-11-28,74.58999633789062,64.66764831542969
2011-11-29,75.9800033569336,65.87274932861328
2011-11-30,79.48999786376953,68.91580963134766
2011-12-01,78.48999786376953,68.04882049560547
2011-12-02,78.47000122070312,68.0315170288086
2011-12-05,80.13999938964844,69.47933959960938
2011-12-06,79.20999908447266,68.67306518554688
2011-12-07,77.33000183105469,67.04316711425781
2011-12-08,73.81999969482422,64.00007629394531
2011-12-09,76.31999969482422,66.16751098632812
2011-12-12,72.66000366210938,62.99439239501953
2011-12-13,72.0199966430664,62.43953323364258
2011-12-14,68.1500015258789,59.08433151245117
2011-12-15,67.9800033569336,58.93696212768555
2011-12-16,70.66999816894531,61.26909637451172
2011-12-19,68.08000183105469,59.02363586425781
2011-12-20,71.68000030517578,62.144752502441406
2011-12-21,72.63999938964844,62.9770393371582
2011-12-22,73.08000183105469,63.35853576660156
2011-12-23,73.43000030517578,63.66196060180664
2011-12-27,73.1500015258789,63.41919708251953
2011-12-28,71.97000122070312,62.39617919921875
2011-12-29,72.9000015258789,63.20246505737305
2011-12-30,73.0999984741211,63.375858306884766
2012-01-03,76.29000091552734,66.1414794921875
2012-01-04,77.9800033569336,67.60669708251953
2012-01-05,78.69000244140625,68.22222137451172
2012-01-06,78.13999938964844,67.74539184570312
2012-01-09,78.06999969482422,67.68470001220703
2012-01-10,80.93000030517578,70.16427612304688
2012-01-11,78.26000213623047,67.84944915771484
2012-01-12,75.5,65.45659637451172
2012-01-13,72.87000274658203,63.176448822021484
2012-01-17,73.55999755859375,63.77467727661133
2012-01-18,75.5199966430664,65.47394561767578
2012-01-19,74.83000183105469,64.87572479248047
2012-01-20,72.38999938964844,62.76030731201172
2012-01-23,74.25,64.37287139892578
2012-01-24,73.37999725341797,63.61859893798828
2012-01-25,74.58999633789062,64.66764831542969
2012-01-26,71.47000122070312,61.96268081665039
2012-01-27,72.22000122070312,62.612911224365234
2012-01-30,72.27999877929688,62.6649284362793
2012-01-31,72.58000183105469,62.92504119873047
2012-02-01,71.1500015258789,61.685245513916016
2012-02-02,71.51000213623047,61.99736404418945
2012-02-03,72.37999725341797,62.75163269042969
2012-02-06,74.29000091552734,64.40754699707031
2012-02-07,75.38999938964844,65.36122131347656
2012-02-08,75.80999755859375,65.725341796875
2012-02-09,76.80999755859375,66.59234619140625
2012-02-10,76.61000061035156,66.41893005371094
2012-02-13,77.11000061035156,66.8523941040039
2012-02-14,79.4800033569336,68.90714263916016
2012-02-15,79.66000366210938,69.06322479248047
2012-02-16,79.7699966430664,69.1585922241211
2012-02-17,80.94000244140625,70.17294311523438
2012-02-21,80.6500015258789,69.92152404785156
2012-02-22,79.3499984741211,68.79442596435547
2012-02-23,83.3499984741211,72.26232147216797
2012-02-24,83.29000091552734,72.21035766601562
2012-02-27,82.12000274658203,71.19596099853516
2012-02-28,80.31999969482422,69.6353988647461
2012-02-29,78.72000122070312,68.24826049804688
2012-03-01,80.56999969482422,69.85215759277344
2012-03-02,78.58999633789062,68.13551330566406
2012-03-05,78.41999816894531,67.9881591796875
2012-03-06,75.94000244140625,65.83805084228516
2012-03-07,77.05999755859375,66.80908966064453
2012-03-08,78.16999816894531,67.77140808105469
2012-03-09,78.68000030517578,68.21356201171875
2012-03-12,77.44999694824219,67.14720153808594
2012-03-13,79.33000183105469,68.77710723876953
2012-03-14,79.25,68.70772552490234
2012-03-15,79.01000213623047,68.49967956542969
2012-03-16,79.93000030517578,69.29727935791016
2012-03-19,79.8499984741211,69.22794342041016
2012-03-20,77.6500015258789,67.32060241699219
2012-03-21,77.0,66.75707244873047
2012-03-22,74.66999816894531,64.73699951171875
2012-03-23,75.30000305175781,65.28318786621094
2012-03-26,75.25,65.23986053466797
2012-03-27,72.97000122070312,63.26316452026367
2012-03-28,71.55000305175781,62.03205490112305
2012-03-29,70.51000213623047,61.130374908447266
2012-03-30,70.7699966430664,61.355812072753906
2012-04-02,70.95999908447266,61.520538330078125
2012-04-03,69.6500015258789,60.38478088378906
2012-04-04,67.68000030517578,58.67683792114258
2012-04-05,67.62999725341797,58.63348388671875
2012-04-09,66.4800033569336,57.636478424072266
2012-04-10,64.58000183105469,55.98922348022461
2012-04-11,64.33999633789062,55.78114318847656
2012-04-12,67.41999816894531,58.451446533203125
2012-04-13,65.26000213623047,56.57877731323242
2012-04-16,65.13999938964844,56.47473907470703
2012-04-17,66.33999633789062,57.51510238647461
2012-04-18,64.56999969482422,55.98054885864258
2012-04-19,64.94999694824219,56.31000900268555
2012-04-20,63.939998626708984,55.434356689453125
2012-04-23,64.29000091552734,55.7378044128418
2012-04-24,64.58999633789062,55.997901916503906
2012-04-25,65.7300033569336,57.0303955078125
2012-04-26,66.19999694824219,57.43818283081055
2012-04-27,65.61000061035156,56.926265716552734
2012-04-30,66.11000061035156,57.3600959777832
2012-05-01,67.91000366210938,58.921875
2012-05-02,65.87000274658203,57.15186309814453
2012-05-03,65.01000213623047,56.40568542480469
2012-05-04,64.55000305175781,56.0065803527832
2012-05-07,66.48999786376953,57.6898078918457
2012-05-08,66.27999877929688,57.50760269165039
2012-05-09,66.22000122070312,57.45553970336914
2012-05-10,66.29000091552734,57.51628875732422
2012-05-11,66.55000305175781,57.74185562133789
2012-05-14,64.3499984741211,55.83304977416992
2012-05-15,61.58000183105469,53.429664611816406
2012-05-16,60.560001373291016,52.544654846191406
2012-05-17,57.880001068115234,50.219356536865234
2012-05-18,56.779998779296875,49.26496124267578
2012-05-21,60.52000045776367,52.50994873046875
2012-05-22,58.630001068115234,50.87010955810547
2012-05-23,58.099998474121094,50.410240173339844
2012-05-24,55.4900016784668,48.14568328857422
2012-05-25,54.619998931884766,47.390846252441406
2012-05-29,55.70000076293945,48.327903747558594
2012-05-30,53.61000061035156,46.514522552490234
2012-05-31,54.09000015258789,46.93098449707031
2012-06-01,50.470001220703125,43.790103912353516
2012-06-04,49.529998779296875,42.974525451660156
2012-06-05,50.150001525878906,43.51247787475586
2012-06-06,51.90999984741211,45.039527893066406
2012-06-07,51.02000045776367,44.26731872558594
2012-06-08,49.29999923706055,42.77497100830078
2012-06-11,47.5,41.21320343017578
2012-06-12,47.41999816894531,41.143795013427734
2012-06-13,45.72999954223633,39.67747116088867
2012-06-14,45.900001525878906,39.824981689453125
2012-06-15,47.02000045776367,40.79673385620117
2012-06-18,46.650001525878906,40.475704193115234
2012-06-19,50.43000030517578,43.75540542602539
2012-06-20,48.599998474121094,42.16761779785156
2012-06-21,45.02000045776367,39.06143569946289
2012-06-22,45.52000045776367,39.49527359008789
2012-06-25,43.79999923706055,38.00291442871094
2012-06-26,44.619998931884766,38.714385986328125
2012-06-27,45.95000076293945,39.86835479736328
2012-06-28,45.83000183105469,39.76423263549805
2012-06-29,49.11000061035156,42.61011505126953
2012-07-02,48.11000061035156,41.74246597290039
2012-07-03,50.290000915527344,43.633941650390625
2012-07-05,49.2599983215332,42.740257263183594
2012-07-06,48.5,42.08084487915039
2012-07-09,48.400001525878906,41.994075775146484
2012-07-10,46.06999969482422,39.97245788574219
2012-07-11,47.0,40.77937316894531
2012-07-12,46.06999969482422,39.97245788574219
2012-07-13,47.75,41.43012237548828
2012-07-16,48.290000915527344,41.89863967895508
2012-07-17,51.66999816894531,44.8312873840332
2012-07-18,53.36000061035156,46.297611236572266
2012-07-19,54.5099983215332,47.29539489746094
2012-07-20,52.959999084472656,45.9505500793457
2012-07-23,50.529998779296875,43.842166900634766
2012-07-24,48.279998779296875,41.88995361328125
2012-07-25,47.63999938964844,41.33467102050781
2012-07-26,47.83000183105469,41.49951934814453
2012-07-27,49.16999816894531,42.66215896606445
2012-07-30,49.349998474121094,42.81834030151367
2012-07-31,47.09000015258789,40.857479095458984
2012-08-01,47.29999923706055,41.0396728515625
2012-08-02,41.79999923706055,36.26761245727539
2012-08-03,44.06999969482422,38.2371711730957
2012-08-06,44.619998931884766,38.714385986328125
2012-08-07,45.459999084472656,39.44321060180664
2012-08-08,47.33000183105469,41.06570053100586
2012-08-09,47.849998474121094,41.51687240600586
2012-08-10,47.540000915527344,41.24791717529297
2012-08-13,46.650001525878906,40.475704193115234
2012-08-14,47.439998626708984,41.161128997802734
2012-08-15,47.9900016784668,41.63834762573242
2012-08-16,49.04999923706055,42.558048248291016
2012-08-17,48.7400016784668,42.28908920288086
2012-08-20,47.5099983215332,41.22187042236328
2012-08-21,48.689998626708984,42.24570083618164
2012-08-22,47.869998931884766,41.53422164916992
2012-08-23,46.18000030517578,40.06790542602539
2012-08-24,46.84000015258789,40.64055252075195
2012-08-27,46.849998474121094,40.649234771728516
2012-08-28,47.5,41.21320343017578
2012-08-29,47.25,40.99629211425781
2012-08-30,45.93000030517578,39.850990295410156
2012-08-31,47.22999954223633,40.978946685791016
2012-09-04,47.689998626708984,41.378047943115234
2012-09-05,51.560001373291016,44.735843658447266
2012-09-06,50.959999084472656,44.21525955200195
2012-09-07,52.33000183105469,45.40393829345703
2012-09-10,52.099998474121094,45.204368591308594
2012-09-11,53.97999954223633,46.83555221557617
2012-09-12,55.09000015258789,47.798641204833984
2012-09-13,55.869998931884766,48.47540283203125
2012-09-14,57.779998779296875,50.13260269165039
2012-09-17,56.08000183105469,48.65760803222656
2012-09-18,54.63999938964844,47.40819549560547
2012-09-19,54.0099983215332,46.86157989501953
2012-09-20,53.13999938964844,46.10672378540039
2012-09-21,53.34000015258789,46.28025436401367
2012-09-24,52.18000030517578,45.273773193359375
2012-09-25,50.75,44.03304672241211
2012-09-26,49.83000183105469,43.23481750488281
2012-09-27,52.79999923706055,45.81172180175781
2012-09-28,54.11000061035156,46.94833755493164
2012-10-01,54.29999923706055,47.11318588256836
2012-10-02,55.02000045776367,47.73789596557617
2012-10-03,52.91999816894531,45.91584014892578
2012-10-04,53.849998474121094,46.72275161743164
2012-10-05,52.310001373291016,45.38658142089844
2012-10-08,51.93000030517578,45.0568733215332
2012-10-09,54.400001525878906,47.1999626159668
2012-10-10,53.15999984741211,46.12406921386719
2012-10-11,56.540000915527344,49.056724548339844
2012-10-12,55.189998626708984,47.885414123535156
2012-10-15,55.0099983215332,47.72922897338867
2012-10-16,56.18000030517578,48.74437713623047
2012-10-17,57.34000015258789,49.7508430480957
2012-10-18,57.619998931884766,49.9937858581543
2012-10-19,56.5099983215332,49.030704498291016
2012-10-22,55.79999923706055,48.414669036865234
2012-10-23,54.290000915527344,47.104522705078125
2012-10-24,53.08000183105469,46.09712600708008
2012-10-25,54.08000183105469,46.96556854248047
2012-10-26,53.36000061035156,46.34029006958008
2012-10-31,53.91999816894531,46.82661437988281
2012-11-01,59.72999954223633,51.872291564941406
2012-11-02,56.029998779296875,48.65904235839844
2012-11-05,57.59000015258789,50.013816833496094
2012-11-06,59.709999084472656,51.854923248291016
2012-11-07,56.72999954223633,49.26694869995117
2012-11-08,54.72999954223633,47.53005599975586
2012-11-09,54.849998474121094,47.63426208496094
2012-11-12,53.95000076293945,46.85266876220703
2012-11-13,52.58000183105469,45.662899017333984
2012-11-14,50.970001220703125,44.264705657958984
2012-11-15,50.279998779296875,43.66546630859375
2012-11-16,49.0099983215332,42.56254196166992
2012-11-19,51.279998779296875,44.53391647338867
2012-11-20,50.349998474121094,43.726261138916016
2012-11-21,50.61000061035156,43.95206069946289
2012-11-23,51.150001525878906,44.42102813720703
2012-11-26,49.91999816894531,43.35282516479492
2012-11-27,49.29999923706055,42.81440353393555
2012-11-28,49.5099983215332,42.99677276611328
2012-11-29,49.0,42.553855895996094
2012-11-30,49.689998626708984,43.15309143066406
2012-12-03,50.2400016784668,43.630741119384766
2012-12-04,50.369998931884766,43.743629455566406
2012-12-05,50.93000030517578,44.2299690246582
2012-12-06,49.58000183105469,43.05756759643555
2012-12-07,50.06999969482422,43.483089447021484
2012-12-10,47.83000183105469,41.537784576416016
2012-12-11,47.04999923706055,40.86040115356445
2012-12-12,47.25,41.03407669067383
2012-12-13,47.43000030517578,41.190399169921875
2012-12-14,47.560001373291016,41.30331039428711
2012-12-17,48.130001068115234,41.798309326171875
2012-12-18,51.380001068115234,44.620765686035156
2012-12-19,51.0099983215332,44.299434661865234
2012-12-20,53.84000015258789,46.75713348388672
2012-12-21,53.91999816894531,46.82661437988281
2012-12-24,52.40999984741211,45.515254974365234
2012-12-26,52.5,45.593421936035156
2012-12-27,51.650001525878906,44.855247497558594
2012-12-28,50.34000015258789,43.71757125854492
2012-12-31,52.209999084472656,45.341575622558594
2013-01-02,54.630001068115234,47.44321823120117
2013-01-03,54.95000076293945,47.72111511230469
2013-01-04,54.81999969482422,47.608219146728516
2013-01-07,54.77000045776367,47.56480026245117
2013-01-08,54.869998931884766,47.651634216308594
2013-01-09,53.77000045776367,46.696346282958984
2013-01-10,55.29999923706055,48.02507781982422
2013-01-11,55.59000015258789,48.27692794799805
2013-01-14,54.36000061035156,47.208736419677734
2013-01-15,55.470001220703125,48.172698974609375
2013-01-16,55.65999984741211,48.33770751953125
2013-01-17,56.56999969482422,49.12800216674805
2013-01-18,56.91999816894531,49.431968688964844
2013-01-22,59.119998931884766,51.3425407409668
2013-01-23,57.2400016784668,49.70985794067383
2013-01-24,57.29999923706055,49.7619743347168
2013-01-25,58.2400016784668,50.57830047607422
2013-01-28,57.09000015258789,49.57958221435547
2013-01-29,58.54999923706055,50.84752655029297
2013-01-30,58.9900016784668,51.22964096069336
2013-01-31,58.15999984741211,50.508819580078125
2013-02-01,58.290000915527344,50.62173080444336
2013-02-04,56.9900016784668,49.492740631103516
2013-02-05,58.0,50.36988067626953
2013-02-06,59.04999923706055,51.281742095947266
2013-02-07,58.220001220703125,50.560935974121094
2013-02-08,59.20000076293945,51.41200637817383
2013-02-11,58.27000045776367,50.60435485839844
2013-02-12,59.52000045776367,51.689910888671875
2013-02-13,60.0,52.10677719116211
2013-02-14,59.029998779296875,51.26436996459961
2013-02-15,58.2400016784668,50.57830047607422
2013-02-19,59.72999954223633,51.872291564941406
2013-02-20,58.31999969482422,50.647769927978516
2013-02-21,61.06999969482422,53.03600311279297
2013-02-22,61.779998779296875,53.6525993347168
2013-02-25,58.529998779296875,50.83013916015625
2013-02-26,57.90999984741211,50.291717529296875
2013-02-27,59.029998779296875,51.26436996459961
2013-02-28,57.880001068115234,50.26564407348633
2013-03-01,56.400001525878906,48.9803581237793
2013-03-04,56.20000076293945,48.80668258666992
2013-03-05,56.90999984741211,49.42327117919922
2013-03-06,57.060001373291016,49.55354690551758
2013-03-07,59.2599983215332,51.4641227722168
2013-03-08,58.880001068115234,51.13411331176758
2013-03-11,58.0099983215332,50.37855911254883
2013-03-12,57.119998931884766,49.605648040771484
2013-03-13,56.61000061035156,49.16273880004883
2013-03-14,59.040000915527344,51.273067474365234
2013-03-15,58.720001220703125,50.99515914916992
2013-03-18,58.790000915527344,51.05594253540039
2013-03-19,57.7599983215332,50.16144561767578
2013-03-20,57.369998931884766,49.822750091552734
2013-03-21,57.61000061035156,50.03118133544922
2013-03-22,57.27000045776367,49.73591995239258
2013-03-25,57.650001525878906,50.06592559814453
2013-03-26,59.54999923706055,51.715965270996094
2013-03-27,59.220001220703125,51.42938232421875
2013-03-28,59.220001220703125,51.42938232421875
2013-04-01,58.970001220703125,51.21227264404297
2013-04-02,58.849998474121094,51.10805892944336
2013-04-03,56.90999984741211,49.42327117919922
2013-04-04,56.540000915527344,49.1019401550293
2013-04-05,56.540000915527344,49.1019401550293
2013-04-08,57.7400016784668,50.14408493041992
2013-04-09,58.95000076293945,51.19490432739258
2013-04-10,61.0,52.97521209716797
2013-04-11,60.61000061035156,52.63651657104492
2013-04-12,59.70000076293945,51.84623336791992
2013-04-15,58.060001373291016,50.42198944091797
2013-04-16,59.869998931884766,51.993865966796875
2013-04-17,58.56999969482422,50.864891052246094
2013-04-18,59.90999984741211,52.02861404418945
2013-04-19,59.70000076293945,51.84623336791992
2013-04-22,60.02000045776367,52.12413787841797
2013-04-23,61.43000030517578,53.34865188598633
2013-04-24,62.11000061035156,53.9831428527832
2013-04-25,61.72999954223633,53.65285110473633
2013-04-26,60.91999816894531,52.9488410949707
2013-04-29,61.27000045776367,53.25303268432617
2013-04-30,61.0,53.01836013793945
2013-05-01,57.939998626708984,50.35875701904297
2013-05-02,58.810001373291016,51.114925384521484
2013-05-03,61.7599983215332,53.678924560546875
2013-05-06,62.0099983215332,53.89621353149414
2013-05-07,62.970001220703125,54.730613708496094
2013-05-08,63.540000915527344,55.22602081298828
2013-05-09,62.54999923706055,54.36555480957031
2013-05-10,61.560001373291016,53.50509262084961
2013-05-13,60.880001068115234,52.9140739440918
2013-05-14,62.029998779296875,53.91360092163086
2013-05-15,60.34000015258789,52.444732666015625
2013-05-16,61.060001373291016,53.07052230834961
2013-05-17,63.04999923706055,54.80014419555664
2013-05-20,64.62999725341797,56.17340087890625
2013-05-21,63.939998626708984,55.57366943359375
2013-05-22,63.02000045776367,54.7740592956543
2013-05-23,63.02000045776367,54.7740592956543
2013-05-24,61.599998474121094,53.53987121582031
2013-05-28,62.869998931884766,54.64369201660156
2013-05-29,62.689998626708984,54.487239837646484
2013-05-30,61.900001525878906,53.80060577392578
2013-05-31,60.63999938964844,52.705474853515625
2013-06-03,61.0099983215332,53.027061462402344
2013-06-04,61.310001373291016,53.28780746459961
2013-06-05,61.20000076293945,53.192203521728516
2013-06-06,62.119998931884766,53.9918212890625
2013-06-07,63.15999984741211,54.89573669433594
2013-06-10,63.04999923706055,54.80014419555664
2013-06-11,61.86000061035156,53.765846252441406
2013-06-12,61.61000061035156,53.54856491088867
2013-06-13,62.349998474121094,54.19171905517578
2013-06-14,61.75,53.67023468017578
2013-06-17,62.720001220703125,54.51332092285156
2013-06-18,62.47999954223633,54.30471420288086
2013-06-19,62.16999816894531,54.035282135009766
2013-06-20,60.459999084472656,52.549015045166016
2013-06-21,60.9900016784668,53.009681701660156
2013-06-24,59.65999984741211,51.85369110107422
2013-06-25,60.459999084472656,52.549015045166016
2013-06-26,60.20000076293945,52.32304382324219
2013-06-27,59.90999984741211,52.07099151611328
2013-06-28,59.97999954223633,52.1318359375
2013-07-01,60.61000061035156,52.67940139770508
2013-07-02,61.81999969482422,53.73107147216797
2013-07-03,62.65999984741211,54.46116638183594
2013-07-05,64.30999755859375,55.895263671875
2013-07-08,63.58000183105469,55.26077651977539
2013-07-09,64.01000213623047,55.634517669677734
2013-07-10,64.18000030517578,55.78227996826172
2013-07-11,64.23999786376953,55.834442138671875
2013-07-12,64.2699966430664,55.86050033569336
2013-07-15,64.0999984741211,55.71274948120117
2013-07-16,64.20999908447266,55.808349609375
2013-07-17,65.5,56.9295768737793
2013-07-18,66.77999877929688,58.04207992553711
2013-07-19,67.66000366210938,58.80692672729492
2013-07-22,67.29000091552734,58.48535919189453
2013-07-23,66.9800033569336,58.215911865234375
2013-07-24,65.2699966430664,56.72965621948242
2013-07-25,66.30999755859375,57.633583068847656
2013-07-26,65.97000122070312,57.33806228637695
2013-07-29,65.01000213623047,56.50368118286133
2013-07-30,66.30999755859375,57.633583068847656
2013-07-31,68.7300033569336,59.736934661865234
2013-08-01,70.31999969482422,61.11886978149414
2013-08-02,70.5199966430664,61.292694091796875
2013-08-05,70.0999984741211,60.92766571044922
2013-08-06,69.31999969482422,60.24972915649414
2013-08-07,68.44000244140625,59.4848747253418
2013-08-08,67.94000244140625,59.05029296875
2013-08-09,67.9800033569336,59.08507537841797
2013-08-12,67.95999908447266,59.067684173583984
2013-08-13,68.37000274658203,59.42404556274414
2013-08-14,67.63999938964844,58.789554595947266
2013-08-15,67.52999877929688,58.693939208984375
2013-08-16,68.4000015258789,59.45011520385742
2013-08-19,67.11000061035156,58.32889938354492
2013-08-20,68.27999877929688,59.34581756591797
2013-08-21,66.73999786376953,58.00731658935547
2013-08-22,68.23999786376953,59.31103515625
2013-08-23,68.80999755859375,59.80647277832031
2013-08-26,68.7300033569336,59.736934661865234
2013-08-27,68.58000183105469,59.60655975341797
2013-08-28,69.5199966430664,60.42355728149414
2013-08-29,68.9000015258789,59.88468551635742
2013-08-30,68.31999969482422,59.380584716796875
2013-09-03,68.73999786376953,59.74560546875
2013-09-04,69.5199966430664,60.42355728149414
2013-09-05,70.86000061035156,61.588233947753906
2013-09-06,71.61000061035156,62.24010467529297
2013-09-09,73.01000213623047,63.45689392089844
2013-09-10,73.31999969482422,63.72634506225586
2013-09-11,74.80000305175781,65.0126724243164
2013-09-12,75.13999938964844,65.30821228027344
2013-09-13,74.12999725341797,64.43035125732422
2013-09-16,74.38999938964844,64.65632629394531
2013-09-17,76.3499984741211,66.3598861694336
2013-09-18,76.55000305175781,66.53372192382812
2013-09-19,75.62999725341797,65.73408508300781
2013-09-20,75.11000061035156,65.28213500976562
2013-09-23,75.80999755859375,65.89054107666016
2013-09-24,76.47000122070312,66.46416473388672
2013-09-25,76.47000122070312,66.46416473388672
2013-09-26,77.69000244140625,67.52452850341797
2013-09-27,77.47000122070312,67.33332061767578
2013-09-30,77.19000244140625,67.08995819091797
2013-10-01,78.19000244140625,67.95913696289062
2013-10-02,78.77999877929688,68.47193145751953
2013-10-03,79.04000091552734,68.69788360595703
2013-10-04,80.5999984741211,70.05377197265625
2013-10-07,79.56999969482422,69.15853881835938
2013-10-08,78.93000030517578,68.602294921875
2013-10-09,79.08999633789062,68.7413558959961
2013-10-10,80.98999786376953,70.39274597167969
2013-10-11,81.87000274658203,71.15763092041016
2013-10-14,83.19999694824219,72.3135986328125
2013-10-15,83.37000274658203,72.46131896972656
2013-10-16,85.5999984741211,74.39955139160156
2013-10-17,85.5,74.31261444091797
2013-10-18,87.13999938964844,75.738037109375
2013-10-21,87.0,75.61637115478516
2013-10-22,86.06999969482422,74.80807495117188
2013-10-23,83.08000183105469,72.25123596191406
2013-10-24,85.2699966430664,74.15579223632812
2013-10-25,86.2699966430664,75.02545928955078
2013-10-28,86.1500015258789,74.92109680175781
2013-10-29,87.47000122070312,76.06904602050781
2013-10-30,89.69000244140625,77.99968719482422
2013-10-31,88.61000061035156,77.06047821044922
2013-11-01,87.98999786376953,76.52127838134766
2013-11-04,89.94999694824219,78.22579193115234
2013-11-05,89.2699966430664,77.63444519042969
2013-11-06,87.29000091552734,75.91250610351562
2013-11-07,85.06999969482422,73.98187255859375
2013-11-08,87.41000366210938,76.01688385009766
2013-11-11,88.48999786376953,76.95611572265625
2013-11-12,87.13999938964844,75.78205871582031
2013-11-13,89.83999633789062,78.1301498413086
2013-11-14,90.94999694824219,79.09546661376953
2013-11-15,91.4800033569336,79.556396484375
2013-11-18,87.9800033569336,76.51258087158203
2013-11-19,87.33000183105469,75.94730377197266
2013-11-20,87.56999969482422,76.1560287475586
2013-11-21,91.19000244140625,79.3041763305664
2013-11-22,90.80000305175781,78.96502685546875
2013-11-25,89.68000030517578,77.99099731445312
2013-11-26,91.9800033569336,79.99121856689453
2013-11-27,88.93000030517578,77.3387680053711
2013-11-29,88.13999938964844,76.6517333984375
2013-12-02,89.12000274658203,77.50399780273438
2013-12-03,90.87999725341797,79.0345687866211
2013-12-04,91.48999786376953,79.5650863647461
2013-12-05,90.66999816894531,78.85194396972656
2013-12-06,84.8499984741211,73.79055786132812
2013-12-09,83.58000183105469,72.68608093261719
2013-12-10,83.6500015258789,72.7469482421875
2013-12-11,80.63999938964844,70.12928771972656
2013-12-12,81.2300033569336,70.64238739013672
2013-12-13,79.69999694824219,69.31178283691406
2013-12-16,80.93000030517578,70.38147735595703
2013-12-17,80.88999938964844,70.34671020507812
2013-12-18,81.47000122070312,70.85110473632812
2013-12-19,81.58000183105469,70.94676208496094
2013-12-20,81.13999938964844,70.56411743164062
2013-12-23,83.08999633789062,72.25994110107422
2013-12-24,82.86000061035156,72.05994415283203
2013-12-26,81.9800033569336,71.29463195800781
2013-12-27,82.91000366210938,72.10340118408203
2013-12-30,83.29000091552734,72.43388366699219
2013-12-31,83.11000061035156,72.27734375
2014-01-02,82.55000305175781,71.79035186767578
2014-01-03,81.94000244140625,71.25984954833984
2014-01-06,80.37999725341797,69.9031753540039
2014-01-07,82.9800033569336,72.16427612304688
2014-01-08,81.58000183105469,70.94676208496094
2014-01-09,81.37999725341797,70.77284240722656
2014-01-10,82.83999633789062,72.04254150390625
2014-01-13,81.62999725341797,70.99024200439453
2014-01-14,83.7699966430664,72.851318359375
2014-01-15,84.87000274658203,73.80794525146484
2014-01-16,84.98999786376953,73.91230773925781
2014-01-17,84.18000030517578,73.20787811279297
2014-01-21,85.83999633789062,74.65150451660156
2014-01-22,87.58999633789062,76.17341613769531
2014-01-23,86.9000015258789,75.57334899902344
2014-01-24,84.0,73.05133056640625
2014-01-27,81.70999908447266,71.05982208251953
2014-01-28,84.25,73.26875305175781
2014-01-29,82.87000274658203,72.06864166259766
2014-01-30,83.38999938964844,72.52084350585938
2014-01-31,82.76000213623047,71.97296905517578
2014-02-03,79.88999938964844,69.4770278930664
2014-02-04,82.66000366210938,71.88601684570312
2014-02-05,81.94999694824219,71.26853942871094
2014-02-06,83.94000244140625,72.9991455078125
2014-02-07,84.93000030517578,73.86009979248047
2014-02-10,83.91999816894531,72.98177337646484
2014-02-11,84.61000061035156,73.58184051513672
2014-02-12,85.77999877929688,74.59932708740234
2014-02-13,86.75,75.4428939819336
2014-02-14,86.13999938964844,74.91242218017578
2014-02-18,89.58000183105469,77.9040298461914
2014-02-19,74.30000305175781,64.61565399169922
2014-02-20,71.69999694824219,62.35452651977539
2014-02-21,72.88999938964844,63.38943862915039
2014-02-24,73.44999694824219,63.87641906738281
2014-02-25,71.66999816894531,62.328433990478516
2014-02-26,73.06999969482422,63.545982360839844
2014-02-27,73.23999786376953,63.69378662109375
2014-02-28,73.75,64.1373519897461
2014-03-03,74.11000061035156,64.45042419433594
2014-03-04,75.81999969482422,65.93756103515625
2014-03-05,73.94000244140625,64.30258178710938
2014-03-06,74.06999969482422,64.41561889648438
2014-03-07,74.4000015258789,64.7026138305664
2014-03-10,72.9800033569336,63.46769714355469
2014-03-11,72.08000183105469,62.68502426147461
2014-03-12,71.58999633789062,62.25885009765625
2014-03-13,69.61000061035156,60.536964416503906
2014-03-14,70.19000244140625,61.0413703918457
2014-03-17,69.9000015258789,60.78915023803711
2014-03-18,70.58999633789062,61.389198303222656
2014-03-19,69.94999694824219,60.832645416259766
2014-03-20,71.05000305175781,61.78923416137695
2014-03-21,70.8499984741211,61.615325927734375
2014-03-24,70.69000244140625,61.47618103027344
2014-03-25,70.58000183105469,61.38051986694336
2014-03-26,69.76000213623047,60.66741180419922
2014-03-27,70.87000274658203,61.63270568847656
2014-03-28,71.72000122070312,62.371917724609375
2014-03-31,71.29000091552734,61.99797058105469
2014-04-01,72.22000122070312,62.806758880615234
2014-04-02,73.58999633789062,63.998199462890625
2014-04-03,74.87999725341797,65.12004089355469
2014-04-04,73.5999984741211,64.00687408447266
2014-04-07,71.9000015258789,62.52847671508789
2014-04-08,73.04000091552734,63.519874572753906
2014-04-09,72.95999908447266,63.450294494628906
2014-04-10,72.56999969482422,63.11114501953125
2014-04-11,72.69999694824219,63.22418975830078
2014-04-14,73.61000061035156,64.01558685302734
2014-04-15,74.13999938964844,64.47649383544922
2014-04-16,74.94000244140625,65.1722183227539
2014-04-17,77.0,66.96372985839844
2014-04-21,77.91999816894531,67.76380157470703
2014-04-22,77.94000244140625,67.78123474121094
2014-04-23,78.68000030517578,68.46868133544922
2014-04-24,79.30000305175781,69.00820922851562
2014-04-25,78.5199966430664,68.32942962646484
2014-04-28,78.55000305175781,68.35554504394531
2014-04-29,79.73999786376953,69.3910903930664
2014-04-30,74.12999725341797,64.50918579101562
2014-05-01,74.11000061035156,64.49177551269531
2014-05-02,75.0,65.26628112792969
2014-05-05,75.22000122070312,65.45770263671875
2014-05-06,76.25,66.35404205322266
2014-05-07,76.08000183105469,66.20612335205078
2014-05-08,72.37000274658203,62.977603912353516
2014-05-09,73.29000091552734,63.7781867980957
2014-05-12,74.45999908447266,64.79634857177734
2014-05-13,75.0199966430664,65.28368377685547
2014-05-14,74.37000274658203,64.7180404663086
2014-05-15,75.8499984741211,66.00593566894531
2014-05-16,74.61000061035156,64.9269027709961
2014-05-19,75.3499984741211,65.57084655761719
2014-05-20,76.02999877929688,66.16259765625
2014-05-21,78.02999877929688,67.90302276611328
2014-05-22,77.45999908447266,67.40701293945312
2014-05-23,76.38999938964844,66.47588348388672
2014-05-27,76.51000213623047,66.5802993774414
2014-05-28,76.66000366210938,66.7108383178711
2014-05-29,77.01000213623047,67.01541137695312
2014-05-30,75.80999755859375,65.9711685180664
2014-06-02,75.2699966430664,65.50125122070312
2014-06-03,75.18000030517578,65.42292785644531
2014-06-04,74.98999786376953,65.25756072998047
2014-06-05,75.44999694824219,65.6578598022461
2014-06-06,75.25,65.48381805419922
2014-06-09,76.27999877929688,66.38015747070312
2014-06-10,74.41999816894531,64.76154327392578
2014-06-11,76.22000122070312,66.32792663574219
2014-06-12,78.48999786376953,68.3033218383789
2014-06-13,78.05999755859375,67.92912292480469
2014-06-16,79.12999725341797,68.86026000976562
2014-06-17,80.80000305175781,70.31355285644531
2014-06-18,82.33000183105469,71.64496612548828
2014-06-19,81.76000213623047,71.1489486694336
2014-06-20,81.52999877929688,70.94879913330078
2014-06-23,82.16000366210938,71.49703216552734
2014-06-24,80.08000183105469,69.68700408935547
2014-06-25,84.95999908447266,73.93362426757812
2014-06-26,82.97000122070312,72.20189666748047
2014-06-27,83.1500015258789,72.35855865478516
2014-06-30,84.0999984741211,73.18526458740234
2014-07-01,84.3499984741211,73.40280151367188
2014-07-02,83.80999755859375,72.93289184570312
2014-07-03,84.41000366210938,73.45503234863281
2014-07-07,82.69000244140625,71.95825958251953
2014-07-08,83.0999984741211,72.31503295898438
2014-07-09,82.37000274658203,71.67977905273438
2014-07-10,80.87999725341797,70.38313293457031
2014-07-11,78.4800033569336,68.29463958740234
2014-07-14,78.91999816894531,68.67752838134766
2014-07-15,77.52999877929688,67.4679183959961
2014-07-16,78.26000213623047,68.1031723022461
2014-07-17,76.55000305175781,66.6151123046875
2014-07-18,77.45999908447266,67.40701293945312
2014-07-21,76.30000305175781,66.39756774902344
2014-07-22,76.91999816894531,66.93710327148438
2014-07-23,77.63999938964844,67.56362915039062
2014-07-24,77.95999908447266,67.84211730957031
2014-07-25,77.30000305175781,67.26776123046875
2014-07-28,76.9800033569336,66.98930358886719
2014-07-29,77.05000305175781,67.05021667480469
2014-07-30,80.16999816894531,69.76528930664062
2014-07-31,78.54000091552734,68.34683990478516
2014-08-01,78.19000244140625,68.04230499267578
2014-08-04,80.73999786376953,70.26132202148438
2014-08-05,78.69999694824219,68.486083984375
2014-08-06,80.29000091552734,69.8697280883789
2014-08-07,79.06999969482422,68.80805969238281
2014-08-08,81.26000213623047,70.71382904052734
2014-08-11,79.95999908447266,69.58256530761719
2014-08-12,78.08000183105469,67.94654846191406
2014-08-13,77.16999816894531,67.15464782714844
2014-08-14,75.19999694824219,65.44031524658203
2014-08-15,75.23999786376953,65.47512817382812
2014-08-18,76.19000244140625,66.30184173583984
2014-08-19,77.97000122070312,67.85082244873047
2014-08-20,78.44999694824219,68.26853942871094
2014-08-21,79.69999694824219,69.35628509521484
2014-08-22,80.01000213623047,69.62609100341797
2014-08-25,83.81999969482422,72.94158935546875
2014-08-26,84.8499984741211,73.83792114257812
2014-08-27,86.5199966430664,75.29118347167969
2014-08-28,87.76000213623047,76.37026977539062
2014-08-29,89.04000091552734,77.48414611816406
2014-09-02,88.19000244140625,76.74444580078125
2014-09-03,89.20999908447266,77.63207244873047
2014-09-04,87.91999816894531,76.50948333740234
2014-09-05,89.19999694824219,77.62336730957031
2014-09-08,87.52999877929688,76.17010498046875
2014-09-09,86.8499984741211,75.57833862304688
2014-09-10,87.19000244140625,75.87422943115234
2014-09-11,87.16000366210938,75.84813690185547
2014-09-12,85.30000305175781,74.22952270507812
2014-09-15,86.29000091552734,75.09103393554688
2014-09-16,87.9000015258789,76.49208068847656
2014-09-17,87.69000244140625,76.30933380126953
2014-09-18,86.5199966430664,75.29118347167969
2014-09-19,86.52999877929688,75.29987335205078
2014-09-22,82.2300033569336,71.55793762207031
2014-09-23,81.61000061035156,71.01841735839844
2014-09-24,81.88999938964844,71.2620849609375
2014-09-25,78.76000213623047,68.53829956054688
2014-09-26,79.5999984741211,69.2692642211914
2014-09-29,80.66000366210938,70.19170379638672
2014-09-30,78.0,67.87692260742188
2014-10-01,75.72000122070312,65.89285278320312
2014-10-02,74.95999908447266,65.23149871826172
2014-10-03,73.16000366210938,63.665069580078125
2014-10-06,72.56999969482422,63.15163803100586
2014-10-07,70.9800033569336,61.76799774169922
2014-10-08,71.77999877929688,62.46415710449219
2014-10-09,68.33000183105469,59.46193313598633
2014-10-10,60.97999954223633,53.06583786010742
2014-10-13,55.83000183105469,48.58421325683594
2014-10-14,54.439998626708984,47.374610900878906
2014-10-15,56.650001525878906,49.29780960083008
2014-10-16,58.599998474121094,50.994712829589844
2014-10-17,58.9900016784668,51.334102630615234
2014-10-20,59.33000183105469,51.62998580932617
2014-10-21,61.02000045776367,53.10064697265625
2014-10-22,59.25,51.60264205932617
2014-10-23,61.27000045776367,53.361915588378906
2014-10-24,60.34000015258789,52.55195236206055
2014-10-27,56.5099983215332,49.21629333496094
2014-10-28,58.380001068115234,50.84494400024414
2014-10-29,56.09000015258789,48.850502014160156
2014-10-30,54.29999923706055,47.291526794433594
2014-10-31,56.29999923706055,49.03339767456055
2014-11-03,54.83000183105469,47.75312805175781
2014-11-04,51.54999923706055,44.89647674560547
2014-11-05,52.59000015258789,45.802242279052734
2014-11-06,52.56999969482422,45.78483581542969
2014-11-07,54.25,47.24798583984375
2014-11-10,52.630001068115234,45.83708190917969
2014-11-11,53.56999969482422,46.655757904052734
2014-11-12,52.75,45.94159698486328
2014-11-13,50.95000076293945,44.373924255371094
2014-11-14,52.11000061035156,45.38420104980469
2014-11-17,50.279998779296875,43.79039764404297
2014-11-18,50.79999923706055,44.24327850341797
2014-11-19,50.33000183105469,43.83393859863281
2014-11-20,53.11000061035156,46.25513458251953
2014-11-21,54.38999938964844,47.36991882324219
2014-11-24,53.849998474121094,46.89961624145508
2014-11-25,52.86000061035156,46.03739547729492
2014-11-26,52.16999816894531,45.43645477294922
2014-11-28,43.45000076293945,37.84193420410156
2014-12-01,39.22999954223633,34.1666145324707
2014-12-02,37.68000030517578,32.816673278808594
2014-12-03,37.099998474121094,32.31153106689453
2014-12-04,34.310001373291016,29.881635665893555
2014-12-05,33.18000030517578,28.897480010986328
2014-12-08,30.18000030517578,26.28468894958496
2014-12-09,32.09000015258789,27.948165893554688
2014-12-10,30.170000076293945,26.275976181030273
2014-12-11,30.290000915527344,26.380496978759766
2014-12-12,30.84000015258789,26.859495162963867
2014-12-15,30.190000534057617,26.29340362548828
2014-12-16,31.559999465942383,27.486570358276367
2014-12-17,38.220001220703125,33.28697204589844
2014-12-18,36.93000030517578,32.1634635925293
2014-12-19,38.7599983215332,33.75727081298828
2014-12-22,37.9900016784668,33.0866584777832
2014-12-23,39.18000030517578,34.12306213378906
2014-12-24,38.83000183105469,33.81824493408203
2014-12-26,38.66999816894531,33.678890228271484
2014-12-29,38.630001068115234,33.64405059814453
2014-12-30,38.599998474121094,33.61792755126953
2014-12-31,38.58000183105469,33.60050582885742
2015-01-02,38.369998931884766,33.417606353759766
2015-01-05,35.81999969482422,31.19674301147461
2015-01-06,35.90999984741211,31.275121688842773
2015-01-07,34.38999938964844,29.95130157470703
2015-01-08,36.22999954223633,31.553815841674805
2015-01-09,35.7599983215332,31.144487380981445
2015-01-12,32.650001525878906,28.43588638305664
2015-01-13,32.54999923706055,28.348791122436523
2015-01-14,33.63999938964844,29.298107147216797
2015-01-15,33.40999984741211,29.09779930114746
2015-01-16,35.91999816894531,31.28382110595703
2015-01-20,34.15999984741211,29.750995635986328
2015-01-21,35.84000015258789,31.21415901184082
2015-01-22,35.83000183105469,31.2054443359375
2015-01-23,35.90999984741211,31.275121688842773
2015-01-26,37.34000015258789,32.520545959472656
2015-01-27,38.040000915527344,33.13020706176758
2015-01-28,34.75,30.264848709106445
2015-01-29,35.81999969482422,31.19674301147461
2015-01-30,37.81999969482422,32.9385986328125
2015-02-02,40.90999984741211,35.6297721862793
2015-02-03,49.61000061035156,43.20686721801758
2015-02-04,48.36000061035156,42.11820602416992
2015-02-05,48.630001068115234,42.35334777832031
2015-02-06,48.13999938964844,41.92659378051758
2015-02-09,47.52000045776367,41.386627197265625
2015-02-10,45.900001525878906,39.9757194519043
2015-02-11,45.33000183105469,39.47929382324219
2015-02-12,47.72999954223633,41.56952667236328
2015-02-13,48.560001373291016,42.292396545410156
2015-02-17,49.54999923706055,43.15462112426758
2015-02-18,48.65999984741211,42.37949752807617
2015-02-19,48.959999084472656,42.64076614379883
2015-02-20,47.2400016784668,41.14276123046875
2015-02-23,46.900001525878906,40.84666061401367
2015-02-24,46.2599983215332,40.28924560546875
2015-02-25,52.95000076293945,46.11578369140625
2015-02-26,50.43000030517578,43.9210319519043
2015-02-27,48.52000045776367,42.25756072998047
2015-03-02,46.65999984741211,40.63761901855469
2015-03-03,47.66999816894531,41.517269134521484
2015-03-04,47.790000915527344,41.62177658081055
2015-03-05,46.29999923706055,40.3240966796875
2015-03-06,44.4900016784668,38.74770736694336
2015-03-09,43.790000915527344,38.13805389404297
2015-03-10,42.75,37.2322883605957
2015-03-11,44.83000183105469,39.043827056884766
2015-03-12,43.220001220703125,37.64162826538086
2015-03-13,43.560001373291016,37.937744140625
2015-03-16,43.95000076293945,38.277400970458984
2015-03-17,43.119998931884766,37.55453109741211
2015-03-18,47.13999938964844,41.0556640625
2015-03-19,45.209999084472656,39.3747673034668
2015-03-20,47.09000015258789,41.01213836669922
2015-03-23,45.959999084472656,40.02798080444336
2015-03-24,48.220001220703125,41.99628448486328
2015-03-25,49.34000015258789,42.971710205078125
2015-03-26,51.06999969482422,44.47842788696289
2015-03-27,51.22999954223633,44.617774963378906
2015-03-30,52.34000015258789,45.58451843261719
2015-03-31,51.68000030517578,45.00970458984375
2015-04-01,52.56999969482422,45.78483581542969
2015-04-02,53.70000076293945,46.76898193359375
2015-04-06,54.810001373291016,47.7357063293457
2015-04-07,53.91999816894531,46.96059036254883
2015-04-08,52.79999923706055,45.985137939453125
2015-04-09,53.88999938964844,46.9344596862793
2015-04-10,54.86000061035156,47.77926254272461
2015-04-13,54.4900016784668,47.457027435302734
2015-04-14,56.91999816894531,49.57337951660156
2015-04-15,58.41999816894531,50.87977600097656
2015-04-16,55.7599983215332,48.56309127807617
2015-04-17,58.220001220703125,50.705589294433594
2015-04-20,57.41999816894531,50.00884246826172
2015-04-21,53.97999954223633,47.01284408569336
2015-04-22,55.209999084472656,48.128662109375
2015-04-23,55.310001373291016,48.215843200683594
2015-04-24,54.36000061035156,47.38768768310547
2015-04-27,54.689998626708984,47.67535400390625
2015-04-28,55.25,48.16353225708008
2015-04-29,57.220001220703125,49.88085174560547
2015-04-30,57.970001220703125,50.53466033935547
2015-05-01,56.220001220703125,49.00912094116211
2015-05-04,57.66999816894531,50.27314376831055
2015-05-05,57.47999954223633,50.107505798339844
2015-05-06,56.61000061035156,49.34909439086914
2015-05-07,55.7599983215332,48.608116149902344
2015-05-08,58.439998626708984,50.944366455078125
2015-05-11,57.880001068115234,50.45619201660156
2015-05-12,59.0099983215332,51.441261291503906
2015-05-13,58.40999984741211,50.918235778808594
2015-05-14,56.529998779296875,49.279354095458984
2015-05-15,56.08000183105469,48.88706970214844
2015-05-18,56.810001373291016,49.523441314697266
2015-05-19,54.529998779296875,47.535884857177734
2015-05-20,54.41999816894531,47.43998336791992
2015-05-21,55.59000015258789,48.45991516113281
2015-05-22,53.560001373291016,46.69029998779297
2015-05-26,52.33000183105469,45.6180534362793
2015-05-27,53.20000076293945,46.3764762878418
2015-05-28,51.52000045776367,44.911949157714844
2015-05-29,52.31999969482422,45.60933303833008
2015-06-01,50.599998474121094,44.10994338989258
2015-06-02,52.79999923706055,46.02777862548828
2015-06-03,51.58000183105469,44.96425247192383
2015-06-04,49.25,42.93309783935547
2015-06-05,49.16999816894531,42.86336135864258
2015-06-08,48.54999923706055,42.322879791259766
2015-06-09,48.0099983215332,41.852142333984375
2015-06-10,46.529998779296875,40.56198501586914
2015-06-11,47.02000045776367,40.989131927490234
2015-06-12,46.20000076293945,40.2743034362793
2015-06-15,47.18000030517578,41.12860870361328
2015-06-16,48.099998474121094,41.93061065673828
2015-06-17,46.2599983215332,40.326595306396484
2015-06-18,45.13999938964844,39.35026550292969
2015-06-19,44.779998779296875,39.03643035888672
2015-06-22,45.90999984741211,40.02149963378906
2015-06-23,47.29999923706055,41.233211517333984
2015-06-24,47.54999923706055,41.45114517211914
2015-06-25,47.20000076293945,41.146034240722656
2015-06-26,47.349998474121094,41.276798248291016
2015-06-29,45.540000915527344,39.69895935058594
2015-06-30,46.119998931884766,40.204566955566406
2015-07-01,43.720001220703125,38.112388610839844
2015-07-02,43.529998779296875,37.94675827026367
2015-07-06,41.97999954223633,36.595558166503906
2015-07-07,44.290000915527344,38.609283447265625
2015-07-08,42.72999954223633,37.24936294555664
2015-07-09,44.349998474121094,38.66158676147461
2015-07-10,42.470001220703125,37.02272415161133
2015-07-13,42.41999816894531,36.97913360595703
2015-07-14,43.2400016784668,37.69396209716797
2015-07-15,40.380001068115234,35.20078659057617
2015-07-16,38.0,33.12604904174805
2015-07-17,36.709999084472656,32.001502990722656
2015-07-20,34.939998626708984,30.45853042602539
2015-07-21,34.9900016784668,30.502126693725586
2015-07-22,34.61000061035156,30.170852661132812
2015-07-23,35.290000915527344,30.76364517211914
2015-07-24,33.400001525878906,29.116050720214844
2015-07-27,32.63999938964844,28.453533172607422
2015-07-28,34.189998626708984,29.804718017578125
2015-07-29,38.130001068115234,33.23938751220703
2015-07-30,37.91999816894531,33.05631637573242
2015-07-31,37.06999969482422,32.31532669067383
2015-08-03,35.31999969482422,30.78978157043457
2015-08-04,34.88999938964844,30.41493797302246
2015-08-05,33.689998626708984,29.36884880065918
2015-08-06,36.9900016784668,32.24558639526367
2015-08-07,34.97999954223633,30.493389129638672
2015-08-10,37.70000076293945,32.86452865600586
2015-08-11,37.45000076293945,32.6465950012207
2015-08-12,39.849998474121094,34.7387580871582
2015-08-13,39.5099983215332,34.4423713684082
2015-08-14,37.97999954223633,33.108619689941406
2015-08-17,37.4900016784668,32.68146896362305
2015-08-18,38.349998474121094,33.431156158447266
2015-08-19,36.41999816894531,31.74870491027832
2015-08-20,35.0099983215332,30.51954460144043
2015-08-21,33.0,28.76736068725586
2015-08-24,29.93000030517578,26.091121673583984
2015-08-25,28.309999465942383,24.678903579711914
2015-08-26,28.700000762939453,25.018884658813477
2015-08-27,32.349998474121094,28.200729370117188
2015-08-28,34.72999954223633,30.27546501159668
2015-08-31,36.70000076293945,31.992788314819336
2015-09-01,34.5,30.074960708618164
2015-09-02,36.06999969482422,31.443584442138672
2015-09-03,36.09000015258789,31.461036682128906
2015-09-04,36.310001373291016,31.652807235717773
2015-09-08,36.45000076293945,31.77485466003418
2015-09-09,34.470001220703125,30.048805236816406
2015-09-10,34.959999084472656,30.47596549987793
2015-09-11,35.22999954223633,30.711332321166992
2015-09-14,34.810001373291016,30.34520721435547
2015-09-15,36.040000915527344,31.417442321777344
2015-09-16,38.97999954223633,33.9803466796875
2015-09-17,38.86000061035156,33.8757438659668
2015-09-18,35.38999938964844,30.850812911987305
2015-09-21,35.0099983215332,30.51954460144043
2015-09-22,34.16999816894531,29.787302017211914
2015-09-23,32.15999984741211,28.035099029541016
2015-09-24,31.799999237060547,27.721269607543945
2015-09-25,31.850000381469727,27.764860153198242
2015-09-28,29.799999237060547,25.97779655456543
2015-09-29,30.0,26.152145385742188
2015-09-30,32.040000915527344,27.93049430847168
2015-10-01,32.470001220703125,28.305330276489258
2015-10-02,35.38999938964844,30.850812911987305
2015-10-05,36.04999923706055,31.426158905029297
2015-10-06,38.400001525878906,33.47474670410156
2015-10-07,38.68000030517578,33.71883010864258
2015-10-08,41.290000915527344,35.99406051635742
2015-10-09,41.459999084472656,36.14226531982422
2015-10-12,39.11000061035156,34.09367752075195
2015-10-13,38.66999816894531,33.710113525390625
2015-10-14,39.619998931884766,34.53826904296875
2015-10-15,40.16999816894531,35.01771926879883
2015-10-16,38.720001220703125,33.75370788574219
2015-10-19,37.59000015258789,32.76864242553711
2015-10-20,37.630001068115234,32.80350875854492
2015-10-21,36.0099983215332,31.433053970336914
2015-10-22,35.52000045776367,31.005340576171875
2015-10-23,34.95000076293945,30.507783889770508
2015-10-26,31.700000762939453,27.67086410522461
2015-10-27,30.010000228881836,26.195663452148438
2015-10-28,30.280000686645508,26.431350708007812
2015-10-29,31.290000915527344,27.31298065185547
2015-10-30,33.349998474121094,29.11115074157715
2015-11-02,34.47999954223633,30.09752082824707
2015-11-03,35.25,30.769657135009766
2015-11-04,35.779998779296875,31.2322940826416
2015-11-05,36.61000061035156,31.9567928314209
2015-11-06,36.599998474121094,31.94806671142578
2015-11-09,36.59000015258789,31.9393310546875
2015-11-10,36.02000045776367,31.4417781829834
2015-11-11,33.5,29.242082595825195
2015-11-12,32.529998779296875,28.395368576049805
2015-11-13,32.779998779296875,28.61359405517578
2015-11-16,34.91999816894531,30.48159408569336
2015-11-17,32.81999969482422,28.648509979248047
2015-11-18,32.5099983215332,28.37791633605957
2015-11-19,31.209999084472656,27.243144989013672
2015-11-20,28.920000076293945,25.244213104248047
2015-11-23,29.309999465942383,25.584638595581055
2015-11-24,31.049999237060547,27.103483200073242
2015-11-25,31.56999969482422,27.557388305664062
2015-11-27,29.610000610351562,25.846508026123047
2015-11-30,29.3700008392334,25.637012481689453
2015-12-01,29.559999465942383,25.802865982055664
2015-12-02,28.34000015258789,24.737924575805664
2015-12-03,27.899999618530273,24.353853225708008
2015-12-04,26.110000610351562,22.791366577148438
2015-12-07,23.059999465942383,20.129030227661133
2015-12-08,23.790000915527344,20.766246795654297
2015-12-09,23.299999237060547,20.338518142700195
2015-12-10,24.110000610351562,21.045570373535156
2015-12-11,22.510000228881836,19.64893341064453
2015-12-14,22.0,19.203754425048828
2015-12-15,23.010000228881836,20.08538246154785
2015-12-16,21.6200008392334,18.872053146362305
2015-12-17,20.09000015258789,17.536523818969727
2015-12-18,19.739999771118164,17.23101043701172
2015-12-21,19.170000076293945,16.73345184326172
2015-12-22,18.899999618530273,16.497770309448242
2015-12-23,21.280000686645508,18.57526969909668
2015-12-24,20.68000030517578,18.051530838012695
2015-12-28,19.059999465942383,16.637432098388672
2015-12-29,18.920000076293945,16.515235900878906
2015-12-30,18.219999313354492,15.90420150756836
2015-12-31,19.65999984741211,17.161170959472656
2016-01-04,19.959999084472656,17.42304229736328
2016-01-05,19.579999923706055,17.091341018676758
2016-01-06,16.389999389648438,14.30679702758789
2016-01-07,15.979999542236328,13.948908805847168
2016-01-08,16.190000534057617,14.132216453552246
2016-01-11,15.180000305175781,13.250590324401855
2016-01-12,14.930000305175781,13.032366752624512
2016-01-13,12.9399995803833,11.29529857635498
2016-01-14,13.680000305175781,11.941245079040527
2016-01-15,11.600000381469727,10.125617027282715
2016-01-19,9.989999771118164,8.720250129699707
2016-01-20,9.779999732971191,8.536942481994629
2016-01-21,12.319999694824219,10.754101753234863
2016-01-22,12.430000305175781,10.850120544433594
2016-01-25,10.920000076293945,9.5320463180542
2016-01-26,12.220000267028809,10.666814804077148
2016-01-27,12.720000267028809,11.103260040283203
2016-01-28,13.229999542236328,11.548439979553223
2016-01-29,13.979999542236328,12.203112602233887
2016-02-01,13.270000457763672,11.583357810974121
2016-02-02,12.739999771118164,11.120718002319336
2016-02-03,14.010000228881836,12.229300498962402
2016-02-04,15.079999923706055,13.163304328918457
2016-02-05,14.130000114440918,12.33404541015625
2016-02-08,11.989999771118164,10.466046333312988
2016-02-09,11.84000015258789,10.335110664367676
2016-02-10,11.050000190734863,9.645522117614746
2016-02-11,10.149999618530273,8.85991382598877
2016-02-12,9.989999771118164,8.720250129699707
2016-02-16,9.350000381469727,8.161595344543457
2016-02-17,10.149999618530273,8.85991382598877
2016-02-18,8.90999984741211,7.77752161026001
2016-02-19,8.239999771118164,7.192678451538086
2016-02-22,8.399999618530273,7.332342624664307
2016-02-23,7.610000133514404,6.6427531242370605
2016-02-24,7.599999904632568,6.634024143218994
2016-02-25,8.020000457763672,7.0006422996521
2016-02-26,8.789999961853027,7.672772407531738
2016-02-29,9.039999961853027,7.890998840332031
2016-03-01,8.9399995803833,7.803709506988525
2016-03-02,9.979999542236328,8.71152114868164
2016-03-03,13.149999618530273,11.478607177734375
2016-03-04,15.600000381469727,13.617208480834961
2016-03-07,17.200000762939453,15.013847351074219
2016-03-08,14.6899995803833,12.822871208190918
2016-03-09,16.239999771118164,14.175864219665527
2016-03-10,15.569999694824219,13.591019630432129
2016-03-11,16.90999984741211,14.76070499420166
2016-03-14,16.549999237060547,14.446460723876953
2016-03-15,17.1299991607666,14.952744483947754
2016-03-16,18.93000030517578,16.523963928222656
2016-03-17,19.059999465942383,16.637432098388672
2016-03-18,18.350000381469727,16.017677307128906
2016-03-21,19.520000457763672,17.038972854614258
2016-03-22,19.790000915527344,17.274646759033203
2016-03-23,18.280000686645508,15.956572532653809
2016-03-24,18.579999923706055,16.218442916870117
2016-03-28,17.90999984741211,15.6336030960083
2016-03-29,18.010000228881836,15.7208890914917
2016-03-30,17.860000610351562,15.589956283569336
2016-03-31,18.739999771118164,16.358110427856445
2016-04-01,18.350000381469727,16.017677307128906
2016-04-04,17.700000762939453,15.450291633605957
2016-04-05,17.31999969482422,15.118593215942383
2016-04-06,18.670000076293945,16.297000885009766
2016-04-07,18.920000076293945,16.515235900878906
2016-04-08,20.639999389648438,18.016613006591797
2016-04-11,20.639999389648438,18.016613006591797
2016-04-12,25.479999542236328,22.241436004638672
2016-04-13,25.25,22.04067611694336
2016-04-14,24.510000228881836,21.394729614257812
2016-04-15,25.479999542236328,22.241436004638672
2016-04-18,25.350000381469727,22.12796401977539
2016-04-19,25.729999542236328,22.459665298461914
2016-04-20,27.3799991607666,23.946475982666016
2016-04-21,26.729999542236328,23.37799072265625
2016-04-22,28.18000030517578,24.646162033081055
2016-04-25,28.049999237060547,24.532455444335938
2016-04-26,29.709999084472656,25.98429298400879
2016-04-27,32.77000045776367,28.660566329956055
2016-04-28,30.31999969482422,26.517799377441406
2016-04-29,31.15999984741211,27.252460479736328
2016-05-02,30.170000076293945,26.386606216430664
2016-05-03,29.059999465942383,25.415802001953125
2016-05-04,28.520000457763672,24.94352149963379
2016-05-05,29.31999969482422,25.64319610595703
2016-05-06,29.040000915527344,25.398311614990234
2016-05-09,27.700000762939453,24.226350784301758
2016-05-10,30.190000534057617,26.404102325439453
2016-05-11,29.860000610351562,26.115478515625
2016-05-12,29.049999237060547,25.407054901123047
2016-05-13,27.760000228881836,24.27882957458496
2016-05-16,28.889999389648438,25.267122268676758
2016-05-17,30.56999969482422,26.736452102661133
2016-05-18,28.65999984741211,25.065961837768555
2016-05-19,28.360000610351562,24.803585052490234
2016-05-20,29.290000915527344,25.61696434020996
2016-05-23,29.100000381469727,25.450788497924805
2016-05-24,29.360000610351562,25.678180694580078
2016-05-25,31.889999389648438,27.890913009643555
2016-05-26,30.719999313354492,26.867631912231445
2016-05-27,30.56999969482422,26.736452102661133
2016-05-31,31.520000457763672,27.567310333251953
2016-06-01,31.969999313354492,27.96088218688965
2016-06-02,32.150001525878906,28.118314743041992
2016-06-03,31.190000534057617,27.278697967529297
2016-06-06,33.91999816894531,29.66634750366211
2016-06-07,34.689998626708984,30.339786529541016
2016-06-08,33.599998474121094,29.386476516723633
2016-06-09,33.2400016784668,29.07162094116211
2016-06-10,29.799999237060547,26.063005447387695
2016-06-13,29.079999923706055,25.433298110961914
2016-06-14,29.219999313354492,25.555736541748047
2016-06-15,29.5,25.80062484741211
2016-06-16,26.31999969482422,23.019407272338867
2016-06-17,29.34000015258789,25.660696029663086
2016-06-20,29.3799991607666,25.695676803588867
2016-06-21,29.270000457763672,25.599468231201172
2016-06-22,29.110000610351562,25.45953369140625
2016-06-23,30.170000076293945,26.386606216430664
2016-06-24,27.56999969482422,24.112651824951172
2016-06-27,25.190000534057617,22.031110763549805
2016-06-28,27.110000610351562,23.710342407226562
2016-06-29,27.780000686645508,24.296321868896484
2016-06-30,27.0,23.6141357421875
2016-07-01,28.079999923706055,24.558700561523438
2016-07-05,25.989999771118164,22.730789184570312
2016-07-06,26.3799991607666,23.071882247924805
2016-07-07,24.31999969482422,21.27020835876465
2016-07-08,24.979999542236328,21.84744644165039
2016-07-11,23.989999771118164,20.98159408569336
2016-07-12,27.040000915527344,23.64911651611328
2016-07-13,26.1299991607666,22.853235244750977
2016-07-14,26.100000381469727,22.82699203491211
2016-07-15,26.469999313354492,23.150596618652344
2016-07-18,26.809999465942383,23.44795799255371
2016-07-19,26.68000030517578,23.334259033203125
2016-07-20,26.90999984741211,23.535419464111328
2016-07-21,26.610000610351562,23.27303695678711
2016-07-22,26.389999389648438,23.08062744140625
2016-07-25,25.06999969482422,21.926162719726562
2016-07-26,26.31999969482422,23.019407272338867
2016-07-27,25.43000030517578,22.241018295288086
2016-07-28,25.8799991607666,22.634584426879883
2016-07-29,27.1299991607666,23.72783088684082
2016-08-01,25.190000534057617,22.031110763549805
2016-08-02,26.209999084472656,22.92319679260254
2016-08-03,29.899999618530273,26.15046501159668
2016-08-04,28.719999313354492,25.118440628051758
2016-08-05,29.299999237060547,25.625701904296875
2016-08-08,31.059999465942383,27.165000915527344
2016-08-09,30.350000381469727,26.544034957885742
2016-08-10,30.899999618530273,27.025062561035156
2016-08-11,32.380001068115234,28.31946563720703
2016-08-12,32.630001068115234,28.538124084472656
2016-08-15,34.83000183105469,30.462236404418945
2016-08-16,34.599998474121094,30.26106834411621
2016-08-17,34.880001068115234,30.505962371826172
2016-08-18,36.66999816894531,32.07147979736328
2016-08-19,36.650001525878906,32.05399703979492
2016-08-22,36.369998931884766,31.809120178222656
2016-08-23,37.88999938964844,33.138492584228516
2016-08-24,37.08000183105469,32.430084228515625
2016-08-25,37.5099983215332,32.806156158447266
2016-08-26,37.70000076293945,32.97232437133789
2016-08-29,37.790000915527344,33.05104064941406
2016-08-30,38.2599983215332,33.46210861206055
2016-08-31,37.880001068115234,33.129756927490234
2016-09-01,37.560001373291016,32.84988784790039
2016-09-02,38.849998474121094,33.97810745239258
2016-09-06,39.040000915527344,34.144290924072266
2016-09-07,37.900001525878906,33.147247314453125
2016-09-08,38.380001068115234,33.56704330444336
2016-09-09,36.09000015258789,31.56422233581543
2016-09-12,36.34000015258789,31.782873153686523
2016-09-13,34.04999923706055,29.78004264831543
2016-09-14,32.77000045776367,28.660566329956055
2016-09-15,33.619998931884766,29.40396499633789
2016-09-16,34.220001220703125,29.928728103637695
2016-09-19,34.54999923706055,30.217342376708984
2016-09-20,33.2400016784668,29.07162094116211
2016-09-21,35.279998779296875,30.855802536010742
2016-09-22,36.099998474121094,31.572965621948242
2016-09-23,34.560001373291016,30.226085662841797
2016-09-26,34.119998931884766,29.84126091003418
2016-09-27,32.650001525878906,28.55561065673828
2016-09-28,36.5099983215332,31.931549072265625
2016-09-29,39.4900016784668,34.5378532409668
2016-09-30,38.58000183105469,33.74197769165039
2016-10-03,38.90999984741211,34.03059387207031
2016-10-04,38.40999984741211,33.59328842163086
2016-10-05,40.060001373291016,35.0363883972168
2016-10-06,40.119998931884766,35.088844299316406
2016-10-07,39.31999969482422,34.38916015625
2016-10-10,41.27000045776367,36.09463119506836
2016-10-11,40.70000076293945,35.59612274169922
2016-10-12,40.13999938964844,35.106346130371094
2016-10-13,40.13999938964844,35.106346130371094
2016-10-14,38.900001525878906,34.021846771240234
2016-10-17,38.720001220703125,33.86441421508789
2016-10-18,39.060001373291016,34.16178512573242
2016-10-19,40.72999954223633,35.667999267578125
2016-10-20,40.54999923706055,35.510379791259766
2016-10-21,39.369998931884766,34.47703552246094
2016-10-24,37.40999984741211,32.7606315612793
2016-10-25,35.97999954223633,31.508352279663086
2016-10-26,34.560001373291016,30.26483917236328
2016-10-27,35.36000061035156,30.96540641784668
2016-10-28,34.59000015258789,30.291105270385742
2016-10-31,33.630001068115234,29.45041847229004
2016-11-01,34.77000045776367,30.448734283447266
2016-11-02,32.45000076293945,28.417070388793945
2016-11-03,31.729999542236328,27.786548614501953
2016-11-04,30.700000762939453,26.884559631347656
2016-11-07,31.260000228881836,27.374961853027344
2016-11-08,31.31999969482422,27.427499771118164
2016-11-09,32.68000030517578,28.618484497070312
2016-11-10,32.720001220703125,28.653514862060547
2016-11-11,31.799999237060547,27.847848892211914
2016-11-14,32.369998931884766,28.347009658813477
2016-11-15,34.61000061035156,30.30862045288086
2016-11-16,34.5,30.212282180786133
2016-11-17,33.939998626708984,29.721881866455078
2016-11-18,34.9900016784668,30.64139747619629
2016-11-21,36.810001373291016,32.23519515991211
2016-11-22,35.90999984741211,31.44704818725586
2016-11-23,36.11000061035156,31.622188568115234
2016-11-25,35.59000015258789,31.16681480407715
2016-11-28,33.099998474121094,28.986278533935547
2016-11-29,31.90999984741211,27.944175720214844
2016-11-30,39.86000061035156,34.906131744384766
2016-12-01,40.16999816894531,35.1776008605957
2016-12-02,38.900001525878906,34.065460205078125
2016-12-05,37.90999984741211,33.19849395751953
2016-12-06,37.22999954223633,32.602996826171875
2016-12-07,35.439998626708984,31.035465240478516
2016-12-08,35.09000015258789,30.72896385192871
2016-12-09,36.619998931884766,32.06880187988281
2016-12-12,36.720001220703125,32.156375885009766
2016-12-13,37.34000015258789,32.69932556152344
2016-12-14,35.470001220703125,31.061738967895508
2016-12-15,34.810001373291016,30.4837589263916
2016-12-16,35.43000030517578,31.026716232299805
2016-12-19,36.150001525878906,31.657230377197266
2016-12-20,35.689998626708984,31.254390716552734
2016-12-21,35.11000061035156,30.746475219726562
2016-12-22,35.439998626708984,31.035465240478516
2016-12-23,35.470001220703125,31.061738967895508
2016-12-27,35.619998931884766,31.193084716796875
2016-12-28,35.119998931884766,30.75523567199707
2016-12-29,34.709999084472656,30.396188735961914
2016-12-30,34.47999954223633,30.19477653503418
2017-01-03,34.29999923706055,30.037147521972656
2017-01-04,35.619998931884766,31.193084716796875
2017-01-05,36.08000183105469,31.595911026000977
2017-01-06,35.7599983215332,31.31569480895996
2017-01-09,34.4900016784668,30.203536987304688
2017-01-10,33.86000061035156,29.65182876586914
2017-01-11,34.560001373291016,30.26483917236328
2017-01-12,34.25,29.993358612060547
2017-01-13,33.15999984741211,29.0388240814209
2017-01-17,32.540000915527344,28.49588394165039
2017-01-18,31.899999618530273,27.93541717529297
2017-01-19,32.400001525878906,28.37327766418457
2017-01-20,32.25,28.241924285888672
2017-01-23,31.309999465942383,27.418745040893555
2017-01-24,31.959999084472656,27.987957000732422
2017-01-25,32.2400016784668,28.233169555664062
2017-01-26,33.5,29.33656883239746
2017-01-27,34.400001525878906,30.12471580505371
2017-01-30,33.22999954223633,29.10012435913086
2017-01-31,30.510000228881836,26.718175888061523
2017-02-01,29.850000381469727,26.14019775390625
2017-02-02,30.350000381469727,26.57805633544922
2017-02-03,29.809999465942383,26.10516929626465
2017-02-06,28.739999771118164,25.168149948120117
2017-02-07,28.049999237060547,24.563899993896484
2017-02-08,28.15999984741211,24.660232543945312
2017-02-09,28.139999389648438,24.642715454101562
2017-02-10,28.989999771118164,25.387083053588867
2017-02-13,28.40999984741211,24.879167556762695
2017-02-14,28.110000610351562,24.61644744873047
2017-02-15,27.6299991607666,24.19610023498535
2017-02-16,27.110000610351562,23.74073028564453
2017-02-17,26.989999771118164,23.63564109802246
2017-02-21,28.360000610351562,24.83537483215332
2017-02-22,27.600000381469727,24.169830322265625
2017-02-23,26.149999618530273,22.900035858154297
2017-02-24,25.15999984741211,22.0330753326416
2017-02-27,25.31999969482422,22.173192977905273
2017-02-28,24.649999618530273,21.58646011352539
2017-03-01,25.639999389648438,22.45342254638672
2017-03-02,25.06999969482422,21.954265594482422
2017-03-03,24.389999389648438,21.35877227783203
2017-03-06,24.969999313354492,21.866697311401367
2017-03-07,24.780000686645508,21.70030403137207
2017-03-08,22.459999084472656,19.668636322021484
2017-03-09,22.5,19.70366668701172
2017-03-10,22.399999618530273,19.616092681884766
2017-03-13,21.90999984741211,19.186992645263672
2017-03-14,21.3700008392334,18.714107513427734
2017-03-15,22.200000762939453,19.440950393676758
2017-03-16,21.530000686645508,18.854217529296875
2017-03-17,21.270000457763672,18.62653350830078
2017-03-20,21.579999923706055,18.898006439208984
2017-03-21,20.75,18.171159744262695
2017-03-22,20.799999237060547,18.214946746826172
2017-03-23,21.09000015258789,18.46890640258789
2017-03-24,20.809999465942383,18.223697662353516
2017-03-27,21.920000076293945,19.19574546813965
2017-03-28,23.059999465942383,20.19407081604004
2017-03-29,23.540000915527344,20.61441421508789
2017-03-30,23.350000381469727,20.44802474975586
2017-03-31,24.020000457763672,21.03475570678711
2017-04-03,23.770000457763672,20.815828323364258
2017-04-04,23.989999771118164,21.008487701416016
2017-04-05,22.899999618530273,20.053953170776367
2017-04-06,23.31999969482422,20.421751022338867
2017-04-07,23.020000457763672,20.159038543701172
2017-04-10,23.65999984741211,20.719505310058594
2017-04-11,23.600000381469727,20.66695213317871
2017-04-12,23.190000534057617,20.307912826538086
2017-04-13,22.790000915527344,19.957624435424805
2017-04-17,23.18000030517578,20.299156188964844
2017-04-18,22.969999313354492,20.115251541137695
2017-04-19,21.709999084472656,19.05331802368164
2017-04-20,21.40999984741211,18.79003143310547
2017-04-21,21.510000228881836,18.877796173095703
2017-04-24,21.889999389648438,19.211294174194336
2017-04-25,23.049999237060547,20.229347229003906
2017-04-26,22.950000762939453,20.14158058166504
2017-04-27,22.700000762939453,19.922176361083984
2017-04-28,22.59000015258789,19.82563591003418
2017-05-01,22.549999237060547,19.790531158447266
2017-05-02,22.09000015258789,19.386817932128906
2017-05-03,21.459999084472656,18.833911895751953
2017-05-04,20.030000686645508,17.57891273498535
2017-05-05,21.170000076293945,18.57940101623535
2017-05-08,21.84000015258789,19.167417526245117
2017-05-09,21.649999618530273,19.000661849975586
2017-05-10,21.649999618530273,19.000661849975586
2017-05-11,21.270000457763672,18.66716766357422
2017-05-12,21.290000915527344,18.684720993041992
2017-05-15,21.639999389648438,18.991891860961914
2017-05-16,20.739999771118164,18.202022552490234
2017-05-17,20.899999618530273,18.342437744140625
2017-05-18,20.639999389648438,18.114259719848633
2017-05-19,21.440000534057617,18.816368103027344
2017-05-22,20.559999465942383,18.044052124023438
2017-05-23,20.709999084472656,18.175695419311523
2017-05-24,20.469999313354492,17.965065002441406
2017-05-25,19.399999618530273,17.025999069213867
2017-05-26,18.850000381469727,16.543302536010742
2017-05-30,17.350000381469727,15.226858139038086
2017-05-31,16.969999313354492,14.893362998962402
2017-06-01,16.829999923706055,14.770489692687988
2017-06-02,17.190000534057617,15.086441993713379
2017-06-05,17.8799991607666,15.692008018493652
2017-06-06,19.059999465942383,16.72760009765625
2017-06-07,16.739999771118164,14.691508293151855
2017-06-08,16.40999984741211,14.401891708374023
2017-06-09,17.56999969482422,15.419933319091797
2017-06-12,17.6200008392334,15.46381950378418
2017-06-13,19.520000457763672,17.131319046020508
2017-06-14,17.309999465942383,15.191754341125488
2017-06-15,16.010000228881836,14.050840377807617
2017-06-16,15.600000381469727,13.691010475158691
2017-06-19,15.670000076293945,13.752445220947266
2017-06-20,15.699999809265137,13.77877140045166
2017-06-21,14.380000114440918,12.620302200317383
2017-06-22,14.100000381469727,12.374565124511719
2017-06-23,14.829999923706055,13.01523494720459
2017-06-26,15.279999732971191,13.410167694091797
2017-06-27,15.399999618530273,13.515485763549805
2017-06-28,15.670000076293945,13.752445220947266
2017-06-29,15.989999771118164,14.033286094665527
2017-06-30,16.530000686645508,14.507206916809082
2017-07-03,17.530000686645508,15.384835243225098
2017-07-05,16.420000076293945,14.410667419433594
2017-07-06,15.710000038146973,13.78754997253418
2017-07-07,15.25,13.383838653564453
2017-07-10,15.829999923706055,13.892864227294922
2017-07-11,16.18000030517578,14.200037002563477
2017-07-12,16.6200008392334,14.586193084716797
2017-07-13,17.200000762939453,15.095218658447266
2017-07-14,17.06999969482422,14.981124877929688
2017-07-17,17.25,15.13909912109375
2017-07-18,17.110000610351562,15.016233444213867
2017-07-19,18.290000915527344,16.051836013793945
2017-07-20,17.399999618530273,15.270744323730469
2017-07-21,17.329999923706055,15.209309577941895
2017-07-24,16.479999542236328,14.463323593139648
2017-07-25,17.690000534057617,15.525254249572754
2017-07-26,17.889999389648438,15.700780868530273
2017-07-27,17.959999084472656,15.762212753295898
2017-07-28,18.079999923706055,15.867526054382324
2017-07-31,17.389999389648438,15.26196575164795
2017-08-01,17.15999984741211,15.060111999511719
2017-08-02,16.239999771118164,14.252694129943848
2017-08-03,15.329999923706055,13.454051971435547
2017-08-04,15.260000228881836,13.392617225646973
2017-08-07,14.430000305175781,12.664182662963867
2017-08-08,14.720000267028809,12.918695449829102
2017-08-09,14.710000038146973,12.909920692443848
2017-08-10,14.479999542236328,12.708066940307617
2017-08-11,14.390000343322754,12.629081726074219
2017-08-14,14.3100004196167,12.558868408203125
2017-08-15,14.3100004196167,12.558868408203125
2017-08-16,13.6899995803833,12.014739990234375
2017-08-17,13.369999885559082,11.73390007019043
2017-08-18,13.869999885559082,12.172711372375488
2017-08-21,13.550000190734863,11.89187240600586
2017-08-22,13.350000381469727,11.716343879699707
2017-08-23,13.609999656677246,11.944526672363281
2017-08-24,13.529999732971191,11.87431812286377
2017-08-25,13.539999961853027,11.883091926574707
2017-08-28,13.170000076293945,11.558372497558594
2017-08-29,12.84000015258789,11.268754959106445
2017-08-30,12.789999961853027,11.224875450134277
2017-08-31,13.359999656677246,11.725120544433594
2017-09-01,13.739999771118164,12.058622360229492
2017-09-05,13.4399995803833,11.795333862304688
2017-09-06,14.25,12.506208419799805
2017-09-07,14.34000015258789,12.585198402404785
2017-09-08,13.640000343322754,11.970858573913574
2017-09-11,13.869999885559082,12.172711372375488
2017-09-12,14.6899995803833,12.892367362976074
2017-09-13,15.6899995803833,13.769996643066406
2017-09-14,15.720000267028809,13.79632568359375
2017-09-15,15.600000381469727,13.691010475158691
2017-09-18,16.229999542236328,14.243915557861328
2017-09-19,15.869999885559082,13.927970886230469
2017-09-20,16.559999465942383,14.533533096313477
2017-09-21,16.540000915527344,14.515981674194336
2017-09-22,16.610000610351562,14.577415466308594
2017-09-25,17.719999313354492,15.551583290100098
2017-09-26,18.770000457763672,16.47309112548828
2017-09-27,18.770000457763672,16.47309112548828
2017-09-28,18.389999389648438,16.13959312438965
2017-09-29,17.739999771118164,15.569135665893555
2017-10-02,17.690000534057617,15.525254249572754
2017-10-03,17.989999771118164,15.788545608520508
2017-10-04,17.940000534057617,15.744662284851074
2017-10-05,18.3799991607666,16.130813598632812
2017-10-06,16.979999542236328,14.90213680267334
2017-10-09,17.360000610351562,15.235634803771973
2017-10-10,17.8799991607666,15.692008018493652
2017-10-11,18.739999771118164,16.44676399230957
2017-10-12,18.6299991607666,16.35022735595703
2017-10-13,19.040000915527344,16.710058212280273
2017-10-16,19.25,16.89435577392578
2017-10-17,19.1200008392334,16.78026580810547
2017-10-18,18.6200008392334,16.341449737548828
2017-10-19,18.239999771118164,16.051050186157227
2017-10-20,18.40999984741211,16.200653076171875
2017-10-23,17.799999237060547,15.663856506347656
2017-10-24,18.020000457763672,15.857455253601074
2017-10-25,18.1299991607666,15.95425796508789
2017-10-26,17.8799991607666,15.734257698059082
2017-10-27,19.190000534057617,16.887042999267578
2017-10-30,20.170000076293945,17.749439239501953
2017-10-31,21.329999923706055,18.770227432250977
2017-11-01,21.8799991607666,19.254220962524414
2017-11-02,21.579999923706055,18.99022674560547
2017-11-03,21.809999465942383,19.192625045776367
2017-11-06,22.5,19.799816131591797
2017-11-07,21.829999923706055,19.210224151611328
2017-11-08,20.709999084472656,18.224637985229492
2017-11-09,22.139999389648438,19.483020782470703
2017-11-10,21.81999969482422,19.201425552368164
2017-11-13,20.850000381469727,18.347835540771484
2017-11-14,19.65999984741211,17.30063247680664
2017-11-15,19.540000915527344,17.19504165649414
2017-11-16,19.56999969482422,17.22144317626953
2017-11-17,20.290000915527344,17.855037689208984
2017-11-20,20.079999923706055,17.670236587524414
2017-11-21,20.049999237060547,17.64383888244629
2017-11-22,21.049999237060547,18.52383041381836
2017-11-24,20.959999084472656,18.44462776184082
2017-11-27,19.440000534057617,17.10704803466797
2017-11-28,19.09000015258789,16.799047470092773
2017-11-29,19.25,16.939847946166992
2017-11-30,20.639999389648438,18.16303253173828
2017-12-01,22.31999969482422,19.641416549682617
2017-12-04,22.399999618530273,19.711820602416992
2017-12-05,21.8700008392334,19.24542236328125
2017-12-06,21.5,18.919828414916992
2017-12-07,21.809999465942383,19.192625045776367
2017-12-08,21.81999969482422,19.201425552368164
2017-12-11,21.920000076293945,19.2894229888916
2017-12-12,21.549999237060547,18.96382713317871
2017-12-13,20.280000686645508,17.846240997314453
2017-12-14,19.68000030517578,17.3182373046875
2017-12-15,19.34000015258789,17.019041061401367
2017-12-18,20.25,17.81983757019043
2017-12-19,20.360000610351562,17.91663932800293
2017-12-20,21.06999969482422,18.541431427001953
2017-12-21,21.940000534057617,19.307025909423828
2017-12-22,21.860000610351562,19.236623764038086
2017-12-26,22.940000534057617,20.187015533447266
2017-12-27,22.459999084472656,19.764619827270508
2017-12-28,22.59000015258789,19.87902069091797
2017-12-29,22.079999923706055,19.430221557617188
2018-01-02,23.260000228881836,20.468610763549805
2018-01-03,24.09000015258789,21.19900131225586
2018-01-04,24.260000228881836,21.348604202270508
2018-01-05,24.149999618530273,21.25181007385254
2018-01-08,25.100000381469727,22.087791442871094
2018-01-09,26.15999984741211,23.020587921142578
2018-01-10,26.889999389648438,23.66298484802246
2018-01-11,26.700000762939453,23.49578285217285
2018-01-12,26.84000015258789,23.618980407714844
2018-01-16,26.56999969482422,23.381383895874023
2018-01-17,26.6200008392334,23.425386428833008
2018-01-18,25.690000534057617,22.606990814208984
2018-01-19,25.31999969482422,22.281396865844727
2018-01-22,26.489999771118164,23.310983657836914
2018-01-23,26.219999313354492,23.073387145996094
2018-01-24,26.329999923706055,23.17018699645996
2018-01-25,25.809999465942383,22.71259307861328
2018-01-26,25.40999984741211,22.360597610473633
2018-01-29,25.09000015258789,22.07899284362793
2018-01-30,23.260000228881836,20.468610763549805
2018-01-31,23.350000381469727,20.547807693481445
2018-02-01,23.899999618530273,21.031803131103516
2018-02-02,23.049999237060547,20.2838134765625
2018-02-05,22.270000457763672,19.59741973876953
2018-02-06,23.059999465942383,20.292617797851562
2018-02-07,22.270000457763672,19.59741973876953
2018-02-08,20.850000381469727,18.347835540771484
2018-02-09,20.34000015258789,17.899036407470703
2018-02-12,21.540000915527344,18.95503044128418
2018-02-13,20.469999313354492,18.0134334564209
2018-02-14,21.43000030517578,18.858230590820312
2018-02-15,21.65999984741211,19.060623168945312
2018-02-16,21.850000381469727,19.227821350097656
2018-02-20,21.84000015258789,19.219024658203125
2018-02-21,21.299999237060547,18.743831634521484
2018-02-22,19.309999465942383,16.992645263671875
2018-02-23,20.079999923706055,17.670236587524414
2018-02-26,20.440000534057617,17.987037658691406
2018-02-27,19.18000030517578,16.878244400024414
2018-02-28,18.34000015258789,16.13904571533203
2018-03-01,18.309999465942383,16.11264991760254
2018-03-02,18.84000015258789,16.579050064086914
2018-03-05,19.3700008392334,17.045446395874023
2018-03-06,18.219999313354492,16.033449172973633
2018-03-07,17.700000762939453,15.575859069824219
2018-03-08,17.649999618530273,15.53185749053955
2018-03-09,18.1200008392334,15.945455551147461
2018-03-12,18.31999969482422,16.121448516845703
2018-03-13,18.280000686645508,16.086252212524414
2018-03-14,17.899999618530273,15.751856803894043
2018-03-15,17.559999465942383,15.452658653259277
2018-03-16,17.90999984741211,15.760655403137207
2018-03-19,17.219999313354492,15.153462409973145
2018-03-20,17.40999984741211,15.320655822753906
2018-03-21,18.90999984741211,16.640647888183594
2018-03-22,18.6200008392334,16.38545036315918
2018-03-23,18.579999923706055,16.35024642944336
2018-03-26,18.56999969482422,16.341453552246094
2018-03-27,18.3799991607666,16.17424964904785
2018-03-28,17.450000762939453,15.355857849121094
2018-03-29,18.030000686645508,15.866257667541504
2018-04-02,16.489999771118164,14.511066436767578
2018-04-03,16.790000915527344,14.775069236755371
2018-04-04,17.229999542236328,15.162262916564941
2018-04-05,18.260000228881836,16.06865119934082
2018-04-06,17.93000030517578,15.778252601623535
2018-04-09,17.729999542236328,15.602256774902344
2018-04-10,19.290000915527344,16.97504997253418
2018-04-11,20.010000228881836,17.6086368560791
2018-04-12,20.299999237060547,17.863832473754883
2018-04-13,20.799999237060547,18.303834915161133
2018-04-16,20.600000381469727,18.12783432006836
2018-04-17,20.809999465942383,18.312631607055664
2018-04-18,21.760000228881836,19.148622512817383
2018-04-19,21.809999465942383,19.192625045776367
2018-04-20,22.15999984741211,19.50062370300293
2018-04-23,22.360000610351562,19.676618576049805
2018-04-24,22.829999923706055,20.090213775634766
2018-04-25,23.280000686645508,20.4862117767334
2018-04-26,23.40999984741211,20.644956588745117
2018-04-27,23.420000076293945,20.653772354125977
2018-04-30,23.950000762939453,21.121171951293945
2018-05-01,23.540000915527344,20.759597778320312
2018-05-02,23.8700008392334,21.050622940063477
2018-05-03,23.06999969482422,20.345108032226562
2018-05-04,23.649999618530273,20.856605529785156
2018-05-07,23.729999542236328,20.927156448364258
2018-05-08,24.25,21.3857364654541
2018-05-09,24.719999313354492,21.800222396850586
2018-05-10,25.09000015258789,22.126522064208984
2018-05-11,24.639999389648438,21.72966766357422
2018-05-14,24.829999923706055,21.897228240966797
2018-05-15,25.190000534057617,22.21470832824707
2018-05-16,25.459999084472656,22.45281410217285
2018-05-17,26.5,23.369976043701172
2018-05-18,26.639999389648438,23.493440628051758
2018-05-21,27.18000030517578,23.969663619995117
2018-05-22,26.6200008392334,23.47580909729004
2018-05-23,26.549999237060547,23.414072036743164
2018-05-24,25.889999389648438,22.832033157348633
2018-05-25,24.649999618530273,21.73849105834961
2018-05-29,25.280000686645508,22.294082641601562
2018-05-30,26.600000381469727,23.45816993713379
2018-05-31,26.200000762939453,23.10541343688965
2018-06-01,23.190000534057617,20.450939178466797
2018-06-04,21.350000381469727,18.828264236450195
2018-06-05,21.969999313354492,19.37503433227539
2018-06-06,22.290000915527344,19.657238006591797
2018-06-07,23.790000915527344,20.980077743530273
2018-06-08,23.8700008392334,21.050622940063477
2018-06-11,24.1200008392334,21.271095275878906
2018-06-12,24.799999237060547,21.870771408081055
2018-06-13,24.829999923706055,21.897228240966797
2018-06-14,24.43000030517578,21.54447364807129
2018-06-15,23.239999771118164,20.495031356811523
2018-06-18,24.209999084472656,21.3504581451416
2018-06-19,24.56999969482422,21.667936325073242
2018-06-20,25.139999389648438,22.170616149902344
2018-06-21,23.920000076293945,21.094715118408203
2018-06-22,25.520000457763672,22.5057315826416
2018-06-25,24.889999389648438,21.95014762878418
2018-06-26,25.6200008392334,22.593921661376953
2018-06-27,26.639999389648438,23.493440628051758
2018-06-28,26.190000534057617,23.096593856811523
2018-06-29,25.690000534057617,22.655651092529297
2018-07-02,25.170000076293945,22.19706916809082
2018-07-03,25.690000534057617,22.655651092529297
2018-07-05,25.84000015258789,22.787935256958008
2018-07-06,26.81999969482422,23.652183532714844
2018-07-09,27.68000030517578,24.410608291625977
2018-07-10,27.739999771118164,24.463518142700195
2018-07-11,26.969999313354492,23.78446388244629
2018-07-12,26.639999389648438,23.493440628051758
2018-07-13,26.420000076293945,23.299428939819336
2018-07-16,26.049999237060547,22.97313117980957
2018-07-17,26.110000610351562,23.026044845581055
2018-07-18,26.469999313354492,23.34352684020996
2018-07-19,26.530000686645508,23.396440505981445
2018-07-20,26.6200008392334,23.47580909729004
2018-07-23,26.549999237060547,23.414072036743164
2018-07-24,26.81999969482422,23.652183532714844
2018-07-25,27.5,24.25186538696289
2018-07-26,27.530000686645508,24.278324127197266
2018-07-27,26.549999237060547,23.414072036743164
2018-07-30,27.709999084472656,24.437061309814453
2018-07-31,27.510000228881836,24.260684967041016
2018-08-01,26.950000762939453,23.766830444335938
2018-08-02,28.489999771118164,25.12493324279785
2018-08-03,28.329999923706055,24.983835220336914
2018-08-06,28.809999465942383,25.40713882446289
2018-08-07,28.8700008392334,25.460054397583008
2018-08-08,27.56999969482422,24.313596725463867
2018-08-09,27.559999465942383,24.30477523803711
2018-08-10,28.360000610351562,25.01028823852539
2018-08-13,27.450000762939453,24.20777130126953
2018-08-14,28.200000762939453,24.869184494018555
2018-08-15,26.649999618530273,23.502260208129883
2018-08-16,27.209999084472656,23.996118545532227
2018-08-17,27.389999389648438,24.15485382080078
2018-08-20,28.229999542236328,24.89564323425293
2018-08-21,29.170000076293945,25.724620819091797
2018-08-22,29.850000381469727,26.324295043945312
2018-08-23,29.8799991607666,26.350753784179688
2018-08-24,30.389999389648438,26.800514221191406
2018-08-27,30.350000381469727,26.76523780822754
2018-08-28,29.84000015258789,26.315479278564453
2018-08-29,29.950000762939453,26.412487030029297
2018-08-30,30.559999465942383,26.950439453125
2018-08-31,30.09000015258789,26.535953521728516
2018-09-04,29.920000076293945,26.386028289794922
2018-09-05,30.709999084472656,27.08271598815918
2018-09-06,29.209999084472656,25.759889602661133
2018-09-07,28.75,25.35422134399414
2018-09-10,29.239999771118164,25.786344528198242
2018-09-11,30.40999984741211,26.818153381347656
2018-09-12,31.329999923706055,27.62948989868164
2018-09-13,31.31999969482422,27.62067222595215
2018-09-14,31.489999771118164,27.770593643188477
2018-09-17,31.309999465942383,27.611854553222656
2018-09-18,31.649999618530273,27.91168975830078
2018-09-19,31.739999771118164,27.991064071655273
2018-09-20,31.219999313354492,27.53248405456543
2018-09-21,31.540000915527344,27.814687728881836
2018-09-24,31.940000534057617,28.16744041442871
2018-09-25,31.6200008392334,27.885234832763672
2018-09-26,31.149999618530273,27.47075080871582
2018-09-27,31.649999618530273,27.91168975830078
2018-09-28,31.530000686645508,27.80586814880371
2018-10-01,32.52000045776367,28.678932189941406
2018-10-02,32.40999984741211,28.581932067871094
2018-10-03,33.470001220703125,29.516725540161133
2018-10-04,32.72999954223633,28.8641300201416
2018-10-05,32.9900016784668,29.09342384338379
2018-10-08,32.13999938964844,28.343814849853516
2018-10-09,32.459999084472656,28.62601661682129
2018-10-10,30.100000381469727,26.544769287109375
2018-10-11,28.790000915527344,25.389501571655273
2018-10-12,30.1200008392334,26.562406539916992
2018-10-15,30.360000610351562,26.774059295654297
2018-10-16,30.989999771118164,27.329647064208984
2018-10-17,29.959999084472656,26.421300888061523
2018-10-18,28.989999771118164,25.56587791442871
2018-10-19,29.010000228881836,25.583511352539062
2018-10-22,28.809999465942383,25.40713882446289
2018-10-23,27.100000381469727,23.899112701416016
2018-10-24,25.68000030517578,22.646833419799805
2018-10-25,25.959999084472656,22.93842124938965
2018-10-26,25.31999969482422,22.372915267944336
2018-10-29,23.780000686645508,21.012165069580078
2018-10-30,24.100000381469727,21.2949161529541
2018-10-31,24.34000015258789,21.506980895996094
2018-11-01,24.770000457763672,21.886932373046875
2018-11-02,23.260000228881836,20.55268096923828
2018-11-05,24.170000076293945,21.35676383972168
2018-11-06,24.290000915527344,21.46280288696289
2018-11-07,24.479999542236328,21.630685806274414
2018-11-08,23.149999618530273,20.455493927001953
2018-11-09,22.790000915527344,20.137388229370117
2018-11-12,21.5,18.997535705566406
2018-11-13,21.110000610351562,18.65293312072754
2018-11-14,21.09000015258789,18.635263442993164
2018-11-15,21.719999313354492,19.191930770874023
2018-11-16,21.530000686645508,19.024045944213867
2018-11-19,21.6200008392334,19.10357093811035
2018-11-20,20.1299991607666,17.786996841430664
2018-11-21,21.059999465942383,18.608755111694336
2018-11-23,20.219999313354492,17.866518020629883
2018-11-26,20.6299991607666,18.228797912597656
2018-11-27,20.399999618530273,18.025569915771484
2018-11-28,20.850000381469727,18.423198699951172
2018-11-29,20.959999084472656,18.520389556884766
2018-11-30,20.399999618530273,18.025569915771484
2018-12-03,21.649999618530273,19.13007926940918
2018-12-04,20.579999923706055,18.184621810913086
2018-12-06,19.43000030517578,17.168476104736328
2018-12-07,19.649999618530273,17.36286735534668
2018-12-10,18.899999618530273,16.700157165527344
2018-12-11,18.739999771118164,16.558788299560547
2018-12-12,18.959999084472656,16.7531795501709
2018-12-13,18.549999237060547,16.39090347290039
2018-12-14,16.709999084472656,14.765064239501953
2018-12-17,16.309999465942383,14.411620140075684
2018-12-18,15.520000457763672,13.713573455810547
2018-12-19,15.270000457763672,13.492671966552734
2018-12-20,14.859999656677246,13.130390167236328
2018-12-21,14.479999542236328,12.794623374938965
2018-12-24,13.489999771118164,11.919851303100586
2018-12-26,15.210000038146973,13.439654350280762
2018-12-27,15.550000190734863,13.740079879760742
2018-12-28,15.359999656677246,13.572196960449219
2018-12-31,15.479999542236328,13.678226470947266
2019-01-02,15.34000015258789,13.554522514343262
2019-01-03,15.319999694824219,13.536849021911621
2019-01-04,16.6299991607666,14.694377899169922
2019-01-07,17.479999542236328,15.445441246032715
2019-01-08,17.959999084472656,15.869573593139648
2019-01-09,18.780000686645508,16.594125747680664
2019-01-10,19.440000534057617,17.177309036254883
2019-01-11,19.309999465942383,17.06243896484375
2019-01-14,19.34000015258789,17.088947296142578
2019-01-15,19.850000381469727,17.53959083557129
2019-01-16,20.020000457763672,17.689802169799805
2019-01-17,20.329999923706055,17.96371841430664
2019-01-18,21.139999389648438,18.6794376373291
2019-01-22,20.030000686645508,17.698638916015625
2019-01-23,19.190000534057617,16.956405639648438
2019-01-24,19.1299991607666,16.90339469909668
2019-01-25,19.479999542236328,17.2126522064209
2019-01-28,19.309999465942383,17.06243896484375
2019-01-29,19.68000030517578,17.389371871948242
2019-01-30,20.420000076293945,18.043243408203125
2019-01-31,19.6200008392334,17.33635902404785
2019-02-01,19.739999771118164,17.44239616394043
2019-02-04,19.469999313354492,17.203819274902344
2019-02-05,18.850000381469727,16.655981063842773
2019-02-06,18.719999313354492,16.541109085083008
2019-02-07,17.43000030517578,15.401259422302246
2019-02-08,16.760000228881836,14.809242248535156
2019-02-11,17.459999084472656,15.427766799926758
2019-02-12,18.260000228881836,16.134653091430664
2019-02-13,19.020000457763672,16.806198120117188
2019-02-14,18.850000381469727,16.655981063842773
2019-02-15,19.809999465942383,17.50424575805664
2019-02-19,19.079999923706055,16.859209060668945
2019-02-20,19.690000534057617,17.398204803466797
2019-02-21,17.020000457763672,15.038983345031738
2019-02-22,16.889999389648438,14.924113273620605
2019-02-25,16.889999389648438,14.924113273620605
2019-02-26,16.420000076293945,14.508818626403809
2019-02-27,16.649999618530273,14.712047576904297
2019-02-28,16.34000015258789,14.438130378723145
2019-03-01,16.530000686645508,14.606013298034668
2019-03-04,16.860000610351562,14.89760684967041
2019-03-05,16.6200008392334,14.685538291931152
2019-03-06,16.049999237060547,14.18188190460205
2019-03-07,15.789999961853027,13.952144622802734
2019-03-08,15.069999694824219,13.315948486328125
2019-03-11,14.979999542236328,13.236421585083008
2019-03-12,15.800000190734863,13.960982322692871
2019-03-13,16.329999923706055,14.429293632507324
2019-03-14,15.920000076293945,14.0670166015625
2019-03-15,15.699999809265137,13.872621536254883
2019-03-18,16.079999923706055,14.208392143249512
2019-03-19,15.520000457763672,13.713573455810547
2019-03-20,16.459999084472656,14.544158935546875
2019-03-21,17.290000915527344,15.277556419372559
2019-03-22,16.40999984741211,14.499981880187988
2019-03-25,16.440000534057617,14.52649211883545
2019-03-26,16.989999771118164,15.01247501373291
2019-03-27,17.040000915527344,15.056652069091797
2019-03-28,17.200000762939453,15.198034286499023
2019-03-29,17.489999771118164,15.454276084899902
2019-04-01,17.719999313354492,15.657506942749023
2019-04-02,17.649999618530273,15.595656394958496
2019-04-03,16.610000610351562,14.676704406738281
2019-04-04,17.31999969482422,15.304060935974121
2019-04-05,18.149999618530273,16.037452697753906
2019-04-08,18.25,16.12582015991211
2019-04-09,17.719999313354492,15.657506942749023
2019-04-10,18.15999984741211,16.04629135131836
2019-04-11,17.290000915527344,15.277556419372559
2019-04-12,18.309999465942383,16.178829193115234
2019-04-15,17.75,15.684012413024902
2019-04-16,17.90999984741211,15.825387954711914
2019-04-17,17.579999923706055,15.533801078796387
2019-04-18,17.530000686645508,15.489622116088867
2019-04-22,18.549999237060547,16.39090347290039
2019-04-23,18.479999542236328,16.32904624938965
2019-04-24,17.350000381469727,15.330574035644531
2019-04-25,16.459999084472656,14.58619499206543
2019-04-26,15.960000038146973,14.143118858337402
2019-04-29,16.1200008392334,14.284903526306152
2019-04-30,15.930000305175781,14.116531372070312
2019-05-01,15.199999809265137,13.469634056091309
2019-05-02,14.760000228881836,13.07972526550293
2019-05-03,14.90999984741211,13.212648391723633
2019-05-06,15.239999771118164,13.505082130432129
2019-05-07,14.619999885559082,12.95566177368164
2019-05-08,14.979999542236328,13.274678230285645
2019-05-09,15.100000381469727,13.38101863861084
2019-05-10,15.369999885559082,13.620280265808105
2019-05-13,14.619999885559082,12.95566177368164
2019-05-14,15.15999984741211,13.43419075012207
2019-05-15,15.430000305175781,13.673452377319336
2019-05-16,15.880000114440918,14.072224617004395
2019-05-17,15.100000381469727,13.38101863861084
2019-05-20,14.579999923706055,12.92021656036377
2019-05-21,14.829999923706055,13.141756057739258
2019-05-22,13.84000015258789,12.264457702636719
2019-05-23,13.0,11.520084381103516
2019-05-24,12.729999542236328,11.280818939208984
2019-05-28,12.539999961853027,11.112447738647461
2019-05-29,12.8100004196167,11.351712226867676
2019-05-30,12.180000305175781,10.793431282043457
2019-05-31,11.630000114440918,10.30604362487793
2019-06-03,11.739999771118164,10.403520584106445
2019-06-04,12.170000076293945,10.78456974029541
2019-06-05,11.220000267028809,9.942717552185059
2019-06-06,11.630000114440918,10.30604362487793
2019-06-07,11.8100004196167,10.46555233001709
2019-06-10,11.619999885559082,10.297181129455566
2019-06-11,11.770000457763672,10.430106163024902
2019-06-12,10.75,9.52622127532959
2019-06-13,10.899999618530273,9.659144401550293
2019-06-14,10.380000114440918,9.198341369628906
2019-06-17,10.960000038146973,9.71231746673584
2019-06-18,11.680000305175781,10.350351333618164
2019-06-19,11.1899995803833,9.916132926940918
2019-06-20,12.15999984741211,10.775708198547363
2019-06-21,11.800000190734863,10.456689834594727
2019-06-24,12.0,10.63392162322998
2019-06-25,11.930000305175781,10.571891784667969
2019-06-26,12.5600004196167,11.130173683166504
2019-06-27,12.289999961853027,10.890909194946289
2019-06-28,12.520000457763672,11.09472370147705
2019-07-01,12.34000015258789,10.935216903686523
2019-07-02,11.40999984741211,10.111088752746582
2019-07-03,11.239999771118164,9.960440635681152
2019-07-05,11.600000381469727,10.279457092285156
2019-07-08,11.630000114440918,10.30604362487793
2019-07-09,11.539999961853027,10.226288795471191
2019-07-10,11.710000038146973,10.376937866210938
2019-07-11,11.039999961853027,9.783207893371582
2019-07-12,10.819999694824219,9.588252067565918
2019-07-15,10.329999923706055,9.154035568237305
2019-07-16,9.90999984741211,8.78184986114502
2019-07-17,9.199999809265137,8.152671813964844
2019-07-18,9.350000381469727,8.285599708557129
2019-07-19,9.899999618530273,8.77298641204834
2019-07-22,10.149999618530273,8.994524955749512
2019-07-23,10.140000343322754,8.985662460327148
2019-07-24,10.069999694824219,8.923632621765137
2019-07-25,9.510000228881836,8.427385330200195
2019-07-26,9.229999542236328,8.1792573928833
2019-07-29,8.899999618530273,7.886824607849121
2019-07-30,9.65999984741211,8.560309410095215
2019-07-31,9.970000267028809,8.835016250610352
2019-08-01,9.0600004196167,8.028610229492188
2019-08-02,10.0,8.861600875854492
2019-08-05,9.59000015258789,8.49827766418457
2019-08-06,9.850000381469727,8.728678703308105
2019-08-07,9.699999809265137,8.595752716064453
2019-08-08,10.600000381469727,9.393296241760254
2019-08-09,10.390000343322754,9.207204818725586
2019-08-12,9.930000305175781,8.79957103729248
2019-08-13,10.270000457763672,9.100866317749023
2019-08-14,9.039999961853027,8.010885238647461
2019-08-15,9.140000343322754,8.099506378173828
2019-08-16,9.8100004196167,8.693230628967285
2019-08-19,10.229999542236328,9.06541633605957
2019-08-20,10.319999694824219,9.145174026489258
2019-08-21,10.180000305175781,9.021110534667969
2019-08-22,10.010000228881836,8.870466232299805
2019-08-23,9.140000343322754,8.099506378173828
2019-08-26,9.020000457763672,7.993166923522949
2019-08-27,9.220000267028809,8.170398712158203
2019-08-28,9.989999771118164,8.852740287780762
2019-08-29,9.989999771118164,8.852740287780762
2019-08-30,9.479999542236328,8.400796890258789
2019-09-03,9.079999923706055,8.046335220336914
2019-09-04,9.539999961853027,8.453968048095703
2019-09-05,10.210000038146973,9.047697067260742
2019-09-06,10.210000038146973,9.047697067260742
2019-09-09,11.130000114440918,9.862963676452637
2019-09-10,10.850000381469727,9.614839553833008
2019-09-11,10.420000076293945,9.233789443969727
2019-09-12,9.850000381469727,8.728678703308105
2019-09-13,9.649999618530273,8.551445960998535
2019-09-16,12.640000343322754,11.201065063476562
2019-09-17,10.369999885559082,9.189483642578125
2019-09-18,10.59000015258789,9.38443660736084
2019-09-19,10.420000076293945,9.233789443969727
2019-09-20,10.829999923706055,9.597114562988281
2019-09-23,10.760000228881836,9.53508472442627
2019-09-24,10.680000305175781,9.464190483093262
2019-09-25,10.829999923706055,9.597114562988281
2019-09-26,10.3100004196167,9.136311531066895
2019-09-27,9.770000457763672,8.65778636932373
2019-09-30,9.6899995803833,8.586892127990723
2019-10-01,9.020000457763672,7.993166923522949
2019-10-02,8.6899995803833,7.700730323791504
2019-10-03,8.979999542236328,7.957716464996338
2019-10-04,8.960000038146973,7.939994812011719
2019-10-07,9.010000228881836,7.984302043914795
2019-10-08,8.539999961853027,7.567807197570801
2019-10-09,8.539999961853027,7.567807197570801
2019-10-10,8.09000015258789,7.169036388397217
2019-10-11,8.260000228881836,7.31968355178833
2019-10-14,7.78000020980835,6.894327640533447
2019-10-15,7.980000019073486,7.071559429168701
2019-10-16,7.710000038146973,6.832295894622803
2019-10-17,7.639999866485596,6.770265579223633
2019-10-18,7.210000038146973,6.38921594619751
2019-10-21,7.199999809265137,6.380353927612305
2019-10-22,7.510000228881836,6.655063152313232
2019-10-23,7.980000019073486,7.071559429168701
2019-10-24,7.75,6.911043643951416
2019-10-25,8.300000190734863,7.401504993438721
2019-10-28,8.199999809265137,7.312331676483154
2019-10-29,8.350000381469727,7.446091175079346
2019-10-30,7.949999809265137,7.089393615722656
2019-10-31,7.840000152587891,6.991301536560059
2019-11-01,8.380000114440918,7.472845554351807
2019-11-04,9.630000114440918,8.587531089782715
2019-11-05,9.729999542236328,8.676701545715332
2019-11-06,9.520000457763672,8.4894380569458
2019-11-07,9.729999542236328,8.676701545715332
2019-11-08,9.8100004196167,8.748044967651367
2019-11-11,9.729999542236328,8.676701545715332
2019-11-12,9.710000038146973,8.658869743347168
2019-11-13,9.210000038146973,8.212994575500488
2019-11-14,8.869999885559082,7.9098005294799805
2019-11-15,9.1899995803833,8.195160865783691
2019-11-18,8.8100004196167,7.856298923492432
2019-11-19,8.5,7.579855442047119
2019-11-20,8.369999885559082,7.463927745819092
2019-11-21,8.5600004196167,7.633359432220459
2019-11-22,8.609999656677246,7.677944660186768
2019-11-25,8.960000038146973,7.990057945251465
2019-11-26,8.59000015258789,7.660113334655762
2019-11-27,8.760000228881836,7.811708450317383
2019-11-29,8.3100004196167,7.410421848297119
2019-12-02,8.220000267028809,7.330166339874268
2019-12-03,8.029999732971191,7.160733222961426
2019-12-04,8.489999771118164,7.570936679840088
2019-12-05,8.40999984741211,7.49959659576416
2019-12-06,9.140000343322754,8.15057373046875
2019-12-09,9.600000381469727,8.560776710510254
2019-12-10,9.65999984741211,8.614283561706543
2019-12-11,9.3100004196167,8.30217170715332
2019-12-12,9.59000015258789,8.551859855651855
2019-12-13,9.25,8.248662948608398
2019-12-16,9.779999732971191,8.721290588378906
2019-12-17,10.3100004196167,9.193917274475098
2019-12-18,10.710000038146973,9.550618171691895
2019-12-19,10.819999694824219,9.648707389831543
2019-12-20,10.619999885559082,9.470357894897461
2019-12-23,10.869999885559082,9.693297386169434
2019-12-24,10.949999809265137,9.76463794708252
2019-12-26,11.140000343322754,9.934069633483887
2019-12-27,10.880000114440918,9.702213287353516
2019-12-30,11.100000381469727,9.898399353027344
2019-12-31,11.239999771118164,10.023241996765137
2020-01-02,11.1899995803833,9.978655815124512
2020-01-03,11.829999923706055,10.5493745803833
2020-01-06,12.100000381469727,10.790144920349121
2020-01-07,12.390000343322754,11.04875373840332
2020-01-08,11.75,10.478035926818848
2020-01-09,11.649999618530273,10.388856887817383
2020-01-10,11.6899995803833,10.424529075622559
2020-01-13,11.260000228881836,10.041077613830566
2020-01-14,11.420000076293945,10.183757781982422
2020-01-15,11.329999923706055,10.103501319885254
2020-01-16,11.359999656677246,10.130252838134766
2020-01-17,11.149999618530273,9.942983627319336
2020-01-21,10.989999771118164,9.80030632019043
2020-01-22,10.149999618530273,9.051238059997559
2020-01-23,9.760000228881836,8.70345687866211
2020-01-24,9.5,8.471599578857422
2020-01-27,9.199999809265137,8.204075813293457
2020-01-28,9.550000190734863,8.516191482543945
2020-01-29,9.390000343322754,8.373509407043457
2020-01-30,9.399999618530273,8.382426261901855
2020-01-31,9.180000305175781,8.186244010925293
2020-02-03,8.920000076293945,7.954387664794922
2020-02-04,8.670000076293945,7.731451988220215
2020-02-05,9.670000076293945,8.623199462890625
2020-02-06,9.470000267028809,8.444852828979492
2020-02-07,9.359999656677246,8.346757888793945
2020-02-10,9.020000457763672,8.043563842773438
2020-02-11,8.84000015258789,7.883049011230469
2020-02-12,9.029999732971191,8.05247974395752
2020-02-13,9.079999923706055,8.097067832946777
2020-02-14,8.829999923706055,7.8741326332092285
2020-02-18,8.729999542236328,7.784956455230713
2020-02-19,9.270000457763672,8.266501426696777
2020-02-20,8.850000381469727,7.891968250274658
2020-02-21,8.529999732971191,7.6066060066223145
2020-02-24,7.739999771118164,6.902126312255859
2020-02-25,7.039999961853027,6.2779035568237305
2020-02-26,6.659999847412109,5.9390387535095215
2020-02-27,6.090000152587891,5.4307427406311035
2020-02-28,6.570000171661377,5.8587822914123535
2020-03-02,6.170000076293945,5.502082824707031
2020-03-03,5.820000171661377,5.189969062805176
2020-03-04,5.860000133514404,5.225640296936035
2020-03-05,5.449999809265137,4.8600239753723145
2020-03-06,3.819999933242798,3.4064762592315674
2020-03-09,1.4800000190734863,1.3197861909866333
2020-03-10,1.7799999713897705,1.587310552597046
2020-03-11,1.690000057220459,1.507053256034851
2020-03-12,1.7200000286102295,1.5338056087493896
2020-03-13,2.3299999237060547,2.0777719020843506
2020-03-16,1.6299999952316284,1.4535484313964844
2020-03-17,1.3799999952316284,1.2306115627288818
2020-03-18,1.059999942779541,0.945252537727356
2020-03-19,1.3899999856948853,1.2395288944244385
2020-03-20,1.2400000095367432,1.1057668924331665
2020-03-23,1.2899999618530273,1.150354266166687
2020-03-24,1.409999966621399,1.2573639154434204
2020-03-25,1.409999966621399,1.2573639154434204
2020-03-26,1.3700000047683716,1.2216942310333252
2020-03-27,1.190000057220459,1.061179757118225
2020-03-30,1.1200000047683716,0.9987572431564331
2020-03-31,1.2200000286102295,1.0879321098327637
2020-04-01,1.0299999713897705,0.9184998869895935
2020-04-02,1.190000057220459,1.061179757118225
2020-04-03,1.309999942779541,1.168189287185669
2020-04-06,1.3200000524520874,1.1771067380905151
2020-04-07,1.4199999570846558,1.2662816047668457
2020-04-08,1.5399999618530273,1.3732911348342896
2020-04-09,1.75,1.5605580806732178
2020-04-13,2.2300000190734863,1.9885969161987305
2020-04-14,1.909999966621399,1.7032381296157837
2020-04-15,1.7300000190734863,1.542723298072815
2020-04-16,1.5499999523162842,1.3822087049484253
2020-04-17,1.6799999475479126,1.4981359243392944
2020-04-20,1.5099999904632568,1.346538782119751
2020-04-21,1.6299999952316284,1.4535484313964844
2020-04-22,1.6799999475479126,1.4981359243392944
2020-04-23,1.850000023841858,1.6596115827560425
2020-04-24,1.840000033378601,1.650640845298767
2020-04-27,1.7799999713897705,1.5968153476715088
2020-04-28,1.8899999856948853,1.6954951286315918
2020-04-29,3.299999952316284,2.960388422012329
2020-04-30,4.050000190734863,3.633204221725464
2020-05-01,3.309999942779541,2.9693586826324463
2020-05-04,3.569999933242798,3.202601909637451
2020-05-05,3.5399999618530273,3.175689220428467
2020-05-06,3.259999990463257,2.9245049953460693
2020-05-07,3.450000047683716,3.0949509143829346
2020-05-08,3.5999999046325684,3.2295141220092773
2020-05-11,3.369999885559082,3.0231850147247314
2020-05-12,3.509999990463257,3.1487762928009033
2020-05-13,3.0799999237060547,2.7630293369293213
2020-05-14,2.950000047683716,2.6464085578918457
2020-05-15,3.0299999713897705,2.7181742191314697
2020-05-18,3.5999999046325684,3.2295141220092773
2020-05-19,3.490000009536743,3.1308352947235107
2020-05-20,3.619999885559082,3.247455596923828
2020-05-21,3.6600000858306885,3.283339738845825
2020-05-22,3.819999933242798,3.4268739223480225
2020-05-26,4.039999961853027,3.624232769012451
2020-05-27,3.859999895095825,3.462757110595703
2020-05-28,3.700000047683716,3.319223165512085
2020-05-29,3.5199999809265137,3.157747268676758
2020-06-01,4.150000095367432,3.7229127883911133
2020-06-02,4.170000076293945,3.7408547401428223
2020-06-03,4.210000038146973,3.7767386436462402
2020-06-04,4.199999809265137,3.767766237258911
2020-06-05,5.489999771118164,4.925009250640869
2020-06-08,6.929999828338623,6.216814994812012
2020-06-09,6.019999980926514,5.400466442108154
2020-06-10,5.090000152587891,4.566174030303955
2020-06-11,4.309999942779541,3.8664467334747314
2020-06-12,4.630000114440918,4.153515815734863
2020-06-15,4.840000152587891,4.341902732849121
2020-06-16,4.699999809265137,4.216310501098633
2020-06-17,4.269999980926514,3.8305628299713135
2020-06-18,4.300000190734863,3.857475757598877
2020-06-19,4.159999847412109,3.7318828105926514
2020-06-22,4.050000190734863,3.633204221725464
2020-06-23,4.039999961853027,3.624232769012451
2020-06-24,3.6600000858306885,3.283339738845825
2020-06-25,3.9200000762939453,3.516582727432251
2020-06-26,3.559999942779541,3.1936306953430176
2020-06-29,3.5899999141693115,3.220543146133423
2020-06-30,3.75,3.36407732963562
2020-07-01,3.630000114440918,3.256427526473999
2020-07-02,3.6500000953674316,3.27436900138855
2020-07-06,3.559999942779541,3.1936306953430176
2020-07-07,3.4200000762939453,3.0680389404296875
2020-07-08,3.4700000286102295,3.1128931045532227
2020-07-09,3.25,2.915534019470215
2020-07-10,3.4800000190734863,3.1218643188476562
2020-07-13,3.299999952316284,2.960388422012329
2020-07-14,3.5199999809265137,3.157747268676758
2020-07-15,3.7100000381469727,3.3281943798065186
2020-07-16,3.7200000286102295,3.337164878845215
2020-07-17,3.569999933242798,3.202601909637451
2020-07-20,3.450000047683716,3.0949509143829346
2020-07-21,4.099999904632568,3.67805814743042
2020-07-22,3.940000057220459,3.5345242023468018
2020-07-23,3.7799999713897705,3.3909902572631836
2020-07-24,3.7100000381469727,3.3281943798065186
2020-07-27,3.5299999713897705,3.1667184829711914
2020-07-28,3.4700000286102295,3.1128931045532227
2020-07-29,3.6600000858306885,3.283339738845825
2020-07-30,3.4800000190734863,3.1218643188476562
2020-07-31,2.950000047683716,2.6464085578918457
2020-08-03,2.759999990463257,2.4759609699249268
2020-08-04,2.859999895095825,2.565669536590576
2020-08-05,3.0299999713897705,2.7181742191314697
2020-08-06,2.9100000858306885,2.6105237007141113
2020-08-07,2.9700000286102295,2.6643500328063965
2020-08-10,3.1500000953674316,2.8258256912231445
2020-08-11,3.0999999046325684,2.7809712886810303
2020-08-12,3.1500000953674316,2.8258256912231445
2020-08-13,3.009999990463257,2.700233221054077
2020-08-14,3.0799999237060547,2.7630293369293213
2020-08-17,3.0299999713897705,2.7181742191314697
2020-08-18,2.880000114440918,2.5836117267608643
2020-08-19,2.7899999618530273,2.5028738975524902
2020-08-20,2.609999895095825,2.341398000717163
2020-08-21,2.4200000762939453,2.1709513664245605
2020-08-24,2.5399999618530273,2.27860164642334
2020-08-25,2.609999895095825,2.341398000717163
2020-08-26,2.490000009536743,2.2337472438812256
2020-08-27,2.559999942779541,2.296544313430786
2020-08-28,2.609999895095825,2.341398000717163
2020-08-31,2.430000066757202,2.179922580718994
2020-09-01,2.299999952316284,2.0633015632629395
2020-09-02,2.0899999141693115,1.8749125003814697
2020-09-03,2.2100000381469727,1.9825628995895386
2020-09-04,2.380000114440918,2.135067939758301
2020-09-08,2.25,2.018446445465088
2020-09-09,2.0999999046325684,1.8838831186294556
2020-09-10,1.8200000524520874,1.632698893547058
2020-09-11,1.7100000381469727,1.5340194702148438
2020-09-14,1.840000033378601,1.650640845298767
2020-09-15,1.899999976158142,1.7044658660888672
2020-09-16,2.109999895095825,1.8928537368774414
2020-09-17,2.119999885559082,1.9018250703811646
2020-09-18,2.140000104904175,1.9197670221328735
2020-09-21,1.9900000095367432,1.7852039337158203
2020-09-22,2.0199999809265137,1.8121163845062256
2020-09-23,1.8799999952316284,1.6865241527557373
2020-09-24,1.899999976158142,1.7044658660888672
2020-09-25,1.7200000286102295,1.5429898500442505
2020-09-28,1.7300000190734863,1.5519609451293945
2020-09-29,1.6200000047683716,1.4532814025878906
2020-09-30,1.590000033378601,1.4263687133789062
2020-10-01,1.5099999904632568,1.3546018600463867
2020-10-02,1.5299999713897705,1.3725435733795166
2020-10-05,1.559999942779541,1.39945650100708
2020-10-06,1.4900000095367432,1.3366600275039673
2020-10-07,1.5299999713897705,1.3725435733795166
2020-10-08,1.850000023841858,1.6596115827560425
2020-10-09,1.7100000381469727,1.5340194702148438
2020-10-12,1.7100000381469727,1.5340194702148438
2020-10-13,1.6399999856948853,1.4712235927581787
2020-10-14,1.649999976158142,1.4801942110061646
2020-10-15,1.559999942779541,1.39945650100708
2020-10-16,1.5199999809265137,1.3635727167129517
2020-10-19,1.4900000095367432,1.3366600275039673
2020-10-20,1.5199999809265137,1.3635727167129517
2020-10-21,1.4800000190734863,1.3276894092559814
2020-10-22,1.590000033378601,1.4360722303390503
2020-10-23,1.6100000143051147,1.4541360139846802
2020-10-26,1.5199999809265137,1.3728488683700562
2020-10-27,1.5199999809265137,1.3728488683700562
2020-10-28,1.399999976158142,1.2644659280776978
2020-10-29,1.4700000286102295,1.327689528465271
2020-10-30,1.6100000143051147,1.4541360139846802
2020-11-02,1.7799999713897705,1.6076781749725342
2020-11-03,1.840000033378601,1.661869764328003
2020-11-04,1.809999942779541,1.6347737312316895
2020-11-05,1.8600000143051147,1.6799331903457642
2020-11-06,1.7999999523162842,1.625741720199585
2020-11-09,2.2699999809265137,2.050241470336914
2020-11-10,2.2699999809265137,2.050241470336914
2020-11-11,2.319999933242798,2.095400810241699
2020-11-12,2.180000066757202,1.9689542055130005
2020-11-13,2.359999895095825,2.131528377532959
2020-11-16,2.609999895095825,2.3573265075683594
2020-11-17,3.180000066757202,2.8721444606781006
2020-11-18,3.130000114440918,2.8269846439361572
2020-11-19,3.430000066757202,3.0979418754577637
2020-11-20,3.619999885559082,3.269547462463379
2020-11-23,4.110000133514404,3.712111711502075
2020-11-24,4.599999904632568,4.154674530029297
2020-11-25,4.679999828338623,4.226929187774658
2020-11-27,4.539999961853027,4.100482940673828
2020-11-30,4.230000019073486,3.820493221282959
2020-12-01,4.119999885559082,3.721142530441284
2020-12-02,4.210000038146973,3.8024303913116455
2020-12-03,4.369999885559082,3.946941375732422
2020-12-04,4.869999885559082,4.39853572845459
2020-12-07,4.800000190734863,4.3353118896484375
2020-12-08,5.309999942779541,4.795938491821289
2020-12-09,5.570000171661377,5.030768394470215
2020-12-10,6.460000038146973,5.834607124328613
2020-12-11,6.670000076293945,6.024276256561279
2020-12-14,5.980000019073486,5.401075839996338
2020-12-15,5.880000114440918,5.310758113861084
2020-12-16,5.829999923706055,5.265597820281982
2020-12-17,5.96999979019165,5.3920440673828125
2020-12-18,5.78000020980835,5.220438480377197
2020-12-21,5.570000171661377,5.030768394470215
2020-12-22,5.400000095367432,4.877225875854492
2020-12-23,6.0,5.419140338897705
2020-12-24,6.019999980926514,5.437204360961914
2020-12-28,5.849999904632568,5.28366231918335
2020-12-29,5.800000190734863,5.23850154876709
2020-12-30,6.119999885559082,5.527523040771484
2020-12-31,6.119999885559082,5.527523040771484
2021-01-04,6.360000133514404,5.744288921356201
2021-01-05,7.639999866485596,6.90037202835083
2021-01-06,7.889999866485596,7.126169204711914
2021-01-07,8.510000228881836,7.686148643493652
2021-01-08,8.420000076293945,7.604860782623291
2021-01-11,9.239999771118164,8.345477104187012
2021-01-12,10.369999885559082,9.366080284118652
2021-01-13,9.390000343322754,8.480955123901367
2021-01-14,8.880000114440918,8.0203275680542
2021-01-15,8.449999809265137,7.631955146789551
2021-01-19,8.770000457763672,7.920977592468262
2021-01-20,8.65999984741211,7.821625232696533
2021-01-21,8.260000228881836,7.460350036621094
2021-01-22,8.920000076293945,8.056453704833984
2021-01-25,8.960000038146973,8.092582702636719
2021-01-26,8.460000038146973,7.640986442565918
2021-01-27,8.279999732971191,7.478412628173828
2021-01-28,8.460000038146973,7.640986442565918
2021-01-29,8.390000343322754,7.577764987945557
2021-02-01,8.789999961853027,7.9390411376953125
2021-02-02,9.100000381469727,8.219030380249023
2021-02-03,10.25,9.257697105407715
2021-02-04,10.59000015258789,9.564780235290527
2021-02-05,11.289999961853027,10.197016716003418
2021-02-08,11.949999809265137,10.793119430541992
2021-02-09,11.579999923706055,10.458941459655762
2021-02-10,12.0600004196167,10.892472267150879
2021-02-11,11.850000381469727,10.702801704406738
2021-02-12,12.6899995803833,11.461479187011719
2021-02-16,13.9399995803833,12.590469360351562
2021-02-17,14.0600004196167,12.698853492736816
2021-02-18,11.100000381469727,10.025410652160645
2021-02-19,11.319999694824219,10.224111557006836
2021-02-22,13.399999618530273,12.10274600982666
2021-02-23,12.539999961853027,11.32600212097168
2021-02-24,14.600000381469727,13.186575889587402
2021-02-25,13.819999694824219,12.482085227966309
2021-02-26,13.859999656677246,12.518214225769043
2021-03-01,14.260000228881836,12.87948989868164
2021-03-02,13.819999694824219,12.482085227966309
2021-03-03,15.609999656677246,14.098793029785156
2021-03-04,17.1200008392334,15.462613105773926
2021-03-05,17.899999618530273,16.16710090637207
2021-03-08,16.459999084472656,14.866508483886719
2021-03-09,15.960000038146973,14.41491413116455
2021-03-10,17.049999237060547,15.399392127990723
2021-03-11,17.780000686645508,16.058717727661133
2021-03-12,18.8799991607666,17.052227020263672
2021-03-15,19.489999771118164,17.603172302246094
2021-03-16,18.489999771118164,16.699983596801758
2021-03-17,18.690000534057617,16.880626678466797
2021-03-18,16.020000457763672,14.46910572052002
2021-03-19,18.360000610351562,16.58257293701172
2021-03-22,16.950000762939453,15.309070587158203
2021-03-23,15.65999984741211,14.143956184387207
2021-03-24,16.3700008392334,14.7852201461792
2021-03-25,16.360000610351562,14.776191711425781
2021-03-26,18.100000381469727,16.347736358642578
2021-03-29,16.780000686645508,15.155529975891113
2021-03-30,16.200000762939453,14.631680488586426
2021-03-31,16.3700008392334,14.7852201461792
2021-04-01,18.93000030517578,17.09738540649414
2021-04-05,17.260000228881836,15.589056968688965
2021-04-06,17.709999084472656,15.995495796203613
2021-04-07,17.8799991607666,16.149038314819336
2021-04-08,17.190000534057617,15.525837898254395
2021-04-09,17.260000228881836,15.589056968688965
2021-04-12,15.899999618530273,14.360721588134766
2021-04-13,16.3799991607666,14.794251441955566
2021-04-14,18.1299991607666,16.37483024597168
2021-04-15,17.420000076293945,15.73357105255127
2021-04-16,16.139999389648438,14.577484130859375
2021-04-19,16.959999084472656,15.318100929260254
2021-04-20,16.209999084472656,14.640707969665527
2021-04-21,16.170000076293945,14.604581832885742
2021-04-22,15.6899995803833,14.179818153381348
2021-04-23,15.960000038146973,14.423831939697266
2021-04-26,16.989999771118164,15.354697227478027
2021-04-27,17.219999313354492,15.562557220458984
2021-04-28,18.149999618530273,16.403039932250977
2021-04-29,17.799999237060547,16.086732864379883
2021-04-30,15.800000190734863,14.279234886169434
2021-05-03,16.520000457763672,14.929931640625
2021-05-04,16.389999389648438,14.812443733215332
2021-05-05,17.309999465942383,15.643892288208008
2021-05-06,16.979999542236328,15.345659255981445
2021-05-07,17.790000915527344,16.077693939208984
2021-05-10,16.790000915527344,15.173944473266602
2021-05-11,17.450000762939453,15.770421028137207
2021-05-12,16.760000228881836,15.146833419799805
2021-05-13,16.25,14.685921669006348
2021-05-14,17.639999389648438,15.942131042480469
2021-05-17,18.309999465942383,16.547643661499023
2021-05-18,18.510000228881836,16.7283935546875
2021-05-19,17.18000030517578,15.526408195495605
2021-05-20,17.40999984741211,15.734270095825195
2021-05-21,17.389999389648438,15.716194152832031
2021-05-24,18.139999389648438,16.394006729125977
2021-05-25,17.540000915527344,15.85175895690918
2021-05-26,18.889999389648438,17.071815490722656
2021-05-27,19.899999618530273,17.98460578918457
2021-05-28,19.899999618530273,17.98460578918457
2021-06-01,22.489999771118164,20.325315475463867
2021-06-02,24.260000228881836,21.924949645996094
2021-06-03,23.68000030517578,21.400772094726562
2021-06-04,23.760000228881836,21.473073959350586
2021-06-07,23.149999618530273,20.921789169311523
2021-06-08,22.709999084472656,20.52413558959961
2021-06-09,22.68000030517578,20.49703025817871
2021-06-10,21.540000915527344,19.466754913330078
2021-06-11,21.739999771118164,19.647502899169922
2021-06-14,21.3799991607666,19.322153091430664
2021-06-15,22.65999984741211,20.478954315185547
2021-06-16,22.479999542236328,20.31627655029297
2021-06-17,21.06999969482422,19.0419921875
2021-06-18,20.90999984741211,18.89739227294922
2021-06-21,22.649999618530273,20.46991729736328
2021-06-22,23.020000457763672,20.804306030273438
2021-06-23,24.209999084472656,21.8797607421875
2021-06-24,26.149999618530273,23.633033752441406
2021-06-25,26.649999618530273,24.08491325378418
2021-06-28,24.489999771118164,22.1328125
2021-06-29,24.06999969482422,21.75324249267578
2021-06-30,24.6299991607666,22.259336471557617
2021-07-01,25.510000228881836,23.05463981628418
2021-07-02,25.059999465942383,22.647945404052734
2021-07-06,23.969999313354492,21.66286277770996
2021-07-07,22.969999313354492,20.759111404418945
2021-07-08,22.690000534057617,20.50606346130371
2021-07-09,23.610000610351562,21.337512969970703
2021-07-12,23.049999237060547,20.831409454345703
2021-07-13,22.610000610351562,20.433767318725586
2021-07-14,21.100000381469727,19.06909942626953
2021-07-15,20.420000076293945,18.45455551147461
2021-07-16,19.079999923706055,17.243526458740234
2021-07-19,18.110000610351562,16.366893768310547
2021-07-20,18.639999389648438,16.84588050842285
2021-07-21,19.729999542236328,17.830965042114258
2021-07-22,19.040000915527344,17.207380294799805
2021-07-23,18.6200008392334,16.82780647277832
2021-07-26,19.280000686645508,17.42428207397461
2021-07-27,18.209999084472656,16.457275390625
2021-07-28,18.709999084472656,16.90914535522461
2021-07-29,18.520000457763672,16.73743438720703
2021-07-30,18.700000762939453,16.900108337402344
2021-08-02,18.719999313354492,16.918182373046875
2021-08-03,18.969999313354492,17.14411735534668
2021-08-04,17.399999618530273,15.725228309631348
2021-08-05,18.110000610351562,16.366893768310547
2021-08-06,18.670000076293945,16.87299346923828
2021-08-09,17.780000686645508,16.06865119934082
2021-08-10,18.760000228881836,16.954330444335938
2021-08-11,19.0,17.17123031616211
2021-08-12,18.969999313354492,17.14411735534668
2021-08-13,17.90999984741211,16.18614387512207
2021-08-16,16.90999984741211,15.282395362854004
2021-08-17,16.56999969482422,14.975123405456543
2021-08-18,15.75,14.234046936035156
2021-08-19,15.300000190734863,13.82735824584961
2021-08-20,15.260000228881836,13.791211128234863
2021-08-23,16.6200008392334,15.020307540893555
2021-08-24,17.399999618530273,15.725228309631348
2021-08-25,17.809999465942383,16.095767974853516
2021-08-26,17.510000228881836,15.824646949768066
2021-08-27,19.040000915527344,17.207380294799805
2021-08-30,18.8700008392334,17.05374526977539
2021-08-31,19.100000381469727,17.26160430908203
2021-09-01,18.850000381469727,17.035673141479492
2021-09-02,20.139999389648438,18.201501846313477
2021-09-03,19.690000534057617,17.794816970825195
2021-09-07,19.559999465942383,17.677331924438477
2021-09-08,19.520000457763672,17.641178131103516
2021-09-09,19.799999237060547,17.89423179626465
2021-09-10,19.829999923706055,17.921344757080078
2021-09-13,20.739999771118164,18.743751525878906
2021-09-14,20.260000228881836,18.309955596923828
2021-09-15,23.020000457763672,20.804306030273438
2021-09-16,22.610000610351562,20.433767318725586
2021-09-17,22.3799991607666,20.22589874267578
2021-09-20,21.579999923706055,19.502901077270508
2021-09-21,21.450000762939453,19.38541603088379
2021-09-22,22.760000228881836,20.569324493408203
2021-09-23,23.8700008392334,21.572490692138672
2021-09-24,24.1299991607666,21.807458877563477
2021-09-27,26.3799991607666,23.840900421142578
2021-09-28,25.559999465942383,23.099824905395508
2021-09-29,26.389999389648438,23.849933624267578
2021-09-30,26.3799991607666,23.840900421142578
2021-10-01,27.860000610351562,25.178447723388672
2021-10-04,28.940000534057617,26.15449333190918
2021-10-05,29.459999084472656,26.624446868896484
2021-10-06,28.40999984741211,25.675504684448242
2021-10-07,30.309999465942383,27.392627716064453
2021-10-08,30.329999923706055,27.410703659057617
2021-10-11,30.6299991607666,27.681833267211914
2021-10-12,29.479999542236328,26.642518997192383
2021-10-13,29.260000228881836,26.44369125366211
2021-10-14,29.3700008392334,26.543102264404297
2021-10-15,29.09000015258789,26.290058135986328
2021-10-18,30.010000228881836,27.12150764465332
2021-10-19,30.09000015258789,27.19380760192871
2021-10-20,30.809999465942383,27.84450340270996
2021-10-21,29.760000228881836,26.895566940307617
2021-10-22,30.799999237060547,27.84482765197754
2021-10-25,32.630001068115234,29.49924659729004
2021-10-26,33.630001068115234,30.403295516967773
2021-10-27,32.2599983215332,29.164745330810547
2021-10-28,32.09000015258789,29.011058807373047
2021-10-29,34.31999969482422,31.027088165283203
2021-11-01,36.63999938964844,33.12449645996094
2021-11-02,36.45000076293945,32.952720642089844
2021-11-03,35.119998931884766,31.75033187866211
2021-11-04,35.5099983215332,32.1029167175293
2021-11-05,37.040000915527344,33.48611831665039
2021-11-08,37.65999984741211,34.04662322998047
2021-11-09,37.369998931884766,33.784446716308594
2021-11-10,34.11000061035156,30.837238311767578
2021-11-11,34.97999954223633,31.623760223388672
2021-11-12,34.540000915527344,31.225980758666992
2021-11-15,34.75,31.41583251953125
2021-11-16,34.400001525878906,31.099414825439453
2021-11-17,32.86000061035156,29.70717430114746
2021-11-18,32.91999816894531,29.761415481567383
2021-11-19,30.200000762939453,27.30239486694336
2021-11-22,30.399999618530273,27.483205795288086
2021-11-23,31.989999771118164,28.92064666748047
2021-11-24,33.310001373291016,30.113996505737305
2021-11-26,28.670000076293945,25.919193267822266
2021-11-29,30.200000762939453,27.30239486694336
2021-11-30,29.0,26.217533111572266
2021-12-01,27.18000030517578,24.57215118408203
2021-12-02,28.170000076293945,25.4671688079834
2021-12-03,28.079999923706055,25.385799407958984
2021-12-06,29.3799991607666,26.56106948852539
2021-12-07,31.530000686645508,28.504779815673828
2021-12-08,31.940000534057617,28.875444412231445
2021-12-09,31.540000915527344,28.51382827758789
2021-12-10,32.7599983215332,29.61676597595215
2021-12-13,30.18000030517578,27.284313201904297
2021-12-14,29.219999313354492,26.41642189025879
2021-12-15,29.639999389648438,26.796117782592773
2021-12-16,27.739999771118164,25.078426361083984
2021-12-17,27.059999465942383,24.46367073059082
2021-12-20,27.260000228881836,24.644479751586914
2021-12-21,28.979999542236328,26.199447631835938
2021-12-22,29.149999618530273,26.353139877319336
2021-12-23,29.0,26.217533111572266
2021-12-27,31.190000534057617,28.197410583496094
2021-12-28,30.43000030517578,27.510324478149414
2021-12-29,30.760000228881836,27.808664321899414
2021-12-30,29.6200008392334,26.778039932250977
2021-12-31,29.479999542236328,26.651472091674805
2022-01-03,31.649999618530273,28.61327362060547
2022-01-04,34.13999938964844,30.864360809326172
2022-01-05,33.02000045776367,29.851823806762695
2022-01-06,34.439998626708984,31.135578155517578
2022-01-07,32.7599983215332,29.61676597595215
2022-01-10,31.850000381469727,28.79408073425293
2022-01-11,34.290000915527344,30.999971389770508
2022-01-12,34.81999969482422,31.479122161865234
2022-01-13,34.7400016784668,31.40679168701172
2022-01-14,36.63999938964844,33.12449645996094
2022-01-18,34.7599983215332,31.42487144470215
2022-01-19,33.68000030517578,30.448495864868164
2022-01-20,32.970001220703125,29.806617736816406
2022-01-21,31.360000610351562,28.351099014282227
2022-01-24,32.59000015258789,29.463075637817383
2022-01-25,34.130001068115234,30.855318069458008
2022-01-26,33.93000030517578,30.674514770507812
2022-01-27,32.95000076293945,29.788536071777344
2022-01-28,33.65999984741211,30.430419921875
2022-01-31,32.810001373291016,29.661972045898438
2022-02-01,35.02000045776367,31.659927368164062
2022-02-02,35.290000915527344,31.904020309448242
2022-02-03,35.02000045776367,31.659927368164062
2022-02-04,36.38999938964844,32.89848327636719
2022-02-07,35.02000045776367,31.659927368164062
2022-02-08,33.43000030517578,30.222488403320312
2022-02-09,34.810001373291016,31.47007942199707
2022-02-10,35.099998474121094,31.732250213623047
2022-02-11,37.2400016784668,33.666927337646484
2022-02-14,35.540000915527344,32.13003921508789
2022-02-15,34.58000183105469,31.26214599609375
2022-02-16,34.66999816894531,31.343505859375
2022-02-17,35.209999084472656,31.831697463989258
2022-02-18,34.25,30.963809967041016
2022-02-22,33.869998931884766,30.620267868041992
2022-02-23,34.349998474121094,31.054203033447266
2022-02-24,34.790000915527344,31.451995849609375
2022-02-25,32.56999969482422,29.44499969482422
2022-02-28,35.5099983215332,32.1029167175293
2022-03-01,37.52000045776367,33.92006301879883
2022-03-02,38.400001525878906,34.71562576293945
2022-03-03,38.060001373291016,34.40824508666992
2022-03-04,39.88999938964844,36.06266403198242
2022-03-07,40.81999969482422,36.90343475341797
2022-03-08,39.900001525878906,36.07170486450195
2022-03-09,38.9900016784668,35.249019622802734
2022-03-10,40.02000045776367,36.180198669433594
2022-03-11,38.02000045776367,34.37208938598633
2022-03-14,36.04999923706055,32.591102600097656
2022-03-15,36.959999084472656,33.413787841796875
2022-03-16,35.869998931884766,32.42837142944336
2022-03-17,38.630001068115234,34.923561096191406
2022-03-18,38.7400016784668,35.02300262451172
2022-03-21,39.650001525878906,35.8456916809082
2022-03-22,38.75,35.032047271728516
2022-03-23,39.83000183105469,36.0084228515625
2022-03-24,39.810001373291016,35.9903450012207
2022-03-25,42.47999954223633,38.40415573120117
2022-03-28,41.439998626708984,37.463951110839844
2022-03-29,41.029998779296875,37.09327697753906
2022-03-30,40.599998474121094,36.70454025268555
2022-03-31,38.95000076293945,35.212860107421875
2022-04-01,41.0099983215332,37.0751953125
2022-04-04,40.650001525878906,36.7497444152832
2022-04-05,38.869998931884766,35.14052963256836
2022-04-06,38.54999923706055,34.851226806640625
2022-04-07,40.130001068115234,36.279640197753906
2022-04-08,40.41999816894531,36.541812896728516
2022-04-11,39.0099983215332,35.26709747314453
2022-04-12,41.0099983215332,37.0751953125
2022-04-13,42.040000915527344,38.006378173828125
2022-04-14,41.349998474121094,37.38258361816406
2022-04-18,40.84000015258789,36.92151641845703
2022-04-19,40.09000015258789,36.243473052978516
2022-04-20,40.29999923706055,36.43333435058594
2022-04-21,37.95000076293945,34.317317962646484
2022-04-22,35.66999816894531,32.25556945800781
2022-04-25,35.310001373291016,31.930028915405273
2022-04-26,34.2400016784668,30.962446212768555
2022-04-27,34.900001525878906,31.559267044067383
2022-04-28,35.93000030517578,32.490684509277344
2022-04-29,35.529998779296875,32.12896728515625
2022-05-02,34.58000183105469,31.26991081237793
2022-05-03,37.619998931884766,34.01890182495117
2022-05-04,39.779998779296875,35.972145080566406
2022-05-05,37.84000015258789,34.21785354614258
2022-05-06,38.93000030517578,35.20351028442383
2022-05-09,33.810001373291016,30.57361602783203
2022-05-10,34.689998626708984,31.369373321533203
2022-05-11,34.0099983215332,30.75446319580078
2022-05-12,33.13999938964844,29.967750549316406
2022-05-13,35.29999923706055,31.92098045349121
2022-05-16,36.310001373291016,32.83430099487305
2022-05-17,38.060001373291016,34.41679382324219
2022-05-18,36.68000030517578,33.168888092041016
2022-05-19,37.54999923706055,33.955604553222656
2022-05-20,37.560001373291016,33.96465301513672
2022-05-23,40.36000061035156,36.49661636352539
2022-05-24,40.18000030517578,36.3338508605957
2022-05-25,43.33000183105469,39.182334899902344
2022-05-26,46.40999984741211,41.967498779296875
2022-05-27,49.720001220703125,44.96066665649414
2022-05-31,48.27000045776367,43.649452209472656
2022-06-01,49.13999938964844,44.4361686706543
2022-06-02,48.630001068115234,43.97500228881836
2022-06-03,50.220001220703125,45.412803649902344
2022-06-06,52.400001525878906,47.38412857055664
2022-06-07,54.36000061035156,49.156497955322266
2022-06-08,52.689998626708984,47.646366119384766
2022-06-09,51.779998779296875,46.82346725463867
2022-06-10,50.560001373291016,45.720245361328125
2022-06-13,48.189998626708984,43.57711410522461
2022-06-14,48.68000030517578,44.02021408081055
2022-06-15,47.91999816894531,43.33296203613281
2022-06-16,43.29999923706055,39.15520095825195
2022-06-17,39.709999084472656,35.908851623535156
2022-06-21,40.439998626708984,36.56896209716797
2022-06-22,36.38999938964844,32.906646728515625
2022-06-23,35.849998474121094,32.418331146240234
2022-06-24,35.540000915527344,32.13800811767578
2022-06-27,37.09000015258789,33.539634704589844
2022-06-28,38.599998474121094,34.905094146728516
2022-06-29,35.900001525878906,32.46355056762695
2022-06-30,34.189998626708984,30.917236328125
2022-07-01,34.08000183105469,30.81776237487793
2022-07-05,31.31999969482422,28.32196044921875
2022-07-06,30.360000610351562,27.453855514526367
2022-07-07,33.20000076293945,30.022003173828125
2022-07-08,33.189998626708984,30.012956619262695
2022-07-11,33.2599983215332,30.07625961303711
2022-07-12,31.979999542236328,28.918781280517578
2022-07-13,32.209999084472656,29.12676239013672
2022-07-14,31.829999923706055,28.783140182495117
2022-07-15,32.08000183105469,29.00921058654785
2022-07-18,33.2599983215332,30.07625961303711
2022-07-19,35.060001373291016,31.70395278930664
2022-07-20,36.58000183105469,33.078460693359375
2022-07-21,35.61000061035156,32.201316833496094
2022-07-22,34.7400016784668,31.414588928222656
2022-07-25,36.709999084472656,33.19601821899414
2022-07-26,36.41999816894531,32.933773040771484
2022-07-27,38.88999938964844,35.16733932495117
2022-07-28,39.380001068115234,35.61043167114258
2022-07-29,41.279998779296875,37.32855987548828
2022-08-01,39.7400016784668,35.93597412109375
2022-08-02,39.36000061035156,35.592350006103516
2022-08-03,37.22999954223633,33.666236877441406
2022-08-04,37.0,33.458255767822266
2022-08-05,38.099998474121094,34.45295715332031
2022-08-08,37.349998474121094,33.774749755859375
2022-08-09,37.58000183105469,33.98273849487305
2022-08-10,38.40999984741211,34.73329162597656
2022-08-11,41.349998474121094,37.3918571472168
2022-08-12,42.18000030517578,38.14241027832031
2022-08-15,40.959999084472656,37.039188385009766
2022-08-16,40.40999984741211,36.54184341430664
2022-08-17,41.27000045776367,37.319515228271484
2022-08-18,43.689998626708984,39.50786590576172
2022-08-19,42.5099983215332,38.440818786621094
2022-08-22,43.31999969482422,39.17329025268555
2022-08-23,45.15999984741211,40.837154388427734
2022-08-24,46.0099983215332,41.60578918457031
2022-08-25,46.2599983215332,41.83185577392578
2022-08-26,45.29999923706055,40.9637565612793
2022-08-29,46.2599983215332,41.83185577392578
2022-08-30,44.119998931884766,39.896705627441406
2022-08-31,44.06999969482422,39.85148620605469
2022-09-01,42.150001525878906,38.11528396606445
2022-09-02,43.2599983215332,39.11902618408203
2022-09-06,42.58000183105469,38.50412368774414
2022-09-07,42.84000015258789,38.739234924316406
2022-09-08,43.7599983215332,39.571163177490234
2022-09-09,45.939998626708984,41.5424919128418
2022-09-12,46.52000045776367,42.06697463989258
2022-09-13,44.77000045776367,40.4844856262207
2022-09-14,46.900001525878906,42.41059875488281
2022-09-15,44.63999938964844,40.3669319152832
2022-09-16,43.29999923706055,39.15520095825195
2022-09-19,42.56999969482422,38.495079040527344
2022-09-20,42.130001068115234,38.097198486328125
2022-09-21,40.970001220703125,37.04823303222656
2022-09-22,39.7599983215332,35.95405578613281
2022-09-23,35.939998626708984,32.49972152709961
2022-09-26,33.86000061035156,30.618820190429688
2022-09-27,34.15999984741211,30.890104293823242
2022-09-28,37.189998626708984,33.63007354736328
2022-09-29,37.779998779296875,34.16358184814453
2022-09-30,37.61000061035156,34.009857177734375
2022-10-03,41.400001525878906,37.43707275390625
2022-10-04,43.349998474121094,39.20041275024414
2022-10-05,44.56999969482422,40.30363464355469
2022-10-06,45.43000030517578,41.0813102722168
2022-10-07,45.06999969482422,40.75577163696289
2022-10-10,44.02000045776367,39.8062858581543
2022-10-11,43.70000076293945,39.516910552978516
2022-10-12,43.709999084472656,39.52595138549805
2022-10-13,45.06999969482422,40.75577163696289
2022-10-14,43.4900016784668,39.32701873779297
2022-10-17,41.290000915527344,37.33760070800781
2022-10-18,42.2400016784668,38.19667434692383
2022-10-19,43.279998779296875,39.137107849121094
2022-10-20,42.849998474121094,38.748268127441406
2022-10-21,44.5,40.24032974243164
2022-10-24,43.81999969482422,39.75944519042969
2022-10-25,43.84000015258789,39.77759552001953
2022-10-26,44.97999954223633,40.811954498291016
2022-10-27,44.52000045776367,40.39458084106445
2022-10-28,44.790000915527344,40.63956069946289
2022-10-31,44.97999954223633,40.811954498291016
2022-11-01,45.88999938964844,41.637638092041016
2022-11-02,44.18000030517578,40.086082458496094
2022-11-03,44.810001373291016,40.65770721435547
2022-11-04,46.09000015258789,41.819091796875
2022-11-07,48.380001068115234,43.896888732910156
2022-11-08,48.08000183105469,43.624698638916016
2022-11-09,43.040000915527344,39.051727294921875
2022-11-10,44.52000045776367,40.39458084106445
2022-11-11,46.7599983215332,42.427005767822266
2022-11-14,46.040000915527344,41.77373504638672
2022-11-15,47.619998931884766,43.20731735229492
2022-11-16,45.77000045776367,41.52874755859375
2022-11-17,45.15999984741211,40.97527313232422
2022-11-18,44.400001525878906,40.28570556640625
2022-11-21,42.72999954223633,38.77045440673828
2022-11-22,44.61000061035156,40.47624588012695
2022-11-23,43.7400016784668,39.686859130859375
2022-11-25,43.70000076293945,39.65056228637695
2022-11-28,42.13999938964844,38.23512268066406
2022-11-29,42.36000061035156,38.434730529785156
2022-11-30,43.11000061035156,39.115230560302734
2022-12-01,41.630001068115234,37.77238082885742
2022-12-02,41.11000061035156,37.300575256347656
2022-12-05,39.18000030517578,35.549407958984375
2022-12-06,38.2599983215332,34.71465301513672
2022-12-07,36.650001525878906,33.253841400146484
2022-12-08,35.380001068115234,32.101531982421875
2022-12-09,34.66999816894531,31.457313537597656
2022-12-12,35.880001068115234,32.55520248413086
2022-12-13,36.47999954223633,33.0995979309082
2022-12-14,35.689998626708984,32.38280487060547
2022-12-15,35.5,32.21040725708008
2022-12-16,34.20000076293945,31.030872344970703
2022-12-19,34.20000076293945,31.030872344970703
2022-12-20,33.869998931884766,30.7314510345459
2022-12-21,35.27000045776367,32.00172805786133
2022-12-22,33.959999084472656,30.813121795654297
2022-12-23,35.34000015258789,32.065242767333984
2022-12-27,35.529998779296875,32.237632751464844
2022-12-28,33.25,30.16890525817871
2022-12-29,34.709999084472656,31.493614196777344
2022-12-30,34.83000183105469,31.602502822875977
2023-01-03,31.979999542236328,29.01658821105957
2023-01-04,30.040000915527344,27.25636100769043
2023-01-05,29.729999542236328,26.975086212158203
2023-01-06,29.739999771118164,26.984159469604492
2023-01-09,30.68000030517578,27.83705711364746
2023-01-10,31.209999084472656,28.317947387695312
2023-01-11,31.899999618530273,28.94400405883789
2023-01-12,33.06999969482422,30.00558853149414
2023-01-13,33.06999969482422,30.00558853149414
2023-01-17,33.5,30.39574432373047
2023-01-18,33.16999816894531,30.0963134765625
2023-01-19,33.45000076293945,30.48824691772461
2023-01-20,33.25,30.305953979492188
2023-01-23,34.02000045776367,31.007774353027344
2023-01-24,32.9900016784668,30.06897735595703
2023-01-25,32.90999984741211,29.996061325073242
2023-01-26,33.630001068115234,30.652313232421875
2023-01-27,33.150001525878906,30.21480941772461
2023-01-30,31.979999542236328,29.148401260375977
2023-01-31,32.869998931884766,29.959598541259766
2023-02-01,32.459999084472656,29.585901260375977
2023-02-02,32.150001525878906,29.303356170654297
2023-02-03,32.130001068115234,29.285127639770508
2023-02-06,31.399999618530273,28.61975860595703
2023-02-07,32.9900016784668,30.06897735595703
2023-02-08,32.529998779296875,29.649700164794922
2023-02-09,31.6200008392334,28.820280075073242
2023-02-10,33.33000183105469,30.378877639770508
2023-02-13,33.06999969482422,30.141895294189453
2023-02-14,33.43000030517578,30.470020294189453
2023-02-15,32.650001525878906,29.75908088684082
2023-02-16,31.5,28.710905075073242
2023-02-17,30.270000457763672,27.589813232421875
2023-02-21,29.530000686645508,26.915332794189453
2023-02-22,29.010000228881836,26.44137954711914
2023-02-23,29.350000381469727,26.75127410888672
2023-02-24,29.850000381469727,27.207000732421875
2023-02-27,29.829999923706055,27.188770294189453
2023-02-28,29.510000228881836,26.897104263305664
2023-03-01,30.510000228881836,27.808561325073242
2023-03-02,30.979999542236328,28.236948013305664
2023-03-03,31.899999618530273,29.075483322143555
2023-03-06,31.31999969482422,28.546842575073242
2023-03-07,30.649999618530273,27.936168670654297
2023-03-08,29.549999237060547,26.933561325073242
2023-03-09,28.8799991607666,26.322887420654297
2023-03-10,28.790000915527344,26.240854263305664
2023-03-13,28.479999542236328,25.958301544189453
2023-03-14,28.65999984741211,26.12236785888672
2023-03-15,25.649999618530273,23.378881454467773
2023-03-16,26.8799991607666,24.499971389770508
2023-03-17,25.31999969482422,23.078102111816406
2023-03-20,26.34000015258789,24.007783889770508
2023-03-21,27.219999313354492,24.80986785888672
2023-03-22,26.329999923706055,23.99867057800293
2023-03-23,25.530000686645508,23.269506454467773
2023-03-24,26.280000686645508,23.95309829711914
2023-03-27,27.719999313354492,25.26559829711914
2023-03-28,27.549999237060547,25.110647201538086
2023-03-29,27.760000228881836,25.30205726623535
2023-03-30,28.020000457763672,25.539033889770508
2023-03-31,28.15999984741211,25.666637420654297
2023-04-03,30.889999389648438,28.15491485595703
2023-04-04,29.969999313354492,27.316375732421875
2023-04-05,29.8799991607666,27.234342575073242
2023-04-06,29.6200008392334,26.997364044189453
2023-04-10,29.8700008392334,27.225231170654297
2023-04-11,29.860000610351562,27.21611785888672
2023-04-12,29.850000381469727,27.207000732421875
2023-04-13,30.959999084472656,28.218717575073242
2023-04-14,30.940000534057617,28.20048713684082
2023-04-17,29.950000762939453,27.298147201538086
2023-04-18,29.479999542236328,26.869760513305664
2023-04-19,29.049999237060547,26.477832794189453
2023-04-20,27.969999313354492,25.625778198242188
2023-04-21,27.290000915527344,25.00277328491211
2023-04-24,28.389999389648438,26.01058006286621
2023-04-25,27.200000762939453,24.920312881469727
2023-04-26,26.209999084472656,24.013286590576172
2023-04-27,26.850000381469727,24.599651336669922
2023-04-28,28.079999923706055,25.726558685302734
2023-05-01,28.040000915527344,25.689912796020508
2023-05-02,26.389999389648438,24.178199768066406
2023-05-03,25.700000762939453,23.54603385925293
2023-05-04,25.290000915527344,23.17039680480957
2023-05-05,26.920000076293945,24.66378402709961
2023-05-08,26.40999984741211,24.1965274810791
2023-05-09,26.100000381469727,23.91250991821289
2023-05-10,25.950000762939453,23.77507781982422
2023-05-11,26.0,23.820890426635742
2023-05-12,25.790000915527344,23.628490447998047
2023-05-15,26.540000915527344,24.315629959106445
2023-05-16,25.68000030517578,23.527706146240234
2023-05-17,26.559999465942383,24.333953857421875
2023-05-18,26.8799991607666,24.627132415771484
2023-05-19,26.690000534057617,24.453060150146484
2023-05-22,28.149999618530273,25.790693283081055
2023-05-23,28.200000762939453,25.83650016784668
2023-05-24,28.770000457763672,26.358732223510742
2023-05-25,27.450000762939453,25.14936065673828
2023-05-26,27.520000457763672,25.21349334716797
2023-05-30,26.600000381469727,24.370601654052734
2023-05-31,26.290000915527344,24.08658218383789
2023-06-01,26.84000015258789,24.59048843383789
2023-06-02,28.209999084472656,25.845664978027344
2023-06-05,27.190000534057617,24.911151885986328
2023-06-06,28.170000076293945,25.809017181396484
2023-06-07,29.579999923706055,27.100841522216797
2023-06-08,29.540000915527344,27.06419563293457
2023-06-09,29.040000915527344,26.606103897094727
2023-06-12,28.100000381469727,25.744884490966797
2023-06-13,28.8799991607666,26.459508895874023
2023-06-14,28.399999618530273,26.01974105834961
2023-06-15,28.729999542236328,26.322080612182617
2023-06-16,28.920000076293945,26.49616050720215
2023-06-20,27.989999771118164,25.644105911254883
2023-06-21,29.760000228881836,27.265756607055664
2023-06-22,28.56999969482422,26.175495147705078
2023-06-23,29.09000015258789,26.651912689208984
2023-06-26,30.170000076293945,27.641393661499023
2023-06-27,30.469999313354492,27.916250228881836
2023-06-28,30.75,28.17278289794922
2023-06-29,31.309999465942383,28.68584632873535
2023-06-30,31.6299991607666,28.979021072387695
2023-07-03,32.02000045776367,29.336339950561523
2023-07-05,31.56999969482422,28.924055099487305
2023-07-06,30.18000030517578,27.650554656982422
2023-07-07,32.18000030517578,29.48293113708496
2023-07-10,32.380001068115234,29.666166305541992
2023-07-11,33.279998779296875,30.490734100341797
2023-07-12,33.38999938964844,30.59151840209961
2023-07-13,34.220001220703125,31.35195541381836
2023-07-14,32.43000030517578,29.711978912353516
2023-07-17,32.65999984741211,29.922700881958008
2023-07-18,34.5099983215332,31.617647171020508
2023-07-19,34.7599983215332,31.846694946289062
2023-07-20,34.61000061035156,31.846698760986328
2023-07-21,34.290000915527344,31.552249908447266
2023-07-24,34.56999969482422,31.80988883972168
2023-07-25,35.13999938964844,32.33438491821289
2023-07-26,35.189998626708984,32.38038635253906
2023-07-27,34.66999816894531,31.901905059814453
2023-07-28,35.83000183105469,32.96928787231445
2023-07-31,36.290000915527344,33.39257049560547
2023-08-01,36.09000015258789,33.208534240722656
2023-08-02,35.619998931884766,32.77605056762695
2023-08-03,37.29999923706055,34.32192611694336
2023-08-04,38.33000183105469,35.269691467285156
2023-08-07,38.83000183105469,35.72977066040039
2023-08-08,38.900001525878906,35.7941780090332
2023-08-09,39.79999923706055,36.622318267822266
2023-08-10,39.16999816894531,36.04261779785156
2023-08-11,39.75,36.57631301879883
2023-08-14,39.56999969482422,36.41068649291992
2023-08-15,39.0099983215332,35.89540100097656
2023-08-16,39.45000076293945,36.300262451171875
2023-08-17,40.310001373291016,37.09159851074219
2023-08-18,40.599998474121094,37.35844421386719
2023-08-21,41.349998474121094,38.04856872558594
2023-08-22,40.279998779296875,37.06399917602539
2023-08-23,40.54999923706055,37.31243896484375
2023-08-24,39.86000061035156,36.67753219604492
2023-08-25,40.84000015258789,37.57929611206055
2023-08-28,41.060001373291016,37.7817268371582
2023-08-29,41.08000183105469,37.80012512207031
2023-08-30,41.970001220703125,38.61906051635742
2023-08-31,42.310001373291016,38.93191909790039
2023-09-01,42.93000030517578,39.50241470336914
2023-09-05,42.279998779296875,38.90431594848633
2023-09-06,42.470001220703125,39.079139709472656
2023-09-07,42.09000015258789,38.729488372802734
2023-09-08,41.630001068115234,38.30620574951172
2023-09-11,40.25,37.0363883972168
2023-09-12,41.380001068115234,38.076171875
2023-09-13,40.54999923706055,37.31243896484375
2023-09-14,40.349998474121094,37.12840270996094
2023-09-15,39.59000015258789,36.4290885925293
2023-09-18,39.45000076293945,36.300262451171875
2023-09-19,39.290000915527344,36.153038024902344
2023-09-20,37.95000076293945,34.92002487182617
2023-09-21,37.619998931884766,34.616371154785156
2023-09-22,37.20000076293945,34.22990798950195
2023-09-25,38.27000045776367,35.2144775390625
2023-09-26,38.7400016784668,35.64695739746094
2023-09-27,40.65999984741211,37.413658142089844
2023-09-28,40.060001373291016,36.86156463623047
2023-09-29,39.650001525878906,36.48429489135742
2023-10-02,37.86000061035156,34.83721160888672
2023-10-03,38.09000015258789,35.048851013183594
2023-10-04,36.439998626708984,33.530582427978516
2023-10-05,36.400001525878906,33.49378204345703
2023-10-06,37.470001220703125,34.47835159301758
2023-10-09,39.650001525878906,36.48429489135742
2023-10-10,39.25,36.11623764038086
2023-10-11,39.38999938964844,36.245059967041016
2023-10-12,40.099998474121094,36.89836502075195
2023-10-13,41.97999954223633,38.62826919555664
2023-10-16,42.150001525878906,38.784690856933594
2023-10-17,42.06999969482422,38.71107864379883
2023-10-18,42.18000030517578,38.812294006347656
2023-10-19,43.5099983215332,40.03611373901367
2023-10-20,42.849998474121094,39.42879867553711
2023-10-23,41.81999969482422,38.61621856689453
2023-10-24,41.54999923706055,38.36690139770508
2023-10-25,41.720001220703125,38.52388381958008
2023-10-26,40.52000045776367,37.41582107543945
2023-10-27,40.540000915527344,37.43428421020508
2023-10-30,39.81999969482422,36.769439697265625
2023-10-31,40.31999969482422,37.231136322021484
2023-11-01,39.56999969482422,36.5385856628418
2023-11-02,41.130001068115234,37.97908401489258
2023-11-03,40.470001220703125,37.36964416503906
2023-11-06,38.9900016784668,36.003028869628906
2023-11-07,37.560001373291016,34.68257522583008
2023-11-08,36.369998931884766,33.583736419677734
2023-11-09,36.279998779296875,33.500633239746094
2023-11-10,36.7599983215332,33.94385528564453
2023-11-13,37.66999816894531,34.784141540527344
2023-11-14,38.349998474121094,35.412052154541016
2023-11-15,37.900001525878906,34.99652862548828
2023-11-16,36.43000030517578,33.6391487121582
2023-11-17,37.90999984741211,35.00575637817383
2023-11-20,38.02000045776367,35.10734176635742
2023-11-21,37.75,34.8580207824707
2023-11-22,37.66999816894531,34.784141540527344
2023-11-24,38.04999923706055,35.13502883911133
2023-11-27,37.279998779296875,34.42402267456055
2023-11-28,37.33000183105469,34.470191955566406
2023-11-29,37.29999923706055,34.44248962402344
2023-11-30,37.45000076293945,34.58100128173828
2023-12-01,37.90999984741211,35.00575637817383
2023-12-04,37.29999923706055,34.44248962402344
2023-12-05,36.16999816894531,33.39906311035156
2023-12-06,34.959999084472656,32.28175735473633
2023-12-07,34.849998474121094,32.18019104003906
2023-12-08,35.56999969482422,32.84502410888672
2023-12-11,35.619998931884766,32.89119338989258
2023-12-12,34.439998626708984,31.801589965820312
2023-12-13,35.650001525878906,32.91890335083008
2023-12-14,37.470001220703125,34.59946823120117
2023-12-15,37.880001068115234,34.978065490722656
2023-12-18,38.36000061035156,35.421287536621094
2023-12-19,38.720001220703125,35.75370788574219
2023-12-20,37.900001525878906,34.99652862548828
2023-12-21,38.5099983215332,35.559783935546875
2023-12-22,38.61000061035156,35.652137756347656
2023-12-26,39.79999923706055,36.75096893310547
2023-12-27,39.970001220703125,36.90794372558594
2023-12-28,39.06999969482422,36.076900482177734
2023-12-29,38.720001220703125,35.75370788574219
2024-01-02,38.95000076293945,35.96609115600586
2024-01-03,39.349998474121094,36.335445404052734
2024-01-04,38.27000045776367,35.33818054199219
2024-01-05,38.25,35.31970977783203
2024-01-08,38.189998626708984,35.264312744140625
2024-01-09,38.060001373291016,35.14426803588867
2024-01-10,37.33000183105469,34.470191955566406
2024-01-11,36.939998626708984,34.11007308959961
2024-01-12,37.34000015258789,34.47942352294922
2024-01-16,35.560001373291016,32.835792541503906
2024-01-17,35.66999816894531,32.93736267089844
2024-01-18,35.720001220703125,33.15082550048828
2024-01-19,35.68000030517578,33.11370086669922
2024-01-22,35.88999938964844,33.308597564697266
2024-01-23,35.97999954223633,33.39212417602539
2024-01-24,36.61000061035156,33.976806640625
2024-01-25,37.36000061035156,34.67287063598633
2024-01-26,37.189998626708984,34.51508712768555
2024-01-29,37.4900016784668,34.79351806640625
2024-01-30,38.310001373291016,35.554534912109375
2024-01-31,37.08000183105469,34.41300582885742
2024-02-01,36.529998779296875,33.90256118774414
2024-02-02,35.7599983215332,33.18794250488281
2024-02-05,35.720001220703125,33.15082550048828
2024-02-06,36.45000076293945,33.828311920166016
2024-02-07,36.45000076293945,33.828311920166016
2024-02-08,36.970001220703125,34.31092071533203
2024-02-09,36.900001525878906,34.24595260620117
2024-02-12,38.04999923706055,35.313228607177734
2024-02-13,37.38999938964844,34.70070266723633
2024-02-14,37.540000915527344,34.83991622924805
2024-02-15,39.18000030517578,36.36195755004883
2024-02-16,39.529998779296875,36.68678283691406
2024-02-20,38.79999923706055,36.0092887878418
2024-02-21,39.5,36.65894317626953
2024-02-22,41.34000015258789,38.366600036621094
2024-02-23,41.41999816894531,38.44083786010742
2024-02-26,41.459999084472656,38.47796630859375
2024-02-27,42.84000015258789,39.75870895385742
2024-02-28,43.130001068115234,40.02785873413086
2024-02-29,43.77000045776367,40.62181854248047
2024-03-01,44.5,41.299312591552734
2024-03-04,43.20000076293945,40.09281921386719
2024-03-05,43.619998931884766,40.48260498046875
2024-03-06,44.43000030517578,41.23434829711914
2024-03-07,44.41999816894531,41.22506332397461
2024-03-08,45.06999969482422,41.828311920166016
2024-03-11,45.36000061035156,42.097469329833984
2024-03-12,45.720001220703125,42.43156433105469
2024-03-13,46.81999969482422,43.45245361328125
2024-03-14,46.65999984741211,43.303955078125
2024-03-15,46.790000915527344,43.42460632324219
2024-03-18,46.650001525878906,43.294673919677734
2024-03-19,47.779998779296875,44.34339904785156
2024-03-20,48.220001220703125,44.75175476074219
2024-03-21,48.83000183105469,45.3178825378418
2024-03-22,48.70000076293945,45.19721984863281
2024-03-25,49.650001525878906,46.07889938354492
2024-03-26,48.68000030517578,45.17866897583008
2024-03-27,49.04999923706055,45.52205276489258
2024-03-28,49.849998474121094,46.26451873779297
2024-04-01,50.58000183105469,46.94200897216797
2024-04-02,50.83000183105469,47.17403030395508
2024-04-03,52.0,48.25986862182617
2024-04-04,52.040000915527344,48.29700469970703
2024-04-05,52.7599983215332,48.9652099609375
2024-04-08,52.0099983215332,48.26915740966797
2024-04-09,51.7400016784668,48.01857376098633
2024-04-10,52.40999984741211,48.640384674072266
2024-04-11,51.70000076293945,47.9814567565918
2024-04-12,50.72999954223633,47.08121871948242
2024-04-15,50.41999816894531,46.793514251708984
2024-04-16,50.290000915527344,46.672874450683594
2024-04-17,49.290000915527344,45.74480056762695
2024-04-18,48.040000915527344,44.748111724853516
2024-04-19,48.09000015258789,44.79469299316406
2024-04-22,48.849998474121094,45.50260925292969
2024-04-23,49.810001373291016,46.39683151245117
2024-04-24,50.0099983215332,46.58311462402344
2024-04-25,50.439998626708984,46.9836540222168
2024-04-26,50.84000015258789,47.35624694824219
2024-04-29,50.84000015258789,47.35624694824219
2024-04-30,48.4900016784668,45.16728210449219
2024-05-01,47.119998931884766,43.89115524291992
2024-05-02,47.7400016784668,44.46867370605469
2024-05-03,50.130001068115234,46.69490432739258
2024-05-06,50.720001220703125,47.24446487426758
2024-05-07,51.15999984741211,47.65431594848633
2024-05-08,50.630001068115234,47.16063690185547
2024-05-09,50.93000030517578,47.44008255004883
2024-05-10,49.15999984741211,45.79136657714844
2024-05-13,48.95000076293945,45.59574890136719
2024-05-14,49.52000045776367,46.12669372558594
2024-05-15,48.79999923706055,45.45603561401367
2024-05-16,48.45000076293945,45.13002014160156
2024-05-17,48.95000076293945,45.59574890136719
2024-05-20,49.459999084472656,46.0708122253418
2024-05-21,49.599998474121094,46.20121383666992
2024-05-22,48.369998931884766,45.05550003051758
2024-05-23,48.04999923706055,44.75743103027344
2024-05-24,48.060001373291016,44.76674270629883
2024-05-28,48.95000076293945,45.59574890136719
2024-05-29,48.83000183105469,45.483978271484375
2024-05-30,49.25,45.87519454956055
2024-05-31,50.43000030517578,46.97434616088867
2024-06-03,47.52000045776367,44.26374435424805
2024-06-04,46.52000045776367,43.332271575927734
2024-06-05,46.7599983215332,43.555816650390625
2024-06-06,47.349998474121094,44.10540008544922
2024-06-07,47.02000045776367,43.798004150390625
2024-06-10,48.2599983215332,44.95302963256836
2024-06-11,48.439998626708984,45.120704650878906
2024-06-12,48.900001525878906,45.5491828918457
2024-06-13,47.20000076293945,43.96566390991211
2024-06-14,45.81999969482422,42.680240631103516
2024-06-17,46.27000045776367,43.099395751953125
2024-06-18,47.52000045776367,44.26374435424805
2024-06-20,48.25,44.943721771240234
2024-06-21,48.130001068115234,44.831947326660156
2024-06-24,49.849998474121094,46.43408966064453
2024-06-25,49.38999938964844,46.00560760498047
2024-06-26,48.41999816894531,45.102073669433594
2024-06-27,43.349998474121094,40.379486083984375
2024-06-28,43.22999954223633,40.26771545410156
2024-07-01,43.65999984741211,40.668251037597656
2024-07-02,44.349998474121094,41.31096267700195
2024-07-03,45.31999969482422,42.214500427246094
2024-07-05,43.630001068115234,40.64030456542969
2024-07-08,44.25,41.21781539916992
2024-07-09,43.439998626708984,40.46332550048828
2024-07-10,43.900001525878906,40.89180374145508
2024-07-11,45.13999938964844,42.04683303833008
2024-07-12,44.939998626708984,41.860538482666016
2024-07-15,46.150001525878906,42.98762130737305
2024-07-16,46.779998779296875,43.5744514465332
2024-07-17,46.81999969482422,43.61171340942383
2024-07-18,47.2599983215332,44.02156066894531
2024-07-19,46.650001525878906,43.61949157714844
2024-07-22,46.400001525878906,43.385738372802734
2024-07-23,44.97999954223633,42.057987213134766
2024-07-24,44.5,41.609161376953125
2024-07-25,45.599998474121094,42.63770294189453
2024-07-26,45.90999984741211,42.92757034301758
2024-07-29,45.41999816894531,42.46939468383789
2024-07-30,45.4900016784668,42.534854888916016
2024-07-31,46.20000076293945,43.19873046875
2024-08-01,44.130001068115234,41.263206481933594
2024-08-02,40.900001525878906,38.2430305480957
2024-08-05,38.77000045776367,36.251399993896484
2024-08-06,38.900001525878906,36.372955322265625
2024-08-07,38.97999954223633,36.447757720947266
2024-08-08,43.2400016784668,40.43102264404297
2024-08-09,43.11000061035156,40.30946350097656
2024-08-12,44.34000015258789,41.45956039428711
2024-08-13,44.90999984741211,41.99253463745117
2024-08-14,44.959999084472656,42.03927993774414
2024-08-15,46.720001220703125,43.6849479675293
2024-08-16,45.400001525878906,42.45069885253906
2024-08-19,45.43000030517578,42.47875213623047
2024-08-20,44.15999984741211,41.29125213623047
2024-08-21,44.40999984741211,41.52501678466797
2024-08-22,44.29999923706055,41.422157287597656
2024-08-23,45.810001373291016,42.83406448364258
2024-08-26,46.95000076293945,43.90000534057617
2024-08-27,46.15999984741211,43.16132354736328
2024-08-28,46.06999969482422,43.07717514038086
2024-08-29,46.959999084472656,43.909358978271484
2024-08-30,45.630001068115234,42.66576385498047
2024-09-03,42.88999938964844,40.10375213623047
2024-09-04,41.7599983215332,39.04716491699219
2024-09-05,41.439998626708984,38.747955322265625
2024-09-06,40.130001068115234,37.52305603027344
2024-09-09,39.560001373291016,36.99008560180664
2024-09-10,38.86000061035156,36.33555221557617
2024-09-11,39.08000183105469,36.54126739501953
2024-09-12,38.779998779296875,36.2607536315918
2024-09-13,39.15999984741211,36.61606979370117
2024-09-16,39.81999969482422,37.233192443847656
2024-09-17,40.5,37.869014739990234
2024-09-18,40.95000076293945,38.28977584838867
2024-09-19,41.4900016784668,38.79470443725586
2024-09-20,41.529998779296875,38.83210372924805
2024-09-23,42.099998474121094,39.36507034301758
2024-09-24,42.5,39.73908996582031
2024-09-25,41.060001373291016,38.39263916015625
2024-09-26,38.06999969482422,35.59687423706055
2024-09-27,39.810001373291016,37.223838806152344
2024-09-30,39.970001220703125,37.373443603515625
2024-10-01,41.33000183105469,38.64509582519531
2024-10-02,41.93000030517578,39.206119537353516
2024-10-03,44.099998474121094,41.235145568847656
2024-10-04,45.08000183105469,42.15149688720703
2024-10-07,45.83000183105469,42.8527717590332
2024-10-08,44.15999984741211,41.29125213623047
2024-10-09,44.36000061035156,41.4782600402832
2024-10-10,44.88999938964844,41.97382736206055
2024-10-11,45.54999923706055,42.5909538269043
2024-10-14,44.619998931884766,41.72136688232422
2024-10-15,42.43000030517578,39.673641204833984
2024-10-16,42.689998626708984,39.916748046875
2024-10-17,43.52000045776367,40.69282913208008
2024-10-18,42.849998474121094,40.06635284423828
2024-10-21,42.13999938964844,39.40248107910156
2024-10-22,42.33000183105469,39.58013916015625
2024-10-23,41.97999954223633,39.25287628173828
2024-10-24,42.709999084472656,39.93544387817383
2024-10-25,43.47999954223633,40.84669876098633
2024-10-28,41.959999084472656,39.418758392333984
2024-10-29,41.810001373291016,39.2778434753418
2024-10-30,42.5,39.926055908203125
2024-10-31,41.970001220703125,39.42815399169922
2024-11-01,40.279998779296875,37.84050369262695
2024-11-04,40.939998626708984,38.460533142089844
2024-11-05,41.099998474121094,38.61083984375
2024-11-06,44.060001373291016,41.39157485961914
2024-11-07,43.279998779296875,40.6588134765625
2024-11-08,43.369998931884766,40.74336624145508
2024-11-11,44.02000045776367,41.35399627685547
2024-11-12,43.40999984741211,40.78094482421875
2024-11-13,43.720001220703125,41.07217025756836
2024-11-14,44.27000045776367,41.5888557434082
2024-11-15,43.33000183105469,40.70579147338867
2024-11-18,44.599998474121094,41.898868560791016
2024-11-19,43.88999938964844,41.23187255859375
2024-11-20,44.7599983215332,42.04917907714844
2024-11-21,45.459999084472656,42.706783294677734
2024-11-22,46.029998779296875,43.24225997924805
2024-11-25,45.13999938964844,42.406158447265625
2024-11-26,44.630001068115234,41.92705535888672
2024-11-27,44.83000183105469,42.11494445800781
2024-11-29,45.189998626708984,42.45314025878906
2024-12-02,44.2400016784668,41.56067657470703
2024-12-03,44.5099983215332,41.81432342529297
2024-12-04,41.93000030517578,39.39057159423828
2024-12-05,41.810001373291016,39.2778434753418
2024-12-06,40.18000030517578,37.74656677246094
2024-12-09,40.689998626708984,38.22567367553711
2024-12-10,40.38999938964844,37.94384002685547
2024-12-11,41.209999084472656,38.714176177978516
2024-12-12,40.59000015258789,38.13173294067383
2024-12-13,40.43000030517578,37.98141860961914
2024-12-16,39.38999938964844,37.00440979003906
2024-12-17,38.869998931884766,36.51589584350586
2024-12-18,37.150001525878906,34.90007019042969
2024-12-19,36.77000045776367,34.5430793762207
2024-12-20,36.59000015258789,34.373985290527344
2024-12-23,37.150001525878906,34.90007019042969
2024-12-24,37.540000915527344,35.266448974609375
2024-12-26,37.68000030517578,35.39796829223633
2024-12-27,37.81999969482422,35.52949142456055
2024-12-30,38.470001220703125,36.1401252746582
2024-12-31,38.7599983215332,36.412559509277344
2025-01-02,40.15999984741211,37.7277717590332
2025-01-03,40.58000183105469,38.12234115600586
2025-01-06,40.86000061035156,38.3853759765625
2025-01-07,42.68000030517578,40.09515380859375
2025-01-08,42.650001525878906,40.06696701049805
2025-01-10,43.349998474121094,40.724571228027344
2025-01-13,43.720001220703125,41.07217025756836
2025-01-14,43.91999816894531,41.26005554199219
2025-01-15,44.689998626708984,41.983421325683594
2025-01-16,44.119998931884766,41.44794464111328
2025-01-17,43.209999084472656,40.59305191040039
2025-01-21,41.880001068115234,39.343605041503906
2025-01-22,41.779998779296875,39.249656677246094
2025-01-23,41.220001220703125,38.72357177734375
2025-01-24,40.09000015258789,37.84563446044922
2025-01-27,39.689998626708984,37.46802520751953
2025-01-28,39.68000030517578,37.45859146118164
2025-01-29,40.04999923706055,37.8078727722168
2025-01-30,39.61000061035156,37.39250946044922
2025-01-31,37.959999084472656,35.83488082885742
2025-02-03,37.380001068115234,35.287357330322266
2025-02-04,38.27000045776367,36.127525329589844
2025-02-05,37.849998474121094,35.73103713989258
2025-02-06,37.2400016784668,35.155189514160156
2025-02-07,37.380001068115234,35.287357330322266
2025-02-10,39.40999984741211,37.203704833984375
2025-02-11,40.61000061035156,38.336524963378906
2025-02-12,38.90999984741211,36.73169708251953
2025-02-13,38.970001220703125,36.7883415222168
2025-02-14,38.52000045776367,36.363529205322266
2025-02-18,38.619998931884766,36.45793151855469
2025-02-19,38.83000183105469,36.65617752075195
2025-02-20,37.11000061035156,35.032470703125
2025-02-21,34.349998474121094,32.42698287963867
2025-02-24,33.81999969482422,31.926651000976562
2025-02-25,33.08000183105469,31.22808074951172
2025-02-26,32.369998931884766,30.557825088500977
2025-02-27,32.52000045776367,30.699432373046875
2025-02-28,32.709999084472656,30.8787899017334
2025-03-03,30.010000228881836,28.329946517944336
2025-03-04,28.850000381469727,27.234888076782227
2025-03-05,27.520000457763672,25.979345321655273
2025-03-06,27.149999618530273,25.63005828857422
2025-03-07,27.59000015258789,26.045427322387695
2025-03-10,27.3700008392334,25.83774185180664
2025-03-11,29.06999969482422,27.44257164001465
2025-03-12,29.780000686645508,28.112823486328125
2025-03-13,28.770000457763672,27.15936851501465
2025-03-14,29.989999771118164,28.311067581176758
2025-03-17,30.260000228881836,28.56595230102539
2025-03-18,30.299999237060547,28.60371208190918
2025-03-19,31.200000762939453,29.45332908630371
2025-03-20,30.93000030517578,29.198444366455078
2025-03-21,30.670000076293945,28.952999114990234
2025-03-24,31.809999465942383,30.0291805267334
2025-03-25,30.530000686645508,28.82083511352539
2025-03-26,30.790000915527344,29.066282272338867
2025-03-27,30.25,28.5565128326416
2025-03-28,29.399999618530273,27.754098892211914
2025-03-31,29.950000762939453,28.27330780029297
2025-04-01,29.770000457763672,28.103382110595703
2025-04-02,30.520000457763672,28.81139373779297
2025-04-03,25.329999923706055,23.911951065063477
2025-04-04,22.260000228881836,21.01381492614746
2025-04-07,21.809999465942383,20.589008331298828
2025-04-08,20.389999389648438,19.248504638671875
2025-04-09,24.6200008392334,23.24169921875
2025-04-10,21.239999771118164,20.050920486450195
2025-04-11,21.670000076293945,20.456846237182617
2025-04-14,21.959999084472656,20.730609893798828
2025-04-15,21.719999313354492,20.504045486450195
2025-04-16,22.31999969482422,21.070457458496094
2025-04-17,23.030000686645508,21.93728256225586
2025-04-21,22.020000457763672,20.975204467773438
2025-04-22,22.8799991607666,21.794395446777344
2025-04-23,22.989999771118164,21.89917755126953
2025-04-24,23.170000076293945,22.070636749267578
2025-04-25,23.479999542236328,22.36592674255371
2025-04-28,23.600000381469727,22.480234146118164
2025-04-29,23.260000228881836,22.156368255615234
2025-04-30,22.790000915527344,21.708667755126953
2025-05-01,23.670000076293945,22.546911239624023
2025-05-02,22.81999969482422,21.73724365234375
2025-05-05,21.0,20.003599166870117
2025-05-06,21.520000457763672,20.498924255371094
2025-05-07,21.200000762939453,20.194108963012695
2025-05-08,22.829999923706055,21.746768951416016
2025-05-09,23.15999984741211,22.06110954284668
2025-05-12,24.790000915527344,23.613773345947266
2025-05-13,25.6299991607666,24.413915634155273
2025-05-14,25.459999084472656,24.25197982788086
2025-05-15,24.559999465942383,23.394685745239258
2025-05-16,24.450000762939453,23.289905548095703
2025-05-19,23.920000076293945,22.785051345825195
2025-05-20,23.729999542236328,22.60406494140625
2025-05-21,23.100000381469727,22.00395965576172
2025-05-22,23.18000030517578,22.080162048339844
2025-05-23,23.170000076293945,22.070636749267578
2025-05-27,23.829999923706055,22.699321746826172
2025-05-28,23.65999984741211,22.53738784790039
2025-05-29,23.799999237060547,22.670743942260742
2025-05-30,23.420000076293945,22.308774948120117
2025-06-02,23.920000076293945,22.785051345825195
2025-06-03,25.239999771118164,24.042421340942383
2025-06-04,24.15999984741211,23.013662338256836
2025-06-05,24.010000228881836,22.87078094482422
2025-06-06,24.920000076293945,23.73760414123535
2025-06-09,25.59000015258789,24.375812530517578
2025-06-10,25.989999771118164,24.7568359375
2025-06-11,26.799999237060547,25.528400421142578
2025-06-12,27.1299991607666,25.842742919921875
2025-06-13,28.260000228881836,26.919126510620117
2025-06-16,27.760000228881836,26.442853927612305
2025-06-17,27.93000030517578,26.60478401184082
2025-06-18,27.549999237060547,26.242813110351562
2025-06-20,27.559999465942383,26.252342224121094
2025-06-23,25.6200008392334,24.40439224243164
2025-06-24,25.040000915527344,23.851911544799805
2025-06-25,24.68000030517578,23.508991241455078
2025-06-26,25.440000534057617,24.23293113708496
2025-06-27,25.100000381469727,23.90906524658203
2025-06-30,24.709999084472656,23.537567138671875
2025-07-01,26.040000915527344,24.80446434020996
2025-07-02,26.18000030517578,24.937820434570312
2025-07-03,25.93000030517578,24.699682235717773
2025-07-07,25.34000015258789,24.137676239013672
2025-07-08,27.829999923706055,26.50952911376953
2025-07-09,27.719999313354492,26.40475082397461
2025-07-10,28.3799991607666,27.03343391418457
2025-07-11,28.520000457763672,27.166790008544922
2025-07-14,27.559999465942383,26.252342224121094
2025-07-15,26.170000076293945,24.928293228149414
2025-07-16,25.709999084472656,24.490121841430664
2025-07-17,26.649999618530273,25.385517120361328
2025-07-18,25.889999389648438,24.84805679321289
2025-07-21,25.719999313354492,24.684898376464844
2025-07-22,26.639999389648438,25.56787109375
2025-07-23,27.40999984741211,26.306886672973633
2025-07-24,27.780000686645508,26.6619930267334
2025-07-25,27.56999969482422,26.460445404052734
2025-07-28,28.760000228881836,27.60255241394043
2025-07-29,28.860000610351562,27.698528289794922
2025-07-30,27.709999084472656,26.59480857849121
2025-07-31,27.59000015258789,26.479639053344727
2025-08-01,26.65999984741211,25.587066650390625
2025-08-04,27.030000686645508,25.942176818847656
2025-08-05,27.40999984741211,26.306886672973633
2025-08-06,26.809999465942383,25.731029510498047
2025-08-07,26.170000076293945,25.116788864135742
2025-08-08,26.239999771118164,25.183971405029297
2025-08-11,25.670000076293945,24.636911392211914
2025-08-12,26.950000762939453,25.865398406982422
2025-08-13,27.040000915527344,25.9517765045166
2025-08-14,26.729999542236328,25.65424919128418
2025-08-15,26.190000534057617,25.135984420776367
2025-08-18,25.959999084472656,24.915239334106445
2025-08-19,25.59000015258789,24.560131072998047
2025-08-20,25.510000228881836,24.483346939086914
2025-08-21,25.920000076293945,24.876848220825195
2025-08-22,27.780000686645508,26.6619930267334
2025-08-25,28.3700008392334,27.228248596191406
2025-08-26,27.5,26.39326286315918
2025-08-27,28.020000457763672,26.892333984375
2025-08-28,28.739999771118164,27.583358764648438
2025-08-29,28.549999237060547,27.401004791259766
2025-09-02,28.979999542236328,27.81369972229004
2025-09-03,27.799999237060547,26.68118667602539
2025-09-04,28.209999084472656,27.07468605041504
2025-09-05,26.920000076293945,25.836605072021484
2025-09-08,26.709999084472656,25.635053634643555
2025-09-09,26.079999923706055,25.030406951904297
2025-09-10,27.309999465942383,26.210908889770508
2025-09-11,27.190000534057617,26.095739364624023
2025-09-12,26.739999771118164,25.663848876953125
2025-09-15,26.06999969482422,25.020811080932617
2025-09-16,27.40999984741211,26.306886672973633
2025-09-17,27.43000030517578,26.326078414916992
2025-09-18,27.360000610351562,26.25889778137207
2025-09-19,25.65999984741211,24.62731170654297
2025-09-22,25.850000381469727,24.809667587280273
2025-09-23,26.5,25.433507919311523
2025-09-24,27.329999923706055,26.2301025390625
2025-09-25,27.309999465942383,26.210908889770508
2025-09-26,27.579999923706055,26.470041275024414
2025-09-29,25.8799991607666,24.838457107543945
2025-09-30,24.969999313354492,23.965084075927734
2025-10-01,25.440000534057617,24.416168212890625
2025-10-02,24.760000228881836,23.763534545898438
2025-10-03,25.850000381469727,24.809667587280273
2025-10-06,25.3799991607666,24.358579635620117
2025-10-07,25.280000686645508,24.26260757446289
2025-10-08,25.239999771118164,24.224214553833008
2025-10-09,24.329999923706055,23.35083770751953
2025-10-10,22.600000381469727,21.69046401977539
2025-10-13,23.110000610351562,22.179935455322266
2025-10-14,22.579999923706055,21.671268463134766
2025-10-15,22.110000610351562,21.220184326171875
2025-10-16,21.790000915527344,20.913061141967773
2025-10-17,21.260000228881836,20.593408584594727
2025-10-20,21.260000228881836,20.593408584594727
2025-10-21,20.579999923706055,19.93472671508789
2025-10-22,20.530000686645508,19.88629913330078
2025-10-23,21.520000457763672,20.845256805419922
2025-10-24,20.790000915527344,20.138145446777344
2025-10-27,21.09000015258789,20.428739547729492
2025-10-28,20.610000610351562,19.963788986206055
2025-10-29,20.6200008392334,19.97347640991211
2025-10-30,20.540000915527344,19.895984649658203
2025-10-31,20.889999389648438,20.235008239746094
2025-11-03,19.350000381469727,18.743295669555664
2025-11-04,18.690000534057617,18.103988647460938
2025-11-05,17.850000381469727,17.290327072143555
2025-11-06,17.90999984741211,17.34844398498535
2025-11-07,18.280000686645508,17.706844329833984
2025-11-10,18.43000030517578,17.852140426635742
2025-11-11,19.31999969482422,18.714235305786133
2025-11-12,18.31999969482422,17.745590209960938
2025-11-13,18.450000762939453,17.87151336669922
2025-11-14,18.8700008392334,18.27834701538086
2025-11-17,18.389999389648438,17.81339454650879
2025-11-18,19.100000381469727,18.501134872436523
2025-11-19,19.040000915527344,18.443016052246094
2025-11-20,18.43000030517578,17.852140426635742
2025-11-21,18.309999465942383,17.73590087890625
2025-11-24,18.43000030517578,17.852140426635742
2025-11-25,18.5,17.919946670532227
2025-11-26,18.729999542236328,18.14273452758789
2025-11-28,19.049999237060547,18.452699661254883
2025-12-01,19.700000762939453,19.082321166992188
2025-12-02,19.530000686645508,18.917652130126953
2025-12-03,20.209999084472656,19.57632827758789
2025-12-04,20.239999771118164,19.605388641357422
2025-12-05,20.1200008392334,19.489152908325195
2025-12-08,19.670000076293945,19.053260803222656
2025-12-09,19.889999389648438,19.2663631439209
2025-12-10,20.43000030517578,19.789432525634766
2025-12-11,19.829999923706055,19.20824432373047
2025-12-12,19.549999237060547,18.937023162841797
2025-12-15,19.1299991607666,18.53019142150879
2025-12-16,18.270000457763672,17.697158813476562
2025-12-17,19.40999984741211,18.801414489746094
2025-12-18,18.709999084472656,18.123361587524414
2025-12-19,18.68000030517578,18.094303131103516
2025-12-22,18.989999771118164,18.394580841064453
2025-12-23,18.8799991607666,18.28803062438965
2025-12-24,18.920000076293945,18.3267765045166
2025-12-26,18.510000228881836,18.12118911743164
2025-12-29,18.739999771118164,18.346355438232422
2025-12-30,18.780000686645508,18.385517120361328
2025-12-31,18.700000762939453,18.30719757080078
2026-01-02,19.1299991607666,18.72816276550293
2026-01-05,18.59000015258789,18.199508666992188
2026-01-06,18.299999237060547,17.915597915649414
2026-01-07,17.56999969482422,17.200931549072266
2026-01-08,18.200000762939453,17.817699432373047
2026-01-09,17.780000686645508,17.406522750854492
2026-01-12,17.8700008392334,17.494632720947266
2026-01-13,18.170000076293945,17.788330078125
2026-01-14,18.56999969482422,18.179927825927734
2026-01-15,18.34000015258789,17.95475959777832
2026-01-16,18.209999084472656,17.827489852905273
2026-01-20,18.229999542236328,17.847068786621094
2026-01-21,18.799999237060547,18.40509605407715
2026-01-22,18.75,18.35614776611328
2026-01-23,18.68000030517578,18.28761863708496
2026-01-26,19.18000030517578,18.777114868164062
2026-01-27,19.280000686645508,18.875015258789062
2026-01-28,19.18000030517578,18.777114868164062
2026-01-29,18.8700008392334,18.473628997802734
2026-01-30,19.469999313354492,19.06102180480957
2026-02-02,18.93000030517578,18.532365798950195
2026-02-03,19.030000686645508,18.630264282226562
2026-02-04,20.040000915527344,19.619049072265625
2026-02-05,19.540000915527344,19.129554748535156
2026-02-06,21.079999923706055,20.637205123901367
2026-02-09,21.239999771118164,20.79384422302246
2026-02-10,21.1299991607666,20.686153411865234
2026-02-11,21.899999618530273,21.439977645874023
2026-02-12,21.010000228881836,20.568674087524414
2026-02-13,21.459999084472656,21.009220123291016
2026-02-17,21.68000030517578,21.224599838256836
2026-02-18,23.399999618530273,22.908470153808594
2026-02-19,23.479999542236328,22.98678970336914
2026-02-20,23.65999984741211,23.163009643554688
2026-02-23,22.75,22.272125244140625
2026-02-24,22.459999084472656,21.988216400146484
2026-02-25,22.049999237060547,21.586828231811523
2026-02-26,21.1299991607666,20.686153411865234
2026-02-27,23.1299991607666,22.644142150878906
2026-03-02,24.190000534057617,23.68187713623047
2026-03-03,24.09000015258789,23.5839786529541
2026-03-04,24.540000915527344,24.024524688720703
2026-03-05,25.579999923706055,25.042680740356445
2026-03-06,25.969999313354492,25.42448616027832
2026-03-09,26.020000457763672,25.69107437133789
2026-03-10,24.8799991607666,24.56548500061035
2026-03-11,25.6299991607666,25.30600357055664
2026-03-12,25.479999542236328,25.157899856567383
2026-03-13,26.790000915527344,26.45134162902832
2026-03-16,26.760000228881836,26.42171859741211
2026-03-17,26.809999465942383,26.471086502075195
2026-03-18,27.270000457763672,26.92527198791504
2026-03-19,27.75,27.39920425415039
2026-03-20,30.040000915527344,29.66025733947754
2026-03-23,29.049999237060547,28.682769775390625
2026-03-24,30.350000381469727,29.966339111328125
2026-03-25,31.5,31.10179901123047
2026-03-26,32.68000030517578,32.266883850097656
2026-03-27,32.720001220703125,32.30637741088867
2026-03-30,32.130001068115234,31.723834991455078
2026-03-31,31.18000030517578,30.785844802856445
2026-04-01,29.5,29.1270809173584
2026-04-02,30.6200008392334,30.232925415039062
2026-04-06,30.459999084472656,30.0749454498291
2026-04-07,31.350000381469727,30.953697204589844
2026-04-08,28.809999465942383,28.445802688598633
2026-04-09,28.329999923706055,27.971872329711914
2026-04-10,28.3799991607666,28.021240234375
2026-04-13,28.850000381469727,28.485300064086914
2026-04-14,27.649999618530273,27.30046844482422
2026-04-15,27.329999923706055,26.984514236450195
2026-04-16,28.079999923706055,27.725032806396484
2026-04-17,25.969999313354492,25.641704559326172
2026-04-20,26.93000030517578,26.589570999145508
2026-04-21,28.079999923706055,27.725032806396484
2026-04-22,29.059999465942383,28.692644119262695
2026-04-23,29.290000915527344,28.919736862182617
2026-04-24,28.780000686645508,28.41618537902832
2026-04-27,29.100000381469727,28.732139587402344
2026-04-28,29.280000686645508,28.90986442565918
2026-04-29,31.229999542236328,30.8352108001709
2026-04-30,31.030000686645508,30.63774299621582
2026-05-01,30.469999313354492,30.084819793701172
2026-05-04,31.3799991607666,30.983314514160156
2026-05-05,31.209999084472656,30.81546401977539
2026-05-06,28.549999237060547,28.189090728759766
2026-05-07,29.100000381469727,28.732139587402344
2026-05-08,29.440000534057617,29.067840576171875
2026-05-11,30.670000076293945,30.28229331970215
2026-05-12,31.350000381469727,30.953697204589844
2026-05-13,31.170000076293945,30.775970458984375
2026-05-14,31.3700008392334,30.97344398498535
2026-05-15,32.59000015258789,32.17802047729492
2026-05-18,33.16999816894531,32.75068664550781
2026-05-19,34.31999969482422,33.88615417480469
2026-05-20,34.810001373291016,34.369956970214844
2026-05-21,33.25,32.82967758178711
2026-05-22,33.77000045776367,33.343101501464844
2026-05-26,31.790000915527344,31.388134002685547
2026-05-27,30.6299991607666,30.242795944213867
2026-05-28,31.15999984741211,30.766098022460938
2026-05-29,30.709999084472656,30.32178497314453
2026-06-01,32.66999816894531,32.25700759887695
2026-06-02,32.939998626708984,32.52359390258789
2026-06-03,34.290000915527344,33.856529235839844
2026-06-04,33.959999084472656,33.53070068359375
2026-06-05,32.209999084472656,31.802824020385742
2026-06-08,32.369998931884766,32.180599212646484
2026-06-09,31.079999923706055,30.898147583007812
2026-06-10,32.83000183105469,32.637908935546875
2026-06-11,31.280000686645508,31.09697914123535
2026-06-12,31.149999618530273,30.96773910522461
2026-06-15,28.469999313354492,28.30341911315918
2026-06-16,28.059999465942383,27.89581871032715
2026-06-17,28.09000015258789,27.925643920898438
2026-06-18,27.139999389648438,26.981201171875
2026-06-22,27.559999465942383,27.39874267578125
2026-06-23,27.40999984741211,27.249622344970703
2026-06-24,26.489999771118164,26.335004806518555
2026-06-25,26.520000457763672,26.364830017089844
2026-06-26,26.34000015258789,26.185882568359375
2026-06-29,26.139999389648438,25.987051010131836
2026-06-30,26.100000381469727,25.94728660583496
2026-07-01,25.729999542236328,25.579450607299805
2026-07-02,26.850000381469727,26.69289779663086
2026-07-06,26.350000381469727,26.195823669433594
2026-07-07,27.920000076293945,27.756637573242188
2026-07-08,29.110000610351562,28.93967628479004
2026-07-09,28.34000015258789,28.17418098449707
2026-07-10,27.809999465942383,27.647279739379883
2026-07-13,29.889999389648438,29.715110778808594
2026-07-14,29.719999313354492,29.546104431152344
2026-07-15,29.93000030517578,29.7548770904541
2026-07-16,30.209999084472656,30.03323745727539
2026-07-17,31.31999969482422,31.136743545532227
2026-07-20,31.280000686645508,31.09697914123535
2026-07-21,32.220001220703125,32.03147888183594
2026-07-22,33.189998626708984,32.99580001831055
2026-07-23,33.5099983215332,33.313926696777344
2026-07-24,33.189998626708984,32.99580001831055
2026-07-27,30.299999237060547,30.122711181640625
2026-07-28,29.649999618530273,29.47651481628418
2026-07-29,31.719999313354492,31.53440284729004
2026-07-30,31.6299991607666,31.444929122924805
2026-07-31,32.52000045776367,32.3297233581543
2026-08-03,31.93000030517578,31.743175506591797
2026-08-04,31.049999237060547,30.868322372436523
2026-08-05,29.020000457763672,28.850202560424805
2026-08-06,28.700000762939453,28.532073974609375
2026-08-07,28.8799991607666,28.71101951599121
2026-08-10,31.760000228881836,31.574169158935547
2026-08-11,32.5099983215332,32.31977844238281
2026-08-12,32.41999816894531,32.23030471801758
2026-08-13,32.41999816894531,32.23030471801758
2026-08-14,33.75,33.55252456665039
2026-08-17,35.47999954223633,35.272403717041016
2026-08-18,35.4900016784668,35.282344818115234
2026-08-19,36.13999938964844,35.92853927612305
2026-08-20,37.63999938964844,37.41976547241211
2026-08-21,37.20000076293945,36.98234176635742
2026-08-24,36.459999084472656,36.24666976928711
2026-08-25,35.68000030517578,35.47123336791992
2026-08-26,35.36000061035156,35.153106689453125
2026-08-27,36.810001373291016,36.59462356567383
2026-08-28,36.619998931884766,36.405731201171875
2026-08-31,37.18000030517578,36.96245574951172
2026-09-01,38.040000915527344,37.81742477416992
2026-09-02,38.290000915527344,38.06596374511719
2026-09-03,37.599998474121094,37.37999725341797
2026-09-04,36.439998626708984,36.439998626708984
2026-09-08,37.7599983215332,37.7599983215332
2026-09-09,37.97999954223633,37.97999954223633
2026-09-10,38.18000030517578,38.18000030517578
2026-09-11,38.099998474121094,38.099998474121094
2026-09-14,39.029998779296875,39.029998779296875
2026-09-15,41.290000915527344,41.290000915527344
2026-09-16,38.15999984741211,38.15999984741211
2026-09-17,36.970001220703125,36.970001220703125
2026-09-18,36.970001220703125,36.970001220703125
2026-09-21,34.75,34.75
2026-09-22,33.91999816894531,33.91999816894531
2026-09-23,34.310001373291016,34.310001373291016
2026-09-24,35.099998474121094,35.099998474121094
2026-09-25,33.90999984741211,33.90999984741211
2026-09-28,33.54999923706055,33.54999923706055
2026-09-29,33.11000061035156,33.11000061035156
2026-09-30,33.779998779296875,33.779998779296875
2026-10-01,35.060001373291016,35.060001373291016
2026-10-02,35.2400016784668,35.2400016784668
