date,close,adjclose
2002-07-30,81.5199966430664,35.41303634643555
2002-07-31,82.52999877929688,35.85177993774414
2002-08-01,83.0,36.05594253540039
2002-08-02,83.8499984741211,36.42519760131836
2002-08-05,84.22000122070312,36.5859489440918
2002-08-06,83.5,36.27313995361328
2002-08-07,83.69999694824219,36.36003112792969
2002-08-08,83.69999694824219,36.36003112792969
2002-08-09,84.87999725341797,36.872657775878906
2002-08-12,85.4000015258789,37.098533630371094
2002-08-13,86.44999694824219,37.55467224121094
2002-08-14,86.77999877929688,37.69801712036133
2002-08-15,86.0199966430664,37.36784744262695
2002-08-16,85.05999755859375,36.95082473754883
2002-08-19,85.31999969482422,37.06376266479492
2002-08-20,86.2699966430664,37.476470947265625
2002-08-21,85.80999755859375,37.276641845703125
2002-08-22,85.05999755859375,36.95082473754883
2002-08-23,85.9000015258789,37.31572723388672
2002-08-26,85.9800033569336,37.35049819946289
2002-08-27,85.44000244140625,37.115928649902344
2002-08-28,85.87000274658203,37.30269241333008
2002-08-29,86.55999755859375,37.602413177490234
2002-08-30,87.08000183105469,37.82835388183594
2002-09-03,88.04000091552734,38.4099235534668
2002-09-04,88.0199966430664,38.40115737915039
2002-09-05,88.5,38.61061477661133
2002-09-06,87.45999908447266,38.15683364868164
2002-09-09,87.33000183105469,38.10014724731445
2002-09-10,87.75,38.28341293334961
2002-09-11,87.29000091552734,38.082672119140625
2002-09-12,87.97000122070312,38.379364013671875
2002-09-13,88.77999877929688,38.73274612426758
2002-09-16,88.93000030517578,38.798194885253906
2002-09-17,89.0999984741211,38.87236785888672
2002-09-18,89.12000274658203,38.88107681274414
2002-09-19,89.72000122070312,39.14284133911133
2002-09-20,89.30000305175781,38.95960998535156
2002-09-23,90.0999984741211,39.30863952636719
2002-09-24,90.68000030517578,39.561676025390625
2002-09-25,89.58000183105469,39.081783294677734
2002-09-26,89.37000274658203,38.99015808105469
2002-09-27,90.04000091552734,39.28244400024414
2002-09-30,90.4000015258789,39.43948745727539
2002-10-01,88.94000244140625,38.9503288269043
2002-10-02,89.44999694824219,39.17367172241211
2002-10-03,89.2300033569336,39.07735824584961
2002-10-04,89.51000213623047,39.199951171875
2002-10-07,89.66000366210938,39.26565170288086
2002-10-08,89.69000244140625,39.278770446777344
2002-10-09,90.1500015258789,39.4802360534668
2002-10-10,89.44000244140625,39.169315338134766
2002-10-11,88.37999725341797,38.7050895690918
2002-10-14,88.25,38.648170471191406
2002-10-15,86.16000366210938,37.73286819458008
2002-10-16,86.19999694824219,37.75039291381836
2002-10-17,85.1500015258789,37.2905387878418
2002-10-18,85.37000274658203,37.38689422607422
2002-10-21,84.54000091552734,37.023441314697266
2002-10-22,84.30000305175781,36.91829299926758
2002-10-23,84.33000183105469,36.93143844604492
2002-10-24,85.06999969482422,37.25553894042969
2002-10-25,85.37999725341797,37.391265869140625
2002-10-28,85.26000213623047,37.33871841430664
2002-10-29,86.37000274658203,37.82481002807617
2002-10-30,86.33999633789062,37.811676025390625
2002-10-31,86.7300033569336,37.982505798339844
2002-11-01,85.9800033569336,37.823692321777344
2002-11-04,85.5999984741211,37.6565055847168
2002-11-05,85.2699966430664,37.511314392089844
2002-11-06,85.61000061035156,37.66093063354492
2002-11-07,87.7300033569336,38.59355545043945
2002-11-08,88.44000244140625,38.90584945678711
2002-11-11,88.91999816894531,39.116981506347656
2002-11-12,88.41000366210938,38.89264678955078
2002-11-13,88.5999984741211,38.97623062133789
2002-11-14,86.76000213623047,38.16681671142578
2002-11-15,87.11000061035156,38.320796966552734
2002-11-18,87.5,38.49233627319336
2002-11-19,87.81999969482422,38.63313293457031
2002-11-20,86.95999908447266,38.25481414794922
2002-11-21,86.12000274658203,37.88528823852539
2002-11-22,86.04000091552734,37.850074768066406
2002-11-25,85.87999725341797,37.7796745300293
2002-11-26,86.95999908447266,38.25481414794922
2002-11-27,85.0,37.39258575439453
2002-11-29,85.55000305175781,37.634525299072266
2002-12-02,85.23999786376953,37.6694450378418
2002-12-03,85.36000061035156,37.72246551513672
2002-12-04,85.80000305175781,37.916900634765625
2002-12-05,86.0199966430664,38.014137268066406
2002-12-06,86.16999816894531,38.08041763305664
2002-12-09,86.6500015258789,38.292510986328125
2002-12-10,86.87999725341797,38.39418411254883
2002-12-11,87.45999908447266,38.65049362182617
2002-12-12,87.37999725341797,38.61514663696289
2002-12-13,86.52999877929688,38.239524841308594
2002-12-16,85.87999725341797,37.95223617553711
2002-12-17,85.87999725341797,37.95223617553711
2002-12-18,86.55000305175781,38.24833297729492
2002-12-19,87.31999969482422,38.58860778808594
2002-12-20,87.37999725341797,38.61514663696289
2002-12-23,87.4000015258789,38.62398147583008
2002-12-24,87.88999938964844,38.84046936035156
2002-12-26,88.05999755859375,38.9156608581543
2002-12-27,89.02999877929688,39.34433364868164
2002-12-30,89.23999786376953,39.43708801269531
2002-12-31,88.56999969482422,39.337650299072266
2003-01-02,86.27999877929688,38.320560455322266
2003-01-03,86.4800033569336,38.40935134887695
2003-01-06,86.25,38.307247161865234
2003-01-07,86.55999755859375,38.44486999511719
2003-01-08,86.98999786376953,38.63589859008789
2003-01-09,85.31999969482422,37.89413833618164
2003-01-10,85.54000091552734,37.991878509521484
2003-01-13,85.68000030517578,38.0540657043457
2003-01-14,85.9800033569336,38.18730545043945
2003-01-15,86.4000015258789,38.373836517333984
2003-01-16,86.5199966430664,38.427127838134766
2003-01-17,86.94999694824219,38.61811065673828
2003-01-21,87.44999694824219,38.840206146240234
2003-01-22,87.87999725341797,39.03116226196289
2003-01-23,87.44999694824219,38.840206146240234
2003-01-24,87.97000122070312,39.0711669921875
2003-01-27,87.6500015258789,38.92900848388672
2003-01-28,87.6500015258789,38.92900848388672
2003-01-29,87.16999816894531,38.71580505371094
2003-01-30,87.81999969482422,39.004520416259766
2003-01-31,88.05999755859375,39.11112976074219
2003-02-03,87.87999725341797,39.168155670166016
2003-02-04,88.2699966430664,39.34199905395508
2003-02-05,87.51000213623047,39.00324630737305
2003-02-06,88.22000122070312,39.31968307495117
2003-02-07,88.41999816894531,39.40882873535156
2003-02-10,87.80000305175781,39.13250732421875
2003-02-11,87.77999877929688,39.123600006103516
2003-02-12,88.08999633789062,39.26176452636719
2003-02-13,88.56999969482422,39.47569274902344
2003-02-14,87.80999755859375,39.136940002441406
2003-02-18,87.91999816894531,39.18600845336914
2003-02-19,88.5199966430664,39.45343780517578
2003-02-20,88.81999969482422,39.587120056152344
2003-02-21,88.30000305175781,39.3553466796875
2003-02-24,88.72000122070312,39.54252243041992
2003-02-25,89.12999725341797,39.72529983520508
2003-02-26,89.75,40.001625061035156
2003-02-27,89.9000015258789,40.06847381591797
2003-02-28,90.47000122070312,40.32251739501953
2003-03-03,90.23999786376953,40.371742248535156
2003-03-04,90.30000305175781,40.39857864379883
2003-03-05,90.5999984741211,40.53279495239258
2003-03-06,90.25,40.37617492675781
2003-03-07,90.55999755859375,40.51491165161133
2003-03-10,91.02999877929688,40.72517013549805
2003-03-11,90.87000274658203,40.653587341308594
2003-03-12,91.19999694824219,40.80122756958008
2003-03-13,89.5199966430664,40.04960632324219
2003-03-14,89.95999908447266,40.24649429321289
2003-03-17,88.87999725341797,39.76331329345703
2003-03-18,88.04000091552734,39.38753128051758
2003-03-19,87.38999938964844,39.09669876098633
2003-03-20,87.25,39.03404998779297
2003-03-21,86.05000305175781,38.497222900390625
2003-03-24,87.41000366210938,39.10565948486328
2003-03-25,87.30999755859375,39.060916900634766
2003-03-26,87.48999786376953,39.141422271728516
2003-03-27,87.55000305175781,39.168296813964844
2003-03-28,87.75,39.25776290893555
2003-03-31,88.9000015258789,39.77224349975586
2003-04-01,88.2699966430664,39.6590461730957
2003-04-02,87.3499984741211,39.24567413330078
2003-04-03,87.30000305175781,39.223201751708984
2003-04-04,87.05000305175781,39.11090850830078
2003-04-07,86.8499984741211,39.02104568481445
2003-04-08,87.55000305175781,39.335548400878906
2003-04-09,87.80999755859375,39.45234680175781
2003-04-10,87.4000015258789,39.26817321777344
2003-04-11,87.26000213623047,39.205230712890625
2003-04-14,87.0199966430664,39.0974235534668
2003-04-15,87.48999786376953,39.30855941772461
2003-04-16,87.8499984741211,39.47032928466797
2003-04-17,87.98999786376953,39.533226013183594
2003-04-21,87.80000305175781,39.44786071777344
2003-04-22,87.75,39.42539978027344
2003-04-23,87.93000030517578,39.506248474121094
2003-04-24,88.72000122070312,39.861183166503906
2003-04-25,88.91999816894531,39.9510498046875
2003-04-28,88.77999877929688,39.88818359375
2003-04-29,88.62999725341797,39.82072830200195
2003-04-30,89.44999694824219,40.1892204284668
2003-05-01,89.0199966430664,40.208580017089844
2003-05-02,88.31999969482422,39.89243698120117
2003-05-05,88.79000091552734,40.1047248840332
2003-05-06,89.2300033569336,40.303462982177734
2003-05-07,90.2699966430664,40.77322006225586
2003-05-08,90.48999786376953,40.87261962890625
2003-05-09,90.58000183105469,40.9132194519043
2003-05-12,91.1500015258789,41.170711517333984
2003-05-13,91.3499984741211,41.26103210449219
2003-05-14,92.75,41.893409729003906
2003-05-15,93.04000091552734,42.02435302734375
2003-05-16,93.72000122070312,42.33154296875
2003-05-19,93.4000015258789,42.18699264526367
2003-05-20,94.77999877929688,42.8102912902832
2003-05-21,94.7699966430664,42.805789947509766
2003-05-22,95.61000061035156,43.1851692199707
2003-05-23,95.8499984741211,43.293575286865234
2003-05-27,94.12000274658203,42.512203216552734
2003-05-28,93.95999908447266,42.43992233276367
2003-05-29,94.77999877929688,42.8102912902832
2003-05-30,94.5999984741211,42.72899627685547
2003-06-02,93.51000213623047,42.415122985839844
2003-06-03,94.26000213623047,42.755313873291016
2003-06-04,94.54000091552734,42.882320404052734
2003-06-05,93.80000305175781,42.54664993286133
2003-06-06,94.13999938964844,42.70085525512695
2003-06-09,94.7699966430664,42.98664855957031
2003-06-10,95.9000015258789,43.499210357666016
2003-06-11,95.77999877929688,43.44477081298828
2003-06-12,96.52999877929688,43.78495788574219
2003-06-13,97.18000030517578,44.07981872558594
2003-06-16,96.26000213623047,43.66246032714844
2003-06-17,95.5,43.3177490234375
2003-06-18,94.27999877929688,42.76435852050781
2003-06-19,94.0999984741211,42.68276596069336
2003-06-20,93.75,42.523956298828125
2003-06-23,94.30999755859375,42.777976989746094
2003-06-24,95.18000030517578,43.172611236572266
2003-06-25,93.66000366210938,42.48317337036133
2003-06-26,92.4000015258789,41.911643981933594
2003-06-27,92.06999969482422,41.76193618774414
2003-06-30,92.5,41.95698928833008
2003-07-01,91.69000244140625,41.74890899658203
2003-07-02,91.91999816894531,41.85361099243164
2003-07-03,90.5999984741211,41.25259017944336
2003-07-07,90.0199966430664,40.98849868774414
2003-07-08,90.0999984741211,41.024940490722656
2003-07-09,90.38999938964844,41.156986236572266
2003-07-10,90.36000061035156,41.14335250854492
2003-07-11,90.79000091552734,41.33906936645508
2003-07-14,89.75,40.865577697753906
2003-07-15,87.6500015258789,39.909385681152344
2003-07-16,88.1500015258789,40.13703536987305
2003-07-17,87.87999725341797,40.014102935791016
2003-07-18,87.69999694824219,39.93217086791992
2003-07-21,85.83999633789062,39.08519744873047
2003-07-22,86.26000213623047,39.2764892578125
2003-07-23,86.55000305175781,39.40850067138672
2003-07-24,85.79000091552734,39.06243896484375
2003-07-25,85.55999755859375,38.957759857177734
2003-07-28,84.41000366210938,38.43410110473633
2003-07-29,83.26000213623047,37.910491943359375
2003-07-30,84.19999694824219,38.338462829589844
2003-07-31,82.94999694824219,37.76935577392578
2003-08-01,82.51000213623047,37.7409782409668
2003-08-04,83.22000122070312,38.06576156616211
2003-08-05,82.02999877929688,37.52142333984375
2003-08-06,83.6500015258789,38.2624626159668
2003-08-07,84.0,38.42254638671875
2003-08-08,83.66000366210938,38.26700210571289
2003-08-11,83.23999786376953,38.074920654296875
2003-08-12,82.8499984741211,37.89649200439453
2003-08-13,81.25,37.16466522216797
2003-08-14,82.05000305175781,37.53059387207031
2003-08-15,82.0,37.50769805908203
2003-08-18,82.37999725341797,37.68152618408203
2003-08-19,83.6500015258789,38.2624626159668
2003-08-20,83.19999694824219,38.05662536621094
2003-08-21,83.0,37.96512985229492
2003-08-22,83.37000274658203,38.13435363769531
2003-08-25,82.72000122070312,37.837032318115234
2003-08-26,83.37000274658203,38.13435363769531
2003-08-27,82.98999786376953,37.96056365966797
2003-08-28,83.8499984741211,38.35390090942383
2003-08-29,83.6500015258789,38.2624626159668
2003-09-02,82.05999755859375,37.702823638916016
2003-09-03,82.19000244140625,37.76255416870117
2003-09-04,82.6500015258789,37.97386932373047
2003-09-05,84.06999969482422,38.62633514404297
2003-09-08,83.19999694824219,38.22662353515625
2003-09-09,83.80000305175781,38.502262115478516
2003-09-10,84.6500015258789,38.89281463623047
2003-09-11,84.0999984741211,38.64011001586914
2003-09-12,84.68000030517578,38.90662384033203
2003-09-15,84.55000305175781,38.846866607666016
2003-09-16,84.41999816894531,38.78712844848633
2003-09-17,85.47000122070312,39.26956558227539
2003-09-18,85.52999877929688,39.29715347290039
2003-09-19,85.62999725341797,39.34305191040039
2003-09-22,84.94999694824219,39.03065490722656
2003-09-23,85.52999877929688,39.29715347290039
2003-09-24,86.2699966430664,39.63713836669922
2003-09-25,86.69999694824219,39.834693908691406
2003-09-26,87.4800033569336,40.19306182861328
2003-09-29,86.77999877929688,39.87141418457031
2003-09-30,88.22000122070312,40.53303146362305
2003-10-01,87.5199966430664,40.37941360473633
2003-10-02,87.12000274658203,40.19488525390625
2003-10-03,85.29000091552734,39.35056686401367
2003-10-06,85.66000366210938,39.521278381347656
2003-10-07,84.66999816894531,39.06450653076172
2003-10-08,84.6500015258789,39.0552978515625
2003-10-09,84.05000305175781,38.7784538269043
2003-10-10,84.55000305175781,39.009117126464844
2003-10-13,84.22000122070312,38.85689163208008
2003-10-14,83.63999938964844,38.58928298950195
2003-10-15,83.2300033569336,38.40011978149414
2003-10-16,82.9000015258789,38.24789810180664
2003-10-17,83.54000091552734,38.543182373046875
2003-10-20,83.81999969482422,38.67232131958008
2003-10-21,84.12999725341797,38.81538009643555
2003-10-22,84.94999694824219,39.193702697753906
2003-10-23,84.33000183105469,38.90766525268555
2003-10-24,85.2699966430664,39.34132766723633
2003-10-27,85.0999984741211,39.262916564941406
2003-10-28,85.55000305175781,39.47052764892578
2003-10-29,84.77999877929688,39.11524200439453
2003-10-30,84.4000015258789,38.939945220947266
2003-10-31,85.19000244140625,39.30443572998047
2003-11-03,84.44000244140625,39.1181755065918
2003-11-04,84.91999816894531,39.34053421020508
2003-11-05,84.33999633789062,39.07185363769531
2003-11-06,83.55000305175781,38.705867767333984
2003-11-07,83.5,38.68272018432617
2003-11-10,83.43000030517578,38.650291442871094
2003-11-11,83.44000244140625,38.654911041259766
2003-11-12,84.05000305175781,38.93751525878906
2003-11-13,85.3499984741211,39.53974914550781
2003-11-14,85.91999816894531,39.803794860839844
2003-11-17,86.05000305175781,39.864070892333984
2003-11-18,86.58000183105469,40.10958480834961
2003-11-19,85.62000274658203,39.66485595703125
2003-11-20,86.44999694824219,40.049381256103516
2003-11-21,86.5,40.072509765625
2003-11-24,85.79000091552734,39.743587493896484
2003-11-25,86.26000213623047,39.961360931396484
2003-11-26,85.91000366210938,39.79918670654297
2003-11-28,85.12999725341797,39.43785858154297
2003-12-01,84.23999786376953,39.21809768676758
2003-12-02,84.5999984741211,39.385677337646484
2003-12-03,84.26000213623047,39.227386474609375
2003-12-04,84.44999694824219,39.315860748291016
2003-12-05,85.80000305175781,39.94436264038086
2003-12-08,85.19999694824219,39.66505432128906
2003-12-09,84.5999984741211,39.385677337646484
2003-12-10,84.73999786376953,39.450862884521484
2003-12-11,85.3499984741211,39.73485565185547
2003-12-12,85.51000213623047,39.809349060058594
2003-12-15,85.45999908447266,39.786048889160156
2003-12-16,85.73999786376953,39.916419982910156
2003-12-17,86.31999969482422,40.186466217041016
2003-12-18,87.0999984741211,40.54958724975586
2003-12-19,87.06999969482422,40.53561782836914
2003-12-22,86.83000183105469,40.42388916015625
2003-12-23,85.8499984741211,39.96763229370117
2003-12-24,86.66000366210938,40.3447380065918
2003-12-26,86.9800033569336,40.49372100830078
2003-12-29,86.19999694824219,40.13058090209961
2003-12-30,85.8499984741211,39.96763229370117
2003-12-31,85.44999694824219,39.96763229370117
2004-01-02,84.44000244140625,39.49523162841797
2004-01-05,84.22000122070312,39.392330169677734
2004-01-06,85.1500015258789,39.827308654785156
2004-01-07,85.48999786376953,39.98635482788086
2004-01-08,85.45999908447266,39.97235107421875
2004-01-09,86.94999694824219,40.66922378540039
2004-01-12,86.87999725341797,40.63649368286133
2004-01-13,87.47000122070312,40.912452697753906
2004-01-14,87.9000015258789,41.11359786987305
2004-01-15,88.2300033569336,41.26792907714844
2004-01-16,87.61000061035156,40.977943420410156
2004-01-20,87.58999633789062,40.96859359741211
2004-01-21,87.80000305175781,41.066829681396484
2004-01-22,88.44000244140625,41.36617660522461
2004-01-23,87.37999725341797,40.87035369873047
2004-01-26,86.8499984741211,40.6224479675293
2004-01-27,87.38999938964844,40.87505340576172
2004-01-28,86.62000274658203,40.5148811340332
2004-01-29,86.44000244140625,40.43071746826172
2004-01-30,87.04000091552734,40.711360931396484
2004-02-02,86.5,40.6258544921875
2004-02-03,86.94000244140625,40.832523345947266
2004-02-04,86.7699966430664,40.7526741027832
2004-02-05,86.43000030517578,40.59296417236328
2004-02-06,87.37999725341797,41.03916549682617
2004-02-09,87.63999938964844,41.16128921508789
2004-02-10,87.1500015258789,40.93110656738281
2004-02-11,87.80000305175781,41.2364387512207
2004-02-12,87.43000030517578,41.062660217285156
2004-02-13,87.80000305175781,41.2364387512207
2004-02-17,87.73999786376953,41.208221435546875
2004-02-18,87.86000061035156,41.26455307006836
2004-02-19,87.94999694824219,41.306819915771484
2004-02-20,87.33999633789062,41.020362854003906
2004-02-23,87.87999725341797,41.27400207519531
2004-02-24,88.04000091552734,41.34912109375
2004-02-25,88.18000030517578,41.414886474609375
2004-02-26,87.9000015258789,41.28339385986328
2004-02-27,88.66000366210938,41.64032745361328
2004-03-01,88.2699966430664,41.62432098388672
2004-03-02,87.70999908447266,41.360191345214844
2004-03-03,87.55000305175781,41.28478240966797
2004-03-04,87.94000244140625,41.46867370605469
2004-03-05,89.63999938964844,42.27033615112305
2004-03-08,90.16999816894531,42.520233154296875
2004-03-09,90.7699966430664,42.80315017700195
2004-03-10,90.70999908447266,42.77492141723633
2004-03-11,90.83999633789062,42.83617401123047
2004-03-12,90.27999877929688,42.57210159301758
2004-03-15,90.43000030517578,42.64286422729492
2004-03-16,91.18000030517578,42.99652099609375
2004-03-17,91.02999877929688,42.92577362060547
2004-03-18,90.55000305175781,42.699462890625
2004-03-19,90.43000030517578,42.64286422729492
2004-03-22,90.9800033569336,42.9022102355957
2004-03-23,91.13999938964844,42.977684020996094
2004-03-24,91.08999633789062,42.954071044921875
2004-03-25,90.73999786376953,42.78902053833008
2004-03-26,89.77999877929688,42.33633804321289
2004-03-29,89.18000030517578,42.053409576416016
2004-03-30,89.12000274658203,42.02508544921875
2004-03-31,89.55000305175781,42.22789001464844
2004-04-01,88.91000366210938,42.08964920043945
2004-04-02,86.70999908447266,41.048187255859375
2004-04-05,86.02999877929688,40.726261138916016
2004-04-06,86.5,40.94879150390625
2004-04-07,86.30000305175781,40.8541145324707
2004-04-08,86.05000305175781,40.73574447631836
2004-04-12,85.73999786376953,40.588985443115234
2004-04-13,84.80999755859375,40.14872360229492
2004-04-14,84.73999786376953,40.11556625366211
2004-04-15,84.23999786376953,39.878883361816406
2004-04-16,84.55999755859375,40.03036880493164
2004-04-19,84.37999725341797,39.94517135620117
2004-04-20,83.61000061035156,39.580657958984375
2004-04-21,84.0199966430664,39.77473831176758
2004-04-22,84.5199966430664,40.01145553588867
2004-04-23,84.04000091552734,39.78422927856445
2004-04-26,84.18000030517578,39.85049819946289
2004-04-27,84.5,40.00196075439453
2004-04-28,83.70999908447266,39.628013610839844
2004-04-29,83.30000305175781,39.43391036987305
2004-04-30,83.63999938964844,39.59485626220703
2004-05-03,83.41999816894531,39.6447868347168
2004-05-04,82.8499984741211,39.37387466430664
2004-05-05,82.62000274658203,39.26457595825195
2004-05-06,82.4000015258789,39.16001510620117
2004-05-07,81.31999969482422,38.64675521850586
2004-05-10,81.12999725341797,38.55644226074219
2004-05-11,81.5,38.732276916503906
2004-05-12,80.95999908447266,38.47564697265625
2004-05-13,80.6500015258789,38.32832336425781
2004-05-14,81.30999755859375,38.641990661621094
2004-05-17,82.02999877929688,38.98416519165039
2004-05-18,81.70999908447266,38.83209991455078
2004-05-19,81.44000244140625,38.703792572021484
2004-05-20,82.06999969482422,39.00319290161133
2004-05-21,81.73999786376953,38.846343994140625
2004-05-24,82.0,38.969886779785156
2004-05-25,82.23999786376953,39.0839958190918
2004-05-26,82.68000030517578,39.29307174682617
2004-05-27,83.33000183105469,39.60198974609375
2004-05-28,83.0999984741211,39.492671966552734
2004-06-01,82.0199966430664,39.13103485107422
2004-06-02,81.80999755859375,39.030845642089844
2004-06-03,81.9800033569336,39.11195373535156
2004-06-04,81.5,38.88294982910156
2004-06-07,81.5199966430664,38.89248275756836
2004-06-08,81.66999816894531,38.96406173706055
2004-06-09,81.31999969482422,38.79705810546875
2004-06-10,81.4800033569336,38.8734130859375
2004-06-14,80.83000183105469,38.56330108642578
2004-06-15,82.54000091552734,39.37910842895508
2004-06-16,82.22000122070312,39.226478576660156
2004-06-17,82.76000213623047,39.48408508300781
2004-06-18,82.58000183105469,39.398197174072266
2004-06-21,82.63999938964844,39.42684555053711
2004-06-22,82.38999938964844,39.30757141113281
2004-06-23,82.55000305175781,39.38389587402344
2004-06-24,83.05000305175781,39.62242889404297
2004-06-25,83.12999725341797,39.660606384277344
2004-06-28,82.27999877929688,39.25508499145508
2004-06-29,82.80000305175781,39.50319290161133
2004-06-30,83.6500015258789,39.90869903564453
2004-07-01,83.47000122070312,39.98343276977539
2004-07-02,84.3499984741211,40.404937744140625
2004-07-06,84.20999908447266,40.33790969848633
2004-07-07,84.23999786376953,40.35227584838867
2004-07-08,84.29000091552734,40.37620162963867
2004-07-09,84.37999725341797,40.41934585571289
2004-07-12,84.5,40.476802825927734
2004-07-13,84.25,40.3570556640625
2004-07-14,84.27999877929688,40.3714485168457
2004-07-15,84.37000274658203,40.41451644897461
2004-07-16,85.48999786376953,40.95104217529297
2004-07-19,85.55000305175781,40.97978591918945
2004-07-20,84.77999877929688,40.61095428466797
2004-07-21,84.55000305175781,40.500770568847656
2004-07-22,84.66999816894531,40.55826950073242
2004-07-23,84.94999694824219,40.6923828125
2004-07-26,84.55000305175781,40.500770568847656
2004-07-27,83.41000366210938,39.95465850830078
2004-07-28,83.41999816894531,39.9594841003418
2004-07-29,83.61000061035156,40.050506591796875
2004-07-30,84.58999633789062,40.5198974609375
2004-08-02,84.37000274658203,40.572811126708984
2004-08-03,84.70999908447266,40.736331939697266
2004-08-04,84.75,40.75558090209961
2004-08-05,84.98999786376953,40.870994567871094
2004-08-06,86.41999816894531,41.55863952636719
2004-08-09,86.12000274658203,41.41440963745117
2004-08-10,85.80999755859375,41.265289306640625
2004-08-11,86.18000030517578,41.44324493408203
2004-08-12,86.36000061035156,41.529815673828125
2004-08-13,86.63999938964844,41.6644172668457
2004-08-16,86.33999633789062,41.52019119262695
2004-08-17,86.83000183105469,41.75581741333008
2004-08-18,86.41000366210938,41.55384063720703
2004-08-19,86.62000274658203,41.65483474731445
2004-08-20,86.54000091552734,41.6163444519043
2004-08-23,86.04000091552734,41.375938415527344
2004-08-24,86.08999633789062,41.39997482299805
2004-08-25,86.38999938964844,41.544227600097656
2004-08-26,86.87999725341797,41.77984619140625
2004-08-27,86.81999969482422,41.75102615356445
2004-08-30,87.2300033569336,41.94819259643555
2004-08-31,87.7699966430664,42.20787048339844
2004-09-01,87.51000213623047,42.251312255859375
2004-09-02,86.6500015258789,41.83609390258789
2004-09-03,86.66000366210938,41.840911865234375
2004-09-07,86.56999969482422,41.79743957519531
2004-09-08,87.30000305175781,42.14993667602539
2004-09-09,86.97000122070312,41.99057388305664
2004-09-10,87.0999984741211,42.053321838378906
2004-09-13,87.4800033569336,42.23681640625
2004-09-14,87.56999969482422,42.28031921386719
2004-09-15,87.37000274658203,42.18370056152344
2004-09-16,88.36000061035156,42.66170883178711
2004-09-17,87.91999816894531,42.44925308227539
2004-09-20,88.5,42.729305267333984
2004-09-21,88.76000213623047,42.85482406616211
2004-09-22,89.68000030517578,43.299034118652344
2004-09-23,89.31999969482422,43.12521743774414
2004-09-24,89.43000030517578,43.178314208984375
2004-09-27,89.81999969482422,43.36663055419922
2004-09-28,89.45999908447266,43.192813873291016
2004-09-29,88.58999633789062,42.772769927978516
2004-09-30,88.25,42.60859298706055
2004-10-01,87.44999694824219,42.39574432373047
2004-10-04,87.58000183105469,42.45878219604492
2004-10-05,87.58000183105469,42.45878219604492
2004-10-06,87.18000030517578,42.264862060546875
2004-10-07,86.80000305175781,42.080665588378906
2004-10-08,87.94999694824219,42.63816452026367
2004-10-11,88.04000091552734,42.68183135986328
2004-10-12,88.23999786376953,42.77875900268555
2004-10-13,88.55999755859375,42.93390655517578
2004-10-14,88.9800033569336,43.13752746582031
2004-10-15,88.66999816894531,42.987186431884766
2004-10-18,88.70999908447266,43.00661849975586
2004-10-19,88.94000244140625,43.118133544921875
2004-10-20,89.55000305175781,43.41385269165039
2004-10-21,89.61000061035156,43.44293975830078
2004-10-22,89.81999969482422,43.544769287109375
2004-10-25,89.88999938964844,43.57868194580078
2004-10-26,89.62000274658203,43.447792053222656
2004-10-27,88.73999786376953,43.021156311035156
2004-10-28,89.02999877929688,43.16176223754883
2004-10-29,89.44000244140625,43.360511779785156
2004-11-01,88.5199966430664,43.090850830078125
2004-11-02,88.6500015258789,43.15414810180664
2004-11-03,88.69000244140625,43.17356491088867
2004-11-04,88.77999877929688,43.2173957824707
2004-11-05,87.80999755859375,42.745235443115234
2004-11-08,87.5,42.59433364868164
2004-11-09,87.44999694824219,42.569950103759766
2004-11-10,87.12000274658203,42.40934371948242
2004-11-11,86.93000030517578,42.31684494018555
2004-11-12,87.87000274658203,42.77439880371094
2004-11-15,87.94999694824219,42.81336975097656
2004-11-16,87.94999694824219,42.81336975097656
2004-11-17,88.69999694824219,43.178462982177734
2004-11-18,88.97000122070312,43.30987548828125
2004-11-19,88.26000213623047,42.96428680419922
2004-11-22,88.72000122070312,43.188194274902344
2004-11-23,88.83000183105469,43.24173355102539
2004-11-24,88.83000183105469,43.24173355102539
2004-11-26,88.25,42.95941925048828
2004-11-29,87.30999755859375,42.501808166503906
2004-11-30,86.94000244140625,42.32170867919922
2004-12-01,86.44999694824219,42.255714416503906
2004-12-02,86.0999984741211,42.08465576171875
2004-12-03,87.44000244140625,42.73960494995117
2004-12-06,87.73999786376953,42.88624954223633
2004-12-07,87.8499984741211,42.94000244140625
2004-12-08,89.22000122070312,43.60966491699219
2004-12-09,88.62999725341797,43.32123565673828
2004-12-10,88.8499984741211,43.42882537841797
2004-12-13,89.04000091552734,43.521663665771484
2004-12-14,89.38999938964844,43.692718505859375
2004-12-15,90.19999694824219,44.08866500854492
2004-12-16,88.87000274658203,43.43860626220703
2004-12-17,88.75,43.379940032958984
2004-12-20,88.91000366210938,43.45812225341797
2004-12-21,89.18000030517578,43.59010314941406
2004-12-22,88.87999725341797,43.44345474243164
2004-12-23,88.58999633789062,43.30170440673828
2004-12-27,87.9000015258789,42.964447021484375
2004-12-28,87.83000183105469,42.93028259277344
2004-12-29,87.73999786376953,42.88624954223633
2004-12-30,88.33000183105469,43.17464065551758
2004-12-31,88.55000305175781,43.44696044921875
2005-01-03,88.73999786376953,43.540191650390625
2005-01-04,87.80999755859375,43.083858489990234
2005-01-05,88.27999877929688,43.31446075439453
2005-01-06,88.33999633789062,43.34391784667969
2005-01-07,88.54000091552734,43.4420280456543
2005-01-10,88.68000030517578,43.5107421875
2005-01-11,89.19999694824219,43.765869140625
2005-01-12,89.31999969482422,43.824771881103516
2005-01-13,90.18000030517578,44.24668884277344
2005-01-14,90.16999816894531,44.24179458618164
2005-01-18,90.47000122070312,44.38901901245117
2005-01-19,90.7300033569336,44.51656723022461
2005-01-20,90.91000366210938,44.60490417480469
2005-01-21,91.01000213623047,44.65397262573242
2005-01-24,91.4000015258789,44.84526824951172
2005-01-25,90.54000091552734,44.42334747314453
2005-01-26,90.70999908447266,44.50675964355469
2005-01-27,90.54000091552734,44.42334747314453
2005-01-28,91.44999694824219,44.86983871459961
2005-01-31,91.70999908447266,44.997371673583984
2005-02-01,91.22000122070312,44.92597198486328
2005-02-02,91.43000030517578,45.02946472167969
2005-02-03,91.37999725341797,45.00480651855469
2005-02-04,92.6500015258789,45.630252838134766
2005-02-07,93.33999633789062,45.97011947631836
2005-02-08,93.87000274658203,46.23113250732422
2005-02-09,94.12000274658203,46.354248046875
2005-02-10,92.8499984741211,45.72874450683594
2005-02-11,92.79000091552734,45.69920349121094
2005-02-14,93.08000183105469,45.84206008911133
2005-02-15,92.61000061035156,45.610557556152344
2005-02-16,92.26000213623047,45.438167572021484
2005-02-17,91.68000030517578,45.15254211425781
2005-02-18,90.86000061035156,44.74871063232422
2005-02-22,90.45999908447266,44.55169677734375
2005-02-23,90.76000213623047,44.6994514465332
2005-02-24,90.55999755859375,44.6009635925293
2005-02-25,91.0,44.8176383972168
2005-02-28,90.0199966430664,44.33500671386719
2005-03-01,89.70999908447266,44.321163177490234
2005-03-02,89.58999633789062,44.26187515258789
2005-03-03,89.54000091552734,44.23716735839844
2005-03-04,90.51000213623047,44.7164192199707
2005-03-07,90.87000274658203,44.89426803588867
2005-03-08,90.01000213623047,44.4693717956543
2005-03-09,88.54000091552734,43.743106842041016
2005-03-10,89.08000183105469,44.00992965698242
2005-03-11,88.43000030517578,43.688777923583984
2005-03-14,88.95999908447266,43.950626373291016
2005-03-15,88.4000015258789,43.67394256591797
2005-03-16,88.94000244140625,43.94071960449219
2005-03-17,89.2300033569336,44.08399963378906
2005-03-18,88.66999816894531,43.80731964111328
2005-03-21,88.41999816894531,43.6838493347168
2005-03-22,87.66999816894531,43.31329345703125
2005-03-23,88.08999633789062,43.52080535888672
2005-03-24,88.2699966430664,43.60973358154297
2005-03-28,87.7300033569336,43.34296417236328
2005-03-29,88.25,43.599822998046875
2005-03-30,88.69000244140625,43.817195892333984
2005-03-31,89.33000183105469,44.13340759277344
2005-04-01,89.30000305175781,44.28215408325195
2005-04-04,89.27999877929688,44.27227020263672
2005-04-05,89.05000305175781,44.1582145690918
2005-04-06,89.36000061035156,44.3119010925293
2005-04-07,88.63999938964844,43.95491027832031
2005-04-08,88.94999694824219,44.10859680175781
2005-04-11,89.43000030517578,44.346641540527344
2005-04-12,90.26000213623047,44.758209228515625
2005-04-13,90.04000091552734,44.64912796020508
2005-04-14,89.9000015258789,44.579708099365234
2005-04-15,91.08999633789062,45.16982650756836
2005-04-18,91.0199966430664,45.13511657714844
2005-04-19,91.9000015258789,45.571449279785156
2005-04-20,91.66999816894531,45.45738983154297
2005-04-21,90.70999908447266,44.98137664794922
2005-04-22,91.47000122070312,45.358245849609375
2005-04-25,91.73999786376953,45.492164611816406
2005-04-26,91.5999984741211,45.422706604003906
2005-04-27,91.91999816894531,45.58135986328125
2005-04-28,92.5999984741211,45.91860580444336
2005-04-29,92.44000244140625,45.83926010131836
2005-05-02,92.08999633789062,45.829261779785156
2005-05-03,92.33999633789062,45.95370101928711
2005-05-04,91.52999877929688,45.55061340332031
2005-05-05,91.73999786376953,45.65514373779297
2005-05-06,91.05999755859375,45.31669616699219
2005-05-09,91.1500015258789,45.361480712890625
2005-05-10,91.80000305175781,45.684993743896484
2005-05-11,92.08000183105469,45.8243293762207
2005-05-12,92.44000244140625,46.00349426269531
2005-05-13,92.80000305175781,46.1826171875
2005-05-16,92.69000244140625,46.12791442871094
2005-05-17,92.94999694824219,46.25728225708008
2005-05-18,93.56999969482422,46.56584930419922
2005-05-19,93.33000183105469,46.44637680053711
2005-05-20,93.44000244140625,46.50112533569336
2005-05-23,94.16999816894531,46.864418029785156
2005-05-24,94.43000030517578,46.99382019042969
2005-05-25,93.7699966430664,46.66535949707031
2005-05-26,93.73999786376953,46.650386810302734
2005-05-27,93.83999633789062,46.70018768310547
2005-05-31,95.0,47.2774658203125
2005-06-01,95.80999755859375,47.85639953613281
2005-06-02,96.04000091552734,47.971256256103516
2005-06-03,95.25,47.576637268066406
2005-06-06,95.75,47.82639694213867
2005-06-07,96.51000213623047,48.20603942871094
2005-06-08,96.05000305175781,47.97627258300781
2005-06-09,95.97000122070312,47.93629837036133
2005-06-10,94.88999938964844,47.396846771240234
2005-06-13,94.31999969482422,47.11213302612305
2005-06-14,93.69999694824219,46.80245590209961
2005-06-15,93.87000274658203,46.887367248535156
2005-06-16,94.33999633789062,47.122154235839844
2005-06-17,94.33000183105469,47.117164611816406
2005-06-20,94.16999816894531,47.0372314453125
2005-06-21,94.86000061035156,47.381832122802734
2005-06-22,96.01000213623047,47.95627975463867
2005-06-23,95.91000366210938,47.90633010864258
2005-06-24,96.38999938964844,48.146080017089844
2005-06-27,96.6500015258789,48.275997161865234
2005-06-28,95.98999786376953,47.94633865356445
2005-06-29,95.83999633789062,47.871395111083984
2005-06-30,96.69999694824219,48.300960540771484
2005-07-01,95.19999694824219,47.71550369262695
2005-07-05,94.30000305175781,47.26442337036133
2005-07-06,94.81999969482422,47.52509689331055
2005-07-07,95.0199966430664,47.625335693359375
2005-07-08,94.62999725341797,47.429832458496094
2005-07-11,94.62999725341797,47.429832458496094
2005-07-12,94.0999984741211,47.16417694091797
2005-07-13,93.95999908447266,47.09398651123047
2005-07-14,93.72000122070312,46.97374725341797
2005-07-15,93.97000122070312,47.099037170410156
2005-07-18,93.2699966430664,46.74820327758789
2005-07-19,93.5999984741211,46.913570404052734
2005-07-20,94.11000061035156,47.16919708251953
2005-07-21,92.83000183105469,46.52764129638672
2005-07-22,93.55000305175781,46.8885383605957
2005-07-25,93.20999908447266,46.71811294555664
2005-07-26,93.36000061035156,46.79328155517578
2005-07-27,93.20999908447266,46.71811294555664
2005-07-28,94.04000091552734,47.13410186767578
2005-07-29,93.11000061035156,46.66797637939453
2005-08-01,92.41999816894531,46.49440002441406
2005-08-02,92.12000274658203,46.343505859375
2005-08-03,92.56999969482422,46.56990432739258
2005-08-04,92.37999725341797,46.47429275512695
2005-08-05,91.66000366210938,46.11206817626953
2005-08-08,91.48999786376953,46.026588439941406
2005-08-09,91.83000183105469,46.197608947753906
2005-08-10,91.7300033569336,46.14729309082031
2005-08-11,92.37000274658203,46.46925735473633
2005-08-12,93.30999755859375,46.942169189453125
2005-08-15,93.06999969482422,46.82143020629883
2005-08-16,93.72000122070312,47.14845275878906
2005-08-17,93.0999984741211,46.836524963378906
2005-08-18,93.79000091552734,47.18366241455078
2005-08-19,93.77999877929688,47.178585052490234
2005-08-22,93.68000030517578,47.12832260131836
2005-08-23,94.11000061035156,47.34463119506836
2005-08-24,94.19999694824219,47.389923095703125
2005-08-25,94.5,47.540836334228516
2005-08-26,94.47000122070312,47.5257453918457
2005-08-29,94.58999633789062,47.586082458496094
2005-08-30,95.19000244140625,47.887939453125
2005-08-31,95.98999786376953,48.29045104980469
2005-09-01,95.08000183105469,47.9996223449707
2005-09-02,95.16000366210938,48.04001235961914
2005-09-06,94.48999786376953,47.7017822265625
2005-09-07,93.5999984741211,47.252464294433594
2005-09-08,93.69999694824219,47.3029670715332
2005-09-09,94.0,47.454368591308594
2005-09-12,93.3499984741211,47.126285552978516
2005-09-13,93.83999633789062,47.37361526489258
2005-09-14,93.4800033569336,47.19187545776367
2005-09-15,92.70999908447266,46.803157806396484
2005-09-16,92.0999984741211,46.49524688720703
2005-09-19,92.30000305175781,46.59615707397461
2005-09-20,92.54000091552734,46.71733093261719
2005-09-21,93.4000015258789,47.151519775390625
2005-09-22,93.30999755859375,47.10607147216797
2005-09-23,92.61000061035156,46.75269317626953
2005-09-26,92.19000244140625,46.54069519042969
2005-09-27,92.31999969482422,46.60626220703125
2005-09-28,92.94000244140625,46.91929626464844
2005-09-29,92.5199966430664,46.707218170166016
2005-09-30,92.19999694824219,46.54576110839844
2005-10-03,91.12000274658203,46.18183898925781
2005-10-04,91.41999816894531,46.33383560180664
2005-10-05,91.81999969482422,46.53658676147461
2005-10-06,91.47000122070312,46.35919189453125
2005-10-07,91.83999633789062,46.54672622680664
2005-10-10,91.77999877929688,46.516300201416016
2005-10-11,91.58999633789062,46.4200325012207
2005-10-12,90.69999694824219,45.96894836425781
2005-10-13,90.37000274658203,45.801692962646484
2005-10-14,90.2300033569336,45.7307243347168
2005-10-17,90.20999908447266,45.720611572265625
2005-10-18,90.30999755859375,45.77125549316406
2005-10-19,90.3499984741211,45.79157638549805
2005-10-20,90.58999633789062,45.9132194519043
2005-10-21,91.43000030517578,46.338905334472656
2005-10-24,90.72000122070312,45.97907257080078
2005-10-25,89.94000244140625,45.583763122558594
2005-10-26,89.27999877929688,45.24927520751953
2005-10-27,89.5999984741211,45.411415100097656
2005-10-28,89.61000061035156,45.4164924621582
2005-10-31,89.77999877929688,45.502655029296875
2005-11-01,89.27999877929688,45.45023727416992
2005-11-02,88.86000061035156,45.2364387512207
2005-11-03,88.26000213623047,44.93100357055664
2005-11-04,88.12000274658203,44.85966491699219
2005-11-07,88.41999816894531,45.012451171875
2005-11-08,89.27999877929688,45.45023727416992
2005-11-09,88.36000061035156,44.98187255859375
2005-11-10,89.44000244140625,45.53165054321289
2005-11-11,89.48999786376953,45.55714797973633
2005-11-14,88.81999969482422,45.216064453125
2005-11-15,89.4000015258789,45.51132583618164
2005-11-16,90.33999633789062,45.989830017089844
2005-11-17,90.55999755859375,46.10182189941406
2005-11-18,90.13999938964844,45.88802719116211
2005-11-21,90.41000366210938,46.02547836303711
2005-11-22,90.52999877929688,46.0865478515625
2005-11-23,90.18000030517578,45.90837478637695
2005-11-25,90.51000213623047,46.07643127441406
2005-11-28,90.95999908447266,46.305458068847656
2005-11-29,90.0999984741211,45.867740631103516
2005-11-30,90.0,45.816776275634766
2005-12-01,89.47000122070312,45.745201110839844
2005-12-02,89.5,45.760536193847656
2005-12-05,89.0999984741211,45.55598831176758
2005-12-06,90.01000213623047,46.02128601074219
2005-12-07,89.66999816894531,45.84745407104492
2005-12-08,90.25,46.14396286010742
2005-12-09,89.54000091552734,45.78095626831055
2005-12-12,89.37000274658203,45.694087982177734
2005-12-13,89.69999694824219,45.862754821777344
2005-12-14,90.62000274658203,46.333187103271484
2005-12-15,90.4000015258789,46.220699310302734
2005-12-16,90.69999694824219,46.374053955078125
2005-12-19,90.79000091552734,46.42013168334961
2005-12-20,90.68000030517578,46.36383056640625
2005-12-21,90.5199966430664,46.282047271728516
2005-12-22,91.23999786376953,46.650177001953125
2005-12-23,91.80000305175781,46.93650817871094
2005-12-27,92.55000305175781,47.3199577331543
2005-12-28,91.91000366210938,47.188018798828125
2005-12-29,92.11000061035156,47.29069137573242
2005-12-30,91.9000015258789,47.18285369873047
2006-01-03,91.77999877929688,47.12128448486328
2006-01-04,92.0,47.23418426513672
2006-01-05,91.88999938964844,47.17774963378906
2006-01-06,91.72000122070312,47.090450286865234
2006-01-09,91.77999877929688,47.12128448486328
2006-01-10,91.04000091552734,46.741336822509766
2006-01-11,90.88999938964844,46.66432571411133
2006-01-12,91.5,46.97752380371094
2006-01-13,92.02999877929688,47.24962615966797
2006-01-17,92.44000244140625,47.4600830078125
2006-01-18,92.41000366210938,47.4447135925293
2006-01-19,92.13999938964844,47.306095123291016
2006-01-20,92.37999725341797,47.42927932739258
2006-01-23,92.3499984741211,47.4139404296875
2006-01-24,91.9000015258789,47.18285369873047
2006-01-25,90.9000015258789,46.669464111328125
2006-01-26,90.51000213623047,46.4692497253418
2006-01-27,90.51000213623047,46.4692497253418
2006-01-30,90.41999816894531,46.42300796508789
2006-01-31,90.66999816894531,46.5513916015625
2006-02-01,90.04000091552734,46.39216232299805
2006-02-02,90.20999908447266,46.479740142822266
2006-02-03,90.8499984741211,46.80952835083008
2006-02-06,91.02999877929688,46.902244567871094
2006-02-07,90.5999984741211,46.68067932128906
2006-02-08,90.38999938964844,46.572513580322266
2006-02-09,90.80000305175781,46.78376007080078
2006-02-10,90.30000305175781,46.5261116027832
2006-02-13,90.30999755859375,46.53127670288086
2006-02-14,89.98999786376953,46.36637496948242
2006-02-15,90.20999908447266,46.479740142822266
2006-02-16,90.2300033569336,46.490055084228516
2006-02-17,90.94999694824219,46.86106491088867
2006-02-21,90.80000305175781,46.78376007080078
2006-02-22,91.41999816894531,47.10319519042969
2006-02-23,91.19000244140625,46.98468017578125
2006-02-24,91.05000305175781,46.91253662109375
2006-02-27,90.9000015258789,46.835296630859375
2006-02-28,91.3499984741211,47.067142486572266
2006-03-01,90.4800033569336,46.782772064208984
2006-03-02,89.8499984741211,46.45700454711914
2006-03-03,89.33000183105469,46.18811798095703
2006-03-06,88.55000305175781,45.78485107421875
2006-03-07,88.61000061035156,45.815853118896484
2006-03-08,88.58000183105469,45.800357818603516
2006-03-09,88.61000061035156,45.815853118896484
2006-03-10,88.27999877929688,45.64521789550781
2006-03-13,88.20999908447266,45.609046936035156
2006-03-14,88.80000305175781,45.91410827636719
2006-03-15,88.31999969482422,45.66591262817383
2006-03-16,89.12000274658203,46.07956314086914
2006-03-17,88.8499984741211,45.93996047973633
2006-03-20,88.98999786376953,46.0123291015625
2006-03-21,88.52999877929688,45.77452087402344
2006-03-22,88.72000122070312,45.872737884521484
2006-03-23,88.44000244140625,45.72798538208008
2006-03-24,89.08999633789062,46.06402587890625
2006-03-27,88.76000213623047,45.8934440612793
2006-03-28,87.93000030517578,45.46427536010742
2006-03-29,87.51000213623047,45.24711608886719
2006-03-30,86.9000015258789,44.93172836303711
2006-03-31,86.87000274658203,44.9161491394043
2006-04-03,86.56999969482422,44.93070983886719
2006-04-04,86.4800033569336,44.884033203125
2006-04-05,86.5999984741211,44.94630813598633
2006-04-06,85.94000244140625,44.603759765625
2006-04-07,85.0999984741211,44.16780471801758
2006-04-10,85.26000213623047,44.25081253051758
2006-04-11,85.55999755859375,44.406551361083984
2006-04-12,85.04000091552734,44.13665008544922
2006-04-13,84.44000244140625,43.82522201538086
2006-04-17,84.75,43.98613357543945
2006-04-18,84.9000015258789,44.06399154663086
2006-04-19,84.37999725341797,43.794132232666016
2006-04-20,84.30999755859375,43.75776672363281
2006-04-21,84.80000305175781,44.012081146240234
2006-04-24,85.13999938964844,44.18855285644531
2006-04-25,84.12999725341797,43.664344787597656
2006-04-26,83.98999786376953,43.59168243408203
2006-04-27,84.0999984741211,43.64878463745117
2006-04-28,84.16000366210938,43.679931640625
2006-05-01,83.19999694824219,43.35165786743164
2006-05-02,83.41999816894531,43.4662971496582
2006-05-03,83.23999786376953,43.372493743896484
2006-05-04,83.0999984741211,43.29957580566406
2006-05-05,83.5999984741211,43.56005096435547
2006-05-08,83.6500015258789,43.58615493774414
2006-05-09,83.5999984741211,43.56005096435547
2006-05-10,83.75,43.63822937011719
2006-05-11,83.33999633789062,43.4245719909668
2006-05-12,82.6500015258789,43.065040588378906
2006-05-15,82.9800033569336,43.23701477050781
2006-05-16,83.5999984741211,43.56005096435547
2006-05-17,83.08000183105469,43.289119720458984
2006-05-18,84.20999908447266,43.87795639038086
2006-05-19,84.43000030517578,43.992549896240234
2006-05-22,84.61000061035156,44.086334228515625
2006-05-23,84.55999755859375,44.06028366088867
2006-05-24,84.5999984741211,44.081138610839844
2006-05-25,84.2699966430664,43.9091682434082
2006-05-26,84.20999908447266,43.87795639038086
2006-05-30,84.16999816894531,43.8570442199707
2006-05-31,83.66999816894531,43.596561431884766
2006-06-01,83.70999908447266,43.79115676879883
2006-06-02,84.79000091552734,44.35614776611328
2006-06-05,84.68000030517578,44.298614501953125
2006-06-06,85.08000183105469,44.507835388183594
2006-06-07,85.0999984741211,44.518314361572266
2006-06-08,85.2699966430664,44.60721206665039
2006-06-09,85.72000122070312,44.84263610839844
2006-06-12,85.79000091552734,44.87922286987305
2006-06-13,85.8499984741211,44.91065979003906
2006-06-14,84.98999786376953,44.46074295043945
2006-06-15,84.5,44.204410552978516
2006-06-16,84.30999755859375,44.10503387451172
2006-06-19,84.19000244140625,44.0422477722168
2006-06-20,84.05000305175781,43.969024658203125
2006-06-21,84.06999969482422,43.9794921875
2006-06-22,83.58999633789062,43.72836685180664
2006-06-23,83.41999816894531,43.63945388793945
2006-06-26,83.26000213623047,43.555747985839844
2006-06-27,83.66999816894531,43.770240783691406
2006-06-28,83.2300033569336,43.54003143310547
2006-06-29,83.51000213623047,43.6865234375
2006-06-30,84.31999969482422,44.1102409362793
2006-07-03,83.91000366210938,44.06665802001953
2006-07-05,83.23999786376953,43.714805603027344
2006-07-06,83.75,43.98267364501953
2006-07-07,84.29000091552734,44.266231536865234
2006-07-10,84.37000274658203,44.3082389831543
2006-07-11,84.63999938964844,44.4500617980957
2006-07-12,84.66000366210938,44.46052551269531
2006-07-13,84.98999786376953,44.633880615234375
2006-07-14,85.04000091552734,44.66015625
2006-07-17,85.16999816894531,44.72834777832031
2006-07-18,84.44000244140625,44.34500503540039
2006-07-19,85.23999786376953,44.765132904052734
2006-07-20,85.48999786376953,44.89643478393555
2006-07-21,85.33000183105469,44.81241226196289
2006-07-24,85.27999877929688,44.786170959472656
2006-07-25,85.02999877929688,44.65483856201172
2006-07-26,85.33999633789062,44.81765365600586
2006-07-27,85.20999908447266,44.74940872192383
2006-07-28,85.69999694824219,45.00672912597656
2006-07-31,85.80999755859375,45.06447219848633
2006-08-01,85.45999908447266,45.06026840209961
2006-08-02,85.77999877929688,45.229026794433594
2006-08-03,85.80000305175781,45.23952102661133
2006-08-04,86.31999969482422,45.51367950439453
2006-08-07,86.37000274658203,45.54008483886719
2006-08-08,86.18000030517578,45.43989944458008
2006-08-09,85.9000015258789,45.29227066040039
2006-08-10,85.7699966430664,45.223716735839844
2006-08-11,85.4000015258789,45.02862548828125
2006-08-14,85.25,44.94951629638672
2006-08-15,85.97000122070312,45.32914733886719
2006-08-16,86.55000305175781,45.634971618652344
2006-08-17,86.5199966430664,45.61914825439453
2006-08-18,86.7699966430664,45.750972747802734
2006-08-21,87.08000183105469,45.914451599121094
2006-08-22,87.11000061035156,45.930240631103516
2006-08-23,87.1500015258789,45.951332092285156
2006-08-24,87.30999755859375,46.03570556640625
2006-08-25,87.44000244140625,46.1042366027832
2006-08-28,87.5199966430664,46.146446228027344
2006-08-29,87.63999938964844,46.209693908691406
2006-08-30,87.87000274658203,46.33098602294922
2006-08-31,88.08000183105469,46.44169235229492
2006-09-01,87.76000213623047,46.457603454589844
2006-09-05,87.20999908447266,46.166439056396484
2006-09-06,87.08999633789062,46.1028938293457
2006-09-07,87.26000213623047,46.19287109375
2006-09-08,87.33000183105469,46.22994613647461
2006-09-11,87.25,46.18761444091797
2006-09-12,87.69000244140625,46.42051315307617
2006-09-13,87.7300033569336,46.44174575805664
2006-09-14,87.52999877929688,46.33583450317383
2006-09-15,87.45999908447266,46.298797607421875
2006-09-18,87.31999969482422,46.224674224853516
2006-09-19,88.30000305175781,46.743446350097656
2006-09-20,88.43000030517578,46.81228256225586
2006-09-21,89.23999786376953,47.2411003112793
2006-09-22,89.68000030517578,47.47399139404297
2006-09-25,90.30999755859375,47.80747604370117
2006-09-26,89.93000030517578,47.606353759765625
2006-09-27,89.66999816894531,47.46867370605469
2006-09-28,89.5199966430664,47.389278411865234
2006-09-29,89.41000366210938,47.33104705810547
2006-10-02,89.30000305175781,47.46073532104492
2006-10-03,89.18000030517578,47.39696502685547
2006-10-04,89.83000183105469,47.74241638183594
2006-10-05,89.19999694824219,47.4075927734375
2006-10-06,88.2699966430664,46.91328811645508
2006-10-09,88.51000213623047,47.040870666503906
2006-10-10,87.80999755859375,46.6688346862793
2006-10-11,87.55000305175781,46.5306510925293
2006-10-12,87.5999984741211,46.55723190307617
2006-10-13,87.16000366210938,46.323341369628906
2006-10-16,87.55000305175781,46.5306510925293
2006-10-17,87.62000274658203,46.56785583496094
2006-10-18,87.80000305175781,46.663509368896484
2006-10-19,87.63999938964844,46.5784797668457
2006-10-20,87.55000305175781,46.5306510925293
2006-10-23,87.19999694824219,46.344635009765625
2006-10-24,87.19999694824219,46.344635009765625
2006-10-25,87.88999938964844,46.71133804321289
2006-10-26,88.45999908447266,47.01425552368164
2006-10-27,88.87000274658203,47.232215881347656
2006-10-30,89.12000274658203,47.365089416503906
2006-10-31,89.80999755859375,47.73180389404297
2006-11-01,89.95999908447266,47.995906829833984
2006-11-02,89.58999633789062,47.79845428466797
2006-11-03,88.52999877929688,47.23295211791992
2006-11-06,88.79000091552734,47.37164306640625
2006-11-07,89.19999694824219,47.590415954589844
2006-11-08,89.5199966430664,47.76112365722656
2006-11-09,89.47000122070312,47.73444747924805
2006-11-10,89.86000061035156,47.94253921508789
2006-11-13,89.83999633789062,47.931861877441406
2006-11-14,90.19000244140625,48.118568420410156
2006-11-15,89.8499984741211,47.93722152709961
2006-11-16,89.44000244140625,47.71845245361328
2006-11-17,89.94999694824219,47.99057388305664
2006-11-20,90.08999633789062,48.06523132324219
2006-11-21,90.30999755859375,48.18260955810547
2006-11-22,90.45999908447266,48.26264953613281
2006-11-24,90.62000274658203,48.34799575805664
2006-11-27,90.94999694824219,48.52406311035156
2006-11-28,91.13999938964844,48.62544631958008
2006-11-29,90.93000030517578,48.51337432861328
2006-11-30,91.52999877929688,48.83347702026367
2006-12-01,91.41999816894531,48.95775604248047
2006-12-04,91.58000183105469,49.04344940185547
2006-12-05,91.1500015258789,48.813148498535156
2006-12-06,90.97000122070312,48.71677017211914
2006-12-07,90.9000015258789,48.67927169799805
2006-12-08,90.23999786376953,48.32582473754883
2006-12-11,90.62999725341797,48.534698486328125
2006-12-12,90.81999969482422,48.636436462402344
2006-12-13,90.01000213623047,48.20265197753906
2006-12-14,89.68000030517578,48.02595520019531
2006-12-15,89.7300033569336,48.05272674560547
2006-12-18,89.76000213623047,48.06878662109375
2006-12-19,89.63999938964844,48.004547119140625
2006-12-20,89.62999725341797,47.99918746948242
2006-12-21,90.08000183105469,48.240142822265625
2006-12-22,89.38999938964844,47.870635986328125
2006-12-26,89.66000366210938,48.01521682739258
2006-12-27,88.69999694824219,47.66218185424805
2006-12-28,88.5,47.554718017578125
2006-12-29,88.43000030517578,47.51712417602539
2007-01-03,89.05999755859375,47.85563278198242
2007-01-04,89.5999984741211,48.14580154418945
2007-01-05,89.20999908447266,47.9362678527832
2007-01-08,89.37000274658203,48.02219009399414
2007-01-09,89.37000274658203,48.02219009399414
2007-01-10,88.97000122070312,47.80726623535156
2007-01-11,88.44999694824219,47.52780532836914
2007-01-12,88.04000091552734,47.30754852294922
2007-01-16,88.2300033569336,47.40961456298828
2007-01-17,87.95999908447266,47.26456832885742
2007-01-18,88.2300033569336,47.40961456298828
2007-01-19,87.98999786376953,47.28068923950195
2007-01-22,88.19999694824219,47.39350509643555
2007-01-23,87.62000274658203,47.08185958862305
2007-01-24,87.61000061035156,47.07649230957031
2007-01-25,86.9800033569336,46.73796081542969
2007-01-26,86.91000366210938,46.70035934448242
2007-01-29,86.72000122070312,46.5982666015625
2007-01-30,86.81999969482422,46.65199279785156
2007-01-31,87.55000305175781,47.04425048828125
2007-02-01,87.08999633789062,46.98762130737305
2007-02-02,87.19999694824219,47.04695510864258
2007-02-05,87.31999969482422,47.111698150634766
2007-02-06,87.80000305175781,47.37067794799805
2007-02-07,88.05999755859375,47.51093673706055
2007-02-08,88.12999725341797,47.54869842529297
2007-02-09,87.62999725341797,47.27893829345703
2007-02-12,87.43000030517578,47.171043395996094
2007-02-13,87.23999786376953,47.06853103637695
2007-02-14,88.06999969482422,47.51632308959961
2007-02-15,88.33000183105469,47.6566276550293
2007-02-16,88.63999938964844,47.82388687133789
2007-02-20,88.83999633789062,47.93177032470703
2007-02-21,88.69000244140625,47.85084915161133
2007-02-22,88.20999908447266,47.59186935424805
2007-02-23,88.83999633789062,47.93177032470703
2007-02-26,89.43000030517578,48.25011444091797
2007-02-27,90.55999755859375,48.85978317260742
2007-02-28,90.1500015258789,48.63856506347656
2007-03-01,89.75,48.60770797729492
2007-03-02,90.19999694824219,48.85138702392578
2007-03-05,90.3499984741211,48.932640075683594
2007-03-06,90.08000183105469,48.78643035888672
2007-03-07,90.43000030517578,48.97598648071289
2007-03-08,90.3499984741211,48.932640075683594
2007-03-09,89.4000015258789,48.418190002441406
2007-03-12,89.75,48.60770797729492
2007-03-13,90.29000091552734,48.900146484375
2007-03-14,89.87999725341797,48.67811965942383
2007-03-15,89.87000274658203,48.672664642333984
2007-03-16,89.8499984741211,48.66182327270508
2007-03-19,89.66000366210938,48.558929443359375
2007-03-20,89.70999908447266,48.58600616455078
2007-03-21,89.75,48.60770797729492
2007-03-22,89.04000091552734,48.22315216064453
2007-03-23,88.79000091552734,48.08776092529297
2007-03-26,88.9000015258789,48.14733123779297
2007-03-27,88.75,48.06608581542969
2007-03-28,88.56999969482422,47.96860122680664
2007-03-29,88.44999694824219,47.90358352661133
2007-03-30,88.27999877929688,47.811527252197266
2007-04-02,88.0999984741211,47.89094543457031
2007-04-03,87.98999786376953,47.831119537353516
2007-04-04,88.08000183105469,47.880043029785156
2007-04-05,87.75,47.700660705566406
2007-04-09,87.16999816894531,47.385353088378906
2007-04-10,87.43000030517578,47.5267333984375
2007-04-11,87.37000274658203,47.49410629272461
2007-04-12,87.38999938964844,47.50495529174805
2007-04-13,87.12000274658203,47.35818862915039
2007-04-16,87.5999984741211,47.61912155151367
2007-04-17,88.08999633789062,47.8854866027832
2007-04-18,88.52999877929688,48.12464904785156
2007-04-19,88.37999725341797,48.04315948486328
2007-04-20,88.1500015258789,47.918094635009766
2007-04-23,88.47000122070312,48.092044830322266
2007-04-24,88.80000305175781,48.27143478393555
2007-04-25,88.48999786376953,48.10291290283203
2007-04-26,87.8499984741211,47.75502395629883
2007-04-27,87.83000183105469,47.74418640136719
2007-04-30,88.75,48.24425506591797
2007-05-01,88.48999786376953,48.2791633605957
2007-05-02,88.44000244140625,48.25191879272461
2007-05-03,88.23999786376953,48.14276123046875
2007-05-04,88.5999984741211,48.33917999267578
2007-05-07,88.83999633789062,48.47012710571289
2007-05-08,88.63999938964844,48.361026763916016
2007-05-09,88.29000091552734,48.17007064819336
2007-05-10,88.5,48.284629821777344
2007-05-11,88.19000244140625,48.11549758911133
2007-05-14,87.95999908447266,47.99000549316406
2007-05-15,87.93000030517578,47.97365951538086
2007-05-16,87.87000274658203,47.940914154052734
2007-05-17,87.51000213623047,47.74447250366211
2007-05-18,86.93000030517578,47.42803192138672
2007-05-21,87.19000244140625,47.5699348449707
2007-05-22,86.73999786376953,47.324432373046875
2007-05-23,86.48999786376953,47.18798065185547
2007-05-24,86.56999969482422,47.23163986206055
2007-05-25,86.37000274658203,47.12254333496094
2007-05-29,86.36000061035156,47.117088317871094
2007-05-30,86.54000091552734,47.21528244018555
2007-05-31,86.37999725341797,47.12798309326172
2007-06-01,85.58999633789062,46.88039016723633
2007-06-04,85.9800033569336,47.0940055847168
2007-06-05,85.44000244140625,46.79825210571289
2007-06-06,85.4000015258789,46.776363372802734
2007-06-07,83.87000274658203,45.93829345703125
2007-06-08,83.80000305175781,45.899959564208984
2007-06-11,83.55999755859375,45.76850128173828
2007-06-12,82.3499984741211,45.105735778808594
2007-06-13,83.33000183105469,45.64254379272461
2007-06-14,83.12000274658203,45.527469635009766
2007-06-15,83.69000244140625,45.83970642089844
2007-06-18,83.5199966430664,45.746604919433594
2007-06-19,84.30000305175781,46.17384338378906
2007-06-20,83.62000274658203,45.80135726928711
2007-06-21,83.22000122070312,45.5822868347168
2007-06-22,83.76000213623047,45.87806701660156
2007-06-25,84.22000122070312,46.1300163269043
2007-06-26,84.23999786376953,46.1409797668457
2007-06-27,84.31999969482422,46.18479537963867
2007-06-28,84.30000305175781,46.17384338378906
2007-06-29,85.16999816894531,46.65034103393555
2007-07-02,85.29000091552734,46.89558029174805
2007-07-03,84.7699966430664,46.609683990478516
2007-07-05,83.81999969482422,46.08734130859375
2007-07-06,83.4800033569336,45.9003791809082
2007-07-09,83.77999877929688,46.0653076171875
2007-07-10,85.19999694824219,46.84608459472656
2007-07-11,84.31999969482422,46.36225509643555
2007-07-12,84.02999877929688,46.2027587890625
2007-07-13,84.26000213623047,46.329254150390625
2007-07-16,85.06999969482422,46.774600982666016
2007-07-17,84.88999938964844,46.67564392089844
2007-07-18,85.20999908447266,46.85161209106445
2007-07-19,85.19000244140625,46.840579986572266
2007-07-20,85.95999908447266,47.26395797729492
2007-07-23,85.81999969482422,47.1870002746582
2007-07-24,86.13999938964844,47.362972259521484
2007-07-25,86.30999755859375,47.45643615722656
2007-07-26,87.02999877929688,47.85232162475586
2007-07-27,87.27999877929688,47.98978805541992
2007-07-30,87.02999877929688,47.85232162475586
2007-07-31,87.66000366210938,48.1987190246582
2007-08-01,87.12999725341797,48.094398498535156
2007-08-02,87.3499984741211,48.215858459472656
2007-08-03,87.93000030517578,48.53597640991211
2007-08-06,87.29000091552734,48.182708740234375
2007-08-07,87.22000122070312,48.14404296875
2007-08-08,86.16000366210938,47.558956146240234
2007-08-09,86.27999877929688,47.62516403198242
2007-08-10,86.08000183105469,47.51481246948242
2007-08-13,86.33000183105469,47.65279006958008
2007-08-14,86.55999755859375,47.779727935791016
2007-08-15,86.25,47.60862350463867
2007-08-16,87.13999938964844,48.099876403808594
2007-08-17,86.79000091552734,47.906707763671875
2007-08-20,86.83999633789062,47.93431091308594
2007-08-21,87.26000213623047,48.16611862182617
2007-08-22,87.12000274658203,48.088863372802734
2007-08-23,87.41999816894531,48.25445556640625
2007-08-24,87.8499984741211,48.49177551269531
2007-08-27,88.30999755859375,48.745765686035156
2007-08-28,88.45999908447266,48.828514099121094
2007-08-29,88.22000122070312,48.69603729248047
2007-08-30,88.80999755859375,49.02171325683594
2007-08-31,88.87999725341797,49.06032943725586
2007-09-04,88.55999755859375,49.08362579345703
2007-09-05,89.2699966430664,49.47714614868164
2007-09-06,89.04000091552734,49.34963607788086
2007-09-07,90.30000305175781,50.047996520996094
2007-09-10,91.0,50.43593215942383
2007-09-11,90.93000030517578,50.39715576171875
2007-09-12,90.58999633789062,50.20874786376953
2007-09-13,89.77999877929688,49.75978469848633
2007-09-14,89.91000366210938,49.83187484741211
2007-09-17,90.33999633789062,50.07017517089844
2007-09-18,89.66000366210938,49.69330596923828
2007-09-19,88.83000183105469,49.233272552490234
2007-09-20,87.1500015258789,48.30213165283203
2007-09-21,87.88999938964844,48.71227264404297
2007-09-24,88.13999938964844,48.8508186340332
2007-09-25,87.83000183105469,48.67901611328125
2007-09-26,87.91000366210938,48.72337341308594
2007-09-27,88.5199966430664,49.06144332885742
2007-09-28,88.72000122070312,49.172271728515625
2007-10-01,88.87999725341797,49.453277587890625
2007-10-02,89.16000366210938,49.609107971191406
2007-10-03,88.9000015258789,49.46440124511719
2007-10-04,89.23999786376953,49.65360641479492
2007-10-05,88.27999877929688,49.119476318359375
2007-10-08,88.20999908447266,49.08050537109375
2007-10-09,88.0999984741211,49.019264221191406
2007-10-10,88.1500015258789,49.0471076965332
2007-10-11,88.05999755859375,48.997066497802734
2007-10-12,87.62999725341797,48.757747650146484
2007-10-15,87.6500015258789,48.7689094543457
2007-10-16,87.68000030517578,48.78561019897461
2007-10-17,88.63999938964844,49.31975173950195
2007-10-18,89.12999725341797,49.59238052368164
2007-10-19,90.45999908447266,50.33243942260742
2007-10-22,90.47000122070312,50.337974548339844
2007-10-23,90.3499984741211,50.271202087402344
2007-10-24,91.0199966430664,50.64399337768555
2007-10-25,90.70999908447266,50.47148895263672
2007-10-26,90.5,50.35466003417969
2007-10-29,90.8499984741211,50.54939651489258
2007-10-30,90.80000305175781,50.52162170410156
2007-10-31,89.9800033569336,50.06532287597656
2007-11-01,90.75,50.71588134765625
2007-11-02,91.04000091552734,50.877906799316406
2007-11-05,91.0,50.85555648803711
2007-11-06,90.55999755859375,50.60966110229492
2007-11-07,90.72000122070312,50.69906234741211
2007-11-08,90.55999755859375,50.60966110229492
2007-11-09,91.33000183105469,51.039981842041016
2007-11-12,91.66000366210938,51.22441864013672
2007-11-13,91.31999969482422,51.03437042236328
2007-11-14,91.41999816894531,51.090267181396484
2007-11-15,92.27999877929688,51.57084655761719
2007-11-16,92.41000366210938,51.64353942871094
2007-11-19,93.01000213623047,51.97882080078125
2007-11-20,92.91000366210938,51.92296600341797
2007-11-21,93.44999694824219,52.22474670410156
2007-11-23,93.7300033569336,52.38117599487305
2007-11-26,95.58000183105469,53.41511917114258
2007-11-27,94.66999816894531,52.90655517578125
2007-11-28,94.02999877929688,52.54885482788086
2007-11-29,94.83999633789062,53.00151824951172
2007-11-30,94.37999725341797,52.74446487426758
2007-12-03,94.75,53.16310501098633
2007-12-04,94.73999786376953,53.157432556152344
2007-12-05,93.61000061035156,52.523460388183594
2007-12-06,92.79000091552734,52.06326675415039
2007-12-07,91.75,51.479793548583984
2007-12-10,91.19999694824219,51.171199798583984
2007-12-11,92.98999786376953,52.17549133300781
2007-12-12,92.02999877929688,51.636905670166016
2007-12-13,91.02999877929688,51.07577896118164
2007-12-14,90.61000061035156,50.840152740478516
2007-12-17,91.41999816894531,51.294620513916016
2007-12-18,92.01000213623047,51.625667572021484
2007-12-19,93.2300033569336,52.3101921081543
2007-12-20,93.02999877929688,52.197975158691406
2007-12-21,91.66999816894531,51.434871673583984
2007-12-24,91.23999786376953,51.19361877441406
2007-12-26,90.44000244140625,50.7447509765625
2007-12-27,91.05999755859375,51.2979850769043
2007-12-28,92.4800033569336,52.09788131713867
2007-12-31,93.04000091552734,52.41336441040039
2008-01-02,94.37999725341797,53.16823196411133
2008-01-03,94.25,53.09501266479492
2008-01-04,94.2699966430664,53.10626983642578
2008-01-07,94.68000030517578,53.33727264404297
2008-01-08,94.56999969482422,53.2752571105957
2008-01-09,94.75,53.37670135498047
2008-01-10,93.47000122070312,52.65560531616211
2008-01-11,94.19999694824219,53.066829681396484
2008-01-14,94.55000305175781,53.26399612426758
2008-01-15,95.61000061035156,53.86117172241211
2008-01-16,94.91999816894531,53.472476959228516
2008-01-17,96.1500015258789,54.165382385253906
2008-01-18,95.48999786376953,53.79356384277344
2008-01-22,96.51000213623047,54.3681640625
2008-01-23,96.29000091552734,54.24423599243164
2008-01-24,94.36000061035156,53.15696334838867
2008-01-25,95.94999694824219,54.052696228027344
2008-01-28,95.58999633789062,53.84990692138672
2008-01-29,94.94000244140625,53.483741760253906
2008-01-30,94.31999969482422,53.13447570800781
2008-01-31,94.98999786376953,53.51186752319336
2008-02-01,95.2300033569336,53.83355712890625
2008-02-04,94.25,53.27956008911133
2008-02-05,94.97000122070312,53.68659210205078
2008-02-06,94.68000030517578,53.52265930175781
2008-02-07,92.63999938964844,52.369422912597656
2008-02-08,93.69999694824219,52.968650817871094
2008-02-11,94.08999633789062,53.189083099365234
2008-02-12,93.52999877929688,52.87254333496094
2008-02-13,92.54000091552734,52.31289291381836
2008-02-14,91.18000030517578,51.5440673828125
2008-02-15,91.87999725341797,51.939823150634766
2008-02-19,90.94999694824219,51.414031982421875
2008-02-20,91.58000183105469,51.77020263671875
2008-02-21,92.55000305175781,52.31855010986328
2008-02-22,92.0199966430664,52.01893997192383
2008-02-25,91.08000183105469,51.48754119873047
2008-02-26,91.11000061035156,51.50456619262695
2008-02-27,91.19000244140625,51.54975509643555
2008-02-28,92.80999755859375,52.46553039550781
2008-02-29,94.2300033569336,53.268226623535156
2008-03-03,93.63999938964844,53.13092803955078
2008-03-04,92.7300033569336,52.614620208740234
2008-03-05,91.62000274658203,51.984779357910156
2008-03-06,92.11000061035156,52.26282501220703
2008-03-07,92.2300033569336,52.330909729003906
2008-03-10,93.58999633789062,53.10260009765625
2008-03-11,92.79000091552734,52.64863586425781
2008-03-12,94.58000183105469,53.664283752441406
2008-03-13,93.83999633789062,53.24440383911133
2008-03-14,95.0,53.902587890625
2008-03-17,95.7300033569336,54.316768646240234
2008-03-18,95.36000061035156,54.10687255859375
2008-03-19,96.94000244140625,55.00333786010742
2008-03-20,97.18000030517578,55.13951110839844
2008-03-24,95.30000305175781,54.07281494140625
2008-03-25,95.69999694824219,54.29975128173828
2008-03-26,95.30000305175781,54.07281494140625
2008-03-27,94.62999725341797,53.69269943237305
2008-03-28,95.55000305175781,54.214683532714844
2008-03-31,95.88999938964844,54.407588958740234
2008-04-01,93.93000030517578,53.5221061706543
2008-04-02,94.12999725341797,53.63604736328125
2008-04-03,94.33999633789062,53.75571060180664
2008-04-04,95.19999694824219,54.24571990966797
2008-04-07,94.69999694824219,53.960838317871094
2008-04-08,94.37000274658203,53.772830963134766
2008-04-09,95.3499984741211,54.331199645996094
2008-04-10,95.02999877929688,54.148868560791016
2008-04-11,95.66999816894531,54.51359558105469
2008-04-14,95.11000061035156,54.194480895996094
2008-04-15,93.93000030517578,53.5221061706543
2008-04-16,93.01000213623047,52.99785232543945
2008-04-17,92.8499984741211,52.90674591064453
2008-04-18,92.7699966430664,52.861114501953125
2008-04-21,93.13999938964844,53.07191848754883
2008-04-22,93.45999908447266,53.2542724609375
2008-04-23,93.1500015258789,53.077667236328125
2008-04-24,92.36000061035156,52.62752914428711
2008-04-25,91.81999969482422,52.31981658935547
2008-04-28,92.0999984741211,52.47935104370117
2008-04-29,92.44999694824219,52.67875289916992
2008-04-30,93.11000061035156,53.054813385009766
2008-05-01,92.77999877929688,53.05826950073242
2008-05-02,91.61000061035156,52.389198303222656
2008-05-05,91.61000061035156,52.389198303222656
2008-05-06,90.94999694824219,52.01177978515625
2008-05-07,91.33999633789062,52.234840393066406
2008-05-08,92.16000366210938,52.70369338989258
2008-05-09,92.5,52.898162841796875
2008-05-12,92.36000061035156,52.81808853149414
2008-05-13,91.3499984741211,52.24052047729492
2008-05-14,91.38999938964844,52.26340866088867
2008-05-15,92.22000122070312,52.738033294677734
2008-05-16,91.83999633789062,52.52075958251953
2008-05-19,91.95999908447266,52.58934783935547
2008-05-20,92.44000244140625,52.86383056640625
2008-05-21,92.45999908447266,52.875301361083984
2008-05-22,91.37000274658203,52.2519416809082
2008-05-23,91.7699966430664,52.48069381713867
2008-05-27,91.1500015258789,52.12614440917969
2008-05-28,90.33999633789062,51.662872314453125
2008-05-29,89.69000244140625,51.29116439819336
2008-05-30,90.27999877929688,51.62862014770508
2008-06-02,90.30000305175781,51.82777404785156
2008-06-03,90.94999694824219,52.20084762573242
2008-06-04,90.13999938964844,51.73592758178711
2008-06-05,89.5999984741211,51.426029205322266
2008-06-06,90.76000213623047,52.09182357788086
2008-06-09,90.76000213623047,52.09182357788086
2008-06-10,90.16999816894531,51.753135681152344
2008-06-11,89.95999908447266,51.632625579833984
2008-06-12,89.05999755859375,51.116031646728516
2008-06-13,88.87000274658203,51.00703430175781
2008-06-16,88.88999938964844,51.018516540527344
2008-06-17,89.06999969482422,51.12184524536133
2008-06-18,89.81999969482422,51.55229187011719
2008-06-19,89.29000091552734,51.248050689697266
2008-06-20,89.80999755859375,51.54655075073242
2008-06-23,90.0,51.65556716918945
2008-06-24,90.5999984741211,51.99993133544922
2008-06-25,90.63999938964844,52.02288818359375
2008-06-26,91.25,52.37301254272461
2008-06-27,92.31999969482422,52.98713302612305
2008-06-30,92.33999633789062,52.99864959716797
2008-07-01,91.79000091552734,52.87303161621094
2008-07-02,92.2699966430664,53.1495475769043
2008-07-03,92.06999969482422,53.034339904785156
2008-07-07,92.48999786376953,53.276275634765625
2008-07-08,93.08999633789062,53.62187957763672
2008-07-09,93.5,53.8580436706543
2008-07-10,93.48999786376953,53.8523063659668
2008-07-11,92.16000366210938,53.08614730834961
2008-07-14,92.97000122070312,53.5527458190918
2008-07-15,92.94000244140625,53.535484313964844
2008-07-16,91.26000213623047,52.56779861450195
2008-07-17,90.79000091552734,52.297027587890625
2008-07-18,90.44999694824219,52.10123062133789
2008-07-21,90.80000305175781,52.302791595458984
2008-07-22,90.3499984741211,52.04358673095703
2008-07-23,90.16999816894531,51.93986892700195
2008-07-24,91.05000305175781,52.44679260253906
2008-07-25,90.13999938964844,51.92259979248047
2008-07-28,91.05000305175781,52.44679260253906
2008-07-29,90.68000030517578,52.23368453979492
2008-07-30,90.7699966430664,52.2855224609375
2008-07-31,91.66999816894531,52.80393600463867
2008-08-01,91.54000091552734,52.92074966430664
2008-08-04,91.33000183105469,52.799320220947266
2008-08-05,90.6500015258789,52.406211853027344
2008-08-06,90.27999877929688,52.192291259765625
2008-08-07,91.75,53.04209899902344
2008-08-08,92.0,53.186641693115234
2008-08-11,91.12000274658203,52.67789840698242
2008-08-12,91.97000122070312,53.16931915283203
2008-08-13,91.6500015258789,52.984310150146484
2008-08-14,92.23999786376953,53.32536315917969
2008-08-15,93.04000091552734,53.78788757324219
2008-08-18,93.41000366210938,54.00181198120117
2008-08-19,93.05000305175781,53.79366683959961
2008-08-20,93.30999755859375,53.94398498535156
2008-08-21,93.13999938964844,53.845672607421875
2008-08-22,93.08000183105469,53.81099319458008
2008-08-25,94.01000213623047,54.348663330078125
2008-08-26,94.08999633789062,54.394935607910156
2008-08-27,94.25,54.48740768432617
2008-08-28,94.26000213623047,54.49321365356445
2008-08-29,93.83999633789062,54.250362396240234
2008-09-02,94.37000274658203,54.75518798828125
2008-09-03,94.7699966430664,54.987213134765625
2008-09-04,95.52999877929688,55.42822265625
2008-09-05,95.4800033569336,55.39917755126953
2008-09-08,95.87999725341797,55.63129806518555
2008-09-09,96.83000183105469,56.18251419067383
2008-09-10,96.2300033569336,55.83438491821289
2008-09-11,96.18000030517578,55.805320739746094
2008-09-12,94.94000244140625,55.08588409423828
2008-09-15,98.0199966430664,56.872962951660156
2008-09-16,98.0,56.86135482788086
2008-09-17,98.48999786376953,57.14564895629883
2008-09-18,97.05000305175781,56.3101806640625
2008-09-19,93.97000122070312,54.523109436035156
2008-09-22,93.95999908447266,54.51728057861328
2008-09-23,93.5999984741211,54.30838394165039
2008-09-24,94.01000213623047,54.546302795410156
2008-09-25,93.81999969482422,54.43608093261719
2008-09-26,94.5,54.83058166503906
2008-09-29,97.25,56.42619323730469
2008-09-30,94.87999725341797,55.05107498168945
2008-10-01,95.77999877929688,55.74364471435547
2008-10-02,96.55000305175781,56.19179916381836
2008-10-03,97.4000015258789,56.68649673461914
2008-10-06,99.16999816894531,57.716636657714844
2008-10-07,98.87000274658203,57.54203796386719
2008-10-08,97.44999694824219,56.7155876159668
2008-10-09,96.62999725341797,56.23833465576172
2008-10-10,95.94999694824219,55.84257125854492
2008-10-13,94.72000122070312,55.12671661376953
2008-10-14,94.11000061035156,54.771728515625
2008-10-15,95.01000213623047,55.29549026489258
2008-10-16,94.5199966430664,55.01035690307617
2008-10-17,93.87000274658203,54.632080078125
2008-10-20,94.62000274658203,55.068546295166016
2008-10-21,95.12000274658203,55.35951232910156
2008-10-22,97.05000305175781,56.48278045654297
2008-10-23,97.7699966430664,56.9018440246582
2008-10-24,96.7300033569336,56.29658889770508
2008-10-27,96.80000305175781,56.33732223510742
2008-10-28,95.38999938964844,55.51667785644531
2008-10-29,94.91000366210938,55.237342834472656
2008-10-30,94.05000305175781,54.736793518066406
2008-10-31,92.83000183105469,54.026710510253906
2008-11-03,92.70999908447266,54.17287826538086
2008-11-04,94.44999694824219,55.18959045410156
2008-11-05,95.56999969482422,55.84401321411133
2008-11-06,94.87999725341797,55.440799713134766
2008-11-07,94.26000213623047,55.07854080200195
2008-11-10,94.72000122070312,55.34734344482422
2008-11-11,95.0,55.51091384887695
2008-11-12,95.61000061035156,55.86737823486328
2008-11-13,93.31999969482422,54.52925491333008
2008-11-14,95.16999816894531,55.610294342041016
2008-11-17,95.58999633789062,55.855712890625
2008-11-18,96.81999969482422,56.57442855834961
2008-11-19,99.30000305175781,58.02357482910156
2008-11-20,104.43000030517578,61.02111053466797
2008-11-21,102.91999816894531,60.1388053894043
2008-11-24,101.30999755859375,59.19804382324219
2008-11-25,104.29000091552734,60.93934631347656
2008-11-26,104.43000030517578,61.02111053466797
2008-11-28,105.72000122070312,61.774906158447266
2008-12-01,109.4000015258789,64.14063262939453
2008-12-02,109.81999969482422,64.38689422607422
2008-12-03,110.12999725341797,64.5685806274414
2008-12-04,112.30000305175781,65.84088134765625
2008-12-05,110.4800033569336,64.77381896972656
2008-12-08,110.23999786376953,64.6330795288086
2008-12-09,112.41999816894531,65.91124725341797
2008-12-10,112.1500015258789,65.7529525756836
2008-12-11,112.37000274658203,65.88192749023438
2008-12-12,112.37000274658203,65.88192749023438
2008-12-15,113.6500015258789,66.63233947753906
2008-12-16,116.45999908447266,68.27985382080078
2008-12-17,119.62000274658203,70.1325912475586
2008-12-18,122.12999725341797,71.60415649414062
2008-12-19,122.26000213623047,71.68036651611328
2008-12-22,121.31999969482422,71.1292953491211
2008-12-23,121.16000366210938,71.0354232788086
2008-12-24,120.9000015258789,70.88297271728516
2008-12-26,121.30000305175781,71.11754608154297
2008-12-29,120.75,71.0322494506836
2008-12-30,121.9000015258789,71.70872497558594
2008-12-31,119.3499984741211,70.20863342285156
2009-01-02,116.3499984741211,68.44388580322266
2009-01-05,113.3499984741211,66.67914581298828
2009-01-06,112.20999908447266,66.00846099853516
2009-01-07,112.6500015258789,66.2673110961914
2009-01-08,112.55999755859375,66.21441650390625
2009-01-09,112.7300033569336,66.31438446044922
2009-01-12,113.9000015258789,67.00270080566406
2009-01-13,114.0199966430664,67.0732192993164
2009-01-14,115.9000015258789,68.1791763305664
2009-01-15,116.08999633789062,68.29096221923828
2009-01-16,114.30000305175781,67.23797607421875
2009-01-20,114.27999877929688,67.22620391845703
2009-01-21,110.66999816894531,65.1025619506836
2009-01-22,108.54000091552734,63.849571228027344
2009-01-23,107.69000244140625,63.349605560302734
2009-01-26,106.75,62.796592712402344
2009-01-27,109.26000213623047,64.27312469482422
2009-01-28,106.52999877929688,62.6672248840332
2009-01-29,104.08000183105469,61.225955963134766
2009-01-30,103.75,61.0318603515625
2009-02-02,105.38999938964844,62.167335510253906
2009-02-03,102.87999725341797,60.68678665161133
2009-02-04,102.5199966430664,60.47441101074219
2009-02-05,102.61000061035156,60.527488708496094
2009-02-06,102.29000091552734,60.338722229003906
2009-02-09,102.62000274658203,60.53335952758789
2009-02-10,104.8499984741211,61.848785400390625
2009-02-11,106.20999908447266,62.6510124206543
2009-02-12,105.20999908447266,62.0611572265625
2009-02-13,102.41000366210938,60.40950012207031
2009-02-17,105.5999984741211,62.291221618652344
2009-02-18,104.69999694824219,61.76033020019531
2009-02-19,102.91999816894531,60.7103385925293
2009-02-20,103.91999816894531,61.30022430419922
2009-02-23,104.87999725341797,61.8665657043457
2009-02-24,104.7699966430664,61.80160140991211
2009-02-25,103.55999755859375,61.08784484863281
2009-02-26,102.47000122070312,60.44487762451172
2009-02-27,101.87999725341797,60.096866607666016
2009-03-02,103.27999877929688,61.09176254272461
2009-03-03,102.58999633789062,60.683677673339844
2009-03-04,102.12000274658203,60.40565490722656
2009-03-05,104.95999908447266,62.085533142089844
2009-03-06,104.26000213623047,61.6715202331543
2009-03-09,103.6500015258789,61.310665130615234
2009-03-10,101.66000366210938,60.133522033691406
2009-03-11,102.76000213623047,60.78422164916992
2009-03-12,103.25,61.0740852355957
2009-03-13,102.7300033569336,60.766483306884766
2009-03-16,101.11000061035156,59.80820846557617
2009-03-17,100.55999755859375,59.48286819458008
2009-03-18,104.37000274658203,61.73652648925781
2009-03-19,104.5,61.81345748901367
2009-03-20,103.91999816894531,61.470375061035156
2009-03-23,103.0199966430664,60.937992095947266
2009-03-24,104.0,61.51769256591797
2009-03-25,102.5999984741211,60.689571380615234
2009-03-26,103.79000091552734,61.39346694946289
2009-03-27,104.55999755859375,61.84894943237305
2009-03-30,104.95999908447266,62.085533142089844
2009-03-31,105.70999908447266,62.529197692871094
2009-04-01,106.37000274658203,63.09987258911133
2009-04-02,105.06999969482422,62.32869338989258
2009-04-03,102.91999816894531,61.053245544433594
2009-04-06,102.4800033569336,60.792236328125
2009-04-07,102.73999786376953,60.94649124145508
2009-04-08,103.6500015258789,61.48631286621094
2009-04-09,102.3499984741211,60.71514129638672
2009-04-13,103.29000091552734,61.272769927978516
2009-04-14,103.83000183105469,61.593109130859375
2009-04-15,103.6500015258789,61.48631286621094
2009-04-16,102.83000183105469,60.99985122680664
2009-04-17,101.69999694824219,60.32954406738281
2009-04-20,103.23999786376953,61.24312210083008
2009-04-21,102.22000122070312,60.638031005859375
2009-04-22,101.5999984741211,60.27025604248047
2009-04-23,101.58999633789062,60.26429748535156
2009-04-24,100.56999969482422,59.65924072265625
2009-04-27,101.0,59.914310455322266
2009-04-28,99.3499984741211,58.93547058105469
2009-04-29,98.47000122070312,58.41352081298828
2009-04-30,98.08000183105469,58.18213653564453
2009-05-01,97.11000061035156,57.781715393066406
2009-05-04,97.43000030517578,57.97212600708008
2009-05-05,97.30999755859375,57.90069580078125
2009-05-06,97.08000183105469,57.76384353637695
2009-05-07,94.70999908447266,56.35365676879883
2009-05-08,94.94000244140625,56.490509033203125
2009-05-11,96.29000091552734,57.293785095214844
2009-05-12,96.63999938964844,57.502037048339844
2009-05-13,97.69000244140625,58.12678909301758
2009-05-14,98.06999969482422,58.352901458740234
2009-05-15,98.04000091552734,58.335044860839844
2009-05-18,96.5199966430664,57.43061828613281
2009-05-19,96.01000213623047,57.127193450927734
2009-05-20,97.0199966430664,57.72817611694336
2009-05-21,94.58000183105469,56.276302337646484
2009-05-22,93.52999877929688,55.65153121948242
2009-05-26,92.12000274658203,54.812583923339844
2009-05-27,90.48999786376953,53.84269332885742
2009-05-28,91.80000305175781,54.6221923828125
2009-05-29,94.16999816894531,56.0323486328125
2009-06-01,91.08999633789062,54.37582778930664
2009-06-02,91.58000183105469,54.66835403442383
2009-06-03,92.44000244140625,55.18172836303711
2009-06-04,90.52999877929688,54.04154586791992
2009-06-05,89.83999633789062,53.62965393066406
2009-06-08,89.61000061035156,53.49237823486328
2009-06-09,89.5999984741211,53.48637771606445
2009-06-10,88.19000244140625,52.64469528198242
2009-06-11,89.16999816894531,53.229698181152344
2009-06-12,89.97000122070312,53.707271575927734
2009-06-15,90.77999877929688,54.19078826904297
2009-06-16,92.36000061035156,55.133975982666016
2009-06-17,91.83999633789062,54.82353973388672
2009-06-18,90.44999694824219,53.993778228759766
2009-06-19,91.69000244140625,54.73398971557617
2009-06-22,92.58000183105469,55.265254974365234
2009-06-23,93.66999816894531,55.915931701660156
2009-06-24,92.7300033569336,55.354801177978516
2009-06-25,94.43000030517578,56.3696403503418
2009-06-26,94.58999633789062,56.46511459350586
2009-06-29,94.7300033569336,56.5486946105957
2009-06-30,94.56999969482422,56.45320510864258
2009-07-01,94.08000183105469,56.34125900268555
2009-07-02,94.30000305175781,56.47296142578125
2009-07-06,94.12000274658203,56.36518096923828
2009-07-07,94.75,56.74247360229492
2009-07-08,96.5,57.79049301147461
2009-07-09,95.3499984741211,57.10177993774414
2009-07-10,96.2300033569336,57.62875747680664
2009-07-13,95.69000244140625,57.30539321899414
2009-07-14,94.0999984741211,56.35319137573242
2009-07-15,91.68000030517578,54.90391540527344
2009-07-16,92.66999816894531,55.496829986572266
2009-07-17,91.23999786376953,54.640445709228516
2009-07-20,91.72000122070312,54.9278678894043
2009-07-21,93.55000305175781,56.02379608154297
2009-07-22,92.70999908447266,55.52075958251953
2009-07-23,91.01000213623047,54.50271224975586
2009-07-24,91.44999694824219,54.766178131103516
2009-07-27,90.4000015258789,54.137393951416016
2009-07-28,91.19999694824219,54.616546630859375
2009-07-29,91.69999694824219,54.91592788696289
2009-07-30,93.0,55.694461822509766
2009-07-31,94.80999755859375,56.778358459472656
2009-08-03,93.05999755859375,55.917945861816406
2009-08-04,92.31999969482422,55.473270416259766
2009-08-05,90.94000244140625,54.64406204223633
2009-08-06,91.25,54.830322265625
2009-08-07,90.48999786376953,54.37364196777344
2009-08-10,91.62000274658203,55.052669525146484
2009-08-11,92.68000030517578,55.68958282470703
2009-08-12,91.69000244140625,55.09473419189453
2009-08-13,92.98999786376953,55.87584686279297
2009-08-14,93.3499984741211,56.0921516418457
2009-08-17,94.7300033569336,56.92140579223633
2009-08-18,94.18000030517578,56.59089660644531
2009-08-19,94.95999908447266,57.05961990356445
2009-08-20,95.73999786376953,57.528255462646484
2009-08-21,93.7699966430664,56.34453582763672
2009-08-24,95.47000122070312,57.36606216430664
2009-08-25,96.01000213623047,57.69054412841797
2009-08-26,96.44999694824219,57.9548454284668
2009-08-27,96.06999969482422,57.7265739440918
2009-08-28,96.51000213623047,57.990962982177734
2009-08-31,96.5999984741211,58.04500961303711
2009-09-01,96.05999755859375,57.90459060668945
2009-09-02,97.45999908447266,58.74847412109375
2009-09-03,96.86000061035156,58.38683319091797
2009-09-04,95.20999908447266,57.392181396484375
2009-09-08,94.54000091552734,56.98834228515625
2009-09-09,94.43000030517578,56.922061920166016
2009-09-10,96.16999816894531,57.97087478637695
2009-09-11,96.69999694824219,58.29035949707031
2009-09-14,95.73999786376953,57.71168899536133
2009-09-15,95.25,57.41631317138672
2009-09-16,95.41999816894531,57.51881790161133
2009-09-17,96.62000274658203,58.242183685302734
2009-09-18,95.76000213623047,57.723731994628906
2009-09-21,95.9800033569336,57.85639572143555
2009-09-22,96.18000030517578,57.976924896240234
2009-09-23,96.47000122070312,58.1517448425293
2009-09-24,96.75,58.320533752441406
2009-09-25,97.9800033569336,59.06195068359375
2009-09-28,98.83999633789062,59.58035659790039
2009-09-29,98.75,59.52611541748047
2009-09-30,98.66000366210938,59.47183609008789
2009-10-01,99.69999694824219,60.28636169433594
2009-10-02,99.01000213623047,59.86914825439453
2009-10-05,99.0199966430664,59.875205993652344
2009-10-06,98.04000091552734,59.282554626464844
2009-10-07,99.19000244140625,59.97799301147461
2009-10-08,98.1500015258789,59.34912109375
2009-10-09,95.9000015258789,57.988609313964844
2009-10-12,96.05000305175781,58.079261779785156
2009-10-13,96.55000305175781,58.38166427612305
2009-10-14,95.12000274658203,57.51694869995117
2009-10-15,94.68000030517578,57.25088882446289
2009-10-16,95.44999694824219,57.71644592285156
2009-10-19,96.19999694824219,58.16999053955078
2009-10-20,96.72000122070312,58.48443603515625
2009-10-21,96.13999938964844,58.13367462158203
2009-10-22,95.66999816894531,57.84947967529297
2009-10-23,94.94999694824219,57.414146423339844
2009-10-26,93.72000122070312,56.67036056518555
2009-10-27,95.0,57.44438552856445
2009-10-28,95.44999694824219,57.71644592285156
2009-10-29,94.41000366210938,57.087589263916016
2009-10-30,95.77999877929688,57.91605758666992
2009-11-02,95.05000305175781,57.660003662109375
2009-11-03,94.0999984741211,57.08369064331055
2009-11-04,93.23999786376953,56.56200408935547
2009-11-05,93.23999786376953,56.56200408935547
2009-11-06,93.33000183105469,56.61662673950195
2009-11-09,93.44000244140625,56.68337631225586
2009-11-10,93.2699966430664,56.580238342285156
2009-11-11,93.66000366210938,56.81684875488281
2009-11-12,93.48999786376953,56.71367645263672
2009-11-13,93.91999816894531,56.97456359863281
2009-11-16,95.0199966430664,57.64180374145508
2009-11-17,95.52999877929688,57.951271057128906
2009-11-18,94.97000122070312,57.61149597167969
2009-11-19,95.13999938964844,57.7146110534668
2009-11-20,95.12000274658203,57.70244598388672
2009-11-23,95.0,57.62967300415039
2009-11-24,95.5999984741211,57.993682861328125
2009-11-25,96.04000091552734,58.260597229003906
2009-11-27,96.4000015258789,58.47895431518555
2009-11-30,96.62999725341797,58.61851119995117
2009-12-01,95.25,57.965518951416016
2009-12-02,95.33000183105469,58.01424026489258
2009-12-03,94.33999633789062,57.411678314208984
2009-12-04,93.33999633789062,56.803157806396484
2009-12-07,93.45999908447266,56.876243591308594
2009-12-08,93.5999984741211,56.96139907836914
2009-12-09,93.16999816894531,56.69969940185547
2009-12-10,92.0999984741211,56.04853820800781
2009-12-11,92.08999633789062,56.042442321777344
2009-12-14,92.19999694824219,56.109413146972656
2009-12-15,91.79000091552734,55.85992431640625
2009-12-16,91.68000030517578,55.79296112060547
2009-12-17,93.19000244140625,56.71187973022461
2009-12-18,92.79000091552734,56.468448638916016
2009-12-21,91.13999938964844,55.464332580566406
2009-12-22,90.62999725341797,55.153926849365234
2009-12-23,90.6500015258789,55.16611862182617
2009-12-24,89.70999908447266,54.59405517578125
2009-12-28,89.45999908447266,54.44194412231445
2009-12-29,89.7300033569336,54.801025390625
2009-12-30,90.31999969482422,55.161415100097656
2009-12-31,89.88999938964844,54.898746490478516
2010-01-04,89.80999755859375,54.849918365478516
2010-01-05,90.38999938964844,55.204139709472656
2010-01-06,89.18000030517578,54.465118408203125
2010-01-07,89.33000183105469,54.55678176879883
2010-01-08,89.29000091552734,54.53230285644531
2010-01-11,88.80000305175781,54.23305130004883
2010-01-12,90.31999969482422,55.161415100097656
2010-01-13,89.2699966430664,54.520111083984375
2010-01-14,90.5199966430664,55.2834587097168
2010-01-15,91.08000183105469,55.62553405761719
2010-01-19,90.81999969482422,55.46672058105469
2010-01-20,91.73999786376953,56.02861022949219
2010-01-21,92.16000366210938,56.28514099121094
2010-01-22,92.0,56.187469482421875
2010-01-25,91.58000183105469,55.93091583251953
2010-01-26,91.61000061035156,55.949222564697266
2010-01-27,91.55999755859375,55.91868591308594
2010-01-28,91.51000213623047,55.88821029663086
2010-01-29,92.30999755859375,56.37672424316406
2010-02-01,91.1500015258789,55.8649787902832
2010-02-02,91.41000366210938,56.02434158325195
2010-02-03,90.3499984741211,55.3746452331543
2010-02-04,91.77999877929688,56.251102447509766
2010-02-05,91.9800033569336,56.37368392944336
2010-02-08,92.0999984741211,56.4472541809082
2010-02-09,91.18000030517578,55.88337326049805
2010-02-10,90.30999755859375,55.350189208984375
2010-02-11,89.81999969482422,55.04984664916992
2010-02-12,90.19000244140625,55.276607513427734
2010-02-16,90.36000061035156,55.38080978393555
2010-02-17,89.33000183105469,54.74951934814453
2010-02-18,88.97000122070312,54.52888107299805
2010-02-19,89.44999694824219,54.82307052612305
2010-02-22,89.08000183105469,54.596256256103516
2010-02-23,90.47000122070312,55.448211669921875
2010-02-24,90.69000244140625,55.583065032958984
2010-02-25,91.19999694824219,55.8956298828125
2010-02-26,91.66999816894531,56.18367385864258
2010-03-01,91.33999633789062,56.15906524658203
2010-03-02,91.22000122070312,56.085304260253906
2010-03-03,90.98999786376953,55.94391632080078
2010-03-04,91.47000122070312,56.239017486572266
2010-03-05,90.2699966430664,55.50118637084961
2010-03-08,89.80000305175781,55.21222686767578
2010-03-09,89.81999969482422,55.22454833984375
2010-03-10,89.58999633789062,55.083133697509766
2010-03-11,89.91999816894531,55.28602981567383
2010-03-12,90.4800033569336,55.63035583496094
2010-03-15,90.36000061035156,55.55656051635742
2010-03-16,91.08000183105469,55.99919891357422
2010-03-17,91.47000122070312,56.239017486572266
2010-03-18,91.16999816894531,56.054569244384766
2010-03-19,91.26000213623047,56.10989761352539
2010-03-22,91.36000061035156,56.171356201171875
2010-03-23,90.93000030517578,55.907012939453125
2010-03-24,89.2699966430664,54.886375427246094
2010-03-25,88.69999694824219,54.53589630126953
2010-03-26,88.94999694824219,54.68965530395508
2010-03-29,88.61000061035156,54.48057174682617
2010-03-30,88.88999938964844,54.6527099609375
2010-03-31,89.5,55.02775955200195
2010-04-01,88.94999694824219,54.893287658691406
2010-04-05,87.47000122070312,53.979862213134766
2010-04-06,87.61000061035156,54.066341400146484
2010-04-07,88.7300033569336,54.75749206542969
2010-04-08,88.7699966430664,54.782161712646484
2010-04-09,88.9800033569336,54.91175842285156
2010-04-12,89.44999694824219,55.20182800292969
2010-04-13,89.73999786376953,55.380794525146484
2010-04-14,89.11000061035156,54.992000579833984
2010-04-15,89.20999908447266,55.053707122802734
2010-04-16,89.86000061035156,55.454811096191406
2010-04-19,89.63999938964844,55.31901550292969
2010-04-20,89.95999908447266,55.51655960083008
2010-04-21,90.69999694824219,55.973209381103516
2010-04-22,90.43000030517578,55.80662155151367
2010-04-23,90.11000061035156,55.60908889770508
2010-04-26,90.20999908447266,55.67082977294922
2010-04-27,91.4800033569336,56.45458984375
2010-04-28,90.69999694824219,55.973209381103516
2010-04-29,91.08000183105469,56.20772171020508
2010-04-30,92.12999725341797,56.855735778808594
2010-05-03,91.69000244140625,56.781394958496094
2010-05-04,93.33999633789062,57.803253173828125
2010-05-05,93.88999938964844,58.1437873840332
2010-05-06,96.79000091552734,59.939701080322266
2010-05-07,95.58000183105469,59.190364837646484
2010-05-10,93.5999984741211,57.96419143676758
2010-05-11,93.36000061035156,57.81562042236328
2010-05-12,92.6500015258789,57.37592315673828
2010-05-13,93.26000213623047,57.753665924072266
2010-05-14,94.87999725341797,58.756893157958984
2010-05-17,94.52999877929688,58.54014205932617
2010-05-18,95.9800033569336,59.43809127807617
2010-05-19,96.30000305175781,59.636253356933594
2010-05-20,98.33000183105469,60.89334487915039
2010-05-21,98.43000030517578,60.95532989501953
2010-05-24,98.08999633789062,60.74481201171875
2010-05-25,98.56999969482422,61.04195785522461
2010-05-26,98.29000091552734,60.86859893798828
2010-05-27,96.05999755859375,59.48759460449219
2010-05-28,96.5,59.76011657714844
2010-06-01,96.8499984741211,60.18014907836914
2010-06-02,95.93000030517578,59.608497619628906
2010-06-03,95.2300033569336,59.173526763916016
2010-06-04,97.79000091552734,60.76423645019531
2010-06-07,98.54000091552734,61.23025894165039
2010-06-08,98.05000305175781,60.92582702636719
2010-06-09,97.94000244140625,60.857452392578125
2010-06-10,96.19000244140625,59.77009201049805
2010-06-11,97.41000366210938,60.528133392333984
2010-06-14,96.91000366210938,60.21742248535156
2010-06-15,96.51000213623047,59.96886444091797
2010-06-16,97.05999755859375,60.310604095458984
2010-06-17,97.8499984741211,60.8015251159668
2010-06-18,97.69000244140625,60.702152252197266
2010-06-21,97.41000366210938,60.528133392333984
2010-06-22,98.56999969482422,61.248905181884766
2010-06-23,99.23999786376953,61.66522216796875
2010-06-24,98.6500015258789,61.29862976074219
2010-06-25,99.05000305175781,61.54715347290039
2010-06-28,99.9800033569336,62.12504196166992
2010-06-29,101.06999969482422,62.802337646484375
2010-06-30,101.75,63.22490310668945
2010-07-01,101.5999984741211,63.32462692260742
2010-07-02,100.79000091552734,62.81977462768555
2010-07-06,101.62000274658203,63.33707809448242
2010-07-07,100.43000030517578,62.595401763916016
2010-07-08,99.79000091552734,62.19649887084961
2010-07-09,99.22000122070312,61.84126281738281
2010-07-12,99.18000030517578,61.81631851196289
2010-07-13,98.33000183105469,61.28652572631836
2010-07-14,99.31999969482422,61.90354919433594
2010-07-15,100.30999755859375,62.52056884765625
2010-07-16,100.80000305175781,62.82603073120117
2010-07-19,100.18000030517578,62.439579010009766
2010-07-20,100.33000183105469,62.5330924987793
2010-07-21,102.02999877929688,63.592647552490234
2010-07-22,100.8499984741211,62.85715103149414
2010-07-23,99.77999877929688,62.19025802612305
2010-07-26,99.61000061035156,62.08430099487305
2010-07-27,98.6500015258789,61.485965728759766
2010-07-28,98.97000122070312,61.68541717529297
2010-07-29,98.94000244140625,61.66673278808594
2010-07-30,100.4800033569336,62.62656784057617
2010-08-02,98.75,61.74739074707031
2010-08-03,99.31999969482422,62.1038818359375
2010-08-04,98.55999755859375,61.62860107421875
2010-08-05,99.0199966430664,61.91625213623047
2010-08-06,100.0999984741211,62.591514587402344
2010-08-09,99.7300033569336,62.36021423339844
2010-08-10,99.94000244140625,62.49144744873047
2010-08-11,101.27999877929688,63.32940673828125
2010-08-12,101.02999877929688,63.17306137084961
2010-08-13,102.29000091552734,63.96088409423828
2010-08-16,104.8499984741211,65.56163024902344
2010-08-17,104.25,65.18649291992188
2010-08-18,104.52999877929688,65.36158752441406
2010-08-19,106.16000366210938,66.38080596923828
2010-08-20,106.04000091552734,66.30573272705078
2010-08-23,106.05999755859375,66.31828308105469
2010-08-24,107.76000213623047,67.38125610351562
2010-08-25,107.41000366210938,67.16239166259766
2010-08-26,108.41999816894531,67.79398345947266
2010-08-27,105.3499984741211,65.87432861328125
2010-08-30,107.37000274658203,67.13743591308594
2010-08-31,108.55999755859375,67.88150787353516
2010-09-01,106.0,66.47797393798828
2010-09-02,104.87999725341797,65.77552795410156
2010-09-03,103.58000183105469,64.9602279663086
2010-09-07,105.69999694824219,66.28981018066406
2010-09-08,104.86000061035156,65.7629623413086
2010-09-09,102.79000091552734,64.46475982666016
2010-09-10,102.31999969482422,64.17000579833984
2010-09-13,102.81999969482422,64.48361206054688
2010-09-14,103.80999755859375,65.10445404052734
2010-09-15,102.2699966430664,64.13866424560547
2010-09-16,101.26000213623047,63.505218505859375
2010-09-17,101.66999816894531,63.76240921020508
2010-09-20,102.26000213623047,64.13238525390625
2010-09-21,103.68000030517578,65.02294158935547
2010-09-22,104.61000061035156,65.60618591308594
2010-09-23,104.91000366210938,65.79434204101562
2010-09-24,103.5,64.91007995605469
2010-09-27,105.30000305175781,66.03893280029297
2010-09-28,106.0199966430664,66.490478515625
2010-09-29,105.58000183105469,66.21450805664062
2010-09-30,105.51000213623047,66.17064666748047
2010-10-01,104.61000061035156,65.85086822509766
2010-10-04,104.87999725341797,66.02082824707031
2010-10-05,104.25,65.6242446899414
2010-10-06,105.55999755859375,66.44889068603516
2010-10-07,104.68000030517578,65.89493560791016
2010-10-08,104.22000122070312,65.60533905029297
2010-10-11,104.23999786376953,65.617919921875
2010-10-12,103.20999908447266,64.9695816040039
2010-10-13,103.05000305175781,64.86888122558594
2010-10-14,101.51000213623047,63.89939880371094
2010-10-15,100.2699966430664,63.11885070800781
2010-10-18,101.08000183105469,63.628787994384766
2010-10-19,101.69000244140625,64.01276397705078
2010-10-20,101.91000366210938,64.15117645263672
2010-10-21,100.69999694824219,63.389530181884766
2010-10-22,101.37999725341797,63.81757736206055
2010-10-25,101.66999816894531,64.00013732910156
2010-10-26,100.0999984741211,63.0118408203125
2010-10-27,99.22000122070312,62.457969665527344
2010-10-28,99.48999786376953,62.62790298461914
2010-10-29,100.41999816894531,63.21331787109375
2010-11-01,99.66999816894531,62.94114685058594
2010-11-02,100.9800033569336,63.768348693847656
2010-11-03,98.91999816894531,62.46749496459961
2010-11-04,99.69000244140625,62.953739166259766
2010-11-05,97.9800033569336,61.87385940551758
2010-11-08,98.41999816894531,62.1517219543457
2010-11-09,96.25,60.78139114379883
2010-11-10,96.37999725341797,60.863487243652344
2010-11-11,96.33000183105469,60.83193588256836
2010-11-12,95.80999755859375,60.5035285949707
2010-11-15,93.80999755859375,59.240562438964844
2010-11-16,96.13999938964844,60.71192932128906
2010-11-17,95.61000061035156,60.377227783203125
2010-11-18,96.0,60.623565673828125
2010-11-19,96.58999633789062,60.99608612060547
2010-11-22,97.0,61.25505447387695
2010-11-23,97.4800033569336,61.55813980102539
2010-11-24,95.73999786376953,60.45936965942383
2010-11-26,97.06999969482422,61.29922866821289
2010-11-29,97.9000015258789,61.823387145996094
2010-11-30,98.41000366210938,62.14543533325195
2010-12-01,95.88999938964844,60.76401138305664
2010-12-02,95.63999938964844,60.605552673339844
2010-12-03,94.88999938964844,60.130332946777344
2010-12-06,96.2300033569336,60.97945785522461
2010-12-07,94.16999816894531,59.67411804199219
2010-12-08,93.26000213623047,59.097408294677734
2010-12-09,93.72000122070312,59.38893127441406
2010-12-10,93.1500015258789,59.027713775634766
2010-12-13,93.5,59.24949264526367
2010-12-14,92.13999938964844,58.387664794921875
2010-12-15,90.94000244140625,57.62726593017578
2010-12-16,91.56999969482422,58.0264778137207
2010-12-17,93.23999786376953,59.08470153808594
2010-12-20,93.13999938964844,59.0213737487793
2010-12-21,93.79000091552734,59.433311462402344
2010-12-22,93.12000274658203,59.00872039794922
2010-12-23,92.93000030517578,58.88829803466797
2010-12-27,93.76000213623047,59.41425323486328
2010-12-28,91.61000061035156,58.25065231323242
2010-12-29,93.16000366210938,59.236209869384766
2010-12-30,93.08999633789062,59.19166564941406
2010-12-31,94.12000274658203,59.84660339355469
2011-01-03,93.41000366210938,59.39517593383789
2011-01-04,93.5199966430664,59.465118408203125
2011-01-05,91.45999908447266,58.155269622802734
2011-01-06,91.86000061035156,58.409610748291016
2011-01-07,92.3499984741211,58.72121047973633
2011-01-10,92.8499984741211,59.03908920288086
2011-01-11,92.33000183105469,58.70847702026367
2011-01-12,91.61000061035156,58.25065231323242
2011-01-13,92.43000030517578,58.772064208984375
2011-01-14,91.83999633789062,58.39687728881836
2011-01-18,91.41000366210938,58.12344741821289
2011-01-19,92.06999969482422,58.543155670166016
2011-01-20,90.80000305175781,57.73560333251953
2011-01-21,91.5199966430664,58.19341278076172
2011-01-24,91.55999755859375,58.21882247924805
2011-01-25,92.43000030517578,58.772064208984375
2011-01-26,91.02999877929688,57.88185119628906
2011-01-27,91.44000244140625,58.14253234863281
2011-01-28,91.91999816894531,58.44776153564453
2011-01-31,91.22000122070312,58.002689361572266
2011-02-01,90.44999694824219,57.715518951416016
2011-02-02,90.47000122070312,57.72825622558594
2011-02-03,89.72000122070312,57.249671936035156
2011-02-04,88.80999755859375,56.669010162353516
2011-02-07,89.2699966430664,56.96257019042969
2011-02-08,88.44999694824219,56.43933868408203
2011-02-09,89.22000122070312,56.930641174316406
2011-02-10,88.19000244140625,56.2734489440918
2011-02-11,89.45999908447266,57.08380126953125
2011-02-14,89.5199966430664,57.1220588684082
2011-02-15,89.91999816894531,57.377349853515625
2011-02-16,89.62999725341797,57.192291259765625
2011-02-17,89.7699966430664,57.28163528442383
2011-02-18,89.48999786376953,57.10294723510742
2011-02-22,90.83000183105469,57.95800018310547
2011-02-23,91.16000366210938,58.168521881103516
2011-02-24,91.73999786376953,58.53865432739258
2011-02-25,92.27999877929688,58.88321304321289
2011-02-28,92.4000015258789,58.95981979370117
2011-03-01,92.37000274658203,59.1307258605957
2011-03-02,90.94999694824219,58.221710205078125
2011-03-03,90.05999755859375,57.65192794799805
2011-03-04,90.80999755859375,58.13207244873047
2011-03-07,90.2300033569336,57.76078414916992
2011-03-08,89.68000030517578,57.408695220947266
2011-03-09,90.55000305175781,57.96563720703125
2011-03-10,92.06999969482422,58.93867492675781
2011-03-11,91.55000305175781,58.60578918457031
2011-03-14,91.51000213623047,58.58018112182617
2011-03-15,92.87999725341797,59.45720291137695
2011-03-16,93.93000030517578,60.12931823730469
2011-03-17,93.20999908447266,59.66843032836914
2011-03-18,93.45999908447266,59.8285026550293
2011-03-21,92.91000366210938,59.47639846801758
2011-03-22,93.22000122070312,59.674861907958984
2011-03-23,93.0999984741211,59.598045349121094
2011-03-24,92.4000015258789,59.14994812011719
2011-03-25,92.16999816894531,59.00267791748047
2011-03-28,92.30000305175781,59.08595275878906
2011-03-29,91.58999633789062,58.63140106201172
2011-03-30,92.31999969482422,59.09871292114258
2011-03-31,92.12999725341797,58.977081298828125
2011-04-01,92.19000244140625,59.2637939453125
2011-04-04,92.29000091552734,59.32807159423828
2011-04-05,91.91999816894531,59.090248107910156
2011-04-06,90.54000091552734,58.203128814697266
2011-04-07,90.36000061035156,58.08737564086914
2011-04-08,89.87999725341797,57.77879333496094
2011-04-11,89.95999908447266,57.83024215698242
2011-04-12,90.93000030517578,58.45381164550781
2011-04-13,91.5,58.820213317871094
2011-04-14,91.43000030517578,58.77524185180664
2011-04-15,92.66999816894531,59.572330474853516
2011-04-18,92.87999725341797,59.707366943359375
2011-04-19,93.27999877929688,59.9644889831543
2011-04-20,92.68000030517578,59.578792572021484
2011-04-21,92.5999984741211,59.527347564697266
2011-04-25,92.94999694824219,59.752357482910156
2011-04-26,93.8499984741211,60.330894470214844
2011-04-27,92.88999938964844,59.71380615234375
2011-04-28,93.5999984741211,60.170204162597656
2011-04-29,93.88999938964844,60.356658935546875
2011-05-02,93.63999938964844,60.45344543457031
2011-05-03,94.16999816894531,60.79566955566406
2011-05-04,94.58999633789062,61.066768646240234
2011-05-05,95.48999786376953,61.647823333740234
2011-05-06,95.06999969482422,61.3765983581543
2011-05-09,94.97000122070312,61.312095642089844
2011-05-10,94.29000091552734,60.873085021972656
2011-05-11,94.83000183105469,61.221736907958984
2011-05-12,94.2300033569336,60.834373474121094
2011-05-13,95.08000183105469,61.38312911987305
2011-05-16,95.61000061035156,61.72528076171875
2011-05-17,96.58999633789062,62.35792541503906
2011-05-18,95.30999755859375,61.531612396240234
2011-05-19,95.2699966430664,61.505767822265625
2011-05-20,95.31999969482422,61.53805923461914
2011-05-23,95.77999877929688,61.835052490234375
2011-05-24,96.13999938964844,62.067413330078125
2011-05-25,95.69000244140625,61.77693557739258
2011-05-26,96.51000213623047,62.30634689331055
2011-05-27,96.47000122070312,62.28046798706055
2011-05-31,96.69000244140625,62.422542572021484
2011-06-01,97.63999938964844,63.26613235473633
2011-06-02,95.77999877929688,62.06100082397461
2011-06-03,96.33000183105469,62.41735076904297
2011-06-06,95.5999984741211,61.944366455078125
2011-06-07,96.04000091552734,62.22941970825195
2011-06-08,96.79000091552734,62.71538162231445
2011-06-09,96.4000015258789,62.46269226074219
2011-06-10,97.13999938964844,62.94221878051758
2011-06-13,96.6500015258789,62.62466812133789
2011-06-14,95.19000244140625,61.67869186401367
2011-06-15,96.91999816894531,62.79964065551758
2011-06-16,97.36000061035156,63.084716796875
2011-06-17,96.9000015258789,62.786678314208984
2011-06-20,97.0199966430664,62.86442947387695
2011-06-21,96.58999633789062,62.585792541503906
2011-06-22,96.6500015258789,62.62466812133789
2011-06-23,97.38999938964844,63.10409927368164
2011-06-24,96.9800033569336,62.83845901489258
2011-06-27,95.6500015258789,61.97672653198242
2011-06-28,94.87999725341797,61.477783203125
2011-06-29,94.25,61.06956481933594
2011-06-30,94.0999984741211,60.97240447998047
2011-07-01,93.62999725341797,60.87486267089844
2011-07-05,93.83999633789062,61.01140594482422
2011-07-06,94.31999969482422,61.32347106933594
2011-07-07,94.04000091552734,61.14142990112305
2011-07-08,95.37000274658203,62.00612258911133
2011-07-11,96.80000305175781,62.93587112426758
2011-07-12,97.12999725341797,63.15039825439453
2011-07-13,97.4000015258789,63.32597732543945
2011-07-14,96.01000213623047,62.42232131958008
2011-07-15,96.16999816894531,62.526283264160156
2011-07-18,95.23999786376953,61.92162322998047
2011-07-19,97.22000122070312,63.2089729309082
2011-07-20,96.06999969482422,62.46125411987305
2011-07-21,95.33000183105469,61.98015213012695
2011-07-22,96.05000305175781,62.44828796386719
2011-07-25,95.0,61.7656135559082
2011-07-26,95.6500015258789,62.18824005126953
2011-07-27,95.66000366210938,62.1947021484375
2011-07-28,96.0199966430664,62.42875671386719
2011-07-29,97.91999816894531,63.66403579711914
2011-08-01,98.58000183105469,64.3066635131836
2011-08-02,101.54000091552734,66.23747253417969
2011-08-03,101.73999786376953,66.36798095703125
2011-08-04,105.36000061035156,68.72940826416016
2011-08-05,102.31999969482422,66.74635314941406
2011-08-08,105.55000305175781,68.85340881347656
2011-08-09,105.87000274658203,69.0621337890625
2011-08-10,109.0199966430664,71.11695098876953
2011-08-11,103.5199966430664,67.52918243408203
2011-08-12,105.56999969482422,68.86640930175781
2011-08-15,104.5,68.16841888427734
2011-08-16,106.2300033569336,69.29695129394531
2011-08-17,108.08999633789062,70.5102310180664
2011-08-18,110.30999755859375,71.95842742919922
2011-08-19,111.19999694824219,72.53904724121094
2011-08-22,110.91999816894531,72.35633850097656
2011-08-23,109.38999938964844,71.35832214355469
2011-08-24,106.27999877929688,69.32955932617188
2011-08-25,107.43000030517578,70.07972717285156
2011-08-26,108.48999786376953,70.77120971679688
2011-08-29,106.98999786376953,69.79271697998047
2011-08-30,108.70999908447266,70.91471862792969
2011-08-31,107.02999877929688,69.8188247680664
2011-09-01,108.97000122070312,71.2988510131836
2011-09-02,112.51000213623047,73.61504364013672
2011-09-06,113.68000030517578,74.38056945800781
2011-09-07,111.51000213623047,72.96076965332031
2011-09-08,112.51000213623047,73.61504364013672
2011-09-09,113.70999908447266,74.40019989013672
2011-09-12,113.83000183105469,74.47871398925781
2011-09-13,112.20999908447266,73.41877746582031
2011-09-14,113.16000366210938,74.04037475585938
2011-09-15,111.43000030517578,72.90843200683594
2011-09-16,112.23999786376953,73.43836975097656
2011-09-19,114.37999725341797,74.83855438232422
2011-09-20,114.86000061035156,75.15261840820312
2011-09-21,118.66000366210938,77.63895416259766
2011-09-22,123.12000274658203,80.5571517944336
2011-09-23,120.83000183105469,79.05880737304688
2011-09-26,118.88999938964844,77.78946685791016
2011-09-27,117.06999969482422,76.59862518310547
2011-09-28,117.02999877929688,76.57247161865234
2011-09-29,117.83999633789062,77.1024169921875
2011-09-30,120.80000305175781,79.03916931152344
2011-10-03,123.80999755859375,81.21431732177734
2011-10-04,122.23999786376953,80.18451690673828
2011-10-05,121.36000061035156,79.60720825195312
2011-10-06,119.12000274658203,78.13787078857422
2011-10-07,118.23999786376953,77.56062316894531
2011-10-10,116.56999969482422,76.46509552001953
2011-10-11,116.18000030517578,76.20935821533203
2011-10-12,114.48999786376953,75.10077667236328
2011-10-13,115.62999725341797,75.84857177734375
2011-10-14,113.94999694824219,74.74658203125
2011-10-17,115.91999816894531,76.03881072998047
2011-10-18,115.19999694824219,75.5665054321289
2011-10-19,115.16000366210938,75.54024505615234
2011-10-20,114.33999633789062,75.00240325927734
2011-10-21,113.12999725341797,74.20869445800781
2011-10-24,113.31999969482422,74.33326721191406
2011-10-25,116.19999694824219,76.22245025634766
2011-10-26,114.16999816894531,74.890869140625
2011-10-27,110.30000305175781,72.35233306884766
2011-10-28,111.45999908447266,73.11328125
2011-10-31,115.87999725341797,76.01255798339844
2011-11-01,119.44999694824219,78.55704498291016
2011-11-02,117.95999908447266,77.57715606689453
2011-11-03,116.33999633789062,76.51174926757812
2011-11-04,116.4800033569336,76.60382080078125
2011-11-07,117.22000122070312,77.09050750732422
2011-11-08,115.72000122070312,76.10404205322266
2011-11-09,118.12000274658203,77.68236541748047
2011-11-10,116.36000061035156,76.52489471435547
2011-11-11,115.6500015258789,76.05792999267578
2011-11-14,117.51000213623047,77.28119659423828
2011-11-15,117.3499984741211,77.17595672607422
2011-11-16,118.41999816894531,77.87962341308594
2011-11-17,119.37000274658203,78.50444793701172
2011-11-18,119.33999633789062,78.48468017578125
2011-11-21,120.05000305175781,78.9516372680664
2011-11-22,121.38999938964844,79.83292388916016
2011-11-23,122.58000183105469,80.61547088623047
2011-11-25,120.80000305175781,79.44490051269531
2011-11-28,120.73999786376953,79.40545654296875
2011-11-29,119.75,78.75434875488281
2011-11-30,117.87999725341797,77.52450561523438
2011-12-01,117.0,77.13558959960938
2011-12-02,118.63999938964844,78.21678924560547
2011-12-05,118.4000015258789,78.05856323242188
2011-12-06,117.2699966430664,77.31355285644531
2011-12-07,117.69000244140625,77.59048461914062
2011-12-08,119.16000366210938,78.55961608886719
2011-12-09,116.70999908447266,76.94435119628906
2011-12-12,118.01000213623047,77.80143737792969
2011-12-13,119.11000061035156,78.52664947509766
2011-12-14,121.36000061035156,80.010009765625
2011-12-15,120.91000366210938,79.71331024169922
2011-12-16,122.31999969482422,80.64292907714844
2011-12-19,123.87000274658203,81.6648178100586
2011-12-20,120.77999877929688,79.62763977050781
2011-12-21,119.0999984741211,78.52002716064453
2011-12-22,119.5999984741211,78.84966278076172
2011-12-23,118.2699966430664,77.9728012084961
2011-12-27,118.44999694824219,78.34324645996094
2011-12-28,120.63999938964844,79.79167175292969
2011-12-29,120.86000061035156,79.93721771240234
2011-12-30,121.25,80.19514465332031
2012-01-03,119.43000030517578,78.99141693115234
2012-01-04,118.01000213623047,78.05220031738281
2012-01-05,117.80000305175781,77.9133071899414
2012-01-06,118.7300033569336,78.52843475341797
2012-01-09,118.5199966430664,78.38951110839844
2012-01-10,118.31999969482422,78.25726318359375
2012-01-11,119.86000061035156,79.27580261230469
2012-01-12,119.69000244140625,79.16336059570312
2012-01-13,120.87999725341797,79.950439453125
2012-01-17,121.44000244140625,80.32083892822266
2012-01-18,119.97000122070312,79.34860229492188
2012-01-19,118.31999969482422,78.25726318359375
2012-01-20,116.9800033569336,77.37095642089844
2012-01-23,116.23999786376953,76.88157653808594
2012-01-24,116.44999694824219,77.0203857421875
2012-01-25,116.16999816894531,76.83524322509766
2012-01-26,117.70999908447266,77.85379028320312
2012-01-27,118.08000183105469,78.0985107421875
2012-01-30,119.47000122070312,79.01786041259766
2012-01-31,120.8499984741211,79.93057250976562
2012-02-01,119.18000030517578,79.01508331298828
2012-02-02,119.12999725341797,78.98186492919922
2012-02-03,116.56999969482422,77.28462219238281
2012-02-06,117.7300033569336,78.05367279052734
2012-02-07,116.2699966430664,77.08570861816406
2012-02-08,116.36000061035156,77.1453857421875
2012-02-09,115.48999786376953,76.56858825683594
2012-02-10,116.98999786376953,77.56304931640625
2012-02-13,117.13999938964844,77.66246795654297
2012-02-14,117.76000213623047,78.07356262207031
2012-02-15,117.55000305175781,77.93437957763672
2012-02-16,116.61000061035156,77.3111343383789
2012-02-17,116.58000183105469,77.29119110107422
2012-02-21,115.29000091552734,76.43597412109375
2012-02-22,116.73999786376953,77.39735412597656
2012-02-23,116.73999786376953,77.39735412597656
2012-02-24,117.5,77.90121459960938
2012-02-27,118.54000091552734,78.59070587158203
2012-02-28,118.1500015258789,78.3321304321289
2012-02-29,117.43000030517578,77.85478210449219
2012-03-01,116.05999755859375,77.12187194824219
2012-03-02,117.1500015258789,77.84613800048828
2012-03-05,116.22000122070312,77.22813415527344
2012-03-06,117.62999725341797,78.16504669189453
2012-03-07,116.91000366210938,77.68668365478516
2012-03-08,115.73999786376953,76.90916442871094
2012-03-09,115.97000122070312,77.06202697753906
2012-03-12,115.94999694824219,77.04869079589844
2012-03-13,113.91000366210938,75.69316101074219
2012-03-14,111.04000091552734,73.7860107421875
2012-03-15,111.20999908447266,73.89901733398438
2012-03-16,111.43000030517578,74.04521179199219
2012-03-19,110.0999984741211,73.16141510009766
2012-03-20,110.54000091552734,73.45376586914062
2012-03-21,111.79000091552734,74.28441619873047
2012-03-22,112.1500015258789,74.52369689941406
2012-03-23,113.20999908447266,75.2280044555664
2012-03-26,112.62999725341797,74.84257507324219
2012-03-27,113.44000244140625,75.38084411621094
2012-03-28,113.27999877929688,75.27459716796875
2012-03-29,114.12999725341797,75.83936309814453
2012-03-30,112.19999694824219,74.55687713623047
2012-04-02,112.52999877929688,74.96992492675781
2012-04-03,110.58000183105469,73.67079162597656
2012-04-04,112.0999984741211,74.68343353271484
2012-04-05,112.91000366210938,75.22307586669922
2012-04-09,115.55000305175781,76.98193359375
2012-04-10,116.86000061035156,77.85467529296875
2012-04-11,115.45999908447266,76.92192840576172
2012-04-12,114.9800033569336,76.60220336914062
2012-04-13,116.83999633789062,77.84132385253906
2012-04-16,116.66999816894531,77.72810363769531
2012-04-17,116.5999984741211,77.68146514892578
2012-04-18,116.94000244140625,77.90795135498047
2012-04-19,117.05000305175781,77.9812240600586
2012-04-20,117.06999969482422,77.99456787109375
2012-04-23,117.91999816894531,78.56085968017578
2012-04-24,117.08999633789062,78.00788879394531
2012-04-25,116.48999786376953,77.60812377929688
2012-04-26,117.19000244140625,78.07455444335938
2012-04-27,117.29000091552734,78.14110565185547
2012-04-30,117.31999969482422,78.1611099243164
2012-05-01,116.43000030517578,77.75575256347656
2012-05-02,117.25,78.30341339111328
2012-05-03,117.22000122070312,78.28330993652344
2012-05-04,118.13999938964844,78.89775848388672
2012-05-07,118.16000366210938,78.91116333007812
2012-05-08,118.79000091552734,79.33185577392578
2012-05-09,118.87000274658203,79.38523864746094
2012-05-10,118.5199966430664,79.15149688720703
2012-05-11,119.5,79.8060073852539
2012-05-14,121.16999816894531,80.92125701904297
2012-05-15,121.66000366210938,81.24854278564453
2012-05-16,122.01000213623047,81.48229217529297
2012-05-17,124.16999816894531,82.92475128173828
2012-05-18,124.19999694824219,82.94482421875
2012-05-21,123.94000244140625,82.77111053466797
2012-05-22,122.55999755859375,81.84953308105469
2012-05-23,123.41000366210938,82.41724395751953
2012-05-24,122.94000244140625,82.10331726074219
2012-05-25,123.4000015258789,82.41056060791016
2012-05-29,123.0199966430664,82.15677642822266
2012-05-30,126.13999938964844,84.24039459228516
2012-05-31,127.5999984741211,85.21548461914062
2012-06-01,130.36000061035156,87.23844909667969
2012-06-04,129.3300018310547,86.5491943359375
2012-06-05,127.5999984741211,85.39144134521484
2012-06-06,125.05000305175781,83.68492889404297
2012-06-07,125.23999786376953,83.8121337890625
2012-06-08,125.20999908447266,83.7919921875
2012-06-11,125.77999877929688,84.17350769042969
2012-06-12,124.62999725341797,83.40389251708984
2012-06-13,125.86000061035156,84.22700500488281
2012-06-14,125.69999694824219,84.11994934082031
2012-06-15,126.4000015258789,84.58837127685547
2012-06-18,127.08000183105469,85.04347229003906
2012-06-19,125.41999816894531,83.93257141113281
2012-06-20,126.04000091552734,84.34749603271484
2012-06-21,126.70999908447266,84.79586791992188
2012-06-22,125.0199966430664,83.66487121582031
2012-06-25,126.83999633789062,84.88289642333984
2012-06-26,126.33999633789062,84.54830932617188
2012-06-27,126.54000091552734,84.68208312988281
2012-06-28,126.8499984741211,84.88951873779297
2012-06-29,125.19999694824219,83.78536987304688
2012-07-02,126.22000122070312,84.64976501464844
2012-07-03,125.25,83.99925994873047
2012-07-05,125.88999938964844,84.42848205566406
2012-07-06,127.05999755859375,85.21316528320312
2012-07-09,128.17999267578125,85.96431732177734
2012-07-10,128.44000244140625,86.1386489868164
2012-07-11,128.60000610351562,86.24593353271484
2012-07-12,129.50999450683594,86.85624694824219
2012-07-13,129.1699981689453,86.62828826904297
2012-07-16,129.77000427246094,87.03060150146484
2012-07-17,128.75,86.34656524658203
2012-07-18,128.82000732421875,86.39346313476562
2012-07-19,128.49000549316406,86.17214965820312
2012-07-20,130.05999755859375,87.22515106201172
2012-07-23,130.7899932861328,87.71466064453125
2012-07-24,131.82000732421875,88.4054946899414
2012-07-25,132.16000366210938,88.63349151611328
2012-07-26,130.9499969482422,87.82200622558594
2012-07-27,128.47999572753906,86.16547393798828
2012-07-30,129.44000244140625,86.80935668945312
2012-07-31,129.6999969482422,86.98365020751953
2012-08-01,128.77999877929688,86.54886627197266
2012-08-02,129.50999450683594,87.03948211669922
2012-08-03,127.41999816894531,85.63484954833984
2012-08-06,127.47000122070312,85.66841888427734
2012-08-07,125.83000183105469,84.56622314453125
2012-08-08,125.16000366210938,84.1159439086914
2012-08-09,125.06999969482422,84.0555191040039
2012-08-10,125.69999694824219,84.47885131835938
2012-08-13,125.48999786376953,84.33781433105469
2012-08-14,123.79000091552734,83.19519805908203
2012-08-15,122.05000305175781,82.02583312988281
2012-08-16,121.01000213623047,81.32689666748047
2012-08-17,121.5999984741211,81.7234115600586
2012-08-20,121.8499984741211,81.89139556884766
2012-08-21,122.38999938964844,82.25434875488281
2012-08-22,124.41000366210938,83.6119613647461
2012-08-23,124.93000030517578,83.9614028930664
2012-08-24,124.80999755859375,83.8807144165039
2012-08-27,125.54000091552734,84.37137603759766
2012-08-28,125.83999633789062,84.57299041748047
2012-08-29,125.29000091552734,84.20330810546875
2012-08-30,125.94000244140625,84.64015197753906
2012-08-31,127.72000122070312,85.83642578125
2012-09-04,127.31999969482422,85.7502670288086
2012-09-05,126.72000122070312,85.34617614746094
2012-09-06,124.61000061035156,83.9250259399414
2012-09-07,124.02999877929688,83.53443908691406
2012-09-10,124.33000183105469,83.73650360107422
2012-09-11,123.55000305175781,83.2111587524414
2012-09-12,122.01000213623047,82.17394256591797
2012-09-13,121.52999877929688,81.8507080078125
2012-09-14,118.30000305175781,79.67529296875
2012-09-17,119.72000122070312,80.63159942626953
2012-09-18,120.31999969482422,81.03578186035156
2012-09-19,121.11000061035156,81.56781005859375
2012-09-20,121.41000366210938,81.76990509033203
2012-09-21,121.55000305175781,81.8641586303711
2012-09-24,122.5,82.50399017333984
2012-09-25,123.70999908447266,83.31891632080078
2012-09-26,125.04000091552734,84.21467590332031
2012-09-27,124.1500015258789,83.61521911621094
2012-09-28,124.22000122070312,83.66242218017578
2012-10-01,124.41999816894531,83.97285461425781
2012-10-02,124.25,83.85812377929688
2012-10-03,124.29000091552734,83.8851547241211
2012-10-04,122.73999786376953,82.83899688720703
2012-10-05,121.1500015258789,81.76586151123047
2012-10-08,122.16999816894531,82.45431518554688
2012-10-09,121.94999694824219,82.30585479736328
2012-10-10,122.80999755859375,82.8862533569336
2012-10-11,123.66000366210938,83.45995330810547
2012-10-12,123.97000122070312,83.66913604736328
2012-10-15,123.69000244140625,83.48015594482422
2012-10-16,121.9800033569336,82.32611083984375
2012-10-17,120.8499984741211,81.56343841552734
2012-10-18,120.11000061035156,81.0639877319336
2012-10-19,121.73999786376953,82.1640853881836
2012-10-22,120.95999908447266,81.63765716552734
2012-10-23,122.69000244140625,82.80528259277344
2012-10-24,121.4800033569336,81.98860168457031
2012-10-25,120.86000061035156,81.57017517089844
2012-10-26,122.63999938964844,82.77149200439453
2012-10-31,123.36000061035156,83.25743103027344
2012-11-01,122.3499984741211,82.57577514648438
2012-11-02,122.26000213623047,82.51504516601562
2012-11-05,122.94999694824219,82.98078155517578
2012-11-06,121.79000091552734,82.19783782958984
2012-11-07,124.0,83.68937683105469
2012-11-08,125.83999633789062,84.93123626708984
2012-11-09,125.9800033569336,85.02574157714844
2012-11-12,126.19000244140625,85.16748046875
2012-11-13,126.61000061035156,85.4509048461914
2012-11-14,126.7300033569336,85.53187561035156
2012-11-15,126.4800033569336,85.36322021484375
2012-11-16,126.37000274658203,85.28895568847656
2012-11-19,125.66000366210938,84.80973815917969
2012-11-20,124.4000015258789,83.95935821533203
2012-11-21,124.33000183105469,83.91214752197266
2012-11-23,124.20999908447266,83.83116912841797
2012-11-26,124.80000305175781,84.22933197021484
2012-11-27,125.29000091552734,84.56002044677734
2012-11-28,125.11000061035156,84.43853759765625
2012-11-29,125.12999725341797,84.45201110839844
2012-11-30,124.79000091552734,84.22254943847656
2012-12-03,124.66000366210938,84.30036163330078
2012-12-04,125.37999725341797,84.78723907470703
2012-12-05,125.31999969482422,84.74664306640625
2012-12-06,125.58999633789062,84.92925262451172
2012-12-07,124.43000030517578,84.14485168457031
2012-12-10,124.9800033569336,84.51675415039062
2012-12-11,124.02999877929688,83.87430572509766
2012-12-12,122.58999633789062,82.9005355834961
2012-12-13,122.68000030517578,82.96143341064453
2012-12-14,123.5999984741211,83.58352661132812
2012-12-17,121.75,82.33248901367188
2012-12-18,120.51000213623047,81.49397277832031
2012-12-19,120.91000366210938,81.76447296142578
2012-12-20,120.93000030517578,81.77799224853516
2012-12-21,122.25,82.67061614990234
2012-12-24,122.02999877929688,82.5218734741211
2012-12-26,122.19999694824219,82.81866455078125
2012-12-27,122.61000061035156,83.09651947021484
2012-12-28,123.30999755859375,83.57093048095703
2012-12-31,121.18000030517578,82.12738037109375
2013-01-02,119.55999755859375,81.02948760986328
2013-01-03,117.94000244140625,79.93159484863281
2013-01-04,118.4000015258789,80.24330139160156
2013-01-07,118.44999694824219,80.27719116210938
2013-01-08,119.2300033569336,80.80580139160156
2013-01-09,119.12000274658203,80.73121643066406
2013-01-10,118.79000091552734,80.50765228271484
2013-01-11,119.8499984741211,81.22603607177734
2013-01-14,119.5199966430664,81.00235748291016
2013-01-15,120.06999969482422,81.37511444091797
2013-01-16,120.31999969482422,81.54457092285156
2013-01-17,119.12000274658203,80.73121643066406
2013-01-18,120.04000091552734,81.35479736328125
2013-01-22,120.2699966430664,81.51065826416016
2013-01-23,120.08999633789062,81.38866424560547
2013-01-24,119.66999816894531,81.10401916503906
2013-01-25,118.02999877929688,79.99254608154297
2013-01-28,117.5999984741211,79.70111846923828
2013-01-29,116.94999694824219,79.26060485839844
2013-01-30,116.75,79.12504577636719
2013-01-31,117.31999969482422,79.51133728027344
2013-02-01,115.54000091552734,78.47895812988281
2013-02-04,117.0199966430664,79.48419189453125
2013-02-05,115.9800033569336,78.77777099609375
2013-02-06,116.93000030517578,79.4230728149414
2013-02-07,116.66999816894531,79.24642181396484
2013-02-08,117.12000274658203,79.55208587646484
2013-02-11,117.02999877929688,79.49098205566406
2013-02-12,116.73999786376953,79.29395294189453
2013-02-13,115.79000091552734,78.64874267578125
2013-02-14,116.83999633789062,79.36192321777344
2013-02-15,116.5,79.1309814453125
2013-02-19,115.91999816894531,78.7370376586914
2013-02-20,116.2699966430664,78.97476196289062
2013-02-21,116.94999694824219,79.43658447265625
2013-02-22,117.02999877929688,79.49098205566406
2013-02-25,119.33000183105469,81.05322265625
2013-02-26,118.63999938964844,80.58454895019531
2013-02-27,118.29000091552734,80.3468017578125
2013-02-28,118.51000213623047,80.49624633789062
2013-03-01,118.9000015258789,80.93462371826172
2013-03-04,118.2699966430664,80.5057601928711
2013-03-05,117.93000030517578,80.27433776855469
2013-03-06,116.86000061035156,79.54597473144531
2013-03-07,115.95999908447266,78.93336486816406
2013-03-08,114.75,78.10973358154297
2013-03-11,114.86000061035156,78.18460845947266
2013-03-12,115.69000244140625,78.74955749511719
2013-03-13,115.56999969482422,78.66789245605469
2013-03-14,115.22000122070312,78.42967987060547
2013-03-15,115.76000213623047,78.79719543457031
2013-03-18,116.63999938964844,79.39627838134766
2013-03-19,117.43000030517578,79.9339828491211
2013-03-20,116.12000274658203,79.04232025146484
2013-03-21,117.23999786376953,79.8046646118164
2013-03-22,117.33000183105469,79.86592102050781
2013-03-25,117.22000122070312,79.79105377197266
2013-03-26,117.36000061035156,79.88634490966797
2013-03-27,118.36000061035156,80.56703186035156
2013-03-28,117.76000213623047,80.15860748291016
2013-04-01,118.38999938964844,80.76238250732422
2013-04-02,117.91000366210938,80.43489837646484
2013-04-03,118.97000122070312,81.15800476074219
2013-04-04,120.38999938964844,82.12664031982422
2013-04-05,122.81999969482422,83.78435516357422
2013-04-08,121.87999725341797,83.14315032958984
2013-04-09,121.58000183105469,82.9384765625
2013-04-10,119.91000366210938,81.79924774169922
2013-04-11,120.13999938964844,81.9561538696289
2013-04-12,121.93000030517578,83.17723846435547
2013-04-15,122.98999786376953,83.90035247802734
2013-04-16,121.9800033569336,83.21135711669922
2013-04-17,122.79000091552734,83.76390838623047
2013-04-18,123.08999633789062,83.96854400634766
2013-04-19,122.83000183105469,83.79119110107422
2013-04-22,122.91999816894531,83.85257720947266
2013-04-23,122.48999786376953,83.55927276611328
2013-04-24,122.80000305175781,83.77072143554688
2013-04-25,122.2699966430664,83.40916442871094
2013-04-26,123.38999938964844,84.17321014404297
2013-04-29,122.94000244140625,83.86620330810547
2013-04-30,123.01000213623047,83.9139404296875
2013-05-01,124.01000213623047,84.77603149414062
2013-05-02,123.8499984741211,84.66661834716797
2013-05-03,120.93000030517578,82.67042541503906
2013-05-06,120.62999725341797,82.46536254882812
2013-05-07,120.16000366210938,82.14408874511719
2013-05-08,120.3499984741211,82.27397155761719
2013-05-09,120.04000091552734,82.06206512451172
2013-05-10,118.75,81.18013763427734
2013-05-13,117.83999633789062,80.5580825805664
2013-05-14,116.55999755859375,79.68301391601562
2013-05-15,117.33999633789062,80.21624755859375
2013-05-16,118.55999755859375,81.0502700805664
2013-05-17,117.05999755859375,80.02487182617188
2013-05-20,116.91999816894531,79.9291763305664
2013-05-21,117.83999633789062,80.5580825805664
2013-05-22,116.08999633789062,79.36172485351562
2013-05-23,116.63999938964844,79.73774719238281
2013-05-24,116.80000305175781,79.8470687866211
2013-05-28,113.83999633789062,77.82359313964844
2013-05-29,115.12000274658203,78.6986312866211
2013-05-30,114.83999633789062,78.50720977783203
2013-05-31,114.44999694824219,78.24059295654297
2013-06-03,114.77999877929688,78.6551742553711
2013-06-04,113.72000122070312,77.92886352539062
2013-06-05,115.29000091552734,79.00467681884766
2013-06-06,115.22000122070312,78.95671081542969
2013-06-07,113.16000366210938,77.54501342773438
2013-06-10,112.62000274658203,77.17501068115234
2013-06-11,113.95999908447266,78.09326171875
2013-06-12,112.33000183105469,76.9762954711914
2013-06-13,114.08999633789062,78.18231201171875
2013-06-14,113.81999969482422,77.99732208251953
2013-06-17,113.22000122070312,77.58618927001953
2013-06-18,113.27999877929688,77.6273193359375
2013-06-19,112.11000061035156,76.82551574707031
2013-06-20,110.2699966430664,75.5645980834961
2013-06-21,108.4000015258789,74.28323364257812
2013-06-24,108.8499984741211,74.59153747558594
2013-06-25,107.87999725341797,73.9268569946289
2013-06-26,108.58000183105469,74.4065170288086
2013-06-27,109.69000244140625,75.16712951660156
2013-06-28,110.44000244140625,75.68112182617188
2013-07-01,110.41000366210938,75.83358764648438
2013-07-02,110.33999633789062,75.78553771972656
2013-07-03,110.01000213623047,75.55887603759766
2013-07-05,106.26000213623047,72.98318481445312
2013-07-08,107.29000091552734,73.69068145751953
2013-07-09,107.4000015258789,73.76622009277344
2013-07-10,106.55999755859375,73.18927001953125
2013-07-11,107.80999755859375,74.0478286743164
2013-07-12,107.72000122070312,73.98603057861328
2013-07-15,108.29000091552734,74.37752532958984
2013-07-16,108.66000366210938,74.63157653808594
2013-07-17,108.86000061035156,74.76905059814453
2013-07-18,107.5,73.83491516113281
2013-07-19,109.19999694824219,75.00251770019531
2013-07-22,109.36000061035156,75.11236572265625
2013-07-23,108.9000015258789,74.79647064208984
2013-07-24,107.5199966430664,73.84861755371094
2013-07-25,107.4800033569336,73.82108306884766
2013-07-26,108.13999938964844,74.27445983886719
2013-07-29,107.3499984741211,73.73186492919922
2013-07-30,107.30999755859375,73.70439910888672
2013-07-31,107.69999694824219,73.97227478027344
2013-08-01,105.36000061035156,72.5468978881836
2013-08-02,106.5199966430664,73.34568786621094
2013-08-05,105.69999694824219,72.78105163574219
2013-08-06,106.01000213623047,72.9945297241211
2013-08-07,106.80000305175781,73.53846740722656
2013-08-08,107.08999633789062,73.73818969726562
2013-08-09,107.26000213623047,73.85518646240234
2013-08-12,106.52999877929688,73.3525619506836
2013-08-13,104.98999786376953,72.29219055175781
2013-08-14,105.1500015258789,72.40235137939453
2013-08-15,103.7300033569336,71.42464447021484
2013-08-16,103.37000274658203,71.1767349243164
2013-08-19,102.47000122070312,70.55699157714844
2013-08-20,103.26000213623047,71.1009292602539
2013-08-21,102.12999725341797,70.32292938232422
2013-08-22,103.16999816894531,71.03897857666016
2013-08-23,104.29000091552734,71.81017303466797
2013-08-26,104.80999755859375,72.1682357788086
2013-08-27,106.12999725341797,73.07714080810547
2013-08-28,105.2699966430664,72.48493194580078
2013-08-29,106.11000061035156,73.06336975097656
2013-08-30,105.98999786376953,72.98075866699219
2013-09-03,104.22000122070312,71.95135498046875
2013-09-04,103.98999786376953,71.7926025390625
2013-09-05,102.54000091552734,70.79155731201172
2013-09-06,103.05000305175781,71.14362335205078
2013-09-09,103.0999984741211,71.17815399169922
2013-09-10,102.37999725341797,70.68109893798828
2013-09-11,103.29000091552734,71.30931854248047
2013-09-12,103.1500015258789,71.2126693725586
2013-09-13,103.55000305175781,71.48882293701172
2013-09-16,102.86000061035156,71.01248168945312
2013-09-17,103.70999908447266,71.59930419921875
2013-09-18,104.98999786376953,72.48298645019531
2013-09-19,104.37000274658203,72.054931640625
2013-09-20,104.91999816894531,72.43467712402344
2013-09-23,105.69000244140625,72.96624755859375
2013-09-24,106.83000183105469,73.75328063964844
2013-09-25,107.05000305175781,73.90516662597656
2013-09-26,106.30000305175781,73.38739776611328
2013-09-27,106.55999755859375,73.56684112548828
2013-09-30,106.4000015258789,73.45642852783203
2013-10-01,105.80000305175781,73.23353576660156
2013-10-02,105.95999908447266,73.34427642822266
2013-10-03,105.79000091552734,73.2265853881836
2013-10-04,105.70999908447266,73.1712417602539
2013-10-07,106.13999938964844,73.46888732910156
2013-10-08,106.16999816894531,73.48963928222656
2013-10-09,105.31999969482422,72.90127563476562
2013-10-10,105.48999786376953,73.01895904541016
2013-10-11,105.45999908447266,72.99820709228516
2013-10-14,104.61000061035156,72.40985107421875
2013-10-15,104.54000091552734,72.36134338378906
2013-10-16,105.8499984741211,73.26815032958984
2013-10-17,106.80999755859375,73.93263244628906
2013-10-18,107.04000091552734,74.09182739257812
2013-10-21,106.69999694824219,73.85649108886719
2013-10-22,107.88999938964844,74.68019104003906
2013-10-23,108.30999755859375,74.97096252441406
2013-10-24,107.88999938964844,74.68019104003906
2013-10-25,108.29000091552734,74.95708465576172
2013-10-28,107.91999816894531,74.70094299316406
2013-10-29,108.05999755859375,74.79785919189453
2013-10-30,107.41000366210938,74.34796142578125
2013-10-31,107.63999938964844,74.50713348388672
2013-11-01,106.19000244140625,73.70062255859375
2013-11-04,106.29000091552734,73.77010345458984
2013-11-05,105.0199966430664,72.88864135742188
2013-11-06,105.06999969482422,72.9233627319336
2013-11-07,105.95999908447266,73.54104614257812
2013-11-08,103.41000366210938,71.77123260498047
2013-11-11,103.0199966430664,71.50054168701172
2013-11-12,103.5,71.83367919921875
2013-11-13,103.87999725341797,72.09744262695312
2013-11-14,104.5199966430664,72.5416030883789
2013-11-15,104.7300033569336,72.68738555908203
2013-11-18,105.36000061035156,73.12459564208984
2013-11-19,104.55999755859375,72.56937408447266
2013-11-20,102.77999877929688,71.33399963378906
2013-11-21,102.94999694824219,71.45195007324219
2013-11-22,103.91000366210938,72.1182861328125
2013-11-25,104.20999908447266,72.32646942138672
2013-11-26,104.5999984741211,72.5971450805664
2013-11-27,104.41999816894531,72.47222137451172
2013-11-29,104.44999694824219,72.49305725097656
2013-12-02,103.33000183105469,71.9292221069336
2013-12-03,103.70999908447266,72.19371795654297
2013-12-04,102.72000122070312,71.50456237792969
2013-12-05,102.43000030517578,71.30270385742188
2013-12-06,102.91999816894531,71.64378356933594
2013-12-09,103.16000366210938,71.81085968017578
2013-12-10,103.9000015258789,72.32596588134766
2013-12-11,103.0999984741211,71.76908111572266
2013-12-12,102.70999908447266,71.49762725830078
2013-12-13,103.20999908447266,71.84564971923828
2013-12-16,102.83000183105469,71.58111572265625
2013-12-17,103.29000091552734,71.90132141113281
2013-12-18,102.7699966430664,71.53934478759766
2013-12-19,102.66999816894531,71.46975708007812
2013-12-20,104.25,72.569580078125
2013-12-23,103.66000366210938,72.158935546875
2013-12-24,102.83000183105469,71.58111572265625
2013-12-26,102.0999984741211,71.3052749633789
2013-12-27,101.80999755859375,71.10277557373047
2013-12-30,102.51000213623047,71.5915756225586
2013-12-31,101.86000061035156,71.13764190673828
2014-01-02,102.16999816894531,71.35411834716797
2014-01-03,102.16999816894531,71.35411834716797
2014-01-06,102.5999984741211,71.65444946289062
2014-01-07,102.86000061035156,71.8360366821289
2014-01-08,102.58000183105469,71.64049530029297
2014-01-09,103.18000030517578,72.05952453613281
2014-01-10,104.41000366210938,72.91851043701172
2014-01-13,104.93000030517578,73.28172302246094
2014-01-14,104.44999694824219,72.94646453857422
2014-01-15,104.33999633789062,72.86963653564453
2014-01-16,105.04000091552734,73.35850524902344
2014-01-17,105.4800033569336,73.6658706665039
2014-01-21,105.55999755859375,73.72168731689453
2014-01-22,105.30000305175781,73.54008483886719
2014-01-23,106.79000091552734,74.58068084716797
2014-01-24,107.4800033569336,75.06256866455078
2014-01-27,106.7300033569336,74.53877258300781
2014-01-28,106.98999786376953,74.7203369140625
2014-01-29,107.87000274658203,75.33493041992188
2014-01-30,107.55999755859375,75.11849212646484
2014-01-31,108.27999877929688,75.62130737304688
2014-02-03,109.31999969482422,76.54267883300781
2014-02-04,108.16000366210938,75.73056030273438
2014-02-05,107.16000366210938,75.03034210205078
2014-02-06,106.69999694824219,74.7082748413086
2014-02-07,106.79000091552734,74.7712631225586
2014-02-10,107.08999633789062,74.98133850097656
2014-02-11,106.47000122070312,74.54724884033203
2014-02-12,105.91999816894531,74.162109375
2014-02-13,106.5199966430664,74.58226776123047
2014-02-14,106.58000183105469,74.62422180175781
2014-02-18,106.81999969482422,74.79232025146484
2014-02-19,106.37000274658203,74.47723388671875
2014-02-20,106.11000061035156,74.29515075683594
2014-02-21,106.66999816894531,74.68727111816406
2014-02-24,106.4000015258789,74.49820709228516
2014-02-25,107.3499984741211,75.16340637207031
2014-02-26,107.91999816894531,75.56248474121094
2014-02-27,108.51000213623047,75.97559356689453
2014-02-28,108.56999969482422,76.01758575439453
2014-03-03,109.02999877929688,76.52503204345703
2014-03-04,107.38999938964844,75.37403106689453
2014-03-05,107.62000274658203,75.53541564941406
2014-03-06,106.55999755859375,74.79147338867188
2014-03-07,105.88999938964844,74.32110595703125
2014-03-10,106.04000091552734,74.42646789550781
2014-03-11,106.31999969482422,74.62299346923828
2014-03-12,107.05999755859375,75.14236450195312
2014-03-13,108.5,76.15303039550781
2014-03-14,108.5199966430664,76.16710662841797
2014-03-17,107.70999908447266,75.59854888916016
2014-03-18,108.0999984741211,75.87230682373047
2014-03-19,107.26000213623047,75.2827377319336
2014-03-20,107.06999969482422,75.14936828613281
2014-03-21,108.2300033569336,75.96353149414062
2014-03-24,109.0,76.50399017333984
2014-03-25,108.58999633789062,76.2162094116211
2014-03-26,109.44000244140625,76.81279754638672
2014-03-27,109.98999786376953,77.19884490966797
2014-03-28,109.37000274658203,76.76371765136719
2014-03-31,109.0999984741211,76.57415771484375
2014-04-01,107.88999938964844,75.91981506347656
2014-04-02,107.2699966430664,75.48348236083984
2014-04-03,107.73999786376953,75.814208984375
2014-04-04,108.45999908447266,76.32087707519531
2014-04-07,109.11000061035156,76.77826690673828
2014-04-08,109.37000274658203,76.96122741699219
2014-04-09,108.83000183105469,76.58119201660156
2014-04-10,109.83999633789062,77.29192352294922
2014-04-11,110.7300033569336,77.91816711425781
2014-04-14,110.44000244140625,77.71412658691406
2014-04-15,111.12999725341797,78.19966888427734
2014-04-16,111.2699966430664,78.2981948852539
2014-04-17,110.05000305175781,77.4397201538086
2014-04-21,109.95999908447266,77.37638854980469
2014-04-22,110.33000183105469,77.63670349121094
2014-04-23,110.95999908447266,78.08006286621094
2014-04-24,111.16999816894531,78.22779846191406
2014-04-25,111.33000183105469,78.3404312133789
2014-04-28,110.79000091552734,77.96041870117188
2014-04-29,110.63999938964844,77.85484313964844
2014-04-30,111.0999984741211,78.17852783203125
2014-05-01,112.0199966430664,79.0172348022461
2014-05-02,112.70999908447266,79.50397491455078
2014-05-05,112.02999877929688,79.02430725097656
2014-05-06,112.4800033569336,79.341796875
2014-05-07,112.08000183105469,79.0595474243164
2014-05-08,111.5999984741211,78.72102355957031
2014-05-09,111.23999786376953,78.46707153320312
2014-05-12,110.79000091552734,78.14964294433594
2014-05-13,111.75,78.82682037353516
2014-05-14,112.95999908447266,79.6803207397461
2014-05-15,113.86000061035156,80.31514739990234
2014-05-16,113.54000091552734,80.08944702148438
2014-05-19,112.69999694824219,79.4969253540039
2014-05-20,112.94999694824219,79.67328643798828
2014-05-21,112.26000213623047,79.18657684326172
2014-05-22,112.0999984741211,79.07366943359375
2014-05-23,112.69999694824219,79.4969253540039
2014-05-27,113.36000061035156,79.9625015258789
2014-05-28,114.76000213623047,80.95001220703125
2014-05-29,114.1500015258789,80.51976013183594
2014-05-30,114.0999984741211,80.48441314697266
2014-06-02,112.95999908447266,79.88621520996094
2014-06-03,111.56999969482422,78.90314483642578
2014-06-04,111.54000091552734,78.88194274902344
2014-06-05,111.58999633789062,78.91729736328125
2014-06-06,111.58999633789062,78.91729736328125
2014-06-09,111.43000030517578,78.80413055419922
2014-06-10,111.0199966430664,78.51417541503906
2014-06-11,111.22000122070312,78.6556167602539
2014-06-12,112.20999908447266,79.35574340820312
2014-06-13,112.1500015258789,79.31333923339844
2014-06-16,112.43000030517578,79.51131439208984
2014-06-17,111.54000091552734,78.88194274902344
2014-06-18,112.4000015258789,79.49009704589844
2014-06-19,110.95999908447266,78.47174072265625
2014-06-20,111.80000305175781,79.06582641601562
2014-06-23,111.44999694824219,78.81829833984375
2014-06-24,112.58000183105469,79.6174545288086
2014-06-25,112.87000274658203,79.82251739501953
2014-06-26,113.41000366210938,80.20439910888672
2014-06-27,113.23999786376953,80.08418273925781
2014-06-30,113.5199966430664,80.28219604492188
2014-07-01,112.27999877929688,79.61003112792969
2014-07-02,111.08000183105469,78.75922393798828
2014-07-03,110.68000030517578,78.47555541992188
2014-07-07,111.48999786376953,79.04988098144531
2014-07-08,112.73999786376953,79.93620300292969
2014-07-09,112.83000183105469,80.00000762939453
2014-07-10,112.86000061035156,80.02130126953125
2014-07-11,113.58000183105469,80.53177642822266
2014-07-14,113.08999633789062,80.18435668945312
2014-07-15,112.86000061035156,80.02130126953125
2014-07-16,113.45999908447266,80.44670104980469
2014-07-17,114.88999938964844,81.4605712890625
2014-07-18,114.5199966430664,81.19828796386719
2014-07-21,115.08999633789062,81.60242462158203
2014-07-22,115.33000183105469,81.77257537841797
2014-07-23,115.18000030517578,81.66624450683594
2014-07-24,114.31999969482422,81.05644226074219
2014-07-25,115.66999816894531,82.01367950439453
2014-07-28,115.51000213623047,81.90020751953125
2014-07-29,115.93000030517578,82.1980209350586
2014-07-30,114.31999969482422,81.05644226074219
2014-07-31,113.9800033569336,80.81538391113281
2014-08-01,114.55999755859375,81.44098663330078
2014-08-04,114.26000213623047,81.22771453857422
2014-08-05,114.62999725341797,81.49075317382812
2014-08-06,114.69999694824219,81.54056549072266
2014-08-07,115.7699966430664,82.30122375488281
2014-08-08,115.5199966430664,82.12346649169922
2014-08-11,115.51000213623047,82.11636352539062
2014-08-12,114.76000213623047,81.58313751220703
2014-08-13,115.51000213623047,82.11636352539062
2014-08-14,116.44000244140625,82.7774658203125
2014-08-15,117.70999908447266,83.68035125732422
2014-08-18,116.54000091552734,82.84856414794922
2014-08-19,116.18000030517578,82.59265899658203
2014-08-20,115.98999786376953,82.45758819580078
2014-08-21,116.63999938964844,82.9197006225586
2014-08-22,117.29000091552734,83.38175964355469
2014-08-25,117.7300033569336,83.694580078125
2014-08-26,117.3499984741211,83.42442321777344
2014-08-27,118.3499984741211,84.13526916503906
2014-08-28,118.97000122070312,84.57606506347656
2014-08-29,119.05000305175781,84.63294982910156
2014-09-02,116.7300033569336,83.17298889160156
2014-09-03,117.37999725341797,83.6361312866211
2014-09-04,115.94999694824219,82.61721801757812
2014-09-05,115.7300033569336,82.46044921875
2014-09-08,115.77999877929688,82.49607849121094
2014-09-09,115.69000244140625,82.43192291259766
2014-09-10,114.95999908447266,81.91178894042969
2014-09-11,114.58000183105469,81.64103698730469
2014-09-12,113.37999725341797,80.7860107421875
2014-09-15,113.55000305175781,80.90713500976562
2014-09-16,113.08999633789062,80.57939910888672
2014-09-17,112.80000305175781,80.37278747558594
2014-09-18,113.16000366210938,80.62926483154297
2014-09-19,114.5999984741211,81.6552963256836
2014-09-22,114.73999786376953,81.7550277709961
2014-09-23,115.44999694824219,82.26094818115234
2014-09-24,114.80999755859375,81.8049087524414
2014-09-25,116.16999816894531,82.77394104003906
2014-09-26,116.0,82.65283966064453
2014-09-29,116.93000030517578,83.31543731689453
2014-09-30,116.2699966430664,82.84523010253906
2014-10-01,118.2300033569336,84.45165252685547
2014-10-02,117.19999694824219,83.71592712402344
2014-10-03,117.69999694824219,84.0731201171875
2014-10-06,117.7699966430664,84.12312316894531
2014-10-07,119.36000061035156,85.25882720947266
2014-10-08,119.38999938964844,85.28028869628906
2014-10-09,118.87000274658203,84.90882110595703
2014-10-10,120.05000305175781,85.75169372558594
2014-10-13,120.77999877929688,86.27316284179688
2014-10-14,121.56999969482422,86.8374252319336
2014-10-15,122.52999877929688,87.52318572998047
2014-10-16,121.75,86.96602630615234
2014-10-17,121.06999969482422,86.4803237915039
2014-10-20,121.51000213623047,86.7945785522461
2014-10-21,120.54000091552734,86.1017074584961
2014-10-22,120.66999816894531,86.19459533691406
2014-10-23,119.5999984741211,85.43023681640625
2014-10-24,119.72000122070312,85.51599884033203
2014-10-27,119.94000244140625,85.67312622070312
2014-10-28,119.19000244140625,85.13740539550781
2014-10-29,119.45999908447266,85.33023071289062
2014-10-30,119.55999755859375,85.4016342163086
2014-10-31,119.25,85.18023681640625
2014-11-03,118.95999908447266,85.1802749633789
2014-11-04,119.33000183105469,85.44520568847656
2014-11-05,119.16000366210938,85.32343292236328
2014-11-06,118.38999938964844,84.77212524414062
2014-11-07,119.75,85.74591064453125
2014-11-10,118.6500015258789,84.95830535888672
2014-11-11,118.7300033569336,85.01557159423828
2014-11-12,118.62999725341797,84.94395446777344
2014-11-13,118.91000366210938,85.14450073242188
2014-11-14,119.48999786376953,85.55977630615234
2014-11-17,119.19000244140625,85.34493255615234
2014-11-18,119.5199966430664,85.58122253417969
2014-11-19,118.76000213623047,85.03703308105469
2014-11-20,119.37999725341797,85.48096466064453
2014-11-21,120.0999984741211,85.99658966064453
2014-11-24,120.19999694824219,86.06816864013672
2014-11-25,121.19999694824219,86.78419494628906
2014-11-26,121.52999877929688,87.0204849243164
2014-11-28,122.48999786376953,87.7078857421875
2014-12-01,121.5,87.19620513916016
2014-12-02,120.31999969482422,86.349365234375
2014-12-03,120.79000091552734,86.68665313720703
2014-12-04,121.80000305175781,87.4114990234375
2014-12-05,121.08999633789062,86.90194702148438
2014-12-08,122.56999969482422,87.9640884399414
2014-12-09,123.19999694824219,88.41617584228516
2014-12-10,124.0999984741211,89.06210327148438
2014-12-11,124.61000061035156,89.42816162109375
2014-12-12,126.30000305175781,90.64098358154297
2014-12-15,126.04000091552734,90.45441436767578
2014-12-16,127.5999984741211,91.57393646240234
2014-12-17,126.44999694824219,90.74864196777344
2014-12-18,124.19999694824219,89.13390350341797
2014-12-19,125.87000274658203,90.3323745727539
2014-12-22,126.04000091552734,90.45441436767578
2014-12-23,123.54000091552734,88.66024017333984
2014-12-24,123.94999694824219,89.14280700683594
2014-12-26,124.41000366210938,89.47362518310547
2014-12-29,125.33999633789062,90.14246368408203
2014-12-30,125.68000030517578,90.38699340820312
2014-12-31,125.91999816894531,90.55962371826172
2015-01-02,127.31999969482422,91.56645202636719
2015-01-05,129.32000732421875,93.0048599243164
2015-01-06,131.64999389648438,94.68054962158203
2015-01-07,131.38999938964844,94.4935073852539
2015-01-08,129.64999389648438,93.24214935302734
2015-01-09,131.07000732421875,94.2634048461914
2015-01-12,131.82000732421875,94.8028335571289
2015-01-13,131.82000732421875,94.8028335571289
2015-01-14,132.82000732421875,95.52191925048828
2015-01-15,134.91000366210938,97.0250473022461
2015-01-16,133.19000244140625,95.78803253173828
2015-01-20,134.9600067138672,97.06098937988281
2015-01-21,133.39999389648438,95.9391098022461
2015-01-22,132.9199981689453,95.5938949584961
2015-01-23,134.77000427246094,96.92433166503906
2015-01-26,134.36000061035156,96.62950897216797
2015-01-27,134.57000732421875,96.78052520751953
2015-01-28,136.77000427246094,98.36277770996094
2015-01-29,135.8699951171875,97.7154541015625
2015-01-30,138.27999877929688,99.44874572753906
2015-02-02,137.47999572753906,99.07323455810547
2015-02-03,134.57000732421875,96.9761962890625
2015-02-04,134.8000030517578,97.1419677734375
2015-02-05,133.32000732421875,96.07542419433594
2015-02-06,130.9600067138672,94.37469482421875
2015-02-09,130.75,94.22333526611328
2015-02-10,129.7100067138672,93.47386932373047
2015-02-11,129.9499969482422,93.64684295654297
2015-02-12,129.52000427246094,93.33697509765625
2015-02-13,128.19000244140625,92.37850952148438
2015-02-17,126.26000213623047,90.98766326904297
2015-02-18,127.01000213623047,91.52815246582031
2015-02-19,126.16999816894531,90.92285919189453
2015-02-20,126.54000091552734,91.18952178955078
2015-02-23,127.98999786376953,92.23440551757812
2015-02-24,129.6699981689453,93.4450454711914
2015-02-25,130.22999572753906,93.8486099243164
2015-02-26,128.4499969482422,92.56585693359375
2015-02-27,129.52999877929688,93.34416961669922
2015-03-02,126.87000274658203,91.60549926757812
2015-03-03,126.41000366210938,91.27336883544922
2015-03-04,126.44999694824219,91.30223846435547
2015-03-05,126.29000091552734,91.18672943115234
2015-03-06,123.5,89.17216491699219
2015-03-09,124.63999938964844,89.99536895751953
2015-03-10,126.27999877929688,91.17945861816406
2015-03-11,127.19999694824219,91.84379577636719
2015-03-12,127.11000061035156,91.77883911132812
2015-03-13,126.72000122070312,91.49723052978516
2015-03-16,127.94000244140625,92.37805938720703
2015-03-17,129.0,93.14342498779297
2015-03-18,131.49000549316406,94.94135284423828
2015-03-19,130.82000732421875,94.45759582519531
2015-03-20,131.50999450683594,94.95579528808594
2015-03-23,131.35000610351562,94.84027099609375
2015-03-24,132.6199951171875,95.7572250366211
2015-03-25,131.5,94.94857025146484
2015-03-26,129.4499969482422,93.46837615966797
2015-03-27,131.05999755859375,94.6308364868164
2015-03-30,130.41000366210938,94.16158294677734
2015-03-31,130.69000244140625,94.36371612548828
2015-04-01,132.1300048828125,95.60311889648438
2015-04-02,130.72999572753906,94.59016418457031
2015-04-06,130.0,94.06197357177734
2015-04-07,131.08999633789062,94.85066223144531
2015-04-08,131.1300048828125,94.87963104248047
2015-04-09,129.42999267578125,93.64952087402344
2015-04-10,129.6199951171875,93.78704071044922
2015-04-13,129.8000030517578,93.91724395751953
2015-04-14,130.72000122070312,94.58287811279297
2015-04-15,130.61000061035156,94.50334930419922
2015-04-16,129.9600067138672,94.03302764892578
2015-04-17,131.4499969482422,95.1111068725586
2015-04-20,130.2899932861328,94.2718276977539
2015-04-21,129.6999969482422,93.84494018554688
2015-04-22,127.72000122070312,92.41227722167969
2015-04-23,128.27000427246094,92.81021881103516
2015-04-24,129.07000732421875,93.38903045654297
2015-04-27,129.07000732421875,93.38903045654297
2015-04-28,127.29000091552734,92.10114288330078
2015-04-29,125.7300033569336,90.972412109375
2015-04-30,125.94999694824219,91.1315689086914
2015-05-01,124.0,89.90482330322266
2015-05-04,122.83000183105469,89.05652618408203
2015-05-05,122.66000366210938,88.93327331542969
2015-05-06,120.55999755859375,87.41065979003906
2015-05-07,122.18000030517578,88.58523559570312
2015-05-08,122.51000213623047,88.8244857788086
2015-05-11,119.52999877929688,86.66390991210938
2015-05-12,119.83999633789062,86.88864135742188
2015-05-13,118.87999725341797,86.1926040649414
2015-05-14,119.19999694824219,86.42460632324219
2015-05-15,121.58999633789062,88.157470703125
2015-05-18,119.55000305175781,86.67840576171875
2015-05-19,118.48999786376953,85.90985870361328
2015-05-20,118.69000244140625,86.05487060546875
2015-05-21,120.3499984741211,87.25846099853516
2015-05-22,120.4000015258789,87.29472351074219
2015-05-26,122.45999908447266,88.7882308959961
2015-05-27,122.73999786376953,88.99122619628906
2015-05-28,122.44000244140625,88.7737808227539
2015-05-29,122.70999908447266,88.96954345703125
2015-06-01,121.12999725341797,88.0133056640625
2015-06-02,119.44000244140625,86.78535461425781
2015-06-03,117.5199966430664,85.3902816772461
2015-06-04,119.05000305175781,86.501953125
2015-06-05,117.5999984741211,85.44839477539062
2015-06-08,117.47000122070312,85.35395812988281
2015-06-09,116.54000091552734,84.67821502685547
2015-06-10,115.5199966430664,83.93708801269531
2015-06-11,117.94999694824219,85.70269012451172
2015-06-12,117.94999694824219,85.70269012451172
2015-06-15,118.13999938964844,85.84076690673828
2015-06-16,119.06999969482422,86.51648712158203
2015-06-17,118.1500015258789,85.84803771972656
2015-06-18,117.56999969482422,85.4266586303711
2015-06-19,119.08000183105469,86.52384185791016
2015-06-22,116.6500015258789,84.75814819335938
2015-06-23,115.94999694824219,84.24950408935547
2015-06-24,116.94999694824219,84.97611999511719
2015-06-25,116.54000091552734,84.67821502685547
2015-06-26,115.2300033569336,83.72639465332031
2015-06-29,118.27999877929688,85.9425048828125
2015-06-30,117.45999908447266,85.34671020507812
2015-07-01,115.62000274658203,84.1946792602539
2015-07-02,116.0,84.47135925292969
2015-07-06,118.1500015258789,86.0370101928711
2015-07-07,119.26000213623047,86.84535217285156
2015-07-08,120.29000091552734,87.59535217285156
2015-07-09,117.91999816894531,85.86953735351562
2015-07-10,116.05000305175781,84.50779724121094
2015-07-13,115.69000244140625,84.24562072753906
2015-07-14,116.06999969482422,84.52235412597656
2015-07-15,117.30000305175781,85.41806030273438
2015-07-16,118.11000061035156,86.00785827636719
2015-07-17,118.72000122070312,86.45210266113281
2015-07-20,118.22000122070312,86.08798217773438
2015-07-21,118.86000061035156,86.55401611328125
2015-07-22,119.5999984741211,87.09293365478516
2015-07-23,121.08999633789062,88.17790985107422
2015-07-24,121.38999938964844,88.39636993408203
2015-07-27,122.04000091552734,88.86968994140625
2015-07-28,121.1500015258789,88.22159576416016
2015-07-29,120.69999694824219,87.89395904541016
2015-07-30,121.62999725341797,88.5711669921875
2015-07-31,122.52999877929688,89.22655487060547
2015-08-03,123.55000305175781,90.16581726074219
2015-08-04,122.56999969482422,89.4505386352539
2015-08-05,121.6500015258789,88.7791976928711
2015-08-06,122.7300033569336,89.56736755371094
2015-08-07,124.33999633789062,90.74232482910156
2015-08-10,122.80000305175781,89.61841583251953
2015-08-11,124.75,91.04153442382812
2015-08-12,124.06999969482422,90.5453109741211
2015-08-13,123.66999816894531,90.25334167480469
2015-08-14,123.95999908447266,90.46502685546875
2015-08-17,124.5199966430664,90.87367248535156
2015-08-18,123.54000091552734,90.15849304199219
2015-08-19,124.76000213623047,91.048828125
2015-08-20,126.0199966430664,91.96834564208984
2015-08-21,126.4000015258789,92.24569702148438
2015-08-24,126.36000061035156,92.21651458740234
2015-08-25,124.33000183105469,90.73502349853516
2015-08-26,121.93000030517578,88.98355865478516
2015-08-27,122.0,89.03459930419922
2015-08-28,122.36000061035156,89.29730987548828
2015-08-31,121.41999816894531,88.61134338378906
2015-09-01,122.02999877929688,89.24979400634766
2015-09-02,120.9800033569336,88.48192596435547
2015-09-03,121.56999969482422,88.91336059570312
2015-09-04,122.68000030517578,89.7251968383789
2015-09-08,120.87000274658203,88.40142822265625
2015-09-09,121.44999694824219,88.82563018798828
2015-09-10,120.62999725341797,88.22588348388672
2015-09-11,121.38999938964844,88.78174591064453
2015-09-14,121.58000183105469,88.9206771850586
2015-09-15,119.25,87.21660614013672
2015-09-16,118.80000305175781,86.88745880126953
2015-09-17,120.25,87.94799041748047
2015-09-18,122.0999984741211,89.30098724365234
2015-09-21,120.11000061035156,87.84554290771484
2015-09-22,121.77999877929688,89.06697845458984
2015-09-23,121.7699966430664,89.05965423583984
2015-09-24,122.5999984741211,89.6667251586914
2015-09-25,121.54000091552734,88.8914566040039
2015-09-28,123.62000274658203,90.41273498535156
2015-09-29,123.97000122070312,90.66868591308594
2015-09-30,123.54000091552734,90.3542251586914
2015-10-01,123.80999755859375,90.73968505859375
2015-10-02,124.55999755859375,91.28936004638672
2015-10-05,122.87000274658203,90.05081939697266
2015-10-06,123.4000015258789,90.43925476074219
2015-10-07,122.98999786376953,90.13871765136719
2015-10-08,121.95999908447266,89.38382720947266
2015-10-09,122.27999877929688,89.61837768554688
2015-10-12,123.20999908447266,90.29996490478516
2015-10-13,123.41999816894531,90.45387268066406
2015-10-14,124.5,91.24542999267578
2015-10-15,123.88999938964844,90.79838562011719
2015-10-16,123.93000030517578,90.8276596069336
2015-10-19,123.58999633789062,90.57847595214844
2015-10-20,122.83000183105469,90.02147674560547
2015-10-21,124.05000305175781,90.9156265258789
2015-10-22,124.26000213623047,91.06950378417969
2015-10-23,123.19999694824219,90.29261779785156
2015-10-26,124.0199966430664,90.89362335205078
2015-10-27,124.33000183105469,91.1208267211914
2015-10-28,123.83000183105469,90.75438690185547
2015-10-29,121.86000061035156,89.31060028076172
2015-10-30,122.77999877929688,89.98481750488281
2015-11-02,121.94999694824219,89.5712890625
2015-11-03,120.94999694824219,88.8368148803711
2015-11-04,121.08999633789062,88.93966674804688
2015-11-05,120.7699966430664,88.70458984375
2015-11-06,119.0,87.404541015625
2015-11-09,118.33000183105469,86.91239929199219
2015-11-10,118.68000030517578,87.16949462890625
2015-11-11,118.43000030517578,86.98590087890625
2015-11-12,119.0,87.404541015625
2015-11-13,119.68000030517578,87.90400695800781
2015-11-16,119.56999969482422,87.82320404052734
2015-11-17,119.7699966430664,87.97013854980469
2015-11-18,120.0199966430664,88.15371704101562
2015-11-19,120.81999969482422,88.7413330078125
2015-11-20,120.44999694824219,88.46957397460938
2015-11-23,120.81999969482422,88.7413330078125
2015-11-24,120.80999755859375,88.7340087890625
2015-11-25,121.08999633789062,88.93966674804688
2015-11-27,120.97000122070312,88.85151672363281
2015-11-30,121.44999694824219,89.20404815673828
2015-12-01,122.83000183105469,90.40898132324219
2015-12-02,122.87000274658203,90.43843078613281
2015-12-03,119.52999877929688,87.98001098632812
2015-12-04,120.58000183105469,88.75283813476562
2015-12-07,121.75,89.6140365600586
2015-12-08,121.80999755859375,89.65821838378906
2015-12-09,121.68000030517578,89.56253051757812
2015-12-10,121.83999633789062,89.68026733398438
2015-12-11,123.76000213623047,91.0934829711914
2015-12-14,122.16000366210938,89.91586303710938
2015-12-15,121.44000244140625,89.38587188720703
2015-12-16,121.18000030517578,89.19448852539062
2015-12-17,122.55000305175781,90.20286560058594
2015-12-18,123.2300033569336,90.703369140625
2015-12-21,123.19999694824219,90.6812973022461
2015-12-22,122.30999755859375,90.02620697021484
2015-12-23,121.38999938964844,89.34906005859375
2015-12-24,121.83000183105469,89.86095428466797
2015-12-28,122.19000244140625,90.12648010253906
2015-12-29,120.16000366210938,88.6291732788086
2015-12-30,120.04000091552734,88.54065704345703
2015-12-31,120.58000183105469,88.93893432617188
2016-01-04,121.44999694824219,89.58067321777344
2016-01-05,120.95999908447266,89.2192153930664
2016-01-06,122.58999633789062,90.4215316772461
2016-01-07,122.80999755859375,90.58377838134766
2016-01-08,123.36000061035156,90.98942565917969
2016-01-11,122.01000213623047,89.99371337890625
2016-01-12,123.7699966430664,91.2918930053711
2016-01-13,124.98999786376953,92.19175720214844
2016-01-14,123.81999969482422,91.32874298095703
2016-01-15,125.75,92.7523193359375
2016-01-19,125.36000061035156,92.46464538574219
2016-01-20,126.68000030517578,93.43827819824219
2016-01-21,125.81999969482422,92.8039321899414
2016-01-22,125.33999633789062,92.4498291015625
2016-01-25,126.0199966430664,92.9514389038086
2016-01-26,126.08000183105469,92.9957275390625
2016-01-27,126.05000305175781,92.97356414794922
2016-01-28,126.2300033569336,93.10633850097656
2016-01-29,127.30000305175781,93.89555358886719
2016-02-01,126.66999816894531,93.60811614990234
2016-02-02,129.02000427246094,95.34476470947266
2016-02-03,127.94999694824219,94.55404663085938
2016-02-04,128.57000732421875,95.01220703125
2016-02-05,128.72000122070312,95.12301635742188
2016-02-08,131.49000549316406,97.17000579833984
2016-02-09,131.6300048828125,97.27352905273438
2016-02-10,132.7899932861328,98.13072204589844
2016-02-11,133.72000122070312,98.8179931640625
2016-02-12,131.5,97.17742919921875
2016-02-16,130.11000061035156,96.15025329589844
2016-02-17,129.30999755859375,95.55904388427734
2016-02-18,130.89999389648438,96.73406219482422
2016-02-19,131.00999450683594,96.8153305053711
2016-02-22,130.94000244140625,96.76364135742188
2016-02-23,131.47000122070312,97.15526580810547
2016-02-24,131.2100067138672,96.963134765625
2016-02-25,131.67999267578125,97.31045532226562
2016-02-26,130.41000366210938,96.3719253540039
2016-02-29,130.97999572753906,96.79312133789062
2016-03-01,128.42999267578125,95.0887680053711
2016-03-02,128.9600067138672,95.48121643066406
2016-03-03,129.42999267578125,95.82917785644531
2016-03-04,128.60000610351562,95.21464538574219
2016-03-07,128.55999755859375,95.18502044677734
2016-03-08,129.97999572753906,96.23638916015625
2016-03-09,129.19000244140625,95.65147399902344
2016-03-10,128.66000366210938,95.25907897949219
2016-03-11,127.36000061035156,94.29656219482422
2016-03-14,127.76000213623047,94.5927505493164
2016-03-15,127.87999725341797,94.68155670166016
2016-03-16,128.25999450683594,94.962890625
2016-03-17,128.7899932861328,95.35530853271484
2016-03-18,129.05999755859375,95.55518341064453
2016-03-21,128.07000732421875,94.8222427368164
2016-03-22,128.0399932861328,94.80004119873047
2016-03-23,129.49000549316406,95.87358856201172
2016-03-24,129.5399932861328,95.91059875488281
2016-03-28,129.7100067138672,96.03651428222656
2016-03-29,131.07000732421875,97.04341125488281
2016-03-30,129.69000244140625,96.02163696289062
2016-03-31,130.61000061035156,96.70280456542969
2016-04-01,130.67999267578125,96.95508575439453
2016-04-04,130.75999450683594,97.01441955566406
2016-04-05,132.19000244140625,98.07537078857422
2016-04-06,131.22999572753906,97.36316680908203
2016-04-07,132.85000610351562,98.56505584716797
2016-04-08,132.00999450683594,97.9418716430664
2016-04-11,131.83999633789062,97.81571960449219
2016-04-12,130.92999267578125,97.1406021118164
2016-04-13,131.38999938964844,97.48185729980469
2016-04-14,130.75999450683594,97.01441955566406
2016-04-15,131.8800048828125,97.84541320800781
2016-04-18,131.30999755859375,97.42253112792969
2016-04-19,130.89999389648438,97.11834716796875
2016-04-20,129.4600067138672,96.04994201660156
2016-04-21,128.69000244140625,95.4786605834961
2016-04-22,128.36000061035156,95.23379516601562
2016-04-25,127.83000183105469,94.84061431884766
2016-04-26,127.25,94.41029357910156
2016-04-27,128.52000427246094,95.35255432128906
2016-04-28,129.0500030517578,95.7457504272461
2016-04-29,129.3800048828125,95.99058532714844
2016-05-02,127.81999969482422,95.02413177490234
2016-05-03,129.42999267578125,96.22102355957031
2016-05-04,130.13999938964844,96.74887084960938
2016-05-05,131.00999450683594,97.39563751220703
2016-05-06,130.4499969482422,96.97932434082031
2016-05-09,130.86000061035156,97.28413391113281
2016-05-10,130.8699951171875,97.29159545898438
2016-05-11,131.61000061035156,97.84173583984375
2016-05-12,131.00999450683594,97.39563751220703
2016-05-13,132.27999877929688,98.33979797363281
2016-05-16,131.13999938964844,97.4922866821289
2016-05-17,131.36000061035156,97.65583038330078
2016-05-18,129.49000549316406,96.26567077636719
2016-05-19,130.0500030517578,96.68196105957031
2016-05-20,130.14999389648438,96.75633239746094
2016-05-23,130.44000244140625,96.97188568115234
2016-05-24,129.86000061035156,96.54067993164062
2016-05-25,129.3699951171875,96.17644500732422
2016-05-26,130.0399932861328,96.67452239990234
2016-05-27,129.85000610351562,96.53325653076172
2016-05-31,130.16000366210938,96.7636947631836
2016-06-01,130.4199981689453,97.15631866455078
2016-06-02,131.36000061035156,97.85657501220703
2016-06-03,133.22999572753906,99.24958801269531
2016-06-06,132.24000549316406,98.51215362548828
2016-06-07,132.55999755859375,98.75051879882812
2016-06-08,133.27000427246094,99.27940368652344
2016-06-09,134.1300048828125,99.9200668334961
2016-06-10,134.77999877929688,100.40425109863281
2016-06-13,135.3800048828125,100.85127258300781
2016-06-14,135.27999877929688,100.77676391601562
2016-06-15,135.8000030517578,101.1641616821289
2016-06-16,136.4600067138672,101.65585327148438
2016-06-17,135.61000061035156,101.02262115478516
2016-06-20,134.16000366210938,99.94244384765625
2016-06-21,133.5399932861328,99.48057556152344
2016-06-22,133.75999450683594,99.64441680908203
2016-06-23,132.22999572753906,98.50467681884766
2016-06-24,135.77999877929688,101.14924621582031
2016-06-27,139.1699981689453,103.67464447021484
2016-06-28,139.4600067138672,103.89071655273438
2016-06-29,138.38999938964844,103.09358978271484
2016-06-30,138.89999389648438,103.4735107421875
2016-07-01,140.57000732421875,104.91019439697266
2016-07-05,142.3300018310547,106.22372436523438
2016-07-06,142.55999755859375,106.39537048339844
2016-07-07,142.5500030517578,106.38782501220703
2016-07-08,143.60000610351562,107.1715316772461
2016-07-11,142.33999633789062,106.23114776611328
2016-07-12,140.0,104.48474884033203
2016-07-13,141.64999389648438,105.7162094116211
2016-07-14,139.58999633789062,104.17877197265625
2016-07-15,138.38999938964844,103.283203125
2016-07-18,138.25999450683594,103.18614959716797
2016-07-19,139.0399932861328,103.76827239990234
2016-07-20,138.27999877929688,103.2011489868164
2016-07-21,138.55999755859375,103.41007995605469
2016-07-22,138.8000030517578,103.58920288085938
2016-07-25,138.6999969482422,103.51451110839844
2016-07-26,138.9199981689453,103.6787338256836
2016-07-27,140.64999389648438,104.96983337402344
2016-07-28,140.38999938964844,104.77580261230469
2016-07-29,141.55999755859375,105.64898681640625
2016-08-01,139.77000427246094,104.50359344482422
2016-08-02,138.3300018310547,103.42687225341797
2016-08-03,138.41000366210938,103.48674011230469
2016-08-04,139.4499969482422,104.26427459716797
2016-08-05,138.0,103.18018341064453
2016-08-08,138.25999450683594,103.37458038330078
2016-08-09,139.6199951171875,104.39138793945312
2016-08-10,140.16000366210938,104.79515838623047
2016-08-11,138.91000366210938,103.86060333251953
2016-08-12,140.0800018310547,104.7353744506836
2016-08-15,138.75999450683594,103.7484130859375
2016-08-16,138.38999938964844,103.47179412841797
2016-08-17,139.22000122070312,104.09233856201172
2016-08-18,139.44000244140625,104.25682067871094
2016-08-19,138.7100067138672,103.71106719970703
2016-08-22,139.8800048828125,104.58580017089844
2016-08-23,140.02999877929688,104.69794464111328
2016-08-24,139.6999969482422,104.45124816894531
2016-08-25,139.1699981689453,104.05496215820312
2016-08-26,138.36000061035156,103.44933319091797
2016-08-29,140.2100067138672,104.83251190185547
2016-08-30,139.6699981689453,104.42880249023438
2016-08-31,139.8699951171875,104.5783462524414
2016-09-01,139.77000427246094,104.69371032714844
2016-09-02,138.6300048828125,103.83983612060547
2016-09-06,139.63999938964844,104.59635162353516
2016-09-07,139.5399932861328,104.52145385742188
2016-09-08,137.7899932861328,103.21054077148438
2016-09-09,135.52000427246094,101.51031494140625
2016-09-12,135.58999633789062,101.56268310546875
2016-09-13,134.0500030517578,100.40917205810547
2016-09-14,134.25,100.5589828491211
2016-09-15,133.6699981689453,100.12450408935547
2016-09-16,134.75,100.93350982666016
2016-09-19,134.30999755859375,100.60391235351562
2016-09-20,134.77999877929688,100.95594787597656
2016-09-21,135.8699951171875,101.77249908447266
2016-09-22,136.9499969482422,102.58141326904297
2016-09-23,136.82000732421875,102.48404693603516
2016-09-26,137.69000244140625,103.13569641113281
2016-09-27,138.6999969482422,103.89219665527344
2016-09-28,138.39999389648438,103.66751861572266
2016-09-29,138.75,103.92967987060547
2016-09-30,137.50999450683594,103.0008544921875
2016-10-03,136.80999755859375,102.6609115600586
2016-10-04,135.2100067138672,101.4603042602539
2016-10-05,134.5800018310547,100.98759460449219
2016-10-06,133.8300018310547,100.42474365234375
2016-10-07,133.9199981689453,100.4922866821289
2016-10-10,133.1300048828125,99.89947509765625
2016-10-11,132.8300018310547,99.67437744140625
2016-10-12,132.9600067138672,99.77193450927734
2016-10-13,133.4600067138672,100.14712524414062
2016-10-14,131.58999633789062,98.7439193725586
2016-10-17,132.42999267578125,99.37415313720703
2016-10-18,132.86000061035156,99.69688415527344
2016-10-19,132.97000122070312,99.77941131591797
2016-10-20,133.11000061035156,99.8844223022461
2016-10-21,133.30999755859375,100.0345458984375
2016-10-24,132.72999572753906,99.59930419921875
2016-10-25,133.0800018310547,99.86198425292969
2016-10-26,132.17999267578125,99.1866226196289
2016-10-27,130.74000549316406,98.10602569580078
2016-10-28,130.4499969482422,97.88848114013672
2016-10-31,131.25,98.48873901367188
2016-11-01,131.00999450683594,98.4962387084961
2016-11-02,131.5800018310547,98.9248046875
2016-11-03,130.57000732421875,98.16551208496094
2016-11-04,131.74000549316406,99.04508972167969
2016-11-07,130.6199951171875,98.20307159423828
2016-11-08,130.08999633789062,97.80458068847656
2016-11-09,124.56999969482422,93.6545181274414
2016-11-10,122.7300033569336,92.27119445800781
2016-11-11,122.04000091552734,91.75242614746094
2016-11-14,121.30999755859375,91.20362091064453
2016-11-15,121.91000366210938,91.65473937988281
2016-11-16,123.01000213623047,92.4816665649414
2016-11-17,121.19999694824219,91.12090301513672
2016-11-18,120.8499984741211,90.85778045654297
2016-11-21,121.1500015258789,91.08331298828125
2016-11-22,121.11000061035156,91.0532455444336
2016-11-23,120.63999938964844,90.69987487792969
2016-11-25,120.81999969482422,90.8351821899414
2016-11-28,121.70999908447266,91.50433349609375
2016-11-29,122.22000122070312,91.88776397705078
2016-11-30,120.23999786376953,90.39916229248047
2016-12-01,118.7300033569336,89.44465637207031
2016-12-02,119.5999984741211,90.10005187988281
2016-12-05,119.47000122070312,90.00213623046875
2016-12-06,119.37999725341797,89.934326171875
2016-12-07,120.4000015258789,90.7027359008789
2016-12-08,118.9800033569336,89.63301086425781
2016-12-09,117.5,88.51803588867188
2016-12-12,117.72000122070312,88.68379974365234
2016-12-13,118.13999938964844,89.00016021728516
2016-12-14,116.81999969482422,88.00576782226562
2016-12-15,117.41000366210938,88.45024871826172
2016-12-16,117.13999938964844,88.24687194824219
2016-12-19,118.4000015258789,89.19609069824219
2016-12-20,117.80999755859375,88.75160217285156
2016-12-21,118.33000183105469,89.14332580566406
2016-12-22,117.80999755859375,88.98394775390625
2016-12-23,118.05000305175781,89.16522216796875
2016-12-27,117.66999816894531,88.87820434570312
2016-12-28,118.52999877929688,89.5277328491211
2016-12-29,118.94999694824219,89.84504699707031
2016-12-30,119.12999725341797,89.98095703125
2017-01-03,119.63999938964844,90.3662109375
2017-01-04,120.0999984741211,90.713623046875
2017-01-05,121.9800033569336,92.13359832763672
2017-01-06,120.86000061035156,91.28764343261719
2017-01-09,121.83000183105469,92.02034759521484
2017-01-10,121.75,91.95987701416016
2017-01-11,122.16000366210938,92.26956939697266
2017-01-12,121.88999938964844,92.06562805175781
2017-01-13,121.30999755859375,91.6275863647461
2017-01-17,122.58000183105469,92.58679962158203
2017-01-18,121.01000213623047,91.40095520019531
2017-01-19,120.18000030517578,90.7740707397461
2017-01-20,119.94000244140625,90.59280395507812
2017-01-23,121.13999938964844,91.4991683959961
2017-01-24,120.30999755859375,90.87223052978516
2017-01-25,118.80000305175781,89.7317123413086
2017-01-26,119.19999694824219,90.03388214111328
2017-01-27,119.62999725341797,90.35863494873047
2017-01-30,119.2699966430664,90.08670806884766
2017-01-31,120.0999984741211,90.713623046875
2017-02-01,119.0999984741211,90.15272521972656
2017-02-02,119.05000305175781,90.11483764648438
2017-02-03,119.0,90.07701873779297
2017-02-06,119.72000122070312,90.62201690673828
2017-02-07,120.5999984741211,91.28814697265625
2017-02-08,122.23999786376953,92.52952575683594
2017-02-09,120.83000183105469,91.46223449707031
2017-02-10,120.76000213623047,91.40926361083984
2017-02-13,120.37999725341797,91.12162017822266
2017-02-14,119.51000213623047,90.4631118774414
2017-02-15,118.95999908447266,90.04676818847656
2017-02-16,119.61000061035156,90.5387954711914
2017-02-17,120.31999969482422,91.07620239257812
2017-02-21,120.11000061035156,90.91724395751953
2017-02-22,120.30999755859375,91.06864166259766
2017-02-23,120.66999816894531,91.34113311767578
2017-02-24,122.01000213623047,92.35546875
2017-02-27,121.29000091552734,91.8104476928711
2017-02-28,121.73999786376953,92.15109252929688
2017-03-01,119.47000122070312,90.60694122314453
2017-03-02,119.04000091552734,90.28081512451172
2017-03-03,119.3499984741211,90.51598358154297
2017-03-06,118.77999877929688,90.08369445800781
2017-03-07,118.41999816894531,89.81063079833984
2017-03-08,117.77999877929688,89.32527923583984
2017-03-09,116.83999633789062,88.61234283447266
2017-03-10,117.25,88.92330932617188
2017-03-13,116.51000213623047,88.36209869384766
2017-03-14,117.06999969482422,88.78679656982422
2017-03-15,118.5,89.87129211425781
2017-03-16,117.9000015258789,89.41629791259766
2017-03-17,118.63999938964844,89.97746276855469
2017-03-20,119.1500015258789,90.36427307128906
2017-03-21,120.13999938964844,91.11511993408203
2017-03-22,120.62000274658203,91.4791259765625
2017-03-23,120.44999694824219,91.3501968383789
2017-03-24,120.87999725341797,91.67634582519531
2017-03-27,121.43000030517578,92.09341430664062
2017-03-28,120.62000274658203,91.4791259765625
2017-03-29,121.33999633789062,92.02519226074219
2017-03-30,120.36000061035156,91.28194427490234
2017-03-31,120.70999908447266,91.54740905761719
2017-04-03,121.66999816894531,92.47078704833984
2017-04-04,121.01000213623047,91.96917724609375
2017-04-05,121.37999725341797,92.25042724609375
2017-04-06,121.19999694824219,92.1136245727539
2017-04-07,120.70999908447266,91.7412109375
2017-04-10,121.2699966430664,92.16680908203125
2017-04-11,122.41999816894531,93.04080200195312
2017-04-12,123.08999633789062,93.55006408691406
2017-04-13,123.47000122070312,93.83879852294922
2017-04-17,123.08999633789062,93.55006408691406
2017-04-18,124.69999694824219,94.77364349365234
2017-04-19,124.0199966430664,94.2568359375
2017-04-20,123.54000091552734,93.89204406738281
2017-04-21,123.54000091552734,93.89204406738281
2017-04-24,122.93000030517578,93.42842102050781
2017-04-25,121.44999694824219,92.30360412597656
2017-04-26,122.12000274658203,92.81282806396484
2017-04-27,122.08000183105469,92.78242492675781
2017-04-28,122.3499984741211,92.98760986328125
2017-05-01,121.08000183105469,92.21456909179688
2017-05-02,121.69999694824219,92.68677520751953
2017-05-03,121.77999877929688,92.7477035522461
2017-05-04,121.18000030517578,92.29072570800781
2017-05-05,121.29000091552734,92.37454223632812
2017-05-08,120.62999725341797,91.8718490600586
2017-05-09,120.62000274658203,91.86420440673828
2017-05-10,120.4800033569336,91.75761413574219
2017-05-11,120.4800033569336,91.75761413574219
2017-05-12,121.38999938964844,92.45069885253906
2017-05-15,121.05999755859375,92.1993637084961
2017-05-16,121.51000213623047,92.5420913696289
2017-05-17,123.27999877929688,93.8901138305664
2017-05-18,123.41999816894531,93.99674987792969
2017-05-19,123.70999908447266,94.21760559082031
2017-05-22,123.37000274658203,93.95863342285156
2017-05-23,122.54000091552734,93.32650756835938
2017-05-24,123.2300033569336,93.8520278930664
2017-05-25,123.2699966430664,93.88249206542969
2017-05-26,123.4800033569336,94.04244232177734
2017-05-30,124.08999633789062,94.50698852539062
2017-05-31,124.4000015258789,94.74308776855469
2017-06-01,124.1500015258789,94.75299835205078
2017-06-02,125.62000274658203,95.8749771118164
2017-06-05,124.83999633789062,95.2796630859375
2017-06-06,125.5199966430664,95.79863739013672
2017-06-07,124.91999816894531,95.34070587158203
2017-06-08,124.58999633789062,95.08880615234375
2017-06-09,124.4000015258789,94.94383239746094
2017-06-12,124.36000061035156,94.91328430175781
2017-06-13,124.37999725341797,94.92855072021484
2017-06-14,126.30000305175781,96.39393615722656
2017-06-15,126.0999984741211,96.24129486083984
2017-06-16,126.3499984741211,96.43211364746094
2017-06-19,126.16999816894531,96.2947006225586
2017-06-20,127.30000305175781,97.15717315673828
2017-06-21,127.55999755859375,97.35558319091797
2017-06-22,127.83999633789062,97.56929016113281
2017-06-23,127.77999877929688,97.52348327636719
2017-06-26,128.25999450683594,97.88983154296875
2017-06-27,126.88999938964844,96.8442611694336
2017-06-28,126.47000122070312,96.523681640625
2017-06-29,125.41000366210938,95.71466064453125
2017-06-30,125.12000274658203,95.49333953857422
2017-07-03,124.45999908447266,95.18589782714844
2017-07-05,124.48999786376953,95.2088394165039
2017-07-06,123.45999908447266,94.42110443115234
2017-07-07,122.72000122070312,93.85515594482422
2017-07-10,122.9000015258789,93.99285125732422
2017-07-11,123.11000061035156,94.1534194946289
2017-07-12,123.95999908447266,94.8034896850586
2017-07-13,123.18000030517578,94.20695495605469
2017-07-14,123.33000183105469,94.32170867919922
2017-07-17,123.66999816894531,94.58171844482422
2017-07-18,124.75,95.40771484375
2017-07-19,124.80000305175781,95.44591522216797
2017-07-20,125.16000366210938,95.72126007080078
2017-07-21,125.69000244140625,96.1266098022461
2017-07-24,125.19999694824219,95.75186920166016
2017-07-25,123.56999969482422,94.50525665283203
2017-07-26,123.7699966430664,94.65821075439453
2017-07-27,123.16000366210938,94.19166564941406
2017-07-28,123.88999938964844,94.75
2017-07-31,124.04000091552734,94.86469268798828
2017-08-01,124.63999938964844,95.53076171875
2017-08-02,124.70999908447266,95.5843734741211
2017-08-03,126.0,96.57310485839844
2017-08-04,124.93000030517578,95.75298309326172
2017-08-07,125.06999969482422,95.86029815673828
2017-08-08,124.62000274658203,95.51544189453125
2017-08-09,125.30000305175781,96.03656005859375
2017-08-10,126.37000274658203,96.85672760009766
2017-08-11,126.43000030517578,96.90264892578125
2017-08-14,125.77999877929688,96.40449523925781
2017-08-15,125.25,95.9982681274414
2017-08-16,125.70999908447266,96.35081481933594
2017-08-17,126.6500015258789,97.07131958007812
2017-08-18,126.62000274658203,97.0483169555664
2017-08-21,126.93000030517578,97.28589630126953
2017-08-22,126.44000244140625,96.910400390625
2017-08-23,127.30000305175781,97.56952667236328
2017-08-24,126.83000183105469,97.2092514038086
2017-08-25,127.31999969482422,97.58480834960938
2017-08-28,127.23999786376953,97.52348327636719
2017-08-29,127.6500015258789,97.8377685546875
2017-08-30,127.61000061035156,97.80706024169922
2017-08-31,127.98999786376953,98.09834289550781
2017-09-01,126.75,97.34800720214844
2017-09-05,128.75999450683594,98.89173126220703
2017-09-06,127.97000122070312,98.28499603271484
2017-09-07,129.27999877929688,99.29110717773438
2017-09-08,129.0,99.07608032226562
2017-09-11,127.45999908447266,97.893310546875
2017-09-12,126.79000091552734,97.37871551513672
2017-09-13,126.29000091552734,96.99471282958984
2017-09-14,126.80999755859375,97.39408111572266
2017-09-15,126.86000061035156,97.4324722290039
2017-09-18,126.12999725341797,96.87176513671875
2017-09-19,125.81999969482422,96.63372039794922
2017-09-20,125.91000366210938,96.70286560058594
2017-09-21,125.83999633789062,96.64910125732422
2017-09-22,126.19999694824219,96.92557525634766
2017-09-25,126.98999786376953,97.5323257446289
2017-09-26,126.76000213623047,97.35565185546875
2017-09-27,124.8499984741211,95.88872528076172
2017-09-28,124.4800033569336,95.60457611083984
2017-09-29,124.76000213623047,95.81961059570312
2017-10-02,124.27999877929688,95.6441421508789
2017-10-03,124.4000015258789,95.73649597167969
2017-10-04,124.41000366210938,95.74419403076172
2017-10-05,123.94000244140625,95.38249969482422
2017-10-06,123.58999633789062,95.11314392089844
2017-10-09,123.9800033569336,95.41332244873047
2017-10-10,124.18000030517578,95.56717681884766
2017-10-11,124.41999816894531,95.75189971923828
2017-10-12,124.94999694824219,96.15978240966797
2017-10-13,125.8499984741211,96.85240173339844
2017-10-16,125.76000213623047,96.78313446044922
2017-10-17,125.91999816894531,96.90626525878906
2017-10-18,125.08999633789062,96.26752471923828
2017-10-19,125.30999755859375,96.43682861328125
2017-10-20,123.9800033569336,95.41332244873047
2017-10-23,124.19999694824219,95.58258056640625
2017-10-24,123.43000030517578,94.98999786376953
2017-10-25,122.83999633789062,94.53595733642578
2017-10-26,122.43000030517578,94.22041320800781
2017-10-27,123.23999786376953,94.84378051757812
2017-10-30,124.41999816894531,95.75189971923828
2017-10-31,124.45999908447266,95.78264617919922
2017-11-01,124.75,96.20913696289062
2017-11-02,125.30000305175781,96.6333236694336
2017-11-03,125.63999938964844,96.89553833007812
2017-11-06,126.11000061035156,97.25798797607422
2017-11-07,126.63999938964844,97.6667709350586
2017-11-08,126.36000061035156,97.45081329345703
2017-11-09,126.0,97.17316436767578
2017-11-10,124.0999984741211,95.7079086303711
2017-11-13,124.36000061035156,95.90837860107422
2017-11-14,125.19999694824219,96.55620574951172
2017-11-15,126.55999755859375,97.60506439208984
2017-11-16,125.45999908447266,96.75670623779297
2017-11-17,126.38999938964844,97.47391510009766
2017-11-20,126.33999633789062,97.4353256225586
2017-11-21,126.73999786376953,97.74388122558594
2017-11-22,127.1500015258789,98.06005859375
2017-11-24,126.80000305175781,97.79013061523438
2017-11-27,126.62000274658203,97.65132904052734
2017-11-28,126.79000091552734,97.78245544433594
2017-11-29,125.54000091552734,96.81841278076172
2017-11-30,125.12000274658203,96.49449920654297
2017-12-01,126.55000305175781,97.79666137695312
2017-12-04,126.61000061035156,97.84298706054688
2017-12-05,127.23999786376953,98.32984161376953
2017-12-06,127.68000030517578,98.66986846923828
2017-12-07,126.68000030517578,97.89710998535156
2017-12-08,126.69000244140625,97.90483093261719
2017-12-11,126.43000030517578,97.70390319824219
2017-12-12,126.37999725341797,97.665283203125
2017-12-13,127.33000183105469,98.39938354492188
2017-12-14,127.87000274658203,98.81671905517578
2017-12-15,128.35000610351562,99.18768310546875
2017-12-18,127.18000030517578,98.28349304199219
2017-12-19,125.52999877929688,97.00837707519531
2017-12-20,124.13999938964844,95.93421173095703
2017-12-21,124.5999984741211,96.49333190917969
2017-12-22,124.7699966430664,96.62498474121094
2017-12-26,125.13999938964844,96.91156005859375
2017-12-27,126.7699966430664,98.17387390136719
2017-12-28,126.66000366210938,98.08869171142578
2017-12-29,126.86000061035156,98.24352264404297
2018-01-02,125.48999786376953,97.18258666992188
2018-01-03,126.08999633789062,97.6472396850586
2018-01-04,126.06999969482422,97.63172912597656
2018-01-05,125.70999908447266,97.3529281616211
2018-01-08,125.62999725341797,97.29105377197266
2018-01-09,123.94999694824219,95.98997497558594
2018-01-10,123.80000305175781,95.87381744384766
2018-01-11,124.30999755859375,96.26876068115234
2018-01-12,124.5199966430664,96.43141174316406
2018-01-16,125.04000091552734,96.8341064453125
2018-01-17,124.87000274658203,96.70247650146484
2018-01-18,123.70999908447266,95.80412292480469
2018-01-19,123.05999755859375,95.30073547363281
2018-01-22,123.18000030517578,95.39368438720703
2018-01-23,123.70999908447266,95.80412292480469
2018-01-24,123.04000091552734,95.28523254394531
2018-01-25,124.05000305175781,96.06742095947266
2018-01-26,123.58999633789062,95.71121215820312
2018-01-29,122.7300033569336,95.04517364501953
2018-01-30,122.01000213623047,94.48757934570312
2018-01-31,122.7300033569336,95.04517364501953
2018-02-01,120.69999694824219,93.6677017211914
2018-02-02,119.58000183105469,92.79853057861328
2018-02-05,120.70999908447266,93.67547607421875
2018-02-06,119.95999908447266,93.09341430664062
2018-02-07,118.81999969482422,92.20877075195312
2018-02-08,118.69000244140625,92.10794067382812
2018-02-09,117.94000244140625,91.52587127685547
2018-02-12,118.45999908447266,91.92939758300781
2018-02-13,118.98999786376953,92.34071350097656
2018-02-14,117.66999816894531,91.31632232666016
2018-02-15,118.06999969482422,91.62673950195312
2018-02-16,118.70999908447266,92.12342071533203
2018-02-20,118.19000244140625,91.7198715209961
2018-02-21,116.73999786376953,90.59461212158203
2018-02-22,117.08999633789062,90.86626434326172
2018-02-23,118.12999725341797,91.67330169677734
2018-02-26,118.16999816894531,91.70435333251953
2018-02-27,118.0,91.57244110107422
2018-02-28,118.75,92.15447998046875
2018-03-01,119.31999969482422,92.7835464477539
2018-03-02,118.3499984741211,92.02925872802734
2018-03-05,118.02999877929688,91.78041076660156
2018-03-06,118.13999938964844,91.86592102050781
2018-03-07,118.01000213623047,91.76484680175781
2018-03-08,118.69000244140625,92.29364776611328
2018-03-09,117.91000366210938,91.68710327148438
2018-03-12,118.58999633789062,92.21588897705078
2018-03-13,119.19000244140625,92.6824722290039
2018-03-14,120.23999786376953,93.49889373779297
2018-03-15,120.23999786376953,93.49889373779297
2018-03-16,119.80999755859375,93.16456604003906
2018-03-19,119.43000030517578,92.86902618408203
2018-03-20,118.94999694824219,92.49584197998047
2018-03-21,119.08000183105469,92.59687805175781
2018-03-22,120.26000213623047,93.51451110839844
2018-03-23,120.16999816894531,93.44450378417969
2018-03-26,119.70999908447266,93.08678436279297
2018-03-27,120.98999786376953,94.08212280273438
2018-03-28,121.30999755859375,94.3309555053711
2018-03-29,121.9000015258789,94.78975677490234
2018-04-02,121.87999725341797,94.97677612304688
2018-04-03,120.94000244140625,94.24429321289062
2018-04-04,120.69000244140625,94.04945373535156
2018-04-05,119.79000091552734,93.34811401367188
2018-04-06,121.0999984741211,94.36890411376953
2018-04-09,121.30000305175781,94.52478790283203
2018-04-10,121.08000183105469,94.35335540771484
2018-04-11,121.51000213623047,94.68843078613281
2018-04-12,120.62000274658203,93.994873046875
2018-04-13,120.9000015258789,94.21310424804688
2018-04-16,120.94000244140625,94.24429321289062
2018-04-17,121.2699966430664,94.50139617919922
2018-04-18,120.30000305175781,93.74552154541016
2018-04-19,119.31999969482422,92.98182678222656
2018-04-20,118.45999908447266,92.31166076660156
2018-04-23,118.48999786376953,92.33505249023438
2018-04-24,117.94999694824219,91.91426849365234
2018-04-25,117.16000366210938,91.29863739013672
2018-04-26,117.9800033569336,91.9376449584961
2018-04-27,118.88999938964844,92.64677429199219
2018-04-30,119.0999984741211,92.81039428710938
2018-05-01,118.41000366210938,92.4761734008789
2018-05-02,118.27999877929688,92.3746109008789
2018-05-03,118.80999755859375,92.78850555419922
2018-05-04,118.98999786376953,92.9291000366211
2018-05-07,118.80000305175781,92.7807388305664
2018-05-08,118.69000244140625,92.6948471069336
2018-05-09,117.9800033569336,92.14032745361328
2018-05-10,118.93000030517578,92.88228607177734
2018-05-11,119.2300033569336,93.11652374267578
2018-05-14,118.5999984741211,92.62455749511719
2018-05-15,117.25,91.57022857666016
2018-05-16,116.80000305175781,91.21878051757812
2018-05-17,116.20999908447266,90.75798034667969
2018-05-18,117.20999908447266,91.53897857666016
2018-05-21,117.2699966430664,91.58584594726562
2018-05-22,117.08999633789062,91.44523620605469
2018-05-23,117.94000244140625,92.10911560058594
2018-05-24,118.87999725341797,92.84321594238281
2018-05-25,119.62000274658203,93.421142578125
2018-05-29,122.23999786376953,95.4673080444336
2018-05-30,121.41999816894531,94.82691192626953
2018-05-31,121.22000122070312,94.67071533203125
2018-06-01,120.30000305175781,94.1705322265625
2018-06-04,119.43000030517578,93.48947143554688
2018-06-05,119.70999908447266,93.70865631103516
2018-06-06,118.73999786376953,92.94930267333984
2018-06-07,119.88999938964844,93.84955596923828
2018-06-08,119.52999877929688,93.56775665283203
2018-06-11,119.30999755859375,93.39553833007812
2018-06-12,119.33999633789062,93.41899871826172
2018-06-13,119.27999877929688,93.37203979492188
2018-06-14,120.2699966430664,94.14704132080078
2018-06-15,120.37999725341797,94.23309326171875
2018-06-18,120.2699966430664,94.14704132080078
2018-06-19,120.97000122070312,94.69497680664062
2018-06-20,119.91000366210938,93.865234375
2018-06-21,120.54000091552734,94.35839080810547
2018-06-22,120.52999877929688,94.35054779052734
2018-06-25,120.80000305175781,94.5618667602539
2018-06-26,120.97000122070312,94.69497680664062
2018-06-27,122.11000061035156,95.58732604980469
2018-06-28,122.13999938964844,95.61083984375
2018-06-29,121.72000122070312,95.28207397460938
2018-07-02,121.3499984741211,95.2075424194336
2018-07-03,122.0,95.71749114990234
2018-07-05,122.3499984741211,95.99210357666016
2018-07-06,122.75,96.30591583251953
2018-07-09,121.95999908447266,95.68611907958984
2018-07-10,121.94999694824219,95.67829132080078
2018-07-11,122.41999816894531,96.04702758789062
2018-07-12,122.41000366210938,96.0391845703125
2018-07-13,122.72000122070312,96.2823715209961
2018-07-16,122.20999908447266,95.88226318359375
2018-07-17,121.9800033569336,95.70184326171875
2018-07-18,121.48999786376953,95.31735229492188
2018-07-19,122.26000213623047,95.92147827148438
2018-07-20,120.76000213623047,94.74462890625
2018-07-23,119.2699966430664,93.57563018798828
2018-07-24,119.68000030517578,93.89734649658203
2018-07-25,119.48999786376953,93.7482681274414
2018-07-26,119.26000213623047,93.5677719116211
2018-07-27,119.45999908447266,93.72471618652344
2018-07-30,119.05000305175781,93.40304565429688
2018-07-31,119.69999694824219,93.91303253173828
2018-08-01,118.45999908447266,93.14791870117188
2018-08-02,118.62999725341797,93.28158569335938
2018-08-03,119.22000122070312,93.7455062866211
2018-08-06,119.29000091552734,93.8005599975586
2018-08-07,118.66999816894531,93.31301879882812
2018-08-08,118.79000091552734,93.40739440917969
2018-08-09,119.79000091552734,94.19371032714844
2018-08-10,120.66000366210938,94.87782287597656
2018-08-13,120.41000366210938,94.6812744140625
2018-08-14,120.13999938964844,94.46892547607422
2018-08-15,120.83999633789062,95.01934814453125
2018-08-16,120.83000183105469,95.01151275634766
2018-08-17,120.9800033569336,95.12944793701172
2018-08-20,121.79000091552734,95.766357421875
2018-08-21,121.37999725341797,95.44397735595703
2018-08-22,121.86000061035156,95.82144165039062
2018-08-23,122.05000305175781,95.97081756591797
2018-08-24,122.29000091552734,96.15949249267578
2018-08-27,121.58999633789062,95.60910034179688
2018-08-28,120.86000061035156,95.03504943847656
2018-08-29,121.0199966430664,95.160888671875
2018-08-30,121.27999877929688,95.36534118652344
2018-08-31,121.0,95.14518737792969
2018-09-04,120.02999877929688,94.59508514404297
2018-09-05,119.70999908447266,94.34290313720703
2018-09-06,120.1500015258789,94.68965148925781
2018-09-07,119.12999725341797,93.8857650756836
2018-09-10,119.56999969482422,94.2325668334961
2018-09-11,118.66000366210938,93.51542663574219
2018-09-12,118.94000244140625,93.73606872558594
2018-09-13,119.12000274658203,93.8779296875
2018-09-14,118.55000305175781,93.42869567871094
2018-09-17,118.55000305175781,93.42869567871094
2018-09-18,117.30999755859375,92.45144653320312
2018-09-19,116.61000061035156,91.89978790283203
2018-09-20,117.1500015258789,92.32539367675781
2018-09-21,117.0999984741211,92.28593444824219
2018-09-24,116.80000305175781,92.04953002929688
2018-09-25,116.68000030517578,91.95494079589844
2018-09-26,117.5,92.60116577148438
2018-09-27,117.58000183105469,92.66424560546875
2018-09-28,117.2699966430664,92.41992950439453
2018-10-01,116.1500015258789,91.74141693115234
2018-10-02,116.86000061035156,92.30219268798828
2018-10-03,114.83000183105469,90.69884490966797
2018-10-04,114.0199966430664,90.05905151367188
2018-10-05,113.04000091552734,89.28499603271484
2018-10-08,112.66000366210938,88.98484802246094
2018-10-09,113.80000305175781,89.88530731201172
2018-10-10,113.48999786376953,89.64042663574219
2018-10-11,114.87000274658203,90.73043823242188
2018-10-12,114.47000122070312,90.41447448730469
2018-10-15,114.41999816894531,90.37498474121094
2018-10-16,114.68000030517578,90.5804214477539
2018-10-17,114.0,90.04328155517578
2018-10-18,113.95999908447266,90.01165771484375
2018-10-19,113.70999908447266,89.81420135498047
2018-10-22,113.55999755859375,89.69571685791016
2018-10-23,113.91999816894531,89.98008728027344
2018-10-24,114.77999877929688,90.65937042236328
2018-10-25,114.30000305175781,90.28023529052734
2018-10-26,114.98999786376953,90.8251953125
2018-10-29,114.7300033569336,90.61986541748047
2018-10-30,114.16000366210938,90.16962432861328
2018-10-31,113.58000183105469,89.71150970458984
2018-11-01,113.41000366210938,89.79466247558594
2018-11-02,112.0,88.67827606201172
2018-11-05,112.44000244140625,89.02664184570312
2018-11-06,112.37000274658203,88.9712142944336
2018-11-07,112.5199966430664,89.0899887084961
2018-11-08,112.51000213623047,89.08209991455078
2018-11-09,113.3499984741211,89.74715423583984
2018-11-12,114.08999633789062,90.33306884765625
2018-11-13,114.0199966430664,90.27761840820312
2018-11-14,114.08999633789062,90.33306884765625
2018-11-15,114.04000091552734,90.29349517822266
2018-11-16,114.69999694824219,90.81600189208984
2018-11-19,115.0199966430664,91.06940460205078
2018-11-20,115.05999755859375,91.10111236572266
2018-11-21,115.0199966430664,91.06940460205078
2018-11-23,115.13999938964844,91.1644058227539
2018-11-26,114.87999725341797,90.95856475830078
2018-11-27,115.01000213623047,91.0615005493164
2018-11-28,114.44999694824219,90.61809539794922
2018-11-29,114.9000015258789,90.97442626953125
2018-11-30,115.33000183105469,91.31486511230469
2018-12-03,115.87999725341797,91.96324157714844
2018-12-04,117.81999969482422,93.50284576416016
2018-12-06,118.19000244140625,93.79650115966797
2018-12-07,118.41000366210938,93.97108459472656
2018-12-10,118.9000015258789,94.35995483398438
2018-12-11,118.87999725341797,94.34403991699219
2018-12-12,118.3499984741211,93.92344665527344
2018-12-13,118.06999969482422,93.70123291015625
2018-12-14,118.4800033569336,94.026611328125
2018-12-17,119.16999816894531,94.57418823242188
2018-12-18,119.5999984741211,95.1406021118164
2018-12-19,121.18000030517578,96.39746856689453
2018-12-20,120.73999786376953,96.0474624633789
2018-12-21,120.72000122070312,96.03155517578125
2018-12-24,121.31999969482422,96.50885772705078
2018-12-26,120.0199966430664,95.4747085571289
2018-12-27,120.04000091552734,95.49063110351562
2018-12-28,121.05000305175781,96.29407501220703
2018-12-31,121.51000213623047,96.66000366210938
2019-01-02,122.1500015258789,97.16908264160156
2019-01-03,123.54000091552734,98.27483367919922
2019-01-04,122.11000061035156,97.13726806640625
2019-01-07,121.75,96.8509292602539
2019-01-08,121.43000030517578,96.59635162353516
2019-01-09,121.23999786376953,96.44525909423828
2019-01-10,120.45999908447266,95.82471466064453
2019-01-11,120.93000030517578,96.1985855102539
2019-01-14,120.4800033569336,95.84062957763672
2019-01-15,120.04000091552734,95.49063110351562
2019-01-16,120.16000366210938,95.58609008789062
2019-01-17,120.19000244140625,95.60995483398438
2019-01-18,119.55999755859375,95.10877227783203
2019-01-22,120.37000274658203,95.75314331054688
2019-01-23,120.31999969482422,95.71338653564453
2019-01-24,121.11000061035156,96.34178161621094
2019-01-25,120.52999877929688,95.88040161132812
2019-01-28,120.41000366210938,95.78495025634766
2019-01-29,121.0199966430664,96.27020263671875
2019-01-30,120.93000030517578,96.1985855102539
2019-01-31,121.97000122070312,97.02591705322266
2019-02-01,120.95999908447266,96.43990325927734
2019-02-04,120.41999816894531,96.00935363769531
2019-02-05,120.97000122070312,96.4478759765625
2019-02-06,121.02999877929688,96.4957046508789
2019-02-07,121.83000183105469,97.13356018066406
2019-02-08,122.3499984741211,97.54813385009766
2019-02-11,121.87000274658203,97.16539764404297
2019-02-12,121.55999755859375,96.9183120727539
2019-02-13,121.0999984741211,96.551513671875
2019-02-14,121.79000091552734,97.1016616821289
2019-02-15,121.9800033569336,97.25313568115234
2019-02-19,122.29000091552734,97.50027465820312
2019-02-20,121.94000244140625,97.22125244140625
2019-02-21,120.8499984741211,96.35223388671875
2019-02-22,121.56999969482422,96.92627716064453
2019-02-25,121.20999908447266,96.63919067382812
2019-02-26,121.80999755859375,97.11759948730469
2019-02-27,120.43000030517578,96.01731872558594
2019-02-28,120.0199966430664,95.69046020507812
2019-03-01,118.66000366210938,94.80598449707031
2019-03-04,119.58999633789062,95.5490493774414
2019-03-05,119.83999633789062,95.74877166748047
2019-03-06,120.27999877929688,96.10029602050781
2019-03-07,121.05999755859375,96.72352600097656
2019-03-08,121.56999969482422,97.13099670410156
2019-03-11,121.20999908447266,96.84333801269531
2019-03-12,122.05999755859375,97.52250671386719
2019-03-13,121.83000183105469,97.33875274658203
2019-03-14,120.94999694824219,96.63562774658203
2019-03-15,121.75,97.27483367919922
2019-03-18,121.68000030517578,97.2188949584961
2019-03-19,121.41000366210938,97.00315856933594
2019-03-20,122.68000030517578,98.01790618896484
2019-03-21,122.94999694824219,98.2336196899414
2019-03-22,124.86000061035156,99.75959014892578
2019-03-25,125.05999755859375,99.91939544677734
2019-03-26,124.97000122070312,99.84752655029297
2019-03-27,126.12000274658203,100.76630401611328
2019-03-28,126.55999755859375,101.11785888671875
2019-03-29,126.44000244140625,101.02201843261719
2019-04-01,124.37000274658203,99.58709716796875
2019-04-02,124.5999984741211,99.7712631225586
2019-04-03,123.5199966430664,98.90647888183594
2019-04-04,123.87000274658203,99.18673706054688
2019-04-05,124.02999877929688,99.3148422241211
2019-04-08,123.58999633789062,98.96250915527344
2019-04-09,123.9800033569336,99.27481079101562
2019-04-10,124.27999877929688,99.51500701904297
2019-04-11,123.55000305175781,98.93049621582031
2019-04-12,122.66999816894531,98.22579193115234
2019-04-15,122.9800033569336,98.47409057617188
2019-04-16,122.20999908447266,97.85750579833984
2019-04-17,122.26000213623047,97.89752960205078
2019-04-18,122.9000015258789,98.41000366210938
2019-04-22,122.30999755859375,97.93756866455078
2019-04-23,122.56999969482422,98.14578247070312
2019-04-24,123.56999969482422,98.94651794433594
2019-04-25,123.38999938964844,98.8023681640625
2019-04-26,123.80999755859375,99.13868713378906
2019-04-29,123.0199966430664,98.5060806274414
2019-04-30,123.6500015258789,99.01056671142578
2019-05-01,123.9000015258789,99.41899108886719
2019-05-02,123.30999755859375,98.9455337524414
2019-05-03,123.66000366210938,99.22640228271484
2019-05-06,124.0,99.49921417236328
2019-05-07,124.94999694824219,100.26154327392578
2019-05-08,124.41000366210938,99.82821655273438
2019-05-09,124.91999816894531,100.23745727539062
2019-05-10,124.75,100.1010513305664
2019-05-13,125.7300033569336,100.88738250732422
2019-05-14,125.36000061035156,100.59051513671875
2019-05-15,126.12999725341797,101.20835876464844
2019-05-16,125.70999908447266,100.87137603759766
2019-05-17,125.98999786376953,101.09603118896484
2019-05-20,125.7300033569336,100.88738250732422
2019-05-21,125.52999877929688,100.72691345214844
2019-05-22,126.25,101.30464172363281
2019-05-23,127.66999816894531,102.44413757324219
2019-05-24,127.77999877929688,102.5323257446289
2019-05-28,128.6999969482422,103.27054595947266
2019-05-29,129.08999633789062,103.58351135253906
2019-05-30,130.1999969482422,104.47418975830078
2019-05-31,131.8300018310547,105.78208923339844
2019-06-03,132.44000244140625,106.48966217041016
2019-06-04,130.92999267578125,105.2755355834961
2019-06-05,130.19000244140625,104.68054962158203
2019-06-06,130.61000061035156,105.01826477050781
2019-06-07,131.74000549316406,105.92687225341797
2019-06-10,130.5,104.9298324584961
2019-06-11,130.5800018310547,104.9941635131836
2019-06-12,130.67999267578125,105.07454681396484
2019-06-13,131.1300048828125,105.43637084960938
2019-06-14,131.4600067138672,105.70172119140625
2019-06-17,131.69000244140625,105.88667297363281
2019-06-18,132.35000610351562,106.4173355102539
2019-06-19,132.5399932861328,106.570068359375
2019-06-20,132.88999938964844,106.85157012939453
2019-06-21,131.42999267578125,105.67757415771484
2019-06-24,132.41000366210938,106.46556854248047
2019-06-25,132.82000732421875,106.79521179199219
2019-06-26,131.97000122070312,106.11177825927734
2019-06-27,132.89999389648438,106.85953521728516
2019-06-28,132.80999755859375,106.78719329833984
2019-07-01,132.24000549316406,106.53742218017578
2019-07-02,133.25999450683594,107.35919952392578
2019-07-03,134.2100067138672,108.12457275390625
2019-07-05,132.42999267578125,106.6904525756836
2019-07-08,132.61000061035156,106.83551788330078
2019-07-09,132.55999755859375,106.79522705078125
2019-07-10,131.8300018310547,106.20713806152344
2019-07-11,130.07000732421875,104.78923797607422
2019-07-12,130.22000122070312,104.91004180908203
2019-07-15,130.97000122070312,105.5142822265625
2019-07-16,130.5800018310547,105.20005798339844
2019-07-17,131.99000549316406,106.3360595703125
2019-07-18,132.0,106.34412384033203
2019-07-19,131.69000244140625,106.0943832397461
2019-07-22,131.94000244140625,106.29573059082031
2019-07-23,131.22000122070312,105.71570587158203
2019-07-24,131.7899932861328,106.17489624023438
2019-07-25,131.16000366210938,105.66732025146484
2019-07-26,131.47000122070312,105.9171142578125
2019-07-29,131.50999450683594,105.9493408203125
2019-07-30,131.8300018310547,106.20713806152344
2019-07-31,132.88999938964844,107.06108856201172
2019-08-01,135.25999450683594,109.1873550415039
2019-08-02,136.50999450683594,110.19647979736328
2019-08-05,138.8699951171875,112.10155487060547
2019-08-06,139.97999572753906,112.99755859375
2019-08-07,140.02999877929688,113.03791046142578
2019-08-08,140.3300018310547,113.28009796142578
2019-08-09,140.0500030517578,113.05406951904297
2019-08-12,142.97000122070312,115.41116333007812
2019-08-13,142.47999572753906,115.01568603515625
2019-08-14,145.69000244140625,117.60688781738281
2019-08-15,147.30999755859375,118.91460418701172
2019-08-16,146.1300048828125,117.96208953857422
2019-08-19,144.0399932861328,116.27493286132812
2019-08-20,145.52999877929688,117.47773742675781
2019-08-21,144.55999755859375,116.69469451904297
2019-08-22,143.60000610351562,115.91976928710938
2019-08-23,145.9600067138672,117.8248291015625
2019-08-26,145.3699951171875,117.34861755371094
2019-08-27,147.61000061035156,119.15679931640625
2019-08-28,147.8000030517578,119.3101577758789
2019-08-29,147.24000549316406,118.85816192626953
2019-08-30,147.27999877929688,118.89044952392578
2019-09-03,147.2100067138672,119.04409790039062
2019-09-04,147.42999267578125,119.22196197509766
2019-09-05,144.75999450683594,117.06280517578125
2019-09-06,145.7899932861328,117.89579010009766
2019-09-09,143.1999969482422,115.80131530761719
2019-09-10,140.69000244140625,113.77152252197266
2019-09-11,140.44000244140625,113.56941986083984
2019-09-12,139.52000427246094,112.8254165649414
2019-09-13,136.5399932861328,110.41558837890625
2019-09-16,138.27999877929688,111.82266235351562
2019-09-17,139.02999877929688,112.42918395996094
2019-09-18,139.6199951171875,112.90630340576172
2019-09-19,140.0399932861328,113.24592590332031
2019-09-20,141.88999938964844,114.74192810058594
2019-09-23,141.86000061035156,114.71768188476562
2019-09-24,143.57000732421875,116.10053253173828
2019-09-25,141.47000122070312,114.40230560302734
2019-09-26,142.3800048828125,115.13819885253906
2019-09-27,142.72999572753906,115.42120361328125
2019-09-30,143.0800018310547,115.70426177978516
2019-10-01,143.25999450683594,116.05255126953125
2019-10-02,143.61000061035156,116.3361587524414
2019-10-03,144.9199981689453,117.39726257324219
2019-10-04,145.99000549316406,118.26416778564453
2019-10-07,144.77999877929688,117.28386688232422
2019-10-08,145.1699981689453,117.59986877441406
2019-10-09,144.35000610351562,116.93560791015625
2019-10-10,142.1999969482422,115.19391632080078
2019-10-11,140.44000244140625,113.76820373535156
2019-10-14,141.4600067138672,114.59443664550781
2019-10-15,139.75,113.20922088623047
2019-10-16,139.9199981689453,113.34686279296875
2019-10-17,139.5800018310547,113.07147216796875
2019-10-18,139.5800018310547,113.07147216796875
2019-10-21,138.52999877929688,112.22090148925781
2019-10-22,139.33999633789062,112.87708282470703
2019-10-23,139.47999572753906,112.99046325683594
2019-10-24,139.1999969482422,112.7636489868164
2019-10-25,138.52000427246094,112.21281433105469
2019-10-28,137.25999450683594,111.19207763671875
2019-10-29,137.35000610351562,111.26498413085938
2019-10-30,139.36000061035156,112.89324951171875
2019-10-31,141.24000549316406,114.41622161865234
2019-11-01,140.55999755859375,114.06399536132812
2019-11-04,138.7100067138672,112.56280517578125
2019-11-05,137.14999389648438,111.29684448242188
2019-11-06,137.97999572753906,111.97039794921875
2019-11-07,135.47999572753906,109.9416732788086
2019-11-08,134.91000366210938,109.47908782958984
2019-11-11,135.0,109.55209350585938
2019-11-12,135.6199951171875,110.05524444580078
2019-11-13,136.5,110.76937866210938
2019-11-14,137.91000366210938,111.9135513305664
2019-11-15,137.75999450683594,111.79181671142578
2019-11-18,138.00999450683594,111.99470520019531
2019-11-19,139.16000366210938,112.92791748046875
2019-11-20,140.60000610351562,114.09649658203125
2019-11-21,139.72000122070312,113.38240051269531
2019-11-22,139.89999389648438,113.52838897705078
2019-11-25,140.30999755859375,113.86113739013672
2019-11-26,141.1300048828125,114.52656555175781
2019-11-27,140.72000122070312,114.1938705444336
2019-11-29,140.4199981689453,113.9504165649414
2019-12-02,138.30999755859375,112.43112182617188
2019-12-03,141.2100067138672,114.7885513305664
2019-12-04,139.8000030517578,113.64231872558594
2019-12-05,139.1199951171875,113.08956146240234
2019-12-06,138.35000610351562,112.46363830566406
2019-12-09,138.64999389648438,112.70748901367188
2019-12-10,138.66000366210938,112.71561431884766
2019-12-11,139.75,113.60169982910156
2019-12-12,137.4499969482422,111.73198699951172
2019-12-13,139.0399932861328,113.02454376220703
2019-12-16,137.7899932861328,112.0083999633789
2019-12-17,137.60000610351562,111.85398864746094
2019-12-18,136.47000122070312,110.9354019165039
2019-12-19,136.47000122070312,111.11292266845703
2019-12-20,136.64999389648438,111.25946044921875
2019-12-23,136.4499969482422,111.09659576416016
2019-12-24,136.83999633789062,111.41413116455078
2019-12-26,137.1699981689453,111.68284606933594
2019-12-27,137.32000732421875,111.80499267578125
2019-12-30,136.82000732421875,111.3978500366211
2019-12-31,135.47999572753906,110.30683898925781
2020-01-02,137.00999450683594,111.55253601074219
2020-01-03,139.1199951171875,113.2704849243164
2020-01-06,138.3300018310547,112.62725830078125
2020-01-07,137.64999389648438,112.07366180419922
2020-01-08,136.74000549316406,111.332763671875
2020-01-09,137.22000122070312,111.72354888916016
2020-01-10,138.44000244140625,112.71688079833984
2020-01-13,138.02000427246094,112.37487030029297
2020-01-14,138.72999572753906,112.95297241210938
2020-01-15,139.64999389648438,113.7020034790039
2020-01-16,139.2100067138672,113.34383392333984
2020-01-17,138.02000427246094,112.37487030029297
2020-01-21,139.47000122070312,113.55547332763672
2020-01-22,139.9600067138672,113.95446014404297
2020-01-23,140.94000244140625,114.7523422241211
2020-01-24,142.0800018310547,115.68058013916016
2020-01-27,144.2899932861328,117.47988891601562
2020-01-28,143.16000366210938,116.55986022949219
2020-01-29,144.55999755859375,117.69971466064453
2020-01-30,144.5800018310547,117.71605682373047
2020-01-31,145.89999389648438,118.79074096679688
2020-02-03,145.5399932861328,118.69453430175781
2020-02-04,143.5800018310547,117.09605407714844
2020-02-05,142.00999450683594,115.81561279296875
2020-02-06,142.64999389648438,116.33758544921875
2020-02-07,144.42999267578125,117.78927612304688
2020-02-10,144.8300018310547,118.11550903320312
2020-02-11,144.10000610351562,117.52012634277344
2020-02-12,143.3699951171875,116.92472076416016
2020-02-13,143.9199981689453,117.37333679199219
2020-02-14,144.5500030517578,117.88711547851562
2020-02-18,145.5399932861328,118.69453430175781
2020-02-19,145.52999877929688,118.68631744384766
2020-02-20,146.6699981689453,119.61610412597656
2020-02-21,148.0399932861328,120.73332977294922
2020-02-24,150.25,122.53569030761719
2020-02-25,151.0500030517578,123.18814086914062
2020-02-26,150.25,122.53569030761719
2020-02-27,151.8800048828125,123.86503601074219
2020-02-28,155.30999755859375,126.662353515625
2020-03-02,153.94000244140625,125.73046112060547
2020-03-03,156.3300018310547,127.68238830566406
2020-03-04,154.6699981689453,126.32672119140625
2020-03-05,158.52000427246094,129.4711456298828
2020-03-06,166.77000427246094,136.2094268798828
2020-03-09,171.2899932861328,139.9010772705078
2020-03-10,162.50999450683594,132.7300567626953
2020-03-11,156.52999877929688,127.84579467773438
2020-03-12,157.5,128.63809204101562
2020-03-13,153.94000244140625,125.73046112060547
2020-03-16,163.91000366210938,133.8734588623047
2020-03-17,152.97999572753906,124.94639587402344
2020-03-18,144.35000610351562,117.89785766601562
2020-03-19,148.27999877929688,121.10772705078125
2020-03-20,159.42999267578125,130.2144317626953
2020-03-23,166.0,135.58045959472656
2020-03-24,162.91000366210938,133.05673217773438
2020-03-25,162.5399932861328,132.75445556640625
2020-03-26,163.33999633789062,133.40789794921875
2020-03-27,167.6999969482422,136.9689178466797
2020-03-30,166.32000732421875,135.84182739257812
2020-03-31,164.97000122070312,134.73922729492188
2020-04-01,167.0399932861328,136.62709045410156
2020-04-02,168.10000610351562,137.49403381347656
2020-04-03,168.5,137.82113647460938
2020-04-06,168.05999755859375,137.46133422851562
2020-04-07,166.3000030517578,136.02175903320312
2020-04-08,165.08999633789062,135.0320281982422
2020-04-09,165.38999938964844,135.27745056152344
2020-04-13,163.8800048828125,134.0423126220703
2020-04-14,163.83999633789062,134.0095977783203
2020-04-15,168.17999267578125,137.55946350097656
2020-04-16,170.08999633789062,139.12176513671875
2020-04-17,167.80999755859375,137.2567901611328
2020-04-20,169.16000366210938,138.36102294921875
2020-04-21,171.2899932861328,140.1031494140625
2020-04-22,169.5399932861328,138.6718292236328
2020-04-23,170.44000244140625,139.4080047607422
2020-04-24,170.83999633789062,139.73513793945312
2020-04-27,167.66000366210938,137.1341094970703
2020-04-28,169.58999633789062,138.71273803710938
2020-04-29,168.7100067138672,137.99293518066406
2020-04-30,166.74000549316406,136.381591796875
2020-05-01,167.9499969482422,137.54949951171875
2020-05-04,167.16000366210938,136.90248107910156
2020-05-05,166.08999633789062,136.0261688232422
2020-05-06,163.41000366210938,133.83128356933594
2020-05-07,166.13999938964844,136.0671844482422
2020-05-08,163.97999572753906,134.298095703125
2020-05-11,162.6999969482422,133.24977111816406
2020-05-12,164.3699951171875,134.61753845214844
2020-05-13,165.52000427246094,135.55941772460938
2020-05-14,167.13999938964844,136.88616943359375
2020-05-15,166.7100067138672,136.53399658203125
2020-05-18,163.0500030517578,133.53652954101562
2020-05-19,163.66000366210938,134.03602600097656
2020-05-20,164.14999389648438,134.43734741210938
2020-05-21,164.55999755859375,134.77313232421875
2020-05-22,165.5500030517578,135.5839080810547
2020-05-26,163.3300018310547,133.76571655273438
2020-05-27,163.02999877929688,133.52005004882812
2020-05-28,162.42999267578125,133.02867126464844
2020-05-29,163.58999633789062,133.97872924804688
2020-06-01,162.27999877929688,133.07667541503906
2020-06-02,161.69000244140625,132.59280395507812
2020-06-03,159.5399932861328,130.8297882080078
2020-06-04,157.22999572753906,128.93540954589844
2020-06-05,156.11000061035156,128.0169677734375
2020-06-08,156.7100067138672,128.5089874267578
2020-06-09,158.49000549316406,129.96868896484375
2020-06-10,160.83999633789062,131.89576721191406
2020-06-11,163.8800048828125,134.38873291015625
2020-06-12,162.3000030517578,133.0930633544922
2020-06-15,162.38999938964844,133.16690063476562
2020-06-16,159.89999389648438,131.1249237060547
2020-06-17,160.55999755859375,131.666259765625
2020-06-18,162.25999450683594,133.06031799316406
2020-06-19,162.38999938964844,133.16690063476562
2020-06-22,162.41000366210938,133.18324279785156
2020-06-23,161.3000030517578,132.2730255126953
2020-06-24,163.02999877929688,133.6916961669922
2020-06-25,163.5,134.07713317871094
2020-06-26,165.25,135.51219177246094
2020-06-29,164.72999572753906,135.08578491210938
2020-06-30,163.92999267578125,134.4297637939453
2020-07-01,163.4199981689453,134.16867065429688
2020-07-02,163.58999633789062,134.30819702148438
2020-07-06,162.9199981689453,133.7581787109375
2020-07-07,165.2100067138672,135.63832092285156
2020-07-08,164.5500030517578,135.09637451171875
2020-07-09,167.1699981689453,137.24742126464844
2020-07-10,166.3300018310547,136.55780029296875
2020-07-13,166.8800048828125,137.00933837890625
2020-07-14,167.1199951171875,137.20635986328125
2020-07-15,166.33999633789062,136.56600952148438
2020-07-16,167.1300048828125,137.21458435058594
2020-07-17,166.77999877929688,136.92718505859375
2020-07-20,167.19000244140625,137.26388549804688
2020-07-21,167.2899932861328,137.345947265625
2020-07-22,167.7899932861328,137.75640869140625
2020-07-23,169.75,139.36566162109375
2020-07-24,169.74000549316406,139.35740661621094
2020-07-27,169.11000061035156,138.84017944335938
2020-07-28,170.27999877929688,139.80072021484375
2020-07-29,169.99000549316406,139.5626678466797
2020-07-30,171.11000061035156,140.48214721679688
2020-07-31,171.0,140.39183044433594
2020-08-03,169.9499969482422,139.6850128173828
2020-08-04,171.57000732421875,141.01654052734375
2020-08-05,170.07000732421875,139.78366088867188
2020-08-06,171.02000427246094,140.5644989013672
2020-08-07,169.8800048828125,139.62747192382812
2020-08-10,169.1199951171875,139.0028533935547
2020-08-11,167.11000061035156,137.35079956054688
2020-08-12,165.58999633789062,136.1014862060547
2020-08-13,163.82000732421875,134.6466827392578
2020-08-14,163.17999267578125,134.1206512451172
2020-08-17,163.58999633789062,134.4576416015625
2020-08-18,164.75999450683594,135.41928100585938
2020-08-19,163.72999572753906,134.57264709472656
2020-08-20,165.2100067138672,135.78915405273438
2020-08-21,166.1999969482422,136.60281372070312
2020-08-24,165.92999267578125,136.38092041015625
2020-08-25,164.66000366210938,135.33702087402344
2020-08-26,164.02999877929688,134.8192901611328
2020-08-27,161.24000549316406,132.526123046875
2020-08-28,161.1199951171875,132.42747497558594
2020-08-31,162.19000244140625,133.3069305419922
2020-09-01,163.86000061035156,134.83163452148438
2020-09-02,165.4199981689453,136.11532592773438
2020-09-03,165.88999938964844,136.5020751953125
2020-09-04,162.74000549316406,133.9101104736328
2020-09-08,163.74000549316406,134.73291015625
2020-09-09,163.3000030517578,134.3709259033203
2020-09-10,164.1300048828125,135.05389404296875
2020-09-11,164.47999572753906,135.3418426513672
2020-09-14,164.47000122070312,135.3336181640625
2020-09-15,164.07000732421875,135.00442504882812
2020-09-16,163.5800018310547,134.60128784179688
2020-09-17,164.0800018310547,135.01272583007812
2020-09-18,163.57000732421875,134.59307861328125
2020-09-21,164.39999389648438,135.2760467529297
2020-09-22,164.27000427246094,135.1689910888672
2020-09-23,164.49000549316406,135.3500518798828
2020-09-24,165.1199951171875,135.86842346191406
2020-09-25,165.1199951171875,135.86842346191406
2020-09-28,164.64999389648438,135.48178100585938
2020-09-29,164.83999633789062,135.63809204101562
2020-09-30,163.25999450683594,134.3379364013672
2020-10-01,163.36000061035156,134.5595245361328
2020-10-02,162.75,134.0570526123047
2020-10-05,159.57000732421875,131.43775939941406
2020-10-06,160.42999267578125,132.14608764648438
2020-10-07,159.25999450683594,131.18234252929688
2020-10-08,160.1199951171875,131.89077758789062
2020-10-09,160.08999633789062,131.8660888671875
2020-10-12,160.60000610351562,132.2861785888672
2020-10-13,161.75,133.23338317871094
2020-10-14,162.1199951171875,133.53817749023438
2020-10-15,161.83999633789062,133.3074951171875
2020-10-16,161.38999938964844,132.9368133544922
2020-10-19,160.77999877929688,132.43443298339844
2020-10-20,159.25,131.17416381835938
2020-10-21,158.6999969482422,130.72100830078125
2020-10-22,157.0500030517578,129.36204528808594
2020-10-23,158.00999450683594,130.1527862548828
2020-10-26,159.47999572753906,131.36358642578125
2020-10-27,160.5500030517578,132.2449188232422
2020-10-28,160.6999969482422,132.36851501464844
2020-10-29,159.13999938964844,131.08346557617188
2020-10-30,157.57000732421875,129.79034423828125
2020-11-02,158.5800018310547,130.76251220703125
2020-11-03,157.66000366210938,130.00390625
2020-11-04,161.0800018310547,132.82394409179688
2020-11-05,161.36000061035156,133.05484008789062
2020-11-06,159.41000366210938,131.44692993164062
2020-11-09,156.05999755859375,128.68447875976562
2020-11-10,155.16000366210938,127.94244384765625
2020-11-11,155.72000122070312,128.40423583984375
2020-11-12,158.3699951171875,130.58934020996094
2020-11-13,158.16000366210938,130.4161834716797
2020-11-16,157.77999877929688,130.10287475585938
2020-11-17,158.80999755859375,130.95217895507812
2020-11-18,159.27000427246094,131.33151245117188
2020-11-19,160.08999633789062,132.0076141357422
2020-11-20,161.50999450683594,133.17849731445312
2020-11-23,160.77000427246094,132.5683135986328
2020-11-24,159.1699981689453,131.24905395507812
2020-11-25,158.67999267578125,130.844970703125
2020-11-27,160.22000122070312,132.11483764648438
2020-11-30,160.02000427246094,131.949951171875
2020-12-01,157.5,130.00439453125
2020-12-02,156.25,128.9726104736328
2020-12-03,157.50999450683594,130.01266479492188
2020-12-04,155.1999969482422,128.10585021972656
2020-12-07,156.60000610351562,129.26150512695312
2020-12-08,157.33999633789062,129.87225341796875
2020-12-09,156.82000732421875,129.44305419921875
2020-12-10,158.2100067138672,130.5904998779297
2020-12-11,158.77000427246094,131.0526885986328
2020-12-14,158.3300018310547,130.689453125
2020-12-15,157.8000030517578,130.25205993652344
2020-12-16,157.3800048828125,129.9053192138672
2020-12-17,156.8000030517578,129.5615997314453
2020-12-18,156.3300018310547,129.1732177734375
2020-12-21,156.9499969482422,129.68551635742188
2020-12-22,157.75999450683594,130.3548126220703
2020-12-23,156.6699981689453,129.45413208007812
2020-12-24,157.2899932861328,129.9664764404297
2020-12-28,157.36000061035156,130.0242919921875
2020-12-29,157.16000366210938,129.8590545654297
2020-12-30,157.5,130.13999938964844
2020-12-31,157.72999572753906,130.33006286621094
2021-01-04,157.5399932861328,130.17303466796875
2021-01-05,156.3699951171875,129.2063751220703
2021-01-06,153.16000366210938,126.553955078125
2021-01-07,151.80999755859375,125.4384536743164
2021-01-08,151.32000732421875,125.03358459472656
2021-01-11,151.07000732421875,124.82697296142578
2021-01-12,150.9499969482422,124.72783660888672
2021-01-13,152.64999389648438,126.13250732421875
2021-01-14,151.22000122070312,124.95089721679688
2021-01-15,151.82000732421875,125.44671630859375
2021-01-19,152.30999755859375,125.8515625
2021-01-20,152.4600067138672,125.97554779052734
2021-01-21,151.38999938964844,125.09136199951172
2021-01-22,151.8800048828125,125.49628448486328
2021-01-25,153.6699981689453,126.97528839111328
2021-01-26,153.3800048828125,126.7356948852539
2021-01-27,153.77000427246094,127.05790710449219
2021-01-28,152.9199981689453,126.35554504394531
2021-01-29,152.0,125.59540557861328
2021-02-01,152.0,125.74099731445312
2021-02-02,151.02000427246094,124.93028259277344
2021-02-03,149.67999267578125,123.82186126708984
2021-02-04,149.27999877929688,123.49093627929688
2021-02-05,148.02999877929688,122.45685577392578
2021-02-08,148.67999267578125,122.99455261230469
2021-02-09,148.7899932861328,123.08554077148438
2021-02-10,149.77999877929688,123.904541015625
2021-02-11,148.9600067138672,123.22622680664062
2021-02-12,147.11000061035156,121.69581604003906
2021-02-16,144.8699951171875,119.84272003173828
2021-02-17,145.7899932861328,120.60382080078125
2021-02-18,145.1999969482422,120.11578369140625
2021-02-19,143.27000427246094,118.51913452148438
2021-02-22,142.17999267578125,117.61749267578125
2021-02-23,141.77000427246094,117.27832794189453
2021-02-24,140.83999633789062,116.50897216796875
2021-02-25,138.5399932861328,114.60628509521484
2021-02-26,143.1199951171875,118.39509582519531
2021-03-01,141.05999755859375,116.83142852783203
2021-03-02,141.07000732421875,116.83963775634766
2021-03-03,139.5399932861328,115.57245635986328
2021-03-04,138.63999938964844,114.8270492553711
2021-03-05,138.91000366210938,115.05068969726562
2021-03-08,137.8300018310547,114.15616607666016
2021-03-09,139.74000549316406,115.73811340332031
2021-03-10,140.02000427246094,115.9699935913086
2021-03-11,139.00999450683594,115.1334457397461
2021-03-12,136.05999755859375,112.6902084350586
2021-03-15,136.86000061035156,113.3527603149414
2021-03-16,136.30999755859375,112.89720153808594
2021-03-17,135.2899932861328,112.05242156982422
2021-03-18,133.9199981689453,110.9177474975586
2021-03-19,134.75,111.60517120361328
2021-03-22,136.25999450683594,112.8558120727539
2021-03-23,137.49000549316406,113.87458801269531
2021-03-24,138.22999572753906,114.48748016357422
2021-03-25,137.13999938964844,113.58468627929688
2021-03-26,136.66000366210938,113.18711853027344
2021-03-29,135.5,112.2263412475586
2021-03-30,136.2100067138672,112.8144302368164
2021-03-31,135.4499969482422,112.18496704101562
2021-04-01,137.50999450683594,114.046875
2021-04-05,136.91000366210938,113.5492935180664
2021-04-06,137.83999633789062,114.32059478759766
2021-04-07,136.8800048828125,113.52442169189453
2021-04-08,138.00999450683594,114.46158599853516
2021-04-09,137.50999450683594,114.046875
2021-04-12,137.4499969482422,113.99715423583984
2021-04-13,138.47999572753906,114.85137939453125
2021-04-14,138.0399932861328,114.4864730834961
2021-04-15,140.35000610351562,116.40234375
2021-04-16,139.25999450683594,115.498291015625
2021-04-19,138.86000061035156,115.16653442382812
2021-04-20,139.5,115.69737243652344
2021-04-21,139.77999877929688,115.92958068847656
2021-04-22,140.38999938964844,116.43549346923828
2021-04-23,140.05999755859375,116.16178131103516
2021-04-26,139.86000061035156,115.99591827392578
2021-04-27,138.63999938964844,114.98407745361328
2021-04-28,138.72999572753906,115.05879211425781
2021-04-29,138.32000732421875,114.71868896484375
2021-04-30,138.63999938964844,114.98407745361328
2021-05-03,138.52000427246094,115.05305480957031
2021-05-04,139.4600067138672,115.83377075195312
2021-05-05,139.69000244140625,116.02484893798828
2021-05-06,139.9199981689453,116.21585083007812
2021-05-07,139.22999572753906,115.64275360107422
2021-05-10,137.82000732421875,114.47161102294922
2021-05-11,137.0399932861328,113.82374572753906
2021-05-12,135.60000610351562,112.62772369384766
2021-05-13,135.80999755859375,112.80216217041016
2021-05-14,137.0800018310547,113.85702514648438
2021-05-17,136.7899932861328,113.6161117553711
2021-05-18,136.44000244140625,113.32542419433594
2021-05-19,136.11000061035156,113.05128479003906
2021-05-20,137.22999572753906,113.98155975341797
2021-05-21,137.6699981689453,114.3470458984375
2021-05-24,138.17999267578125,114.77062225341797
2021-05-25,139.4600067138672,115.83377075195312
2021-05-26,139.22000122070312,115.63447570800781
2021-05-27,138.66000366210938,115.1693115234375
2021-05-28,138.44000244140625,114.98658752441406
2021-06-01,138.2100067138672,114.96080780029297
2021-06-02,138.52999877929688,115.22697448730469
2021-06-03,138.00999450683594,114.79444122314453
2021-06-04,139.89999389648438,116.36647033691406
2021-06-07,139.47000122070312,116.00885009765625
2021-06-08,140.4499969482422,116.82398986816406
2021-06-09,141.69000244140625,117.85538482666016
2021-06-10,142.5399932861328,118.56242370605469
2021-06-11,142.30999755859375,118.3710708618164
2021-06-14,141.22000122070312,117.46443939208984
2021-06-15,141.0500030517578,117.32307434082031
2021-06-16,140.92999267578125,117.22322845458984
2021-06-17,143.0399932861328,118.97827911376953
2021-06-18,145.72999572753906,121.2158432006836
2021-06-21,143.2899932861328,119.1862564086914
2021-06-22,143.63999938964844,119.47735595703125
2021-06-23,143.27000427246094,119.16958618164062
2021-06-24,143.5,119.36095428466797
2021-06-25,142.00999450683594,118.12155151367188
2021-06-28,143.47000122070312,119.3359603881836
2021-06-29,143.7100067138672,119.53560638427734
2021-06-30,144.35000610351562,120.06796264648438
2021-07-01,144.1699981689453,120.07461547851562
2021-07-02,145.0399932861328,120.79920959472656
2021-07-06,146.74000549316406,122.21504974365234
2021-07-07,148.0399932861328,123.29777526855469
2021-07-08,148.6199951171875,123.78083801269531
2021-07-09,146.52999877929688,122.0401382446289
2021-07-12,146.33999633789062,121.88191223144531
2021-07-13,145.22000122070312,120.94911193847656
2021-07-14,146.8699951171875,122.32337188720703
2021-07-15,148.49000549316406,123.67262268066406
2021-07-16,148.2100067138672,123.43936920166016
2021-07-19,151.4600067138672,126.14619445800781
2021-07-20,150.0,124.93026733398438
2021-07-21,148.10000610351562,123.34777069091797
2021-07-22,149.5,124.51378631591797
2021-07-23,148.5,123.68090057373047
2021-07-26,148.05999755859375,123.31446075439453
2021-07-27,149.63999938964844,124.63042449951172
2021-07-28,149.64999389648438,124.63876342773438
2021-07-29,148.82000732421875,123.94746398925781
2021-07-30,149.52000427246094,124.5304946899414
2021-08-02,150.6699981689453,125.64118957519531
2021-08-03,150.75,125.70794677734375
2021-08-04,151.05999755859375,125.96637725830078
2021-08-05,150.2899932861328,125.32433319091797
2021-08-06,147.77999877929688,123.23125457763672
2021-08-09,147.25,122.78929138183594
2021-08-10,146.57000732421875,122.22227478027344
2021-08-11,146.47999572753906,122.14720153808594
2021-08-12,146.24000549316406,121.94701385498047
2021-08-13,148.5500030517578,123.87336730957031
2021-08-16,148.91000366210938,124.17355346679688
2021-08-17,148.85000610351562,124.1235580444336
2021-08-18,149.35000610351562,124.54048919677734
2021-08-19,150.4499969482422,125.45774841308594
2021-08-20,150.5500030517578,125.54115295410156
2021-08-23,150.4499969482422,125.45774841308594
2021-08-24,149.27999877929688,124.48212432861328
2021-08-25,148.0399932861328,123.44804382324219
2021-08-26,148.4499969482422,123.78998565673828
2021-08-27,149.4600067138672,124.63220977783203
2021-08-30,149.85000610351562,124.9573974609375
2021-08-31,148.8300018310547,124.1067886352539
2021-09-01,148.88999938964844,124.31477355957031
2021-09-02,149.5399932861328,124.85746002197266
2021-09-03,148.17999267578125,123.72189331054688
2021-09-07,146.92999267578125,122.67823791503906
2021-09-08,147.92999267578125,123.51319885253906
2021-09-09,149.72000122070312,125.00779724121094
2021-09-10,148.39999389648438,123.90559387207031
2021-09-13,149.3000030517578,124.65705108642578
2021-09-14,151.11000061035156,126.1683120727539
2021-09-15,150.5800018310547,125.72576904296875
2021-09-16,149.88999938964844,125.1496810913086
2021-09-17,149.1699981689453,124.548583984375
2021-09-20,151.02000427246094,126.09314727783203
2021-09-21,150.88999938964844,125.98462677001953
2021-09-22,151.7899932861328,126.73606872558594
2021-09-23,148.36000061035156,123.87223815917969
2021-09-24,146.91000366210938,122.66152954101562
2021-09-27,146.3699951171875,122.21068572998047
2021-09-28,144.08999633789062,120.3070297241211
2021-09-29,144.33999633789062,120.5157699584961
2021-09-30,144.32000732421875,120.4990463256836
2021-10-01,145.35000610351562,121.51309967041016
2021-10-04,144.97999572753906,121.20378112792969
2021-10-05,143.5800018310547,120.03343200683594
2021-10-06,144.38999938964844,120.7105484008789
2021-10-07,142.8800048828125,119.44820404052734
2021-10-08,141.8800048828125,118.6122055053711
2021-10-11,141.52000427246094,118.31126403808594
2021-10-12,143.94000244140625,120.33440399169922
2021-10-13,145.33999633789062,121.5047378540039
2021-10-14,145.8800048828125,121.9561996459961
2021-10-15,145.02999877929688,121.24560546875
2021-10-18,145.7100067138672,121.81409454345703
2021-10-19,143.6999969482422,120.13373565673828
2021-10-20,142.72999572753906,119.32278442382812
2021-10-21,142.55999755859375,119.18067932128906
2021-10-22,144.1300048828125,120.49320220947266
2021-10-25,143.91000366210938,120.3092269897461
2021-10-26,145.10000610351562,121.30410766601562
2021-10-27,147.74000549316406,123.51119232177734
2021-10-28,147.24000549316406,123.09321594238281
2021-10-29,147.69000244140625,123.46937561035156
2021-11-01,146.44000244140625,122.58041381835938
2021-11-02,147.08999633789062,123.12450408935547
2021-11-03,145.57000732421875,121.85224151611328
2021-11-04,147.10000610351562,123.1328353881836
2021-11-05,149.3000030517578,124.97440338134766
2021-11-08,149.02000427246094,124.74005126953125
2021-11-09,150.9600067138672,126.3639144897461
2021-11-10,148.1999969482422,124.05362701416016
2021-11-11,147.97999572753906,123.86949920654297
2021-11-12,147.3300018310547,123.32539367675781
2021-11-15,145.47999572753906,121.77680969238281
2021-11-16,145.11000061035156,121.4671630859375
2021-11-17,146.25999450683594,122.42974853515625
2021-11-18,146.80999755859375,122.89010620117188
2021-11-19,148.36000061035156,124.18758392333984
2021-11-22,146.6199951171875,122.73106384277344
2021-11-23,144.5,120.95649719238281
2021-11-24,146.82000732421875,122.89849090576172
2021-11-26,150.52999877929688,126.00402069091797
2021-11-29,149.32000732421875,124.99119567871094
2021-11-30,151.58999633789062,126.89130401611328
2021-12-01,152.33999633789062,127.67411804199219
2021-12-02,152.52999877929688,127.83335876464844
2021-12-03,154.35000610351562,129.3585968017578
2021-12-06,152.22999572753906,127.58186340332031
2021-12-07,151.0,126.55099487304688
2021-12-08,148.38999938964844,124.36361694335938
2021-12-09,149.22000122070312,125.05928039550781
2021-12-10,148.86000061035156,124.7575454711914
2021-12-13,151.05999755859375,126.601318359375
2021-12-14,150.6999969482422,126.29965209960938
2021-12-15,149.25,125.08435821533203
2021-12-16,149.13999938964844,125.133056640625
2021-12-17,150.8300018310547,126.55097961425781
2021-12-20,149.6999969482422,125.6028823852539
2021-12-21,149.1300048828125,125.12467956542969
2021-12-22,149.82000732421875,125.70360565185547
2021-12-23,148.52000427246094,124.61288452148438
2021-12-27,148.8800048828125,124.91492462158203
2021-12-28,148.2899932861328,124.41988372802734
2021-12-29,146.6699981689453,123.06062316894531
2021-12-30,147.89999389648438,124.0926742553711
2021-12-31,148.19000244140625,124.3360366821289
2022-01-03,144.3000030517578,121.07212829589844
2022-01-04,143.6999969482422,120.56875610351562
2022-01-05,142.9199981689453,119.91423797607422
2022-01-06,143.2899932861328,120.22467041015625
2022-01-07,142.25999450683594,119.36048889160156
2022-01-10,142.61000061035156,119.65420532226562
2022-01-11,143.55999755859375,120.45124816894531
2022-01-12,143.00999450683594,119.98971557617188
2022-01-13,144.27999877929688,121.05535125732422
2022-01-14,142.10000610351562,119.22631072998047
2022-01-18,140.10000610351562,117.54822540283203
2022-01-19,141.07000732421875,118.36209869384766
2022-01-20,141.94000244140625,119.09202575683594
2022-01-21,143.6300048828125,120.50996398925781
2022-01-24,142.4499969482422,119.51997375488281
2022-01-25,142.22000122070312,119.3269271850586
2022-01-26,140.5,117.8837661743164
2022-01-27,143.0800018310547,120.04853057861328
2022-01-28,143.1300048828125,120.09050750732422
2022-01-31,142.38999938964844,119.4696273803711
2022-02-01,141.72000122070312,119.07306671142578
2022-02-02,142.1999969482422,119.47636413574219
2022-02-03,141.08999633789062,118.54367065429688
2022-02-04,139.00999450683594,116.79608917236328
2022-02-07,139.10000610351562,116.8717269897461
2022-02-08,138.1699981689453,116.09028625488281
2022-02-09,138.42999267578125,116.30876922607422
2022-02-10,136.22999572753906,114.46031188964844
2022-02-11,138.25,116.15753173828125
2022-02-14,136.52999877929688,114.71241760253906
2022-02-15,134.97999572753906,113.41008758544922
2022-02-16,135.77999877929688,114.08222961425781
2022-02-17,136.7899932861328,114.93084716796875
2022-02-18,138.22999572753906,116.1407241821289
2022-02-22,138.58999633789062,116.44317626953125
2022-02-23,136.67999267578125,114.83842468261719
2022-02-24,136.77000427246094,114.9140396118164
2022-02-25,136.8699951171875,114.99803924560547
2022-02-28,139.8699951171875,117.5186538696289
2022-03-01,141.3000030517578,118.87738800048828
2022-03-02,136.47000122070312,114.81382751464844
2022-03-03,137.86000061035156,115.98326110839844
2022-03-04,140.24000549316406,117.98558044433594
2022-03-07,139.1699981689453,117.08536529541016
2022-03-08,137.77000427246094,115.90756225585938
2022-03-09,136.4199981689453,114.771728515625
2022-03-10,134.4600067138672,113.12281036376953
2022-03-11,134.91000366210938,113.50140380859375
2022-03-14,131.75999450683594,110.85127258300781
2022-03-15,131.52999877929688,110.65777587890625
2022-03-16,132.82000732421875,111.74303436279297
2022-03-17,131.8300018310547,110.91015625
2022-03-18,133.44000244140625,112.2646713256836
2022-03-21,130.35000610351562,109.6650161743164
2022-03-22,128.67999267578125,108.26001739501953
2022-03-23,131.5,110.63249969482422
2022-03-24,130.47000122070312,109.76598358154297
2022-03-25,128.66000366210938,108.24320220947266
2022-03-28,129.75999450683594,109.16864013671875
2022-03-29,130.74000549316406,109.9931411743164
2022-03-30,131.75999450683594,110.85127258300781
2022-03-31,132.0800018310547,111.12047576904297
2022-04-01,132.3800048828125,111.5434799194336
2022-04-04,131.4600067138672,110.76827239990234
2022-04-05,128.49000549316406,108.2657470703125
2022-04-06,127.44999694824219,107.38945007324219
2022-04-07,126.48999786376953,106.5805435180664
2022-04-08,125.12000274658203,105.42618560791016
2022-04-11,123.13999938964844,103.75782775878906
2022-04-12,122.97000122070312,103.61461639404297
2022-04-13,123.22000122070312,103.82524871826172
2022-04-14,120.75,101.74401092529297
2022-04-18,120.1500015258789,101.23844909667969
2022-04-19,119.25,100.48008728027344
2022-04-20,121.6500015258789,102.50238037109375
2022-04-21,120.75,101.74401092529297
2022-04-22,119.98999786376953,101.10364532470703
2022-04-25,121.19000244140625,102.1147689819336
2022-04-26,122.41000366210938,103.14273834228516
2022-04-27,120.83999633789062,101.8198471069336
2022-04-28,121.0199966430664,101.97151947021484
2022-04-29,119.44999694824219,100.64865112304688
2022-05-02,117.18000030517578,98.90402221679688
2022-05-03,117.97000122070312,99.57081604003906
2022-05-04,118.62000274658203,100.11944580078125
2022-05-05,115.37000274658203,97.3763198852539
2022-05-06,113.66999816894531,95.94144439697266
2022-05-09,114.66999816894531,96.78551483154297
2022-05-10,115.70999908447266,97.66327667236328
2022-05-11,117.94000244140625,99.54552459716797
2022-05-12,117.72000122070312,99.35981750488281
2022-05-13,115.9800033569336,97.89117431640625
2022-05-16,115.86000061035156,97.7899169921875
2022-05-17,114.45999908447266,96.60824584960938
2022-05-18,116.9000015258789,98.66766357421875
2022-05-19,117.18000030517578,98.90402221679688
2022-05-20,118.51000213623047,100.02658081054688
2022-05-23,116.55999755859375,98.38074493408203
2022-05-24,118.86000061035156,100.32198333740234
2022-05-25,119.33000183105469,100.71868896484375
2022-05-26,118.79000091552734,100.26290893554688
2022-05-27,119.08000183105469,100.5076904296875
2022-05-31,116.55999755859375,98.38074493408203
2022-06-01,116.22000122070312,98.26826477050781
2022-06-02,116.27999877929688,98.31901550292969
2022-06-03,116.02999877929688,98.10762786865234
2022-06-06,113.88999938964844,96.29817199707031
2022-06-07,115.12000274658203,97.33820343017578
2022-06-08,114.0999984741211,96.47570037841797
2022-06-09,114.4800033569336,96.79706573486328
2022-06-10,113.7699966430664,96.1966781616211
2022-06-13,110.19999694824219,93.17811584472656
2022-06-14,108.80999755859375,92.00284576416016
2022-06-15,110.83999633789062,93.7192611694336
2022-06-16,111.72000122070312,94.46334075927734
2022-06-17,112.08000183105469,94.76774597167969
2022-06-21,110.18000030517578,93.16122436523438
2022-06-22,113.20999908447266,95.72319030761719
2022-06-23,114.13999938964844,96.50955963134766
2022-06-24,112.55999755859375,95.1736068725586
2022-06-27,111.5999984741211,94.36185455322266
2022-06-28,112.12000274658203,94.80152893066406
2022-06-29,113.87000274658203,96.2812728881836
2022-06-30,114.87000274658203,97.1268081665039
2022-07-01,115.81999969482422,98.12395477294922
2022-07-05,116.7300033569336,98.89492797851562
2022-07-06,114.7699966430664,97.23439025878906
2022-07-07,113.76000213623047,96.3786849975586
2022-07-08,112.5,95.31121063232422
2022-07-11,114.44000244140625,96.95480346679688
2022-07-12,115.12000274658203,97.53092193603516
2022-07-13,116.44000244140625,98.64921569824219
2022-07-14,115.48999786376953,97.84439086914062
2022-07-15,116.13999938964844,98.39506530761719
2022-07-18,114.93000030517578,97.36991882324219
2022-07-19,114.30999755859375,96.84466552734375
2022-07-20,114.61000061035156,97.09881591796875
2022-07-21,116.58999633789062,98.77628326416016
2022-07-22,118.55000305175781,100.43685913085938
2022-07-25,117.38999938964844,99.4540786743164
2022-07-26,117.4800033569336,99.53031921386719
2022-07-27,116.81999969482422,98.97115325927734
2022-07-28,117.75,99.75906372070312
2022-07-29,117.43000030517578,99.48797607421875
2022-08-01,120.04000091552734,101.88400268554688
2022-08-02,117.5,99.72814178466797
2022-08-03,119.3499984741211,101.29833221435547
2022-08-04,119.30999755859375,101.26439666748047
2022-08-05,116.47000122070312,98.85395050048828
2022-08-08,118.3499984741211,100.44960021972656
2022-08-09,117.88999938964844,100.05916595458984
2022-08-10,117.12000274658203,99.40563201904297
2022-08-11,114.38999938964844,97.0885009765625
2022-08-12,115.55000305175781,98.0730972290039
2022-08-15,115.44999694824219,97.98822784423828
2022-08-16,115.93000030517578,98.3956069946289
2022-08-17,114.72000122070312,97.36864471435547
2022-08-18,114.88999938964844,97.51290130615234
2022-08-19,113.04000091552734,95.94271850585938
2022-08-22,112.66000366210938,95.6202163696289
2022-08-23,112.04000091552734,95.09400939941406
2022-08-24,111.22000122070312,94.39799499511719
2022-08-25,112.7699966430664,95.71356964111328
2022-08-26,113.62000274658203,96.43500518798828
2022-08-29,112.68000030517578,95.63716888427734
2022-08-30,112.95999908447266,95.87480163574219
2022-08-31,111.87999725341797,94.95817565917969
2022-09-01,109.5999984741211,93.21967315673828
2022-09-02,110.22000122070312,93.74698638916016
2022-09-06,107.48999786376953,91.42501831054688
2022-09-07,109.19000244140625,92.87095642089844
2022-09-08,108.06999969482422,91.91832733154297
2022-09-09,108.30999755859375,92.12244415283203
2022-09-12,107.41999816894531,91.36547088623047
2022-09-13,107.66999816894531,91.57811737060547
2022-09-14,108.04000091552734,91.89278411865234
2022-09-15,107.97000122070312,91.83329010009766
2022-09-16,107.06999969482422,91.06782531738281
2022-09-19,107.31999969482422,91.28043365478516
2022-09-20,106.25,90.37034606933594
2022-09-21,108.02999877929688,91.88433074951172
2022-09-22,105.2699966430664,89.53679656982422
2022-09-23,105.69999694824219,89.90253448486328
2022-09-26,103.68000030517578,88.18446350097656
2022-09-27,100.94999694824219,85.86246490478516
2022-09-28,104.33000183105469,88.73731231689453
2022-09-29,103.79000091552734,88.27800750732422
2022-09-30,102.44999694824219,87.13829803466797
2022-10-03,103.83000183105469,88.52287292480469
2022-10-04,103.54000091552734,88.27562713623047
2022-10-05,102.55000305175781,87.4315414428711
2022-10-06,101.9800033569336,86.94558715820312
2022-10-07,100.98999786376953,86.10153198242188
2022-10-10,99.41999816894531,84.76301574707031
2022-10-11,99.86000061035156,85.13812255859375
2022-10-12,100.3499984741211,85.555908203125
2022-10-13,99.38999938964844,84.73745727539062
2022-10-14,98.56999969482422,84.03828430175781
2022-10-17,98.08999633789062,83.62908172607422
2022-10-18,98.31999969482422,83.82514953613281
2022-10-19,96.52999877929688,82.299072265625
2022-10-20,94.87999725341797,80.892333984375
2022-10-21,93.16999816894531,79.43440246582031
2022-10-24,92.4000015258789,78.7779312133789
2022-10-25,95.08999633789062,81.07136535644531
2022-10-26,96.45999908447266,82.23934173583984
2022-10-27,97.47000122070312,83.10047912597656
2022-10-28,96.80000305175781,82.52924346923828
2022-10-31,96.11000061035156,81.9410171508789
2022-11-01,96.7699966430664,82.7067642211914
2022-11-02,96.3499984741211,82.34782409667969
2022-11-03,95.83000183105469,81.90337371826172
2022-11-04,94.22000122070312,80.52735137939453
2022-11-07,93.27999877929688,79.72396850585938
2022-11-08,94.30000305175781,80.59573364257812
2022-11-09,94.61000061035156,80.86065673828125
2022-11-10,98.25,83.97168731689453
2022-11-11,97.88999938964844,83.66400909423828
2022-11-14,97.6500015258789,83.4588851928711
2022-11-15,99.2300033569336,84.80925750732422
2022-11-16,101.4000015258789,86.66388702392578
2022-11-17,100.33000183105469,85.74942016601562
2022-11-18,99.63999938964844,85.15967559814453
2022-11-21,100.05999755859375,85.51863861083984
2022-11-22,101.4800033569336,86.7322998046875
2022-11-23,103.25,88.24504089355469
2022-11-25,102.9000015258789,87.94591522216797
2022-11-28,103.19000244140625,88.19378662109375
2022-11-29,101.9800033569336,87.15961456298828
2022-11-30,102.7300033569336,87.80060577392578
2022-12-01,105.76000213623047,90.6054916381836
2022-12-02,107.08999633789062,91.74490356445312
2022-12-05,105.58999633789062,90.45985412597656
2022-12-06,106.94999694824219,91.62496948242188
2022-12-07,109.47000122070312,93.78387451171875
2022-12-08,109.16999816894531,93.52687072753906
2022-12-09,106.33000183105469,91.09381866455078
2022-12-12,106.66999816894531,91.38508605957031
2022-12-13,107.69999694824219,92.26748657226562
2022-12-14,108.16000366210938,92.66160583496094
2022-12-15,108.31999969482422,93.02315521240234
2022-12-16,107.11000061035156,91.98400115966797
2022-12-19,105.30999755859375,90.43821716308594
2022-12-20,103.44000244140625,88.8322982788086
2022-12-21,103.69999694824219,89.0555648803711
2022-12-22,103.68000030517578,89.03840637207031
2022-12-23,102.16000366210938,87.73307037353516
2022-12-27,100.13999938964844,85.99832916259766
2022-12-28,99.55000305175781,85.49163055419922
2022-12-29,100.68000030517578,86.46206665039062
2022-12-30,99.55999755859375,85.50019073486328
2023-01-03,101.45999908447266,87.13191986083984
2023-01-04,102.8499984741211,88.32560729980469
2023-01-05,103.27999877929688,88.69486236572266
2023-01-06,105.18000030517578,90.32657623291016
2023-01-09,105.73999786376953,90.80748748779297
2023-01-10,103.98999786376953,89.30461120605469
2023-01-11,105.68000030517578,90.7559585571289
2023-01-12,107.76000213623047,92.5422134399414
2023-01-13,106.75,91.67484283447266
2023-01-17,106.05999755859375,91.08231353759766
2023-01-18,108.62999725341797,93.28935241699219
2023-01-19,107.94999694824219,92.70536804199219
2023-01-20,106.19999694824219,91.20248413085938
2023-01-23,105.69999694824219,90.77313995361328
2023-01-24,107.22000122070312,92.07847595214844
2023-01-25,107.4800033569336,92.30177307128906
2023-01-26,106.9800033569336,91.87238311767578
2023-01-27,106.70999908447266,91.64048767089844
2023-01-30,106.31999969482422,91.30558013916016
2023-01-31,107.16999816894531,92.03553009033203
2023-02-01,108.18000030517578,93.14189147949219
2023-02-02,108.31999969482422,93.26245880126953
2023-02-03,106.69999694824219,91.86763000488281
2023-02-06,105.91000366210938,91.18748474121094
2023-02-07,105.05999755859375,90.45565032958984
2023-02-08,105.55999755859375,90.88610076904297
2023-02-09,104.55999755859375,90.02510833740234
2023-02-10,103.38999938964844,89.01776123046875
2023-02-13,104.26000213623047,89.76683807373047
2023-02-14,104.0199966430664,89.5601806640625
2023-02-15,103.05000305175781,88.72503662109375
2023-02-16,101.58999633789062,87.4679946899414
2023-02-17,102.37999725341797,88.14818572998047
2023-02-21,100.38999938964844,86.43477630615234
2023-02-22,101.30999755859375,87.22689056396484
2023-02-23,102.30000305175781,88.07929992675781
2023-02-24,100.97000122070312,86.9341812133789
2023-02-27,101.25,87.17524719238281
2023-02-28,101.70999908447266,87.5713119506836
2023-03-01,100.37000274658203,86.63052368164062
2023-03-02,99.4800033569336,85.86235809326172
2023-03-03,101.88999938964844,87.94245910644531
2023-03-06,101.0999984741211,87.26057434082031
2023-03-07,101.72000122070312,87.79573822021484
2023-03-08,101.81999969482422,87.88204193115234
2023-03-09,102.06999969482422,88.09779357910156
2023-03-10,105.58999633789062,91.13594818115234
2023-03-13,105.83000183105469,91.34310913085938
2023-03-14,104.08999633789062,89.84127044677734
2023-03-15,106.0999984741211,91.57614135742188
2023-03-16,105.2699966430664,90.8597412109375
2023-03-17,106.8499984741211,92.22347259521484
2023-03-20,105.91000366210938,91.41217041015625
2023-03-21,105.0,90.62672424316406
2023-03-22,106.4000015258789,91.83509826660156
2023-03-23,106.4000015258789,91.83509826660156
2023-03-24,106.8499984741211,92.22347259521484
2023-03-27,104.33999633789062,90.05705261230469
2023-03-28,104.52999877929688,90.2210693359375
2023-03-29,104.31999969482422,90.03980255126953
2023-03-30,104.80000305175781,90.4541015625
2023-03-31,106.37000274658203,91.80916595458984
2023-04-03,106.5999984741211,92.24098205566406
2023-04-04,107.12999725341797,92.69955444335938
2023-04-05,108.25,93.66870880126953
2023-04-06,108.52999877929688,93.9110107421875
2023-04-10,106.77999877929688,92.39672088623047
2023-04-11,107.0,92.58707427978516
2023-04-12,106.88999938964844,92.49188232421875
2023-04-13,106.05000305175781,91.7650375366211
2023-04-14,105.08000183105469,90.92570495605469
2023-04-17,103.83000183105469,89.84408569335938
2023-04-18,104.19999694824219,90.16423797607422
2023-04-19,104.0999984741211,90.07772064208984
2023-04-20,104.98999786376953,90.84783172607422
2023-04-21,104.4000015258789,90.33731842041016
2023-04-24,105.41000366210938,91.21125793457031
2023-04-25,106.95999908447266,92.55247497558594
2023-04-26,105.81999969482422,91.56602478027344
2023-04-27,104.7699966430664,90.6574478149414
2023-04-28,106.45999908447266,92.11983489990234
2023-05-01,103.12999725341797,89.46359252929688
2023-05-02,105.69999694824219,91.69303131103516
2023-05-03,106.29000091552734,92.20484161376953
2023-05-04,105.23999786376953,91.2939682006836
2023-05-05,104.88999938964844,90.9903793334961
2023-05-08,103.41999816894531,89.71517944335938
2023-05-09,103.05000305175781,89.39420318603516
2023-05-10,104.05000305175781,90.26170349121094
2023-05-11,105.1500015258789,91.2159194946289
2023-05-12,104.2699966430664,90.45250701904297
2023-05-15,103.19000244140625,89.51566314697266
2023-05-16,102.87999725341797,89.2467269897461
2023-05-17,102.58000183105469,88.98648834228516
2023-05-18,101.81999969482422,88.32719421386719
2023-05-19,101.0999984741211,87.7026138305664
2023-05-22,100.73999786376953,87.39028930664062
2023-05-23,101.02999877929688,87.64187622070312
2023-05-24,100.52999877929688,87.2081298828125
2023-05-25,100.27999877929688,86.99127197265625
2023-05-26,101.08999633789062,87.69392395019531
2023-05-30,102.0999984741211,88.57007598876953
2023-05-31,102.98999786376953,89.34213256835938
2023-06-01,103.12000274658203,89.69268035888672
2023-06-02,101.98999786376953,88.70980834960938
2023-06-05,101.80000305175781,88.54456329345703
2023-06-06,102.4000015258789,89.06642150878906
2023-06-07,100.87999725341797,87.74433898925781
2023-06-08,102.05999755859375,88.77069091796875
2023-06-09,101.91999816894531,88.64891052246094
2023-06-12,102.22000122070312,88.90988159179688
2023-06-13,101.20999908447266,88.03137969970703
2023-06-14,102.0199966430664,88.73591613769531
2023-06-15,103.0,89.58828735351562
2023-06-16,102.5999984741211,89.24038696289062
2023-06-20,103.30999755859375,89.8579330444336
2023-06-21,103.55999755859375,90.07537078857422
2023-06-22,102.30999755859375,88.98814392089844
2023-06-23,103.33000183105469,89.8753433227539
2023-06-26,103.44000244140625,89.97100830078125
2023-06-27,103.16999816894531,89.73619079589844
2023-06-28,103.61000061035156,90.1188735961914
2023-06-29,101.73999786376953,88.49234008789062
2023-06-30,102.94000244140625,89.53610229492188
2023-07-03,102.08000183105469,89.02852630615234
2023-07-05,101.11000061035156,88.18256378173828
2023-07-06,99.68000030517578,86.93536376953125
2023-07-07,99.08000183105469,86.4120864868164
2023-07-10,99.20999908447266,86.5254898071289
2023-07-11,99.72000122070312,86.97026062011719
2023-07-12,100.83000183105469,87.93833923339844
2023-07-13,101.88999938964844,88.86280822753906
2023-07-14,101.29000091552734,88.33953857421875
2023-07-17,101.33999633789062,88.38312530517578
2023-07-18,101.80000305175781,88.78433227539062
2023-07-19,102.94999694824219,89.78727722167969
2023-07-20,101.69999694824219,88.69711303710938
2023-07-21,101.7300033569336,88.72325897216797
2023-07-24,101.36000061035156,88.40058135986328
2023-07-25,101.16999816894531,88.23487854003906
2023-07-26,101.2699966430664,88.32209777832031
2023-07-27,99.30000305175781,86.60395812988281
2023-07-28,99.80999755859375,87.04873657226562
2023-07-31,100.05000305175781,87.25808715820312
2023-08-01,98.13999938964844,85.82817840576172
2023-08-02,97.08999633789062,84.90992736816406
2023-08-03,94.8499984741211,82.95089721679688
2023-08-04,96.52999877929688,84.42015075683594
2023-08-07,95.58000183105469,83.58934020996094
2023-08-08,96.69000244140625,84.5600814819336
2023-08-09,97.19000244140625,84.99736022949219
2023-08-10,95.58999633789062,83.59807586669922
2023-08-11,95.37000274658203,83.40564727783203
2023-08-14,95.16000366210938,83.2220458984375
2023-08-15,94.58000183105469,82.71478271484375
2023-08-16,93.83999633789062,82.067626953125
2023-08-17,93.44000244140625,81.71781158447266
2023-08-18,93.7699966430664,82.00639343261719
2023-08-21,92.5199966430664,80.91321563720703
2023-08-22,93.2300033569336,81.53412628173828
2023-08-23,95.54000091552734,83.55435943603516
2023-08-24,94.91000366210938,83.00337982177734
2023-08-25,95.22000122070312,83.27450561523438
2023-08-28,95.31999969482422,83.3619613647461
2023-08-29,96.30999755859375,84.22776794433594
2023-08-30,96.20999908447266,84.14028930664062
2023-08-31,96.63999938964844,84.516357421875
2023-09-01,94.8499984741211,83.19972229003906
2023-09-05,93.5199966430664,82.03307342529297
2023-09-06,93.75,82.23481750488281
2023-09-07,94.01000213623047,82.46287536621094
2023-09-08,94.37000274658203,82.77867126464844
2023-09-11,93.69000244140625,82.18220520019531
2023-09-12,94.2300033569336,82.65585327148438
2023-09-13,94.20999908447266,82.63835144042969
2023-09-14,93.52999877929688,82.04185485839844
2023-09-15,92.95999908447266,81.54187774658203
2023-09-18,93.48999786376953,82.00675964355469
2023-09-19,92.80000305175781,81.40151977539062
2023-09-20,93.08999633789062,81.65589141845703
2023-09-21,90.69999694824219,79.5594482421875
2023-09-22,91.43000030517578,80.19979858398438
2023-09-25,89.18000030517578,78.22615814208984
2023-09-26,88.87000274658203,77.95423126220703
2023-09-27,88.41000366210938,77.55075073242188
2023-09-28,88.68000030517578,77.78754425048828
2023-09-29,88.69000244140625,77.79637145996094
2023-10-02,86.93000030517578,76.4940185546875
2023-10-03,85.05999755859375,74.8485107421875
2023-10-04,86.26000213623047,75.90444946289062
2023-10-05,85.83000183105469,75.52606964111328
2023-10-06,84.79000091552734,74.61092376708984
2023-10-09,86.77999877929688,76.3620376586914
2023-10-10,86.66000366210938,76.25641632080078
2023-10-11,88.47000122070312,77.84917449951172
2023-10-12,86.06999969482422,75.73725128173828
2023-10-13,87.61000061035156,77.09239196777344
2023-10-16,86.19999694824219,75.85165405273438
2023-10-17,85.25,75.01570129394531
2023-10-18,84.5,74.3557357788086
2023-10-19,82.7699966430664,72.83343505859375
2023-10-20,83.23999786376953,73.24701690673828
2023-10-23,84.23999786376953,74.12696075439453
2023-10-24,85.3499984741211,75.10370635986328
2023-10-25,83.44999694824219,73.43179321289062
2023-10-26,84.7300033569336,74.55813598632812
2023-10-27,84.37000274658203,74.24134826660156
2023-10-30,83.98999786376953,73.9069595336914
2023-10-31,83.58000183105469,73.54621124267578
2023-11-01,85.0999984741211,75.14083099365234
2023-11-02,87.04000091552734,76.8537826538086
2023-11-03,87.62999725341797,77.37477111816406
2023-11-06,86.77999877929688,76.62422180175781
2023-11-07,88.05999755859375,77.75444030761719
2023-11-08,89.55999755859375,79.0788803100586
2023-11-09,87.5,77.25995635986328
2023-11-10,87.98999786376953,77.69259643554688
2023-11-13,87.79000091552734,77.51602935791016
2023-11-14,89.77999877929688,79.27313232421875
2023-11-15,88.5199966430664,78.16060638427734
2023-11-16,89.62000274658203,79.1318359375
2023-11-17,90.04000091552734,79.50270080566406
2023-11-20,90.58999633789062,79.98834228515625
2023-11-21,90.55000305175781,79.95301818847656
2023-11-22,90.87000274658203,80.23558044433594
2023-11-24,89.80000305175781,79.2907943725586
2023-11-27,91.30000305175781,80.61524963378906
2023-11-28,91.4800033569336,80.7741928100586
2023-11-29,92.62999725341797,81.78961944580078
2023-11-30,91.55999755859375,80.84483337402344
2023-12-01,92.98999786376953,82.36746215820312
2023-12-04,92.62000274658203,82.03971862792969
2023-12-05,94.61000061035156,83.8023910522461
2023-12-06,95.87000274658203,84.91846466064453
2023-12-07,95.31999969482422,84.4312973022461
2023-12-08,94.54000091552734,83.74040985107422
2023-12-11,94.33999633789062,83.56324005126953
2023-12-12,94.62000274658203,83.8112564086914
2023-12-13,96.83999633789062,85.77765655517578
2023-12-14,99.04000091552734,88.00899505615234
2023-12-15,99.1500015258789,88.10677337646484
2023-12-18,98.36000061035156,87.40473175048828
2023-12-19,98.88999938964844,87.87570190429688
2023-12-20,99.55999755859375,88.47107696533203
2023-12-21,98.93000030517578,87.91123962402344
2023-12-22,98.4800033569336,87.51136779785156
2023-12-26,98.76000213623047,87.76017761230469
2023-12-27,100.51000213623047,89.31525421142578
2023-12-28,99.77999877929688,88.66658020019531
2023-12-29,98.87999725341797,87.86681365966797
2024-01-02,98.30999755859375,87.36030578613281
2024-01-03,98.72000122070312,87.72464752197266
2024-01-04,97.22000122070312,86.39169311523438
2024-01-05,96.29000091552734,85.56527709960938
2024-01-08,97.23999786376953,86.40946960449219
2024-01-09,96.62000274658203,85.85852813720703
2024-01-10,96.16999816894531,85.45865631103516
2024-01-11,96.70999908447266,85.9384994506836
2024-01-12,96.5199966430664,85.76966857910156
2024-01-16,94.81999969482422,84.25901794433594
2024-01-17,94.66999816894531,84.12571716308594
2024-01-18,93.79000091552734,83.3437271118164
2024-01-19,94.08999633789062,83.61031341552734
2024-01-22,94.6500015258789,84.1079330444336
2024-01-23,93.9000015258789,83.44147491455078
2024-01-24,93.3499984741211,82.95275115966797
2024-01-25,93.95999908447266,83.49479675292969
2024-01-26,93.77999877929688,83.33482360839844
2024-01-29,94.86000061035156,84.29456329345703
2024-01-30,95.72000122070312,85.05874633789062
2024-01-31,96.66000366210938,85.89408111572266
2024-02-01,98.23999786376953,87.5789566040039
2024-02-02,96.06999969482422,85.64446258544922
2024-02-05,94.12999725341797,83.91499328613281
2024-02-06,95.05000305175781,84.73515319824219
2024-02-07,94.58999633789062,84.3250732421875
2024-02-08,94.04000091552734,83.83477020263672
2024-02-09,93.8499984741211,83.66536712646484
2024-02-12,93.95999908447266,83.76343536376953
2024-02-13,92.3499984741211,82.32816314697266
2024-02-14,92.81999969482422,82.74715423583984
2024-02-15,93.30000305175781,83.1750717163086
2024-02-16,92.76000213623047,82.69366455078125
2024-02-20,92.83999633789062,82.76500701904297
2024-02-21,92.18000030517578,82.17658996582031
2024-02-22,92.62999725341797,82.57777404785156
2024-02-23,93.87000274658203,83.68319702148438
2024-02-26,93.58999633789062,83.43358612060547
2024-02-27,92.93000030517578,82.84521484375
2024-02-28,93.5199966430664,83.3711929321289
2024-02-29,94.18000030517578,83.95956420898438
2024-03-01,94.47000122070312,84.4826889038086
2024-03-04,94.08999633789062,84.14291381835938
2024-03-05,95.43000030517578,85.3412094116211
2024-03-06,95.98999786376953,85.84203338623047
2024-03-07,95.9000015258789,85.76153564453125
2024-03-08,95.7300033569336,85.60952758789062
2024-03-11,95.68000030517578,85.56481170654297
2024-03-12,94.87999725341797,84.84935760498047
2024-03-13,94.41999816894531,84.4380111694336
2024-03-14,92.97000122070312,83.14130401611328
2024-03-15,92.94000244140625,83.11445617675781
2024-03-18,92.66000366210938,82.86407470703125
2024-03-19,92.91999816894531,83.09658813476562
2024-03-20,92.88999938964844,83.06976318359375
2024-03-21,93.08999633789062,83.24862670898438
2024-03-22,93.9800033569336,84.04451751708984
2024-03-25,93.51000213623047,83.62422180175781
2024-03-26,93.7699966430664,83.85671997070312
2024-03-27,94.69999694824219,84.68838500976562
2024-03-28,94.62000274658203,84.61685943603516
2024-04-01,92.55000305175781,83.0395278930664
2024-04-02,92.04000091552734,82.58193969726562
2024-04-03,92.0199966430664,82.56394958496094
2024-04-04,92.68000030517578,83.1561508178711
2024-04-05,91.38999938964844,81.99871826171875
2024-04-08,91.37999725341797,81.98973083496094
2024-04-09,92.2300033569336,82.75240325927734
2024-04-10,90.22000122070312,80.94894409179688
2024-04-11,89.80999755859375,80.58106231689453
2024-04-12,90.29000091552734,81.01174926757812
2024-04-15,88.88999938964844,79.7556381225586
2024-04-16,88.30000305175781,79.22624969482422
2024-04-17,89.27999877929688,80.10553741455078
2024-04-18,88.83000183105469,79.70178985595703
2024-04-19,89.1500015258789,79.98890686035156
2024-04-22,89.0,79.85432434082031
2024-04-23,89.02999877929688,79.88124084472656
2024-04-24,88.4000015258789,79.31597900390625
2024-04-25,87.77999877929688,78.75969696044922
2024-04-26,88.23999786376953,79.17237854003906
2024-04-29,88.9800033569336,79.83638000488281
2024-04-30,88.22000122070312,79.15445709228516
2024-05-01,88.55999755859375,79.73792266845703
2024-05-02,88.94000244140625,80.080078125
2024-05-03,89.83999633789062,80.89041137695312
2024-05-06,90.19000244140625,81.20553588867188
2024-05-07,90.73999786376953,81.70074462890625
2024-05-08,90.19000244140625,81.20553588867188
2024-05-09,90.62999725341797,81.6017074584961
2024-05-10,90.12000274658203,81.14250183105469
2024-05-13,90.3499984741211,81.34959411621094
2024-05-14,90.86000061035156,81.80878448486328
2024-05-15,92.0999984741211,82.92526245117188
2024-05-16,92.01000213623047,82.84423828125
2024-05-17,91.38999938964844,82.2859878540039
2024-05-20,91.12000274658203,82.04289245605469
2024-05-21,91.58999633789062,82.46607208251953
2024-05-22,91.69999694824219,82.56511688232422
2024-05-23,91.11000061035156,82.03389739990234
2024-05-24,91.37999725341797,82.2769775390625
2024-05-28,90.06999969482422,81.09750366210938
2024-05-29,88.9800033569336,80.1160888671875
2024-05-30,89.83999633789062,80.89041137695312
2024-05-31,90.44999694824219,81.43964385986328
2024-06-03,91.5999984741211,82.75688934326172
2024-06-04,92.66999816894531,83.7236099243164
2024-06-05,93.3499984741211,84.33792877197266
2024-06-06,93.20999908447266,84.21146392822266
2024-06-07,91.5,82.66653442382812
2024-06-10,90.88999938964844,82.11542510986328
2024-06-11,91.83000183105469,82.96466827392578
2024-06-12,92.5199966430664,83.58804321289062
2024-06-13,93.87999725341797,84.8167495727539
2024-06-14,94.66999816894531,85.5304946899414
2024-06-17,93.7300033569336,84.6812515258789
2024-06-18,94.58999633789062,85.45822143554688
2024-06-20,93.95999908447266,84.88905334472656
2024-06-21,93.95999908447266,84.88905334472656
2024-06-24,94.33999633789062,85.23237609863281
2024-06-25,94.5,85.37689208984375
2024-06-26,93.1500015258789,84.15723419189453
2024-06-27,93.5199966430664,84.49153900146484
2024-06-28,91.77999877929688,82.91951751708984
2024-07-01,89.91000366210938,81.48841094970703
2024-07-02,90.61000061035156,82.12284088134766
2024-07-03,91.80000305175781,83.20138549804688
2024-07-05,92.55999755859375,83.89019775390625
2024-07-08,92.76000213623047,84.07146453857422
2024-07-09,92.3499984741211,83.69985961914062
2024-07-10,92.63999938964844,83.96268463134766
2024-07-11,93.54000091552734,84.7784194946289
2024-07-12,93.94000244140625,85.14092254638672
2024-07-15,92.86000061035156,84.16209411621094
2024-07-16,94.16999816894531,85.34938049316406
2024-07-17,94.19000244140625,85.36750030517578
2024-07-18,93.47000122070312,84.71497344970703
2024-07-19,92.91999816894531,84.21647644042969
2024-07-22,92.6500015258789,83.97173309326172
2024-07-23,92.5199966430664,83.85393524169922
2024-07-24,91.5199966430664,82.94761657714844
2024-07-25,92.2699966430664,83.62736511230469
2024-07-26,92.98999786376953,84.27991485595703
2024-07-29,93.48999786376953,84.73310089111328
2024-07-30,93.8499984741211,85.05937957763672
2024-07-31,94.80999755859375,85.929443359375
2024-08-01,95.30999755859375,86.67057037353516
2024-08-02,98.27999877929688,89.371337890625
2024-08-05,98.80000305175781,89.8442153930664
2024-08-06,96.58999633789062,87.83451843261719
2024-08-07,95.91000366210938,87.21620178222656
2024-08-08,95.31999969482422,86.6796646118164
2024-08-09,96.26000213623047,87.53446197509766
2024-08-12,96.61000061035156,87.85273742675781
2024-08-13,97.27999877929688,88.46198272705078
2024-08-14,97.88999938964844,89.0167007446289
2024-08-15,97.0999984741211,88.29830932617188
2024-08-16,97.44000244140625,88.60747528076172
2024-08-19,97.88999938964844,89.0167007446289
2024-08-20,98.66999816894531,89.72601318359375
2024-08-21,98.7300033569336,89.78056335449219
2024-08-22,97.75,88.88938903808594
2024-08-23,98.38999938964844,89.47135925292969
2024-08-26,98.13999938964844,89.24404907226562
2024-08-27,97.97000122070312,89.0894546508789
2024-08-28,97.8499984741211,88.98031616210938
2024-08-29,97.52999877929688,88.68932342529297
2024-08-30,96.48999786376953,87.74362182617188
2024-09-03,97.75,89.17867279052734
2024-09-04,99.01000213623047,90.32817840576172
2024-09-05,99.56999969482422,90.8390884399414
2024-09-06,99.55999755859375,90.82997131347656
2024-09-09,99.98999786376953,91.22224426269531
2024-09-10,100.69000244140625,91.86087799072266
2024-09-11,100.61000061035156,91.78788757324219
2024-09-12,100.13999938964844,91.35910034179688
2024-09-13,100.41000366210938,91.60542297363281
2024-09-16,101.33000183105469,92.44475555419922
2024-09-17,100.83999633789062,91.9977035522461
2024-09-18,99.58999633789062,90.85733032226562
2024-09-19,99.26000213623047,90.55625915527344
2024-09-20,98.87999725341797,90.20956420898438
2024-09-23,98.66999816894531,90.01801300048828
2024-09-24,98.6500015258789,89.99974822998047
2024-09-25,97.83000183105469,89.25166320800781
2024-09-26,98.05999755859375,89.46149444580078
2024-09-27,98.56999969482422,89.9267578125
2024-09-30,98.0999984741211,89.49797821044922
2024-10-01,98.48999786376953,90.14414978027344
2024-10-02,97.66000366210938,89.38450622558594
2024-10-03,96.73999786376953,88.54244232177734
2024-10-04,95.55000305175781,87.45326232910156
2024-10-07,94.83000183105469,86.79429626464844
2024-10-08,94.98999786376953,86.94071197509766
2024-10-09,94.44999694824219,86.44649505615234
2024-10-10,94.08000183105469,86.10784149169922
2024-10-11,93.69999694824219,85.76005554199219
2024-10-14,93.7699966430664,85.8241195678711
2024-10-15,94.91000366210938,86.86752319335938
2024-10-16,95.30999755859375,87.23363494873047
2024-10-17,93.80000305175781,85.8515625
2024-10-18,93.87000274658203,85.91565704345703
2024-10-21,92.2300033569336,84.41461944580078
2024-10-22,92.31999969482422,84.4969711303711
2024-10-23,92.06999969482422,84.26817321777344
2024-10-24,92.66000366210938,84.80819702148438
2024-10-25,92.13999938964844,84.33223724365234
2024-10-28,91.88999938964844,84.1034164428711
2024-10-29,92.02999877929688,84.2315444946289
2024-10-30,92.30000305175781,84.47868347167969
2024-10-31,92.44999694824219,84.6159896850586
2024-11-01,90.83999633789062,83.42302703857422
2024-11-04,92.25,84.71791076660156
2024-11-05,92.73999786376953,85.16790008544922
2024-11-06,90.19999694824219,82.83529663085938
2024-11-07,91.33000183105469,83.8730239868164
2024-11-08,92.48999786376953,84.93830871582031
2024-11-11,92.04000091552734,84.5250473022461
2024-11-12,90.66000366210938,83.25774383544922
2024-11-13,89.80000305175781,82.46795654296875
2024-11-14,90.31999969482422,82.94550323486328
2024-11-15,90.08000183105469,82.72508239746094
2024-11-18,90.23999786376953,82.87201690673828
2024-11-19,90.69999694824219,83.2944564819336
2024-11-20,90.41000366210938,83.02813720703125
2024-11-21,90.33999633789062,82.96385955810547
2024-11-22,90.38999938964844,83.0097885131836
2024-11-25,92.7300033569336,85.15869903564453
2024-11-26,92.37000274658203,84.82814025878906
2024-11-27,93.01000213623047,85.41585540771484
2024-11-29,93.97000122070312,86.2974624633789
2024-12-02,93.87000274658203,86.50482177734375
2024-12-03,93.05999755859375,85.75836944580078
2024-12-04,94.05999755859375,86.67992401123047
2024-12-05,94.25,86.85501098632812
2024-12-06,94.38999938964844,86.98402404785156
2024-12-09,93.5199966430664,86.18228912353516
2024-12-10,93.08000183105469,85.77681732177734
2024-12-11,92.19999694824219,84.96586608886719
2024-12-12,91.08000183105469,83.93372344970703
2024-12-13,90.1500015258789,83.07670593261719
2024-12-16,90.41999816894531,83.32550811767578
2024-12-17,90.63999938964844,83.52825164794922
2024-12-18,89.16000366210938,82.4837875366211
2024-12-19,87.80999755859375,81.23487091064453
2024-12-20,88.30999755859375,81.69743347167969
2024-12-23,87.5,80.9480972290039
2024-12-24,87.87000274658203,81.29037475585938
2024-12-26,87.81999969482422,81.24413299560547
2024-12-27,87.0999984741211,80.57805633544922
2024-12-30,87.80000305175781,81.22562408447266
2024-12-31,87.33000183105469,80.79080963134766
2025-01-02,87.56999969482422,81.01284790039062
2025-01-03,87.29000091552734,80.75382232666016
2025-01-06,86.9000015258789,80.39300537109375
2025-01-07,85.91999816894531,79.48638916015625
2025-01-08,86.02999877929688,79.5881576538086
2025-01-10,85.45999908447266,79.06083679199219
2025-01-13,85.43000030517578,79.0331039428711
2025-01-14,85.29000091552734,78.90355682373047
2025-01-15,86.76000213623047,80.26348876953125
2025-01-16,87.04000091552734,80.52252197265625
2025-01-17,87.19000244140625,80.66130828857422
2025-01-21,87.97000122070312,81.38288879394531
2025-01-22,87.51000213623047,80.95735168457031
2025-01-23,86.83000183105469,80.32823944091797
2025-01-24,87.22000122070312,80.6890640258789
2025-01-27,88.25,81.64192199707031
2025-01-28,88.19000244140625,81.58642578125
2025-01-29,88.01000213623047,81.4198989868164
2025-01-30,88.33999633789062,81.7251968383789
2025-01-31,87.76000213623047,81.18863677978516
2025-02-03,88.16000366210938,81.84966278076172
2025-02-04,88.43000030517578,82.1003189086914
2025-02-05,89.88999938964844,83.45584106445312
2025-02-06,89.8499984741211,83.41868591308594
2025-02-07,89.2699966430664,82.88018798828125
2025-02-10,89.0,82.6295166015625
2025-02-11,88.43000030517578,82.1003189086914
2025-02-12,87.2300033569336,80.9862289428711
2025-02-13,88.68000030517578,82.33244323730469
2025-02-14,89.1500015258789,82.768798828125
2025-02-18,88.0999984741211,81.7939453125
2025-02-19,88.20999908447266,81.89607238769531
2025-02-20,88.54000091552734,82.20244598388672
2025-02-21,89.61000061035156,83.19586944580078
2025-02-24,89.87000274658203,83.4372787475586
2025-02-25,91.41999816894531,84.87630462646484
2025-02-26,91.95999908447266,85.3776626586914
2025-02-27,91.30999755859375,84.77418518066406
2025-02-28,92.43000030517578,85.81401824951172
2025-03-03,92.56999969482422,86.2145004272461
2025-03-04,91.43000030517578,85.15277099609375
2025-03-05,90.69999694824219,84.47286987304688
2025-03-06,90.4000015258789,84.1934814453125
2025-03-07,90.11000061035156,83.92339324951172
2025-03-10,91.05000305175781,84.79885864257812
2025-03-11,90.4000015258789,84.1934814453125
2025-03-12,89.86000061035156,83.6905517578125
2025-03-13,90.6500015258789,84.42633056640625
2025-03-14,90.16999816894531,83.9792709350586
2025-03-17,90.62000274658203,84.39838409423828
2025-03-18,90.70999908447266,84.48220825195312
2025-03-19,91.18000030517578,84.91992950439453
2025-03-20,91.23999786376953,84.9758071899414
2025-03-21,90.69999694824219,84.47286987304688
2025-03-24,89.7699966430664,83.60671997070312
2025-03-25,89.76000213623047,83.5974349975586
2025-03-26,89.16999816894531,83.04792785644531
2025-03-27,88.91000366210938,82.80577850341797
2025-03-28,90.13999938964844,83.95134735107422
2025-03-31,91.02999877929688,84.78022766113281
2025-04-01,91.48999786376953,85.51490783691406
2025-04-02,91.43000030517578,85.45880126953125
2025-04-03,91.8499984741211,85.85137939453125
2025-04-04,92.8499984741211,86.78607177734375
2025-04-07,90.05000305175781,84.1689453125
2025-04-08,88.3499984741211,82.57994842529297
2025-04-09,88.87000274658203,83.06600189208984
2025-04-10,86.41999816894531,80.77600860595703
2025-04-11,86.88999938964844,81.21532440185547
2025-04-14,87.51000213623047,81.7948226928711
2025-04-15,87.81999969482422,82.08458709716797
2025-04-16,88.30999755859375,82.54257202148438
2025-04-17,87.52999877929688,81.81352233886719
2025-04-21,86.0,80.3834457397461
2025-04-22,86.4800033569336,80.83209991455078
2025-04-23,87.31999969482422,81.61722564697266
2025-04-24,88.23999786376953,82.4771499633789
2025-04-25,88.88999938964844,83.08470153808594
2025-04-28,89.44999694824219,83.60813903808594
2025-04-29,90.19999694824219,84.30914306640625
2025-04-30,89.47000122070312,83.62682342529297
2025-05-01,88.69000244140625,83.20278930664062
2025-05-02,87.7300033569336,82.30220031738281
2025-05-05,87.23999786376953,81.8425064086914
2025-05-06,87.52999877929688,82.11455535888672
2025-05-07,87.9000015258789,82.46163177490234
2025-05-08,86.91999816894531,81.54231262207031
2025-05-09,87.05000305175781,81.66424560546875
2025-05-12,86.23999786376953,80.90435028076172
2025-05-13,85.88999938964844,80.57601165771484
2025-05-14,85.31999969482422,80.04127502441406
2025-05-15,86.06999969482422,80.74488067626953
2025-05-16,86.30000305175781,80.96066284179688
2025-05-19,86.05000305175781,80.72611999511719
2025-05-20,85.43000030517578,80.14448547363281
2025-05-21,83.97000122070312,78.77481079101562
2025-05-22,84.41000366210938,79.18760681152344
2025-05-23,84.55000305175781,79.31893157958984
2025-05-27,85.7300033569336,80.4259262084961
2025-05-28,85.36000061035156,80.07880401611328
2025-05-29,86.1500015258789,80.81993865966797
2025-05-30,86.27999877929688,80.94188690185547
2025-06-02,85.16000366210938,80.18858337402344
2025-06-03,85.01000213623047,80.04734802246094
2025-06-04,86.38999938964844,81.34678649902344
2025-06-05,86.44999694824219,81.40327453613281
2025-06-06,85.3499984741211,80.36750030517578
2025-06-09,85.44000244140625,80.45223999023438
2025-06-10,85.87999725341797,80.86656188964844
2025-06-11,86.13999938964844,81.11138153076172
2025-06-12,87.16999816894531,82.08124542236328
2025-06-13,86.33000183105469,81.29029083251953
2025-06-16,85.45999908447266,80.47108459472656
2025-06-17,86.5,81.45036315917969
2025-06-18,86.6500015258789,81.59162139892578
2025-06-20,86.48999786376953,81.44095611572266
2025-06-23,86.7699966430664,81.7046127319336
2025-06-24,87.4000015258789,82.29783630371094
2025-06-25,87.51000213623047,82.40141296386719
2025-06-26,87.94999694824219,82.81571197509766
2025-06-27,87.38999938964844,82.28841400146484
2025-06-30,88.25,83.09820556640625
2025-07-01,88.13999938964844,83.30425262451172
2025-07-02,87.58000183105469,82.77497100830078
2025-07-03,86.97000122070312,82.19843292236328
2025-07-07,86.13999938964844,81.41397094726562
2025-07-08,86.02999877929688,81.30999755859375
2025-07-09,86.93000030517578,82.16064453125
2025-07-10,86.98999786376953,82.21733856201172
2025-07-11,85.79000091552734,81.08317565917969
2025-07-14,85.61000061035156,80.91303253173828
2025-07-15,85.01000213623047,80.34597778320312
2025-07-16,85.12999725341797,80.45938873291016
2025-07-17,85.11000061035156,80.44047546386719
2025-07-18,85.23999786376953,80.5633316040039
2025-07-21,86.0,81.28166198730469
2025-07-22,86.5199966430664,81.77311706542969
2025-07-23,86.04000091552734,81.31945037841797
2025-07-24,85.88999938964844,81.17768096923828
2025-07-25,86.43000030517578,81.68807220458984
2025-07-28,85.87000274658203,81.15879821777344
2025-07-29,87.31999969482422,82.52923583984375
2025-07-30,86.87000274658203,82.10391235351562
2025-07-31,86.91999816894531,82.15119171142578
2025-08-01,87.81999969482422,83.31908416748047
2025-08-04,88.05999755859375,83.54678344726562
2025-08-05,88.33000183105469,83.8029556274414
2025-08-06,87.81999969482422,83.31908416748047
2025-08-07,87.66999816894531,83.17677307128906
2025-08-08,87.29000091552734,82.81624603271484
2025-08-11,87.38999938964844,82.91114044189453
2025-08-12,86.94999694824219,82.49366760253906
2025-08-13,87.66999816894531,83.17677307128906
2025-08-14,87.0199966430664,82.56008911132812
2025-08-15,86.4000015258789,81.97187805175781
2025-08-18,86.1500015258789,81.73468780517578
2025-08-19,86.6500015258789,82.20903778076172
2025-08-20,86.83999633789062,82.38932037353516
2025-08-21,86.41000366210938,81.98136138916016
2025-08-22,87.05000305175781,82.58855438232422
2025-08-25,86.80000305175781,82.35137939453125
2025-08-26,86.75,82.30392456054688
2025-08-27,86.6500015258789,82.20903778076172
2025-08-28,87.22000122070312,82.7498550415039
2025-08-29,86.5999984741211,82.16161346435547
2025-09-02,85.62999725341797,81.55018615722656
2025-09-03,86.56999969482422,82.44541931152344
2025-09-04,87.2300033569336,83.073974609375
2025-09-05,88.55999755859375,84.34059143066406
2025-09-08,89.73999786376953,85.46438598632812
2025-09-09,89.2300033569336,84.97869110107422
2025-09-10,89.73999786376953,85.46438598632812
2025-09-11,90.33999633789062,86.0357894897461
2025-09-12,89.94999694824219,85.66437530517578
2025-09-15,90.16000366210938,85.86437225341797
2025-09-16,90.3499984741211,86.04532623291016
2025-09-17,90.12000274658203,85.82627868652344
2025-09-18,89.19000244140625,84.94059753417969
2025-09-19,89.0199966430664,84.7786865234375
2025-09-22,88.69999694824219,84.47393798828125
2025-09-23,89.31999969482422,85.06439971923828
2025-09-24,88.9800033569336,84.74059295654297
2025-09-25,88.9800033569336,84.74059295654297
2025-09-26,88.9000015258789,84.66439819335938
2025-09-29,89.62999725341797,85.359619140625
2025-09-30,89.37000274658203,85.11201477050781
2025-10-01,89.29000091552734,85.3318099975586
2025-10-02,89.55000305175781,85.5802993774414
2025-10-03,89.37999725341797,85.4178237915039
2025-10-06,88.66999816894531,84.73929595947266
2025-10-07,89.18000030517578,85.22669982910156
2025-10-08,89.25,85.29358673095703
2025-10-09,89.18000030517578,85.22669982910156
2025-10-10,90.62000274658203,86.60285186767578
2025-10-13,90.56999969482422,86.5550765991211
2025-10-14,90.86000061035156,86.83221435546875
2025-10-15,90.66000366210938,86.64108276367188
2025-10-16,91.33999633789062,87.29093170166016
2025-10-17,91.19999694824219,87.15714263916016
2025-10-20,91.55000305175781,87.49163818359375
2025-10-21,92.0,87.92167663574219
2025-10-22,92.05999755859375,87.97901916503906
2025-10-23,91.43000030517578,87.37696075439453
2025-10-24,91.47000122070312,87.41516876220703
2025-10-27,91.77999877929688,87.71143341064453
2025-10-28,92.0199966430664,87.9407958984375
2025-10-29,91.08999633789062,87.05200958251953
2025-10-30,90.55999755859375,86.54552459716797
2025-10-31,90.29000091552734,86.28748321533203
2025-11-03,89.73999786376953,86.0716781616211
2025-11-04,89.94000244140625,86.26351165771484
2025-11-05,88.95999908447266,85.32356262207031
2025-11-06,89.76000213623047,86.09086608886719
2025-11-07,89.56999969482422,85.90864562988281
2025-11-10,89.55000305175781,85.88945770263672
2025-11-11,89.95999908447266,86.2826919555664
2025-11-12,90.12000274658203,86.4361572265625
2025-11-13,89.37999725341797,85.72640228271484
2025-11-14,88.87000274658203,85.23725128173828
2025-11-17,89.08999633789062,85.44825744628906
2025-11-18,89.05999755859375,85.41947937011719
2025-11-19,88.87999725341797,85.24684143066406
2025-11-20,89.2300033569336,85.5825424194336
2025-11-21,89.5,85.84149932861328
2025-11-24,90.01000213623047,86.33065795898438
2025-11-25,90.23999786376953,86.55123138427734
2025-11-26,90.63999938964844,86.93489837646484
2025-11-28,90.20999908447266,86.52246856689453
2025-12-01,88.7699966430664,85.44536590576172
2025-12-02,88.80999755859375,85.48387145996094
2025-12-03,89.05999755859375,85.7245101928711
2025-12-04,88.58000183105469,85.26249694824219
2025-12-05,88.16999816894531,84.86785888671875
2025-12-08,87.87999725341797,84.58869934082031
2025-12-09,87.97000122070312,84.67534637451172
2025-12-10,88.30999755859375,85.00260162353516
2025-12-11,88.19000244140625,84.88710021972656
2025-12-12,87.33999633789062,84.06893920898438
2025-12-15,87.4000015258789,84.12669372558594
2025-12-16,87.87999725341797,84.58869934082031
2025-12-17,87.80000305175781,84.51171112060547
2025-12-18,88.22000122070312,84.91596984863281
2025-12-19,87.55000305175781,84.59904479980469
2025-12-22,87.36000061035156,84.4154281616211
2025-12-23,87.5,84.55071258544922
2025-12-24,88.02999877929688,85.0628662109375
2025-12-26,87.73999786376953,84.78263854980469
2025-12-29,88.06999969482422,85.10151672363281
2025-12-30,87.86000061035156,84.8985824584961
2025-12-31,87.16000366210938,84.22219848632812
2026-01-02,87.02999877929688,84.09657287597656
2026-01-05,87.45999908447266,84.51206970214844
2026-01-06,87.27999877929688,84.338134765625
2026-01-07,87.79000091552734,84.83094024658203
2026-01-08,87.3499984741211,84.4057846069336
2026-01-09,87.93000030517578,84.96621704101562
2026-01-12,87.66999816894531,84.7149887084961
2026-01-13,87.81999969482422,84.85993957519531
2026-01-14,88.33000183105469,85.35274505615234
2026-01-15,88.30999755859375,85.33341217041016
2026-01-16,87.80000305175781,84.84060668945312
2026-01-20,86.6500015258789,83.72937774658203
2026-01-21,87.30999755859375,84.36712646484375
2026-01-22,87.69000244140625,84.73432159423828
2026-01-23,87.93000030517578,84.96621704101562
2026-01-26,88.3499984741211,85.37206268310547
2026-01-27,87.80000305175781,84.84060668945312
2026-01-28,87.5999984741211,84.64735412597656
2026-01-29,87.62000274658203,84.66667938232422
2026-01-30,87.12999725341797,84.19319152832031
2026-02-02,86.55000305175781,83.95262908935547
2026-02-03,86.76000213623047,84.15633392333984
2026-02-04,86.54000091552734,83.94293212890625
2026-02-05,87.4800033569336,84.85472869873047
2026-02-06,87.54000091552734,84.91291809082031
2026-02-09,87.5199966430664,84.89352416992188
2026-02-10,88.52999877929688,85.87321472167969
2026-02-11,88.05999755859375,85.41731262207031
2026-02-12,89.2300033569336,86.55220794677734
2026-02-13,89.72000122070312,87.02751159667969
2026-02-17,89.87000274658203,87.17301177978516
2026-02-18,89.52999877929688,86.84319305419922
2026-02-19,89.62000274658203,86.93051147460938
2026-02-20,89.41000366210938,86.72679901123047
2026-02-23,89.73999786376953,87.0468978881836
2026-02-24,89.9000015258789,87.20209503173828
2026-02-25,89.91000366210938,87.21179962158203
2026-02-26,90.2699966430664,87.56100463867188
2026-02-27,90.81999969482422,88.094482421875
2026-03-02,89.61000061035156,87.20983123779297
2026-03-03,89.43000030517578,87.03466796875
2026-03-04,89.1500015258789,86.76216125488281
2026-03-05,88.79000091552734,86.41180419921875
2026-03-06,88.45999908447266,86.09064483642578
2026-03-09,89.2300033569336,86.84001922607422
2026-03-10,88.27999877929688,85.91545867919922
2026-03-11,87.13999938964844,84.80599975585938
2026-03-12,86.97000122070312,84.64054870605469
2026-03-13,86.54000091552734,84.22206115722656
2026-03-16,87.20999908447266,84.8741226196289
2026-03-17,87.44999694824219,85.10769653320312
2026-03-18,86.95999908447266,84.63082122802734
2026-03-19,87.48999786376953,85.14662170410156
2026-03-20,85.83000183105469,83.53108215332031
2026-03-23,86.38999938964844,84.07609558105469
2026-03-24,86.01000213623047,83.70626831054688
2026-03-25,86.83999633789062,84.51402282714844
2026-03-26,86.11000061035156,83.80358123779297
2026-03-27,85.63999938964844,83.34617614746094
2026-03-30,86.77999877929688,84.45565032958984
2026-03-31,86.69000244140625,84.36805725097656
2026-04-01,86.26000213623047,84.28500366210938
2026-04-02,86.79000091552734,84.80286407470703
2026-04-06,86.6500015258789,84.66606903076172
2026-04-07,86.63999938964844,84.65628814697266
2026-04-08,86.91999816894531,84.92988586425781
2026-04-09,86.69999694824219,84.71492004394531
2026-04-10,86.48999786376953,84.50972747802734
2026-04-13,86.75,84.7637710571289
2026-04-14,87.20999908447266,85.21324157714844
2026-04-15,86.83000183105469,84.8419418334961
2026-04-16,86.27999877929688,84.30453491210938
2026-04-17,87.06999969482422,85.07645416259766
2026-04-20,87.05000305175781,85.0569076538086
2026-04-21,86.56999969482422,84.58790588378906
2026-04-22,86.73999786376953,84.75401306152344
2026-04-23,86.55000305175781,84.568359375
2026-04-24,86.70999908447266,84.72469329833984
2026-04-27,86.27999877929688,84.30453491210938
2026-04-28,86.37000274658203,84.3924789428711
2026-04-29,85.69999694824219,83.73780822753906
2026-04-30,85.62000274658203,83.65965270996094
2026-05-01,85.61000061035156,83.9587631225586
2026-05-04,84.95999908447266,83.32129669189453
2026-05-05,85.43000030517578,83.78223419189453
2026-05-06,86.08000183105469,84.41970825195312
2026-05-07,85.6500015258789,83.99799346923828
2026-05-08,86.08000183105469,84.41970825195312
2026-05-11,85.55999755859375,83.90972900390625
2026-05-12,84.98999786376953,83.35071563720703
2026-05-13,84.80000305175781,83.16439819335938
2026-05-14,84.91999816894531,83.28207397460938
2026-05-15,83.66000366210938,82.04637908935547
2026-05-18,83.55999755859375,81.94830322265625
2026-05-19,83.0199966430664,81.41871643066406
2026-05-20,83.91000366210938,82.29155731201172
2026-05-21,84.22000122070312,82.59557342529297
2026-05-22,84.68000030517578,83.04669952392578
2026-05-26,85.0999984741211,83.4585952758789
2026-05-27,85.30000305175781,83.65474700927734
2026-05-28,85.73999786376953,84.08625030517578
2026-05-29,85.76000213623047,84.10588073730469
2026-06-01,85.47000122070312,84.15116882324219
2026-06-02,85.6500015258789,84.32838439941406
2026-06-03,85.30999755859375,83.99362182617188
2026-06-04,85.5,84.18069458007812
2026-06-05,85.05999755859375,83.74748229980469
2026-06-08,84.62000274658203,83.31428527832031
2026-06-09,85.12000274658203,83.80656433105469
2026-06-10,84.87999725341797,83.57026672363281
2026-06-11,85.9800033569336,84.65330505371094
2026-06-12,85.7699966430664,84.446533203125
2026-06-15,85.72000122070312,84.39730834960938
2026-06-16,86.19000244140625,84.86005401611328
2026-06-17,86.33000183105469,84.99789428710938
2026-06-18,86.75,85.41141510009766
2026-06-22,86.08999633789062,84.76158905029297
2026-06-23,86.19999694824219,84.8698959350586
2026-06-24,87.37999725341797,86.03168487548828
2026-06-25,87.3499984741211,86.00215911865234
2026-06-26,87.36000061035156,86.01200866699219
2026-06-29,87.44999694824219,86.10061645507812
2026-06-30,86.41999816894531,85.08650207519531
2026-07-01,85.5199966430664,84.51136016845703
2026-07-02,85.51000213623047,84.5014877319336
2026-07-06,85.44999694824219,84.44218444824219
2026-07-07,84.55000305175781,83.55281829833984
2026-07-08,84.36000061035156,83.36505126953125
2026-07-09,84.48999786376953,83.49351501464844
2026-07-10,84.47000122070312,83.4737548828125
2026-07-13,83.97000122070312,82.97965240478516
2026-07-14,84.08000183105469,83.0883560180664
2026-07-15,84.23999786376953,83.24646759033203
2026-07-16,84.20999908447266,83.2168197631836
2026-07-17,84.5199966430664,83.52316284179688
2026-07-20,83.88999938964844,82.90058898925781
2026-07-21,83.66000366210938,82.67330932617188
2026-07-22,83.44000244140625,82.45590209960938
2026-07-23,83.16999816894531,82.18907928466797
2026-07-24,83.25,82.26813507080078
2026-07-27,83.75,82.76224517822266
2026-07-28,84.23999786376953,83.24646759033203
2026-07-29,82.8499984741211,81.87285614013672
2026-07-30,82.80000305175781,81.82344818115234
2026-07-31,82.25,81.2799301147461
2026-08-03,82.19000244140625,81.5478286743164
2026-08-04,82.81999969482422,82.17290496826172
2026-08-05,83.0,82.35149383544922
2026-08-06,82.5199966430664,81.875244140625
2026-08-07,82.76000213623047,82.11337280273438
2026-08-10,82.05999755859375,81.41883850097656
2026-08-11,82.19000244140625,81.5478286743164
2026-08-12,82.11000061035156,81.46845245361328
2026-08-13,82.58999633789062,81.94469451904297
2026-08-14,82.04000091552734,81.39899444580078
2026-08-17,81.3499984741211,80.71439361572266
2026-08-18,81.66000366210938,81.02197265625
2026-08-19,83.0199966430664,82.371337890625
2026-08-20,82.33999633789062,81.69664764404297
2026-08-21,82.05000305175781,81.40892028808594
2026-08-24,82.55999755859375,81.91493225097656
2026-08-25,83.47000122070312,82.81782531738281
2026-08-26,83.30000305175781,82.64915466308594
2026-08-27,83.12999725341797,82.48047637939453
2026-08-28,82.87999725341797,82.23242950439453
2026-08-31,82.5199966430664,81.875244140625
2026-09-01,81.87000274658203,81.54159545898438
2026-09-02,81.94999694824219,81.62126922607422
2026-09-03,82.06999969482422,81.74079132080078
2026-09-04,82.20999908447266,81.8802261352539
2026-09-08,82.19999694824219,81.8702621459961
2026-09-09,81.7300033569336,81.40216064453125
2026-09-10,80.77999877929688,80.45596313476562
2026-09-11,80.87000274658203,80.54560852050781
2026-09-14,80.93000030517578,80.60536193847656
2026-09-15,80.70999908447266,80.38624572753906
2026-09-16,80.87999725341797,80.55555725097656
2026-09-17,81.77999877929688,81.45195007324219
2026-09-18,81.25,80.92407989501953
2026-09-21,81.80000305175781,81.47187805175781
2026-09-22,81.75,81.42207336425781
2026-09-23,80.45999908447266,80.13724517822266
2026-09-24,79.41999816894531,79.1014175415039
2026-09-25,79.31999969482422,79.00182342529297
2026-09-28,78.62000274658203,78.30463409423828
2026-09-29,78.2300033569336,77.91619873046875
2026-09-30,77.77999877929688,77.4679946899414
2026-10-01,77.70999908447266,77.70999908447266
2026-10-02,77.4800033569336,77.4800033569336
