date,close,adjclose
2002-07-31,1.0789469480514526,0.8426397442817688
2002-08-01,1.0877189636230469,0.8494905233383179
2002-08-02,1.135964035987854,0.8871691226959229
2002-08-05,1.0921050310134888,0.8529159426689148
2002-08-06,1.0614030361175537,0.8289381265640259
2002-08-07,1.1140350103378296,0.8700430393218994
2002-08-08,1.166666030883789,0.9111467003822327
2002-08-09,1.1447360515594482,0.8940200209617615
2002-08-12,1.1403499841690063,0.8905945420265198
2002-08-13,1.1096489429473877,0.8666175603866577
2002-08-14,1.1271920204162598,0.8803184032440186
2002-08-15,1.131577968597412,0.8837438225746155
2002-08-16,1.1491219997406006,0.8974453806877136
2002-08-19,1.219298005104065,0.9522517323493958
2002-08-20,1.2938590049743652,1.0104825496673584
2002-08-21,1.3421050310134888,1.0481618642807007
2002-08-22,1.289473056793213,1.0070570707321167
2002-08-23,1.289473056793213,1.0070570707321167
2002-08-26,1.320175051689148,1.0310349464416504
2002-08-27,1.381577968597412,1.0789896249771118
2002-08-28,1.3070169687271118,1.0207587480545044
2002-08-29,1.2807010412216187,1.0002063512802124
2002-08-30,1.289473056793213,1.0070570707321167
2002-09-02,1.2587709426879883,0.9830793142318726
2002-09-03,1.2236839532852173,0.9556769132614136
2002-09-04,1.2587709426879883,0.9830793142318726
2002-09-05,1.2631570100784302,0.9865049123764038
2002-09-06,1.289473056793213,1.0070570707321167
2002-09-09,1.3421050310134888,1.0481618642807007
2002-09-10,1.3333330154418945,1.0413107872009277
2002-09-11,1.3640350103378296,1.065288782119751
2002-09-12,1.4473680257797241,1.1303706169128418
2002-09-13,1.4210519790649414,1.1098179817199707
2002-09-16,1.4298239946365356,1.1166690587997437
2002-09-17,1.5087709426879883,1.1783252954483032
2002-09-18,1.4561400413513184,1.1372212171554565
2002-09-19,1.469298005104065,1.1474976539611816
2002-09-20,1.5526310205459595,1.2125790119171143
2002-09-23,1.5175429582595825,1.1851757764816284
2002-09-24,1.4824559688568115,1.157773494720459
2002-09-25,1.315788984298706,1.0276093482971191
2002-09-26,1.2982449531555176,1.0139080286026
2002-09-27,1.385964035987854,1.082415223121643
2002-09-30,1.3947360515594482,1.0892657041549683
2002-10-01,1.3947360515594482,1.0892657041549683
2002-10-02,1.4210519790649414,1.1098179817199707
2002-10-03,1.3947360515594482,1.0892657041549683
2002-10-04,1.3070169687271118,1.0207587480545044
2002-10-07,1.254384994506836,0.9796540141105652
2002-10-08,1.2938590049743652,1.0104825496673584
2002-10-09,1.3421050310134888,1.0481618642807007
2002-10-10,1.3289469480514526,1.0378855466842651
2002-10-11,1.3070169687271118,1.0207587480545044
2002-10-14,1.3070169687271118,1.0207587480545044
2002-10-15,1.368420958518982,1.0687140226364136
2002-10-16,1.3991219997406006,1.09269118309021
2002-10-17,1.4298239946365356,1.1166690587997437
2002-10-18,1.4298239946365356,1.1166690587997437
2002-10-21,1.4298239946365356,1.1166690587997437
2002-10-22,1.3903499841690063,1.0858404636383057
2002-10-23,1.385964035987854,1.082415223121643
2002-10-24,1.3947360515594482,1.0892657041549683
2002-10-25,1.385964035987854,1.082415223121643
2002-10-28,1.381577968597412,1.0789896249771118
2002-10-29,1.4122799634933472,1.102967381477356
2002-10-30,1.4078940153121948,1.0995420217514038
2002-10-31,1.3991219997406006,1.09269118309021
2002-11-01,1.3728070259094238,1.072139859199524
2002-11-04,1.385964035987854,1.082415223121643
2002-11-05,1.320175051689148,1.0310349464416504
2002-11-06,1.315788984298706,1.0276093482971191
2002-11-07,1.3245609998703003,1.0344603061676025
2002-11-08,1.3289469480514526,1.0378855466842651
2002-11-11,1.3245609998703003,1.0344603061676025
2002-11-12,1.3245609998703003,1.0344603061676025
2002-11-13,1.3289469480514526,1.0378855466842651
2002-11-14,1.3552629947662354,1.0584380626678467
2002-11-15,1.3596489429473877,1.0618634223937988
2002-11-18,1.368420958518982,1.0687140226364136
2002-11-19,1.3728070259094238,1.072139859199524
2002-11-20,1.3289469480514526,1.0378855466842651
2002-11-21,1.315788984298706,1.0276093482971191
2002-11-22,1.3114030361175537,1.024184226989746
2002-11-25,1.315788984298706,1.0276093482971191
2002-11-26,1.315788984298706,1.0276093482971191
2002-11-27,1.2631570100784302,0.9865049123764038
2002-11-28,1.320175051689148,1.0310349464416504
2002-11-29,1.315788984298706,1.0276093482971191
2002-12-02,1.315788984298706,1.0276093482971191
2002-12-03,1.3114030361175537,1.024184226989746
2002-12-04,1.2982449531555176,1.0139080286026
2002-12-05,1.2982449531555176,1.0139080286026
2002-12-06,1.289473056793213,1.0070570707321167
2002-12-09,1.289473056793213,1.0070570707321167
2002-12-10,1.2807010412216187,1.0002063512802124
2002-12-11,1.2631570100784302,0.9865049123764038
2002-12-12,1.2938590049743652,1.0104825496673584
2002-12-13,1.2807010412216187,1.0002063512802124
2002-12-16,1.3070169687271118,1.0207587480545044
2002-12-17,1.2719290256500244,0.9933556914329529
2002-12-18,1.2982449531555176,1.0139080286026
2002-12-19,1.3070169687271118,1.0207587480545044
2002-12-20,1.2763149738311768,0.9967809319496155
2002-12-23,1.3070169687271118,1.0207587480545044
2002-12-24,1.320175051689148,1.0310349464416504
2002-12-25,1.320175051689148,1.0310349464416504
2002-12-26,1.320175051689148,1.0310349464416504
2002-12-27,1.3377189636230469,1.044736385345459
2002-12-30,1.3552629947662354,1.0584380626678467
2002-12-31,1.381577968597412,1.0789896249771118
2003-01-01,1.381577968597412,1.0789896249771118
2003-01-02,1.3596489429473877,1.0618634223937988
2003-01-03,1.3421050310134888,1.0481618642807007
2003-01-06,1.3289469480514526,1.0378855466842651
2003-01-07,1.315788984298706,1.0276093482971191
2003-01-08,1.350877046585083,1.0550127029418945
2003-01-09,1.4078940153121948,1.0995420217514038
2003-01-10,1.5175429582595825,1.1851757764816284
2003-01-13,1.4912279844284058,1.1646242141723633
2003-01-14,1.4912279844284058,1.1646242141723633
2003-01-15,1.504384994506836,1.1748998165130615
2003-01-16,1.4912279844284058,1.1646242141723633
2003-01-17,1.4912279844284058,1.1646242141723633
2003-01-20,1.4956140518188477,1.1680498123168945
2003-01-21,1.504384994506836,1.1748998165130615
2003-01-22,1.5789469480514526,1.2331312894821167
2003-01-23,1.2631570100784302,0.9865049123764038
2003-01-24,1.1403499841690063,0.8905945420265198
2003-01-27,1.1403499841690063,0.8905945420265198
2003-01-28,1.1403499841690063,0.8905945420265198
2003-01-29,1.1798239946365356,0.9214231371879578
2003-01-30,1.1754380464553833,0.9179977178573608
2003-01-31,1.1754380464553833,0.9179977178573608
2003-02-03,1.1754380464553833,0.9179977178573608
2003-02-04,1.2105259895324707,0.9454005360603333
2003-02-05,1.254384994506836,0.9796540141105652
2003-02-06,1.1973680257797241,0.9351246356964111
2003-02-07,1.2719290256500244,0.9933556914329529
2003-02-10,1.315788984298706,1.0276093482971191
2003-02-11,1.3114030361175537,1.024184226989746
2003-02-12,1.315788984298706,1.0276093482971191
2003-02-13,1.289473056793213,1.0070570707321167
2003-02-14,1.2675429582595825,0.9899303913116455
2003-02-17,1.3026310205459595,1.0173333883285522
2003-02-18,1.2456140518188477,0.9728041887283325
2003-02-19,1.2807010412216187,1.0002063512802124
2003-02-20,1.3114030361175537,1.024184226989746
2003-02-21,1.3245609998703003,1.0344603061676025
2003-02-24,1.3728070259094238,1.072139859199524
2003-02-25,1.3728070259094238,1.072139859199524
2003-02-26,1.381577968597412,1.0789896249771118
2003-02-27,1.385964035987854,1.082415223121643
2003-02-28,1.385964035987854,1.082415223121643
2003-03-03,1.4561400413513184,1.1372212171554565
2003-03-04,1.4254380464553833,1.113243579864502
2003-03-05,1.3596489429473877,1.0618634223937988
2003-03-06,1.2938590049743652,1.029342532157898
2003-03-07,1.285086989402771,1.0223640203475952
2003-03-10,1.25,0.9944499731063843
2003-03-11,1.315788984298706,1.0467890501022339
2003-03-12,1.368420958518982,1.0886609554290771
2003-03-13,1.3640350103378296,1.0851719379425049
2003-03-14,1.3596489429473877,1.081682562828064
2003-03-17,1.3596489429473877,1.081682562828064
2003-03-18,1.3596489429473877,1.081682562828064
2003-03-19,1.3771920204162598,1.0956387519836426
2003-03-20,1.3596489429473877,1.081682562828064
2003-03-21,1.3771920204162598,1.0956387519836426
2003-03-24,1.403507947921753,1.1165748834609985
2003-03-25,1.381577968597412,1.099128246307373
2003-03-26,1.368420958518982,1.0886609554290771
2003-03-27,1.3640350103378296,1.0851719379425049
2003-03-28,1.385964035987854,1.102617621421814
2003-03-31,1.3377189636230469,1.0642355680465698
2003-04-01,1.3377189636230469,1.0642355680465698
2003-04-02,1.3333330154418945,1.060746192932129
2003-04-03,1.315788984298706,1.0467890501022339
2003-04-04,1.3728070259094238,1.0921505689620972
2003-04-07,1.3771920204162598,1.0956387519836426
2003-04-08,1.381577968597412,1.099128246307373
2003-04-09,1.3640350103378296,1.0851719379425049
2003-04-10,1.3552629947662354,1.078192949295044
2003-04-11,1.320175051689148,1.050278663635254
2003-04-14,1.3026310205459595,1.0363210439682007
2003-04-15,1.315788984298706,1.0467890501022339
2003-04-16,1.3289469480514526,1.057257056236267
2003-04-17,1.3289469480514526,1.057257056236267
2003-04-18,1.3289469480514526,1.057257056236267
2003-04-21,1.3289469480514526,1.057257056236267
2003-04-22,1.3333330154418945,1.060746192932129
2003-04-23,1.3289469480514526,1.057257056236267
2003-04-24,1.2719290256500244,1.0118961334228516
2003-04-25,1.2412279844284058,0.9874715805053711
2003-04-28,1.2807010412216187,1.0188745260238647
2003-04-29,1.315788984298706,1.0467890501022339
2003-04-30,1.3552629947662354,1.078192949295044
2003-05-01,1.3552629947662354,1.078192949295044
2003-05-02,1.3333330154418945,1.060746192932129
2003-05-05,1.3640350103378296,1.0851719379425049
2003-05-06,1.3464909791946411,1.0712143182754517
2003-05-07,1.315788984298706,1.0467890501022339
2003-05-08,1.315788984298706,1.0467890501022339
2003-05-09,1.3026310205459595,1.0363210439682007
2003-05-12,1.3289469480514526,1.057257056236267
2003-05-13,1.3114030361175537,1.043299913406372
2003-05-14,1.3114030361175537,1.043299913406372
2003-05-15,1.3070169687271118,1.0398104190826416
2003-05-16,1.3114030361175537,1.043299913406372
2003-05-19,1.320175051689148,1.050278663635254
2003-05-20,1.315788984298706,1.0467890501022339
2003-05-21,1.3640350103378296,1.0851719379425049
2003-05-22,1.381577968597412,1.099128246307373
2003-05-23,1.3728070259094238,1.0921505689620972
2003-05-26,1.3903499841690063,1.1061066389083862
2003-05-27,1.3903499841690063,1.1061066389083862
2003-05-28,1.3771920204162598,1.0956387519836426
2003-05-29,1.368420958518982,1.0886609554290771
2003-05-30,1.381577968597412,1.099128246307373
2003-06-02,1.4254380464553833,1.134021520614624
2003-06-03,1.403507947921753,1.1165748834609985
2003-06-04,1.403507947921753,1.1165748834609985
2003-06-05,1.416666030883789,1.1270426511764526
2003-06-06,1.434209942817688,1.1410000324249268
2003-06-09,1.434209942817688,1.1410000324249268
2003-06-10,1.3903499841690063,1.1061066389083862
2003-06-11,1.3947360515594482,1.1095962524414062
2003-06-12,1.381577968597412,1.099128246307373
2003-06-13,1.3991219997406006,1.1130856275558472
2003-06-16,1.4517539739608765,1.15495765209198
2003-06-17,1.535086989402771,1.221253752708435
2003-06-18,1.5175429582595825,1.2072962522506714
2003-06-19,1.5307010412216187,1.2177648544311523
2003-06-20,1.5219290256500244,1.210785984992981
2003-06-23,1.5087709426879883,1.2003178596496582
2003-06-24,1.4649120569229126,1.165425419807434
2003-06-25,1.4824559688568115,1.1793826818466187
2003-06-26,1.4956140518188477,1.1898508071899414
2003-06-27,1.5745609998703003,1.2526577711105347
2003-06-30,1.5307010412216187,1.2177648544311523
2003-07-01,1.5307010412216187,1.2177648544311523
2003-07-02,1.5614030361175537,1.242189884185791
2003-07-03,1.5789469480514526,1.256147027015686
2003-07-04,1.5745609998703003,1.2526577711105347
2003-07-07,1.5526310205459595,1.2352110147476196
2003-07-08,1.5,1.1933399438858032
2003-07-09,1.535086989402771,1.221253752708435
2003-07-10,1.5263149738311768,1.2142751216888428
2003-07-11,1.5438590049743652,1.2282326221466064
2003-07-14,1.5964909791946411,1.2701044082641602
2003-07-15,1.6491219997406006,1.3119755983352661
2003-07-16,1.635964035987854,1.3015074729919434
2003-07-17,1.5570169687271118,1.2387006282806396
2003-07-18,1.565788984298706,1.245679259300232
2003-07-21,1.5614030361175537,1.242189884185791
2003-07-22,1.535086989402771,1.221253752708435
2003-07-23,1.5438590049743652,1.2282326221466064
2003-07-24,1.5482449531555176,1.2317217588424683
2003-07-25,1.5438590049743652,1.2282326221466064
2003-07-28,1.5921050310134888,1.2666150331497192
2003-07-29,1.6140350103378296,1.2840616703033447
2003-07-30,1.7061400413513184,1.3573367595672607
2003-07-31,1.6973680257797241,1.3503581285476685
2003-08-01,1.6885960102081299,1.3433794975280762
2003-08-04,1.666666030883789,1.3259327411651611
2003-08-05,1.754384994506836,1.3957183361053467
2003-08-06,1.7368420362472534,1.3817620277404785
2003-08-07,1.6973680257797241,1.3503581285476685
2003-08-08,1.684209942817688,1.3398900032043457
2003-08-11,1.6228070259094238,1.291040301322937
2003-08-12,1.6271920204162598,1.294528841972351
2003-08-13,1.6403499841690063,1.3049969673156738
2003-08-14,1.6929819583892822,1.346868872642517
2003-08-15,1.6491219997406006,1.3119755983352661
2003-08-18,1.684209942817688,1.3398900032043457
2003-08-19,1.7236839532852173,1.3712941408157349
2003-08-20,1.684209942817688,1.3398900032043457
2003-08-21,1.8333330154418945,1.458526372909546
2003-08-22,1.9912279844284058,1.5841413736343384
2003-08-25,1.754384994506836,1.3957183361053467
2003-08-26,1.754384994506836,1.3957183361053467
2003-08-27,1.8377189636230469,1.4620155096054077
2003-08-28,1.8771920204162598,1.4934189319610596
2003-08-29,1.868420958518982,1.486440658569336
2003-09-01,1.9210519790649414,1.5283119678497314
2003-09-02,1.9473680257797241,1.549248218536377
2003-09-03,1.9736839532852173,1.5701838731765747
2003-09-04,1.9298239946365356,1.5352907180786133
2003-09-05,1.916666030883789,1.5248229503631592
2003-09-08,1.9122799634933472,1.5213334560394287
2003-09-09,1.9473680257797241,1.549248218536377
2003-09-10,1.9122799634933472,1.5213334560394287
2003-09-11,1.9298239946365356,1.5352907180786133
2003-09-12,1.9298239946365356,1.5352907180786133
2003-09-15,1.916666030883789,1.5248229503631592
2003-09-16,1.9078940153121948,1.5178440809249878
2003-09-17,1.903507947921753,1.5143548250198364
2003-09-18,1.9122799634933472,1.5213334560394287
2003-09-19,1.8070169687271118,1.4375903606414795
2003-09-22,1.7105259895324707,1.360826015472412
2003-09-23,1.666666030883789,1.3259327411651611
2003-09-24,1.6973680257797241,1.3503581285476685
2003-09-25,1.754384994506836,1.3957183361053467
2003-09-26,1.75,1.3922300338745117
2003-09-29,1.6929819583892822,1.346868872642517
2003-09-30,1.7280700206756592,1.3747833967208862
2003-10-01,1.7280700206756592,1.3747833967208862
2003-10-02,1.7412279844284058,1.3852514028549194
2003-10-03,1.8245609998703003,1.4515477418899536
2003-10-06,1.8070169687271118,1.4375903606414795
2003-10-07,1.7982449531555176,1.4306116104125977
2003-10-08,1.8114030361175537,1.4410802125930786
2003-10-09,1.785086989402771,1.4201436042785645
2003-10-10,1.8070169687271118,1.4375903606414795
2003-10-13,1.8245609998703003,1.4515477418899536
2003-10-14,1.8640350103378296,1.4829517602920532
2003-10-15,1.8991219997406006,1.5108658075332642
2003-10-16,1.9254380464553833,1.5318015813827515
2003-10-17,1.8640350103378296,1.4829517602920532
2003-10-20,1.9912279844284058,1.5841413736343384
2003-10-21,2.030700922012329,1.6155444383621216
2003-10-22,2.087718963623047,1.6609055995941162
2003-10-23,1.9649120569229126,1.5632051229476929
2003-10-24,1.8289469480514526,1.455036997795105
2003-10-27,1.8377189636230469,1.4620155096054077
2003-10-28,1.881577968597412,1.4969080686569214
2003-10-29,1.8114030361175537,1.4410802125930786
2003-10-30,1.754384994506836,1.3957183361053467
2003-10-31,1.7763149738311768,1.4131652116775513
2003-11-03,1.7412279844284058,1.3852514028549194
2003-11-04,1.7412279844284058,1.3852514028549194
2003-11-05,1.7456140518188477,1.3887407779693604
2003-11-06,1.8377189636230469,1.4620155096054077
2003-11-07,1.8947360515594482,1.5073763132095337
2003-11-10,1.868420958518982,1.486440658569336
2003-11-11,1.8377189636230469,1.4620155096054077
2003-11-12,1.9429819583892822,1.545758843421936
2003-11-13,1.9561400413513184,1.5562267303466797
2003-11-14,1.9517539739608765,1.5527374744415283
2003-11-17,1.9298239946365356,1.5352907180786133
2003-11-18,1.8903499841690063,1.5038868188858032
2003-11-19,1.903507947921753,1.5143548250198364
2003-11-20,1.9078940153121948,1.5178440809249878
2003-11-21,1.885964035987854,1.5003974437713623
2003-11-24,1.9078940153121948,1.5178440809249878
2003-11-25,1.9385960102081299,1.5422695875167847
2003-11-26,1.9298239946365356,1.5352907180786133
2003-11-27,1.9429819583892822,1.545758843421936
2003-11-28,1.9254380464553833,1.5318015813827515
2003-12-01,1.9824559688568115,1.5771628618240356
2003-12-02,1.9736839532852173,1.5701838731765747
2003-12-03,1.9254380464553833,1.5318015813827515
2003-12-04,1.8464909791946411,1.468994140625
2003-12-05,1.8464909791946411,1.468994140625
2003-12-08,1.8728070259094238,1.489930510520935
2003-12-09,1.8728070259094238,1.489930510520935
2003-12-10,1.8728070259094238,1.489930510520935
2003-12-11,1.8552629947662354,1.4759732484817505
2003-12-12,1.8596489429473877,1.4794623851776123
2003-12-15,1.8421050310134888,1.465504765510559
2003-12-16,1.8114030361175537,1.4410802125930786
2003-12-17,1.8026310205459595,1.4341012239456177
2003-12-18,1.7807010412216187,1.4166545867919922
2003-12-19,1.7631570100784302,1.402697205543518
2003-12-22,1.7324559688568115,1.3782730102539062
2003-12-23,1.7587709426879883,1.3992079496383667
2003-12-24,1.7675429582595825,1.406186819076538
2003-12-25,1.7675429582595825,1.406186819076538
2003-12-26,1.7675429582595825,1.406186819076538
2003-12-29,1.75,1.3922300338745117
2003-12-30,1.7456140518188477,1.3887407779693604
2003-12-31,1.7938590049743652,1.4271224737167358
2004-01-01,1.7938590049743652,1.4271224737167358
2004-01-02,1.7982449531555176,1.4306116104125977
2004-01-05,1.815788984298706,1.4445691108703613
2004-01-06,1.7938590049743652,1.4271224737167358
2004-01-07,1.8333330154418945,1.458526372909546
2004-01-08,1.8421050310134888,1.465504765510559
2004-01-09,1.8947360515594482,1.5073763132095337
2004-01-12,1.8771920204162598,1.4934189319610596
2004-01-13,1.8728070259094238,1.489930510520935
2004-01-14,1.8640350103378296,1.4829517602920532
2004-01-15,1.8552629947662354,1.4759732484817505
2004-01-16,1.868420958518982,1.486440658569336
2004-01-19,1.8771920204162598,1.4934189319610596
2004-01-20,1.8947360515594482,1.5073763132095337
2004-01-21,1.9078940153121948,1.5178440809249878
2004-01-22,1.9078940153121948,1.5178440809249878
2004-01-23,1.9078940153121948,1.5178440809249878
2004-01-26,1.9649120569229126,1.5632051229476929
2004-01-27,1.9736839532852173,1.5701838731765747
2004-01-28,1.9649120569229126,1.5632051229476929
2004-01-29,1.916666030883789,1.5248229503631592
2004-01-30,1.8947360515594482,1.5073763132095337
2004-02-02,1.8728070259094238,1.489930510520935
2004-02-03,1.934209942817688,1.5387802124023438
2004-02-04,1.8596489429473877,1.4794623851776123
2004-02-05,1.885964035987854,1.5003974437713623
2004-02-06,1.9298239946365356,1.5352907180786133
2004-02-09,2.004384994506836,1.5946085453033447
2004-02-10,2.122807025909424,1.6888203620910645
2004-02-11,2.087718963623047,1.6609055995941162
2004-02-12,2.0701749324798584,1.6469484567642212
2004-02-13,2.131577968597412,1.6957979202270508
2004-02-16,2.1447360515594482,1.7062662839889526
2004-02-17,2.0833330154418945,1.6574164628982544
2004-02-18,2.087718963623047,1.6609055995941162
2004-02-19,2.100877046585083,1.671373724937439
2004-02-20,2.1929819583892822,1.7446486949920654
2004-02-23,2.1271920204162598,1.6923086643218994
2004-02-24,2.131577968597412,1.6957979202270508
2004-02-25,2.201754093170166,1.7516274452209473
2004-02-26,2.1754379272460938,1.7306913137435913
2004-02-27,2.2631568908691406,1.8004772663116455
2004-03-01,2.342104911804199,1.863284945487976
2004-03-02,2.4956140518188477,1.9854106903076172
2004-03-03,2.5438590049743652,2.0237932205200195
2004-03-04,2.403507947921753,1.9121347665786743
2004-03-05,2.4122800827026367,1.9191137552261353
2004-03-08,2.4429819583892822,1.9435383081436157
2004-03-09,2.390350103378296,1.9016672372817993
2004-03-10,2.3070170879364014,1.8353701829910278
2004-03-11,2.2105259895324707,1.7935214042663574
2004-03-12,2.280700922012329,1.8504583835601807
2004-03-15,2.2763149738311768,1.8468997478485107
2004-03-16,2.223684072494507,1.8041973114013672
2004-03-17,2.2412281036376953,1.818432331085205
2004-03-18,2.223684072494507,1.8041973114013672
2004-03-19,2.1929819583892822,1.7792872190475464
2004-03-22,2.131577968597412,1.7294665575027466
2004-03-23,2.236841917037964,1.814873218536377
2004-03-24,2.280700922012329,1.8504583835601807
2004-03-25,2.2412281036376953,1.818432331085205
2004-03-26,2.3552629947662354,1.9109545946121216
2004-03-29,2.3333330154418945,1.893161416053772
2004-03-30,2.32456111907959,1.8860446214675903
2004-03-31,2.3596489429473877,1.9145135879516602
2004-04-01,2.3684210777282715,1.9216302633285522
2004-04-02,2.5438590049743652,2.0639736652374268
2004-04-05,2.5438590049743652,2.0639736652374268
2004-04-06,2.4561400413513184,1.9928019046783447
2004-04-07,2.451754093170166,1.989243507385254
2004-04-08,2.4429819583892822,1.9821255207061768
2004-04-09,2.4429819583892822,1.9821255207061768
2004-04-12,2.4429819583892822,1.9821255207061768
2004-04-13,2.350877046585083,1.9073959589004517
2004-04-14,2.254384994506836,1.8291068077087402
2004-04-15,2.2105259895324707,1.7935214042663574
2004-04-16,2.236841917037964,1.814873218536377
2004-04-19,2.2412281036376953,1.818432331085205
2004-04-20,2.214911937713623,1.7970802783966064
2004-04-21,2.1622800827026367,1.7543771266937256
2004-04-22,2.1929819583892822,1.7792872190475464
2004-04-23,2.2850871086120605,1.854016900062561
2004-04-26,2.2061400413513184,1.789962887763977
2004-04-27,2.140350103378296,1.736583948135376
2004-04-28,2.2105259895324707,1.7935214042663574
2004-04-29,2.017543077468872,1.636944055557251
2004-04-30,2.039473056793213,1.654736876487732
2004-05-03,2.1929819583892822,1.7792872190475464
2004-05-04,2.2456140518188477,1.8219904899597168
2004-05-05,2.1929819583892822,1.7792872190475464
2004-05-06,2.2105259895324707,1.7935214042663574
2004-05-07,2.100877046585083,1.7045574188232422
2004-05-10,1.9912279844284058,1.6155929565429688
2004-05-11,2.0438590049743652,1.6582953929901123
2004-05-12,2.1973679065704346,1.7828459739685059
2004-05-13,2.140350103378296,1.736583948135376
2004-05-14,2.0701749324798584,1.6796472072601318
2004-05-17,1.8991219997406006,1.5408626794815063
2004-05-18,2.017543077468872,1.636944055557251
2004-05-19,2.1184210777282715,1.718792200088501
2004-05-20,2.1754379272460938,1.7650526762008667
2004-05-21,2.2192978858947754,1.8006387948989868
2004-05-24,2.2061400413513184,1.789962887763977
2004-05-25,2.2192978858947754,1.8006387948989868
2004-05-26,2.2192978858947754,1.8006387948989868
2004-05-27,2.3333330154418945,1.893161416053772
2004-05-28,2.390350103378296,1.9394230842590332
2004-05-31,2.3596489429473877,1.9145135879516602
2004-06-01,2.3333330154418945,1.893161416053772
2004-06-02,2.32456111907959,1.8860446214675903
2004-06-03,2.1578938961029053,1.750818133354187
2004-06-04,2.1754379272460938,1.7650526762008667
2004-06-07,2.254384994506836,1.8291068077087402
2004-06-08,2.254384994506836,1.8291068077087402
2004-06-09,2.140350103378296,1.736583948135376
2004-06-10,2.201754093170166,1.7864044904708862
2004-06-11,2.3070170879364014,1.8718098402023315
2004-06-14,2.228070020675659,1.8077561855316162
2004-06-15,2.2105259895324707,1.7935214042663574
2004-06-16,2.153507947921753,1.747259497642517
2004-06-17,1.9736839532852173,1.601358413696289
2004-06-18,1.9254380464553833,1.5622141361236572
2004-06-21,2.0,1.622710108757019
2004-06-22,2.0,1.622710108757019
2004-06-23,2.017543077468872,1.636944055557251
2004-06-24,2.0131568908691406,1.6333853006362915
2004-06-25,2.0570170879364014,1.6689715385437012
2004-06-28,2.0482449531555176,1.6618541479110718
2004-06-29,2.004384994506836,1.6262680292129517
2004-06-30,2.017543077468872,1.636944055557251
2004-07-01,2.017543077468872,1.636944055557251
2004-07-02,2.0,1.622710108757019
2004-07-05,2.0131568908691406,1.6333853006362915
2004-07-06,2.05263090133667,1.6654123067855835
2004-07-07,2.05263090133667,1.6654123067855835
2004-07-08,1.9956140518188477,1.6191518306732178
2004-07-09,1.9385960102081299,1.5728899240493774
2004-07-12,1.9385960102081299,1.5728899240493774
2004-07-13,1.9298239946365356,1.5657726526260376
2004-07-14,1.903507947921753,1.5444209575653076
2004-07-15,1.8333330154418945,1.487484097480774
2004-07-16,1.8421050310134888,1.4946011304855347
2004-07-19,1.9429819583892822,1.5764484405517578
2004-07-20,1.934209942817688,1.569331407546997
2004-07-21,2.0,1.622710108757019
2004-07-22,2.0087709426879883,1.629826545715332
2004-07-23,2.0087709426879883,1.629826545715332
2004-07-26,2.0219290256500244,1.640502691268921
2004-07-27,2.0,1.622710108757019
2004-07-28,1.969298005104065,1.5978000164031982
2004-07-29,1.9385960102081299,1.5728899240493774
2004-07-30,1.9561400413513184,1.587124228477478
2004-08-02,1.9078940153121948,1.547979474067688
2004-08-03,1.8421050310134888,1.4946011304855347
2004-08-04,1.850877046585083,1.5017186403274536
2004-08-05,1.903507947921753,1.5444209575653076
2004-08-06,1.8947360515594482,1.5373038053512573
2004-08-09,1.868420958518982,1.515952706336975
2004-08-10,1.7807010412216187,1.4447810649871826
2004-08-11,1.7105259895324707,1.3878439664840698
2004-08-12,1.7236839532852173,1.3985198736190796
2004-08-13,1.7105259895324707,1.3878439664840698
2004-08-16,1.6447360515594482,1.3344652652740479
2004-08-17,1.6052629947662354,1.3024383783340454
2004-08-18,1.5964909791946411,1.2953212261199951
2004-08-19,1.666666030883789,1.3522579669952393
2004-08-20,1.7105259895324707,1.3878439664840698
2004-08-23,1.7280700206756592,1.40207839012146
2004-08-24,1.6929819583892822,1.3736097812652588
2004-08-25,1.6885960102081299,1.3700511455535889
2004-08-26,1.7807010412216187,1.4447810649871826
2004-08-27,1.789473056793213,1.4518980979919434
2004-08-30,1.8377189636230469,1.4910426139831543
2004-08-31,1.8596489429473877,1.508835792541504
2004-09-01,1.9385960102081299,1.5728899240493774
2004-09-02,1.9912279844284058,1.6155929565429688
2004-09-03,1.9649120569229126,1.5942412614822388
2004-09-06,1.9912279844284058,1.6155929565429688
2004-09-07,2.0087709426879883,1.629826545715332
2004-09-08,2.017543077468872,1.636944055557251
2004-09-09,1.9868420362472534,1.6120343208312988
2004-09-10,1.9824559688568115,1.6084760427474976
2004-09-13,2.0087709426879883,1.629826545715332
2004-09-14,2.017543077468872,1.636944055557251
2004-09-15,2.004384994506836,1.6262680292129517
2004-09-16,2.05263090133667,1.6654123067855835
2004-09-17,2.0964910984039307,1.7009987831115723
2004-09-20,2.11403489112854,1.7152329683303833
2004-09-21,2.087718963623047,1.6938813924789429
2004-09-22,2.0482449531555176,1.6618541479110718
2004-09-23,2.0570170879364014,1.6689715385437012
2004-09-24,2.0438590049743652,1.6582953929901123
2004-09-27,2.1052629947662354,1.7081159353256226
2004-09-28,2.039473056793213,1.654736876487732
2004-09-29,2.039473056793213,1.654736876487732
2004-09-30,2.078947067260742,1.6867643594741821
2004-10-01,2.078947067260742,1.6867643594741821
2004-10-04,2.1578938961029053,1.750818133354187
2004-10-05,2.1929819583892822,1.7792872190475464
2004-10-06,2.214911937713623,1.7970802783966064
2004-10-07,2.1842100620269775,1.772170066833496
2004-10-08,2.122807025909424,1.7223503589630127
2004-10-11,2.100877046585083,1.7045574188232422
2004-10-12,2.065788984298706,1.676088571548462
2004-10-13,2.0614030361175537,1.672529935836792
2004-10-14,2.017543077468872,1.636944055557251
2004-10-15,2.0219290256500244,1.640502691268921
2004-10-18,2.004384994506836,1.6262680292129517
2004-10-19,2.0263149738311768,1.6440609693527222
2004-10-20,1.9956140518188477,1.6191518306732178
2004-10-21,2.017543077468872,1.636944055557251
2004-10-22,2.017543077468872,1.636944055557251
2004-10-25,1.9956140518188477,1.6191518306732178
2004-10-26,1.9824559688568115,1.6084760427474976
2004-10-27,1.9429819583892822,1.5764484405517578
2004-10-28,1.9649120569229126,1.5942412614822388
2004-10-29,1.9210519790649414,1.5586552619934082
2004-11-01,1.8728070259094238,1.5195118188858032
2004-11-02,1.9298239946365356,1.5657726526260376
2004-11-03,1.9649120569229126,1.5942412614822388
2004-11-04,1.9605259895324707,1.5906827449798584
2004-11-05,1.9780700206756592,1.6049174070358276
2004-11-08,1.969298005104065,1.5978000164031982
2004-11-09,1.9824559688568115,1.6084760427474976
2004-11-10,2.004384994506836,1.6262680292129517
2004-11-11,2.0,1.622710108757019
2004-11-12,2.0087709426879883,1.629826545715332
2004-11-15,2.0131568908691406,1.6333853006362915
2004-11-16,1.9122799634933472,1.551538109779358
2004-11-17,1.9210519790649414,1.5586552619934082
2004-11-18,1.969298005104065,1.5978000164031982
2004-11-19,1.9780700206756592,1.6049174070358276
2004-11-22,1.969298005104065,1.5978000164031982
2004-11-23,1.9736839532852173,1.601358413696289
2004-11-24,1.9605259895324707,1.5906827449798584
2004-11-25,1.9605259895324707,1.5906827449798584
2004-11-26,1.9736839532852173,1.601358413696289
2004-11-29,1.9473680257797241,1.5800071954727173
2004-11-30,1.9385960102081299,1.5728899240493774
2004-12-01,1.9298239946365356,1.5657726526260376
2004-12-02,1.9649120569229126,1.5942412614822388
2004-12-03,2.039473056793213,1.654736876487732
2004-12-06,2.0263149738311768,1.6440609693527222
2004-12-07,2.0438590049743652,1.6582953929901123
2004-12-08,1.9298239946365356,1.5657726526260376
2004-12-09,1.9385960102081299,1.5728899240493774
2004-12-10,1.9210519790649414,1.5586552619934082
2004-12-13,1.9473680257797241,1.5800071954727173
2004-12-14,1.9385960102081299,1.5728899240493774
2004-12-15,1.9298239946365356,1.5657726526260376
2004-12-16,1.8991219997406006,1.5408626794815063
2004-12-17,1.9122799634933472,1.551538109779358
2004-12-20,1.903507947921753,1.5444209575653076
2004-12-21,1.8421050310134888,1.4946011304855347
2004-12-22,1.8333330154418945,1.487484097480774
2004-12-23,1.8377189636230469,1.4910426139831543
2004-12-24,1.8377189636230469,1.4910426139831543
2004-12-27,1.8377189636230469,1.4910426139831543
2004-12-28,1.8333330154418945,1.487484097480774
2004-12-29,1.8245609998703003,1.4803669452667236
2004-12-30,1.785086989402771,1.4483393430709839
2004-12-31,1.8026310205459595,1.4625740051269531
2005-01-03,1.8289469480514526,1.483925461769104
2005-01-04,1.815788984298706,1.4732496738433838
2005-01-05,1.7631570100784302,1.430546522140503
2005-01-06,1.789473056793213,1.4518980979919434
2005-01-07,1.7807010412216187,1.4447810649871826
2005-01-10,1.7675429582595825,1.434105396270752
2005-01-11,1.75,1.4198715686798096
2005-01-12,1.75,1.4198715686798096
2005-01-13,1.684209942817688,1.3664923906326294
2005-01-14,1.7587709426879883,1.426987886428833
2005-01-17,1.7412279844284058,1.4127542972564697
2005-01-18,1.8421050310134888,1.4946011304855347
2005-01-19,1.9298239946365356,1.5657726526260376
2005-01-20,1.9517539739608765,1.5835657119750977
2005-01-21,1.9429819583892822,1.5764484405517578
2005-01-24,1.885964035987854,1.5301865339279175
2005-01-25,1.8903499841690063,1.5337450504302979
2005-01-26,1.9385960102081299,1.5728899240493774
2005-01-27,2.0,1.622710108757019
2005-01-28,2.030700922012329,1.647619605064392
2005-01-31,2.0833330154418945,1.6903228759765625
2005-02-01,2.030700922012329,1.647619605064392
2005-02-02,2.0219290256500244,1.640502691268921
2005-02-03,2.0263149738311768,1.6440609693527222
2005-02-04,2.017543077468872,1.636944055557251
2005-02-07,2.0219290256500244,1.640502691268921
2005-02-08,2.0438590049743652,1.6582953929901123
2005-02-14,2.1052629947662354,1.7081159353256226
2005-02-15,2.122807025909424,1.7223503589630127
2005-02-16,2.1578938961029053,1.750818133354187
2005-02-17,2.1754379272460938,1.7650526762008667
2005-02-18,2.1754379272460938,1.7650526762008667
2005-02-21,2.1052629947662354,1.7081159353256226
2005-02-22,2.039473056793213,1.654736876487732
2005-02-23,1.9780700206756592,1.6049174070358276
2005-02-24,2.0219290256500244,1.640502691268921
2005-02-25,2.0263149738311768,1.6440609693527222
2005-02-28,2.100877046585083,1.7045574188232422
2005-03-01,2.078947067260742,1.6867643594741821
2005-03-02,2.11403489112854,1.7152329683303833
2005-03-03,2.092104911804199,1.6974400281906128
2005-03-04,2.0438590049743652,1.6582953929901123
2005-03-07,2.092104911804199,1.6974400281906128
2005-03-08,2.131577968597412,1.7294665575027466
2005-03-09,2.1929819583892822,1.7792872190475464
2005-03-10,2.2105259895324707,1.7935214042663574
2005-03-11,2.166666030883789,1.757935643196106
2005-03-14,2.153507947921753,1.747259497642517
2005-03-15,2.078947067260742,1.6867643594741821
2005-03-16,2.1052629947662354,1.7081159353256226
2005-03-17,2.0964910984039307,1.7009987831115723
2005-03-18,2.065788984298706,1.676088571548462
2005-03-21,2.0614030361175537,1.672529935836792
2005-03-22,2.0482449531555176,1.6618541479110718
2005-03-23,2.017543077468872,1.636944055557251
2005-03-24,2.0219290256500244,1.640502691268921
2005-03-29,2.065788984298706,1.676088571548462
2005-03-30,2.017543077468872,1.636944055557251
2005-03-31,2.0087709426879883,1.629826545715332
2005-04-01,2.017543077468872,1.636944055557251
2005-04-04,2.0087709426879883,1.629826545715332
2005-04-06,2.0131568908691406,1.6333853006362915
2005-04-07,1.934209942817688,1.569331407546997
2005-04-08,1.9254380464553833,1.5622141361236572
2005-04-11,1.9517539739608765,1.5835657119750977
2005-04-12,1.9122799634933472,1.551538109779358
2005-04-13,1.9561400413513184,1.587124228477478
2005-04-14,1.9078940153121948,1.5890964269638062
2005-04-15,1.8771920204162598,1.5635247230529785
2005-04-18,1.8333330154418945,1.5269943475723267
2005-04-19,1.8464909791946411,1.5379536151885986
2005-04-20,1.8070169687271118,1.5050753355026245
2005-04-21,1.7587709426879883,1.4648910760879517
2005-04-22,1.8333330154418945,1.5269943475723267
2005-04-25,1.8421050310134888,1.5343003273010254
2005-04-26,1.9210519790649414,1.6000558137893677
2005-04-27,1.934209942817688,1.6110154390335083
2005-04-28,1.9429819583892822,1.6183215379714966
2005-04-29,1.9429819583892822,1.6183215379714966
2005-05-03,1.8771920204162598,1.5635247230529785
2005-05-04,1.8421050310134888,1.5343003273010254
2005-05-05,1.8552629947662354,1.5452600717544556
2005-05-06,1.820175051689148,1.5160348415374756
2005-05-09,1.789473056793213,1.4904630184173584
2005-05-10,1.785086989402771,1.4868097305297852
2005-05-11,1.789473056793213,1.4904630184173584
2005-05-12,1.7719290256500244,1.4758504629135132
2005-05-13,1.7412279844284058,1.4502794742584229
2005-05-17,1.7280700206756592,1.4393200874328613
2005-05-18,1.6754380464553833,1.3954824209213257
2005-05-19,1.6228070259094238,1.3516457080841064
2005-05-20,1.631577968597412,1.3589513301849365
2005-05-23,1.5789469480514526,1.3151146173477173
2005-05-24,1.5964909791946411,1.329727292060852
2005-05-25,1.5789469480514526,1.3151146173477173
2005-05-26,1.570175051689148,1.3078083992004395
2005-05-27,1.5789469480514526,1.3151146173477173
2005-05-30,1.600877046585083,1.3333803415298462
2005-05-31,1.5745609998703003,1.3114614486694336
2005-06-01,1.5307010412216187,1.2749305963516235
2005-06-02,1.4561400413513184,1.2128278017044067
2005-06-03,1.5,1.2493590116500854
2005-06-06,1.5219290256500244,1.267624020576477
2005-06-07,1.5438590049743652,1.285889744758606
2005-06-08,1.5131570100784302,1.2603178024291992
2005-06-09,1.4561400413513184,1.2128278017044067
2005-06-10,1.385964035987854,1.1543779373168945
2005-06-13,1.4254380464553833,1.1872562170028687
2005-06-14,1.4473680257797241,1.205521821975708
2005-06-15,1.3947360515594482,1.1616841554641724
2005-06-16,1.3903499841690063,1.1580308675765991
2005-06-17,1.3903499841690063,1.1580308675765991
2005-06-20,1.3991219997406006,1.165337324142456
2005-06-21,1.3771920204162598,1.1470714807510376
2005-06-22,1.385964035987854,1.1543779373168945
2005-06-23,1.4078940153121948,1.1726436614990234
2005-06-24,1.4078940153121948,1.1726436614990234
2005-06-27,1.4122799634933472,1.176296591758728
2005-06-28,1.5087709426879883,1.2566646337509155
2005-06-29,1.4605259895324707,1.2164812088012695
2005-06-30,1.469298005104065,1.2237874269485474
2005-07-04,1.4824559688568115,1.2347466945648193
2005-07-05,1.4912279844284058,1.2420527935028076
2005-07-06,1.4473680257797241,1.205521821975708
2005-07-07,1.4429819583892822,1.2018685340881348
2005-07-08,1.4254380464553833,1.1872562170028687
2005-07-11,1.4649120569229126,1.2201342582702637
2005-07-12,1.4605259895324707,1.2164812088012695
2005-07-13,1.4605259895324707,1.2164812088012695
2005-07-14,1.4868420362472534,1.238399863243103
2005-07-15,1.5263149738311768,1.2712769508361816
2005-07-18,1.5219290256500244,1.267624020576477
2005-07-19,1.5175429582595825,1.2639706134796143
2005-07-20,1.4736839532852173,1.227440357208252
2005-07-21,1.4824559688568115,1.2347466945648193
2005-07-22,1.434209942817688,1.194562315940857
2005-07-25,1.3991219997406006,1.165337324142456
2005-07-26,1.385964035987854,1.1543779373168945
2005-07-27,1.3991219997406006,1.165337324142456
2005-07-28,1.403507947921753,1.1689902544021606
2005-07-29,1.4078940153121948,1.1726436614990234
2005-08-01,1.4078940153121948,1.1726436614990234
2005-08-02,1.4078940153121948,1.1726436614990234
2005-08-03,1.3991219997406006,1.165337324142456
2005-08-04,1.3903499841690063,1.1580308675765991
2005-08-05,1.403507947921753,1.1689902544021606
2005-08-08,1.3289469480514526,1.1068880558013916
2005-08-09,1.2938590049743652,1.0776631832122803
2005-08-10,1.289473056793213,1.0740100145339966
2005-08-11,1.2412279844284058,1.0338265895843506
2005-08-12,1.2982449531555176,1.081316351890564
2005-08-15,1.3114030361175537,1.0922757387161255
2005-08-16,1.315788984298706,1.0959285497665405
2005-08-17,1.3026310205459595,1.0849692821502686
2005-08-18,1.3026310205459595,1.0849692821502686
2005-08-19,1.2675429582595825,1.0557445287704468
2005-08-22,1.2719290256500244,1.059397578239441
2005-08-23,1.2587709426879883,1.0484379529953003
2005-08-24,1.1929819583892822,0.9936422109603882
2005-08-25,1.1885960102081299,0.9899888634681702
2005-08-26,1.1885960102081299,0.9899888634681702
2005-08-29,1.166666030883789,0.9717231392860413
2005-08-30,1.2017539739608765,1.000948190689087
2005-08-31,1.2149120569229126,1.0119078159332275
2005-09-01,1.2280700206756592,1.0228670835494995
2005-09-02,1.2017539739608765,1.000948190689087
2005-09-05,1.219298005104065,1.0155608654022217
2005-09-06,1.2368420362472534,1.0301730632781982
2005-09-07,1.2675429582595825,1.0557445287704468
2005-09-08,1.184209942817688,0.9863355755805969
2005-09-09,1.1096489429473877,0.9242334961891174
2005-09-12,1.0921050310134888,0.9096209406852722
2005-09-13,1.065788984298706,0.8877021074295044
2005-09-14,1.0833330154418945,0.9023147225379944
2005-09-15,1.0921050310134888,0.9096209406852722
2005-09-16,1.0833330154418945,0.9023147225379944
2005-09-20,1.035086989402771,0.8621302843093872
2005-09-21,0.9868419766426086,0.8219466805458069
2005-09-22,0.9517539739608765,0.792721688747406
2005-09-23,0.9035080075263977,0.7525372505187988
2005-09-26,0.8859639763832092,0.7379247546195984
2005-09-27,0.9780700206756592,0.8146405220031738
2005-09-28,1.070175051689148,0.8913552761077881
2005-09-29,1.1403499841690063,0.9498044848442078
2005-09-30,1.0921050310134888,0.9096209406852722
2005-10-03,1.0877189636230469,0.9059677124023438
2005-10-04,1.0614030361175537,0.8840490579605103
2005-10-05,1.0219290256500244,0.8511708378791809
2005-10-06,1.004384994506836,0.8365582823753357
2005-10-07,1.0,0.8329060673713684
2005-10-10,1.0570169687271118,0.8803959488868713
2005-10-12,1.004384994506836,0.8365582823753357
2005-10-13,1.004384994506836,0.8365582823753357
2005-10-14,1.0087709426879883,0.8402115702629089
2005-10-17,0.9912279844284058,0.8255999684333801
2005-10-18,1.004384994506836,0.8365582823753357
2005-10-19,0.9868419766426086,0.8219466805458069
2005-10-20,1.035086989402771,0.8621302843093872
2005-10-21,1.0087709426879883,0.8402115702629089
2005-10-24,1.0087709426879883,0.8402115702629089
2005-10-25,1.004384994506836,0.8365582823753357
2005-10-26,0.9824560284614563,0.818293571472168
2005-10-27,0.9561399817466736,0.7963748574256897
2005-10-28,0.9210519790649414,0.7671497464179993
2005-10-31,0.9605259895324707,0.8000279068946838
2005-11-01,1.0,0.8329060673713684
2005-11-02,1.0,0.8329060673713684
2005-11-03,0.9912279844284058,0.8255999684333801
2005-11-04,0.9736840128898621,0.8109874129295349
2005-11-07,0.9649119973182678,0.8036811351776123
2005-11-08,0.942982017993927,0.7854154109954834
2005-11-09,0.9561399817466736,0.7963748574256897
2005-11-10,0.9649119973182678,0.8036811351776123
2005-11-11,0.9692980051040649,0.8073342442512512
2005-11-14,1.0175429582595825,0.8475177884101868
2005-11-15,1.039473056793213,0.8657834529876709
2005-11-16,1.0131570100784302,0.8438645601272583
2005-11-17,1.0263149738311768,0.8548239469528198
2005-11-18,1.0263149738311768,0.8548239469528198
2005-11-21,1.035086989402771,0.8621302843093872
2005-11-22,1.0482449531555176,0.8730897307395935
2005-11-23,1.0570169687271118,0.8803959488868713
2005-11-24,1.0526310205459595,0.8767427802085876
2005-11-25,1.0482449531555176,0.8730897307395935
2005-11-28,1.0526310205459595,0.8767427802085876
2005-11-29,1.0482449531555176,0.8730897307395935
2005-11-30,1.0307010412216187,0.8584771752357483
2005-12-01,1.0789469480514526,0.8986614346504211
2005-12-02,1.0877189636230469,0.9059677124023438
2005-12-05,1.0877189636230469,0.9059677124023438
2005-12-06,1.0614030361175537,0.8840490579605103
2005-12-07,1.0614030361175537,0.8840490579605103
2005-12-08,1.0614030361175537,0.8840490579605103
2005-12-09,1.0526310205459595,0.8767427802085876
2005-12-12,1.0745609998703003,0.895008385181427
2005-12-13,1.0745609998703003,0.895008385181427
2005-12-14,1.0921050310134888,0.9096209406852722
2005-12-15,1.0877189636230469,0.9059677124023438
2005-12-16,1.0570169687271118,0.8803959488868713
2005-12-19,1.0877189636230469,0.9059677124023438
2005-12-20,1.065788984298706,0.8877021074295044
2005-12-21,1.0745609998703003,0.895008385181427
2005-12-22,1.070175051689148,0.8913552761077881
2005-12-23,1.0526310205459595,0.8767427802085876
2005-12-28,1.0526310205459595,0.8767427802085876
2005-12-29,1.070175051689148,0.8913552761077881
2005-12-30,1.0482449531555176,0.8730897307395935
2006-01-03,1.0614030361175537,0.8840490579605103
2006-01-04,1.070175051689148,0.8913552761077881
2006-01-05,1.2938590049743652,1.0776631832122803
2006-01-06,1.315788984298706,1.0959285497665405
2006-01-09,1.3026310205459595,1.0849692821502686
2006-01-10,1.289473056793213,1.0740100145339966
2006-01-11,1.254384994506836,1.0447849035263062
2006-01-12,1.2280700206756592,1.0228670835494995
2006-01-13,1.289473056793213,1.0740100145339966
2006-01-16,1.3070169687271118,1.0886225700378418
2006-01-17,1.254384994506836,1.0447849035263062
2006-01-18,1.2675429582595825,1.0557445287704468
2006-01-19,1.285086989402771,1.0703569650650024
2006-01-20,1.2982449531555176,1.081316351890564
2006-01-23,1.3377189636230469,1.1141942739486694
2006-01-24,1.403507947921753,1.1689902544021606
2006-01-25,1.3991219997406006,1.165337324142456
2006-01-26,1.3771920204162598,1.1470714807510376
2006-01-27,1.403507947921753,1.1689902544021606
2006-02-01,1.403507947921753,1.1689902544021606
2006-02-02,1.3947360515594482,1.1616841554641724
2006-02-03,1.416666030883789,1.1799496412277222
2006-02-06,1.4517539739608765,1.2091748714447021
2006-02-07,1.3947360515594482,1.1616841554641724
2006-02-08,1.3640350103378296,1.136113166809082
2006-02-09,1.3552629947662354,1.1288068294525146
2006-02-10,1.3728070259094238,1.1434193849563599
2006-02-13,1.4561400413513184,1.2128278017044067
2006-02-14,1.4868420362472534,1.238399863243103
2006-02-15,1.4561400413513184,1.2128278017044067
2006-02-16,1.4912279844284058,1.2420527935028076
2006-02-17,1.4824559688568115,1.2347466945648193
2006-02-20,1.5,1.2493590116500854
2006-02-21,1.4912279844284058,1.2420527935028076
2006-02-22,1.5,1.2493590116500854
2006-02-23,1.4824559688568115,1.2347466945648193
2006-02-24,1.4780700206756592,1.2310938835144043
2006-02-27,1.4078940153121948,1.1726436614990234
2006-02-28,1.3596489429473877,1.1324599981307983
2006-03-01,1.350877046585083,1.1251537799835205
2006-03-02,1.3596489429473877,1.1324599981307983
2006-03-03,1.3552629947662354,1.1288068294525146
2006-03-06,1.3596489429473877,1.1324599981307983
2006-03-07,1.289473056793213,1.0740100145339966
2006-03-08,1.3026310205459595,1.0849692821502686
2006-03-09,1.3333330154418945,1.1105409860610962
2006-03-10,1.4473680257797241,1.205521821975708
2006-03-13,1.4385960102081299,1.1982154846191406
2006-03-14,1.434209942817688,1.194562315940857
2006-03-15,1.4824559688568115,1.2347466945648193
2006-03-16,1.4912279844284058,1.2420527935028076
2006-03-17,1.4780700206756592,1.2310938835144043
2006-03-20,1.4298239946365356,1.1909092664718628
2006-03-21,1.4254380464553833,1.1872562170028687
2006-03-22,1.403507947921753,1.1689902544021606
2006-03-23,1.3991219997406006,1.165337324142456
2006-03-24,1.403507947921753,1.1689902544021606
2006-03-27,1.3728070259094238,1.1434193849563599
2006-03-28,1.416666030883789,1.1799496412277222
2006-03-29,1.4254380464553833,1.1872562170028687
2006-03-30,1.416666030883789,1.1799496412277222
2006-03-31,1.4078940153121948,1.1726436614990234
2006-04-03,1.4429819583892822,1.2018685340881348
2006-04-04,1.4298239946365356,1.1909092664718628
2006-04-06,1.4561400413513184,1.2128278017044067
2006-04-07,1.4649120569229126,1.2201342582702637
2006-04-10,1.4385960102081299,1.1982154846191406
2006-04-11,1.403507947921753,1.1689902544021606
2006-04-12,1.434209942817688,1.194562315940857
2006-04-13,1.4561400413513184,1.2128278017044067
2006-04-18,1.469298005104065,1.2237874269485474
2006-04-19,1.4956140518188477,1.2457060813903809
2006-04-20,1.4912279844284058,1.2420527935028076
2006-04-21,1.4912279844284058,1.2420527935028076
2006-04-24,1.403507947921753,1.1689902544021606
2006-04-25,1.3377189636230469,1.1141942739486694
2006-04-26,1.381577968597412,1.1507247686386108
2006-04-27,1.3728070259094238,1.1434193849563599
2006-04-28,1.3728070259094238,1.1434193849563599
2006-05-02,1.4210519790649414,1.1836026906967163
2006-05-03,1.434209942817688,1.194562315940857
2006-05-04,1.4298239946365356,1.1909092664718628
2006-05-08,1.434209942817688,1.194562315940857
2006-05-09,1.416666030883789,1.1799496412277222
2006-05-10,1.4254380464553833,1.1872562170028687
2006-05-11,1.3771920204162598,1.1470714807510376
2006-05-12,1.3552629947662354,1.1288068294525146
2006-05-15,1.3245609998703003,1.1032350063323975
2006-05-16,1.3289469480514526,1.1068880558013916
2006-05-17,1.3552629947662354,1.1288068294525146
2006-05-18,1.320175051689148,1.0995819568634033
2006-05-19,1.3114030361175537,1.0922757387161255
2006-05-22,1.2631570100784302,1.0520912408828735
2006-05-23,1.2149120569229126,1.0119078159332275
2006-05-24,1.2280700206756592,1.0228670835494995
2006-05-25,1.1885960102081299,0.9899888634681702
2006-05-26,1.2280700206756592,1.0228670835494995
2006-05-29,1.3245609998703003,1.1032350063323975
2006-05-30,1.3245609998703003,1.1032350063323975
2006-06-01,1.285086989402771,1.0703569650650024
2006-06-02,1.289473056793213,1.0740100145339966
2006-06-05,1.25,1.0411325693130493
2006-06-06,1.2982449531555176,1.081316351890564
2006-06-07,1.2719290256500244,1.059397578239441
2006-06-08,1.2368420362472534,1.0301730632781982
2006-06-09,1.2368420362472534,1.0301730632781982
2006-06-12,1.2587709426879883,1.0484379529953003
2006-06-13,1.2061400413513184,1.0046015977859497
2006-06-14,1.2061400413513184,1.0046015977859497
2006-06-15,1.219298005104065,1.0155608654022217
2006-06-16,1.2938590049743652,1.0776631832122803
2006-06-19,1.2675429582595825,1.0557445287704468
2006-06-20,1.2368420362472534,1.0301730632781982
2006-06-21,1.2412279844284058,1.0338265895843506
2006-06-22,1.2675429582595825,1.0557445287704468
2006-06-23,1.2675429582595825,1.0557445287704468
2006-06-26,1.3026310205459595,1.0849692821502686
2006-06-27,1.315788984298706,1.0959285497665405
2006-06-28,1.3245609998703003,1.1032350063323975
2006-06-29,1.3728070259094238,1.1434193849563599
2006-06-30,1.3903499841690063,1.1580308675765991
2006-07-03,1.3728070259094238,1.1434193849563599
2006-07-04,1.3640350103378296,1.136113166809082
2006-07-05,1.3640350103378296,1.136113166809082
2006-07-06,1.3903499841690063,1.1580308675765991
2006-07-07,1.3728070259094238,1.1434193849563599
2006-07-10,1.3640350103378296,1.136113166809082
2006-07-11,1.3728070259094238,1.1434193849563599
2006-07-12,1.381577968597412,1.1507247686386108
2006-07-13,1.4122799634933472,1.176296591758728
2006-07-14,1.381577968597412,1.1507247686386108
2006-07-17,1.4254380464553833,1.1872562170028687
2006-07-18,1.5263149738311768,1.2712769508361816
2006-07-19,1.5789469480514526,1.3151146173477173
2006-07-20,1.6973680257797241,1.4137482643127441
2006-07-21,1.7631570100784302,1.4685442447662354
2006-07-24,1.6719290018081665,1.3925600051879883
2006-07-25,1.5614030361175537,1.3005021810531616
2006-07-26,1.6596490144729614,1.3823317289352417
2006-07-27,1.6824560165405273,1.4013278484344482
2006-07-28,1.6649119853973389,1.386715292930603
2006-07-31,1.6526310443878174,1.3764865398406982
2006-08-01,1.6140350103378296,1.3443397283554077
2006-08-02,1.6175429821014404,1.3472611904144287
2006-08-03,1.5964909791946411,1.329727292060852
2006-08-04,1.542104959487915,1.284428596496582
2006-08-07,1.5403499603271484,1.2829668521881104
2006-08-08,1.5561399459838867,1.2961184978485107
2006-08-09,1.589473009109497,1.323881983757019
2006-08-10,1.5947359800338745,1.3282654285430908
2006-08-11,1.5947359800338745,1.3282654285430908
2006-08-14,1.5947359800338745,1.3282654285430908
2006-08-15,1.5789469480514526,1.3151146173477173
2006-08-16,1.6087709665298462,1.3399550914764404
2006-08-17,1.5964909791946411,1.329727292060852
2006-08-18,1.600000023841858,1.3326497077941895
2006-08-21,1.589473009109497,1.323881983757019
2006-08-22,1.6473679542541504,1.3721028566360474
2006-08-23,1.6456140279769897,1.370642066001892
2006-08-24,1.6228070259094238,1.3516457080841064
2006-08-25,1.5877189636230469,1.3224207162857056
2006-08-28,1.6017539501190186,1.3341107368469238
2006-08-29,1.5631569623947144,1.301963210105896
2006-08-30,1.5561399459838867,1.2961184978485107
2006-08-31,1.5438590049743652,1.285889744758606
2006-09-01,1.5807009935379028,1.316575527191162
2006-09-04,1.600000023841858,1.3326497077941895
2006-09-05,1.7368420362472534,1.4466263055801392
2006-09-06,1.8421050310134888,1.5343003273010254
2006-09-07,1.8377189636230469,1.5306472778320312
2006-09-08,1.903507947921753,1.585443377494812
2006-09-11,1.9298239946365356,1.6073622703552246
2006-09-12,1.8771920204162598,1.5635247230529785
2006-09-13,1.8596489429473877,1.5489130020141602
2006-09-14,1.8026310205459595,1.5014225244522095
2006-09-15,1.8377189636230469,1.5306472778320312
2006-09-18,1.8333330154418945,1.5269943475723267
2006-09-19,1.8245609998703003,1.5196878910064697
2006-09-20,1.785086989402771,1.4868097305297852
2006-09-21,1.9298239946365356,1.6073622703552246
2006-09-22,1.9473680257797241,1.6219748258590698
2006-09-25,1.903507947921753,1.585443377494812
2006-09-26,1.903507947921753,1.585443377494812
2006-09-27,1.9736839532852173,1.6438933610916138
2006-09-28,1.9868420362472534,1.6548527479171753
2006-09-29,1.9824559688568115,1.6511999368667603
2006-10-03,1.9868420362472534,1.6548527479171753
2006-10-04,1.9561400413513184,1.6292810440063477
2006-10-05,1.9561400413513184,1.6292810440063477
2006-10-06,1.885964035987854,1.5708308219909668
2006-10-09,1.868420958518982,1.5562189817428589
2006-10-10,1.8771920204162598,1.5635247230529785
2006-10-11,1.8903499841690063,1.574483871459961
2006-10-12,1.8771920204162598,1.5635247230529785
2006-10-13,1.8377189636230469,1.5306472778320312
2006-10-16,1.8070169687271118,1.5050753355026245
2006-10-17,1.881577968597412,1.567177653312683
2006-10-18,1.8114030361175537,1.5087289810180664
2006-10-19,1.8333330154418945,1.5269943475723267
2006-10-20,1.8070169687271118,1.5050753355026245
2006-10-23,1.885964035987854,1.5708308219909668
2006-10-24,1.8421050310134888,1.5343003273010254
2006-10-25,1.815788984298706,1.512381672859192
2006-10-26,1.8333330154418945,1.5269943475723267
2006-10-27,1.7982449531555176,1.4977691173553467
2006-10-31,1.8377189636230469,1.5306472778320312
2006-11-01,1.8114030361175537,1.5087289810180664
2006-11-02,1.850877046585083,1.5416070222854614
2006-11-03,1.8289469480514526,1.5233410596847534
2006-11-06,1.8421050310134888,1.5343003273010254
2006-11-07,1.8421050310134888,1.5343003273010254
2006-11-08,1.8333330154418945,1.5269943475723267
2006-11-09,1.8377189636230469,1.5306472778320312
2006-11-10,1.8377189636230469,1.5306472778320312
2006-11-13,1.8333330154418945,1.5269943475723267
2006-11-14,1.8245609998703003,1.5196878910064697
2006-11-15,1.7938590049743652,1.494116187095642
2006-11-16,1.8026310205459595,1.5014225244522095
2006-11-17,1.8026310205459595,1.5014225244522095
2006-11-20,1.9122799634933472,1.5927497148513794
2006-11-21,1.9868420362472534,1.6548527479171753
2006-11-22,2.1184210777282715,1.7644462585449219
2006-11-23,2.1184210777282715,1.7644462585449219
2006-11-24,2.1359639167785645,1.779057502746582
2006-11-27,2.122807025909424,1.7680989503860474
2006-11-28,2.100877046585083,1.749833345413208
2006-11-29,2.1096489429473877,1.7571396827697754
2006-11-30,2.122807025909424,1.7680989503860474
2006-12-01,2.2719290256500244,1.8923035860061646
2006-12-04,2.3596489429473877,1.9653663635253906
2006-12-05,2.4473679065704346,2.0384278297424316
2006-12-06,2.4210519790649414,2.0165085792541504
2006-12-07,2.43859601020813,2.0311217308044434
2006-12-08,2.4473679065704346,2.0384278297424316
2006-12-11,2.5263149738311768,2.1041831970214844
2006-12-12,2.429824113845825,2.023815631866455
2006-12-13,2.4122800827026367,2.0092031955718994
2006-12-14,2.3684210777282715,1.9726721048355103
2006-12-15,2.3947360515594482,1.9945902824401855
2006-12-18,2.3947360515594482,1.9945902824401855
2006-12-19,2.3684210777282715,1.9726721048355103
2006-12-20,2.3684210777282715,1.9726721048355103
2006-12-21,2.43859601020813,2.0311217308044434
2006-12-22,2.4473679065704346,2.0384278297424316
2006-12-27,2.55263090133667,2.1261022090911865
2006-12-28,2.517543077468872,2.096877098083496
2006-12-29,2.61403489112854,2.17724609375
2007-01-02,2.5350871086120605,2.11149001121521
2007-01-03,2.5438590049743652,2.118795871734619
2007-01-04,2.4956140518188477,2.0786123275756836
2007-01-05,2.4429819583892822,2.0347743034362793
2007-01-08,2.4122800827026367,2.0092031955718994
2007-01-09,2.4078938961029053,2.005549430847168
2007-01-10,2.350877046585083,1.9580596685409546
2007-01-11,2.342104911804199,1.9507534503936768
2007-01-12,2.3771920204162598,1.9799777269363403
2007-01-15,2.5087709426879883,2.0895705223083496
2007-01-16,2.464911937713623,2.053040027618408
2007-01-17,2.478070020675659,2.063999652862549
2007-01-18,2.5219290256500244,2.100529909133911
2007-01-19,2.5219290256500244,2.100529909133911
2007-01-22,2.530700922012329,2.1078362464904785
2007-01-23,2.4824559688568115,2.067653179168701
2007-01-24,2.5087709426879883,2.0895705223083496
2007-01-25,2.5,2.0822651386260986
2007-01-26,2.4122800827026367,2.0092031955718994
2007-01-29,2.3333330154418945,1.9434471130371094
2007-01-30,2.3771920204162598,1.9799777269363403
2007-01-31,2.429824113845825,2.023815631866455
2007-02-01,2.350877046585083,1.9580596685409546
2007-02-02,2.372807025909424,1.976325273513794
2007-02-05,2.3464910984039307,1.954406976699829
2007-02-06,2.3991219997406006,1.9982432126998901
2007-02-07,2.3859639167785645,1.9872844219207764
2007-02-08,2.464911937713623,2.053040027618408
2007-02-09,2.7192978858947754,2.2649199962615967
2007-02-12,2.978070020675659,2.4804530143737793
2007-02-13,2.8947360515594482,2.411043643951416
2007-02-14,2.964911937713623,2.4694933891296387
2007-02-15,2.9122800827026367,2.4256556034088135
2007-02-16,2.9912281036376953,2.4914121627807617
2007-02-21,3.140350103378296,2.615616798400879
2007-02-22,3.0701749324798584,2.5571672916412354
2007-02-23,2.9122800827026367,2.4256556034088135
2007-02-26,2.9824559688568115,2.4841055870056152
2007-02-27,2.9561400413513184,2.4621877670288086
2007-02-28,2.789473056793213,2.323369264602661
2007-03-01,2.7719290256500244,2.3087563514709473
2007-03-02,2.6578938961029053,2.213776111602783
2007-03-05,2.4912281036376953,2.0749595165252686
2007-03-06,2.5,2.0822651386260986
2007-03-07,2.5,2.0822651386260986
2007-03-08,2.5087709426879883,2.0895705223083496
2007-03-09,2.5570170879364014,2.1297552585601807
2007-03-12,2.7192978858947754,2.2649199962615967
2007-03-13,2.767543077468872,2.305103302001953
2007-03-14,2.6929819583892822,2.2430014610290527
2007-03-15,2.767543077468872,2.305103302001953
2007-03-16,2.9122800827026367,2.4256556034088135
2007-03-19,3.1578938961029053,2.6302292346954346
2007-03-20,3.2456140518188477,2.703291416168213
2007-03-21,3.1359639167785645,2.6119635105133057
2007-03-22,3.201754093170166,2.6667606830596924
2007-03-23,3.223684072494507,2.685025930404663
2007-03-26,3.4254379272460938,2.8530683517456055
2007-03-27,3.3859639167785645,2.820190191268921
2007-03-28,3.3771920204162598,2.8128838539123535
2007-03-29,3.3991219997406006,2.8311493396759033
2007-03-30,3.3859639167785645,2.820190191268921
2007-04-02,3.4122800827026367,2.842108726501465
2007-04-03,3.403507947921753,2.8348023891448975
2007-04-04,3.3596489429473877,2.7982726097106934
2007-04-10,3.5350871086120605,2.9443960189819336
2007-04-11,3.5570170879364014,2.9626612663269043
2007-04-12,3.517543077468872,2.9297831058502197
2007-04-13,3.517543077468872,2.9297831058502197
2007-04-16,3.6929819583892822,3.0759072303771973
2007-04-17,3.5964910984039307,2.995539426803589
2007-04-18,3.5219290256500244,2.9334359169006348
2007-04-19,3.4429819583892822,2.8676810264587402
2007-04-20,3.57456111907959,2.97727370262146
2007-04-23,3.6929819583892822,3.0759072303771973
2007-04-24,3.6973679065704346,3.0795602798461914
2007-04-25,3.903507947921753,3.251255750656128
2007-04-26,4.0350871086120605,3.3608486652374268
2007-04-27,4.197368144989014,3.496013641357422
2007-04-30,4.258770942687988,3.5471572875976562
2007-05-02,4.3684210777282715,3.638484477996826
2007-05-03,4.3859639167785645,3.6530959606170654
2007-05-04,4.390349864959717,3.6567492485046387
2007-05-07,4.008770942687988,3.338930130004883
2007-05-08,4.017542839050293,3.375783920288086
2007-05-09,3.8684210777282715,3.2504827976226807
2007-05-10,4.05263090133667,3.4052672386169434
2007-05-11,3.9342100620269775,3.305762529373169
2007-05-14,3.9912281036376953,3.353672742843628
2007-05-15,4.061402797698975,3.41263747215271
2007-05-16,4.131577968597412,3.4716029167175293
2007-05-17,4.254384994506836,3.5747928619384766
2007-05-18,4.122807025909424,3.464232921600342
2007-05-21,4.026315212249756,3.3831543922424316
2007-05-22,4.078947067260742,3.4273788928985596
2007-05-23,4.293859004974365,3.6079611778259277
2007-05-25,4.192982196807861,3.523198127746582
2007-05-28,4.214911937713623,3.5416252613067627
2007-05-29,4.140349864959717,3.478973388671875
2007-05-30,4.078947067260742,3.4273788928985596
2007-05-31,4.14912223815918,3.486344337463379
2007-06-01,4.166666030883789,3.5010859966278076
2007-06-04,4.043859004974365,3.397895574569702
2007-06-05,3.9254379272460938,3.298391580581665
2007-06-06,3.8596489429473877,3.2431116104125977
2007-06-07,3.7587709426879883,3.1583480834960938
2007-06-08,3.9429819583892822,3.3131330013275146
2007-06-11,4.153508186340332,3.49003005027771
2007-06-12,3.8991219997406006,3.2762794494628906
2007-06-13,3.8991219997406006,3.2762794494628906
2007-06-14,3.55263090133667,2.9851367473602295
2007-06-15,3.4605259895324707,2.9077444076538086
2007-06-18,3.3464910984039307,2.811925172805786
2007-06-20,3.4824559688568115,2.926171064376831
2007-06-21,3.728070020675659,3.1325509548187256
2007-06-22,3.8684210777282715,3.2504827976226807
2007-06-25,3.903507947921753,3.2799644470214844
2007-06-26,3.728070020675659,3.1325509548187256
2007-06-27,3.7192978858947754,3.1251797676086426
2007-06-28,3.9429819583892822,3.3131330013275146
2007-06-29,3.9473679065704346,3.3168182373046875
2007-07-03,3.8771920204162598,3.257852554321289
2007-07-04,3.780700922012329,3.176774740219116
2007-07-05,3.7763149738311768,3.1730895042419434
2007-07-06,3.842104911804199,3.228369951248169
2007-07-09,3.8771920204162598,3.257852554321289
2007-07-10,3.86403489112854,3.2467970848083496
2007-07-11,3.8552629947662354,3.2394261360168457
2007-07-12,3.7105259895324707,3.117809772491455
2007-07-13,3.6842100620269775,3.0956971645355225
2007-07-16,3.6842100620269775,3.0956971645355225
2007-07-17,3.6184210777282715,3.040417194366455
2007-07-18,3.8333330154418945,3.220999240875244
2007-07-19,3.815788984298706,3.2062575817108154
2007-07-20,4.122807025909424,3.464232921600342
2007-07-23,4.539473056793213,3.8143410682678223
2007-07-24,4.614035129547119,3.8769924640655518
2007-07-25,4.995614051818848,4.1976189613342285
2007-07-26,4.912280082702637,4.127595901489258
2007-07-27,4.767542839050293,4.005979537963867
2007-07-30,4.64912223815918,3.9064748287200928
2007-07-31,4.982456207275391,4.1865620613098145
2007-08-01,4.903508186340332,4.12022590637207
2007-08-02,4.8333330154418945,4.061260223388672
2007-08-03,4.763156890869141,4.002292633056641
2007-08-06,4.508770942687988,3.788543939590454
2007-08-07,4.6052632331848145,3.869621515274048
2007-08-08,4.6052632331848145,3.869621515274048
2007-08-09,4.394735813140869,3.6927239894866943
2007-08-10,4.298244953155518,3.6116466522216797
2007-08-13,4.298244953155518,3.6116466522216797
2007-08-14,4.447368144989014,3.7369487285614014
2007-08-15,4.364035129547119,3.6669273376464844
2007-08-16,4.122807025909424,3.464232921600342
2007-08-17,3.7719290256500244,3.1694037914276123
2007-08-20,4.122807025909424,3.464232921600342
2007-08-21,4.456140041351318,3.7443199157714844
2007-08-22,4.364035129547119,3.6669273376464844
2007-08-23,4.557016849517822,3.8290820121765137
2007-08-24,4.5,3.781172752380371
2007-08-27,4.736842155456543,3.9801828861236572
2007-08-28,4.64912223815918,3.9064748287200928
2007-08-29,4.7850871086120605,4.020721912384033
2007-08-30,4.789473056793213,4.024406433105469
2007-08-31,4.942982196807861,4.153393745422363
2007-09-03,4.912280082702637,4.127595901489258
2007-09-04,4.8684210777282715,4.090742588043213
2007-09-05,4.736842155456543,3.9801828861236572
2007-09-06,4.82456111907959,4.053889751434326
2007-09-07,4.807016849517822,4.039148330688477
2007-09-10,4.666666030883789,3.9212160110473633
2007-09-11,4.736842155456543,3.9801828861236572
2007-09-12,4.75,3.9912383556365967
2007-09-13,4.5701751708984375,3.8401389122009277
2007-09-14,4.64912223815918,3.9064748287200928
2007-09-17,4.473683834075928,3.759061813354492
2007-09-18,4.5,3.781172752380371
2007-09-19,4.64912223815918,3.9064748287200928
2007-09-20,4.64912223815918,3.9064748287200928
2007-09-21,4.684209823608398,3.935957431793213
2007-09-24,4.8684210777282715,4.090742588043213
2007-09-25,5.438595771789551,4.5698394775390625
2007-09-27,5.236842155456543,4.400313377380371
2007-09-28,5.087718963623047,4.275010585784912
2007-10-02,5.078947067260742,4.267640590667725
2007-10-03,5.39912223815918,4.536671161651611
2007-10-04,5.701754093170166,4.790960311889648
2007-10-05,5.859649181365967,4.923633575439453
2007-10-08,6.350876808166504,5.336392402648926
2007-10-09,6.087718963623047,5.11527156829834
2007-10-10,6.05263090133667,5.085788726806641
2007-10-11,6.254384994506836,5.255313396453857
2007-10-12,6.22806978225708,5.233203411102295
2007-10-15,6.096490859985352,5.1226420402526855
2007-10-16,6.32456111907959,5.3142805099487305
2007-10-17,6.157894134521484,5.1742377281188965
2007-10-18,6.219297885894775,5.225832939147949
2007-10-22,6.0350871086120605,5.071047306060791
2007-10-23,5.815789222717285,4.886779308319092
2007-10-24,5.921051979064941,4.975227355957031
2007-10-25,6.140349864959717,5.159494876861572
2007-10-26,6.140349864959717,5.159494876861572
2007-10-29,6.008770942687988,5.048934459686279
2007-10-30,6.267542839050293,5.26637077331543
2007-10-31,6.394735813140869,5.373246669769287
2007-11-01,6.22806978225708,5.233203411102295
2007-11-02,6.05263090133667,5.085788726806641
2007-11-05,5.912280082702637,4.967857837677002
2007-11-06,5.828947067260742,4.897836685180664
2007-11-07,5.657894134521484,4.754107475280762
2007-11-08,5.175437927246094,4.348717212677002
2007-11-09,5.245614051818848,4.407684326171875
2007-11-12,4.736842155456543,3.9801828861236572
2007-11-13,4.57456111907959,3.843824625015259
2007-11-14,4.82456111907959,4.053889751434326
2007-11-15,4.942982196807861,4.153393745422363
2007-11-16,4.921051979064941,4.13496732711792
2007-11-19,4.991228103637695,4.193933010101318
2007-11-20,5.043859004974365,4.238156795501709
2007-11-21,5.05263090133667,4.245527267456055
2007-11-22,5.07456111907959,4.263955116271973
2007-11-23,5.657894134521484,4.754107475280762
2007-11-26,5.780701160430908,4.857296943664551
2007-11-27,5.447368144989014,4.57720947265625
2007-11-28,5.3201751708984375,4.470334529876709
2007-11-29,5.47806978225708,4.6030073165893555
2007-11-30,5.219297885894775,4.385570526123047
2007-12-03,5.140349864959717,4.319233417510986
2007-12-04,4.644735813140869,3.9027888774871826
2007-12-05,4.82456111907959,4.053889751434326
2007-12-06,4.754384994506836,3.9949233531951904
2007-12-07,4.64912223815918,3.9064748287200928
2007-12-10,4.236842155456543,3.5600523948669434
2007-12-11,4.328947067260742,3.637444019317627
2007-12-12,4.210525989532471,3.5379397869110107
2007-12-13,4.263156890869141,3.5821635723114014
2007-12-14,4.245614051818848,3.567422866821289
2007-12-17,4.175437927246094,3.5084567070007324
2007-12-18,4.166666030883789,3.5010859966278076
2007-12-19,4.258770942687988,3.5784785747528076
2007-12-20,4.12719202041626,3.4679179191589355
2007-12-21,4.350876808166504,3.6558709144592285
2007-12-24,4.5350871086120605,3.8106558322906494
2007-12-27,4.421051979064941,3.714836597442627
2007-12-28,4.447368144989014,3.7369487285614014
2007-12-31,4.526315212249756,3.8032853603363037
2008-01-02,4.561402797698975,3.832767963409424
2008-01-03,4.3684210777282715,3.6706128120422363
2008-01-04,4.394735813140869,3.6927239894866943
2008-01-07,4.6052632331848145,3.869621515274048
2008-01-08,4.438595771789551,3.7295775413513184
2008-01-09,4.429823875427246,3.722207546234131
2008-01-10,4.37719202041626,3.677982807159424
2008-01-11,4.271928787231445,3.589533567428589
2008-01-14,4.078947067260742,3.4273788928985596
2008-01-15,4.078947067260742,3.4273788928985596
2008-01-16,3.8596489429473877,3.2431116104125977
2008-01-17,3.8596489429473877,3.2431116104125977
2008-01-18,3.5350871086120605,2.9703948497772217
2008-01-21,3.55263090133667,2.9851367473602295
2008-01-22,3.2982449531555176,2.771385908126831
2008-01-23,3.390350103378296,2.848778247833252
2008-01-24,3.701754093170166,3.1104390621185303
2008-01-25,3.8596489429473877,3.2431116104125977
2008-01-28,3.8333330154418945,3.220999240875244
2008-01-29,3.5570170879364014,2.9888224601745605
2008-01-30,3.850877046585083,3.2357406616210938
2008-01-31,3.754384994506836,3.1546618938446045
2008-02-01,4.166666030883789,3.5010859966278076
2008-02-04,4.3859639167785645,3.6853532791137695
2008-02-05,4.5,3.781172752380371
2008-02-06,4.3201751708984375,3.6300740242004395
2008-02-11,3.9605259895324707,3.3278746604919434
2008-02-12,4.1184210777282715,3.46054744720459
2008-02-13,4.2850871086120605,3.600590705871582
2008-02-14,4.342104911804199,3.648500680923462
2008-02-15,4.519999980926514,4.219028472900391
2008-02-18,4.6533331871032715,4.3434834480285645
2008-02-19,4.613333225250244,4.306147575378418
2008-02-20,4.659999847412109,4.349706172943115
2008-02-21,4.746665954589844,4.43060302734375
2008-02-22,4.966666221618652,4.635953903198242
2008-02-25,5.099999904632568,4.7604079246521
2008-02-26,5.133333206176758,4.79152250289917
2008-02-27,5.199999809265137,4.853749752044678
2008-02-28,5.1533331871032715,4.810190677642822
2008-02-29,4.920000076293945,4.592395305633545
2008-03-03,4.733333110809326,4.41815710067749
2008-03-04,4.760000228881836,4.443048477172852
2008-03-05,4.513332843780518,4.21280574798584
2008-03-06,4.519999980926514,4.219028472900391
2008-03-07,4.666666030883789,4.355929851531982
2008-03-10,4.706665992736816,4.393265247344971
2008-03-11,4.619999885559082,4.312370300292969
2008-03-12,4.666666030883789,4.355929851531982
2008-03-13,4.699999809265137,4.38704252243042
2008-03-14,4.599999904632568,4.293701171875
2008-03-17,4.340000152587891,4.051014423370361
2008-03-18,4.0,3.733654022216797
2008-03-19,3.933332920074463,3.6714260578155518
2008-03-20,4.206665992736816,3.9265592098236084
2008-03-25,4.633333206176758,4.324815273284912
2008-03-26,4.47333288192749,4.175468921661377
2008-03-27,4.673333168029785,4.362152099609375
2008-03-28,4.71999979019165,4.405712127685547
2008-03-31,4.766665935516357,4.449269771575928
2008-04-01,4.566666126251221,4.262588024139404
2008-04-02,4.760000228881836,4.443048477172852
2008-04-03,4.7133331298828125,4.39948844909668
2008-04-07,4.666666030883789,4.355929851531982
2008-04-08,4.8333330154418945,4.51149845123291
2008-04-09,4.800000190734863,4.480385780334473
2008-04-10,4.813333034515381,4.4928297996521
2008-04-11,4.300000190734863,4.013678550720215
2008-04-14,4.019999980926514,3.7523224353790283
2008-04-15,4.266665935516357,3.9825637340545654
2008-04-16,4.366665840148926,4.075904369354248
2008-04-17,4.239999771118164,3.9576730728149414
2008-04-18,4.353332996368408,4.063459873199463
2008-04-21,4.353332996368408,4.063459873199463
2008-04-22,4.166666030883789,3.889221429824829
2008-04-23,4.293333053588867,4.007455348968506
2008-04-24,4.4466657638549805,4.150577545166016
2008-04-25,4.486666202545166,4.18791389465332
2008-04-28,4.5,4.200361251831055
2008-04-29,4.659999847412109,4.349706172943115
2008-04-30,4.553332805633545,4.250142574310303
2008-05-02,4.586666107177734,4.281256675720215
2008-05-05,4.293333053588867,4.007455348968506
2008-05-06,4.25333309173584,3.970118761062622
2008-05-07,4.146666049957275,3.8705544471740723
2008-05-08,4.22666597366333,3.9452266693115234
2008-05-09,4.046666145324707,3.7772133350372314
2008-05-13,4.186666011810303,3.907890558242798
2008-05-14,4.233333110809326,3.9514503479003906
2008-05-15,4.233333110809326,3.9514503479003906
2008-05-16,4.133333206176758,3.858109474182129
2008-05-19,4.119999885559082,3.8456637859344482
2008-05-20,4.233333110809326,3.9514503479003906
2008-05-21,4.300000190734863,4.013678550720215
2008-05-22,4.106666088104248,3.8332180976867676
2008-05-23,4.126666069030762,3.8518855571746826
2008-05-26,4.0,3.733654022216797
2008-05-27,4.0,3.733654022216797
2008-05-28,4.1533331871032715,3.876776695251465
2008-05-29,4.119999885559082,3.8456637859344482
2008-05-30,4.113333225250244,3.839440107345581
2008-06-02,4.066666126251221,3.7958807945251465
2008-06-03,4.013332843780518,3.7460989952087402
2008-06-04,3.9800000190734863,3.7149856090545654
2008-06-05,3.940000057220459,3.6776490211486816
2008-06-06,3.9466660022735596,3.6838717460632324
2008-06-10,3.7466659545898438,3.4971883296966553
2008-06-11,3.559999942779541,3.3229520320892334
2008-06-12,3.5,3.2669472694396973
2008-06-13,3.5199999809265137,3.2856152057647705
2008-06-16,3.613332986831665,3.3727335929870605
2008-06-17,3.493333101272583,3.2607243061065674
2008-06-18,3.5133330821990967,3.279392719268799
2008-06-19,3.559999942779541,3.3229520320892334
2008-06-20,3.6333329677581787,3.391401529312134
2008-06-23,3.5133330821990967,3.279392719268799
2008-06-24,3.4466660022735596,3.2171642780303955
2008-06-25,3.366666078567505,3.142491340637207
2008-06-26,3.4666659832000732,3.235832691192627
2008-06-27,3.366666078567505,3.142491340637207
2008-06-30,3.3333330154418945,3.1113779544830322
2008-07-02,3.299999952316284,3.080264091491699
2008-07-03,3.1333329677581787,2.9246954917907715
2008-07-04,3.1366660594940186,2.9278063774108887
2008-07-07,3.0999999046325684,2.893582344055176
2008-07-08,2.9000000953674316,2.7068991661071777
2008-07-09,2.873332977294922,2.6820075511932373
2008-07-10,2.866666078567505,2.6757850646972656
2008-07-11,2.8966660499572754,2.703787326812744
2008-07-14,2.786665916442871,2.6011111736297607
2008-07-15,2.6600000858306885,2.482879877090454
2008-07-16,2.5399999618530273,2.370870351791382
2008-07-17,2.6333329677581787,2.457988739013672
2008-07-18,2.7666659355163574,2.5824432373046875
2008-07-21,2.9000000953674316,2.7068991661071777
2008-07-22,2.8333330154418945,2.6446709632873535
2008-07-23,2.75333309173584,2.569998264312744
2008-07-24,2.666666030883789,2.4891016483306885
2008-07-25,2.7033329010009766,2.523327350616455
2008-07-28,2.6600000858306885,2.482879877090454
2008-07-29,2.5733330249786377,2.4019837379455566
2008-07-30,2.5799999237060547,2.4082062244415283
2008-07-31,2.6500000953674316,2.473545551300049
2008-08-01,2.7133328914642334,2.5326614379882812
2008-08-04,2.7200000286102295,2.5388848781585693
2008-08-05,2.736665964126587,2.554440975189209
2008-08-06,2.736665964126587,2.554440975189209
2008-08-07,2.8333330154418945,2.6446709632873535
2008-08-08,3.0,2.8002402782440186
2008-08-11,2.9566659927368164,2.759791612625122
2008-08-12,3.0999999046325684,2.893582344055176
2008-08-13,3.103332996368408,2.8966925144195557
2008-08-14,3.176666021347046,2.9651427268981934
2008-08-15,3.106666088104248,2.89980411529541
2008-08-18,2.926666021347046,2.7317895889282227
2008-08-19,3.0,2.8002402782440186
2008-08-20,3.0166659355163574,2.815796136856079
2008-08-21,3.009999990463257,2.8095743656158447
2008-08-22,3.009999990463257,2.8095743656158447
2008-08-25,3.0666658878326416,2.862467050552368
2008-08-26,2.9966659545898438,2.797128438949585
2008-08-27,3.0233330726623535,2.8220200538635254
2008-08-28,3.0833330154418945,2.8780245780944824
2008-08-29,3.00333309173584,2.803351640701294
2008-09-01,3.009999990463257,2.8095743656158447
2008-09-02,3.0766661167144775,2.8718018531799316
2008-09-03,3.1333329677581787,2.9246954917907715
2008-09-04,3.123332977294922,2.915360927581787
2008-09-05,3.053333044052124,2.850022077560425
2008-09-08,2.9666659832000732,2.7691261768341064
2008-09-09,3.0,2.8002402782440186
2008-09-10,3.0,2.8002402782440186
2008-09-11,2.926666021347046,2.7317895889282227
2008-09-12,2.9666659832000732,2.7691261768341064
2008-09-16,2.72666597366333,2.5451066493988037
2008-09-17,2.700000047683716,2.520216464996338
2008-09-18,2.733333110809326,2.5513298511505127
2008-09-19,2.933332920074463,2.7380130290985107
2008-09-22,2.72666597366333,2.5451066493988037
2008-09-23,2.536665916442871,2.367758274078369
2008-09-24,2.676666021347046,2.498436212539673
2008-09-25,2.7799999713897705,2.5948894023895264
2008-09-26,2.799999952316284,2.6135573387145996
2008-09-29,3.9666659832000732,3.7025396823883057
2008-09-30,4.28000020980835,3.995009183883667
2008-10-02,5.300000190734863,4.947091102600098
2008-10-03,4.593332767486572,4.287478446960449
2008-10-06,4.3333330154418945,4.044791221618652
2008-10-08,4.179999828338623,3.901667833328247
2008-10-09,4.3866658210754395,4.0945725440979
2008-10-10,4.173333168029785,3.8954458236694336
2008-10-13,4.566666126251221,4.262588024139404
2008-10-14,4.673333168029785,4.362152099609375
2008-10-15,5.066666126251221,4.7292938232421875
2008-10-16,4.813333034515381,4.4928297996521
2008-10-17,4.966666221618652,4.635953903198242
2008-10-20,5.00666618347168,4.673289775848389
2008-10-21,5.566666126251221,5.196002006530762
2008-10-22,5.813333034515381,5.426243782043457
2008-10-23,5.266665935516357,4.915977478027344
2008-10-24,4.440000057220459,4.144355773925781
2008-10-27,3.9666659832000732,3.7025396823883057
2008-10-28,4.400000095367432,4.107018947601318
2008-10-29,4.086666107177734,3.8145487308502197
2008-10-30,4.466666221618652,4.169245719909668
2008-10-31,4.3333330154418945,4.044791221618652
2008-11-03,4.3333330154418945,4.044791221618652
2008-11-04,4.559999942779541,4.256364822387695
2008-11-05,4.586666107177734,4.281256675720215
2008-11-06,4.3333330154418945,4.044791221618652
2008-11-07,4.413332939147949,4.119463920593262
2008-11-10,4.5,4.200361251831055
2008-11-11,4.3333330154418945,4.044791221618652
2008-11-12,4.233333110809326,3.9514503479003906
2008-11-13,4.239999771118164,3.9576730728149414
2008-11-14,4.353332996368408,4.063459873199463
2008-11-17,4.266665935516357,3.9825637340545654
2008-11-18,4.019999980926514,3.7523224353790283
2008-11-19,3.9533329010009766,3.690094232559204
2008-11-20,3.4000000953674316,3.1736061573028564
2008-11-21,3.5,3.2669472694396973
2008-11-24,3.5066659450531006,3.2731690406799316
2008-11-25,3.666666030883789,3.422515630722046
2008-11-26,3.680000066757202,3.434962034225464
2008-11-27,3.8266661167144775,3.571861743927002
2008-11-28,3.940000057220459,3.6776490211486816
2008-12-01,3.880000114440918,3.6216444969177246
2008-12-02,3.733333110809326,3.484743356704712
2008-12-03,3.673332929611206,3.428738594055176
2008-12-04,3.9066660404205322,3.6465351581573486
2008-12-05,3.793333053588867,3.540748357772827
2008-12-08,3.9066660404205322,3.6465351581573486
2008-12-09,3.786665916442871,3.534525156021118
2008-12-10,3.933332920074463,3.6714260578155518
2008-12-11,4.126666069030762,3.8518855571746826
2008-12-12,3.813333034515381,3.5594167709350586
2008-12-15,4.440000057220459,4.144355773925781
2008-12-16,4.3333330154418945,4.044791221618652
2008-12-17,4.053332805633545,3.783435344696045
2008-12-18,4.119999885559082,3.8456637859344482
2008-12-19,4.033332824707031,3.76476788520813
2008-12-22,4.093332767486572,3.8207719326019287
2008-12-23,3.926666021347046,3.6652028560638428
2008-12-24,3.8866660594940186,3.62786602973938
2008-12-29,4.179999828338623,3.901667833328247
2008-12-30,4.166666030883789,3.889221429824829
2008-12-31,4.233333110809326,3.9514503479003906
2009-01-02,4.266665935516357,3.9825637340545654
2009-01-05,4.346665859222412,4.057236671447754
2009-01-06,4.466666221618652,4.169245719909668
2009-01-07,4.47333288192749,4.175468921661377
2009-01-08,4.073332786560059,3.8021037578582764
2009-01-09,4.353332996368408,4.063459873199463
2009-01-12,4.166666030883789,3.889221429824829
2009-01-13,4.086666107177734,3.8145487308502197
2009-01-14,4.286665916442871,4.0012311935424805
2009-01-15,4.366665840148926,4.075904369354248
2009-01-16,4.5,4.200361251831055
2009-01-19,4.579999923706055,4.275033473968506
2009-01-20,4.466666221618652,4.169245719909668
2009-01-21,4.47333288192749,4.175468921661377
2009-01-22,4.666666030883789,4.355929851531982
2009-01-23,4.666666030883789,4.355929851531982
2009-01-29,4.873332977294922,4.548833847045898
2009-01-30,4.8933329582214355,4.567502975463867
2009-02-02,4.920000076293945,4.592395305633545
2009-02-03,4.866665840148926,4.542612075805664
2009-02-04,4.920000076293945,4.592395305633545
2009-02-05,4.900000095367432,4.573726177215576
2009-02-06,5.053332805633545,4.7168498039245605
2009-02-09,5.0,4.667067527770996
2009-02-10,5.053332805633545,4.7168498039245605
2009-02-11,5.406665802001953,5.04665470123291
2009-02-12,5.193333148956299,4.847527503967285
2009-02-13,5.586666107177734,5.214669227600098
2009-02-16,5.566666126251221,5.196002006530762
2009-02-17,5.326665878295898,4.971982002258301
2009-02-18,5.666666030883789,5.289341926574707
2009-02-19,5.533332824707031,5.164887428283691
2009-02-20,5.159999847412109,4.816412448883057
2009-02-23,5.066666126251221,4.7292938232421875
2009-02-24,4.826665878295898,4.505275249481201
2009-02-25,5.0,4.667067527770996
2009-02-26,5.0,4.667067527770996
2009-02-27,5.053332805633545,4.7168498039245605
2009-03-02,4.786665916442871,4.46793794631958
2009-03-03,5.0,4.667067527770996
2009-03-04,5.139999866485596,4.7977447509765625
2009-03-05,4.960000038146973,4.629730224609375
2009-03-06,5.0,4.667067527770996
2009-03-09,4.733333110809326,4.41815710067749
2009-03-10,4.786665916442871,4.46793794631958
2009-03-11,4.940000057220459,4.611063003540039
2009-03-12,4.846665859222412,4.523942470550537
2009-03-13,4.966666221618652,4.635953903198242
2009-03-16,4.933332920074463,4.604839324951172
2009-03-17,4.840000152587891,4.517721176147461
2009-03-18,5.093332767486572,4.754185199737549
2009-03-19,5.066666126251221,4.7292938232421875
2009-03-20,4.746665954589844,4.43060302734375
2009-03-23,5.126666069030762,4.785299777984619
2009-03-24,5.099999904632568,4.7604079246521
2009-03-25,4.986666202545166,4.65462064743042
2009-03-26,4.9466657638549805,4.617284297943115
2009-03-27,4.800000190734863,4.480385780334473
2009-03-30,4.5,4.200361251831055
2009-03-31,4.75333309173584,4.436825275421143
2009-04-01,4.7133331298828125,4.39948844909668
2009-04-02,4.786665916442871,4.46793794631958
2009-04-03,5.073332786560059,4.735517501831055
2009-04-06,5.0,4.667067527770996
2009-04-07,4.97333288192749,4.642176151275635
2009-04-08,4.960000038146973,4.629730224609375
2009-04-09,5.099999904632568,4.7604079246521
2009-04-14,5.426665782928467,5.0653228759765625
2009-04-15,5.400000095367432,5.040432929992676
2009-04-16,5.666666030883789,5.289341926574707
2009-04-17,6.113333225250244,5.706267833709717
2009-04-20,6.206665992736816,5.793385028839111
2009-04-21,6.566666126251221,6.129415035247803
2009-04-22,6.699999809265137,6.253870010375977
2009-04-23,6.816666126251221,6.362767696380615
2009-04-24,6.5,6.067188262939453
2009-04-27,6.066666126251221,5.662708282470703
2009-04-28,6.2133331298828125,5.799609184265137
2009-04-29,6.606666088104248,6.166751861572266
2009-04-30,6.783332824707031,6.331653594970703
2009-05-04,7.783332824707031,7.265068531036377
2009-05-05,8.533332824707031,7.965128421783447
2009-05-06,9.833333015441895,9.178565979003906
2009-05-07,8.899999618530273,8.307380676269531
2009-05-08,8.75,8.167366981506348
2009-05-11,8.583333015441895,8.011797904968262
2009-05-12,8.733332633972168,8.151809692382812
2009-05-13,9.25,8.634077072143555
2009-05-14,9.183333396911621,8.571846961975098
2009-05-15,8.966666221618652,8.369606971740723
2009-05-18,8.899999618530273,8.307380676269531
2009-05-19,8.883333206176758,8.291821479797363
2009-05-20,9.966666221618652,9.303022384643555
2009-05-21,9.5,8.867427825927734
2009-05-22,9.850000381469727,9.194123268127441
2009-05-25,11.0,10.267547607421875
2009-05-26,11.300000190734863,10.547574043273926
2009-05-27,11.0,10.267547607421875
2009-05-29,10.233332633972168,9.55193042755127
2009-06-01,11.383333206176758,10.625356674194336
2009-06-02,11.333333015441895,10.57868480682373
2009-06-03,11.283332824707031,10.532014846801758
2009-06-04,10.933333396911621,10.205320358276367
2009-06-05,11.116665840148926,10.376446723937988
2009-06-08,10.483332633972168,9.785283088684082
2009-06-09,10.133333206176758,9.458588600158691
2009-06-10,10.850000381469727,10.12753677368164
2009-06-11,10.616665840148926,9.909738540649414
2009-06-12,10.666666030883789,9.956408500671387
2009-06-15,10.399999618530273,9.707499504089355
2009-06-16,10.050000190734863,9.380805015563965
2009-06-17,9.783332824707031,9.1318941116333
2009-06-18,9.899999618530273,9.240795135498047
2009-06-19,9.916666030883789,9.256349563598633
2009-06-22,10.466666221618652,9.76972770690918
2009-06-23,9.783332824707031,9.1318941116333
2009-06-24,10.266666412353516,9.58304500579834
2009-06-25,10.283332824707031,9.598602294921875
2009-06-26,10.949999809265137,10.220877647399902
2009-06-29,10.766666412353516,10.049750328063965
2009-06-30,10.350000381469727,9.660831451416016
2009-07-02,10.783332824707031,10.065306663513184
2009-07-03,10.550000190734863,9.847512245178223
2009-07-06,10.833333015441895,10.111978530883789
2009-07-07,10.666666030883789,9.956408500671387
2009-07-08,10.616665840148926,9.909738540649414
2009-07-09,10.866665840148926,10.143092155456543
2009-07-10,10.766666412353516,10.049750328063965
2009-07-13,11.083333015441895,10.345331192016602
2009-07-14,12.533332824707031,11.698782920837402
2009-07-15,12.216666221618652,11.403202056884766
2009-07-16,12.483332633972168,11.65211009979248
2009-07-17,14.100000381469727,13.161131858825684
2009-07-20,14.416666030883789,13.456709861755371
2009-07-21,13.75,12.834434509277344
2009-07-22,13.449999809265137,12.554410934448242
2009-07-23,13.666666030883789,12.756650924682617
2009-07-24,13.683333396911621,12.772209167480469
2009-07-27,14.600000381469727,13.627838134765625
2009-07-28,14.600000381469727,13.627838134765625
2009-07-29,14.050000190734863,13.114459037780762
2009-07-30,14.016666412353516,13.083346366882324
2009-07-31,14.300000190734863,13.347813606262207
2009-08-03,15.683333396911621,14.63903522491455
2009-08-04,15.666666030883789,14.623476028442383
2009-08-05,15.366665840148926,14.343452453613281
2009-08-06,14.733332633972168,13.752290725708008
2009-08-07,14.733332633972168,13.752290725708008
2009-08-10,14.916666030883789,13.923417091369629
2009-08-11,16.0,14.934616088867188
2009-08-12,15.449999809265137,14.421236991882324
2009-08-13,15.516666412353516,14.483465194702148
2009-08-14,14.933333396911621,13.938974380493164
2009-08-17,14.266666412353516,13.316699028015137
2009-08-18,14.133333206176758,13.192244529724121
2009-08-19,13.933333396911621,13.005560874938965
2009-08-20,14.233332633972168,13.285584449768066
2009-08-21,14.133333206176758,13.192244529724121
2009-08-24,15.383333206176758,14.359012603759766
2009-08-25,15.550000190734863,14.514578819274902
2009-08-26,15.449999809265137,14.421236991882324
2009-08-27,15.25,14.234554290771484
2009-08-28,15.0,14.001202583312988
2009-08-31,16.200000762939453,15.121296882629395
2009-09-01,16.200000762939453,15.121296882629395
2009-09-02,15.800000190734863,14.747933387756348
2009-09-03,16.833332061767578,15.712458610534668
2009-09-04,18.066665649414062,16.86366844177246
2009-09-07,18.766666412353516,17.517061233520508
2009-09-08,19.466665267944336,18.17045021057129
2009-09-09,18.53333282470703,17.29926109313965
2009-09-10,18.950000762939453,17.688182830810547
2009-09-11,19.66666603088379,18.357131958007812
2009-09-14,20.733333587646484,19.352773666381836
2009-09-15,22.266666412353516,20.78400993347168
2009-09-16,22.0,20.53509521484375
2009-09-17,21.0,19.601682662963867
2009-09-18,21.116666793823242,19.710580825805664
2009-09-21,22.5,21.001806259155273
2009-09-22,22.933332443237305,21.40628433227539
2009-09-23,23.75,22.168569564819336
2009-09-24,22.616666793823242,21.110702514648438
2009-09-25,22.299999237060547,20.81511878967285
2009-09-28,20.649999618530273,19.274988174438477
2009-09-29,21.183332443237305,19.772809982299805
2009-09-30,21.28333282470703,19.86614990234375
2009-10-02,20.383333206176758,19.026077270507812
2009-10-05,20.233333587646484,18.886066436767578
2009-10-06,21.75,20.301742553710938
2009-10-07,22.0,20.53509521484375
2009-10-08,22.75,21.235158920288086
2009-10-09,23.450000762939453,21.888547897338867
2009-10-12,24.100000381469727,22.495267868041992
2009-10-13,24.316665649414062,22.6975040435791
2009-10-14,24.53333282470703,22.899742126464844
2009-10-15,25.53333282470703,23.833154678344727
2009-10-16,26.516666412353516,24.751014709472656
2009-10-19,27.66666603088379,25.824440002441406
2009-10-20,27.733333587646484,25.886667251586914
2009-10-21,27.483333587646484,25.65331268310547
2009-10-22,27.766666412353516,25.91777992248535
2009-10-23,28.5,26.602283477783203
2009-10-27,28.399999618530273,26.508943557739258
2009-10-28,27.216665267944336,25.404399871826172
2009-10-29,25.549999237060547,23.84871482849121
2009-10-30,24.133333206176758,22.52637481689453
2009-11-02,25.333332061767578,23.64647102355957
2009-11-03,23.833332061767578,22.24635124206543
2009-11-04,24.366666793823242,22.74417495727539
2009-11-05,24.066665649414062,22.464153289794922
2009-11-06,23.700000762939453,22.12190055847168
2009-11-09,23.600000381469727,22.02855682373047
2009-11-10,23.583332061767578,22.01300048828125
2009-11-11,23.433332443237305,21.872989654541016
2009-11-12,24.450000762939453,22.82196044921875
2009-11-13,24.633333206176758,22.993085861206055
2009-11-16,23.933332443237305,22.339693069458008
2009-11-17,23.126665115356445,21.58673858642578
2009-11-18,21.53333282470703,20.09950065612793
2009-11-19,20.933332443237305,19.53945541381836
2009-11-20,21.799999237060547,20.348411560058594
2009-11-23,21.600000381469727,20.161731719970703
2009-11-24,21.299999237060547,19.881710052490234
2009-11-25,22.16666603088379,20.690662384033203
2009-11-26,22.100000381469727,20.628440856933594
2009-11-27,21.266666412353516,19.8505916595459
2009-11-30,22.583332061767578,21.079587936401367
2009-12-01,24.716665267944336,23.070873260498047
2009-12-02,24.433332443237305,22.80640411376953
2009-12-03,24.81333351135254,23.161100387573242
2009-12-04,25.5,23.802043914794922
2009-12-07,25.299999237060547,23.615358352661133
2009-12-08,24.333332061767578,22.713058471679688
2009-12-09,23.553333282470703,21.98499870300293
2009-12-10,22.91666603088379,21.390727996826172
2009-12-11,22.716665267944336,21.20404624938965
2009-12-14,22.933332443237305,21.40628433227539
2009-12-15,23.053333282470703,21.518295288085938
2009-12-16,23.266666412353516,21.717422485351562
2009-12-17,22.183332443237305,20.706222534179688
2009-12-18,21.183332443237305,19.772809982299805
2009-12-21,21.66666603088379,20.223957061767578
2009-12-22,21.850000381469727,20.395084381103516
2009-12-23,22.116666793823242,20.64399528503418
2009-12-24,22.06333351135254,20.59421157836914
2009-12-28,22.420000076293945,20.927127838134766
2009-12-29,22.91666603088379,21.390727996826172
2009-12-30,22.16666603088379,20.690662384033203
2009-12-31,22.833332061767578,21.312938690185547
2010-01-04,23.266666412353516,21.717422485351562
2010-01-05,23.520000457763672,21.953887939453125
2010-01-06,22.600000381469727,21.09514808654785
2010-01-07,21.883333206176758,20.426198959350586
2010-01-08,21.860000610351562,20.4044189453125
2010-01-11,22.606666564941406,21.101364135742188
2010-01-12,22.74333381652832,21.228933334350586
2010-01-13,21.549999237060547,20.115060806274414
2010-01-14,21.573333740234375,20.1368408203125
2010-01-15,21.316665649414062,19.897260665893555
2010-01-18,20.739999771118164,19.358999252319336
2010-01-19,21.716665267944336,20.270627975463867
2010-01-20,20.920000076293945,19.527009963989258
2010-01-21,19.53333282470703,18.23267936706543
2010-01-22,18.933332443237305,17.67262840270996
2010-01-25,19.483333587646484,18.186004638671875
2010-01-26,17.883333206176758,16.692541122436523
2010-01-27,17.883333206176758,16.692541122436523
2010-01-28,18.843332290649414,17.588619232177734
2010-01-29,19.0,17.73485565185547
2010-02-01,19.766666412353516,18.450469970703125
2010-02-02,19.933332443237305,18.60604476928711
2010-02-03,20.149999618530273,18.80828285217285
2010-02-04,19.683332443237305,18.37268829345703
2010-02-05,18.600000381469727,17.36149024963379
2010-02-08,18.88666534423828,17.62906837463379
2010-02-09,18.876665115356445,17.619733810424805
2010-02-10,19.316665649414062,18.03043556213379
2010-02-11,20.333332061767578,18.979408264160156
2010-02-12,19.716665267944336,18.403799057006836
2010-02-17,20.28333282470703,18.932735443115234
2010-02-18,20.270000457763672,18.920291900634766
2010-02-19,20.0,18.668270111083984
2010-02-22,20.433332443237305,19.07274627685547
2010-02-23,20.8266658782959,19.439889907836914
2010-02-24,20.626665115356445,19.25320816040039
2010-02-25,20.236665725708008,18.88918113708496
2010-02-26,20.133333206176758,18.792724609375
2010-03-01,20.670000076293945,19.293659210205078
2010-03-02,21.79666519165039,20.34530258178711
2010-03-03,21.983333587646484,20.519542694091797
2010-03-04,21.466665267944336,20.03727912902832
2010-03-05,21.149999618530273,19.741695404052734
2010-03-08,21.643333435058594,20.202178955078125
2010-03-09,22.049999237060547,20.58176612854004
2010-03-10,22.273332595825195,20.79022789001465
2010-03-11,23.5,21.93521499633789
2010-03-12,23.16666603088379,21.624073028564453
2010-03-15,23.209999084472656,21.66452407836914
2010-03-16,24.850000381469727,23.195323944091797
2010-03-17,25.066665649414062,23.397565841674805
2010-03-18,25.1299991607666,23.456682205200195
2010-03-19,24.966665267944336,23.30422019958496
2010-03-22,25.200000762939453,23.52202033996582
2010-03-23,25.649999618530273,23.94205665588379
2010-03-24,25.799999237060547,24.082067489624023
2010-03-25,25.03333282470703,23.366451263427734
2010-03-26,25.6200008392334,23.91405487060547
2010-03-29,26.479999542236328,24.716785430908203
2010-03-30,26.726665496826172,24.947031021118164
2010-03-31,25.766666412353516,24.15035057067871
2010-04-01,26.799999237060547,25.118864059448242
2010-04-07,27.60333251953125,25.87180519104004
2010-04-08,27.280000686645508,25.568754196166992
2010-04-09,26.793333053588867,25.214284896850586
2010-04-12,26.456666946411133,24.897462844848633
2010-04-13,25.6200008392334,24.110105514526367
2010-04-14,24.983333587646484,23.51095962524414
2010-04-15,24.149999618530273,22.726734161376953
2010-04-16,23.84000015258789,22.43500328063965
2010-04-19,23.906665802001953,22.497745513916016
2010-04-20,23.953332901000977,22.541656494140625
2010-04-21,24.3266658782959,22.89299201965332
2010-04-22,23.899999618530273,22.491470336914062
2010-04-23,23.623332977294922,22.231109619140625
2010-04-26,24.983333587646484,23.51095962524414
2010-04-27,24.066665649414062,22.648313522338867
2010-04-28,23.566665649414062,22.177778244018555
2010-04-29,23.350000381469727,21.973886489868164
2010-04-30,23.623332977294922,22.231109619140625
2010-05-03,23.726665496826172,22.328350067138672
2010-05-04,24.219999313354492,22.7926082611084
2010-05-05,23.366666793823242,21.989566802978516
2010-05-06,22.920000076293945,21.569225311279297
2010-05-07,22.216665267944336,20.907344818115234
2010-05-10,23.75,22.350309371948242
2010-05-11,22.41666603088379,21.095556259155273
2010-05-12,21.566665649414062,20.2956485748291
2010-05-13,22.226665496826172,20.916749954223633
2010-05-14,21.84666633605957,20.55914878845215
2010-05-17,20.333332061767578,19.13500213623047
2010-05-18,20.883333206176758,19.652587890625
2010-05-19,20.31333351135254,19.116180419921875
2010-05-20,19.25,18.11551284790039
2010-05-24,19.920000076293945,18.746030807495117
2010-05-25,18.75,17.644981384277344
2010-05-26,19.066665649414062,17.942983627319336
2010-05-27,19.483333587646484,18.335094451904297
2010-05-28,20.996665954589844,19.759241104125977
2010-05-31,21.586666107177734,20.31446647644043
2010-06-01,20.733333587646484,19.511428833007812
2010-06-02,20.883333206176758,19.652587890625
2010-06-03,21.75,20.46817970275879
2010-06-04,22.17333221435547,20.866561889648438
2010-06-07,21.316665649414062,20.060379028320312
2010-06-08,20.816665649414062,19.5898494720459
2010-06-09,20.623332977294922,19.40791130065918
2010-06-10,20.149999618530273,18.962474822998047
2010-06-11,20.556665420532227,19.345170974731445
2010-06-14,20.850000381469727,19.621219635009766
2010-06-15,20.646665573120117,19.429868698120117
2010-06-17,20.633333206176758,19.41731834411621
2010-06-18,20.0,18.82131576538086
2010-06-21,21.066665649414062,19.825119018554688
2010-06-22,20.816665649414062,19.5898494720459
2010-06-23,20.600000381469727,19.38595199584961
2010-06-24,20.84000015258789,19.61180877685547
2010-06-25,20.700000762939453,19.480064392089844
2010-06-28,20.433332443237305,19.22910499572754
2010-06-29,20.149999618530273,18.962474822998047
2010-06-30,19.433332443237305,18.288040161132812
2010-07-02,18.780000686645508,17.673213958740234
2010-07-05,18.866666793823242,17.75477409362793
2010-07-06,20.0,18.82131576538086
2010-07-07,19.15333366394043,18.02454948425293
2010-07-08,18.450000762939453,17.3626651763916
2010-07-09,19.133333206176758,18.00572395324707
2010-07-12,18.81999969482422,17.71085548400879
2010-07-13,18.290000915527344,17.21209144592285
2010-07-14,18.616666793823242,17.519506454467773
2010-07-15,18.066665649414062,17.001920700073242
2010-07-16,16.899999618530273,15.904010772705078
2010-07-19,16.133333206176758,15.182528495788574
2010-07-20,16.59000015258789,15.612278938293457
2010-07-21,16.623332977294922,15.643646240234375
2010-07-22,17.06333351135254,16.05771827697754
2010-07-23,17.53333282470703,16.500017166137695
2010-07-26,17.366666793823242,16.343175888061523
2010-07-27,17.043333053588867,16.038898468017578
2010-07-28,17.633333206176758,16.594125747680664
2010-07-29,17.866666793823242,16.813703536987305
2010-07-30,17.850000381469727,16.798025131225586
2010-08-02,18.649999618530273,17.550878524780273
2010-08-03,18.959999084472656,17.842601776123047
2010-08-04,18.633333206176758,17.53519058227539
2010-08-05,17.94333267211914,16.88585662841797
2010-08-06,17.350000381469727,16.327489852905273
2010-08-09,18.0,16.93918228149414
2010-08-10,17.450000762939453,16.421598434448242
2010-08-11,16.983333587646484,15.982436180114746
2010-08-12,16.420000076293945,15.452300071716309
2010-08-13,16.466665267944336,15.49621295928955
2010-08-16,16.03333282470703,15.088418960571289
2010-08-17,16.16666603088379,15.213896751403809
2010-08-18,16.190000534057617,15.235855102539062
2010-08-19,16.0,15.057051658630371
2010-08-20,15.449999809265137,14.53946304321289
2010-08-23,14.883333206176758,14.006193161010742
2010-08-24,15.113332748413086,14.222638130187988
2010-08-25,15.083333015441895,14.194406509399414
2010-08-26,14.899999618530273,14.021878242492676
2010-08-27,14.916666030883789,14.037562370300293
2010-08-30,15.199999809265137,14.304198265075684
2010-08-31,14.75333309173584,13.883854866027832
2010-09-01,15.039999961853027,14.153624534606934
2010-09-02,15.550000190734863,14.633570671081543
2010-09-03,16.06999969482422,15.122925758361816
2010-09-06,16.41666603088379,15.4491605758667
2010-09-07,16.133333206176758,15.182528495788574
2010-09-08,15.9399995803833,15.00058650970459
2010-09-09,16.183332443237305,15.229575157165527
2010-09-10,16.176666259765625,15.223305702209473
2010-09-13,16.433332443237305,15.46484661102295
2010-09-14,16.420000076293945,15.452300071716309
2010-09-15,16.066665649414062,15.119787216186523
2010-09-16,16.010000228881836,15.066462516784668
2010-09-17,17.75,16.703916549682617
2010-09-20,18.766666412353516,17.66066551208496
2010-09-21,18.733333587646484,17.629297256469727
2010-09-22,18.083332061767578,17.017602920532227
2010-09-24,18.336666107177734,17.256004333496094
2010-09-27,19.216665267944336,18.084144592285156
2010-09-28,18.966665267944336,17.848875045776367
2010-09-29,19.616666793823242,18.460575103759766
2010-09-30,20.78333282470703,19.558481216430664
2010-10-04,21.363332748413086,20.104299545288086
2010-10-05,20.479999542236328,19.273025512695312
2010-10-06,19.433332443237305,18.288040161132812
2010-10-07,19.053333282470703,17.930435180664062
2010-10-08,19.446666717529297,18.30059242248535
2010-10-11,19.00666618347168,17.88652229309082
2010-10-12,18.799999237060547,17.69202995300293
2010-10-13,18.719999313354492,17.616750717163086
2010-10-14,18.5,17.409717559814453
2010-10-15,18.6200008392334,17.522642135620117
2010-10-18,18.616666793823242,17.519506454467773
2010-10-19,18.733333587646484,17.629297256469727
2010-10-20,18.38666534423828,17.30306053161621
2010-10-21,18.453332901000977,17.365798950195312
2010-10-22,19.126665115356445,17.999446868896484
2010-10-25,19.02666664123535,17.905344009399414
2010-10-26,17.016666412353516,16.0137996673584
2010-10-27,15.550000190734863,14.633570671081543
2010-10-28,15.833333015441895,14.9002046585083
2010-10-29,15.566665649414062,14.649256706237793
2010-11-01,15.5,14.586518287658691
2010-11-02,15.069999694824219,14.181859970092773
2010-11-03,15.039999961853027,14.153624534606934
2010-11-04,15.75,14.821784019470215
2010-11-05,16.056665420532227,15.110376358032227
2010-11-08,16.91666603088379,15.919693946838379
2010-11-09,16.606666564941406,15.62796401977539
2010-11-10,16.66666603088379,15.684425354003906
2010-11-11,16.459999084472656,15.48994255065918
2010-11-12,15.853333473205566,14.919031143188477
2010-11-15,15.483332633972168,14.570834159851074
2010-11-16,15.533332824707031,14.61788558959961
2010-11-17,15.300000190734863,14.398305892944336
2010-11-18,15.433333396911621,14.523778915405273
2010-11-19,15.710000038146973,14.784143447875977
2010-11-22,15.926666259765625,14.988038063049316
2010-11-23,15.666666030883789,14.743361473083496
2010-11-24,15.783332824707031,14.85315227508545
2010-11-25,15.703332901000977,14.777868270874023
2010-11-26,15.713333129882812,14.787278175354004
2010-11-29,15.369999885559082,14.464179992675781
2010-11-30,15.699999809265137,14.774731636047363
2010-12-01,15.746665954589844,14.818647384643555
2010-12-02,16.113332748413086,15.163705825805664
2010-12-03,16.106666564941406,15.157430648803711
2010-12-06,15.933333396911621,14.99431324005127
2010-12-07,15.566665649414062,14.649256706237793
2010-12-08,15.239999771118164,14.341841697692871
2010-12-09,14.883333206176758,14.006193161010742
2010-12-10,14.533332824707031,13.676820755004883
2010-12-13,14.496665954589844,13.642313957214355
2010-12-14,14.566665649414062,13.708187103271484
2010-12-15,14.516666412353516,13.661136627197266
2010-12-16,14.056666374206543,13.228246688842773
2010-12-17,14.156665802001953,13.322352409362793
2010-12-20,14.199999809265137,13.363133430480957
2010-12-21,14.09666633605957,13.265889167785645
2010-12-22,14.16333293914795,13.328625679016113
2010-12-23,14.149999618530273,13.31607723236084
2010-12-24,13.85666561126709,13.040033340454102
2010-12-28,13.300000190734863,12.51617431640625
2010-12-29,13.453332901000977,12.660468101501465
2010-12-30,13.623332977294922,12.820450782775879
2010-12-31,13.616665840148926,12.814176559448242
2011-01-03,13.533332824707031,12.73575496673584
2011-01-04,14.300000190734863,13.45724105834961
2011-01-05,14.316665649414062,13.472921371459961
2011-01-06,14.449999809265137,13.598398208618164
2011-01-07,14.449999809265137,13.598398208618164
2011-01-10,13.949999809265137,13.1278657913208
2011-01-11,13.75,12.939651489257812
2011-01-12,14.25,13.410185813903809
2011-01-13,14.183333396911621,13.34744930267334
2011-01-14,14.166666030883789,13.33176326751709
2011-01-17,14.233332633972168,13.394500732421875
2011-01-18,13.850000381469727,13.033761024475098
2011-01-19,13.666666030883789,12.86122989654541
2011-01-20,13.416666030883789,12.625964164733887
2011-01-21,13.449999809265137,12.657333374023438
2011-01-24,12.966666221618652,12.202484130859375
2011-01-25,13.016666412353516,12.249537467956543
2011-01-26,12.666666030883789,11.920164108276367
2011-01-27,13.050000190734863,12.280906677246094
2011-01-28,12.966666221618652,12.202484130859375
2011-01-31,12.699999809265137,11.951533317565918
2011-02-01,12.5,11.763321876525879
2011-02-02,12.716666221618652,11.967219352722168
2011-02-07,12.266666412353516,11.54373836517334
2011-02-08,12.366665840148926,11.637845039367676
2011-02-09,11.949999809265137,11.245735168457031
2011-02-10,11.433333396911621,10.759517669677734
2011-02-11,11.583333015441895,10.900675773620605
2011-02-14,11.866665840148926,11.167311668395996
2011-02-15,11.416666030883789,10.7438325881958
2011-02-16,11.133333206176758,10.477197647094727
2011-02-17,11.300000190734863,10.634041786193848
2011-02-18,11.083333015441895,10.430145263671875
2011-02-21,10.399999618530273,9.787080764770508
2011-02-22,10.333333015441895,9.724347114562988
2011-02-23,10.033332824707031,9.442024230957031
2011-02-24,10.033332824707031,9.442024230957031
2011-02-25,10.333333015441895,9.724347114562988
2011-02-28,10.233332633972168,9.630237579345703
2011-03-01,10.166666030883789,9.567501068115234
2011-03-02,11.100000381469727,10.445829391479492
2011-03-03,11.666666030883789,10.97909927368164
2011-03-04,11.433333396911621,10.759517669677734
2011-03-07,11.699999809265137,11.010467529296875
2011-03-08,11.699999809265137,11.010467529296875
2011-03-09,12.25,11.528053283691406
2011-03-10,11.949999809265137,11.245735168457031
2011-03-11,11.649999618530273,10.963415145874023
2011-03-14,11.533332824707031,10.853623390197754
2011-03-15,10.766666412353516,10.132139205932617
2011-03-16,10.533332824707031,9.912559509277344
2011-03-17,9.983332633972168,9.394970893859863
2011-03-18,9.949999809265137,9.363604545593262
2011-03-21,10.25,9.645925521850586
2011-03-22,10.166666030883789,9.567501068115234
2011-03-23,10.166666030883789,9.567501068115234
2011-03-24,9.983332633972168,9.394970893859863
2011-03-25,9.616665840148926,9.049914360046387
2011-03-28,9.766666412353516,9.19107723236084
2011-03-29,9.866665840148926,9.285181999206543
2011-03-30,9.850000381469727,9.26949691772461
2011-03-31,9.933333396911621,9.347920417785645
2011-04-01,9.766666412353516,9.19107723236084
2011-04-04,9.666666030883789,9.096967697143555
2011-04-06,9.616665840148926,9.049914360046387
2011-04-07,10.133333206176758,9.536131858825684
2011-04-08,9.933333396911621,9.347920417785645
2011-04-11,9.633333206176758,9.06559944152832
2011-04-12,9.366665840148926,8.814647674560547
2011-04-13,9.5,8.940123558044434
2011-04-14,9.583333015441895,9.018545150756836
2011-04-15,9.516666412353516,8.955808639526367
2011-04-18,9.516666412353516,8.955808639526367
2011-04-19,9.366665840148926,8.814647674560547
2011-04-20,10.0,9.41065788269043
2011-04-21,9.899999618530273,9.316550254821777
2011-04-26,9.600000381469727,9.034232139587402
2011-04-27,9.616665840148926,9.049914360046387
2011-04-28,9.533332824707031,8.971491813659668
2011-04-29,9.366665840148926,8.814647674560547
2011-05-03,9.183333396911621,8.642120361328125
2011-05-04,8.916666030883789,8.391168594360352
2011-05-05,8.983332633972168,8.453906059265137
2011-05-06,8.933333396911621,8.406851768493652
2011-05-09,9.399999618530273,8.846014976501465
2011-05-11,9.216666221618652,8.673487663269043
2011-05-12,8.983332633972168,8.453906059265137
2011-05-13,9.383333206176758,8.83033275604248
2011-05-16,9.083333015441895,8.548011779785156
2011-05-17,9.133333206176758,8.595067977905273
2011-05-18,9.233332633972168,8.689172744750977
2011-05-19,9.350000381469727,8.798965454101562
2011-05-20,9.216666221618652,8.673487663269043
2011-05-23,8.949999809265137,8.422538757324219
2011-05-24,8.616665840148926,8.108848571777344
2011-05-25,8.533332824707031,8.030426025390625
2011-05-26,8.416666030883789,7.9206342697143555
2011-05-27,8.5,7.999058723449707
2011-05-30,8.383333206176758,7.8892669677734375
2011-05-31,8.449999809265137,7.952005386352539
2011-06-01,8.566665649414062,8.061795234680176
2011-06-02,8.366665840148926,7.873581886291504
2011-06-03,8.183333396911621,7.701054573059082
2011-06-07,7.983333110809326,7.51284122467041
2011-06-08,7.716666221618652,7.2618889808654785
2011-06-09,7.366665840148926,6.932516574859619
2011-06-10,7.183332920074463,6.759988307952881
2011-06-13,7.5,7.057992935180664
2011-06-14,7.5833330154418945,7.136415004730225
2011-06-15,7.483333110809326,7.042308330535889
2011-06-16,7.216666221618652,6.791357040405273
2011-06-17,7.133333206176758,6.712934970855713
2011-06-20,7.166666030883789,6.7443037033081055
2011-06-21,7.233333110809326,6.807041645050049
2011-06-22,7.216666221618652,6.791357040405273
2011-06-23,7.633333206176758,7.183467388153076
2011-06-24,8.016666412353516,7.5442094802856445
2011-06-27,8.449999809265137,7.952005386352539
2011-06-28,8.350000381469727,7.857900142669678
2011-06-29,7.933332920074463,7.465786933898926
2011-06-30,8.383333206176758,7.8892669677734375
2011-07-04,9.233332633972168,8.689172744750977
2011-07-05,8.966666221618652,8.438222885131836
2011-07-06,8.683333396911621,8.171587944030762
2011-07-07,8.699999809265137,8.187270164489746
2011-07-08,8.466666221618652,7.967690467834473
2011-07-11,8.166666030883789,7.685369491577148
2011-07-12,7.666666030883789,7.214835166931152
2011-07-13,7.900000095367432,7.43441915512085
2011-07-14,7.666666030883789,7.214835166931152
2011-07-15,7.433332920074463,6.9952545166015625
2011-07-18,7.483333110809326,7.042308330535889
2011-07-19,7.75,7.293259143829346
2011-07-20,8.033332824707031,7.559893608093262
2011-07-21,7.783332824707031,7.3246283531188965
2011-07-22,8.216666221618652,7.732423305511475
2011-07-25,7.883333206176758,7.418734073638916
2011-07-26,8.100000381469727,7.622631549835205
2011-07-27,8.283332824707031,7.795161247253418
2011-07-28,8.566665649414062,8.061795234680176
2011-07-29,8.583333015441895,8.077479362487793
2011-08-01,8.866665840148926,8.344117164611816
2011-08-02,8.683333396911621,8.171587944030762
2011-08-03,8.149999618530273,7.6696858406066895
2011-08-04,8.166666030883789,7.685369491577148
2011-08-05,7.766665935516357,7.3089423179626465
2011-08-08,7.3333330154418945,6.901148319244385
2011-08-09,7.349999904632568,6.916832447052002
2011-08-10,7.300000190734863,6.869779586791992
2011-08-11,7.349999904632568,6.916832447052002
2011-08-12,7.266665935516357,6.838409900665283
2011-08-15,7.400000095367432,6.963886260986328
2011-08-16,7.233333110809326,6.807041645050049
2011-08-17,7.233333110809326,6.807041645050049
2011-08-18,6.933332920074463,6.524721145629883
2011-08-19,6.659999847412109,6.267497539520264
2011-08-22,6.293333053588867,5.922440528869629
2011-08-23,5.3933329582214355,5.075480937957764
2011-08-24,4.9466657638549805,4.655137062072754
2011-08-25,5.133333206176758,4.830804347991943
2011-08-26,5.326665878295898,5.012742042541504
2011-08-29,5.199999809265137,4.893540382385254
2011-08-30,5.1533331871032715,4.849625110626221
2011-08-31,5.420000076293945,5.100577354431152
2011-09-01,5.233333110809326,4.924910068511963
2011-09-02,5.22666597366333,4.918635368347168
2011-09-05,5.133333206176758,4.830804347991943
2011-09-06,5.039999961853027,4.742970943450928
2011-09-07,5.246665954589844,4.93745756149292
2011-09-08,5.186666011810303,4.880993366241455
2011-09-09,5.25333309173584,4.943731784820557
2011-09-12,4.993332862854004,4.699055194854736
2011-09-14,4.800000190734863,4.517116069793701
2011-09-15,4.826665878295898,4.542209625244141
2011-09-16,4.659999847412109,4.385365962982178
2011-09-19,4.666666030883789,4.391639232635498
2011-09-20,4.679999828338623,4.4041876792907715
2011-09-21,4.686666011810303,4.410460472106934
2011-09-22,4.179999828338623,3.9336535930633545
2011-09-23,4.113333225250244,3.8709161281585693
2011-09-26,3.666666030883789,3.450573682785034
2011-09-27,4.340000152587891,4.084224700927734
2011-09-28,4.453332901000977,4.190878391265869
2011-09-30,4.3933329582214355,4.134415626525879
2011-10-03,4.346665859222412,4.090498447418213
2011-10-04,4.033332824707031,3.7956316471099854
2011-10-06,4.046666145324707,3.8081793785095215
2011-10-07,4.146666049957275,3.902285575866699
2011-10-10,4.206665992736816,3.958749771118164
2011-10-11,4.199999809265137,3.9524757862091064
2011-10-12,4.400000095367432,4.140688419342041
2011-10-13,4.993332862854004,4.699055194854736
2011-10-14,4.913332939147949,4.623768329620361
2011-10-17,4.9466657638549805,4.655137062072754
2011-10-18,4.566666126251221,4.2975335121154785
2011-10-19,4.820000171661377,4.535937309265137
2011-10-20,4.606666088104248,4.335175514221191
2011-10-21,4.639999866485596,4.366544723510742
2011-10-24,4.966666221618652,4.673959732055664
2011-10-25,5.119999885559082,4.818256378173828
2011-10-26,5.1533331871032715,4.849625110626221
2011-10-27,5.940000057220459,5.589930534362793
2011-10-28,5.860000133514404,5.514644145965576
2011-10-31,6.366665840148926,5.991451263427734
2011-11-01,6.699999809265137,6.305140018463135
2011-11-02,6.366665840148926,5.991451263427734
2011-11-03,6.28000020980835,5.909893035888672
2011-11-04,6.320000171661377,5.947535037994385
2011-11-07,6.3933329582214355,6.016546726226807
2011-11-08,6.2133331298828125,5.84715461730957
2011-11-09,6.260000228881836,5.891070365905762
2011-11-10,5.71999979019165,5.382894992828369
2011-11-11,5.513332843780518,5.188408374786377
2011-11-14,6.949999809265137,6.540406703948975
2011-11-15,6.8333330154418945,6.430614948272705
2011-11-16,6.613333225250244,6.223580837249756
2011-11-17,6.546666145324707,6.160842418670654
2011-11-18,6.360000133514404,5.985177516937256
2011-11-21,6.159999847412109,5.796963691711426
2011-11-22,6.1533331871032715,5.790690898895264
2011-11-23,5.75333309173584,5.41426420211792
2011-11-24,6.21999979019165,5.853427410125732
2011-11-25,5.940000057220459,5.589930534362793
2011-11-28,6.113333225250244,5.753048419952393
2011-11-29,6.239999771118164,5.872250080108643
2011-11-30,6.033332824707031,5.677761554718018
2011-12-01,6.3933329582214355,6.016546726226807
2011-12-02,6.326665878295898,5.953807830810547
2011-12-05,6.286665916442871,5.916165828704834
2011-12-06,6.033332824707031,5.677761554718018
2011-12-07,6.139999866485596,5.778143882751465
2011-12-08,5.953332901000977,5.602477550506592
2011-12-09,5.920000076293945,5.571108818054199
2011-12-12,5.820000171661377,5.477002143859863
2011-12-13,5.699999809265137,5.364073753356934
2011-12-14,5.699999809265137,5.364073753356934
2011-12-15,5.400000095367432,5.081753730773926
2011-12-16,5.579999923706055,5.2511467933654785
2011-12-19,5.453332901000977,5.131943702697754
2011-12-20,5.599999904632568,5.269967079162598
2011-12-21,5.633333206176758,5.301336765289307
2011-12-22,5.626666069030762,5.29506254196167
2011-12-23,5.733333110809326,5.395443439483643
2011-12-24,,
2011-12-28,5.599999904632568,5.269967079162598
2011-12-29,5.566666126251221,5.238598823547363
2011-12-30,5.613333225250244,5.282515525817871
2011-12-31,,
2012-01-03,6.039999961853027,5.684036731719971
2012-01-04,5.9466657638549805,5.596203327178955
2012-01-05,5.933332920074463,5.583655834197998
2012-01-06,5.686666011810303,5.351526260375977
2012-01-09,6.079999923706055,5.721678733825684
2012-01-10,6.21999979019165,5.853427410125732
2012-01-11,6.486666202545166,6.104379653930664
2012-01-12,6.733333110809326,6.336508750915527
2012-01-13,6.933332920074463,6.524721145629883
2012-01-16,7.266665935516357,6.838409900665283
2012-01-17,7.699999809265137,7.246206283569336
2012-01-18,7.616665840148926,7.167782783508301
2012-01-19,7.400000095367432,6.963886260986328
2012-01-20,7.483333110809326,7.042308330535889
2012-01-26,7.683332920074463,7.230520725250244
2012-01-27,7.916666030883789,7.450101852416992
2012-01-30,7.966666221618652,7.497156143188477
2012-01-31,8.083333015441895,7.606948375701904
2012-02-01,7.883333206176758,7.418734073638916
2012-02-02,8.183333396911621,7.701054573059082
2012-02-03,8.216666221618652,7.732423305511475
2012-02-06,8.300000190734863,7.810844421386719
2012-02-07,8.633333206176758,8.124534606933594
2012-02-08,9.449999809265137,8.893071174621582
2012-02-09,9.083333015441895,8.548011779785156
2012-02-10,8.666666030883789,8.155901908874512
2012-02-13,8.683333396911621,8.171587944030762
2012-02-14,8.333333015441895,7.842212677001953
2012-02-15,8.416666030883789,7.9206342697143555
2012-02-16,8.233332633972168,7.748106479644775
2012-02-17,8.300000190734863,7.810844421386719
2012-02-20,8.283332824707031,7.795161247253418
2012-02-21,8.133333206176758,7.654000282287598
2012-02-22,8.600000381469727,8.093164443969727
2012-02-23,8.233332633972168,7.748106479644775
2012-02-24,8.25,7.763792514801025
2012-02-27,8.466666221618652,7.967690467834473
2012-02-28,8.300000190734863,7.810844421386719
2012-02-29,8.5,7.999058723449707
2012-03-01,8.199999809265137,7.716736793518066
2012-03-02,8.266666412353516,7.779477596282959
2012-03-05,7.933332920074463,7.465786933898926
2012-03-06,7.150000095367432,6.728620529174805
2012-03-07,7.383333206176758,6.948201656341553
2012-03-08,7.599999904632568,7.152099132537842
2012-03-09,7.566666126251221,7.120729446411133
2012-03-12,7.5,7.057992935180664
2012-03-13,7.5,7.057992935180664
2012-03-14,7.516665935516357,7.073676586151123
2012-03-15,7.383333206176758,6.948201656341553
2012-03-16,7.433332920074463,6.9952545166015625
2012-03-20,7.066666126251221,6.6501970291137695
2012-03-21,6.849999904632568,6.446300029754639
2012-03-22,7.150000095367432,6.728620529174805
2012-03-23,6.983333110809326,6.571774005889893
2012-03-26,6.646666049957275,6.254948616027832
2012-03-27,6.666666030883789,6.273770332336426
2012-03-28,6.666666030883789,6.273770332336426
2012-03-29,6.816666126251221,6.41493034362793
2012-03-30,7.233333110809326,6.807041645050049
2012-04-02,7.066666126251221,6.6501970291137695
2012-04-03,7.216666221618652,6.791357040405273
2012-04-05,6.933332920074463,6.524721145629883
2012-04-10,6.800000190734863,6.399247169494629
2012-04-11,6.949999809265137,6.540406703948975
2012-04-12,7.150000095367432,6.728620529174805
2012-04-13,7.383333206176758,6.948201656341553
2012-04-16,7.366665840148926,6.932516574859619
2012-04-17,7.183332920074463,6.759988307952881
2012-04-18,7.599999904632568,7.152099132537842
2012-04-19,7.266665935516357,6.838409900665283
2012-04-20,7.266665935516357,6.838409900665283
2012-04-23,7.133333206176758,6.712934970855713
2012-04-24,6.983333110809326,6.571774005889893
2012-04-25,7.033332824707031,6.618826866149902
2012-04-26,6.683332920074463,6.289455413818359
2012-04-27,6.733333110809326,6.336508750915527
2012-04-30,6.816666126251221,6.41493034362793
2012-05-02,6.8333330154418945,6.430614948272705
2012-05-03,6.683332920074463,6.289455413818359
2012-05-04,6.666666030883789,6.273770332336426
2012-05-07,6.3333330154418945,5.960082054138184
2012-05-08,6.3866658210754395,6.010272026062012
2012-05-09,6.146666049957275,5.784416198730469
2012-05-10,6.113333225250244,5.753048419952393
2012-05-11,5.8866658210754395,5.539738655090332
2012-05-14,5.6533331871032715,5.320158004760742
2012-05-15,5.553332805633545,5.226051330566406
2012-05-16,5.326665878295898,5.012742042541504
2012-05-17,5.286665916442871,4.975098609924316
2012-05-18,5.133333206176758,4.830804347991943
2012-05-21,5.293333053588867,4.981375217437744
2012-05-22,5.433332920074463,5.113123416900635
2012-05-23,5.306665897369385,4.993921756744385
2012-05-24,5.066666126251221,4.768065452575684
2012-05-25,5.400000095367432,5.081753730773926
2012-05-28,5.079999923706055,4.780613899230957
2012-05-29,5.360000133514404,5.044112682342529
2012-05-30,5.246665954589844,4.93745756149292
2012-05-31,5.260000228881836,4.950005054473877
2012-06-01,5.233333110809326,4.924910068511963
2012-06-04,5.00666618347168,4.711601734161377
2012-06-05,5.0,4.705328941345215
2012-06-06,5.166666030883789,4.862173080444336
2012-06-07,5.133333206176758,4.830804347991943
2012-06-08,5.066666126251221,4.768065452575684
2012-06-11,5.093332767486572,4.793160915374756
2012-06-12,5.033332824707031,4.736696243286133
2012-06-13,5.086666107177734,4.786885738372803
2012-06-14,5.013332843780518,4.7178754806518555
2012-06-15,5.00666618347168,4.711601734161377
2012-06-18,5.053332805633545,4.755518913269043
2012-06-19,5.126666069030762,4.82452917098999
2012-06-20,5.139999866485596,4.837077617645264
2012-06-21,5.079999923706055,4.780613899230957
2012-06-22,5.019999980926514,4.72415018081665
2012-06-25,4.800000190734863,4.517116069793701
2012-06-26,4.873332977294922,4.58612585067749
2012-06-27,4.933332920074463,4.6425909996032715
2012-06-28,4.853332996368408,4.567305088043213
2012-06-29,4.873332977294922,4.58612585067749
2012-07-03,4.820000171661377,4.535937309265137
2012-07-04,4.813333034515381,4.529661655426025
2012-07-05,4.920000076293945,4.630043983459473
2012-07-06,4.933332920074463,4.6425909996032715
2012-07-09,4.760000228881836,4.479473114013672
2012-07-10,4.739999771118164,4.460650444030762
2012-07-11,4.699999809265137,4.423007488250732
2012-07-12,4.539999961853027,4.272438049316406
2012-07-13,4.493332862854004,4.228521823883057
2012-07-16,4.22666597366333,3.9775707721710205
2012-07-17,4.340000152587891,4.084224700927734
2012-07-18,4.353332996368408,4.096771717071533
2012-07-19,4.573332786560059,4.303806781768799
2012-07-20,4.593332767486572,4.322627544403076
2012-07-23,4.3933329582214355,4.134415626525879
2012-07-24,4.366665840148926,4.10931921005249
2012-07-25,4.400000095367432,4.140688419342041
2012-07-26,4.326665878295898,4.071675777435303
2012-07-27,4.360000133514404,4.103046894073486
2012-07-30,4.360000133514404,4.103046894073486
2012-07-31,4.413332939147949,4.153234958648682
2012-08-01,4.3933329582214355,4.134415626525879
2012-08-02,4.466666221618652,4.203425407409668
2012-08-03,4.400000095367432,4.140688419342041
2012-08-06,4.666666030883789,4.391639232635498
2012-08-07,4.813333034515381,4.529661655426025
2012-08-08,4.8333330154418945,4.548483848571777
2012-08-09,4.9466657638549805,4.655137062072754
2012-08-10,4.8866658210754395,4.598673343658447
2012-08-13,4.813333034515381,4.529661655426025
2012-08-14,4.820000171661377,4.535937309265137
2012-08-15,4.619999885559082,4.347723007202148
2012-08-16,4.6533331871032715,4.379091739654541
2012-08-17,4.659999847412109,4.385365962982178
2012-08-20,4.659999847412109,4.385365962982178
2012-08-21,4.646666049957275,4.372818470001221
2012-08-22,4.639999866485596,4.366544723510742
2012-08-23,4.673333168029785,4.397913455963135
2012-08-24,4.579999923706055,4.310080528259277
2012-08-27,4.453332901000977,4.190878391265869
2012-08-28,4.466666221618652,4.203425407409668
2012-08-29,4.559999942779541,4.291259288787842
2012-08-30,4.599999904632568,4.328901290893555
2012-08-31,4.50666618347168,4.241069316864014
2012-09-03,4.539999961853027,4.272438049316406
2012-09-04,4.493332862854004,4.228521823883057
2012-09-05,4.480000019073486,4.2159743309021
2012-09-06,4.666666030883789,4.391639232635498
2012-09-07,5.026666164398193,4.7304229736328125
2012-09-10,5.026666164398193,4.7304229736328125
2012-09-11,5.113333225250244,4.811982154846191
2012-09-12,5.266665935516357,4.956279277801514
2012-09-13,5.28000020980835,4.968827247619629
2012-09-14,5.513332843780518,5.188408374786377
2012-09-17,5.440000057220459,5.11939811706543
2012-09-18,5.21999979019165,4.912363529205322
2012-09-19,5.326665878295898,5.012742042541504
2012-09-20,5.206665992736816,4.899814605712891
2012-09-21,5.239999771118164,4.9311842918396
2012-09-24,5.086666107177734,4.786885738372803
2012-09-25,4.900000095367432,4.611221790313721
2012-09-26,4.420000076293945,4.159510612487793
2012-09-27,4.493332862854004,4.228521823883057
2012-09-28,4.50666618347168,4.241069316864014
2012-10-03,4.47333288192749,4.209700107574463
2012-10-04,4.480000019073486,4.2159743309021
2012-10-05,4.533332824707031,4.266164779663086
2012-10-08,4.406665802001953,4.146961688995361
2012-10-09,4.486666202545166,4.22224760055542
2012-10-10,4.673333168029785,4.397913455963135
2012-10-11,4.686666011810303,4.410460472106934
2012-10-12,4.766665935516357,4.485745429992676
2012-10-15,4.820000171661377,4.535937309265137
2012-10-16,4.793333053588867,4.5108418464660645
2012-10-17,4.873332977294922,4.58612585067749
2012-10-18,5.119999885559082,4.818256378173828
2012-10-19,5.2133331298828125,4.906088352203369
2012-10-22,5.199999809265137,4.893540382385254
2012-10-24,5.173333168029785,4.868445873260498
2012-10-25,5.126666069030762,4.82452917098999
2012-10-26,5.053332805633545,4.755518913269043
2012-10-29,5.233333110809326,4.924910068511963
2012-10-30,5.019999980926514,4.72415018081665
2012-10-31,5.099999904632568,4.799433708190918
2012-11-01,5.306665897369385,4.993921756744385
2012-11-02,5.3866658210754395,5.0692057609558105
2012-11-05,5.573332786560059,5.244871616363525
2012-11-06,5.8333330154418945,5.48954963684082
2012-11-07,6.453332901000977,6.073010444641113
2012-11-08,6.046666145324707,5.690310001373291
2012-11-09,6.50666618347168,6.123199939727783
2012-11-12,6.866665840148926,6.461984157562256
2012-11-13,6.5,6.116927146911621
2012-11-14,6.699999809265137,6.305140018463135
2012-11-15,6.606666088104248,6.217307090759277
2012-11-16,6.453332901000977,6.073010444641113
2012-11-19,6.613333225250244,6.223580837249756
2012-11-20,6.373332977294922,5.997724533081055
2012-11-21,6.559999942779541,6.173390865325928
2012-11-22,6.526666164398193,6.142021656036377
2012-11-23,6.513332843780518,6.12947416305542
2012-11-26,6.466666221618652,6.085557460784912
2012-11-27,6.493332862854004,6.110652446746826
2012-11-28,6.286665916442871,5.916165828704834
2012-11-29,6.406665802001953,6.0290937423706055
2012-11-30,6.626666069030762,6.236128807067871
2012-12-03,6.3866658210754395,6.010272026062012
2012-12-04,6.50666618347168,6.123199939727783
2012-12-05,6.733333110809326,6.336508750915527
2012-12-06,6.606666088104248,6.217307090759277
2012-12-07,6.413332939147949,6.035367965698242
2012-12-10,6.3933329582214355,6.016546726226807
2012-12-11,6.466666221618652,6.085557460784912
2012-12-12,6.50666618347168,6.123199939727783
2012-12-13,6.519999980926514,6.135748386383057
2012-12-14,6.519999980926514,6.135748386383057
2012-12-17,6.420000076293945,6.041641712188721
2012-12-18,6.453332901000977,6.073010444641113
2012-12-19,6.626666069030762,6.236128807067871
2012-12-20,6.646666049957275,6.254948616027832
2012-12-21,6.766665935516357,6.367877006530762
2012-12-24,6.933332920074463,6.524721145629883
2012-12-27,7.266665935516357,6.838409900665283
2012-12-28,7.566666126251221,7.120729446411133
2012-12-31,7.75,7.293259143829346
2013-01-02,7.800000190734863,7.340312957763672
2013-01-03,7.75,7.293259143829346
2013-01-04,7.616665840148926,7.167782783508301
2013-01-07,7.716666221618652,7.2618889808654785
2013-01-08,7.933332920074463,7.465786933898926
2013-01-09,8.666666030883789,8.155901908874512
2013-01-10,8.449999809265137,7.952005386352539
2013-01-11,8.616665840148926,8.108848571777344
2013-01-14,8.833333015441895,8.31274700164795
2013-01-15,8.966666221618652,8.438222885131836
2013-01-16,8.966666221618652,8.438222885131836
2013-01-17,8.566665649414062,8.061795234680176
2013-01-18,8.933333396911621,8.406851768493652
2013-01-21,8.933333396911621,8.406851768493652
2013-01-22,8.850000381469727,8.32843017578125
2013-01-23,8.816665649414062,8.297061920166016
2013-01-24,8.850000381469727,8.32843017578125
2013-01-25,8.649999618530273,8.140218734741211
2013-01-28,8.633333206176758,8.124534606933594
2013-01-29,8.683333396911621,8.171587944030762
2013-01-30,8.683333396911621,8.171587944030762
2013-01-31,8.649999618530273,8.140218734741211
2013-02-01,8.616665840148926,8.108848571777344
2013-02-04,8.783332824707031,8.265693664550781
2013-02-05,8.633333206176758,8.124534606933594
2013-02-06,9.083333015441895,8.548011779785156
2013-02-07,9.683333396911621,9.112651824951172
2013-02-08,9.633333206176758,9.06559944152832
2013-02-14,9.983332633972168,9.394970893859863
2013-02-15,10.699999809265137,10.069402694702148
2013-02-18,10.483332633972168,9.86550235748291
2013-02-19,9.766666412353516,9.19107723236084
2013-02-20,10.333333015441895,9.724347114562988
2013-02-21,10.0,9.41065788269043
2013-02-22,9.966666221618652,9.379288673400879
2013-02-25,9.800000190734863,9.222443580627441
2013-02-26,9.483332633972168,8.924437522888184
2013-02-27,9.566665649414062,9.002861022949219
2013-02-28,9.166666030883789,8.626435279846191
2013-03-01,9.283332824707031,8.736224174499512
2013-03-04,9.399999618530273,8.846014976501465
2013-03-05,9.699999809265137,9.128336906433105
2013-03-06,9.699999809265137,9.128336906433105
2013-03-07,9.433333396911621,8.877387046813965
2013-03-08,9.266666412353516,8.720541954040527
2013-03-11,9.216666221618652,8.673487663269043
2013-03-12,9.133333206176758,8.595067977905273
2013-03-13,8.816665649414062,8.297061920166016
2013-03-14,8.766666412353516,8.250008583068848
2013-03-15,8.083333015441895,7.606948375701904
2013-03-18,7.816666126251221,7.3559956550598145
2013-03-19,7.849999904632568,7.387365818023682
2013-03-20,8.566665649414062,8.061795234680176
2013-03-21,8.199999809265137,7.716736793518066
2013-03-22,8.316665649414062,7.8265299797058105
2013-03-25,8.25,7.763792514801025
2013-03-26,8.366665840148926,7.873581886291504
2013-03-27,8.383333206176758,7.8892669677734375
2013-03-28,8.25,7.763792514801025
2013-04-02,8.100000381469727,7.622631549835205
2013-04-03,7.800000190734863,7.340312957763672
2013-04-05,7.216666221618652,6.791357040405273
2013-04-08,7.550000190734863,7.10504674911499
2013-04-09,7.683332920074463,7.230520725250244
2013-04-10,7.650000095367432,7.199152946472168
2013-04-11,7.533332824707031,7.08936071395874
2013-04-12,7.599999904632568,7.152099132537842
2013-04-15,7.366665840148926,6.932516574859619
2013-04-16,7.449999809265137,7.010939121246338
2013-04-17,7.3333330154418945,6.901148319244385
2013-04-18,7.466666221618652,7.026623725891113
2013-04-19,8.066665649414062,7.591263294219971
2013-04-22,8.600000381469727,8.093164443969727
2013-04-23,8.449999809265137,7.952005386352539
2013-04-24,8.75,8.234323501586914
2013-04-25,8.366665840148926,7.873581886291504
2013-04-26,9.383333206176758,8.83033275604248
2013-04-29,9.283332824707031,8.736224174499512
2013-04-30,9.233332633972168,8.689172744750977
2013-05-02,9.166666030883789,8.626435279846191
2013-05-03,9.5,8.940123558044434
2013-05-06,9.699999809265137,9.128336906433105
2013-05-07,9.883333206176758,9.300864219665527
2013-05-08,9.883333206176758,9.300864219665527
2013-05-09,10.399999618530273,9.787080764770508
2013-05-10,10.516666412353516,9.896873474121094
2013-05-13,10.616665840148926,9.990979194641113
2013-05-14,10.649999618530273,10.022348403930664
2013-05-15,11.083333015441895,10.430145263671875
2013-05-16,11.466666221618652,10.790886878967285
2013-05-20,11.333333015441895,10.665410041809082
2013-05-21,11.149999618530273,10.492881774902344
2013-05-22,11.050000190734863,10.398776054382324
2013-05-23,10.433333396911621,9.818452835083008
2013-05-24,10.600000381469727,9.975296020507812
2013-05-27,10.516666412353516,9.896873474121094
2013-05-28,11.133333206176758,10.477197647094727
2013-05-29,11.649999618530273,10.963415145874023
2013-05-30,11.616665840148926,10.932045936584473
2013-05-31,11.383333206176758,10.71246337890625
2013-06-03,10.983332633972168,10.336036682128906
2013-06-04,11.033332824707031,10.38309097290039
2013-06-05,10.899999618530273,10.25761604309082
2013-06-06,11.166666030883789,10.508565902709961
2013-06-07,10.883333206176758,10.241930961608887
2013-06-10,10.516666412353516,9.896873474121094
2013-06-11,10.466666221618652,9.849820137023926
2013-06-13,9.983332633972168,9.394970893859863
2013-06-14,10.5,9.881190299987793
2013-06-17,10.666666030883789,10.038032531738281
2013-06-18,10.983332633972168,10.336036682128906
2013-06-19,10.966666221618652,10.320351600646973
2013-06-20,9.949999809265137,9.363604545593262
2013-06-21,9.733332633972168,9.159706115722656
2013-06-24,8.666666030883789,8.155901908874512
2013-06-25,8.300000190734863,7.810844421386719
2013-06-26,8.850000381469727,8.32843017578125
2013-06-27,8.483332633972168,7.983373165130615
2013-06-28,8.566665649414062,8.061795234680176
2013-07-02,9.5,8.940123558044434
2013-07-03,9.283332824707031,8.736224174499512
2013-07-04,9.683333396911621,9.112651824951172
2013-07-05,9.600000381469727,9.034232139587402
2013-07-08,9.666666030883789,9.096967697143555
2013-07-09,9.433333396911621,8.877387046813965
2013-07-10,9.449999809265137,8.893071174621582
2013-07-11,9.550000190734863,8.98717975616455
2013-07-12,9.600000381469727,9.034232139587402
2013-07-15,10.649999618530273,10.022348403930664
2013-07-16,10.800000190734863,10.163507461547852
2013-07-17,10.483332633972168,9.86550235748291
2013-07-18,10.616665840148926,9.990979194641113
2013-07-19,10.366665840148926,9.755714416503906
2013-07-22,10.383333206176758,9.771397590637207
2013-07-23,10.766666412353516,10.132139205932617
2013-07-24,10.733332633972168,10.100772857666016
2013-07-25,10.766666412353516,10.132139205932617
2013-07-26,10.600000381469727,9.975296020507812
2013-07-29,10.433333396911621,9.818452835083008
2013-07-30,10.449999809265137,9.834137916564941
2013-07-31,10.116665840148926,9.520445823669434
2013-08-01,10.416666030883789,9.802765846252441
2013-08-02,10.25,9.645925521850586
2013-08-05,10.116665840148926,9.520445823669434
2013-08-06,10.533332824707031,9.912559509277344
2013-08-07,10.333333015441895,9.724347114562988
2013-08-08,10.350000381469727,9.740032196044922
2013-08-09,10.433333396911621,9.818452835083008
2013-08-12,10.433333396911621,9.818452835083008
2013-08-13,10.366665840148926,9.755714416503906
2013-08-14,10.366665840148926,9.755714416503906
2013-08-15,10.133333206176758,9.536131858825684
2013-08-16,10.316665649414062,9.708658218383789
2013-08-19,10.399999618530273,9.787080764770508
2013-08-20,10.133333206176758,9.536131858825684
2013-08-21,10.149999618530273,9.551817893981934
2013-08-22,10.616665840148926,9.990979194641113
2013-08-23,10.75,10.116456031799316
2013-08-26,9.483332633972168,8.924437522888184
2013-08-27,9.716666221618652,9.144020080566406
2013-08-28,9.216666221618652,8.673487663269043
2013-08-29,9.433333396911621,8.877387046813965
2013-08-30,9.283332824707031,8.736224174499512
2013-09-02,9.366665840148926,8.814647674560547
2013-09-03,9.933333396911621,9.347920417785645
2013-09-04,9.616665840148926,9.049914360046387
2013-09-05,9.483332633972168,8.924437522888184
2013-09-06,10.333333015441895,9.724347114562988
2013-09-09,10.366665840148926,9.755714416503906
2013-09-10,10.449999809265137,9.834137916564941
2013-09-11,11.449999809265137,10.775202751159668
2013-09-12,11.483332633972168,10.80656909942627
2013-09-13,11.633333206176758,10.947731971740723
2013-09-16,11.583333015441895,10.900675773620605
2013-09-17,11.666666030883789,10.97909927368164
2013-09-18,11.300000190734863,10.634041786193848
2013-09-19,11.083333015441895,10.430145263671875
2013-09-23,11.616665840148926,10.932045936584473
2013-09-24,11.550000190734863,10.86931037902832
2013-09-25,11.416666030883789,10.7438325881958
2013-09-26,11.366665840148926,10.696778297424316
2013-09-27,11.283332824707031,10.618356704711914
2013-09-30,11.533332824707031,10.853623390197754
2013-10-02,11.933333396911621,11.230049133300781
2013-10-03,11.983332633972168,11.277103424072266
2013-10-04,12.183333396911621,11.465317726135254
2013-10-07,12.916666030883789,12.155431747436523
2013-10-08,12.566665649414062,11.826057434082031
2013-10-09,12.716666221618652,11.967219352722168
2013-10-10,12.766666412353516,12.014269828796387
2013-10-11,12.75,11.998586654663086
2013-10-15,12.766666412353516,12.014269828796387
2013-10-16,12.783332824707031,12.029956817626953
2013-10-17,12.699999809265137,11.951533317565918
2013-10-18,13.116665840148926,12.343644142150879
2013-10-21,13.616665840148926,12.814176559448242
2013-10-22,13.449999809265137,12.657333374023438
2013-10-23,13.433333396911621,12.64164924621582
2013-10-24,13.266666412353516,12.4848051071167
2013-10-25,12.933333396911621,12.17111587524414
2013-10-28,13.083333015441895,12.312274932861328
2013-10-29,12.633333206176758,11.88879680633545
2013-10-30,12.949999809265137,12.186800003051758
2013-10-31,12.800000190734863,12.045639991760254
2013-11-01,12.75,11.998586654663086
2013-11-04,12.699999809265137,11.951533317565918
2013-11-05,13.199999809265137,12.422065734863281
2013-11-06,12.899999618530273,12.139748573303223
2013-11-07,12.5,11.763321876525879
2013-11-08,12.433333396911621,11.700582504272461
2013-11-11,12.566665649414062,11.826057434082031
2013-11-12,12.333333015441895,11.606475830078125
2013-11-13,12.083333015441895,11.371210098266602
2013-11-14,12.399999618530273,11.669215202331543
2013-11-15,12.483332633972168,11.747634887695312
2013-11-18,12.816665649414062,12.061326026916504
2013-11-19,12.483332633972168,11.747634887695312
2013-11-20,12.583333015441895,11.841743469238281
2013-11-21,12.566665649414062,11.826057434082031
2013-11-22,12.699999809265137,11.951533317565918
2013-11-25,12.533332824707031,11.794692039489746
2013-11-26,12.633333206176758,11.88879680633545
2013-11-27,12.949999809265137,12.186800003051758
2013-11-28,12.883333206176758,12.124061584472656
2013-11-29,13.0,12.233854293823242
2013-12-02,12.833333015441895,12.077009201049805
2013-12-03,12.866665840148926,12.108377456665039
2013-12-04,13.0,12.233854293823242
2013-12-05,13.449999809265137,12.657333374023438
2013-12-06,13.5,12.704387664794922
2013-12-09,13.5,12.704387664794922
2013-12-10,13.300000190734863,12.51617431640625
2013-12-11,12.850000381469727,12.092693328857422
2013-12-12,12.983332633972168,12.218168258666992
2013-12-13,12.949999809265137,12.186800003051758
2013-12-16,13.0,12.233854293823242
2013-12-17,12.666666030883789,11.920164108276367
2013-12-18,12.583333015441895,11.841743469238281
2013-12-19,12.300000190734863,11.575109481811523
2013-12-20,12.016666412353516,11.308472633361816
2013-12-23,12.066665649414062,11.355523109436035
2013-12-24,12.316665649414062,11.590790748596191
2013-12-27,12.233332633972168,11.512370109558105
2013-12-30,12.183333396911621,11.465317726135254
2013-12-31,12.666666030883789,11.920164108276367
2014-01-02,12.483332633972168,11.747634887695312
2014-01-03,12.483332633972168,11.747634887695312
2014-01-06,12.550000190734863,11.810373306274414
2014-01-07,12.466666221618652,11.731952667236328
2014-01-08,12.733332633972168,11.982903480529785
2014-01-09,12.600000381469727,11.857427597045898
2014-01-10,12.483332633972168,11.747634887695312
2014-01-13,12.416666030883789,11.684898376464844
2014-01-14,12.300000190734863,11.575109481811523
2014-01-15,12.516666412353516,11.779004096984863
2014-01-16,12.316665649414062,11.590790748596191
2014-01-17,12.300000190734863,11.575109481811523
2014-01-20,12.100000381469727,11.386895179748535
2014-01-21,12.233332633972168,11.512370109558105
2014-01-22,12.266666412353516,11.54373836517334
2014-01-23,12.100000381469727,11.386895179748535
2014-01-24,11.899999618530273,11.19868278503418
2014-01-27,11.649999618530273,10.963415145874023
2014-01-28,12.550000190734863,11.810373306274414
2014-01-29,12.533332824707031,11.794692039489746
2014-01-30,12.333333015441895,11.606475830078125
2014-02-04,11.983332633972168,11.277103424072266
2014-02-05,11.966666221618652,11.261417388916016
2014-02-06,12.350000381469727,11.622161865234375
2014-02-07,12.733332633972168,11.982903480529785
2014-02-10,13.316665649414062,12.53185749053955
2014-02-11,13.266666412353516,12.4848051071167
2014-02-12,13.25,12.46911907196045
2014-02-13,14.050000190734863,13.221972465515137
2014-02-14,13.883333206176758,13.065128326416016
2014-02-17,14.416666030883789,13.56702995300293
2014-02-18,13.949999809265137,13.1278657913208
2014-02-19,14.116665840148926,13.284709930419922
2014-02-20,14.266666412353516,13.425869941711426
2014-02-21,14.316665649414062,13.472921371459961
2014-02-24,14.316665649414062,13.472921371459961
2014-02-25,14.550000190734863,13.6925048828125
2014-02-26,15.949999809265137,15.009997367858887
2014-02-27,15.783332824707031,14.85315227508545
2014-02-28,17.066665649414062,16.06085205078125
2014-03-03,17.133333206176758,16.123592376708984
2014-03-04,17.216665267944336,16.20201301574707
2014-03-05,16.899999618530273,15.904010772705078
2014-03-06,17.083332061767578,16.076534271240234
2014-03-07,18.16666603088379,17.096023559570312
2014-03-10,18.149999618530273,17.080341339111328
2014-03-11,18.399999618530273,17.31560516357422
2014-03-12,18.25,17.174448013305664
2014-03-13,17.766666412353516,16.7195987701416
2014-03-14,17.833332061767578,16.782337188720703
2014-03-17,18.450000762939453,17.3626651763916
2014-03-18,18.266666412353516,17.190135955810547
2014-03-19,18.450000762939453,17.3626651763916
2014-03-20,15.866665840148926,14.931573867797852
2014-03-21,16.5,15.52758502960205
2014-03-24,15.899999618530273,14.962944030761719
2014-03-25,15.783332824707031,14.85315227508545
2014-03-26,16.0,15.057051658630371
2014-03-27,15.216666221618652,14.319884300231934
2014-03-28,15.316665649414062,14.413990020751953
2014-03-31,15.983332633972168,15.041366577148438
2014-04-01,16.16666603088379,15.213896751403809
2014-04-02,16.433332443237305,15.46484661102295
2014-04-03,16.25,15.292319297790527
2014-04-04,16.266666412353516,15.308000564575195
2014-04-07,16.333332061767578,15.370738983154297
2014-04-08,16.266666412353516,15.308000564575195
2014-04-09,16.25,15.292319297790527
2014-04-10,17.333332061767578,16.311803817749023
2014-04-11,17.03333282470703,16.029483795166016
2014-04-14,16.78333282470703,15.79421615600586
2014-04-15,15.616665840148926,14.696308135986328
2014-04-16,15.800000190734863,14.8688383102417
2014-04-17,15.850000381469727,14.91589069366455
2014-04-22,16.100000381469727,15.151158332824707
2014-04-23,16.016666412353516,15.072734832763672
2014-04-24,15.866665840148926,14.931573867797852
2014-04-25,15.616665840148926,14.696308135986328
2014-04-28,14.333333015441895,13.488608360290527
2014-04-29,14.600000381469727,13.739559173583984
2014-04-30,13.916666030883789,13.096498489379883
2014-05-02,13.966666221618652,13.143548011779785
2014-05-05,13.600000381469727,12.798494338989258
2014-05-07,13.116665840148926,12.343644142150879
2014-05-08,12.199999809265137,11.481000900268555
2014-05-09,12.316665649414062,11.590790748596191
2014-05-12,13.0,12.233854293823242
2014-05-13,12.949999809265137,12.186800003051758
2014-05-14,13.100000381469727,12.327962875366211
2014-05-15,13.533332824707031,12.73575496673584
2014-05-16,13.333333015441895,12.547541618347168
2014-05-19,13.166666030883789,12.390698432922363
2014-05-20,13.116665840148926,12.343644142150879
2014-05-21,13.283332824707031,12.500487327575684
2014-05-22,13.966666221618652,13.143548011779785
2014-05-23,13.716666221618652,12.908283233642578
2014-05-26,13.766666412353516,12.955336570739746
2014-05-27,13.616665840148926,12.814176559448242
2014-05-28,13.050000190734863,12.280906677246094
2014-05-29,12.649999618530273,11.90447998046875
2014-05-30,12.666666030883789,11.920164108276367
2014-06-03,12.683333396911621,11.9358491897583
2014-06-04,12.783332824707031,12.029956817626953
2014-06-05,13.233332633972168,12.453433990478516
2014-06-06,13.399999618530273,12.61028003692627
2014-06-09,13.816665649414062,13.00239086151123
2014-06-10,13.800000190734863,12.986706733703613
2014-06-11,14.116665840148926,13.284709930419922
2014-06-12,14.199999809265137,13.363133430480957
2014-06-13,14.566665649414062,13.708187103271484
2014-06-16,14.216666221618652,13.378816604614258
2014-06-17,14.266666412353516,13.425869941711426
2014-06-18,14.416666030883789,13.56702995300293
2014-06-19,14.516666412353516,13.661136627197266
2014-06-20,14.600000381469727,13.739559173583984
2014-06-23,14.366665840148926,13.519976615905762
2014-06-24,14.983332633972168,14.100298881530762
2014-06-25,14.899999618530273,14.021878242492676
2014-06-26,15.300000190734863,14.398305892944336
2014-06-27,15.399999618530273,14.492412567138672
2014-06-30,14.850000381469727,13.974824905395508
2014-07-02,15.25,14.371564865112305
2014-07-03,15.350000381469727,14.465805053710938
2014-07-04,15.333333015441895,14.450096130371094
2014-07-07,15.399999618530273,14.51292610168457
2014-07-08,15.633333206176758,14.732816696166992
2014-07-09,15.050000190734863,14.183084487915039
2014-07-10,15.516666412353516,14.622871398925781
2014-07-11,15.733332633972168,14.827056884765625
2014-07-14,16.333332061767578,15.392496109008789
2014-07-15,16.333332061767578,15.392496109008789
2014-07-16,16.28333282470703,15.345378875732422
2014-07-17,16.266666412353516,15.329668998718262
2014-07-18,16.316665649414062,15.376787185668945
2014-07-21,16.049999237060547,15.125484466552734
2014-07-22,16.649999618530273,15.690921783447266
2014-07-23,16.583332061767578,15.628093719482422
2014-07-24,16.41666603088379,15.471028327941895
2014-07-25,16.733333587646484,15.769454956054688
2014-07-28,16.583332061767578,15.628093719482422
2014-07-29,17.583332061767578,16.57049560546875
2014-07-30,17.5,16.49195671081543
2014-07-31,17.25,16.256362915039062
2014-08-01,16.75,15.785160064697266
2014-08-04,17.216665267944336,16.224945068359375
2014-08-05,17.133333206176758,16.14641571044922
2014-08-06,17.28333282470703,16.28777313232422
2014-08-07,16.966665267944336,15.989346504211426
2014-08-08,16.933332443237305,15.95793628692627
2014-08-11,17.066665649414062,16.083585739135742
2014-08-12,17.149999618530273,16.162120819091797
2014-08-13,17.399999618530273,16.39771842956543
2014-08-14,17.016666412353516,16.036466598510742
2014-08-15,17.316665649414062,16.31918716430664
2014-08-18,17.483333587646484,16.476253509521484
2014-08-19,17.149999618530273,16.162120819091797
2014-08-20,17.25,16.256362915039062
2014-08-21,17.066665649414062,16.083585739135742
2014-08-22,16.399999618530273,15.45531940460205
2014-08-25,16.766666412353516,15.800868034362793
2014-08-26,16.966665267944336,15.989346504211426
2014-08-27,17.966665267944336,16.931745529174805
2014-08-28,17.316665649414062,16.31918716430664
2014-08-29,18.350000381469727,17.292999267578125
2014-09-01,18.633333206176758,17.56001091003418
2014-09-02,18.66666603088379,17.59142303466797
2014-09-03,19.0,17.905555725097656
2014-09-04,18.983333587646484,17.88985252380371
2014-09-05,18.933332443237305,17.842729568481445
2014-09-08,19.0,17.905555725097656
2014-09-10,18.700000762939453,17.622840881347656
2014-09-11,18.549999237060547,17.481477737426758
2014-09-12,18.566665649414062,17.497180938720703
2014-09-15,17.799999237060547,16.774677276611328
2014-09-16,17.450000762939453,16.444841384887695
2014-09-17,17.950000762939453,16.916038513183594
2014-09-18,17.649999618530273,16.63332176208496
2014-09-19,17.700000762939453,16.680438995361328
2014-09-22,17.183332443237305,16.193532943725586
2014-09-23,17.149999618530273,16.162120819091797
2014-09-24,17.433332443237305,16.42913246154785
2014-09-25,17.399999618530273,16.39771842956543
2014-09-26,17.649999618530273,16.63332176208496
2014-09-29,16.883333206176758,15.910816192626953
2014-09-30,17.183332443237305,16.193532943725586
2014-10-03,16.866666793823242,15.89510726928711
2014-10-06,17.333332061767578,16.33489227294922
2014-10-07,17.483333587646484,16.476253509521484
2014-10-08,17.183332443237305,16.193532943725586
2014-10-09,17.233333587646484,16.24065589904785
2014-10-10,16.933332443237305,15.95793628692627
2014-10-13,16.633333206176758,15.67521858215332
2014-10-14,16.466665267944336,15.518148422241211
2014-10-15,16.716665267944336,15.753746032714844
2014-10-16,16.41666603088379,15.471028327941895
2014-10-17,16.233333587646484,15.298255920410156
2014-10-20,16.5,15.549564361572266
2014-10-21,16.41666603088379,15.471028327941895
2014-10-22,16.983333587646484,16.00506019592285
2014-10-23,17.066665649414062,16.083585739135742
2014-10-24,17.316665649414062,16.31918716430664
2014-10-27,16.549999237060547,15.596681594848633
2014-10-28,17.133333206176758,16.14641571044922
2014-10-29,17.983333587646484,16.94745445251465
2014-10-30,16.466665267944336,15.518148422241211
2014-10-31,16.399999618530273,15.45531940460205
2014-11-03,15.833333015441895,14.921296119689941
2014-11-04,15.949999809265137,15.031243324279785
2014-11-05,15.75,14.842763900756836
2014-11-06,16.0,15.078364372253418
2014-11-07,15.783332824707031,14.874176979064941
2014-11-10,16.116666793823242,15.188308715820312
2014-11-11,15.816665649414062,14.905590057373047
2014-11-12,16.0,15.078364372253418
2014-11-13,15.983332633972168,15.062657356262207
2014-11-14,15.899999618530273,14.984124183654785
2014-11-17,15.866665840148926,14.952709197998047
2014-11-18,15.033332824707031,14.167379379272461
2014-11-19,15.100000381469727,14.230207443237305
2014-11-20,15.116665840148926,14.245911598205566
2014-11-21,15.133333206176758,14.261617660522461
2014-11-24,15.850000381469727,14.937003135681152
2014-11-25,15.533332824707031,14.63857650756836
2014-11-26,15.833333015441895,14.921296119689941
2014-11-27,15.866665840148926,14.952709197998047
2014-11-28,15.683333396911621,14.779938697814941
2014-12-01,14.949999809265137,14.088845252990723
2014-12-02,15.083333015441895,14.214497566223145
2014-12-03,13.683333396911621,12.895143508911133
2014-12-04,13.933333396911621,13.130742073059082
2014-12-05,14.100000381469727,13.287810325622559
2014-12-08,13.800000190734863,13.005088806152344
2014-12-09,13.149999618530273,12.392528533935547
2014-12-10,12.866665840148926,12.125515937805176
2014-12-11,12.816665649414062,12.078397750854492
2014-12-12,12.983332633972168,12.23546314239502
2014-12-15,12.766666412353516,12.031275749206543
2014-12-16,12.183333396911621,11.481546401977539
2014-12-17,11.733332633972168,11.057467460632324
2014-12-18,8.350000381469727,7.869022846221924
2014-12-19,9.533332824707031,8.984190940856934
2014-12-22,9.283332824707031,8.748590469360352
2014-12-23,9.533332824707031,8.984190940856934
2014-12-24,9.866665840148926,9.298324584960938
2014-12-29,10.0,9.423978805541992
2014-12-30,10.25,9.659579277038574
2014-12-31,10.116665840148926,9.53392219543457
2015-01-02,10.583333015441895,9.973708152770996
2015-01-05,10.583333015441895,9.973708152770996
2015-01-06,10.633333206176758,10.020828247070312
2015-01-07,9.733332633972168,9.1726713180542
2015-01-08,9.850000381469727,9.282617568969727
2015-01-09,9.966666221618652,9.39256477355957
2015-01-12,9.883333206176758,9.314029693603516
2015-01-13,9.833333015441895,9.266910552978516
2015-01-14,9.583333015441895,9.03131103515625
2015-01-15,9.616665840148926,9.062724113464355
2015-01-16,9.333333015441895,8.795711517333984
2015-01-19,9.133333206176758,8.607234001159668
2015-01-20,9.366665840148926,8.82712459564209
2015-01-21,9.766666412353516,9.204086303710938
2015-01-22,9.616665840148926,9.062724113464355
2015-01-23,9.899999618530273,9.329737663269043
2015-01-26,9.75,9.188377380371094
2015-01-27,9.733332633972168,9.1726713180542
2015-01-28,9.766666412353516,9.204086303710938
2015-01-29,9.516666412353516,8.968485832214355
2015-01-30,9.449999809265137,8.905658721923828
2015-02-02,9.283332824707031,8.748590469360352
2015-02-03,9.433333396911621,8.889952659606934
2015-02-04,9.183333396911621,8.654352188110352
2015-02-05,9.199999809265137,8.670058250427246
2015-02-06,8.933333396911621,8.41875171661377
2015-02-09,8.883333206176758,8.37163257598877
2015-02-10,8.616665840148926,8.12032699584961
2015-02-11,8.383333206176758,7.9004340171813965
2015-02-12,8.983332633972168,8.465872764587402
2015-02-13,9.800000190734863,9.235498428344727
2015-02-16,10.850000381469727,10.225015640258789
2015-02-17,11.483332633972168,10.821866035461426
2015-02-18,11.199999809265137,10.554853439331055
2015-02-23,11.583333015441895,10.916104316711426
2015-02-24,11.633333206176758,10.963228225708008
2015-02-25,11.449999809265137,10.790453910827637
2015-02-26,11.566665649414062,10.900399208068848
2015-02-27,11.266666412353516,10.617680549621582
2015-03-02,11.766666412353516,11.088879585266113
2015-03-03,11.733332633972168,11.057467460632324
2015-03-04,11.733332633972168,11.057467460632324
2015-03-05,12.449999809265137,11.732850074768066
2015-03-06,12.416666030883789,11.701437950134277
2015-03-09,12.233332633972168,11.528665542602539
2015-03-10,11.883333206176758,11.198824882507324
2015-03-11,11.683333396911621,11.010346412658691
2015-03-12,11.733332633972168,11.057467460632324
2015-03-13,11.883333206176758,11.198824882507324
2015-03-16,11.899999618530273,11.214533805847168
2015-03-17,12.083333015441895,11.38730525970459
2015-03-18,12.550000190734863,11.827091217041016
2015-03-19,13.0,12.251171112060547
2015-03-20,12.866665840148926,12.125515937805176
2015-03-23,12.883333206176758,12.141222953796387
2015-03-24,12.550000190734863,11.827091217041016
2015-03-25,12.466666221618652,11.748558044433594
2015-03-26,12.399999618530273,11.6857328414917
2015-03-27,12.266666412353516,11.560077667236328
2015-03-30,13.199999809265137,12.43964958190918
2015-03-31,13.300000190734863,12.533890724182129
2015-04-01,14.616665840148926,13.774713516235352
2015-04-02,15.183333396911621,14.308738708496094
2015-04-08,15.833333015441895,14.921296119689941
2015-04-09,15.533332824707031,14.63857650756836
2015-04-10,15.916666030883789,14.99983024597168
2015-04-13,15.949999809265137,15.031243324279785
2015-04-14,15.533332824707031,14.63857650756836
2015-04-15,15.0,14.135966300964355
2015-04-16,15.550000190734863,14.654284477233887
2015-04-17,15.0,14.135966300964355
2015-04-20,14.399999618530273,13.570526123046875
2015-04-21,14.699999809265137,13.853245735168457
2015-04-22,15.116665840148926,14.245911598205566
2015-04-23,15.949999809265137,15.031243324279785
2015-04-24,15.949999809265137,15.031243324279785
2015-04-27,15.949999809265137,15.031243324279785
2015-04-28,16.28333282470703,15.345378875732422
2015-04-29,16.16666603088379,15.235430717468262
2015-04-30,15.716666221618652,14.811349868774414
2015-05-04,15.866665840148926,14.952709197998047
2015-05-05,15.816665649414062,14.905590057373047
2015-05-06,15.616665840148926,14.717109680175781
2015-05-07,15.166666030883789,14.2930326461792
2015-05-08,15.683333396911621,14.779938697814941
2015-05-11,16.350000381469727,15.408202171325684
2015-05-12,15.833333015441895,14.921296119689941
2015-05-13,15.733332633972168,14.827056884765625
2015-05-14,15.583333015441895,14.685697555541992
2015-05-15,16.066665649414062,15.141188621520996
2015-05-18,16.016666412353516,15.094069480895996
2015-05-19,16.333332061767578,15.392496109008789
2015-05-20,16.700000762939453,15.738045692443848
2015-05-21,18.149999618530273,17.10451889038086
2015-05-22,18.16666603088379,17.120223999023438
2015-05-26,18.16666603088379,17.120223999023438
2015-05-27,18.16666603088379,17.120223999023438
2015-05-28,18.16666603088379,17.120223999023438
2015-05-29,18.16666603088379,17.120223999023438
2015-06-01,18.16666603088379,17.120223999023438
2015-06-02,18.16666603088379,17.120223999023438
2015-06-03,18.16666603088379,17.120223999023438
2015-06-04,19.766666412353516,18.62805938720703
2015-06-05,17.566665649414062,16.554786682128906
2015-06-08,17.049999237060547,16.067880630493164
2015-06-09,16.41666603088379,15.471028327941895
2015-06-10,16.333332061767578,15.392496109008789
2015-06-11,16.833332061767578,15.863691329956055
2015-06-12,18.383333206176758,17.32440948486328
2015-06-15,18.28333282470703,17.230173110961914
2015-06-16,16.950000762939453,15.973641395568848
2015-06-17,17.100000381469727,16.115005493164062
2015-06-18,16.5,15.549564361572266
2015-06-19,15.933333396911621,15.015536308288574
2015-06-22,16.399999618530273,15.45531940460205
2015-06-23,16.799999237060547,15.832282066345215
2015-06-24,16.966665267944336,15.989346504211426
2015-06-25,16.5,15.549564361572266
2015-06-26,15.833333015441895,14.921296119689941
2015-06-29,14.699999809265137,13.853245735168457
2015-06-30,15.516666412353516,14.622871398925781
2015-07-02,14.533332824707031,13.696179389953613
2015-07-03,13.666666030883789,12.879434585571289
2015-07-06,12.899999618530273,12.156930923461914
2015-07-07,11.550000190734863,10.884695053100586
2015-07-08,10.133333206176758,9.549629211425781
2015-07-09,11.449999809265137,10.790453910827637
2015-07-10,12.716666221618652,11.984158515930176
2015-07-13,13.116665840148926,12.361116409301758
2015-07-14,12.683333396911621,11.952743530273438
2015-07-15,12.083333015441895,11.38730525970459
2015-07-16,12.25,11.544371604919434
2015-07-17,12.199999809265137,11.497252464294434
2015-07-20,12.183333396911621,11.481546401977539
2015-07-21,12.483332633972168,11.764264106750488
2015-07-22,12.133333206176758,11.434426307678223
2015-07-23,12.100000381469727,11.4030122756958
2015-07-24,11.783332824707031,11.104584693908691
2015-07-27,10.933333396911621,10.303548812866211
2015-07-28,11.25,10.60197639465332
2015-07-29,11.633333206176758,10.963228225708008
2015-07-30,11.416666030883789,10.759039878845215
2015-07-31,11.433333396911621,10.774747848510742
2015-08-03,11.333333015441895,10.680506706237793
2015-08-04,11.416666030883789,10.759039878845215
2015-08-05,12.266666412353516,11.560077667236328
2015-08-06,12.933333396911621,12.18834400177002
2015-08-07,12.616665840148926,11.889918327331543
2015-08-10,12.449999809265137,11.732850074768066
2015-08-11,12.100000381469727,11.4030122756958
2015-08-12,11.833333015441895,11.15170669555664
2015-08-13,12.0,11.308773040771484
2015-08-14,11.883333206176758,11.198824882507324
2015-08-17,11.850000381469727,11.167413711547852
2015-08-18,11.25,10.60197639465332
2015-08-19,11.183333396911621,10.53914737701416
2015-08-20,10.583333015441895,9.973708152770996
2015-08-21,10.300000190734863,9.706696510314941
2015-08-24,9.600000381469727,9.047019958496094
2015-08-25,9.600000381469727,9.047019958496094
2015-08-26,9.800000190734863,9.235498428344727
2015-08-27,10.75,10.130775451660156
2015-08-28,10.850000381469727,10.225015640258789
2015-08-31,10.550000190734863,9.942296028137207
2015-09-01,10.283332824707031,9.69098949432373
2015-09-02,10.166666030883789,9.58104419708252
2015-09-04,10.183333396911621,9.59675121307373
2015-09-07,10.25,9.659579277038574
2015-09-08,10.966666221618652,10.334959983825684
2015-09-09,11.449999809265137,10.790453910827637
2015-09-10,11.433333396911621,10.774747848510742
2015-09-11,11.266666412353516,10.617680549621582
2015-09-14,11.166666030883789,10.523441314697266
2015-09-15,11.199999809265137,10.554853439331055
2015-09-16,11.866665840148926,11.183117866516113
2015-09-17,11.883333206176758,11.198824882507324
2015-09-18,12.433333396911621,11.717144966125488
2015-09-21,12.283332824707031,11.575783729553223
2015-09-22,12.350000381469727,11.638612747192383
2015-09-23,12.449999809265137,11.732850074768066
2015-09-24,12.466666221618652,11.748558044433594
2015-09-25,13.016666412353516,12.266876220703125
2015-09-29,12.75,12.015570640563965
2015-09-30,13.616665840148926,12.832314491271973
2015-10-02,14.25,13.429167747497559
2015-10-05,14.183333396911621,13.366341590881348
2015-10-06,14.899999618530273,14.041725158691406
2015-10-07,15.433333396911621,14.544336318969727
2015-10-08,15.100000381469727,14.230207443237305
2015-10-09,14.666666030883789,13.821833610534668
2015-10-12,15.399999618530273,14.51292610168457
2015-10-13,15.5,14.60716438293457
2015-10-14,15.716666221618652,14.811349868774414
2015-10-15,15.699999809265137,14.795644760131836
2015-10-16,15.949999809265137,15.031243324279785
2015-10-19,16.366666793823242,15.423910140991211
2015-10-20,16.016666412353516,15.094069480895996
2015-10-22,15.833333015441895,14.921296119689941
2015-10-23,15.75,14.842763900756836
2015-10-26,16.149999618530273,15.219722747802734
2015-10-27,16.183332443237305,15.25113296508789
2015-10-28,16.200000762939453,15.26684284210205
2015-10-29,16.100000381469727,15.17260456085205
2015-10-30,16.133333206176758,15.204018592834473
2015-11-02,15.899999618530273,14.984124183654785
2015-11-03,15.966666221618652,15.046951293945312
2015-11-04,16.583332061767578,15.628093719482422
2015-11-05,16.366666793823242,15.423910140991211
2015-11-06,16.299999237060547,15.361083984375
2015-11-09,16.466665267944336,15.518148422241211
2015-11-10,15.100000381469727,14.230207443237305
2015-11-11,15.616665840148926,14.717109680175781
2015-11-12,15.399999618530273,14.51292610168457
2015-11-13,15.699999809265137,14.795644760131836
2015-11-16,15.166666030883789,14.2930326461792
2015-11-17,15.233332633972168,14.35585880279541
2015-11-18,15.216666221618652,14.340152740478516
2015-11-19,15.5,14.60716438293457
2015-11-20,15.699999809265137,14.795644760131836
2015-11-23,15.233332633972168,14.35585880279541
2015-11-24,14.833333015441895,13.978899955749512
2015-11-25,14.766666412353516,13.916072845458984
2015-11-26,13.850000381469727,13.05220890045166
2015-11-27,13.783332824707031,12.98938274383545
2015-11-30,13.966666221618652,13.162152290344238
2015-12-01,14.016666412353516,13.209275245666504
2015-12-02,14.199999809265137,13.382048606872559
2015-12-03,13.933333396911621,13.130742073059082
2015-12-04,13.766666412353516,12.973673820495605
2015-12-07,13.783332824707031,12.98938274383545
2015-12-08,13.583333015441895,12.800901412963867
2015-12-09,14.300000190734863,13.476288795471191
2015-12-10,13.716666221618652,12.926554679870605
2015-12-11,13.283332824707031,12.518181800842285
2015-12-14,13.533332824707031,12.75378131866455
2015-12-15,13.333333015441895,12.565301895141602
2015-12-16,13.416666030883789,12.64383602142334
2015-12-17,13.866665840148926,13.067914009094238
2015-12-18,13.850000381469727,13.05220890045166
2015-12-21,14.016666412353516,13.209275245666504
2015-12-22,13.800000190734863,13.005088806152344
2015-12-23,13.883333206176758,13.083621978759766
2015-12-24,14.416666030883789,13.586233139038086
2015-12-28,14.133333206176758,13.319220542907715
2015-12-29,14.199999809265137,13.382048606872559
2015-12-30,14.550000190734863,13.711886405944824
2015-12-31,14.216666221618652,13.397753715515137
2016-01-04,13.75,12.957967758178711
2016-01-05,13.600000381469727,12.816610336303711
2016-01-06,13.733332633972168,12.942262649536133
2016-01-07,12.383333206176758,11.670024871826172
2016-01-08,12.583333015441895,11.858504295349121
2016-01-11,11.983332633972168,11.293066024780273
2016-01-12,12.149999618530273,11.450133323669434
2016-01-13,12.266666412353516,11.560077667236328
2016-01-14,12.533332824707031,11.811386108398438
2016-01-15,11.966666221618652,11.277358055114746
2016-01-18,12.016666412353516,11.324479103088379
2016-01-19,12.833333015441895,12.094104766845703
2016-01-20,12.083333015441895,11.38730525970459
2016-01-21,11.366665840148926,10.711918830871582
2016-01-22,11.866665840148926,11.183117866516113
2016-01-25,12.100000381469727,11.4030122756958
2016-01-26,11.866665840148926,11.183117866516113
2016-01-27,11.633333206176758,10.963228225708008
2016-01-28,11.699999809265137,11.026052474975586
2016-01-29,11.733332633972168,11.057467460632324
2016-02-01,11.899999618530273,11.214533805847168
2016-02-02,12.016666412353516,11.324479103088379
2016-02-03,11.800000190734863,11.120293617248535
2016-02-04,11.983332633972168,11.293066024780273
2016-02-05,12.066665649414062,11.371596336364746
2016-02-11,11.399999618530273,10.743332862854004
2016-02-12,10.783332824707031,10.162187576293945
2016-02-15,11.466666221618652,10.806160926818848
2016-02-16,12.116665840148926,11.418719291687012
2016-02-17,12.25,11.544371604919434
2016-02-18,12.600000381469727,11.874211311340332
2016-02-19,12.433333396911621,11.717144966125488
2016-02-22,12.783332824707031,12.046984672546387
2016-02-23,12.683333396911621,11.952743530273438
2016-02-24,12.516666412353516,11.795677185058594
2016-02-25,12.300000190734863,11.591493606567383
2016-02-26,12.666666030883789,11.93703556060791
2016-02-29,12.866665840148926,12.125515937805176
2016-03-01,13.033332824707031,12.282584190368652
2016-03-02,13.399999618530273,12.628129005432129
2016-03-03,13.649999618530273,12.863728523254395
2016-03-04,14.183333396911621,13.366341590881348
2016-03-07,13.966666221618652,13.162152290344238
2016-03-08,13.816665649414062,13.020794868469238
2016-03-09,13.5,12.722370147705078
2016-03-10,13.466666221618652,12.690956115722656
2016-03-11,13.866665840148926,13.067914009094238
2016-03-14,14.050000190734863,13.240687370300293
2016-03-15,13.983332633972168,13.17785930633545
2016-03-16,13.616665840148926,12.832314491271973
2016-03-17,14.283332824707031,13.460580825805664
2016-03-18,14.550000190734863,13.711886405944824
2016-03-21,14.266666412353516,13.444873809814453
2016-03-22,14.116665840148926,13.303513526916504
2016-03-23,14.350000381469727,13.523406028747559
2016-03-24,14.183333396911621,13.366341590881348
2016-03-29,14.883333206176758,14.026019096374512
2016-03-30,14.783332824707031,13.931780815124512
2016-03-31,14.833333015441895,13.978899955749512
2016-04-01,14.416666030883789,13.586233139038086
2016-04-05,13.683333396911621,12.895143508911133
2016-04-06,13.783332824707031,12.98938274383545
2016-04-07,13.683333396911621,12.895143508911133
2016-04-08,13.783332824707031,12.98938274383545
2016-04-11,13.600000381469727,12.816610336303711
2016-04-12,14.0,13.193570137023926
2016-04-13,14.649999618530273,13.806126594543457
2016-04-14,14.399999618530273,13.570526123046875
2016-04-15,14.483332633972168,13.649060249328613
2016-04-18,14.583333015441895,13.743301391601562
2016-04-19,14.933333396911621,14.073139190673828
2016-04-20,14.583333015441895,13.743301391601562
2016-04-21,14.75,13.90036678314209
2016-04-22,14.716666221618652,13.868952751159668
2016-04-25,14.483332633972168,13.649060249328613
2016-04-26,14.833333015441895,13.978899955749512
2016-04-27,14.933333396911621,14.073139190673828
2016-04-28,14.966666221618652,14.10455322265625
2016-04-29,15.233332633972168,14.35585880279541
2016-05-03,15.016666412353516,14.151673316955566
2016-05-04,14.766666412353516,13.916072845458984
2016-05-05,14.633333206176758,13.79041862487793
2016-05-06,14.183333396911621,13.366341590881348
2016-05-09,13.949999809265137,13.146448135375977
2016-05-10,14.0,13.193570137023926
2016-05-11,13.983332633972168,13.17785930633545
2016-05-12,14.083333015441895,13.272102355957031
2016-05-13,13.866665840148926,13.067914009094238
2016-05-16,14.133333206176758,13.319220542907715
2016-05-17,14.266666412353516,13.444873809814453
2016-05-18,14.050000190734863,13.240687370300293
2016-05-19,14.166666030883789,13.35063362121582
2016-05-20,14.016666412353516,13.209275245666504
2016-05-23,13.983332633972168,13.17785930633545
2016-05-24,14.316665649414062,13.491991996765137
2016-05-25,14.550000190734863,13.711886405944824
2016-05-26,14.766666412353516,13.916072845458984
2016-05-27,14.883333206176758,14.026019096374512
2016-05-30,14.850000381469727,13.99460506439209
2016-05-31,14.983332633972168,14.120257377624512
2016-06-01,14.75,13.90036678314209
2016-06-02,14.966666221618652,14.10455322265625
2016-06-03,15.216666221618652,14.340152740478516
2016-06-06,15.550000190734863,14.654284477233887
2016-06-07,15.649999618530273,14.74852466583252
2016-06-08,15.350000381469727,14.465805053710938
2016-06-10,15.316665649414062,14.434392929077148
2016-06-13,14.850000381469727,13.99460506439209
2016-06-14,14.366665840148926,13.539113998413086
2016-06-15,14.683333396911621,13.837541580200195
2016-06-16,14.316665649414062,13.491991996765137
2016-06-17,14.633333206176758,13.79041862487793
2016-06-20,15.0,14.135966300964355
2016-06-21,15.333333015441895,14.450096130371094
2016-06-22,15.449999809265137,14.560043334960938
2016-06-23,15.333333015441895,14.450096130371094
2016-06-24,14.933333396911621,14.073139190673828
2016-06-27,14.966666221618652,14.10455322265625
2016-06-28,15.300000190734863,14.418684959411621
2016-06-29,15.300000190734863,14.418684959411621
2016-06-30,15.483332633972168,14.591458320617676
2016-07-04,15.516666412353516,14.622871398925781
2016-07-05,15.233332633972168,14.35585880279541
2016-07-06,15.016666412353516,14.151673316955566
2016-07-07,15.466666221618652,14.575753211975098
2016-07-08,15.699999809265137,14.795644760131836
2016-07-11,15.866665840148926,14.952709197998047
2016-07-12,15.899999618530273,14.984124183654785
2016-07-13,16.200000762939453,15.26684284210205
2016-07-14,16.233333587646484,15.298255920410156
2016-07-15,17.083332061767578,16.099292755126953
2016-07-18,17.549999237060547,16.539079666137695
2016-07-19,17.516666412353516,16.50766372680664
2016-07-20,17.466665267944336,16.46054458618164
2016-07-21,17.399999618530273,16.39771842956543
2016-07-22,17.116666793823242,16.130704879760742
2016-07-25,17.083332061767578,16.099292755126953
2016-07-26,17.200000762939453,16.209239959716797
2016-07-27,16.66666603088379,15.706625938415527
2016-07-28,16.683332443237305,15.722332954406738
2016-07-29,16.399999618530273,15.45531940460205
2016-08-01,16.633333206176758,15.67521858215332
2016-08-02,16.633333206176758,15.67521858215332
2016-08-03,16.083332061767578,15.156895637512207
2016-08-04,16.28333282470703,15.345378875732422
2016-08-05,16.399999618530273,15.45531940460205
2016-08-08,16.733333587646484,15.769454956054688
2016-08-09,16.633333206176758,15.67521858215332
2016-08-10,16.600000381469727,15.643800735473633
2016-08-11,17.066665649414062,16.083585739135742
2016-08-12,17.383333206176758,16.382017135620117
2016-08-15,17.316665649414062,16.31918716430664
2016-08-16,17.200000762939453,16.209239959716797
2016-08-17,17.216665267944336,16.224945068359375
2016-08-18,17.200000762939453,16.209239959716797
2016-08-19,17.066665649414062,16.083585739135742
2016-08-22,16.91666603088379,15.942227363586426
2016-08-23,16.850000381469727,15.879404067993164
2016-08-24,17.216665267944336,16.224945068359375
2016-08-25,16.883333206176758,15.910816192626953
2016-08-26,17.0,16.020761489868164
2016-08-29,17.41666603088379,16.413427352905273
2016-08-30,17.91666603088379,16.88462257385254
2016-08-31,18.0,16.963159561157227
2016-09-01,17.899999618530273,16.868921279907227
2016-09-02,17.899999618530273,16.868921279907227
2016-09-05,18.0,16.963159561157227
2016-09-06,18.716665267944336,17.63854217529297
2016-09-07,18.833332061767578,17.748491287231445
2016-09-08,18.799999237060547,17.717073440551758
2016-09-09,18.649999618530273,17.575719833374023
2016-09-12,17.833332061767578,16.80609130859375
2016-09-13,17.799999237060547,16.774677276611328
2016-09-14,17.566665649414062,16.554786682128906
2016-09-15,17.700000762939453,16.680438995361328
2016-09-19,17.766666412353516,16.74326515197754
2016-09-20,17.733333587646484,16.711856842041016
2016-09-21,17.850000381469727,16.821802139282227
2016-09-22,18.0,16.963159561157227
2016-09-23,17.866666793823242,16.83750343322754
2016-09-26,17.383333206176758,16.382017135620117
2016-09-27,17.466665267944336,16.46054458618164
2016-09-28,17.53333282470703,16.523374557495117
2016-09-29,17.483333587646484,16.476253509521484
2016-09-30,16.966665267944336,15.989346504211426
2016-10-03,17.016666412353516,16.036466598510742
2016-10-04,17.266666412353516,16.27206802368164
2016-10-05,17.149999618530273,16.162120819091797
2016-10-06,17.16666603088379,16.177825927734375
2016-10-07,17.133333206176758,16.14641571044922
2016-10-11,17.116666793823242,16.130704879760742
2016-10-12,16.91666603088379,15.942227363586426
2016-10-13,16.78333282470703,15.816573143005371
2016-10-14,16.78333282470703,15.816573143005371
2016-10-17,16.633333206176758,15.67521858215332
2016-10-18,17.316665649414062,16.31918716430664
2016-10-19,17.100000381469727,16.115005493164062
2016-10-20,17.133333206176758,16.14641571044922
2016-10-21,17.133333206176758,16.14641571044922
2016-10-24,17.649999618530273,16.63332176208496
2016-10-25,17.799999237060547,16.774677276611328
2016-10-26,17.566665649414062,16.554786682128906
2016-10-27,17.299999237060547,16.303482055664062
2016-10-28,17.133333206176758,16.14641571044922
2016-10-31,17.0,16.020761489868164
2016-11-01,17.149999618530273,16.162120819091797
2016-11-02,16.899999618530273,15.926523208618164
2016-11-03,16.583332061767578,15.758707046508789
2016-11-04,16.149999618530273,15.346921920776367
2016-11-07,16.433332443237305,15.616168022155762
2016-11-08,16.53333282470703,15.711196899414062
2016-11-09,16.200000762939453,15.39443588256836
2016-11-10,16.333332061767578,15.521140098571777
2016-11-11,15.699999809265137,14.91930103302002
2016-11-14,15.25,14.491676330566406
2016-11-15,15.300000190734863,14.539191246032715
2016-11-16,15.300000190734863,14.539191246032715
2016-11-17,15.033332824707031,14.285784721374512
2016-11-18,15.266666412353516,14.507513999938965
2016-11-21,15.233332633972168,14.475839614868164
2016-11-22,15.300000190734863,14.539191246032715
2016-11-23,15.066665649414062,14.317459106445312
2016-11-24,15.333333015441895,14.570863723754883
2016-11-25,15.25,14.491676330566406
2016-11-28,15.766666412353516,14.982651710510254
2016-11-29,15.616665840148926,14.840109825134277
2016-11-30,15.566665649414062,14.792596817016602
2016-12-01,15.333333015441895,14.570863723754883
2016-12-02,15.116665840148926,14.364973068237305
2016-12-05,14.600000381469727,13.87399959564209
2016-12-06,14.866665840148926,14.12740421295166
2016-12-07,14.766666412353516,14.032378196716309
2016-12-08,14.816665649414062,14.079891204833984
2016-12-09,14.5,13.778969764709473
2016-12-12,13.966666221618652,13.272156715393066
2016-12-13,14.283332824707031,13.573079109191895
2016-12-14,14.166666030883789,13.462212562561035
2016-12-15,14.066665649414062,13.36718463897705
2016-12-16,14.216666221618652,13.509726524353027
2016-12-19,14.116665840148926,13.41469955444336
2016-12-20,13.933333396911621,13.240483283996582
2016-12-21,13.833333015441895,13.145456314086914
2016-12-22,13.600000381469727,12.923726081848145
2016-12-23,13.433333396911621,12.76534652709961
2016-12-28,13.483332633972168,12.812860488891602
2016-12-29,13.733332633972168,13.050429344177246
2016-12-30,13.616665840148926,12.93956184387207
2017-01-03,13.800000190734863,13.113779067993164
2017-01-04,14.0,13.303834915161133
2017-01-05,14.199999809265137,13.493890762329102
2017-01-06,14.199999809265137,13.493890762329102
2017-01-09,14.100000381469727,13.398863792419434
2017-01-10,14.166666030883789,13.462212562561035
2017-01-11,14.466666221618652,13.747296333312988
2017-01-12,14.483332633972168,13.763134002685547
2017-01-13,14.666666030883789,13.937350273132324
2017-01-16,14.116665840148926,13.41469955444336
2017-01-17,14.100000381469727,13.398863792419434
2017-01-18,14.199999809265137,13.493890762329102
2017-01-19,14.383333206176758,13.668106079101562
2017-01-20,14.383333206176758,13.668106079101562
2017-01-23,14.166666030883789,13.462212562561035
2017-01-24,14.066665649414062,13.36718463897705
2017-01-25,14.300000190734863,13.58891773223877
2017-01-26,14.483332633972168,13.763134002685547
2017-01-27,14.399999618530273,13.683943748474121
2017-02-01,14.316665649414062,13.604753494262695
2017-02-02,14.233332633972168,13.525565147399902
2017-02-03,14.283332824707031,13.573079109191895
2017-02-06,14.550000190734863,13.826485633850098
2017-02-07,14.616665840148926,13.889837265014648
2017-02-08,15.399999618530273,14.6342191696167
2017-02-09,15.216666221618652,14.460001945495605
2017-02-10,15.166666030883789,14.412487030029297
2017-02-13,15.133333206176758,14.38081169128418
2017-02-14,14.916666030883789,14.174918174743652
2017-02-15,14.75,14.016539573669434
2017-02-16,14.683333396911621,13.953189849853516
2017-02-17,14.600000381469727,13.87399959564209
2017-02-20,14.966666221618652,14.222433090209961
2017-02-21,15.266666412353516,14.507513999938965
2017-02-22,15.149999618530273,14.396648406982422
2017-02-23,15.166666030883789,14.412487030029297
2017-02-24,15.033332824707031,14.285784721374512
2017-02-27,15.433333396911621,14.665892601013184
2017-02-28,15.216666221618652,14.460001945495605
2017-03-01,15.266666412353516,14.507513999938965
2017-03-02,15.166666030883789,14.412487030029297
2017-03-03,14.966666221618652,14.222433090209961
2017-03-06,14.833333015441895,14.095728874206543
2017-03-07,14.800000190734863,14.064054489135742
2017-03-08,15.133333206176758,14.38081169128418
2017-03-09,14.916666030883789,14.174918174743652
2017-03-10,15.100000381469727,14.349137306213379
2017-03-13,15.0,14.254109382629395
2017-03-14,15.116665840148926,14.364973068237305
2017-03-15,14.883333206176758,14.143242835998535
2017-03-16,15.0,14.254109382629395
2017-03-17,14.800000190734863,14.064054489135742
2017-03-20,14.766666412353516,14.032378196716309
2017-03-21,14.800000190734863,14.064054489135742
2017-03-22,14.733332633972168,14.000700950622559
2017-03-23,14.733332633972168,14.000700950622559
2017-03-24,14.883333206176758,14.143242835998535
2017-03-27,14.75,14.016539573669434
2017-03-28,14.816665649414062,14.079891204833984
2017-03-29,14.333333015441895,13.62059211730957
2017-03-30,14.266666412353516,13.55724048614502
2017-03-31,14.366665840148926,13.652268409729004
2017-04-03,14.550000190734863,13.826485633850098
2017-04-05,15.083333015441895,14.333296775817871
2017-04-06,15.166666030883789,14.412487030029297
2017-04-07,15.149999618530273,14.396648406982422
2017-04-10,15.033332824707031,14.285784721374512
2017-04-11,15.25,14.491676330566406
2017-04-12,15.433333396911621,14.665892601013184
2017-04-13,15.416666030883789,14.650055885314941
2017-04-18,15.166666030883789,14.412487030029297
2017-04-19,15.166666030883789,14.412487030029297
2017-04-20,15.283332824707031,14.52335262298584
2017-04-21,15.199999809265137,14.44416332244873
2017-04-24,15.266666412353516,14.507513999938965
2017-04-25,15.333333015441895,14.570863723754883
2017-04-26,15.316665649414062,14.555028915405273
2017-04-27,15.300000190734863,14.539191246032715
2017-04-28,15.283332824707031,14.52335262298584
2017-05-02,15.016666412353516,14.269947052001953
2017-05-04,14.666666030883789,13.937350273132324
2017-05-05,14.516666412353516,13.794809341430664
2017-05-08,14.666666030883789,13.937350273132324
2017-05-09,14.733332633972168,14.000700950622559
2017-05-10,14.633333206176758,13.905673027038574
2017-05-11,14.600000381469727,13.87399959564209
2017-05-12,14.516666412353516,13.794809341430664
2017-05-15,14.516666412353516,13.794809341430664
2017-05-16,14.600000381469727,13.87399959564209
2017-05-17,14.716666221618652,13.984864234924316
2017-05-18,14.633333206176758,13.905673027038574
2017-05-19,14.683333396911621,13.953189849853516
2017-05-22,14.75,14.016539573669434
2017-05-23,14.699999809265137,13.969026565551758
2017-05-24,14.616665840148926,13.889837265014648
2017-05-25,14.75,14.016539573669434
2017-05-26,14.899999618530273,14.159080505371094
2017-05-29,15.083333015441895,14.333296775817871
2017-05-31,15.516666412353516,14.745083808898926
2017-06-01,15.399999618530273,14.6342191696167
2017-06-02,15.316665649414062,14.555028915405273
2017-06-05,15.649999618530273,14.871786117553711
2017-06-06,15.666666030883789,14.88762378692627
2017-06-07,15.616665840148926,14.840109825134277
2017-06-08,15.616665840148926,14.904723167419434
2017-06-09,15.616665840148926,14.904723167419434
2017-06-12,15.166666030883789,14.475238800048828
2017-06-13,16.149999618530273,15.413743019104004
2017-06-14,16.649999618530273,15.890949249267578
2017-06-15,16.316665649414062,15.572810173034668
2017-06-16,16.483333587646484,15.731880187988281
2017-06-19,16.450000762939453,15.700072288513184
2017-06-20,16.399999618530273,15.65234375
2017-06-21,16.333332061767578,15.58871841430664
2017-06-22,16.100000381469727,15.3660249710083
2017-06-23,16.116666793823242,15.381929397583008
2017-06-26,16.633333206176758,15.875044822692871
2017-06-27,16.633333206176758,15.875044822692871
2017-06-28,16.183332443237305,15.44555377960205
2017-06-29,16.466665267944336,15.715972900390625
2017-06-30,15.966666221618652,15.238768577575684
2017-07-03,16.299999237060547,15.556906700134277
2017-07-04,16.183332443237305,15.44555377960205
2017-07-05,16.149999618530273,15.413743019104004
2017-07-06,16.366666793823242,15.620532989501953
2017-07-07,16.149999618530273,15.413743019104004
2017-07-10,16.016666412353516,15.28648853302002
2017-07-11,16.116666793823242,15.381929397583008
2017-07-12,16.083332061767578,15.350115776062012
2017-07-13,16.333332061767578,15.58871841430664
2017-07-14,16.433332443237305,15.684161186218262
2017-07-17,16.41666603088379,15.668252944946289
2017-07-18,16.399999618530273,15.65234375
2017-07-19,16.649999618530273,15.890949249267578
2017-07-20,16.816665649414062,16.050018310546875
2017-07-21,17.03333282470703,16.256805419921875
2017-07-24,16.683332443237305,15.922760009765625
2017-07-25,16.53333282470703,15.779603004455566
2017-07-26,16.266666412353516,15.525091171264648
2017-07-27,16.299999237060547,15.556906700134277
2017-07-28,16.233333587646484,15.493277549743652
2017-07-31,16.233333587646484,15.493277549743652
2017-08-01,16.100000381469727,15.3660249710083
2017-08-02,16.200000762939453,15.46146297454834
2017-08-03,16.0,15.27058219909668
2017-08-04,16.083332061767578,15.350115776062012
2017-08-07,16.149999618530273,15.413743019104004
2017-08-08,16.483333587646484,15.731880187988281
2017-08-09,16.450000762939453,15.700072288513184
2017-08-10,16.433332443237305,15.684161186218262
2017-08-11,16.233333587646484,15.493277549743652
2017-08-14,16.25,15.509186744689941
2017-08-15,16.16666603088379,15.429652214050293
2017-08-16,16.233333587646484,15.493277549743652
2017-08-17,16.16666603088379,15.429652214050293
2017-08-18,16.03333282470703,15.30239486694336
2017-08-21,16.016666412353516,15.28648853302002
2017-08-22,16.066665649414062,15.334208488464355
2017-08-23,16.066665649414062,15.334208488464355
2017-08-24,16.03333282470703,15.30239486694336
2017-08-25,16.0,15.27058219909668
2017-08-28,16.266666412353516,15.525091171264648
2017-08-29,15.75,15.031978607177734
2017-08-30,15.633333206176758,14.920629501342773
2017-08-31,15.533332824707031,14.825188636779785
2017-09-01,15.600000381469727,14.888818740844727
2017-09-04,15.733332633972168,15.016072273254395
2017-09-05,15.600000381469727,14.888818740844727
2017-09-06,15.683333396911621,14.968352317810059
2017-09-07,15.733332633972168,15.016072273254395
2017-09-08,15.75,15.031978607177734
2017-09-11,16.466665267944336,15.715972900390625
2017-09-12,18.200000762939453,17.37028694152832
2017-09-13,19.399999618530273,18.515579223632812
2017-09-14,18.633333206176758,17.783864974975586
2017-09-15,18.816665649414062,17.95884132385254
2017-09-18,20.583332061767578,19.64496612548828
2017-09-19,20.383333206176758,19.454086303710938
2017-09-20,22.966665267944336,21.919645309448242
2017-09-21,23.883333206176758,22.794525146484375
2017-09-22,23.53333282470703,22.460479736328125
2017-09-25,22.066665649414062,21.060678482055664
2017-09-26,24.633333206176758,23.510332107543945
2017-09-27,25.266666412353516,24.11479377746582
2017-09-28,25.03333282470703,23.89209747314453
2017-09-29,24.149999618530273,23.049034118652344
2017-10-03,24.41666603088379,23.303543090820312
2017-10-04,26.299999237060547,25.101016998291016
2017-10-06,26.816665649414062,25.59412956237793
2017-10-09,26.78333282470703,25.56231689453125
2017-10-10,26.53333282470703,25.323715209960938
2017-10-11,25.5,24.337491989135742
2017-10-12,26.066665649414062,24.87832260131836
2017-10-13,26.16666603088379,24.97376251220703
2017-10-16,25.91666603088379,24.73516273498535
2017-10-17,25.899999618530273,24.719253540039062
2017-10-18,25.983333587646484,24.798791885375977
2017-10-19,24.53333282470703,23.41489028930664
2017-10-20,25.266666412353516,24.11479377746582
2017-10-23,24.333332061767578,23.224008560180664
2017-10-24,23.450000762939453,22.38094711303711
2017-10-25,23.766666412353516,22.68317413330078
2017-10-26,23.600000381469727,22.52410888671875
2017-10-27,23.066665649414062,22.01508903503418
2017-10-30,22.53333282470703,21.50606918334961
2017-10-31,22.78333282470703,21.744672775268555
2017-11-01,22.983333587646484,21.935558319091797
2017-11-02,22.75,21.712860107421875
2017-11-03,22.66666603088379,21.633323669433594
2017-11-06,23.100000381469727,22.046903610229492
2017-11-07,23.133333206176758,22.07871437072754
2017-11-08,23.766666412353516,22.68317413330078
2017-11-09,24.433332443237305,23.3194522857666
2017-11-10,23.950000762939453,22.858156204223633
2017-11-13,24.066665649414062,22.969501495361328
2017-11-14,23.766666412353516,22.68317413330078
2017-11-15,22.700000762939453,21.66514015197754
2017-11-16,22.833332061767578,21.792390823364258
2017-11-17,22.899999618530273,21.856021881103516
2017-11-20,24.716665267944336,23.58987045288086
2017-11-21,25.383333206176758,24.22614097595215
2017-11-22,25.25,24.098886489868164
2017-11-23,24.28333282470703,23.176286697387695
2017-11-24,24.700000762939453,23.57396125793457
2017-11-27,23.866666793823242,22.778615951538086
2017-11-28,24.183332443237305,23.080846786499023
2017-11-29,23.616666793823242,22.540016174316406
2017-11-30,23.083332061767578,22.030994415283203
2017-12-01,22.983333587646484,21.935558319091797
2017-12-04,23.083332061767578,22.030994415283203
2017-12-05,22.950000762939453,21.903743743896484
2017-12-06,21.350000381469727,20.376684188842773
2017-12-07,21.083332061767578,20.12217140197754
2017-12-08,21.566665649414062,20.58346939086914
2017-12-11,22.216665267944336,21.203842163085938
2017-12-12,21.950000762939453,20.949331283569336
2017-12-13,22.049999237060547,21.044769287109375
2017-12-14,22.266666412353516,21.25156021118164
2017-12-15,21.616666793823242,20.631193161010742
2017-12-18,21.483333587646484,20.503938674926758
2017-12-19,21.799999237060547,20.806167602539062
2017-12-20,21.383333206176758,20.40849494934082
2017-12-21,21.350000381469727,20.376684188842773
2017-12-22,21.516666412353516,20.535749435424805
2017-12-27,22.766666412353516,21.7287654876709
2017-12-28,22.700000762939453,21.66514015197754
2017-12-29,22.700000762939453,21.66514015197754
2018-01-02,23.216665267944336,22.158246994018555
2018-01-03,23.733333587646484,22.651363372802734
2018-01-04,23.53333282470703,22.460479736328125
2018-01-05,23.299999237060547,22.23778533935547
2018-01-08,23.366666793823242,22.30141258239746
2018-01-09,23.41666603088379,22.349132537841797
2018-01-10,22.950000762939453,21.903743743896484
2018-01-11,22.933332443237305,21.887834548950195
2018-01-12,23.649999618530273,22.571826934814453
2018-01-15,23.083332061767578,22.030994415283203
2018-01-16,23.16666603088379,22.110525131225586
2018-01-17,23.716665267944336,22.635456085205078
2018-01-18,23.200000762939453,22.142343521118164
2018-01-19,23.41666603088379,22.349132537841797
2018-01-22,25.333332061767578,24.178417205810547
2018-01-23,25.700000762939453,24.528371810913086
2018-01-24,25.133333206176758,23.987539291381836
2018-01-25,24.716665267944336,23.58987045288086
2018-01-26,24.899999618530273,23.764841079711914
2018-01-29,24.5,23.383075714111328
2018-01-30,24.483333587646484,23.367172241210938
2018-01-31,24.549999237060547,23.43079948425293
2018-02-01,24.149999618530273,23.049034118652344
2018-02-02,24.216665267944336,23.11265754699707
2018-02-05,23.766666412353516,22.68317413330078
2018-02-06,22.383333206176758,21.3629093170166
2018-02-07,22.566665649414062,21.537883758544922
2018-02-08,22.899999618530273,21.856021881103516
2018-02-09,22.216665267944336,21.203842163085938
2018-02-12,22.91666603088379,21.871931076049805
2018-02-13,22.950000762939453,21.903743743896484
2018-02-14,23.766666412353516,22.68317413330078
2018-02-15,24.03333282470703,22.93768882751465
2018-02-20,24.183332443237305,23.080846786499023
2018-02-21,24.633333206176758,23.510332107543945
2018-02-22,24.333332061767578,23.224008560180664
2018-02-23,24.399999618530273,23.28763771057129
2018-02-26,24.91666603088379,23.78074836730957
2018-02-27,24.383333206176758,23.2717342376709
2018-02-28,24.149999618530273,23.049034118652344
2018-03-01,24.0,22.905874252319336
2018-03-02,23.633333206176758,22.555925369262695
2018-03-05,23.799999237060547,22.714990615844727
2018-03-06,25.16666603088379,24.019351959228516
2018-03-07,24.649999618530273,23.526241302490234
2018-03-08,24.816665649414062,23.6853084564209
2018-03-09,24.75,23.62168312072754
2018-03-12,25.399999618530273,24.242046356201172
2018-03-13,25.516666412353516,24.3533992767334
2018-03-14,25.316665649414062,24.162513732910156
2018-03-15,25.066665649414062,23.923913955688477
2018-03-16,24.766666412353516,23.637588500976562
2018-03-19,24.66666603088379,23.542144775390625
2018-03-20,24.433332443237305,23.3194522857666
2018-03-21,24.600000381469727,23.4785213470459
2018-03-22,24.266666412353516,23.160383224487305
2018-03-23,23.299999237060547,22.23778533935547
2018-03-26,23.316665649414062,22.253690719604492
2018-03-27,23.566665649414062,22.492292404174805
2018-03-28,21.083332061767578,20.12217140197754
2018-03-29,20.399999618530273,19.469987869262695
2018-04-03,20.233333587646484,19.310922622680664
2018-04-04,20.116666793823242,19.199575424194336
2018-04-06,20.583332061767578,19.64496612548828
2018-04-09,21.233333587646484,20.265335083007812
2018-04-10,20.950000762939453,19.994918823242188
2018-04-11,20.866666793823242,19.915386199951172
2018-04-12,21.066665649414062,20.10626983642578
2018-04-13,20.933332443237305,19.9790096282959
2018-04-16,20.75,19.804035186767578
2018-04-17,20.466665267944336,19.53361701965332
2018-04-18,19.633333206176758,18.7382755279541
2018-04-19,20.016666412353516,19.104137420654297
2018-04-20,19.53333282470703,18.642837524414062
2018-04-23,19.41666603088379,18.5314884185791
2018-04-24,19.716665267944336,18.817806243896484
2018-04-25,19.450000762939453,18.563302993774414
2018-04-26,19.333332061767578,18.45195198059082
2018-04-27,19.350000381469727,18.467859268188477
2018-04-30,18.383333206176758,17.54526138305664
2018-05-02,18.0,17.179405212402344
2018-05-03,17.483333587646484,16.686290740966797
2018-05-04,16.883333206176758,16.113645553588867
2018-05-07,16.950000762939453,16.17727279663086
2018-05-08,17.516666412353516,16.718103408813477
2018-05-09,17.366666793823242,16.574947357177734
2018-05-10,17.350000381469727,16.559038162231445
2018-05-11,17.983333587646484,17.16349983215332
2018-05-14,18.116666793823242,17.290754318237305
2018-05-15,18.183332443237305,17.35437774658203
2018-05-16,17.933332443237305,17.11577796936035
2018-05-17,17.566665649414062,16.765825271606445
2018-05-18,17.66666603088379,16.86126708984375
2018-05-21,17.733333587646484,16.924898147583008
2018-05-23,17.91666603088379,17.099868774414062
2018-05-24,17.566665649414062,16.765825271606445
2018-05-25,17.450000762939453,16.65447998046875
2018-05-28,17.299999237060547,16.51131820678711
2018-05-29,16.91666603088379,16.145458221435547
2018-05-30,16.516666412353516,15.763692855834961
2018-05-31,16.966665267944336,16.193178176879883
2018-06-01,16.850000381469727,16.081832885742188
2018-06-04,17.149999618530273,16.368154525756836
2018-06-05,17.450000762939453,16.65447998046875
2018-06-06,17.883333206176758,17.06805419921875
2018-06-07,18.316665649414062,17.48163414001465
2018-06-08,18.03333282470703,17.211214065551758
2018-06-11,18.016666412353516,17.1953125
2018-06-12,17.91666603088379,17.099868774414062
2018-06-13,17.53333282470703,16.7340145111084
2018-06-14,17.433332443237305,16.63857078552246
2018-06-15,17.100000381469727,16.320436477661133
2018-06-19,16.600000381469727,15.843228340148926
2018-06-20,16.16666603088379,15.429652214050293
2018-06-21,15.899999618530273,15.175140380859375
2018-06-22,16.266666412353516,15.581433296203613
2018-06-25,15.75,15.086530685424805
2018-06-26,15.600000381469727,14.942849159240723
2018-06-27,15.333333015441895,14.687416076660156
2018-06-28,15.316665649414062,14.6714506149292
2018-06-29,15.850000381469727,15.182318687438965
2018-07-03,15.649999618530273,14.990741729736328
2018-07-04,15.916666030883789,15.246175765991211
2018-07-05,16.0,15.32599925994873
2018-07-06,15.899999618530273,15.230212211608887
2018-07-09,15.733332633972168,15.070564270019531
2018-07-10,15.800000190734863,15.134425163269043
2018-07-11,15.783332824707031,15.118459701538086
2018-07-12,15.899999618530273,15.230212211608887
2018-07-13,16.016666412353516,15.341963768005371
2018-07-16,15.100000381469727,14.463912010192871
2018-07-17,14.816665649414062,14.192513465881348
2018-07-18,14.633333206176758,14.0169038772583
2018-07-19,14.516666412353516,13.905152320861816
2018-07-20,14.666666030883789,14.048833847045898
2018-07-23,14.483332633972168,13.873222351074219
2018-07-24,14.783332824707031,14.160585403442383
2018-07-25,14.966666221618652,14.33619499206543
2018-07-26,14.833333015441895,14.208477973937988
2018-07-27,15.033332824707031,14.400053977966309
2018-07-30,14.550000190734863,13.937080383300781
2018-07-31,14.800000190734863,14.17655086517334
2018-08-01,14.949999809265137,14.320230484008789
2018-08-02,14.5,13.889188766479492
2018-08-03,13.800000190734863,13.218673706054688
2018-08-06,13.633333206176758,13.059028625488281
2018-08-07,13.883333206176758,13.298498153686523
2018-08-08,13.983332633972168,13.394285202026367
2018-08-09,14.333333015441895,13.72953987121582
2018-08-10,14.966666221618652,14.33619499206543
2018-08-13,14.800000190734863,14.17655086517334
2018-08-14,14.816665649414062,14.192513465881348
2018-08-15,14.0,13.410249710083008
2018-08-16,14.183333396911621,13.585860252380371
2018-08-17,14.466666221618652,13.857256889343262
2018-08-20,15.366665840148926,14.719344139099121
2018-08-21,15.816665649414062,15.150388717651367
2018-08-22,16.450000762939453,15.75704288482666
2018-08-23,15.916666030883789,15.246175765991211
2018-08-24,15.800000190734863,15.134425163269043
2018-08-27,16.516666412353516,15.820901870727539
2018-08-28,16.649999618530273,15.94861888885498
2018-08-29,16.549999237060547,15.852828979492188
2018-08-30,16.049999237060547,15.373892784118652
2018-08-31,15.550000190734863,14.894956588745117
2018-09-03,15.383333206176758,14.735309600830078
2018-09-04,15.800000190734863,15.134425163269043
2018-09-05,15.283332824707031,14.639521598815918
2018-09-06,14.949999809265137,14.320230484008789
2018-09-07,14.949999809265137,14.320230484008789
2018-09-10,14.833333015441895,14.208477973937988
2018-09-11,14.583333015441895,13.969010353088379
2018-09-12,14.483332633972168,13.873222351074219
2018-09-13,15.133333206176758,14.495840072631836
2018-09-14,16.366666793823242,15.677221298217773
2018-09-17,16.16666603088379,15.48564338684082
2018-09-18,16.016666412353516,15.341963768005371
2018-09-19,17.333332061767578,16.60316276550293
2018-09-20,17.216665267944336,16.491413116455078
2018-09-21,18.266666412353516,17.497182846069336
2018-09-24,18.25,17.481218338012695
2018-09-26,18.483333587646484,17.704723358154297
2018-09-27,18.149999618530273,17.385427474975586
2018-09-28,18.733333587646484,17.944190979003906
2018-10-02,17.850000381469727,17.098068237304688
2018-10-03,17.983333587646484,17.225788116455078
2018-10-04,17.316665649414062,16.587200164794922
2018-10-05,17.366666793823242,16.635095596313477
2018-10-08,17.16666603088379,16.44352149963379
2018-10-09,16.966665267944336,16.25194549560547
2018-10-10,16.649999618530273,15.94861888885498
2018-10-11,15.833333015441895,15.166354179382324
2018-10-12,16.683332443237305,15.980545997619629
2018-10-15,16.700000762939453,15.996512413024902
2018-10-16,16.683332443237305,15.980545997619629
2018-10-18,16.600000381469727,15.900725364685059
2018-10-19,16.366666793823242,15.677221298217773
2018-10-22,17.866666793823242,17.114028930664062
2018-10-23,17.200000762939453,16.475452423095703
2018-10-24,17.66666603088379,16.922452926635742
2018-10-25,17.66666603088379,16.922452926635742
2018-10-26,17.03333282470703,16.31580352783203
2018-10-29,16.700000762939453,15.996512413024902
2018-10-30,16.366666793823242,15.677221298217773
2018-10-31,16.933332443237305,16.220014572143555
2018-11-01,16.41666603088379,15.725114822387695
2018-11-02,17.149999618530273,16.427553176879883
2018-11-05,17.216665267944336,16.491413116455078
2018-11-06,17.016666412353516,16.299840927124023
2018-11-07,17.03333282470703,16.31580352783203
2018-11-08,17.616666793823242,16.874563217163086
2018-11-09,17.766666412353516,17.018247604370117
2018-11-12,17.899999618530273,17.145959854125977
2018-11-13,17.799999237060547,17.050174713134766
2018-11-14,17.933332443237305,17.17789077758789
2018-11-15,17.899999618530273,17.145959854125977
2018-11-16,18.333332061767578,17.561044692993164
2018-11-19,19.5,18.67856216430664
2018-11-20,19.53333282470703,18.710493087768555
2018-11-21,19.0,18.19962501525879
2018-11-22,18.91666603088379,18.119800567626953
2018-11-23,18.583332061767578,17.80051040649414
2018-11-26,18.66666603088379,17.880334854125977
2018-11-27,19.183332443237305,18.375232696533203
2018-11-28,19.549999237060547,18.726455688476562
2018-11-29,19.799999237060547,18.965925216674805
2018-11-30,19.549999237060547,18.726455688476562
2018-12-03,18.950000762939453,18.1517276763916
2018-12-04,19.116666793823242,18.311376571655273
2018-12-05,19.116666793823242,18.311376571655273
2018-12-06,18.200000762939453,17.433324813842773
2018-12-07,18.200000762939453,17.433324813842773
2018-12-10,17.966665267944336,17.209819793701172
2018-12-11,18.200000762939453,17.433324813842773
2018-12-12,18.66666603088379,17.880334854125977
2018-12-13,19.083332061767578,18.27944564819336
2018-12-14,19.066665649414062,18.263484954833984
2018-12-17,18.233333587646484,17.465255737304688
2018-12-18,18.149999618530273,17.385427474975586
2018-12-19,17.683332443237305,16.93842124938965
2018-12-20,17.28333282470703,16.555273056030273
2018-12-21,17.116666793823242,16.395627975463867
2018-12-24,17.100000381469727,16.379661560058594
2018-12-27,16.366666793823242,15.677221298217773
2018-12-28,16.583332061767578,15.88475513458252
2018-12-31,16.649999618530273,15.94861888885498
2019-01-02,15.916666030883789,15.246175765991211
2019-01-03,15.350000381469727,14.703380584716797
2019-01-04,15.733332633972168,15.070564270019531
2019-01-07,15.699999809265137,15.038637161254883
2019-01-08,16.200000762939453,15.51757526397705
2019-01-09,15.983332633972168,15.31003475189209
2019-01-10,15.683333396911621,15.022673606872559
2019-01-11,15.833333015441895,15.166354179382324
2019-01-14,14.783332824707031,14.160585403442383
2019-01-15,15.316665649414062,14.6714506149292
2019-01-16,15.366665840148926,14.719344139099121
2019-01-17,14.433333396911621,13.825329780578613
2019-01-18,14.683333396911621,14.064798355102539
2019-01-21,14.916666030883789,14.288300514221191
2019-01-22,14.833333015441895,14.208477973937988
2019-01-23,15.100000381469727,14.463912010192871
2019-01-24,15.399999618530273,14.751275062561035
2019-01-25,15.600000381469727,14.942849159240723
2019-01-28,15.649999618530273,14.990741729736328
2019-01-29,15.366665840148926,14.719344139099121
2019-01-30,15.050000190734863,14.41601848602295
2019-01-31,15.350000381469727,14.703380584716797
2019-02-01,15.583333015441895,14.926885604858398
2019-02-04,15.866665840148926,15.198281288146973
2019-02-08,15.583333015441895,14.926885604858398
2019-02-11,15.833333015441895,15.166354179382324
2019-02-12,16.350000381469727,15.6612548828125
2019-02-13,16.850000381469727,16.140193939208984
2019-02-14,17.383333206176758,16.65106201171875
2019-02-15,16.78333282470703,16.076332092285156
2019-02-18,16.53333282470703,15.83686637878418
2019-02-19,16.350000381469727,15.6612548828125
2019-02-20,16.733333587646484,16.0284423828125
2019-02-21,16.75,16.044404983520508
2019-02-22,16.75,16.044404983520508
2019-02-25,17.899999618530273,17.145959854125977
2019-02-26,17.450000762939453,16.714921951293945
2019-02-27,16.66666603088379,15.964581489562988
2019-02-28,16.733333587646484,16.0284423828125
2019-03-01,16.78333282470703,16.076332092285156
2019-03-04,16.316665649414062,15.629323959350586
2019-03-05,16.53333282470703,15.83686637878418
2019-03-06,16.583332061767578,15.88475513458252
2019-03-07,16.66666603088379,15.964581489562988
2019-03-08,15.783332824707031,15.118459701538086
2019-03-11,15.699999809265137,15.038637161254883
2019-03-12,15.916666030883789,15.246175765991211
2019-03-13,15.649999618530273,14.990741729736328
2019-03-14,15.816665649414062,15.150388717651367
2019-03-15,16.383333206176758,15.693183898925781
2019-03-18,16.649999618530273,15.94861888885498
2019-03-19,16.700000762939453,15.996512413024902
2019-03-20,16.799999237060547,16.092300415039062
2019-03-21,16.78333282470703,16.076332092285156
2019-03-22,17.116666793823242,16.395627975463867
2019-03-25,16.683332443237305,15.980545997619629
2019-03-26,16.799999237060547,16.092300415039062
2019-03-27,16.399999618530273,15.709148406982422
2019-03-28,15.699999809265137,15.038637161254883
2019-03-29,15.766666412353516,15.102495193481445
2019-04-01,16.133333206176758,15.453716278076172
2019-04-02,16.466665267944336,15.773006439208984
2019-04-03,16.816665649414062,16.108264923095703
2019-04-04,16.899999618530273,16.188087463378906
2019-04-08,17.100000381469727,16.379661560058594
2019-04-09,17.316665649414062,16.587200164794922
2019-04-10,17.616666793823242,16.874563217163086
2019-04-11,17.399999618530273,16.667022705078125
2019-04-12,17.333332061767578,16.60316276550293
2019-04-15,17.399999618530273,16.667022705078125
2019-04-16,17.5,16.762813568115234
2019-04-17,19.899999618530273,19.061708450317383
2019-04-18,19.116666793823242,18.311376571655273
2019-04-23,18.66666603088379,17.880334854125977
2019-04-24,18.333332061767578,17.561044692993164
2019-04-25,17.766666412353516,17.018247604370117
2019-04-26,17.833332061767578,17.082101821899414
2019-04-29,17.683332443237305,16.93842124938965
2019-04-30,17.799999237060547,17.050174713134766
2019-05-02,17.850000381469727,17.098068237304688
2019-05-03,17.850000381469727,17.098068237304688
2019-05-06,17.066665649414062,16.347732543945312
2019-05-07,17.116666793823242,16.395627975463867
2019-05-08,16.600000381469727,15.900725364685059
2019-05-09,16.28333282470703,15.59739875793457
2019-05-10,16.433332443237305,15.741079330444336
2019-05-14,16.149999618530273,15.46967887878418
2019-05-15,16.16666603088379,15.48564338684082
2019-05-16,16.083332061767578,15.40582275390625
2019-05-17,15.766666412353516,15.102495193481445
2019-05-20,15.5,14.847061157226562
2019-05-21,15.583333015441895,14.926885604858398
2019-05-22,15.449999809265137,14.799168586730957
2019-05-23,14.949999809265137,14.320230484008789
2019-05-24,15.166666030883789,14.52777099609375
2019-05-27,15.100000381469727,14.463912010192871
2019-05-28,15.733332633972168,15.070564270019531
2019-05-29,15.766666412353516,15.102495193481445
2019-05-30,15.600000381469727,14.942849159240723
2019-05-31,15.300000190734863,14.655488014221191
2019-06-03,15.366665840148926,14.719344139099121
2019-06-04,15.116665840148926,14.479874610900879
2019-06-05,15.050000190734863,14.41601848602295
2019-06-06,15.916666030883789,15.246175765991211
2019-06-10,15.766666412353516,15.102495193481445
2019-06-11,15.916666030883789,15.321377754211426
2019-06-12,15.633333206176758,15.048641204833984
2019-06-13,15.550000190734863,14.968424797058105
2019-06-14,15.116665840148926,14.551297187805176
2019-06-17,15.199999809265137,14.631515502929688
2019-06-18,15.266666412353516,14.695688247680664
2019-06-19,15.566665649414062,14.984467506408691
2019-06-20,15.866665840148926,15.273246765136719
2019-06-21,15.75,15.160944938659668
2019-06-24,15.783332824707031,15.193032264709473
2019-06-25,15.633333206176758,15.048641204833984
2019-06-26,15.399999618530273,14.824034690856934
2019-06-27,15.550000190734863,14.968424797058105
2019-06-28,15.716666221618652,15.12885856628418
2019-07-02,16.233333587646484,15.626201629638672
2019-07-03,16.266666412353516,15.65828800201416
2019-07-04,16.0,15.401594161987305
2019-07-05,15.933333396911621,15.337420463562012
2019-07-08,15.616665840148926,15.032597541809082
2019-07-09,15.800000190734863,15.209074020385742
2019-07-10,15.866665840148926,15.273246765136719
2019-07-11,15.866665840148926,15.273246765136719
2019-07-12,15.866665840148926,15.273246765136719
2019-07-15,16.100000381469727,15.497855186462402
2019-07-16,16.066665649414062,15.465765953063965
2019-07-17,16.299999237060547,15.690373420715332
2019-07-18,15.966666221618652,15.369507789611816
2019-07-19,16.016666412353516,15.417637825012207
2019-07-22,16.116666793823242,15.513897895812988
2019-07-23,16.383333206176758,15.770589828491211
2019-07-24,16.66666603088379,16.043325424194336
2019-07-25,16.549999237060547,15.931023597717285
2019-07-26,16.433332443237305,15.81872272491455
2019-07-29,16.516666412353516,15.898938179016113
2019-07-30,16.566665649414062,15.947067260742188
2019-07-31,16.433332443237305,15.81872272491455
2019-08-01,16.383333206176758,15.770589828491211
2019-08-02,15.75,15.160944938659668
2019-08-05,15.333333015441895,14.75986099243164
2019-08-06,15.033332824707031,14.471081733703613
2019-08-07,14.316665649414062,13.781217575073242
2019-08-08,14.600000381469727,14.053955078125
2019-08-09,14.516666412353516,13.973738670349121
2019-08-12,14.566665649414062,14.021868705749512
2019-08-13,14.233332633972168,13.701001167297363
2019-08-14,14.166666030883789,13.63682746887207
2019-08-15,14.116665840148926,13.58869743347168
2019-08-16,14.100000381469727,13.572654724121094
2019-08-19,14.449999809265137,13.909564971923828
2019-08-20,14.516666412353516,13.973738670349121
2019-08-21,14.399999618530273,13.861435890197754
2019-08-22,13.449999809265137,12.946965217590332
2019-08-23,13.066665649414062,12.577967643737793
2019-08-26,13.0,12.513795852661133
2019-08-27,12.616665840148926,12.144798278808594
2019-08-28,12.683333396911621,12.208971977233887
2019-08-29,12.683333396911621,12.208971977233887
2019-08-30,13.533332824707031,13.027180671691895
2019-09-02,13.199999809265137,12.706315994262695
2019-09-03,13.0,12.513795852661133
2019-09-04,13.066665649414062,12.577967643737793
2019-09-05,13.449999809265137,12.946965217590332
2019-09-06,13.766666412353516,13.251789093017578
2019-09-09,13.983332633972168,13.460351943969727
2019-09-10,13.866665840148926,13.348048210144043
2019-09-11,14.166666030883789,13.63682746887207
2019-09-12,13.699999809265137,13.187614440917969
2019-09-13,14.233332633972168,13.701001167297363
2019-09-16,14.116665840148926,13.58869743347168
2019-09-17,13.933333396911621,13.41222095489502
2019-09-18,14.0,13.476395606994629
2019-09-19,13.899999618530273,13.380134582519531
2019-09-20,13.766666412353516,13.251789093017578
2019-09-23,13.533332824707031,13.027180671691895
2019-09-24,13.516666412353516,13.011139869689941
2019-09-25,12.966666221618652,12.481708526611328
2019-09-26,13.050000190734863,12.561925888061523
2019-09-27,13.050000190734863,12.561925888061523
2019-09-30,13.050000190734863,12.561925888061523
2019-10-02,12.966666221618652,12.481708526611328
2019-10-03,12.800000190734863,12.32127571105957
2019-10-04,12.733332633972168,12.257101058959961
2019-10-08,12.866665840148926,12.385448455810547
2019-10-09,12.583333015441895,12.112710952758789
2019-10-10,12.699999809265137,12.225015640258789
2019-10-11,12.899999618530273,12.417534828186035
2019-10-14,13.0,12.513795852661133
2019-10-15,12.766666412353516,12.289189338684082
2019-10-16,12.766666412353516,12.289189338684082
2019-10-17,12.850000381469727,12.369405746459961
2019-10-18,12.816665649414062,12.337318420410156
2019-10-21,12.716666221618652,12.241059303283691
2019-10-22,12.683333396911621,12.208971977233887
2019-10-23,12.783332824707031,12.305230140686035
2019-10-24,12.816665649414062,12.337318420410156
2019-10-25,12.783332824707031,12.305230140686035
2019-10-28,13.066665649414062,12.577967643737793
2019-10-29,13.199999809265137,12.706315994262695
2019-10-30,12.466666221618652,12.000408172607422
2019-10-31,12.300000190734863,11.83997631072998
2019-11-01,12.516666412353516,12.048538208007812
2019-11-04,12.716666221618652,12.241059303283691
2019-11-05,12.766666412353516,12.289189338684082
2019-11-06,12.666666030883789,12.192927360534668
2019-11-07,12.766666412353516,12.289189338684082
2019-11-08,13.149999618530273,12.658185958862305
2019-11-11,12.783332824707031,12.305230140686035
2019-11-12,12.800000190734863,12.32127571105957
2019-11-13,12.699999809265137,12.225015640258789
2019-11-14,12.633333206176758,12.160842895507812
2019-11-15,12.649999618530273,12.176883697509766
2019-11-18,12.666666030883789,12.192927360534668
2019-11-19,12.666666030883789,12.192927360534668
2019-11-20,12.616665840148926,12.144798278808594
2019-11-21,12.483332633972168,12.016450881958008
2019-11-22,12.566665649414062,12.096668243408203
2019-11-25,12.783332824707031,12.305230140686035
2019-11-26,12.850000381469727,12.369405746459961
2019-11-27,12.75,12.27314567565918
2019-11-28,12.716666221618652,12.241059303283691
2019-11-29,12.383333206176758,11.920191764831543
2019-12-02,12.366665840148926,11.90414810180664
2019-12-03,12.416666030883789,11.952278137207031
2019-12-04,12.366665840148926,11.90414810180664
2019-12-05,12.433333396911621,11.96832275390625
2019-12-06,12.383333206176758,11.920191764831543
2019-12-09,12.416666030883789,11.952278137207031
2019-12-10,12.399999618530273,11.936236381530762
2019-12-11,12.466666221618652,12.000408172607422
2019-12-12,12.416666030883789,11.952278137207031
2019-12-13,12.75,12.27314567565918
2019-12-16,12.75,12.27314567565918
2019-12-17,13.0,12.513795852661133
2019-12-18,12.533332824707031,12.064581871032715
2019-12-19,12.583333015441895,12.112710952758789
2019-12-20,12.566665649414062,12.096668243408203
2019-12-23,12.433333396911621,11.96832275390625
2019-12-24,12.433333396911621,11.96832275390625
2019-12-27,12.600000381469727,12.12875747680664
2019-12-30,12.933333396911621,12.44962215423584
2019-12-31,12.949999809265137,12.465665817260742
2020-01-02,13.116665840148926,12.626099586486816
2020-01-03,13.083333015441895,12.594012260437012
2020-01-06,12.899999618530273,12.417534828186035
2020-01-07,12.899999618530273,12.417534828186035
2020-01-08,12.75,12.27314567565918
2020-01-09,12.933333396911621,12.44962215423584
2020-01-10,12.916666030883789,12.433578491210938
2020-01-13,14.966666221618652,14.40690803527832
2020-01-14,15.016666412353516,14.455037117004395
2020-01-15,15.25,14.679644584655762
2020-01-16,15.166666030883789,14.599428176879883
2020-01-17,16.0,15.401594161987305
2020-01-20,16.066665649414062,15.465765953063965
2020-01-21,15.199999809265137,14.631515502929688
2020-01-22,15.816665649414062,15.225116729736328
2020-01-23,15.449999809265137,14.872164726257324
2020-01-24,15.399999618530273,14.824034690856934
2020-01-29,14.399999618530273,13.861435890197754
2020-01-30,13.883333206176758,13.364092826843262
2020-01-31,13.699999809265137,13.187614440917969
2020-02-03,13.816665649414062,13.299917221069336
2020-02-04,14.633333206176758,14.086041450500488
2020-02-05,15.649999618530273,15.06468391418457
2020-02-06,15.449999809265137,14.872164726257324
2020-02-07,15.199999809265137,14.631515502929688
2020-02-10,15.666666030883789,15.080728530883789
2020-02-11,15.116665840148926,14.551297187805176
2020-02-12,15.199999809265137,14.631515502929688
2020-02-13,15.100000381469727,14.535255432128906
2020-02-14,14.816665649414062,14.262517929077148
2020-02-17,15.033332824707031,14.471081733703613
2020-02-18,15.083333015441895,14.519211769104004
2020-02-19,16.03333282470703,15.43368148803711
2020-02-20,17.866666793823242,17.198444366455078
2020-02-21,17.799999237060547,17.134273529052734
2020-02-24,16.700000762939453,16.075414657592773
2020-02-25,17.333332061767578,16.68505859375
2020-02-26,17.399999618530273,16.74923324584961
2020-02-27,17.066665649414062,16.428367614746094
2020-02-28,15.899999618530273,15.30533504486084
2020-03-02,16.200000762939453,15.594114303588867
2020-03-03,16.53333282470703,15.914981842041016
2020-03-04,16.350000381469727,15.738503456115723
2020-03-05,16.5,15.882896423339844
2020-03-06,16.049999237060547,15.449725151062012
2020-03-09,14.699999809265137,14.150214195251465
2020-03-10,14.833333015441895,14.27856159210205
2020-03-11,14.649999618530273,14.102084159851074
2020-03-12,13.899999618530273,13.380134582519531
2020-03-13,14.0,13.476395606994629
2020-03-16,13.233332633972168,12.738402366638184
2020-03-17,13.233332633972168,12.738402366638184
2020-03-18,12.050000190734863,11.599326133728027
2020-03-19,11.716666221618652,11.278459548950195
2020-03-20,12.300000190734863,11.83997631072998
2020-03-23,11.183333396911621,10.7650728225708
2020-03-24,11.783332824707031,11.342631340026855
2020-03-25,12.800000190734863,12.32127571105957
2020-03-26,12.666666030883789,12.192927360534668
2020-03-27,12.800000190734863,12.32127571105957
2020-03-30,12.866665840148926,12.385448455810547
2020-03-31,13.5,12.995096206665039
2020-04-01,12.666666030883789,12.192927360534668
2020-04-02,13.100000381469727,12.610055923461914
2020-04-03,12.899999618530273,12.417534828186035
2020-04-06,13.133333206176758,12.642142295837402
2020-04-07,13.666666030883789,13.15552806854248
2020-04-08,13.333333015441895,12.834661483764648
2020-04-09,13.5,12.995096206665039
2020-04-14,13.949999809265137,13.428264617919922
2020-04-15,14.199999809265137,13.668913841247559
2020-04-16,14.699999809265137,14.150214195251465
2020-04-17,14.649999618530273,14.102084159851074
2020-04-20,14.716666221618652,14.166258811950684
2020-04-21,13.916666030883789,13.39617919921875
2020-04-22,14.133333206176758,13.604742050170898
2020-04-23,14.416666030883789,13.877477645874023
2020-04-24,14.466666221618652,13.925607681274414
2020-04-27,14.683333396911621,14.134172439575195
2020-04-28,15.100000381469727,14.535255432128906
2020-04-29,16.266666412353516,15.65828800201416
2020-05-04,15.800000190734863,15.209074020385742
2020-05-05,15.916666030883789,15.321377754211426
2020-05-06,16.200000762939453,15.594114303588867
2020-05-07,15.833333015441895,15.241161346435547
2020-05-08,15.600000381469727,15.016554832458496
2020-05-11,15.316665649414062,14.743817329406738
2020-05-12,15.300000190734863,14.727775573730469
2020-05-13,15.233332633972168,14.66360092163086
2020-05-14,14.683333396911621,14.134172439575195
2020-05-15,14.683333396911621,14.134172439575195
2020-05-18,14.416666030883789,13.877477645874023
2020-05-19,15.066665649414062,14.503168106079102
2020-05-20,15.199999809265137,14.631515502929688
2020-05-21,14.949999809265137,14.390865325927734
2020-05-22,14.300000190734863,13.765176773071289
2020-05-25,14.133333206176758,13.604742050170898
2020-05-26,14.933333396911621,14.374822616577148
2020-05-27,14.649999618530273,14.102084159851074
2020-05-28,14.716666221618652,14.166258811950684
2020-05-29,14.5,13.957695960998535
2020-06-01,15.5,14.920294761657715
2020-06-02,15.899999618530273,15.30533504486084
2020-06-03,15.899999618530273,15.30533504486084
2020-06-04,16.066665649414062,15.465765953063965
2020-06-05,17.25,16.604846954345703
2020-06-08,17.5,16.845495223999023
2020-06-09,17.41666603088379,16.765275955200195
2020-06-10,17.383333206176758,16.733192443847656
2020-06-11,17.78333282470703,17.11823272705078
2020-06-12,17.16666603088379,16.524629592895508
2020-06-15,17.766666412353516,17.102188110351562
2020-06-16,18.100000381469727,17.423053741455078
2020-06-17,18.483333587646484,17.792049407958984
2020-06-18,19.366666793823242,18.64234733581543
2020-06-19,19.950000762939453,19.2038631439209
2020-06-22,19.799999237060547,19.059473037719727
2020-06-23,20.149999618530273,19.39638328552246
2020-06-24,20.350000381469727,19.588905334472656
2020-06-26,19.950000762939453,19.224525451660156
2020-06-29,19.883333206176758,19.1602840423584
2020-06-30,19.950000762939453,19.224525451660156
2020-07-02,19.933332443237305,19.208465576171875
2020-07-03,22.633333206176758,21.810283660888672
2020-07-06,24.0,23.12725067138672
2020-07-07,23.75,22.886341094970703
2020-07-08,24.66666603088379,23.76967430114746
2020-07-09,24.866666793823242,23.96240234375
2020-07-10,25.766666412353516,24.82967185974121
2020-07-13,29.933332443237305,28.844820022583008
2020-07-14,27.516666412353516,26.516035079956055
2020-07-15,26.333332061767578,25.375730514526367
2020-07-16,23.216665267944336,22.372400283813477
2020-07-17,23.0,22.163612365722656
2020-07-20,25.816665649414062,24.877853393554688
2020-07-21,26.133333206176758,25.18300437927246
2020-07-22,24.66666603088379,23.76967430114746
2020-07-23,26.5,25.536338806152344
2020-07-24,24.149999618530273,23.27179718017578
2020-07-27,23.816665649414062,22.95058250427246
2020-07-28,24.66666603088379,23.76967430114746
2020-07-29,25.116666793823242,24.20330810546875
2020-07-30,24.516666412353516,23.62512969970703
2020-07-31,24.683332443237305,23.785734176635742
2020-08-03,24.883333206176758,23.978458404541016
2020-08-04,25.966665267944336,25.022397994995117
2020-08-05,26.116666793823242,25.16694450378418
2020-08-06,26.53333282470703,25.568458557128906
2020-08-07,26.116666793823242,25.16694450378418
2020-08-10,25.466665267944336,24.54058074951172
2020-08-11,25.149999618530273,24.235431671142578
2020-08-12,24.5,23.609067916870117
2020-08-13,24.433332443237305,23.544824600219727
2020-08-14,24.483333587646484,23.593008041381836
2020-08-17,24.049999237060547,23.175430297851562
2020-08-18,23.91666603088379,23.04694938659668
2020-08-19,24.0,23.12725067138672
2020-08-20,23.399999618530273,22.549068450927734
2020-08-21,23.383333206176758,22.53300666809082
2020-08-24,23.75,22.886341094970703
2020-08-25,24.41666603088379,23.528764724731445
2020-08-26,25.299999237060547,24.379974365234375
2020-08-27,26.03333282470703,25.08664321899414
2020-08-28,25.716665267944336,24.781490325927734
2020-08-31,25.66666603088379,24.733308792114258
2020-09-01,29.216665267944336,28.154212951660156
2020-09-02,28.850000381469727,27.800884246826172
2020-09-03,28.333332061767578,27.303001403808594
2020-09-04,27.316665649414062,26.32330894470215
2020-09-07,28.333332061767578,27.303001403808594
2020-09-08,27.5,26.499975204467773
2020-09-09,26.383333206176758,25.423912048339844
2020-09-10,27.083332061767578,26.098459243774414
2020-09-11,29.049999237060547,27.993606567382812
2020-09-14,28.799999237060547,27.752700805664062
2020-09-15,32.43333435058594,31.2539119720459
2020-09-16,34.53333282470703,33.27754211425781
2020-09-17,36.56666564941406,35.236934661865234
2020-09-18,36.83333206176758,35.49390411376953
2020-09-21,34.06666564941406,32.82784652709961
2020-09-22,35.400001525878906,34.11269760131836
2020-09-23,35.79999923706055,34.498146057128906
2020-09-24,34.5,33.245426177978516
2020-09-25,34.36666488647461,33.11693572998047
2020-09-28,34.96666717529297,33.69512176513672
2020-09-29,36.06666564941406,34.75511932373047
2020-09-30,40.46666717529297,38.99510955810547
2020-10-05,41.20000076293945,39.7017822265625
2020-10-06,40.70000076293945,39.219966888427734
2020-10-07,40.400001525878906,38.930870056152344
2020-10-08,42.79999923706055,41.243595123291016
2020-10-09,40.79999923706055,39.316322326660156
2020-10-12,43.0,41.43632125854492
2020-10-14,44.83333206176758,43.20298767089844
2020-10-15,44.766666412353516,43.13874435424805
2020-10-16,43.20000076293945,41.629051208496094
2020-10-19,42.79999923706055,41.243595123291016
2020-10-20,46.633331298828125,44.937530517578125
2020-10-21,46.5,44.80904769897461
2020-10-22,48.53333282470703,46.768436431884766
2020-10-23,45.29999923706055,43.65268325805664
2020-10-27,47.133331298828125,45.41934585571289
2020-10-28,49.70000076293945,47.89268112182617
2020-10-29,52.20000076293945,50.3017692565918
2020-10-30,51.36666488647461,49.498741149902344
2020-11-02,57.900001525878906,55.794490814208984
2020-11-03,56.766666412353516,54.70236587524414
2020-11-04,56.666664123535156,54.60600280761719
2020-11-05,65.73332977294922,63.34296417236328
2020-11-06,64.66666412353516,62.31509017944336
2020-11-09,65.33333587646484,62.957515716552734
2020-11-10,61.5,59.263580322265625
2020-11-11,52.33333206176758,50.43025207519531
2020-11-12,59.0,56.854488372802734
2020-11-13,60.633331298828125,58.42842483520508
2020-11-16,59.93333435058594,57.753883361816406
2020-11-17,56.766666412353516,54.70236587524414
2020-11-18,58.83333206176758,56.69388198852539
2020-11-19,57.43333435058594,55.344791412353516
2020-11-20,60.83333206176758,58.62115478515625
2020-11-23,66.06666564941406,63.664180755615234
2020-11-24,66.5999984741211,64.17811584472656
2020-11-25,64.23332977294922,61.89751434326172
2020-11-26,63.29999923706055,60.99812316894531
2020-11-27,62.29999923706055,60.034488677978516
2020-11-30,60.70000076293945,58.492671966552734
2020-12-01,62.53333282470703,60.259334564208984
2020-12-02,57.599998474121094,55.505401611328125
2020-12-03,57.633331298828125,55.53752136230469
2020-12-04,58.5,56.372676849365234
2020-12-07,58.96666717529297,56.82237243652344
2020-12-08,60.46666717529297,58.267826080322266
2020-12-09,59.666664123535156,57.49691390991211
2020-12-10,58.36666488647461,56.24418640136719
2020-12-11,58.03333282470703,55.9229736328125
2020-12-14,59.83333206176758,57.65751647949219
2020-12-15,59.5,57.336307525634766
2020-12-16,60.29999923706055,58.107215881347656
2020-12-17,60.93333435058594,58.71752166748047
2020-12-18,61.666664123535156,59.42417907714844
2020-12-21,68.86666870117188,66.36235809326172
2020-12-22,64.56666564941406,62.21873092651367
2020-12-23,66.13333129882812,63.728424072265625
2020-12-24,64.19999694824219,61.86539077758789
2020-12-28,66.56666564941406,64.14599609375
2020-12-29,64.16666412353516,61.83327102661133
2020-12-30,65.0,62.63630294799805
2020-12-31,67.73332977294922,65.2702407836914
2021-01-04,74.4000015258789,71.6944808959961
2021-01-05,76.53333282470703,73.75022888183594
2021-01-06,74.53333282470703,71.82295227050781
2021-01-07,78.4000015258789,75.54902648925781
2021-01-08,80.06666564941406,77.15508270263672
2021-01-11,85.4000015258789,82.29447937011719
2021-01-12,84.5999984741211,81.5235595703125
2021-01-13,86.0,82.87264251708984
2021-01-14,83.0,79.98174285888672
2021-01-15,81.93333435058594,78.953857421875
2021-01-18,78.46666717529297,75.6132583618164
2021-01-19,78.0,75.16356658935547
2021-01-20,81.33333587646484,78.37568664550781
2021-01-21,82.80000305175781,79.78901672363281
2021-01-22,84.86666870117188,81.78052520751953
2021-01-25,92.80000305175781,89.42536926269531
2021-01-26,87.13333129882812,83.96475982666016
2021-01-27,84.66666412353516,81.58779907226562
2021-01-28,78.66666412353516,75.80598449707031
2021-01-29,79.13333129882812,76.25567626953125
2021-02-01,81.66666412353516,78.69689178466797
2021-02-02,87.4000015258789,84.22174072265625
2021-02-03,89.0,85.7635498046875
2021-02-04,85.0,81.90901947021484
2021-02-05,83.19999694824219,80.17446899414062
2021-02-08,83.33333587646484,80.3029556274414
2021-02-09,86.66666412353516,83.51506805419922
2021-02-10,89.0,85.7635498046875
2021-02-11,88.26666259765625,85.056884765625
2021-02-16,89.86666870117188,86.59870910644531
2021-02-17,88.46666717529297,85.2496109008789
2021-02-18,84.5999984741211,81.5235595703125
2021-02-19,83.0,79.98174285888672
2021-02-22,79.80000305175781,76.89810180664062
2021-02-23,75.19999694824219,72.46538543701172
2021-02-24,70.73332977294922,68.16114807128906
2021-02-25,72.06666564941406,69.44599914550781
2021-02-26,65.73332977294922,63.34296417236328
2021-03-01,71.0,68.41812133789062
2021-03-02,71.53333282470703,68.93205261230469
2021-03-03,71.46666717529297,68.86780548095703
2021-03-04,65.66666412353516,63.27872085571289
2021-03-05,65.0,62.63630294799805
2021-03-08,58.36666488647461,56.24418640136719
2021-03-09,58.83333206176758,56.69388198852539
2021-03-10,61.900001525878906,59.64903259277344
2021-03-11,65.36666870117188,62.98964309692383
2021-03-12,63.70000076293945,61.383583068847656
2021-03-15,61.86666488647461,59.61690902709961
2021-03-16,63.666664123535156,61.3514518737793
2021-03-17,63.5,61.19084548950195
2021-03-18,64.0,61.672664642333984
2021-03-19,61.599998474121094,59.35994338989258
2021-03-22,62.36666488647461,60.09872817993164
2021-03-23,60.20000076293945,58.0108528137207
2021-03-24,56.06666564941406,54.02782440185547
2021-03-25,56.0,53.963584899902344
2021-03-26,59.0,56.854488372802734
2021-03-29,57.03333282470703,54.95934295654297
2021-03-30,56.79999923706055,54.734493255615234
2021-03-31,54.96666717529297,52.967830657958984
2021-04-01,59.166664123535156,57.01509475708008
2021-04-07,59.266666412353516,57.11145782470703
2021-04-08,59.33333206176758,57.175697326660156
2021-04-09,58.36666488647461,56.24418640136719
2021-04-12,56.79999923706055,54.734493255615234
2021-04-13,56.099998474121094,54.0599479675293
2021-04-14,59.43333435058594,57.272064208984375
2021-04-15,58.33333206176758,56.21206283569336
2021-04-16,58.733333587646484,56.5975227355957
2021-04-19,61.53333282470703,59.29570007324219
2021-04-20,61.0,58.78175735473633
2021-04-21,59.266666412353516,57.11145782470703
2021-04-22,59.166664123535156,57.01509475708008
2021-04-23,60.166664123535156,57.978729248046875
2021-04-26,59.03333282470703,56.88661193847656
2021-04-27,59.166664123535156,57.01509475708008
2021-04-28,58.133331298828125,56.01934051513672
2021-04-29,56.266666412353516,54.220550537109375
2021-04-30,53.43333435058594,51.49025344848633
2021-05-03,52.266666412353516,50.36600875854492
2021-05-04,53.166664123535156,51.23328399658203
2021-05-05,52.36666488647461,50.46237564086914
2021-05-06,51.266666412353516,49.402374267578125
2021-05-07,48.33333206176758,46.57571029663086
2021-05-10,48.733333587646484,46.96116256713867
2021-05-11,47.33333206176758,45.61207962036133
2021-05-12,49.633331298828125,47.828433990478516
2021-05-13,47.06666564941406,45.355106353759766
2021-05-14,47.93333435058594,46.19025802612305
2021-05-17,50.96666717529297,49.1132926940918
2021-05-18,50.43333435058594,48.59934616088867
2021-05-20,53.633331298828125,51.6829833984375
2021-05-21,54.633331298828125,52.6466178894043
2021-05-24,55.86666488647461,53.8350944519043
2021-05-25,57.099998474121094,55.02357864379883
2021-05-26,58.46666717529297,56.340553283691406
2021-05-27,58.83333206176758,56.69388198852539
2021-05-28,59.233333587646484,57.07933807373047
2021-05-31,60.0,57.8181266784668
2021-06-01,63.633331298828125,61.319332122802734
2021-06-02,64.33333587646484,61.99388122558594
2021-06-03,63.233333587646484,60.93388366699219
2021-06-04,63.96666717529297,61.64054489135742
2021-06-07,63.233333587646484,60.93388366699219
2021-06-08,67.19999694824219,64.75630950927734
2021-06-09,66.5,64.08175659179688
2021-06-10,70.66666412353516,68.1583480834961
2021-06-11,71.46666717529297,68.9299545288086
2021-06-15,74.80000305175781,72.14498138427734
2021-06-16,68.66666412353516,66.2293472290039
2021-06-17,74.33333587646484,71.69487762451172
2021-06-18,77.46666717529297,74.71700286865234
2021-06-21,77.53333282470703,74.78128814697266
2021-06-22,74.4000015258789,71.7591781616211
2021-06-23,76.5999984741211,73.8810806274414
2021-06-24,75.86666870117188,73.17378997802734
2021-06-25,76.33333587646484,73.62389373779297
2021-06-28,78.26666259765625,75.48859405517578
2021-06-29,78.86666870117188,76.06729888916016
2021-06-30,77.4000015258789,74.65269470214844
2021-07-02,73.73332977294922,71.11617279052734
2021-07-05,77.4000015258789,74.65269470214844
2021-07-06,74.5999984741211,71.95207214355469
2021-07-07,75.06666564941406,72.40217590332031
2021-07-08,73.26666259765625,70.66606903076172
2021-07-09,72.06666564941406,69.5086669921875
2021-07-12,77.66666412353516,74.90989685058594
2021-07-13,78.06666564941406,75.29569244384766
2021-07-14,73.66666412353516,71.05186462402344
2021-07-15,71.26666259765625,68.73706817626953
2021-07-16,70.80000305175781,68.2869644165039
2021-07-19,69.4000015258789,66.93665313720703
2021-07-20,68.66666412353516,66.2293472290039
2021-07-21,72.86666870117188,70.2802734375
2021-07-22,74.5999984741211,71.95207214355469
2021-07-23,75.73332977294922,73.04517364501953
2021-07-26,72.5999984741211,70.02305603027344
2021-07-27,68.0,65.58634948730469
2021-07-28,70.33333587646484,67.83686065673828
2021-07-29,77.0,74.26689910888672
2021-07-30,79.66666412353516,76.83889770507812
2021-08-02,86.06666564941406,83.01173400878906
2021-08-03,86.33333587646484,83.2689437866211
2021-08-04,93.53333282470703,90.21337890625
2021-08-05,90.26666259765625,87.06265258789062
2021-08-06,91.80000305175781,88.54157257080078
2021-08-09,87.86666870117188,84.74784088134766
2021-08-10,90.0,86.80545806884766
2021-08-11,89.46666717529297,86.29104614257812
2021-08-12,92.26666259765625,88.99166107177734
2021-08-13,91.13333129882812,87.8985595703125
2021-08-16,84.53333282470703,81.5328369140625
2021-08-17,84.26666259765625,81.27562713623047
2021-08-18,85.5999984741211,82.56163787841797
2021-08-19,86.13333129882812,83.07603454589844
2021-08-20,83.46666717529297,80.5040283203125
2021-08-23,87.46666717529297,84.36205291748047
2021-08-24,88.86666870117188,85.71235656738281
2021-08-25,88.80000305175781,85.6480484008789
2021-08-26,85.46666717529297,82.43303680419922
2021-08-27,87.46666717529297,84.36205291748047
2021-08-30,87.13333129882812,84.04053497314453
2021-08-31,87.80000305175781,84.68355560302734
2021-09-01,85.46666717529297,82.43303680419922
2021-09-02,87.4000015258789,84.29774475097656
2021-09-03,84.80000305175781,81.79003143310547
2021-09-06,91.4000015258789,88.15576934814453
2021-09-07,90.26666259765625,87.06265258789062
2021-09-08,89.86666870117188,86.6768569946289
2021-09-09,87.46666717529297,84.36205291748047
2021-09-10,87.19999694824219,84.1048355102539
2021-09-13,85.33333587646484,82.30443572998047
2021-09-14,87.66666412353516,84.55493927001953
2021-09-15,86.13333129882812,83.07603454589844
2021-09-16,83.0,80.05391693115234
2021-09-17,85.80000305175781,82.75453186035156
2021-09-20,81.26666259765625,78.38211059570312
2021-09-21,81.0,78.12490844726562
2021-09-23,80.73332977294922,77.8676986694336
2021-09-24,81.0,78.12490844726562
2021-09-27,80.73332977294922,77.8676986694336
2021-09-28,80.73332977294922,77.8676986694336
2021-09-29,79.53333282470703,76.71031188964844
2021-09-30,81.0,78.12490844726562
2021-10-04,80.5999984741211,77.7391128540039
2021-10-05,82.19999694824219,79.28231811523438
2021-10-06,79.93333435058594,77.09610748291016
2021-10-07,82.86666870117188,79.9253158569336
2021-10-08,82.0,79.08942413330078
2021-10-11,86.26666259765625,83.20462799072266
2021-10-12,84.5999984741211,81.59713745117188
2021-10-15,91.0,87.76995849609375
2021-10-18,92.26666259765625,88.99166107177734
2021-10-19,93.66666412353516,90.34197235107422
2021-10-20,95.0,91.62798309326172
2021-10-21,94.0,90.6634750366211
2021-10-22,98.46666717529297,94.97159576416016
2021-10-25,100.93333435058594,97.35071563720703
2021-10-26,103.80000305175781,100.11563110351562
2021-10-27,102.93333435058594,99.27972412109375
2021-10-28,100.5999984741211,97.02921295166016
2021-10-29,98.86666870117188,95.35740661621094
2021-11-01,95.73332977294922,92.33528900146484
2021-11-02,99.19999694824219,95.67890167236328
2021-11-03,97.5999984741211,94.13570404052734
2021-11-04,105.19999694824219,101.46593475341797
2021-11-05,103.66666412353516,99.98702239990234
2021-11-08,101.33333587646484,97.73651123046875
2021-11-09,103.53333282470703,99.85842895507812
2021-11-10,99.80000305175781,96.25761413574219
2021-11-11,100.53333282470703,96.96490478515625
2021-11-12,100.0,96.45050811767578
2021-11-15,98.0,94.52149963378906
2021-11-16,99.93333435058594,96.38621520996094
2021-11-17,99.5999984741211,96.064697265625
2021-11-18,100.93333435058594,97.35071563720703
2021-11-19,99.93333435058594,96.38621520996094
2021-11-22,105.66666412353516,101.91603088378906
2021-11-23,105.66666412353516,101.91603088378906
2021-11-24,104.5999984741211,100.88722229003906
2021-11-25,102.26666259765625,98.63670349121094
2021-11-26,100.66666412353516,97.09349822998047
2021-11-29,100.73332977294922,97.1578140258789
2021-11-30,102.13333129882812,98.50811767578125
2021-12-01,101.93333435058594,98.31522369384766
2021-12-02,101.80000305175781,98.18660736083984
2021-12-03,99.26666259765625,95.7431869506836
2021-12-06,94.66666412353516,91.30648803710938
2021-12-07,97.4000015258789,93.94279479980469
2021-12-08,97.26666259765625,93.8141860961914
2021-12-09,97.19999694824219,93.74988555908203
2021-12-10,96.5999984741211,93.17118835449219
2021-12-13,96.06666564941406,92.65678405761719
2021-12-14,92.46666717529297,89.18457794189453
2021-12-15,90.33333587646484,87.12696075439453
2021-12-16,92.19999694824219,88.92736053466797
2021-12-17,88.53333282470703,85.3908462524414
2021-12-20,83.86666870117188,80.88983154296875
2021-12-21,85.33333587646484,82.30443572998047
2021-12-22,88.33333587646484,85.19794464111328
2021-12-23,88.73332977294922,85.58374786376953
2021-12-24,87.4000015258789,84.29774475097656
2021-12-28,86.5999984741211,83.52613830566406
2021-12-29,87.4000015258789,84.29774475097656
2021-12-30,87.66666412353516,84.55493927001953
2021-12-31,88.86666870117188,85.71235656738281
2022-01-03,88.4000015258789,85.26225280761719
2022-01-04,90.93333435058594,87.70565795898438
2022-01-05,83.33333587646484,80.37541961669922
2022-01-06,83.0,80.05391693115234
2022-01-07,82.4000015258789,79.4752197265625
2022-01-10,81.86666870117188,78.9608154296875
2022-01-11,80.4000015258789,77.54621124267578
2022-01-12,86.53333282470703,83.46184539794922
2022-01-13,86.80000305175781,83.71903991699219
2022-01-14,87.93333435058594,84.81214904785156
2022-01-17,89.4000015258789,86.22676086425781
2022-01-18,88.66666412353516,85.51944732666016
2022-01-19,86.0,82.94743347167969
2022-01-20,87.06666564941406,83.97624206542969
2022-01-21,86.93333435058594,83.8476333618164
2022-01-24,84.06666564941406,81.08272552490234
2022-01-25,80.80000305175781,77.9320068359375
2022-01-26,81.86666870117188,78.9608154296875
2022-01-27,80.53333282470703,77.6748046875
2022-01-28,73.26666259765625,70.66606903076172
2022-01-31,73.93333435058594,71.30907440185547
2022-02-04,79.0,76.19589233398438
2022-02-07,80.46666717529297,77.61051177978516
2022-02-08,78.46666717529297,75.68150329589844
2022-02-09,81.19999694824219,78.31780242919922
2022-02-10,80.19999694824219,77.35330963134766
2022-02-11,77.86666870117188,75.10279846191406
2022-02-14,78.46666717529297,75.68150329589844
2022-02-15,80.26666259765625,77.4176025390625
2022-02-16,82.33333587646484,79.41091918945312
2022-02-17,84.53333282470703,81.5328369140625
2022-02-18,82.06666564941406,79.15371704101562
2022-02-21,82.26666259765625,79.34661102294922
2022-02-22,78.66666412353516,75.8743896484375
2022-02-23,81.13333129882812,78.25350952148438
2022-02-24,77.4000015258789,74.65269470214844
2022-02-25,78.66666412353516,75.8743896484375
2022-02-28,79.13333129882812,76.32450103759766
2022-03-01,80.13333129882812,77.28900146484375
2022-03-02,79.73332977294922,76.9031982421875
2022-03-03,77.46666717529297,74.71700286865234
2022-03-04,70.80000305175781,68.2869644165039
2022-03-07,67.73332977294922,65.32913970947266
2022-03-08,61.33333206176758,59.156307220458984
2022-03-09,63.29999923706055,61.05316925048828
2022-03-10,66.73332977294922,64.36463928222656
2022-03-11,65.03333282470703,62.7249755859375
2022-03-14,59.666664123535156,57.54880142211914
2022-03-15,55.633331298828125,53.65863037109375
2022-03-16,65.53333282470703,63.20722961425781
2022-03-17,71.26666259765625,68.73706817626953
2022-03-18,70.73332977294922,68.22264862060547
2022-03-21,70.80000305175781,68.2869644165039
2022-03-22,72.53333282470703,69.9587631225586
2022-03-23,75.19999694824219,72.5307846069336
2022-03-24,75.06666564941406,72.40217590332031
2022-03-25,70.53333282470703,68.02975463867188
2022-03-28,70.46666717529297,67.96546173095703
2022-03-29,72.0,69.44436645507812
2022-03-30,74.5999984741211,71.95207214355469
2022-03-31,74.80000305175781,72.14498138427734
2022-04-01,75.06666564941406,72.40217590332031
2022-04-04,81.19999694824219,78.31780242919922
2022-04-06,79.73332977294922,76.9031982421875
2022-04-07,78.53333282470703,75.74579620361328
2022-04-08,79.46666717529297,76.64600372314453
2022-04-11,73.5999984741211,70.9875717163086
2022-04-12,74.53333282470703,71.88777160644531
2022-04-13,76.33333587646484,73.62389373779297
2022-04-14,79.93333435058594,77.09610748291016
2022-04-19,80.0,77.16040802001953
2022-04-20,79.53333282470703,76.71031188964844
2022-04-21,77.06666564941406,74.33119201660156
2022-04-22,77.19999694824219,74.45979309082031
2022-04-25,73.13333129882812,70.5374755859375
2022-04-26,74.73332977294922,72.08067321777344
2022-04-27,74.66666412353516,72.0163803100586
2022-04-28,75.73332977294922,73.04517364501953
2022-04-29,78.5999984741211,75.81009674072266
2022-05-03,78.26666259765625,75.48859405517578
2022-05-04,78.86666870117188,76.06729888916016
2022-05-05,79.46666717529297,76.64600372314453
2022-05-06,76.19999694824219,73.49527740478516
2022-05-10,71.66666412353516,69.12285614013672
2022-05-11,77.73332977294922,74.97418975830078
2022-05-12,75.26666259765625,72.59507751464844
2022-05-13,79.06666564941406,76.26020050048828
2022-05-16,79.19999694824219,76.38880157470703
2022-05-17,84.66666412353516,81.66143035888672
2022-05-18,86.73332977294922,83.65473937988281
2022-05-19,86.53333282470703,83.46184539794922
2022-05-20,89.53333282470703,86.35535430908203
2022-05-23,90.13333129882812,86.93405151367188
2022-05-24,84.93333435058594,81.91862487792969
2022-05-25,87.06666564941406,83.97624206542969
2022-05-26,87.93333435058594,84.81214904785156
2022-05-27,89.53333282470703,86.35535430908203
2022-05-30,91.66666412353516,88.41297149658203
2022-05-31,93.33333587646484,90.02046966552734
2022-06-01,94.19999694824219,90.85637664794922
2022-06-02,94.80000305175781,91.43508911132812
2022-06-06,100.19999694824219,96.64339447021484
2022-06-07,97.93333435058594,94.45719909667969
2022-06-08,100.66666412353516,97.09349822998047
2022-06-09,100.0,96.45050811767578
2022-06-10,105.26666259765625,101.53022766113281
2022-06-13,102.73332977294922,99.12555694580078
2022-06-14,101.26666259765625,97.71040344238281
2022-06-15,98.5999984741211,95.13738250732422
2022-06-16,96.93333435058594,93.52925109863281
2022-06-17,97.66666412353516,94.23683166503906
2022-06-20,100.4000015258789,96.87417602539062
2022-06-21,99.86666870117188,96.35958099365234
2022-06-22,98.86666870117188,95.39469146728516
2022-06-23,103.33333587646484,99.70449829101562
2022-06-24,103.4000015258789,99.76881408691406
2022-06-27,106.0,102.27751922607422
2022-06-28,110.46666717529297,106.58733367919922
2022-06-29,105.0,101.31263732910156
2022-06-30,104.66666412353516,100.99101257324219
2022-07-04,105.26666259765625,101.56993103027344
2022-07-05,104.53333282470703,100.86235809326172
2022-07-06,105.80000305175781,102.08453369140625
2022-07-07,108.33333587646484,104.5289077758789
2022-07-08,106.93333435058594,103.1780776977539
2022-07-11,102.26666259765625,98.67529296875
2022-07-12,90.06666564941406,86.90372467041016
2022-07-13,89.4000015258789,86.26046752929688
2022-07-14,94.33333587646484,91.02055358886719
2022-07-15,98.06666564941406,94.62278747558594
2022-07-18,97.93333435058594,94.49413299560547
2022-07-19,96.66666412353516,93.27194213867188
2022-07-20,96.0,92.6286849975586
2022-07-21,94.80000305175781,91.47084045410156
2022-07-22,95.13333129882812,91.7924575805664
2022-07-25,94.5999984741211,91.27786254882812
2022-07-26,96.33333587646484,92.95032501220703
2022-07-27,96.0,92.6286849975586
2022-07-28,96.4000015258789,93.0146484375
2022-07-29,95.19999694824219,91.85678100585938
2022-08-01,98.5999984741211,95.13738250732422
2022-08-02,95.66666412353516,92.30706787109375
2022-08-03,95.93333435058594,92.56436920166016
2022-08-04,98.33333587646484,94.88008880615234
2022-08-05,97.13333129882812,93.72222900390625
2022-08-08,97.46666717529297,94.04385375976562
2022-08-09,96.5999984741211,93.20763397216797
2022-08-10,93.19999694824219,89.9270248413086
2022-08-11,95.33333587646484,91.98544311523438
2022-08-12,95.5999984741211,92.24274444580078
2022-08-15,95.33333587646484,91.98544311523438
2022-08-16,94.93333435058594,91.5994873046875
2022-08-17,96.26666259765625,92.88599395751953
2022-08-18,94.46666717529297,91.14920806884766
2022-08-19,93.13333129882812,89.86270141601562
2022-08-22,92.66666412353516,89.41242218017578
2022-08-23,91.0,87.80428314208984
2022-08-24,86.26666259765625,83.23716735839844
2022-08-25,87.4000015258789,84.3307113647461
2022-08-26,88.33333587646484,85.23126983642578
2022-08-29,88.06666564941406,84.97396087646484
2022-08-30,87.66666412353516,84.58800506591797
2022-08-31,80.73332977294922,77.89815521240234
2022-09-01,77.53333282470703,74.81053924560547
2022-09-02,76.13333129882812,73.45970153808594
2022-09-05,71.66666412353516,69.14989471435547
2022-09-06,73.5999984741211,71.01533508300781
2022-09-07,74.33333587646484,71.72291564941406
2022-09-08,72.06666564941406,69.53585052490234
2022-09-09,73.86666870117188,71.27262878417969
2022-09-13,76.0,73.3310546875
2022-09-14,73.33333587646484,70.7580337524414
2022-09-15,72.4000015258789,69.85747528076172
2022-09-16,71.73332977294922,69.2142105102539
2022-09-19,71.93333435058594,69.40719604492188
2022-09-20,74.0,71.40128326416016
2022-09-21,72.4000015258789,69.85747528076172
2022-09-22,71.66666412353516,69.14989471435547
2022-09-23,70.19999694824219,67.73472595214844
2022-09-26,71.13333129882812,68.63528442382812
2022-09-27,71.4000015258789,68.89259338378906
2022-09-28,68.33333587646484,65.9336166381836
2022-09-29,66.93333435058594,64.5827865600586
2022-09-30,64.80000305175781,62.52437210083008
2022-10-03,64.0,61.75246047973633
2022-10-05,69.93333435058594,67.47743225097656
2022-10-06,68.33333587646484,65.9336166381836
2022-10-07,65.83333587646484,63.521419525146484
2022-10-10,63.266666412353516,61.044883728027344
2022-10-11,62.96666717529297,60.75541687011719
2022-10-12,65.0,62.71733856201172
2022-10-13,63.83333206176758,61.59164810180664
2022-10-14,64.96666717529297,62.685184478759766
2022-10-17,64.33333587646484,62.074092864990234
2022-10-18,68.33333587646484,65.9336166381836
2022-10-19,66.13333129882812,63.810874938964844
2022-10-20,64.9000015258789,62.62085723876953
2022-10-21,65.13333129882812,62.84599685668945
2022-10-24,61.83333206176758,59.66188049316406
2022-10-25,60.96666717529297,58.825653076171875
2022-10-26,62.36666488647461,60.17648696899414
2022-10-27,61.266666412353516,59.115116119384766
2022-10-28,55.233333587646484,53.29366683959961
2022-10-31,58.56666564941406,56.50993347167969
2022-11-01,61.20000076293945,59.05079650878906
2022-11-02,63.633331298828125,61.3986701965332
2022-11-03,62.46666717529297,60.27297592163086
2022-11-04,65.66666412353516,63.36058807373047
2022-11-07,66.16666412353516,63.84303283691406
2022-11-08,65.36666870117188,63.07113265991211
2022-11-09,62.33333206176758,60.14432144165039
2022-11-10,59.33333206176758,57.24967575073242
2022-11-11,64.46666717529297,62.20274353027344
2022-11-14,63.5,61.270023345947266
2022-11-15,65.16666412353516,62.87815856933594
2022-11-16,64.0,61.75246047973633
2022-11-17,62.33333206176758,60.14432144165039
2022-11-18,61.53333282470703,59.37242126464844
2022-11-21,61.46666717529297,59.3080940246582
2022-11-22,59.400001525878906,57.31400680541992
2022-11-23,58.33333206176758,56.284793853759766
2022-11-24,59.099998474121094,57.0245361328125
2022-11-25,57.43333435058594,55.41640853881836
2022-11-28,57.599998474121094,55.577213287353516
2022-11-29,60.666664123535156,58.53618621826172
2022-11-30,63.83333206176758,61.59164810180664
2022-12-01,64.5,62.23489761352539
2022-12-02,63.79999923706055,61.55948257446289
2022-12-05,65.33333587646484,63.038978576660156
2022-12-06,66.56666564941406,64.22899627685547
2022-12-07,66.73332977294922,64.38980102539062
2022-12-08,70.93333435058594,68.44231414794922
2022-12-09,71.66666412353516,69.14989471435547
2022-12-12,70.4000015258789,67.9277114868164
2022-12-13,70.13333129882812,67.67041015625
2022-12-14,69.26666259765625,66.83417510986328
2022-12-15,68.93333435058594,66.5125503540039
2022-12-16,69.33333587646484,66.89849853515625
2022-12-19,68.13333129882812,65.74063873291016
2022-12-20,67.19999694824219,64.84008026123047
2022-12-21,66.03333282470703,63.71438980102539
2022-12-22,67.19999694824219,64.84008026123047
2022-12-23,64.69999694824219,62.42787551879883
2022-12-28,64.33333587646484,62.074092864990234
2022-12-29,63.666664123535156,61.43083572387695
2022-12-30,64.19999694824219,61.945438385009766
2023-01-03,67.19999694824219,64.84008026123047
2023-01-04,67.66666412353516,65.29035949707031
2023-01-05,69.26666259765625,66.83417510986328
2023-01-06,67.46666717529297,65.0973892211914
2023-01-09,67.13333129882812,64.77576446533203
2023-01-10,69.06666564941406,66.64119720458984
2023-01-11,72.33333587646484,69.79314422607422
2023-01-12,76.13333129882812,73.45970153808594
2023-01-13,76.86666870117188,74.16728973388672
2023-01-16,75.5999984741211,72.94509887695312
2023-01-17,73.80000305175781,71.20830535888672
2023-01-18,73.86666870117188,71.27262878417969
2023-01-19,75.53333282470703,72.88076782226562
2023-01-20,75.46666717529297,72.81644439697266
2023-01-26,80.0,77.1905746459961
2023-01-27,82.06666564941406,79.18466186523438
2023-01-30,79.86666870117188,77.06193542480469
2023-01-31,81.66666412353516,78.79871368408203
2023-02-01,86.66666412353516,83.62312316894531
2023-02-02,87.33333587646484,84.2663803100586
2023-02-03,84.93333435058594,81.9506607055664
2023-02-06,81.93333435058594,79.05602264404297
2023-02-07,81.80000305175781,78.92737579345703
2023-02-08,80.66666412353516,77.83382415771484
2023-02-09,83.13333129882812,80.21387481689453
2023-02-10,80.19999694824219,77.38355255126953
2023-02-13,80.33333587646484,77.51220703125
2023-02-14,79.53333282470703,76.74029541015625
2023-02-15,78.73332977294922,75.9683837890625
2023-02-16,78.4000015258789,75.64677429199219
2023-02-17,76.53333282470703,73.84564971923828
2023-02-20,76.33333587646484,73.65267944335938
2023-02-21,75.93333435058594,73.26673126220703
2023-02-22,74.93333435058594,72.30184936523438
2023-02-23,75.0,72.36616516113281
2023-02-24,74.33333587646484,71.72291564941406
2023-02-27,71.80000305175781,69.2785415649414
2023-02-28,70.4000015258789,67.9277114868164
2023-03-01,74.80000305175781,72.17318725585938
2023-03-02,74.4000015258789,71.78724670410156
2023-03-03,75.06666564941406,72.43048858642578
2023-03-06,75.5999984741211,72.94509887695312
2023-03-07,74.5999984741211,71.98020935058594
2023-03-08,72.46666717529297,69.92179870605469
2023-03-09,73.0,70.43639373779297
2023-03-10,67.06666564941406,64.71144104003906
2023-03-13,66.66666412353516,64.32547760009766
2023-03-14,65.26666259765625,62.974639892578125
2023-03-15,66.66666412353516,64.32547760009766
2023-03-16,66.66666412353516,64.32547760009766
2023-03-17,68.33333587646484,65.9336166381836
2023-03-20,66.36666870117188,64.03601837158203
2023-03-21,67.33333587646484,64.96873474121094
2023-03-22,68.73332977294922,66.31956481933594
2023-03-23,70.33333587646484,67.86338806152344
2023-03-24,70.4000015258789,67.9277114868164
2023-03-27,69.33333587646484,66.89849853515625
2023-03-28,70.46666717529297,67.9920425415039
2023-03-29,72.66666412353516,70.1147689819336
2023-03-30,75.06666564941406,72.43048858642578
2023-03-31,76.5999984741211,73.90997314453125
2023-04-03,77.13333129882812,74.42457580566406
2023-04-04,75.73332977294922,73.07373809814453
2023-04-06,75.80000305175781,73.13807678222656
2023-04-11,75.93333435058594,73.26673126220703
2023-04-12,74.19999694824219,71.59425354003906
2023-04-13,74.06666564941406,71.46561431884766
2023-04-14,75.5999984741211,72.94509887695312
2023-04-17,77.26666259765625,74.55322265625
2023-04-18,76.53333282470703,73.84564971923828
2023-04-19,76.53333282470703,73.84564971923828
2023-04-20,75.86666870117188,73.20240020751953
2023-04-21,73.93333435058594,71.33695983886719
2023-04-24,76.5999984741211,73.90997314453125
2023-04-25,74.33333587646484,71.72291564941406
2023-04-26,77.5999984741211,74.8748550415039
2023-04-27,78.66666412353516,75.90406799316406
2023-04-28,78.66666412353516,75.90406799316406
2023-05-02,77.26666259765625,74.55322265625
2023-05-03,77.33333587646484,74.61756896972656
2023-05-04,78.06666564941406,75.32513427734375
2023-05-05,78.33333587646484,75.58245086669922
2023-05-08,80.0,77.1905746459961
2023-05-09,79.19999694824219,76.41867065429688
2023-05-10,81.13333129882812,78.28410339355469
2023-05-11,82.06666564941406,79.18466186523438
2023-05-12,81.06666564941406,78.21978759765625
2023-05-15,81.80000305175781,78.92737579345703
2023-05-16,81.4000015258789,78.54141998291016
2023-05-17,79.86666870117188,77.06193542480469
2023-05-18,81.26666259765625,78.41275787353516
2023-05-19,81.33333587646484,78.47708892822266
2023-05-22,84.06666564941406,81.11442565917969
2023-05-23,83.33333587646484,80.4068603515625
2023-05-24,82.66666412353516,79.76359558105469
2023-05-25,78.19999694824219,75.45378875732422
2023-05-29,76.5999984741211,73.90997314453125
2023-05-30,78.26666259765625,75.51811218261719
2023-05-31,78.80000305175781,76.03272247314453
2023-06-01,78.13333129882812,75.38945770263672
2023-06-02,81.66666412353516,78.79871368408203
2023-06-05,82.73332977294922,79.82792663574219
2023-06-06,84.0,81.05010986328125
2023-06-07,84.26666259765625,81.30741119384766
2023-06-08,82.5999984741211,79.69927215576172
2023-06-09,83.73332977294922,80.79280090332031
2023-06-12,85.19999694824219,82.20796203613281
2023-06-13,85.93333435058594,83.32637023925781
2023-06-14,86.26666259765625,83.64958953857422
2023-06-15,89.53333282470703,86.81715393066406
2023-06-16,89.13333129882812,86.42928314208984
2023-06-19,88.93333435058594,86.23535919189453
2023-06-20,87.66666412353516,85.00711822509766
2023-06-21,88.19999694824219,85.5242691040039
2023-06-23,85.33333587646484,82.74458312988281
2023-06-26,84.86666870117188,82.29206085205078
2023-06-27,84.19999694824219,81.64561462402344
2023-06-28,84.06666564941406,81.51632690429688
2023-06-29,82.5999984741211,80.09416198730469
2023-06-30,83.33333587646484,80.80525207519531
2023-07-03,87.06666564941406,84.42532348632812
2023-07-04,88.26666259765625,85.58891296386719
2023-07-05,87.4000015258789,84.74854278564453
2023-07-06,87.46666717529297,84.81318664550781
2023-07-07,84.86666870117188,82.29206085205078
2023-07-10,85.5999984741211,83.0031509399414
2023-07-11,88.0,85.33033752441406
2023-07-12,87.06666564941406,84.42532348632812
2023-07-13,88.0,85.33033752441406
2023-07-14,87.53333282470703,84.8778305053711
2023-07-18,88.33333587646484,85.653564453125
2023-07-19,88.4000015258789,85.71820831298828
2023-07-20,88.93333435058594,86.23535919189453
2023-07-21,89.0,86.30000305175781
2023-07-24,86.80000305175781,84.166748046875
2023-07-25,88.73332977294922,86.04142761230469
2023-07-26,88.5999984741211,85.91213989257812
2023-07-27,88.80000305175781,86.1060791015625
2023-07-28,90.4000015258789,87.65753936767578
2023-07-31,91.86666870117188,89.07970428466797
2023-08-01,91.5999984741211,88.82112884521484
2023-08-02,89.66666412353516,86.9464340209961
2023-08-03,89.93333435058594,87.20501708984375
2023-08-04,89.4000015258789,86.6878662109375
2023-08-07,90.06666564941406,87.33430480957031
2023-08-08,86.53333282470703,83.90816497802734
2023-08-09,86.33333587646484,83.7142333984375
2023-08-10,86.46666717529297,83.84352111816406
2023-08-11,84.80000305175781,82.22742462158203
2023-08-14,79.53333282470703,77.12052154541016
2023-08-15,78.46666717529297,76.08621978759766
2023-08-16,76.80000305175781,74.47012329101562
2023-08-17,78.0,75.63371276855469
2023-08-18,75.06666564941406,72.78937530517578
2023-08-21,72.86666870117188,70.6561050415039
2023-08-22,73.5999984741211,71.36719512939453
2023-08-23,73.4000015258789,71.17326354980469
2023-08-24,75.26666259765625,72.98329162597656
2023-08-25,74.53333282470703,72.272216796875
2023-08-28,75.06666564941406,72.78937530517578
2023-08-29,79.26666259765625,76.86194610595703
2023-08-30,81.5999984741211,79.12449645996094
2023-08-31,81.93333435058594,79.44772338867188
2023-09-04,84.46666717529297,81.9041976928711
2023-09-05,82.53333282470703,80.0295181274414
2023-09-06,83.06666564941406,80.54666900634766
2023-09-07,82.4000015258789,79.90023040771484
2023-09-11,82.5999984741211,80.09416198730469
2023-09-12,84.93333435058594,82.3567123413086
2023-09-13,82.5999984741211,80.09416198730469
2023-09-14,81.5999984741211,79.12449645996094
2023-09-15,82.46666717529297,79.96487426757812
2023-09-18,82.33333587646484,79.83558654785156
2023-09-19,82.19999694824219,79.70629119873047
2023-09-20,81.46666717529297,78.99520874023438
2023-09-21,80.13333129882812,77.70233154296875
2023-09-22,82.73332977294922,80.22344970703125
2023-09-25,82.5999984741211,80.09416198730469
2023-09-26,79.73332977294922,77.31446075439453
2023-09-27,79.13333129882812,76.73265838623047
2023-09-28,78.33333587646484,75.9569320678711
2023-09-29,80.66666412353516,78.219482421875
2023-10-03,79.53333282470703,77.12052154541016
2023-10-04,77.0,74.66404724121094
2023-10-05,77.4000015258789,75.05191802978516
2023-10-06,77.93333435058594,75.56906127929688
2023-10-09,78.33333587646484,75.9569320678711
2023-10-10,78.86666870117188,76.47408294677734
2023-10-11,80.4000015258789,77.96090698242188
2023-10-12,82.86666870117188,80.35273742675781
2023-10-13,81.13333129882812,78.67198944091797
2023-10-16,80.13333129882812,77.70233154296875
2023-10-17,80.26666259765625,77.83161926269531
2023-10-18,85.80000305175781,83.19708251953125
2023-10-19,82.66666412353516,80.15880584716797
2023-10-20,81.46666717529297,78.99520874023438
2023-10-24,79.53333282470703,77.12052154541016
2023-10-25,80.46666717529297,78.02554321289062
2023-10-26,80.80000305175781,78.34877014160156
2023-10-27,81.93333435058594,79.44772338867188
2023-10-30,82.06666564941406,79.5770034790039
2023-10-31,79.13333129882812,76.73265838623047
2023-11-01,77.73332977294922,75.37513732910156
2023-11-02,77.33333587646484,74.98727416992188
2023-11-03,80.33333587646484,77.89625549316406
2023-11-06,83.06666564941406,80.54666900634766
2023-11-07,82.66666412353516,80.15880584716797
2023-11-08,81.93333435058594,79.44772338867188
2023-11-09,82.0,79.51236724853516
2023-11-10,80.4000015258789,77.96090698242188
2023-11-13,80.73332977294922,78.28411865234375
2023-11-14,81.0,78.5427017211914
2023-11-15,83.46666717529297,80.93453979492188
2023-11-16,83.73332977294922,81.19310760498047
2023-11-17,81.4000015258789,78.9305648803711
2023-11-20,81.46666717529297,78.99520874023438
2023-11-21,80.73332977294922,78.28411865234375
2023-11-22,80.0,77.57304382324219
2023-11-23,80.5999984741211,78.15483093261719
2023-11-24,76.13333129882812,73.82366943359375
2023-11-27,74.06666564941406,71.8197021484375
2023-11-28,73.0,70.78539276123047
2023-11-29,70.5999984741211,68.45820617675781
2023-11-30,70.0,67.87641143798828
2023-12-01,68.66666412353516,66.58352661132812
2023-12-04,68.86666870117188,66.77745819091797
2023-12-05,69.26666259765625,67.16531372070312
2023-12-06,71.06666564941406,68.91071319580078
2023-12-07,71.0,68.8460693359375
2023-12-08,70.26666259765625,68.13497924804688
2023-12-11,69.4000015258789,67.29460906982422
2023-12-12,69.13333129882812,67.0360336303711
2023-12-13,67.80000305175781,65.74314880371094
2023-12-14,68.4000015258789,66.324951171875
2023-12-15,69.53333282470703,67.42389678955078
2023-12-18,67.66666412353516,65.61385345458984
2023-12-19,67.26666259765625,65.22599029541016
2023-12-20,66.66666412353516,64.64419555664062
2023-12-21,67.13333129882812,65.0967025756836
2023-12-22,67.53333282470703,65.48457336425781
2023-12-27,68.4000015258789,66.324951171875
2023-12-28,71.19999694824219,69.04000091552734
2023-12-29,71.46666717529297,69.298583984375
2024-01-02,69.80000305175781,67.68247985839844
2024-01-03,70.19999694824219,68.0703353881836
2024-01-04,69.86666870117188,67.74712371826172
2024-01-05,69.4000015258789,67.29460906982422
2024-01-08,68.26666259765625,66.1956558227539
2024-01-09,69.19999694824219,67.1006851196289
2024-01-10,68.19999694824219,66.13101196289062
2024-01-11,70.80000305175781,68.65214538574219
2024-01-12,70.33333587646484,68.19963073730469
2024-01-15,68.93333435058594,66.84210968017578
2024-01-16,68.4000015258789,66.324951171875
2024-01-17,65.0999984741211,63.12506103515625
2024-01-18,65.46666717529297,63.4806022644043
2024-01-19,65.19999694824219,63.22201919555664
2024-01-22,63.633331298828125,61.702884674072266
2024-01-23,65.66666412353516,63.674537658691406
2024-01-24,66.46666717529297,64.45027160644531
2024-01-25,66.13333129882812,64.12703704833984
2024-01-26,63.400001525878906,61.47663497924805
2024-01-29,62.03333282470703,60.151424407958984
2024-01-30,59.29999923706055,57.50101089477539
2024-01-31,58.099998474121094,56.33741760253906
2024-02-01,58.43333435058594,56.66063690185547
2024-02-02,57.599998474121094,55.85258483886719
2024-02-05,57.233333587646484,55.49704360961914
2024-02-06,60.29999923706055,58.47067642211914
2024-02-07,60.93333435058594,59.084800720214844
2024-02-08,61.36666488647461,59.504981994628906
2024-02-09,60.96666717529297,59.117122650146484
2024-02-14,60.96666717529297,59.117122650146484
2024-02-15,60.96666717529297,59.117122650146484
2024-02-16,63.33333206176758,61.4119873046875
2024-02-19,62.133331298828125,60.24839401245117
2024-02-20,60.733333587646484,58.890865325927734
2024-02-21,62.099998474121094,60.216068267822266
2024-02-22,62.43333435058594,60.53929138183594
2024-02-23,61.733333587646484,59.860530853271484
2024-02-26,62.633331298828125,60.73322296142578
2024-02-27,65.96666717529297,63.96543502807617
2024-02-28,64.30000305175781,62.34933090209961
2024-02-29,64.43333435058594,62.47861862182617
2024-03-01,64.9000015258789,62.93112564086914
2024-03-04,64.19999694824219,62.25236129760742
2024-03-05,63.70000076293945,61.76753234863281
2024-03-06,64.30000305175781,62.34933090209961
2024-03-07,62.79999923706055,60.894832611083984
2024-03-08,62.666664123535156,60.76554489135742
2024-03-11,65.80000305175781,63.8038330078125
2024-03-12,69.86666870117188,67.74712371826172
2024-03-13,69.80000305175781,67.68247985839844
2024-03-14,70.86666870117188,68.71678924560547
2024-03-15,70.06666564941406,67.94105529785156
2024-03-18,72.26666259765625,70.07431030273438
2024-03-19,71.26666259765625,69.10464477539062
2024-03-20,71.66666412353516,69.49251556396484
2024-03-21,72.19999694824219,70.0096664428711
2024-03-22,71.33333587646484,69.16929626464844
2024-03-25,70.33333587646484,68.19963073730469
2024-03-26,72.0,69.81573486328125
2024-03-27,67.5999984741211,65.54920959472656
2024-03-28,67.19999694824219,65.16134643554688
2024-04-02,67.53333282470703,65.48457336425781
2024-04-03,66.06666564941406,64.0624008178711
2024-04-05,65.96666717529297,63.96543502807617
2024-04-08,67.33333587646484,65.29064178466797
2024-04-09,69.06666564941406,66.97139739990234
2024-04-10,70.46666717529297,68.32891845703125
2024-04-11,70.53333282470703,68.39356231689453
2024-04-12,70.06666564941406,67.94105529785156
2024-04-15,69.4000015258789,67.29460906982422
2024-04-16,68.4000015258789,66.324951171875
2024-04-17,67.93333435058594,65.8724365234375
2024-04-18,68.46666717529297,66.38958740234375
2024-04-19,67.06666564941406,65.03205871582031
2024-04-22,66.93333435058594,64.90277099609375
2024-04-23,65.83333587646484,63.83614730834961
2024-04-24,67.06666564941406,65.03205871582031
2024-04-25,67.93333435058594,65.8724365234375
2024-04-26,70.93333435058594,68.78143310546875
2024-04-29,72.13333129882812,69.94502258300781
2024-04-30,71.86666870117188,69.68644714355469
2024-05-02,75.0,72.72472381591797
2024-05-03,75.46666717529297,73.17723083496094
2024-05-06,75.33333587646484,73.04794311523438
2024-05-07,75.80000305175781,73.50045776367188
2024-05-08,74.33333587646484,72.07828521728516
2024-05-09,75.26666259765625,72.98329162597656
2024-05-10,74.46666717529297,72.20756530761719
2024-05-13,74.19999694824219,71.94898986816406
2024-05-14,74.33333587646484,72.07828521728516
2024-05-16,73.93333435058594,71.69041442871094
2024-05-17,74.19999694824219,71.94898986816406
2024-05-20,75.66666412353516,73.37116241455078
2024-05-21,72.33333587646484,70.13896179199219
2024-05-22,71.4000015258789,69.23394012451172
2024-05-23,70.53333282470703,68.39356231689453
2024-05-24,69.33333587646484,67.22997283935547
2024-05-27,69.0,66.90674591064453
2024-05-28,68.86666870117188,66.77745819091797
2024-05-29,72.53333282470703,70.33289337158203
2024-05-30,73.13333129882812,70.91468048095703
2024-05-31,73.19999694824219,70.97933197021484
2024-06-03,76.86666870117188,74.5347671508789
2024-06-04,76.93333435058594,74.59940338134766
2024-06-05,77.80000305175781,75.43978118896484
2024-06-06,76.4000015258789,74.0822525024414
2024-06-07,76.0,73.69438934326172
2024-06-11,76.13333129882812,74.94324493408203
2024-06-12,73.33333587646484,72.18702697753906
2024-06-13,77.5999984741211,76.38699340820312
2024-06-14,76.46666717529297,75.27137756347656
2024-06-17,77.80000305175781,76.58386993408203
2024-06-18,77.86666870117188,76.64949035644531
2024-06-19,79.33333587646484,78.0932388305664
2024-06-20,79.19999694824219,77.96198272705078
2024-06-21,78.73332977294922,77.50260162353516
2024-06-24,79.19999694824219,77.96198272705078
2024-06-25,79.86666870117188,78.61823272705078
2024-06-26,79.13333129882812,77.89635467529297
2024-06-27,76.93333435058594,75.73074340820312
2024-06-28,77.33333587646484,76.12449645996094
2024-07-02,76.06666564941406,74.87762451171875
2024-07-03,76.73332977294922,75.53387451171875
2024-07-04,78.19999694824219,76.97760772705078
2024-07-05,78.33333587646484,77.1088638305664
2024-07-08,77.73332977294922,76.51824188232422
2024-07-09,78.4000015258789,77.17449188232422
2024-07-10,78.93333435058594,77.6994857788086
2024-07-11,80.46666717529297,79.20884704589844
2024-07-12,82.19999694824219,80.91508483886719
2024-07-15,81.4000015258789,80.12759399414062
2024-07-16,80.19999694824219,78.94635009765625
2024-07-17,79.93333435058594,78.68385314941406
2024-07-18,80.53333282470703,79.27447509765625
2024-07-19,81.0,79.73384857177734
2024-07-22,82.0,80.71821594238281
2024-07-23,79.46666717529297,78.22447967529297
2024-07-24,77.66666412353516,76.45262145996094
2024-07-25,78.06666564941406,76.84635925292969
2024-07-26,78.5999984741211,77.3713607788086
2024-07-29,77.13333129882812,75.92761993408203
2024-07-30,74.93333435058594,73.76201629638672
2024-07-31,76.0,74.81200408935547
2024-08-01,75.5999984741211,74.41825103759766
2024-08-02,73.06666564941406,71.92452239990234
2024-08-05,71.80000305175781,70.67766571044922
2024-08-06,70.33333587646484,69.23391723632812
2024-08-07,70.4000015258789,69.2995376586914
2024-08-08,69.19999694824219,68.11830139160156
2024-08-09,71.4000015258789,70.2839126586914
2024-08-12,71.19999694824219,70.08702850341797
2024-08-13,71.0,69.8901596069336
2024-08-14,70.80000305175781,69.69329071044922
2024-08-15,71.53333282470703,70.4151611328125
2024-08-16,73.46666717529297,72.31827545166016
2024-08-19,73.80000305175781,72.64639282226562
2024-08-20,74.93333435058594,73.76201629638672
2024-08-21,75.06666564941406,73.89326477050781
2024-08-22,75.86666870117188,74.68075561523438
2024-08-23,75.4000015258789,74.22138214111328
2024-08-26,76.26666259765625,75.07449340820312
2024-08-27,76.73332977294922,75.53387451171875
2024-08-28,75.33333587646484,74.15575408935547
2024-08-29,75.86666870117188,74.68075561523438
2024-08-30,80.4000015258789,79.14322662353516
2024-09-02,78.33333587646484,77.1088638305664
2024-09-03,78.53333282470703,77.30574035644531
2024-09-04,78.26666259765625,77.0432357788086
2024-09-05,79.06666564941406,77.83073425292969
2024-09-09,78.33333587646484,77.1088638305664
2024-09-10,78.73332977294922,77.50260162353516
2024-09-11,80.06666564941406,78.81510162353516
2024-09-12,79.5999984741211,78.35572814941406
2024-09-13,79.93333435058594,78.68385314941406
2024-09-16,80.0,78.74948120117188
2024-09-17,80.93333435058594,79.66822052001953
2024-09-19,81.66666412353516,80.39009094238281
2024-09-20,81.73332977294922,80.4557113647461
2024-09-23,80.13333129882812,78.88072967529297
2024-09-24,82.93333435058594,81.63695526123047
2024-09-25,83.93333435058594,82.62132263183594
2024-09-26,86.80000305175781,85.44318389892578
2024-09-27,91.93333435058594,90.49627685546875
2024-09-30,94.5999984741211,93.12126159667969
2024-10-02,99.80000305175781,98.23998260498047
2024-10-03,99.66666412353516,98.10872650146484
2024-10-04,101.86666870117188,100.27433776855469
2024-10-07,106.53333282470703,104.86805725097656
2024-10-08,97.0,95.4837417602539
2024-10-09,95.4000015258789,93.90875244140625
2024-10-10,99.5999984741211,98.04309844970703
2024-10-14,96.0,94.49937438964844
2024-10-15,91.86666870117188,90.43064880371094
2024-10-16,90.19999694824219,88.79003143310547
2024-10-17,90.19999694824219,88.79003143310547
2024-10-18,95.66666412353516,94.1712417602539
2024-10-21,95.80000305175781,94.30249786376953
2024-10-22,94.86666870117188,93.38375091552734
2024-10-23,96.4000015258789,94.89312744140625
2024-10-24,95.26666259765625,93.77749633789062
2024-10-25,97.53333282470703,96.00873565673828
2024-10-28,98.19999694824219,96.66497802734375
2024-10-29,99.0,97.45247650146484
2024-10-30,98.33333587646484,96.79623413085938
2024-10-31,93.80000305175781,92.33377075195312
2024-11-01,92.53333282470703,91.0868911743164
2024-11-04,95.80000305175781,94.30249786376953
2024-11-05,98.06666564941406,96.53373718261719
2024-11-06,94.33333587646484,92.8587646484375
2024-11-07,93.46666717529297,92.0056381225586
2024-11-08,92.93333435058594,91.48064422607422
2024-11-11,92.26666259765625,90.82438659667969
2024-11-12,91.33333587646484,89.9056625366211
2024-11-13,91.66666412353516,90.23377227783203
2024-11-14,88.5999984741211,87.21504974365234
2024-11-15,88.0,86.62442016601562
2024-11-18,89.06666564941406,87.6744155883789
2024-11-19,89.53333282470703,88.1337890625
2024-11-20,88.46666717529297,87.08380126953125
2024-11-21,88.26666259765625,86.88691711425781
2024-11-22,86.19999694824219,84.8525619506836
2024-11-25,86.53333282470703,85.18067932128906
2024-11-26,85.66666412353516,84.32756042480469
2024-11-27,86.33333587646484,84.98381042480469
2024-11-28,84.06666564941406,82.75257110595703
2024-11-29,84.53333282470703,83.21195220947266
2024-12-02,86.5999984741211,85.24630737304688
2024-12-03,87.46666717529297,86.09942626953125
2024-12-04,86.80000305175781,85.44318389892578
2024-12-05,85.26666259765625,83.9338150024414
2024-12-06,88.66666412353516,87.28067016601562
2024-12-09,91.26666259765625,89.84002685546875
2024-12-10,90.80000305175781,89.38066101074219
2024-12-11,91.13333129882812,89.70877838134766
2024-12-12,93.33333587646484,91.8743896484375
2024-12-13,89.53333282470703,88.1337890625
2024-12-16,87.4000015258789,86.03380584716797
2024-12-17,88.86666870117188,87.47754669189453
2024-12-18,89.93333435058594,88.52753448486328
2024-12-19,89.53333282470703,88.1337890625
2024-12-20,89.0,87.60879516601562
2024-12-23,89.86666870117188,88.4619140625
2024-12-24,91.46666717529297,90.03690338134766
2024-12-27,91.19999694824219,89.77440643310547
2024-12-30,89.4000015258789,88.0025405883789
2024-12-31,88.86666870117188,87.47754669189453
2025-01-02,86.06666564941406,84.7213134765625
2025-01-03,86.0,84.65569305419922
2025-01-06,85.53333282470703,84.1963119506836
2025-01-07,86.4000015258789,85.04943084716797
2025-01-08,84.80000305175781,83.47444915771484
2025-01-09,85.26666259765625,83.9338150024414
2025-01-10,83.80000305175781,82.49007415771484
2025-01-13,83.06666564941406,81.76820373535156
2025-01-14,85.66666412353516,84.32756042480469
2025-01-15,86.26666259765625,84.91818237304688
2025-01-16,87.0,85.64006042480469
2025-01-17,87.93333435058594,86.55880737304688
2025-01-20,91.66666412353516,90.23377227783203
2025-01-21,93.19999694824219,91.74313354492188
2025-01-22,92.19999694824219,90.75877380371094
2025-01-23,90.19999694824219,88.79003143310547
2025-01-24,91.46666717529297,90.03690338134766
2025-01-27,91.5999984741211,90.16815185546875
2025-01-28,90.93333435058594,89.51190948486328
2025-02-03,91.53333282470703,90.10252380371094
2025-02-04,95.4000015258789,93.90875244140625
2025-02-05,94.4000015258789,92.92438507080078
2025-02-06,105.26666259765625,103.62118530273438
2025-02-07,110.0,108.28053283691406
2025-02-10,110.06666564941406,108.34615325927734
2025-02-11,109.26666259765625,107.55865478515625
2025-02-12,117.33333587646484,115.49923706054688
2025-02-13,113.0,111.23363494873047
2025-02-14,121.4000015258789,119.50233459472656
2025-02-17,118.4000015258789,116.54923248291016
2025-02-18,121.86666870117188,119.96170806884766
2025-02-19,122.73332977294922,120.8148193359375
2025-02-20,125.0,123.04605865478516
2025-02-21,130.8000030517578,128.75540161132812
2025-02-24,129.6666717529297,127.63978576660156
2025-02-25,129.06666564941406,127.04914855957031
2025-02-26,129.93333435058594,127.90228271484375
2025-02-27,132.86666870117188,130.7897491455078
2025-02-28,123.86666870117188,121.9304428100586
2025-03-03,121.19999694824219,119.30545043945312
2025-03-04,113.0,111.23363494873047
2025-03-05,116.4000015258789,114.58049011230469
2025-03-06,120.53333282470703,118.64920806884766
2025-03-07,118.4000015258789,116.54923248291016
2025-03-10,115.19999694824219,113.39923858642578
2025-03-11,116.73332977294922,114.90861511230469
2025-03-12,118.33333587646484,116.48360443115234
2025-03-13,120.26666259765625,118.38670349121094
2025-03-14,128.60000610351562,126.58979034423828
2025-03-17,128.53334045410156,126.524169921875
2025-03-18,133.8000030517578,131.70851135253906
2025-03-19,139.0,136.8272247314453
2025-03-20,141.39999389648438,139.189697265625
2025-03-21,130.53334045410156,128.49290466308594
2025-03-24,134.46665954589844,132.36473083496094
2025-03-25,129.73333740234375,127.70540618896484
2025-03-26,132.8000030517578,130.72413635253906
2025-03-27,135.8000030517578,133.67724609375
2025-03-28,135.60000610351562,133.48036193847656
2025-03-31,130.93333435058594,128.8866424560547
2025-04-01,128.73333740234375,126.72103881835938
2025-04-02,127.13333129882812,125.14604187011719
2025-04-03,124.93333435058594,122.98043823242188
2025-04-07,105.06666564941406,103.42430877685547
2025-04-08,110.13333129882812,108.41177368164062
2025-04-09,111.73332977294922,109.98677062988281
2025-04-10,114.73332977294922,112.93987274169922
2025-04-11,122.93333435058594,121.0116958618164
2025-04-14,125.33333587646484,123.37418365478516
2025-04-15,125.13333129882812,123.17730712890625
2025-04-16,121.26666259765625,119.37107849121094
2025-04-17,122.0,120.09294891357422
2025-04-22,125.26666259765625,123.30855560302734
2025-04-23,130.13333129882812,128.09913635253906
2025-04-24,130.13333129882812,128.09913635253906
2025-04-25,132.3333282470703,130.26475524902344
2025-04-28,127.06666564941406,125.08041381835938
2025-04-29,123.80000305175781,121.86481475830078
2025-04-30,123.4000015258789,121.4710693359375
2025-05-02,127.46666717529297,125.47416687011719
2025-05-06,128.26666259765625,126.26165771484375
2025-05-07,128.13333129882812,126.13040924072266
2025-05-08,128.60000610351562,126.58979034423828
2025-05-09,129.0,126.98352813720703
2025-05-12,138.53334045410156,136.3678436279297
2025-05-13,131.93333435058594,129.8710174560547
2025-05-14,138.1999969482422,136.0397186279297
2025-05-15,140.13333129882812,137.94284057617188
2025-05-16,144.73333740234375,142.47093200683594
2025-05-19,144.60000610351562,142.3396759033203
2025-05-20,148.1999969482422,145.88339233398438
2025-05-21,154.1999969482422,151.78961181640625
2025-05-22,152.06666564941406,149.68963623046875
2025-05-23,155.06666564941406,152.6427459716797
2025-05-26,141.73333740234375,139.51783752441406
2025-05-27,139.39999389648438,137.220947265625
2025-05-28,135.6666717529297,133.54600524902344
2025-05-29,135.3333282470703,133.2178497314453
2025-05-30,130.93333435058594,128.8866424560547
2025-06-02,128.46665954589844,126.45852661132812
2025-06-03,133.53334045410156,131.44601440429688
2025-06-04,135.39999389648438,133.2834930419922
2025-06-05,137.3333282470703,135.1865997314453
2025-06-06,134.3333282470703,132.23348999023438
2025-06-09,132.1999969482422,130.13351440429688
2025-06-10,135.60000610351562,134.955810546875
2025-06-11,140.8000030517578,140.131103515625
2025-06-12,134.39999389648438,133.76150512695312
2025-06-13,131.10000610351562,130.47718811035156
2025-06-16,129.8000030517578,129.18336486816406
2025-06-17,129.0,128.3871612548828
2025-06-18,127.5,126.894287109375
2025-06-19,124.5,123.90853881835938
2025-06-20,125.80000305175781,125.2023696899414
2025-06-23,126.0999984741211,125.50093841552734
2025-06-24,130.1999969482422,129.5814666748047
2025-06-25,129.89999389648438,129.2828826904297
2025-06-26,125.69999694824219,125.10283660888672
2025-06-27,124.19999694824219,123.6099624633789
2025-06-30,122.5,121.91804504394531
2025-07-02,122.30000305175781,121.718994140625
2025-07-03,123.0,122.41566467285156
2025-07-04,121.5,120.92279052734375
2025-07-07,121.5,120.92279052734375
2025-07-08,122.69999694824219,122.1170883178711
2025-07-09,121.30000305175781,120.72374725341797
2025-07-10,119.5,118.93229675292969
2025-07-11,120.0999984741211,119.5294418334961
2025-07-14,120.4000015258789,119.82801818847656
2025-07-15,123.4000015258789,122.81376647949219
2025-07-16,122.5,121.91804504394531
2025-07-17,123.80000305175781,123.21186828613281
2025-07-18,126.4000015258789,125.79951477050781
2025-07-21,127.69999694824219,127.09333801269531
2025-07-22,134.1999969482422,133.5624542236328
2025-07-23,133.39999389648438,132.76625061035156
2025-07-24,132.10000610351562,131.47244262695312
2025-07-25,129.60000610351562,128.98431396484375
2025-07-28,128.10000610351562,127.49144744873047
2025-07-29,128.3000030517578,127.69049072265625
2025-07-30,120.9000015258789,120.32564544677734
2025-07-31,115.4000015258789,114.85177612304688
2025-08-01,116.19999694824219,115.6479721069336
2025-08-04,114.5,113.95604705810547
2025-08-05,112.0999984741211,111.56745147705078
2025-08-06,111.5999984741211,111.06982421875
2025-08-07,112.80000305175781,112.26412963867188
2025-08-08,111.19999694824219,110.67172241210938
2025-08-11,111.5,110.97029876708984
2025-08-12,111.30000305175781,110.77125549316406
2025-08-13,115.0,114.45367431640625
2025-08-14,113.80000305175781,113.2593765258789
2025-08-15,112.80000305175781,112.26412963867188
2025-08-18,113.69999694824219,113.15984344482422
2025-08-19,114.0,113.45842742919922
2025-08-20,113.4000015258789,112.86127471923828
2025-08-21,111.4000015258789,110.87077331542969
2025-08-22,114.30000305175781,113.75700378417969
2025-08-25,115.80000305175781,115.2498779296875
2025-08-26,117.5999984741211,117.04132080078125
2025-08-27,115.0999984741211,114.5531997680664
2025-08-28,112.0,111.46792602539062
2025-08-29,114.4000015258789,113.85652160644531
2025-09-01,108.4000015258789,107.8850326538086
2025-09-02,110.80000305175781,110.27362823486328
2025-09-03,108.0,107.48693084716797
2025-09-04,104.5,104.00355529785156
2025-09-05,105.5999984741211,105.09832763671875
2025-09-08,105.5999984741211,105.09832763671875
2025-09-09,105.9000015258789,105.39690399169922
2025-09-10,105.5999984741211,105.09832763671875
2025-09-11,105.19999694824219,104.70022583007812
2025-09-12,104.5,104.00355529785156
2025-09-15,108.0999984741211,107.5864486694336
2025-09-16,109.9000015258789,109.3779067993164
2025-09-17,112.80000305175781,112.26412963867188
2025-09-18,112.80000305175781,112.26412963867188
2025-09-19,113.5,112.96080017089844
2025-09-22,109.69999694824219,109.17884826660156
2025-09-23,106.30000305175781,105.79500579833984
2025-09-24,105.69999694824219,105.1978530883789
2025-09-25,108.19999694824219,107.68597412109375
2025-09-26,106.5,105.99405670166016
2025-09-29,108.5999984741211,108.08407592773438
2025-09-30,110.19999694824219,109.67647552490234
2025-10-02,113.9000015258789,113.35890197753906
2025-10-03,109.4000015258789,108.88027954101562
2025-10-06,108.0999984741211,107.5864486694336
2025-10-08,109.69999694824219,109.17884826660156
2025-10-09,110.19999694824219,109.67647552490234
2025-10-10,108.19999694824219,107.68597412109375
2025-10-13,106.30000305175781,105.79500579833984
2025-10-14,105.4000015258789,104.89928436279297
2025-10-15,108.5999984741211,108.08407592773438
2025-10-16,107.5999984741211,107.08882904052734
2025-10-17,103.19999694824219,102.70972442626953
2025-10-20,104.80000305175781,104.30213165283203
2025-10-21,103.9000015258789,103.40641021728516
2025-10-22,102.9000015258789,102.4111557006836
2025-10-23,103.9000015258789,103.40641021728516
2025-10-24,104.0,103.50592803955078
2025-10-27,105.69999694824219,105.1978530883789
2025-10-28,104.80000305175781,104.30213165283203
2025-10-30,104.19999694824219,103.7049789428711
2025-10-31,100.5999984741211,100.12207794189453
2025-11-03,99.0999984741211,98.62920379638672
2025-11-04,97.0999984741211,96.63871002197266
2025-11-05,95.4000015258789,94.94678497314453
2025-11-06,97.6500015258789,97.18609619140625
2025-11-07,97.9000015258789,97.4349136352539
2025-11-10,101.80000305175781,101.3163833618164
2025-11-11,101.30000305175781,100.81876373291016
2025-11-12,100.5,100.0225601196289
2025-11-13,102.80000305175781,102.31163787841797
2025-11-14,100.5999984741211,100.12207794189453
2025-11-17,100.69999694824219,100.22160339355469
2025-11-18,96.9000015258789,96.43965911865234
2025-11-19,96.05000305175781,95.59370422363281
2025-11-20,95.19999694824219,94.74773406982422
2025-11-21,92.75,92.30937194824219
2025-11-24,94.8499984741211,94.39939880371094
2025-11-25,95.75,95.29512023925781
2025-11-26,98.3499984741211,97.88276672363281
2025-11-27,97.0,96.5391845703125
2025-11-28,97.5,97.03681182861328
2025-12-01,97.94999694824219,97.48467254638672
2025-12-02,100.0999984741211,99.62445831298828
2025-12-03,98.1500015258789,97.68372344970703
2025-12-04,98.4000015258789,97.93253326416016
2025-12-05,99.1500015258789,98.67897033691406
2025-12-08,99.30000305175781,98.82826232910156
2025-12-09,98.0,97.53443145751953
2025-12-10,97.75,97.2856216430664
2025-12-11,97.3499984741211,96.88751983642578
2025-12-12,98.5,98.03205871582031
2025-12-15,96.0,95.54393768310547
2025-12-16,94.55000305175781,94.100830078125
2025-12-17,95.25,94.79750061035156
2025-12-18,93.9000015258789,93.45391082763672
2025-12-19,93.69999694824219,93.2548599243164
2025-12-22,93.75,93.30462646484375
2025-12-23,93.0999984741211,92.65771484375
2025-12-24,93.6500015258789,93.2051010131836
2025-12-29,97.0999984741211,96.63871002197266
2025-12-30,97.5999984741211,97.1363296508789
2025-12-31,95.0999984741211,94.64820861816406
2026-01-02,98.75,98.28086853027344
2026-01-05,95.80000305175781,95.34488677978516
2026-01-06,99.19999694824219,98.72872924804688
2026-01-07,95.30000305175781,94.8472671508789
2026-01-08,94.6500015258789,94.20034790039062
2026-01-09,94.55000305175781,94.100830078125
2026-01-12,95.69999694824219,95.245361328125
2026-01-13,97.25,96.78799438476562
2026-01-14,97.5999984741211,97.1363296508789
2026-01-15,99.0999984741211,98.62920379638672
2026-01-16,99.19999694824219,98.72872924804688
2026-01-19,100.69999694824219,100.22160339355469
2026-01-20,97.0,96.5391845703125
2026-01-21,99.05000305175781,98.57945251464844
2026-01-22,99.75,99.276123046875
2026-01-23,99.5999984741211,99.1268310546875
2026-01-26,98.5,98.03205871582031
2026-01-27,98.30000305175781,97.83301544189453
2026-01-28,102.80000305175781,102.31163787841797
2026-01-29,101.80000305175781,101.3163833618164
2026-01-30,97.75,97.2856216430664
2026-02-02,91.0,90.56768798828125
2026-02-03,90.0,89.57244110107422
2026-02-04,90.0,89.57244110107422
2026-02-05,91.25,90.81649780273438
2026-02-06,92.30000305175781,91.86151885986328
2026-02-09,93.55000305175781,93.10557556152344
2026-02-10,95.80000305175781,95.34488677978516
2026-02-11,99.1500015258789,98.67897033691406
2026-02-12,98.55000305175781,98.08182525634766
2026-02-13,97.75,97.2856216430664
2026-02-16,97.8499984741211,97.38514709472656
2026-02-20,95.44999694824219,94.99654388427734
2026-02-23,100.0999984741211,99.62445831298828
2026-02-24,99.3499984741211,98.87802124023438
2026-02-25,98.75,98.28086853027344
2026-02-26,94.94999694824219,94.4989242553711
2026-02-27,94.94999694824219,94.4989242553711
2026-03-02,99.0999984741211,98.62920379638672
2026-03-03,96.19999694824219,95.74298095703125
2026-03-04,95.05000305175781,94.59844970703125
2026-03-05,92.5999984741211,92.16008758544922
2026-03-06,94.69999694824219,94.25010681152344
2026-03-09,98.05000305175781,97.58419799804688
2026-03-10,96.94999694824219,96.48941802978516
2026-03-11,98.1500015258789,97.68372344970703
2026-03-12,98.19999694824219,97.73348236083984
2026-03-13,96.75,96.29037475585938
2026-03-16,104.30000305175781,103.80451202392578
2026-03-17,104.5,104.00355529785156
2026-03-18,102.19999694824219,101.7144775390625
2026-03-19,103.19999694824219,102.70972442626953
2026-03-20,103.80000305175781,103.306884765625
2026-03-23,102.4000015258789,101.91353607177734
2026-03-24,107.0,106.4916763305664
2026-03-25,106.4000015258789,105.89453125
2026-03-26,102.69999694824219,102.21210479736328
2026-03-27,106.5,105.99405670166016
2026-03-30,105.80000305175781,105.29737854003906
2026-03-31,105.80000305175781,105.29737854003906
2026-04-01,104.69999694824219,104.20259857177734
2026-04-02,103.9000015258789,103.40641021728516
2026-04-08,106.80000305175781,106.29263305664062
2026-04-09,101.80000305175781,101.3163833618164
2026-04-10,105.0999984741211,104.60070037841797
2026-04-13,110.30000305175781,109.7760009765625
2026-04-14,109.4000015258789,108.88027954101562
2026-04-15,107.30000305175781,106.79025268554688
2026-04-16,113.19999694824219,112.66222381591797
2026-04-17,111.4000015258789,110.87077331542969
2026-04-20,110.0,109.47742462158203
2026-04-21,109.0999984741211,108.58170318603516
2026-04-22,107.0,106.4916763305664
2026-04-23,103.5,103.00830841064453
2026-04-24,101.19999694824219,100.71923065185547
2026-04-27,106.0,105.49642944335938
2026-04-28,103.69999694824219,103.20735168457031
2026-04-29,108.30000305175781,107.78550720214844
2026-04-30,102.5,102.01305389404297
2026-05-04,103.0,102.51068115234375
2026-05-05,101.0,100.52017974853516
2026-05-06,98.9000015258789,98.43016052246094
2026-05-07,100.69999694824219,100.22160339355469
2026-05-08,99.75,99.276123046875
2026-05-11,101.69999694824219,101.21685028076172
2026-05-12,99.8499984741211,99.37564086914062
2026-05-13,98.1500015258789,97.68372344970703
2026-05-14,98.1500015258789,97.68372344970703
2026-05-15,96.44999694824219,95.9917984008789
2026-05-18,93.80000305175781,93.3543930053711
2026-05-19,93.9000015258789,93.45391082763672
2026-05-20,90.19999694824219,89.771484375
2026-05-21,90.55000305175781,90.11982727050781
2026-05-22,91.5999984741211,91.16484069824219
2026-05-26,93.6500015258789,93.2051010131836
2026-05-27,90.69999694824219,90.26911163330078
2026-05-28,90.30000305175781,89.87101745605469
2026-05-29,91.30000305175781,90.86626434326172
2026-06-01,90.75,90.31887817382812
2026-06-02,96.75,96.29037475585938
2026-06-03,93.25,92.80699920654297
2026-06-04,91.80000305175781,91.3638916015625
2026-06-05,89.69999694824219,89.27386474609375
2026-06-08,88.05000305175781,87.63170623779297
2026-06-09,88.4000015258789,87.98004150390625
2026-06-10,86.5999984741211,86.18859100341797
2026-06-11,84.94999694824219,84.94999694824219
2026-06-12,86.55000305175781,86.55000305175781
2026-06-15,85.5999984741211,85.5999984741211
2026-06-16,84.05000305175781,84.05000305175781
2026-06-17,81.9000015258789,81.9000015258789
2026-06-18,80.8499984741211,80.8499984741211
2026-06-22,78.3499984741211,78.3499984741211
2026-06-23,75.8499984741211,75.8499984741211
2026-06-24,75.94999694824219,75.94999694824219
2026-06-25,76.05000305175781,76.05000305175781
2026-06-26,72.6500015258789,72.6500015258789
2026-06-29,72.9000015258789,72.9000015258789
2026-06-30,72.44999694824219,72.44999694824219
2026-07-02,78.30000305175781,78.30000305175781
2026-07-03,84.0999984741211,84.0999984741211
2026-07-06,83.80000305175781,83.80000305175781
2026-07-07,83.44999694824219,83.44999694824219
2026-07-08,85.8499984741211,85.8499984741211
2026-07-09,82.6500015258789,82.6500015258789
2026-07-10,84.9000015258789,84.9000015258789
2026-07-13,83.94999694824219,83.94999694824219
2026-07-14,86.1500015258789,86.1500015258789
2026-07-15,86.94999694824219,86.94999694824219
2026-07-16,90.94999694824219,90.94999694824219
2026-07-17,88.69999694824219,88.69999694824219
2026-07-20,90.1500015258789,90.1500015258789
2026-07-21,89.80000305175781,89.80000305175781
2026-07-22,87.8499984741211,87.8499984741211
2026-07-23,88.6500015258789,88.6500015258789
2026-07-24,88.6500015258789,88.6500015258789
2026-07-27,88.55000305175781,88.55000305175781
2026-07-28,89.80000305175781,89.80000305175781
2026-07-29,93.5999984741211,93.5999984741211
2026-07-30,94.80000305175781,94.80000305175781
2026-07-31,94.1500015258789,94.1500015258789
2026-08-03,94.9000015258789,94.9000015258789
2026-08-04,93.44999694824219,93.44999694824219
2026-08-05,93.80000305175781,93.80000305175781
2026-08-06,89.8499984741211,89.8499984741211
2026-08-07,90.1500015258789,90.1500015258789
2026-08-10,92.30000305175781,92.30000305175781
2026-08-11,89.69999694824219,89.69999694824219
2026-08-12,89.5999984741211,89.5999984741211
2026-08-13,88.4000015258789,88.4000015258789
2026-08-14,88.25,88.25
2026-08-17,90.05000305175781,90.05000305175781
2026-08-18,90.0,90.0
2026-08-19,89.4000015258789,89.4000015258789
2026-08-20,91.80000305175781,91.80000305175781
2026-08-21,93.1500015258789,93.1500015258789
2026-08-24,92.80000305175781,92.80000305175781
2026-08-25,93.5999984741211,93.5999984741211
2026-08-26,92.5999984741211,92.5999984741211
2026-08-27,91.25,91.25
2026-08-28,91.94999694824219,91.94999694824219
2026-08-31,87.19999694824219,87.19999694824219
2026-09-01,88.25,88.25
2026-09-02,85.25,85.25
2026-09-03,85.69999694824219,85.69999694824219
2026-09-04,86.1500015258789,86.1500015258789
2026-09-07,84.5,84.5
2026-09-08,83.8499984741211,83.8499984741211
2026-09-09,81.80000305175781,81.80000305175781
2026-09-10,79.55000305175781,79.55000305175781
2026-09-11,79.8499984741211,79.8499984741211
2026-09-14,80.19999694824219,80.19999694824219
2026-09-15,79.05000305175781,79.05000305175781
2026-09-16,79.19999694824219,79.19999694824219
2026-09-17,81.1500015258789,81.1500015258789
2026-09-18,81.5,81.5
2026-09-21,81.19999694824219,81.19999694824219
2026-09-22,81.3499984741211,81.3499984741211
2026-09-23,80.3499984741211,80.3499984741211
2026-09-24,79.5,79.5
2026-09-25,78.0999984741211,78.0999984741211
2026-09-28,77.69999694824219,77.69999694824219
2026-09-29,75.75,75.75
2026-09-30,75.5999984741211,75.5999984741211
2026-10-02,73.9000015258789,73.9000015258789
2026-10-05,74.0999984741211,74.0999984741211
2026-10-06,75.0,75.0
