date,close,adjclose
1998-12-07,1.59375,0.6866815686225891
1998-12-08,1.59375,0.6866815686225891
1998-12-09,1.59375,0.6866815686225891
1998-12-10,1.59375,0.6866815686225891
1998-12-11,1.5625,0.6732175350189209
1998-12-14,1.65625,0.7136104702949524
1998-12-15,1.65625,0.7136104702949524
1998-12-16,1.84375,0.7943965196609497
1998-12-17,1.84375,0.7943965196609497
1998-12-18,1.84375,0.7943965196609497
1998-12-21,1.84375,0.7943965196609497
1998-12-22,1.71875,0.740539014339447
1998-12-23,1.71875,0.740539014339447
1998-12-24,1.71875,0.740539014339447
1998-12-28,1.6875,0.7270748615264893
1998-12-29,1.75,0.7540035843849182
1998-12-30,1.75,0.7540035843849182
1998-12-31,1.71875,0.740539014339447
1999-01-04,1.71875,0.740539014339447
1999-01-05,1.6875,0.7270748615264893
1999-01-06,1.75,0.7540035843849182
1999-01-07,1.75,0.7540035843849182
1999-01-08,1.75,0.7540035843849182
1999-01-11,1.84375,0.7943965196609497
1999-01-12,1.78125,0.7674677968025208
1999-01-13,1.5,0.6462887525558472
1999-01-14,1.5625,0.6732175350189209
1999-01-15,1.75,0.7540035843849182
1999-01-19,1.75,0.7540035843849182
1999-01-20,1.75,0.7540035843849182
1999-01-21,1.75,0.7540035843849182
1999-01-22,1.75,0.7540035843849182
1999-01-25,1.75,0.7540035843849182
1999-01-26,1.75,0.7540035843849182
1999-01-27,1.84375,0.7943965196609497
1999-01-28,1.90625,0.8213253021240234
1999-01-29,1.90625,0.8213253021240234
1999-02-01,1.96875,0.8482539057731628
1999-02-02,1.9375,0.8347894549369812
1999-02-03,1.9375,0.8347894549369812
1999-02-04,1.90625,0.8213253021240234
1999-02-05,2.0,0.8617184162139893
1999-02-08,1.9375,0.8347894549369812
1999-02-09,1.8125,0.7809321880340576
1999-02-10,1.875,0.8078609704971313
1999-02-11,1.84375,0.7943965196609497
1999-02-12,2.0,0.8617184162139893
1999-02-16,2.0625,0.8886470198631287
1999-02-17,2.0625,0.8886470198631287
1999-02-18,1.875,0.8078609704971313
1999-02-19,1.875,0.8078609704971313
1999-02-22,1.875,0.8078609704971313
1999-02-23,1.84375,0.7943965196609497
1999-02-24,1.8125,0.7809321880340576
1999-02-25,2.0,0.8617184162139893
1999-02-26,1.9765629768371582,0.8516201972961426
1999-03-01,1.96875,0.8482539057731628
1999-03-02,1.96875,0.8482539057731628
1999-03-03,2.0,0.8617184162139893
1999-03-04,2.0625,0.8886470198631287
1999-03-05,2.1875,0.9425047039985657
1999-03-08,2.1875,0.9425047039985657
1999-03-09,2.0625,0.8886470198631287
1999-03-10,2.09375,0.9021112322807312
1999-03-11,2.0625,0.8886470198631287
1999-03-12,2.0625,0.8886470198631287
1999-03-15,2.15625,0.929040253162384
1999-03-16,2.09375,0.9021112322807312
1999-03-17,2.21875,0.9559688568115234
1999-03-18,2.21875,0.9559688568115234
1999-03-19,2.1875,0.9425047039985657
1999-03-22,2.375,1.0232905149459839
1999-03-23,2.34375,1.0098258256912231
1999-03-24,2.4375,1.0502192974090576
1999-03-25,2.4375,1.0502192974090576
1999-03-26,2.375,1.0232905149459839
1999-03-29,2.3125,0.9963618516921997
1999-03-30,2.1875,0.9425047039985657
1999-03-31,2.3125,0.9963618516921997
1999-04-01,2.25,0.9694332480430603
1999-04-05,2.28125,0.9828978776931763
1999-04-06,2.25,0.9694332480430603
1999-04-07,2.375,1.0232905149459839
1999-04-08,2.5,1.0771478414535522
1999-04-09,2.488281011581421,1.0720986127853394
1999-04-12,2.5,1.0771478414535522
1999-04-13,2.5,1.0771478414535522
1999-04-14,2.4375,1.0502192974090576
1999-04-15,2.5,1.0771478414535522
1999-04-16,2.5,1.0771478414535522
1999-04-19,2.53125,1.0906122922897339
1999-04-20,2.5,1.0771478414535522
1999-04-21,2.625,1.131005048751831
1999-04-22,2.5625,1.1040765047073364
1999-04-23,2.65625,1.1444698572158813
1999-04-26,2.59375,1.1175405979156494
1999-04-27,2.6875,1.1579339504241943
1999-04-28,2.65625,1.1444698572158813
1999-04-29,2.53125,1.0906122922897339
1999-04-30,2.53125,1.0906122922897339
1999-05-03,2.625,1.131005048751831
1999-05-04,2.59375,1.1175405979156494
1999-05-05,2.59375,1.1175405979156494
1999-05-06,2.5625,1.1040765047073364
1999-05-07,2.625,1.131005048751831
1999-05-10,2.625,1.131005048751831
1999-05-11,2.625,1.131005048751831
1999-05-12,2.5625,1.1040765047073364
1999-05-13,2.5625,1.1040765047073364
1999-05-14,2.71875,1.1713981628417969
1999-05-17,2.875,1.2387199401855469
1999-05-18,2.875,1.2387199401855469
1999-05-19,3.1875,1.3733631372451782
1999-05-20,2.9375,1.2656488418579102
1999-05-21,2.9375,1.2656488418579102
1999-05-24,2.96875,1.279112696647644
1999-05-25,2.875,1.2387199401855469
1999-05-26,3.125,1.3464350700378418
1999-05-27,3.3125,1.4272209405899048
1999-05-28,3.3125,1.4272209405899048
1999-06-01,3.4375,1.481078028678894
1999-06-02,3.5,1.5080071687698364
1999-06-03,3.5,1.5080071687698364
1999-06-04,3.5,1.5080071687698364
1999-06-07,3.53125,1.5214715003967285
1999-06-08,3.5625,1.5349355936050415
1999-06-09,3.5625,1.5349355936050415
1999-06-10,3.84375,1.6561150550842285
1999-06-11,4.09375,1.7638294696807861
1999-06-14,4.4375,1.9119377136230469
1999-06-15,4.34375,1.8715442419052124
1999-06-16,4.375,1.8850094079971313
1999-06-17,4.6875,2.0196516513824463
1999-06-18,4.6875,2.0196516513824463
1999-06-21,5.21875,2.248547077178955
1999-06-22,5.28125,2.275474786758423
1999-06-23,5.25,2.262010097503662
1999-06-24,4.8125,2.073509931564331
1999-06-25,4.65625,2.006187915802002
1999-06-28,4.84375,2.0869743824005127
1999-06-29,4.6875,2.0196516513824463
1999-06-30,4.84375,2.0869743824005127
1999-07-01,4.84375,2.0869743824005127
1999-07-02,4.9375,2.1273670196533203
1999-07-06,5.0,2.1542956829071045
1999-07-07,5.0,2.1542956829071045
1999-07-08,5.0,2.1542956829071045
1999-07-09,4.6875,2.0196516513824463
1999-07-12,4.65625,2.006187915802002
1999-07-13,4.5,1.9388664960861206
1999-07-14,4.25,1.831151008605957
1999-07-15,4.25,1.831151008605957
1999-07-16,4.34375,1.8715442419052124
1999-07-19,4.1875,1.8042224645614624
1999-07-20,4.28125,1.8446156978607178
1999-07-21,4.5,1.9388664960861206
1999-07-22,4.84375,2.0869743824005127
1999-07-23,4.8125,2.073509931564331
1999-07-26,4.9375,2.1273670196533203
1999-07-27,4.8125,2.073509931564331
1999-07-28,4.65625,2.006187915802002
1999-07-29,4.875,2.1004385948181152
1999-07-30,4.78125,2.0600452423095703
1999-08-02,4.875,2.1004385948181152
1999-08-03,4.75,2.0465810298919678
1999-08-04,4.75,2.0465810298919678
1999-08-05,4.5625,1.9657957553863525
1999-08-06,4.5625,1.9657957553863525
1999-08-09,4.5,1.9388664960861206
1999-08-10,4.25,1.831151008605957
1999-08-11,4.1875,1.8042224645614624
1999-08-12,4.5,1.9388664960861206
1999-08-13,4.5,1.9388664960861206
1999-08-16,4.625,1.9927237033843994
1999-08-17,4.59375,1.9792588949203491
1999-08-18,4.625,1.9927237033843994
1999-08-19,4.75,2.0465810298919678
1999-08-20,4.6875,2.0196516513824463
1999-08-23,4.6875,2.0196516513824463
1999-08-24,4.6875,2.0196516513824463
1999-08-25,4.9375,2.1273670196533203
1999-08-26,4.875,2.1004385948181152
1999-08-27,4.875,2.1004385948181152
1999-08-30,4.875,2.1004385948181152
1999-08-31,5.0,2.1542956829071045
1999-09-01,4.9375,2.1273670196533203
1999-09-02,4.90625,2.113903045654297
1999-09-03,4.75,2.0465810298919678
1999-09-07,4.75,2.0465810298919678
1999-09-08,4.5625,1.9657957553863525
1999-09-09,4.625,1.9927237033843994
1999-09-10,4.75,2.0465810298919678
1999-09-13,4.71875,2.033116579055786
1999-09-14,4.75,2.0465810298919678
1999-09-15,4.8125,2.073509931564331
1999-09-16,4.71875,2.033116579055786
1999-09-17,4.8125,2.073509931564331
1999-09-20,4.6875,2.0196516513824463
1999-09-21,4.6875,2.0196516513824463
1999-09-22,4.34375,1.8715442419052124
1999-09-23,4.3125,1.858080506324768
1999-09-24,4.25,1.831151008605957
1999-09-27,4.3125,1.858080506324768
1999-09-28,4.375,1.8850094079971313
1999-09-29,4.5,1.9388664960861206
1999-09-30,4.8125,2.073509931564331
1999-10-01,4.75,2.0465810298919678
1999-10-04,4.875,2.1004385948181152
1999-10-05,4.75,2.0465810298919678
1999-10-06,4.625,1.9927237033843994
1999-10-07,4.375,1.8850094079971313
1999-10-08,4.59375,1.9792588949203491
1999-10-11,4.75,2.0465810298919678
1999-10-12,4.6875,2.0196516513824463
1999-10-13,4.5,1.9388664960861206
1999-10-14,4.5625,1.9657957553863525
1999-10-15,4.5625,1.9657957553863525
1999-10-18,4.40625,1.8984732627868652
1999-10-19,4.3125,1.858080506324768
1999-10-20,4.4375,1.9119377136230469
1999-10-21,4.375,1.8850094079971313
1999-10-22,4.4375,1.9119377136230469
1999-10-25,4.5625,1.9657957553863525
1999-10-26,4.625,1.9927237033843994
1999-10-27,4.75,2.0465810298919678
1999-10-28,4.8125,2.073509931564331
1999-10-29,5.3125,2.2889397144317627
1999-11-01,5.375,2.3158679008483887
1999-11-02,5.25,2.262010097503662
1999-11-03,5.8125,2.504368782043457
1999-11-04,5.9375,2.558225393295288
1999-11-05,6.3125,2.7197980880737305
1999-11-08,6.0625,2.612083673477173
1999-11-09,6.5,2.800584077835083
1999-11-10,6.5625,2.8275129795074463
1999-11-11,6.9375,2.9890851974487305
1999-11-12,7.875,3.3930156230926514
1999-11-15,9.1875,3.9585177898406982
1999-11-16,7.875,3.3930156230926514
1999-11-17,7.90625,3.406479835510254
1999-11-18,8.25,3.5545880794525146
1999-11-19,8.125,3.500730514526367
1999-11-22,8.5,3.662302017211914
1999-11-23,9.0,3.877732992172241
1999-11-24,10.4375,4.49709415435791
1999-11-26,10.5,4.524020195007324
1999-11-29,12.125,5.224167346954346
1999-11-30,12.25,5.278023719787598
1999-12-01,11.25,4.847167015075684
1999-12-02,11.5,4.9548797607421875
1999-12-03,11.875,5.116450786590576
1999-12-06,12.6875,5.466525554656982
1999-12-07,12.5,5.385740280151367
1999-12-08,15.0,6.462887763977051
1999-12-09,12.625,5.439596176147461
1999-12-10,12.5,5.385740280151367
1999-12-13,12.25,5.278023719787598
1999-12-14,12.375,5.331882476806641
1999-12-15,11.75,5.062595367431641
1999-12-16,11.875,5.116450786590576
1999-12-17,12.0,5.170310020446777
1999-12-20,12.375,5.331882476806641
1999-12-21,12.625,5.439596176147461
1999-12-22,12.75,5.493452548980713
1999-12-23,13.0,5.601168155670166
1999-12-27,13.5,5.816598892211914
1999-12-28,13.25,5.708883762359619
1999-12-29,12.0,5.170310020446777
1999-12-30,12.25,5.278023719787598
1999-12-31,12.5,5.385740280151367
2000-01-03,13.0,5.601168155670166
2000-01-04,13.5,5.816598892211914
2000-01-05,10.87109375,4.683910369873047
2000-01-06,10.875,4.6855926513671875
2000-01-07,10.8125,4.658665180206299
2000-01-10,11.25,4.847167015075684
2000-01-11,10.75,4.631735801696777
2000-01-12,11.125,4.793308258056641
2000-01-13,11.6875,5.0356645584106445
2000-01-14,12.25,5.278023719787598
2000-01-18,11.8125,5.089522838592529
2000-01-19,12.3125,5.304953575134277
2000-01-20,12.5,5.385740280151367
2000-01-21,11.875,5.116450786590576
2000-01-24,11.9375,5.143380641937256
2000-01-25,12.0,5.170310020446777
2000-01-26,13.25,5.708883762359619
2000-01-27,15.25,6.5706024169921875
2000-01-28,15.25,6.5706024169921875
2000-01-31,15.03125,6.476349830627441
2000-02-01,15.25,6.5706024169921875
2000-02-02,15.25,6.5706024169921875
2000-02-03,16.4375,7.082248687744141
2000-02-04,16.8125,7.24382209777832
2000-02-07,16.625,7.163030624389648
2000-02-08,17.5,7.540037631988525
2000-02-09,22.25,9.586616516113281
2000-02-10,21.75,9.371185302734375
2000-02-11,20.875,8.99418830871582
2000-02-14,20.0,8.617182731628418
2000-02-15,22.5,9.694334030151367
2000-02-16,21.5,9.263471603393555
2000-02-17,19.25,8.294039726257324
2000-02-18,19.375,8.34789752960205
2000-02-22,21.75,9.371185302734375
2000-02-23,22.5,9.694334030151367
2000-02-24,21.6875,9.344258308410645
2000-02-25,23.5,10.125190734863281
2000-02-28,22.0,9.478900909423828
2000-02-29,23.25,10.017475128173828
2000-03-01,23.25,10.017475128173828
2000-03-02,30.0,12.925775527954102
2000-03-03,34.25,14.756925582885742
2000-03-06,45.5,19.604087829589844
2000-03-07,38.75,16.6957950592041
2000-03-08,46.0,19.81951904296875
2000-03-09,52.0,22.404672622680664
2000-03-10,42.0,18.096080780029297
2000-03-13,34.0,14.649208068847656
2000-03-14,32.0,13.787494659423828
2000-03-15,34.0,14.649208068847656
2000-03-16,33.5,14.4337797164917
2000-03-17,30.40625,13.100809097290039
2000-03-20,34.5,14.864644050598145
2000-03-21,36.0,15.510931968688965
2000-03-22,35.5,15.295501708984375
2000-03-23,34.0,14.649208068847656
2000-03-24,37.0,15.941789627075195
2000-03-27,38.0,16.372648239135742
2000-03-28,37.5,16.15721321105957
2000-03-29,33.75,14.541496276855469
2000-03-30,33.0,14.218352317810059
2000-03-31,32.0,13.787494659423828
2000-04-03,26.75,11.525479316711426
2000-04-04,25.0,10.771480560302734
2000-04-05,26.0,11.202336311340332
2000-04-06,29.75,12.818059921264648
2000-04-07,34.0,14.649208068847656
2000-04-10,33.75,14.541496276855469
2000-04-11,32.0,13.787494659423828
2000-04-12,28.5,12.279484748840332
2000-04-13,28.0,12.064057350158691
2000-04-14,23.5,10.125190734863281
2000-04-17,24.0,10.340620040893555
2000-04-18,24.5,10.556047439575195
2000-04-19,25.0,10.771480560302734
2000-04-20,22.5,9.694334030151367
2000-04-24,22.5,9.694334030151367
2000-04-25,22.25,9.586616516113281
2000-04-26,20.0,8.617182731628418
2000-04-27,21.5,9.263471603393555
2000-04-28,22.5,9.694334030151367
2000-05-01,22.5,9.694334030151367
2000-05-02,24.0,10.340620040893555
2000-05-03,23.75,10.232901573181152
2000-05-04,24.5,10.556047439575195
2000-05-05,24.5,10.556047439575195
2000-05-08,23.0,9.909759521484375
2000-05-09,21.5,9.263471603393555
2000-05-10,18.5,7.970894813537598
2000-05-11,22.5,9.694334030151367
2000-05-12,23.0,9.909759521484375
2000-05-15,22.0,9.478900909423828
2000-05-16,22.5,9.694334030151367
2000-05-17,21.0,9.048040390014648
2000-05-18,23.0,9.909759521484375
2000-05-19,23.0,9.909759521484375
2000-05-22,19.5,8.401754379272461
2000-05-23,20.0,8.617182731628418
2000-05-24,21.0,9.048040390014648
2000-05-25,19.5,8.401754379272461
2000-05-26,20.0,8.617182731628418
2000-05-30,21.0,9.048040390014648
2000-05-31,21.0,9.048040390014648
2000-06-01,22.0,9.478900909423828
2000-06-02,22.5,9.694334030151367
2000-06-05,22.0,9.478900909423828
2000-06-06,21.0,9.048040390014648
2000-06-07,24.5,10.556047439575195
2000-06-08,23.5,10.125190734863281
2000-06-09,21.5,9.263471603393555
2000-06-12,22.5,9.694334030151367
2000-06-13,23.625,10.179045677185059
2000-06-14,21.625,9.317330360412598
2000-06-15,21.625,9.317330360412598
2000-06-16,22.0,9.478900909423828
2000-06-19,20.0,8.617182731628418
2000-06-20,21.5,9.263471603393555
2000-06-21,20.0,8.617182731628418
2000-06-22,21.0,9.048040390014648
2000-06-23,19.5,8.401754379272461
2000-06-26,19.5,8.401754379272461
2000-06-27,18.5,7.970894813537598
2000-06-28,19.0,8.186324119567871
2000-06-29,18.75,8.078606605529785
2000-06-30,18.75,8.078606605529785
2000-07-03,18.75,8.078606605529785
2000-07-05,19.5,8.401754379272461
2000-07-06,18.25,7.86318302154541
2000-07-07,18.75,8.078606605529785
2000-07-10,18.0,7.755465984344482
2000-07-11,19.0,8.186324119567871
2000-07-12,20.0,8.617182731628418
2000-07-13,19.75,8.509468078613281
2000-07-14,20.0,8.617182731628418
2000-07-17,21.0,9.048040390014648
2000-07-18,21.0,9.048040390014648
2000-07-19,22.0,9.478900909423828
2000-07-20,21.25,9.15575885772705
2000-07-21,22.5,9.694334030151367
2000-07-24,22.25,9.586616516113281
2000-07-25,22.25,9.586616516113281
2000-07-26,21.75,9.371185302734375
2000-07-27,20.5,8.832612037658691
2000-07-28,21.25,9.15575885772705
2000-07-31,21.75,9.371185302734375
2000-08-01,24.25,10.448334693908691
2000-08-02,23.25,10.017475128173828
2000-08-03,24.0,10.340620040893555
2000-08-04,23.75,10.232901573181152
2000-08-07,23.0,9.909759521484375
2000-08-08,22.5,9.694334030151367
2000-08-09,22.5,9.694334030151367
2000-08-10,23.5,10.125190734863281
2000-08-11,22.5,9.694334030151367
2000-08-14,21.875,9.425043106079102
2000-08-15,22.0,9.478900909423828
2000-08-16,21.5,9.263471603393555
2000-08-17,22.0,9.478900909423828
2000-08-18,22.25,9.586616516113281
2000-08-21,22.5,9.694334030151367
2000-08-22,22.5,9.694334030151367
2000-08-23,22.5,9.694334030151367
2000-08-24,21.75,9.371185302734375
2000-08-25,22.0,9.478900909423828
2000-08-28,22.5,9.694334030151367
2000-08-29,22.25,9.586616516113281
2000-08-30,20.5,8.832612037658691
2000-08-31,22.5,9.694334030151367
2000-09-01,20.75,8.940324783325195
2000-09-05,21.75,9.371185302734375
2000-09-06,21.25,9.15575885772705
2000-09-07,21.25,9.15575885772705
2000-09-08,21.25,9.15575885772705
2000-09-11,20.5,8.832612037658691
2000-09-12,20.0,8.617182731628418
2000-09-13,20.25,8.724898338317871
2000-09-14,20.75,8.940324783325195
2000-09-15,21.25,9.15575885772705
2000-09-18,19.25,8.294039726257324
2000-09-19,18.875,8.132466316223145
2000-09-20,18.5,7.970894813537598
2000-09-21,16.5,7.109176158905029
2000-09-22,14.75,6.355172157287598
2000-09-25,20.0,8.617182731628418
2000-09-26,18.0,7.755465984344482
2000-09-27,18.75,8.078606605529785
2000-09-28,18.5,7.970894813537598
2000-09-29,19.25,8.294039726257324
2000-10-02,18.5,7.970894813537598
2000-10-03,18.5,7.970894813537598
2000-10-04,17.5,7.540037631988525
2000-10-05,17.5,7.540037631988525
2000-10-06,17.5,7.540037631988525
2000-10-09,16.75,7.21688985824585
2000-10-10,16.0,6.893747329711914
2000-10-11,15.25,6.5706024169921875
2000-10-12,15.25,6.5706024169921875
2000-10-13,15.0,6.462887763977051
2000-10-16,16.0,6.893747329711914
2000-10-17,15.125,6.516744136810303
2000-10-18,14.5,6.247457504272461
2000-10-19,14.75,6.355172157287598
2000-10-20,16.25,7.001461029052734
2000-10-23,16.0,6.893747329711914
2000-10-24,16.5,7.109176158905029
2000-10-25,15.0,6.462887763977051
2000-10-26,15.0,6.462887763977051
2000-10-27,16.375,7.0553178787231445
2000-10-30,15.5,6.67831563949585
2000-10-31,16.0,6.893747329711914
2000-11-01,16.625,7.163030624389648
2000-11-02,16.125,6.947603702545166
2000-11-03,17.0,7.324604034423828
2000-11-06,17.375,7.48617696762085
2000-11-07,17.25,7.432322025299072
2000-11-08,17.375,7.48617696762085
2000-11-09,17.25,7.432322025299072
2000-11-10,16.0,6.893747329711914
2000-11-13,14.875,6.409029960632324
2000-11-14,16.375,7.0553178787231445
2000-11-15,16.75,7.21688985824585
2000-11-16,16.125,6.947603702545166
2000-11-17,15.75,6.786031246185303
2000-11-20,15.5,6.67831563949585
2000-11-21,15.5,6.67831563949585
2000-11-22,15.25,6.5706024169921875
2000-11-24,14.75,6.355172157287598
2000-11-27,14.875,6.409029960632324
2000-11-28,14.875,6.409029960632324
2000-11-29,14.0,6.032028675079346
2000-11-30,12.875,5.5473103523254395
2000-12-01,14.375,6.193600177764893
2000-12-04,14.25,6.139742374420166
2000-12-05,15.375,6.624460220336914
2000-12-06,15.25,6.5706024169921875
2000-12-07,15.125,6.516744136810303
2000-12-08,14.625,6.301315784454346
2000-12-11,14.0,6.032028675079346
2000-12-12,13.625,5.870457172393799
2000-12-13,13.25,5.708883762359619
2000-12-14,13.5,5.816598892211914
2000-12-15,13.0,5.601168155670166
2000-12-18,13.0,5.601168155670166
2000-12-19,12.875,5.5473103523254395
2000-12-20,11.75,5.062595367431641
2000-12-21,10.5,4.524020195007324
2000-12-22,10.5,4.524020195007324
2000-12-26,10.5,4.524020195007324
2000-12-27,11.0,4.739450454711914
2000-12-28,11.5,4.9548797607421875
2000-12-29,12.0,5.170310020446777
2001-01-02,11.5,4.9548797607421875
2001-01-03,11.875,5.116450786590576
2001-01-04,12.0,5.170310020446777
2001-01-05,13.0,5.601168155670166
2001-01-08,12.5,5.385740280151367
2001-01-09,13.0,5.601168155670166
2001-01-10,13.0,5.601168155670166
2001-01-11,14.25,6.139742374420166
2001-01-12,14.625,6.301315784454346
2001-01-16,15.5,6.67831563949585
2001-01-17,14.875,6.409029960632324
2001-01-18,15.375,6.624460220336914
2001-01-19,18.0,7.755465984344482
2001-01-22,17.625,7.593893051147461
2001-01-23,17.75,7.6477508544921875
2001-01-24,17.25,7.432322025299072
2001-01-25,17.0,7.324604034423828
2001-01-26,17.25,7.432322025299072
2001-01-29,17.25,7.432322025299072
2001-01-30,17.625,7.593893051147461
2001-01-31,17.75,7.6477508544921875
2001-02-01,17.5,7.540037631988525
2001-02-02,17.296875,7.452517986297607
2001-02-05,15.75,6.786031246185303
2001-02-06,15.75,6.786031246185303
2001-02-07,15.375,6.624460220336914
2001-02-08,15.5,6.67831563949585
2001-02-09,15.5,6.67831563949585
2001-02-12,16.40625,7.068783760070801
2001-02-13,16.25,7.001461029052734
2001-02-14,16.375,7.0553178787231445
2001-02-15,16.796875,7.237088203430176
2001-02-16,16.625,7.163030624389648
2001-02-20,16.0,6.893747329711914
2001-02-21,16.125,6.947603702545166
2001-02-22,15.875,6.8398895263671875
2001-02-23,15.5,6.67831563949585
2001-02-26,15.78125,6.799493312835693
2001-02-27,16.03125,6.9072136878967285
2001-02-28,16.0,6.893747329711914
2001-03-01,15.25,6.5706024169921875
2001-03-02,15.25,6.5706024169921875
2001-03-05,14.5,6.247457504272461
2001-03-06,15.0,6.462887763977051
2001-03-07,15.625,6.732174396514893
2001-03-08,14.75,6.355172157287598
2001-03-09,13.25,5.708883762359619
2001-03-12,13.0,5.601168155670166
2001-03-13,14.0,6.032028675079346
2001-03-14,13.375,5.762739658355713
2001-03-15,14.015625,6.038758754730225
2001-03-16,13.75,5.924312114715576
2001-03-19,13.296875,5.729081153869629
2001-03-20,13.25,5.708883762359619
2001-03-21,13.625,5.870457172393799
2001-03-22,12.953125,5.580972194671631
2001-03-23,13.375,5.762739658355713
2001-03-26,13.703125,5.904116153717041
2001-03-27,13.40625,5.776205539703369
2001-03-28,13.5,5.816598892211914
2001-03-29,13.0,5.601168155670166
2001-03-30,13.296875,5.729081153869629
2001-04-02,13.375,5.762739658355713
2001-04-03,12.875,5.5473103523254395
2001-04-04,12.125,5.224167346954346
2001-04-05,13.25,5.708883762359619
2001-04-06,12.5,5.385740280151367
2001-04-09,12.449999809265137,5.364195823669434
2001-04-10,12.699999809265137,5.4719109535217285
2001-04-11,13.399999618530273,5.773512363433838
2001-04-12,13.630000114440918,5.872612476348877
2001-04-16,13.449999809265137,5.7950544357299805
2001-04-17,13.25,5.708883762359619
2001-04-18,14.300000190734863,6.161285400390625
2001-04-19,14.880000114440918,6.411184310913086
2001-04-20,14.899999618530273,6.419798851013184
2001-04-23,14.25,6.139742374420166
2001-04-24,14.600000381469727,6.290542125701904
2001-04-25,15.300000190734863,6.592144012451172
2001-04-26,16.399999618530273,7.0660905838012695
2001-04-27,15.75,6.786031246185303
2001-04-30,16.200000762939453,6.979917526245117
2001-05-01,16.0,6.893747329711914
2001-05-02,17.25,7.432322025299072
2001-05-03,17.25,7.432322025299072
2001-05-04,16.5,7.109176158905029
2001-05-07,16.0,6.893747329711914
2001-05-08,16.0,6.893747329711914
2001-05-09,15.75,6.786031246185303
2001-05-10,15.300000190734863,6.592144012451172
2001-05-11,14.5,6.247457504272461
2001-05-14,14.699999809265137,6.333629131317139
2001-05-15,14.25,6.139742374420166
2001-05-16,13.869999885559082,5.976017951965332
2001-05-17,13.899999618530273,5.988941669464111
2001-05-18,13.600000381469727,6.244698524475098
2001-05-21,14.600000381469727,6.703868389129639
2001-05-22,14.600000381469727,6.703868389129639
2001-05-23,14.75,6.7727437019348145
2001-05-24,15.0,6.887537002563477
2001-05-25,14.5,6.657951354980469
2001-05-29,14.25,6.543159484863281
2001-05-30,13.800000190734863,6.336532115936279
2001-05-31,14.0,6.428366661071777
2001-06-01,13.949999809265137,6.40540885925293
2001-06-04,13.649999618530273,6.267657279968262
2001-06-05,14.75,6.7727437019348145
2001-06-06,14.25,6.543159484863281
2001-06-07,14.300000190734863,6.5661187171936035
2001-06-08,14.300000190734863,6.5661187171936035
2001-06-11,14.550000190734863,6.680909156799316
2001-06-12,14.630000114440918,6.7176432609558105
2001-06-13,13.75,6.31357479095459
2001-06-14,13.380000114440918,6.143681049346924
2001-06-15,13.130000114440918,6.028890609741211
2001-06-18,13.0,5.969197750091553
2001-06-19,13.0,5.969197750091553
2001-06-20,12.5,5.739614009857178
2001-06-21,13.050000190734863,5.992154598236084
2001-06-22,13.350000381469727,6.129908084869385
2001-06-25,13.380000114440918,6.143681049346924
2001-06-26,13.100000381469727,6.015115261077881
2001-06-27,13.149999618530273,6.038072109222412
2001-06-28,11.880000114440918,5.454928398132324
2001-06-29,11.5,5.280444145202637
2001-07-02,11.5,5.280444145202637
2001-07-03,11.600000381469727,5.326362133026123
2001-07-05,11.0,5.0508599281311035
2001-07-06,11.25,5.165652275085449
2001-07-09,11.0,5.0508599281311035
2001-07-10,11.5,5.280444145202637
2001-07-11,10.649999618530273,4.890151500701904
2001-07-12,11.5,5.280444145202637
2001-07-13,11.050000190734863,5.073818683624268
2001-07-16,11.300000190734863,5.18861198425293
2001-07-17,10.880000114440918,4.995759010314941
2001-07-18,10.0,4.591691017150879
2001-07-19,10.25,4.706482410430908
2001-07-20,10.75,4.936068534851074
2001-07-23,10.380000114440918,4.76617431640625
2001-07-24,10.25,4.706482410430908
2001-07-25,10.399999618530273,4.775359153747559
2001-07-26,10.380000114440918,4.76617431640625
2001-07-27,10.5,4.821274757385254
2001-07-30,10.380000114440918,4.76617431640625
2001-07-31,10.5,4.850245475769043
2001-08-01,10.699999809265137,4.942630290985107
2001-08-02,10.75,4.965727806091309
2001-08-03,10.25,4.734764099121094
2001-08-06,10.630000114440918,4.910296440124512
2001-08-07,9.5,4.388318061828613
2001-08-08,9.600000381469727,4.43450927734375
2001-08-09,8.760000228881836,4.046491622924805
2001-08-10,9.5,4.388318061828613
2001-08-13,10.0,4.619281768798828
2001-08-14,10.350000381469727,4.780957221984863
2001-08-15,10.600000381469727,4.8964385986328125
2001-08-16,11.0,5.081209659576416
2001-08-17,10.399999618530273,4.804054260253906
2001-08-20,10.5,4.850245475769043
2001-08-21,9.880000114440918,4.563850402832031
2001-08-22,9.949999809265137,4.59618616104126
2001-08-23,9.880000114440918,4.563850402832031
2001-08-24,8.949999809265137,4.134256839752197
2001-08-27,9.5,4.388318061828613
2001-08-28,9.699999809265137,4.480703830718994
2001-08-29,9.0,4.15735387802124
2001-08-30,9.649999618530273,4.457607746124268
2001-08-31,9.649999618530273,4.457607746124268
2001-09-04,9.100000381469727,4.203547477722168
2001-09-05,9.25,4.272834777832031
2001-09-06,8.800000190734863,4.064967155456543
2001-09-07,8.0,3.695425510406494
2001-09-10,7.300000190734863,3.3720757961273193
2001-09-17,7.099999904632568,3.2796900272369385
2001-09-18,7.099999904632568,3.2796900272369385
2001-09-19,7.400000095367432,3.418269395828247
2001-09-20,6.800000190734863,3.141111135482788
2001-09-21,7.0,3.233497381210327
2001-09-24,7.349999904632568,3.395171642303467
2001-09-25,7.650000095367432,3.533750057220459
2001-09-26,7.25,3.3489794731140137
2001-09-27,7.25,3.3489794731140137
2001-09-28,7.449999809265137,3.4413633346557617
2001-10-01,7.5,3.4644618034362793
2001-10-02,7.599999904632568,3.5106537342071533
2001-10-03,8.100000381469727,3.7416179180145264
2001-10-04,8.880000114440918,4.10192346572876
2001-10-05,8.75,4.041872501373291
2001-10-08,7.75,3.579942464828491
2001-10-09,8.399999618530273,3.880197763442993
2001-10-10,8.699999809265137,4.018776893615723
2001-10-11,9.649999618530273,4.457607746124268
2001-10-12,8.899999618530273,4.111159801483154
2001-10-15,8.649999618530273,3.995678186416626
2001-10-16,8.800000190734863,4.064967155456543
2001-10-17,9.149999618530273,4.226642608642578
2001-10-18,8.399999618530273,3.880197763442993
2001-10-19,7.949999809265137,3.6723294258117676
2001-10-22,7.75,3.579942464828491
2001-10-23,8.050000190734863,3.7185215950012207
2001-10-24,8.0,3.695425510406494
2001-10-25,8.149999618530273,3.7647149562835693
2001-10-26,8.300000190734863,3.834005355834961
2001-10-29,7.949999809265137,3.6723294258117676
2001-10-30,7.949999809265137,3.6723294258117676
2001-10-31,8.5,3.9263880252838135
2001-11-01,8.0,3.695425510406494
2001-11-02,7.75,3.579942464828491
2001-11-05,8.0,3.695425510406494
2001-11-06,7.75,3.579942464828491
2001-11-07,7.5,3.4644618034362793
2001-11-08,7.800000190734863,3.6030402183532715
2001-11-09,7.349999904632568,3.395171642303467
2001-11-12,7.699999809265137,3.5568466186523438
2001-11-13,8.0,3.695425510406494
2001-11-14,8.0,3.695425510406494
2001-11-15,8.5,3.9263880252838135
2001-11-16,8.5,3.9263880252838135
2001-11-19,8.199999809265137,3.787811279296875
2001-11-20,7.880000114440918,3.639993667602539
2001-11-21,8.25,3.8109068870544434
2001-11-23,8.399999618530273,3.880197763442993
2001-11-26,8.5,3.9263880252838135
2001-11-27,8.5,3.9263880252838135
2001-11-28,8.949999809265137,4.134256839752197
2001-11-29,8.949999809265137,4.134256839752197
2001-11-30,8.550000190734863,3.949486255645752
2001-12-03,8.880000114440918,4.10192346572876
2001-12-04,8.949999809265137,4.134256839752197
2001-12-05,9.550000190734863,4.411414623260498
2001-12-06,10.25,4.734764099121094
2001-12-07,9.800000190734863,4.526896953582764
2001-12-10,9.010000228881836,4.161973476409912
2001-12-11,9.850000381469727,4.549992561340332
2001-12-12,9.600000381469727,4.43450927734375
2001-12-13,8.880000114440918,4.10192346572876
2001-12-14,9.0,4.15735387802124
2001-12-17,8.899999618530273,4.111159801483154
2001-12-18,9.100000381469727,4.203547477722168
2001-12-19,9.25,4.272834777832031
2001-12-20,9.5,4.388318061828613
2001-12-21,9.300000190734863,4.295932292938232
2001-12-24,9.5,4.388318061828613
2001-12-26,9.5,4.388318061828613
2001-12-27,9.850000381469727,4.549992561340332
2001-12-28,9.850000381469727,4.549992561340332
2001-12-31,10.25,4.734764099121094
2002-01-02,10.300000190734863,4.757861137390137
2002-01-03,10.5,4.850245475769043
2002-01-04,11.0,5.081209659576416
2002-01-07,10.850000381469727,5.0119218826293945
2002-01-08,10.600000381469727,4.8964385986328125
2002-01-09,10.25,4.734764099121094
2002-01-10,10.0,4.619281768798828
2002-01-11,10.149999618530273,4.688570022583008
2002-01-14,10.0,4.619281768798828
2002-01-15,10.0,4.619281768798828
2002-01-16,9.5,4.388318061828613
2002-01-17,10.25,4.734764099121094
2002-01-18,9.859999656677246,4.5546135902404785
2002-01-22,9.75,4.5037994384765625
2002-01-23,10.100000381469727,4.665476322174072
2002-01-24,9.75,4.5037994384765625
2002-01-25,9.25,4.272834777832031
2002-01-28,9.0,4.15735387802124
2002-01-29,8.850000381469727,4.088064670562744
2002-01-30,9.300000190734863,4.295932292938232
2002-01-31,9.300000190734863,4.295932292938232
2002-02-01,8.880000114440918,4.10192346572876
2002-02-04,8.75,4.041872501373291
2002-02-05,8.630000114440918,3.9864401817321777
2002-02-06,5.300000190734863,2.4482192993164062
2002-02-07,8.0,3.695425510406494
2002-02-08,8.399999618530273,3.880197763442993
2002-02-11,8.75,4.041872501373291
2002-02-12,8.199999809265137,3.787811279296875
2002-02-13,8.5,3.9263880252838135
2002-02-14,8.399999618530273,3.880197763442993
2002-02-15,8.5,3.9263880252838135
2002-02-19,8.449999809265137,3.9032933712005615
2002-02-20,8.800000190734863,4.064967155456543
2002-02-21,8.5,3.9263880252838135
2002-02-22,8.5,3.9263880252838135
2002-02-25,8.0,3.695425510406494
2002-02-26,7.900000095367432,3.649232864379883
2002-02-27,8.25,3.8109068870544434
2002-02-28,8.199999809265137,3.787811279296875
2002-03-01,8.199999809265137,3.787811279296875
2002-03-04,8.5,3.9263880252838135
2002-03-05,8.649999618530273,3.995678186416626
2002-03-06,8.75,4.041872501373291
2002-03-07,9.199999809265137,4.249739170074463
2002-03-08,8.800000190734863,4.064967155456543
2002-03-11,9.0,4.15735387802124
2002-03-12,9.0,4.15735387802124
2002-03-13,9.0,4.15735387802124
2002-03-14,8.630000114440918,3.9864401817321777
2002-03-15,8.75,4.041872501373291
2002-03-18,8.850000381469727,4.088064670562744
2002-03-19,8.649999618530273,3.995678186416626
2002-03-20,8.300000190734863,3.834005355834961
2002-03-21,8.0,3.695425510406494
2002-03-22,8.300000190734863,3.834005355834961
2002-03-25,8.350000381469727,3.857100009918213
2002-03-26,8.550000190734863,3.949486255645752
2002-03-27,8.5,3.9263880252838135
2002-03-28,8.350000381469727,3.857100009918213
2002-04-01,8.300000190734863,3.834005355834961
2002-04-02,8.149999618530273,3.7647149562835693
2002-04-03,8.449999809265137,3.9032933712005615
2002-04-04,8.600000381469727,3.972583532333374
2002-04-05,8.149999618530273,3.7647149562835693
2002-04-08,8.300000190734863,3.834005355834961
2002-04-09,8.550000190734863,3.949486255645752
2002-04-10,8.0,3.695425510406494
2002-04-11,8.0,3.695425510406494
2002-04-12,8.0,3.695425510406494
2002-04-15,8.100000381469727,3.7416179180145264
2002-04-16,7.949999809265137,3.6723294258117676
2002-04-17,8.25,3.8109068870544434
2002-04-18,8.380000114440918,3.8709588050842285
2002-04-19,8.380000114440918,3.8709588050842285
2002-04-22,8.380000114440918,3.8709588050842285
2002-04-23,8.300000190734863,3.834005355834961
2002-04-24,8.0,3.695425510406494
2002-04-25,7.900000095367432,3.649232864379883
2002-04-26,8.5,3.9263880252838135
2002-04-29,7.650000095367432,3.533750057220459
2002-04-30,7.75,3.579942464828491
2002-05-01,7.75,3.579942464828491
2002-05-02,8.0,3.695425510406494
2002-05-03,8.100000381469727,3.7416179180145264
2002-05-06,8.25,3.8109068870544434
2002-05-07,8.300000190734863,3.834005355834961
2002-05-08,8.600000381469727,3.972583532333374
2002-05-09,8.399999618530273,3.880197763442993
2002-05-10,8.399999618530273,3.880197763442993
2002-05-13,8.399999618530273,3.880197763442993
2002-05-14,8.399999618530273,3.880197763442993
2002-05-15,8.100000381469727,3.7416179180145264
2002-05-16,8.350000381469727,3.857100009918213
2002-05-17,8.550000190734863,3.949486255645752
2002-05-20,8.550000190734863,3.949486255645752
2002-05-21,8.449999809265137,3.9032933712005615
2002-05-22,8.300000190734863,3.834005355834961
2002-05-23,8.5,3.9263880252838135
2002-05-24,8.350000381469727,3.857100009918213
2002-05-28,8.25,3.8109068870544434
2002-05-29,8.25,3.8109068870544434
2002-05-30,7.5,3.4644618034362793
2002-05-31,7.5,3.4644618034362793
2002-06-03,8.0,3.695425510406494
2002-06-04,7.849999904632568,3.626134157180786
2002-06-05,7.949999809265137,3.6723294258117676
2002-06-06,8.100000381469727,3.7416179180145264
2002-06-07,8.050000190734863,3.7185215950012207
2002-06-10,7.900000095367432,3.649232864379883
2002-06-11,8.149999618530273,3.7647149562835693
2002-06-12,8.149999618530273,3.7647149562835693
2002-06-13,8.0,3.695425510406494
2002-06-14,8.25,3.8109068870544434
2002-06-17,8.100000381469727,3.7416179180145264
2002-06-18,7.849999904632568,3.626134157180786
2002-06-19,7.849999904632568,3.626134157180786
2002-06-20,8.130000114440918,3.7554752826690674
2002-06-21,7.699999809265137,3.5568466186523438
2002-06-24,7.630000114440918,3.5245115756988525
2002-06-25,7.5,3.4644618034362793
2002-06-26,6.75,3.1180150508880615
2002-06-27,7.5,3.4644618034362793
2002-06-28,7.099999904632568,3.2796900272369385
2002-07-01,7.150000095367432,3.3027870655059814
2002-07-02,7.099999904632568,3.2796900272369385
2002-07-03,7.25,3.3489794731140137
2002-07-05,7.25,3.3489794731140137
2002-07-08,7.25,3.3489794731140137
2002-07-09,6.949999809265137,3.210400342941284
2002-07-10,7.0,3.233497381210327
2002-07-11,6.630000114440918,3.06258487701416
2002-07-12,7.0,3.233497381210327
2002-07-15,7.0,3.233497381210327
2002-07-16,7.099999904632568,3.2796900272369385
2002-07-17,6.800000190734863,3.141111135482788
2002-07-18,7.0,3.233497381210327
2002-07-19,7.099999904632568,3.2796900272369385
2002-07-22,7.0,3.233497381210327
2002-07-23,7.0,3.233497381210327
2002-07-24,7.0,3.233497381210327
2002-07-25,6.849999904632568,3.16420841217041
2002-07-26,7.0,3.233497381210327
2002-07-29,7.0,3.233497381210327
2002-07-30,7.25,3.3489794731140137
2002-07-31,7.25,3.3489794731140137
2002-08-01,7.25,3.3489794731140137
2002-08-02,7.0,3.233497381210327
2002-08-05,6.800000190734863,3.141111135482788
2002-08-06,6.630000114440918,3.06258487701416
2002-08-07,6.800000190734863,3.141111135482788
2002-08-08,7.0,3.233497381210327
2002-08-09,6.75,3.1180150508880615
2002-08-12,6.75,3.1180150508880615
2002-08-13,6.650000095367432,3.071821689605713
2002-08-14,6.75,3.1180150508880615
2002-08-15,7.25,3.3489794731140137
2002-08-16,7.630000114440918,3.5245115756988525
2002-08-19,7.599999904632568,3.5106537342071533
2002-08-20,7.75,3.579942464828491
2002-08-21,8.350000381469727,3.857100009918213
2002-08-22,7.949999809265137,3.6723294258117676
2002-08-23,7.650000095367432,3.533750057220459
2002-08-26,7.900000095367432,3.649232864379883
2002-08-27,7.449999809265137,3.4413633346557617
2002-08-28,7.349999904632568,3.395171642303467
2002-08-29,7.25,3.3489794731140137
2002-08-30,7.400000095367432,3.418269395828247
2002-09-03,7.050000190734863,3.256593704223633
2002-09-04,7.050000190734863,3.256593704223633
2002-09-05,7.099999904632568,3.2796900272369385
2002-09-06,7.25,3.3489794731140137
2002-09-09,7.199999809265137,3.325882911682129
2002-09-10,7.599999904632568,3.5106537342071533
2002-09-11,7.5,3.4644618034362793
2002-09-12,7.599999904632568,3.5106537342071533
2002-09-13,7.309999942779541,3.376694679260254
2002-09-16,7.0,3.233497381210327
2002-09-17,7.300000190734863,3.3720757961273193
2002-09-18,7.0,3.233497381210327
2002-09-19,7.050000190734863,3.256593704223633
2002-09-20,6.900000095367432,3.1873042583465576
2002-09-23,6.699999809265137,3.0949184894561768
2002-09-24,6.75,3.1180150508880615
2002-09-25,6.75,3.1180150508880615
2002-09-26,6.949999809265137,3.210400342941284
2002-09-27,6.900000095367432,3.1873042583465576
2002-09-30,6.849999904632568,3.16420841217041
2002-10-01,6.900000095367432,3.1873042583465576
2002-10-02,6.650000095367432,3.071821689605713
2002-10-03,6.849999904632568,3.16420841217041
2002-10-04,6.599999904632568,3.0487263202667236
2002-10-07,5.599999904632568,2.586799144744873
2002-10-08,6.0,2.771568775177002
2002-10-09,5.75,2.6560869216918945
2002-10-10,5.550000190734863,2.563701629638672
2002-10-11,5.5,2.540604829788208
2002-10-14,5.900000095367432,2.7253761291503906
2002-10-15,6.0,2.771568775177002
2002-10-16,6.599999904632568,3.0487263202667236
2002-10-17,6.300000190734863,2.9101483821868896
2002-10-18,6.75,3.1180150508880615
2002-10-21,6.630000114440918,3.06258487701416
2002-10-22,6.400000095367432,2.9563403129577637
2002-10-23,6.849999904632568,3.16420841217041
2002-10-24,6.900000095367432,3.1873042583465576
2002-10-25,6.900000095367432,3.1873042583465576
2002-10-28,7.0,3.233497381210327
2002-10-29,7.199999809265137,3.325882911682129
2002-10-30,6.800000190734863,3.141111135482788
2002-10-31,7.159999847412109,3.307405948638916
2002-11-01,6.800000190734863,3.141111135482788
2002-11-04,7.0,3.233497381210327
2002-11-05,7.5,3.4644618034362793
2002-11-06,7.130000114440918,3.2935473918914795
2002-11-07,7.900000095367432,3.649232864379883
2002-11-08,7.25,3.3489794731140137
2002-11-11,6.900000095367432,3.1873042583465576
2002-11-12,6.900000095367432,3.1873042583465576
2002-11-13,6.800000190734863,3.141111135482788
2002-11-14,6.800000190734863,3.141111135482788
2002-11-15,7.300000190734863,3.3720757961273193
2002-11-18,7.150000095367432,3.3027870655059814
2002-11-19,7.449999809265137,3.4413633346557617
2002-11-20,7.400000095367432,3.418269395828247
2002-11-21,7.0,3.233497381210327
2002-11-22,7.550000190734863,3.487558603286743
2002-11-25,7.349999904632568,3.415984869003296
2002-11-26,7.199999809265137,3.346270799636841
2002-11-27,7.130000114440918,3.3137378692626953
2002-11-29,7.150000095367432,3.3230326175689697
2002-12-02,7.309999942779541,3.3973941802978516
2002-12-03,7.5,3.485698938369751
2002-12-04,7.199999809265137,3.346270799636841
2002-12-05,7.349999904632568,3.415984869003296
2002-12-06,7.5,3.485698938369751
2002-12-09,7.0,3.253319263458252
2002-12-10,7.099999904632568,3.299794912338257
2002-12-11,7.5,3.485698938369751
2002-12-12,6.900000095367432,3.2068428993225098
2002-12-13,7.150000095367432,3.3230326175689697
2002-12-16,6.900000095367432,3.2068428993225098
2002-12-17,6.75,3.137129306793213
2002-12-18,6.75,3.137129306793213
2002-12-19,6.75,3.137129306793213
2002-12-20,6.650000095367432,3.0906519889831543
2002-12-23,7.150000095367432,3.3230326175689697
2002-12-24,6.699999809265137,3.1138908863067627
2002-12-26,6.699999809265137,3.1138908863067627
2002-12-27,6.5,3.0209383964538574
2002-12-30,7.0,3.253319263458252
2002-12-31,6.5,3.0209383964538574
2003-01-02,6.050000190734863,2.811797618865967
2003-01-03,6.75,3.137129306793213
2003-01-06,6.75,3.137129306793213
2003-01-07,6.880000114440918,3.1975479125976562
2003-01-08,6.900000095367432,3.2068428993225098
2003-01-09,7.300000190734863,3.3927464485168457
2003-01-10,7.199999809265137,3.346270799636841
2003-01-13,7.849999904632568,3.6483640670776367
2003-01-14,7.25,3.36950945854187
2003-01-15,7.650000095367432,3.555413246154785
2003-01-16,7.5,3.485698938369751
2003-01-17,7.199999809265137,3.346270799636841
2003-01-21,7.650000095367432,3.555413246154785
2003-01-22,7.699999809265137,3.5786495208740234
2003-01-23,8.25,3.8342690467834473
2003-01-24,7.599999904632568,3.5321743488311768
2003-01-27,7.150000095367432,3.3230326175689697
2003-01-28,7.25,3.36950945854187
2003-01-29,7.130000114440918,3.3137378692626953
2003-01-30,7.199999809265137,3.346270799636841
2003-01-31,7.099999904632568,3.299794912338257
2003-02-03,7.099999904632568,3.299794912338257
2003-02-04,7.0,3.253319263458252
2003-02-05,7.050000190734863,3.2765567302703857
2003-02-06,7.300000190734863,3.3927464485168457
2003-02-07,7.099999904632568,3.299794912338257
2003-02-10,7.099999904632568,3.299794912338257
2003-02-11,7.150000095367432,3.3230326175689697
2003-02-12,7.25,3.36950945854187
2003-02-13,7.300000190734863,3.3927464485168457
2003-02-14,7.25,3.36950945854187
2003-02-18,7.25,3.36950945854187
2003-02-19,7.550000190734863,3.5089378356933594
2003-02-20,7.150000095367432,3.3230326175689697
2003-02-21,7.0,3.253319263458252
2003-02-24,7.25,3.36950945854187
2003-02-25,7.0,3.253319263458252
2003-02-26,6.949999809265137,3.2300808429718018
2003-02-27,6.900000095367432,3.2068428993225098
2003-02-28,6.599999904632568,3.0674147605895996
2003-03-03,6.849999904632568,3.183605670928955
2003-03-04,6.849999904632568,3.183605670928955
2003-03-05,6.75,3.137129306793213
2003-03-06,6.75,3.137129306793213
2003-03-07,6.75,3.137129306793213
2003-03-10,6.460000038146973,3.0023481845855713
2003-03-11,6.570000171661377,3.0534725189208984
2003-03-12,6.199999809265137,2.8815112113952637
2003-03-13,6.5,3.0209383964538574
2003-03-14,6.360000133514404,2.9558722972869873
2003-03-17,6.349999904632568,2.9512248039245605
2003-03-18,6.849999904632568,3.183605670928955
2003-03-19,6.550000190734863,3.0441770553588867
2003-03-20,6.550000190734863,3.0441770553588867
2003-03-21,6.559999942779541,3.0488247871398926
2003-03-24,6.400000095367432,2.9744629859924316
2003-03-25,6.400000095367432,2.9744629859924316
2003-03-26,6.5,3.0209383964538574
2003-03-27,6.400000095367432,2.9744629859924316
2003-03-28,6.400000095367432,2.9744629859924316
2003-03-31,6.400000095367432,2.9744629859924316
2003-04-01,6.449999809265137,2.997702121734619
2003-04-02,6.5,3.0209383964538574
2003-04-03,6.5,3.0209383964538574
2003-04-04,6.199999809265137,2.8815112113952637
2003-04-07,6.400000095367432,2.9744629859924316
2003-04-08,6.5,3.0209383964538574
2003-04-09,6.5,3.0209383964538574
2003-04-10,6.5,3.0209383964538574
2003-04-11,6.199999809265137,2.8815112113952637
2003-04-14,6.5,3.0209383964538574
2003-04-15,6.199999809265137,2.8815112113952637
2003-04-16,6.25,2.9047486782073975
2003-04-17,6.150000095367432,2.8582730293273926
2003-04-21,6.0,2.7885591983795166
2003-04-22,5.900000095367432,2.7420833110809326
2003-04-23,5.900000095367432,2.7420833110809326
2003-04-24,5.449999809265137,2.5329415798187256
2003-04-25,5.5,2.5561792850494385
2003-04-28,5.300000190734863,2.4632275104522705
2003-04-29,5.5,2.5561792850494385
2003-04-30,5.449999809265137,2.5329415798187256
2003-05-01,5.449999809265137,2.5329415798187256
2003-05-02,5.849999904632568,2.7188451290130615
2003-05-05,5.650000095367432,2.6258938312530518
2003-05-06,5.699999809265137,2.6491310596466064
2003-05-07,5.650000095367432,2.6258938312530518
2003-05-08,5.349999904632568,2.486464262008667
2003-05-09,5.449999809265137,2.5329415798187256
2003-05-12,5.550000190734863,2.5794177055358887
2003-05-13,5.650000095367432,2.6258938312530518
2003-05-14,5.650000095367432,2.6258938312530518
2003-05-15,5.599999904632568,2.602656126022339
2003-05-16,5.5,2.5561792850494385
2003-05-19,5.599999904632568,2.602656126022339
2003-05-20,5.699999809265137,2.6491310596466064
2003-05-21,5.699999809265137,2.6491310596466064
2003-05-22,5.349999904632568,2.486464262008667
2003-05-23,5.699999809265137,2.6491310596466064
2003-05-27,6.150000095367432,2.8582730293273926
2003-05-28,5.949999809265137,2.765321731567383
2003-05-29,6.199999809265137,2.8815112113952637
2003-05-30,6.0,2.7885591983795166
2003-06-02,6.199999809265137,2.8815112113952637
2003-06-03,6.400000095367432,2.9744629859924316
2003-06-04,6.400000095367432,2.9744629859924316
2003-06-05,6.550000190734863,3.0441770553588867
2003-06-06,6.699999809265137,3.1138908863067627
2003-06-09,6.650000095367432,3.0906519889831543
2003-06-10,6.949999809265137,3.2300808429718018
2003-06-11,6.699999809265137,3.1138908863067627
2003-06-12,6.800000190734863,3.1603665351867676
2003-06-13,6.75,3.137129306793213
2003-06-16,6.849999904632568,3.183605670928955
2003-06-17,7.010000228881836,3.2579665184020996
2003-06-18,6.75,3.137129306793213
2003-06-19,7.0,3.253319263458252
2003-06-20,6.849999904632568,3.183605670928955
2003-06-23,6.5,3.0209383964538574
2003-06-24,6.380000114440918,2.965167760848999
2003-06-25,6.559999942779541,3.0488247871398926
2003-06-26,6.639999866485596,3.086005210876465
2003-06-27,6.5,3.0209383964538574
2003-06-30,6.5,3.0209383964538574
2003-07-01,6.5,3.0209383964538574
2003-07-02,6.800000190734863,3.1603665351867676
2003-07-03,7.150000095367432,3.3230326175689697
2003-07-07,7.400000095367432,3.439222574234009
2003-07-08,7.25,3.4679226875305176
2003-07-09,7.599999904632568,3.6353394985198975
2003-07-10,7.400000095367432,3.5396728515625
2003-07-11,7.300000190734863,3.491839647293091
2003-07-14,7.849999904632568,3.7549221515655518
2003-07-15,7.650000095367432,3.6592564582824707
2003-07-16,7.610000133514404,3.640122175216675
2003-07-17,7.300000190734863,3.491839647293091
2003-07-18,7.300000190734863,3.491839647293091
2003-07-21,7.400000095367432,3.5396728515625
2003-07-22,7.25,3.4679226875305176
2003-07-23,7.199999809265137,3.4440064430236816
2003-07-24,7.25,3.4679226875305176
2003-07-25,7.300000190734863,3.491839647293091
2003-07-28,7.800000190734863,3.7310068607330322
2003-07-29,7.849999904632568,3.7549221515655518
2003-07-30,7.900000095367432,3.778839349746704
2003-07-31,8.0,3.8266732692718506
2003-08-01,7.550000190734863,3.6114237308502197
2003-08-04,7.550000190734863,3.6114237308502197
2003-08-05,7.849999904632568,3.7549221515655518
2003-08-06,7.5,3.5875062942504883
2003-08-07,7.5,3.5875062942504883
2003-08-08,7.25,3.4679226875305176
2003-08-11,7.25,3.4679226875305176
2003-08-12,7.300000190734863,3.491839647293091
2003-08-13,7.699999809265137,3.6831719875335693
2003-08-14,7.650000095367432,3.6592564582824707
2003-08-15,7.800000190734863,3.7310068607330322
2003-08-18,7.5,3.5875062942504883
2003-08-19,7.75,3.7070889472961426
2003-08-20,7.5,3.5875062942504883
2003-08-21,7.400000095367432,3.5396728515625
2003-08-22,7.849999904632568,3.7549221515655518
2003-08-25,7.550000190734863,3.6114237308502197
2003-08-26,7.449999809265137,3.563588857650757
2003-08-27,7.449999809265137,3.563588857650757
2003-08-28,7.75,3.7070889472961426
2003-08-29,8.449999809265137,4.041924476623535
2003-09-02,8.449999809265137,4.041924476623535
2003-09-03,8.699999809265137,4.161507606506348
2003-09-04,8.699999809265137,4.161507606506348
2003-09-05,8.5,4.065838813781738
2003-09-08,8.600000381469727,4.113675117492676
2003-09-09,8.800000190734863,4.209340572357178
2003-09-10,8.649999618530273,4.137590408325195
2003-09-11,8.550000190734863,4.089757442474365
2003-09-12,8.550000190734863,4.089757442474365
2003-09-15,8.5,4.065838813781738
2003-09-16,8.600000381469727,4.113675117492676
2003-09-17,8.699999809265137,4.161507606506348
2003-09-18,8.649999618530273,4.137590408325195
2003-09-19,8.199999809265137,3.9223406314849854
2003-09-22,7.949999809265137,3.8027572631835938
2003-09-23,8.199999809265137,3.9223406314849854
2003-09-24,8.649999618530273,4.137590408325195
2003-09-25,8.050000190734863,3.850590229034424
2003-09-26,8.0,3.8266732692718506
2003-09-29,7.900000095367432,3.778839349746704
2003-09-30,7.949999809265137,3.8027572631835938
2003-10-01,8.0,3.8266732692718506
2003-10-02,7.800000190734863,3.7310068607330322
2003-10-03,8.0,3.8266732692718506
2003-10-06,8.0,3.8266732692718506
2003-10-07,8.25,3.9462568759918213
2003-10-08,8.25,3.9462568759918213
2003-10-09,8.25,3.9462568759918213
2003-10-10,8.550000190734863,4.089757442474365
2003-10-13,9.149999618530273,4.376757621765137
2003-10-14,9.100000381469727,4.352841854095459
2003-10-15,8.800000190734863,4.209340572357178
2003-10-16,8.899999618530273,4.25717306137085
2003-10-17,8.800000190734863,4.209340572357178
2003-10-20,9.149999618530273,4.376757621765137
2003-10-21,9.050000190734863,4.328925609588623
2003-10-22,9.350000381469727,4.472424507141113
2003-10-23,9.25,4.424591541290283
2003-10-24,9.149999618530273,4.376757621765137
2003-10-27,9.399999618530273,4.496340274810791
2003-10-28,9.399999618530273,4.496340274810791
2003-10-29,9.649999618530273,4.61592435836792
2003-10-30,9.300000190734863,4.448507785797119
2003-10-31,9.5,4.54417610168457
2003-11-03,9.550000190734863,4.568091869354248
2003-11-04,9.75,4.663758277893066
2003-11-05,9.149999618530273,4.376757621765137
2003-11-06,8.5,4.065838813781738
2003-11-07,8.649999618530273,4.137590408325195
2003-11-10,8.449999809265137,4.041924476623535
2003-11-11,8.399999618530273,4.018006801605225
2003-11-12,8.4399995803833,4.037139892578125
2003-11-13,8.25,3.9462568759918213
2003-11-14,8.25,3.9462568759918213
2003-11-17,7.849999904632568,3.7782793045043945
2003-11-18,8.0,3.850476026535034
2003-11-19,8.0,3.850476026535034
2003-11-20,8.0,3.850476026535034
2003-11-21,8.0,3.850476026535034
2003-11-24,8.0,3.850476026535034
2003-11-25,8.25,3.970803737640381
2003-11-26,8.199999809265137,3.9467387199401855
2003-11-28,8.649999618530273,4.163326740264893
2003-12-01,8.449999809265137,4.067066192626953
2003-12-02,8.399999618530273,4.0430006980896
2003-12-03,8.5,4.091129779815674
2003-12-04,8.25,3.970803737640381
2003-12-05,8.449999809265137,4.067066192626953
2003-12-08,8.399999618530273,4.0430006980896
2003-12-09,8.600000381469727,4.139263153076172
2003-12-10,8.649999618530273,4.163326740264893
2003-12-11,9.0,4.331786155700684
2003-12-12,9.0,4.331786155700684
2003-12-15,8.75,4.211459159851074
2003-12-16,8.649999618530273,4.163326740264893
2003-12-17,8.5,4.091129779815674
2003-12-18,8.75,4.211459159851074
2003-12-19,8.75,4.211459159851074
2003-12-22,8.800000190734863,4.235523700714111
2003-12-23,8.649999618530273,4.163326740264893
2003-12-24,8.699999809265137,4.1873931884765625
2003-12-26,8.699999809265137,4.1873931884765625
2003-12-29,8.6899995803833,4.182579040527344
2003-12-30,8.649999618530273,4.163326740264893
2003-12-31,8.649999618530273,4.163326740264893
2004-01-02,9.050000190734863,4.3558526039123535
2004-01-05,9.140000343322754,4.399170398712158
2004-01-06,9.449999809265137,4.548376083374023
2004-01-07,9.390000343322754,4.519496917724609
2004-01-08,9.489999771118164,4.567628383636475
2004-01-09,9.449999809265137,4.548376083374023
2004-01-12,9.529999732971191,4.586878776550293
2004-01-13,9.180000305175781,4.418421745300293
2004-01-14,9.149999618530273,4.403982162475586
2004-01-15,9.149999618530273,4.403982162475586
2004-01-16,9.050000190734863,4.3558526039123535
2004-01-20,9.100000381469727,4.379917621612549
2004-01-21,9.350000381469727,4.500244140625
2004-01-22,9.399999618530273,4.524308204650879
2004-01-23,9.399999618530273,4.524308204650879
2004-01-26,9.300000190734863,4.4761786460876465
2004-01-27,9.899999618530273,4.764963626861572
2004-01-28,9.649999618530273,4.644636631011963
2004-01-29,9.899999618530273,4.764963626861572
2004-01-30,9.800000190734863,4.716834545135498
2004-02-02,9.600000381469727,4.620570659637451
2004-02-03,9.5,4.572442054748535
2004-02-04,9.260000228881836,4.456926345825195
2004-02-05,9.199999809265137,4.4280476570129395
2004-02-06,9.449999809265137,4.548376083374023
2004-02-09,9.75,4.692768573760986
2004-02-10,9.649999618530273,4.644636631011963
2004-02-11,9.449999809265137,4.548376083374023
2004-02-12,9.449999809265137,4.548376083374023
2004-02-13,9.600000381469727,4.620570659637451
2004-02-17,9.699999809265137,4.668703079223633
2004-02-18,9.5,4.572442054748535
2004-02-19,8.899999618530273,4.283653736114502
2004-02-20,8.640000343322754,4.158514022827148
2004-02-23,8.5,4.091129779815674
2004-02-24,8.399999618530273,4.0430006980896
2004-02-25,8.399999618530273,4.0430006980896
2004-02-26,8.399999618530273,4.0430006980896
2004-02-27,8.399999618530273,4.0430006980896
2004-03-01,8.449999809265137,4.067066192626953
2004-03-02,8.5,4.091129779815674
2004-03-03,8.449999809265137,4.067066192626953
2004-03-04,8.25,3.970803737640381
2004-03-05,8.149999618530273,3.922672748565674
2004-03-08,8.149999618530273,3.922672748565674
2004-03-09,8.199999809265137,3.9467387199401855
2004-03-10,8.0,3.850476026535034
2004-03-11,7.599999904632568,3.657952308654785
2004-03-12,7.599999904632568,3.657952308654785
2004-03-15,7.650000095367432,3.6820178031921387
2004-03-16,7.5,3.6098215579986572
2004-03-17,7.400000095367432,3.5616908073425293
2004-03-18,7.199999809265137,3.4654293060302734
2004-03-19,7.25,3.4894940853118896
2004-03-22,7.0,3.3691678047180176
2004-03-23,6.949999809265137,3.3451008796691895
2004-03-24,7.0,3.3691678047180176
2004-03-25,7.0,3.3691678047180176
2004-03-26,7.300000190734863,3.513559579849243
2004-03-29,7.25,3.4894940853118896
2004-03-30,7.050000190734863,3.3932318687438965
2004-03-31,7.349999904632568,3.5376245975494385
2004-04-01,7.199999809265137,3.4654293060302734
2004-04-02,7.449999809265137,3.5857555866241455
2004-04-05,7.599999904632568,3.657952308654785
2004-04-06,7.550000190734863,3.633888006210327
2004-04-07,7.599999904632568,3.657952308654785
2004-04-08,7.550000190734863,3.633888006210327
2004-04-12,7.75,3.73014760017395
2004-04-13,7.650000095367432,3.6820178031921387
2004-04-14,7.300000190734863,3.513559579849243
2004-04-15,7.300000190734863,3.513559579849243
2004-04-16,7.150000095367432,3.4413633346557617
2004-04-19,7.099999904632568,3.417297601699829
2004-04-20,6.5,3.1285111904144287
2004-04-21,6.349999904632568,3.0563149452209473
2004-04-22,6.25,3.0081844329833984
2004-04-23,6.699999809265137,3.224774122238159
2004-04-26,6.300000190734863,3.032250165939331
2004-04-27,6.25,3.0081844329833984
2004-04-28,6.099999904632568,2.935987710952759
2004-04-29,5.900000095367432,2.8397269248962402
2004-04-30,7.25,3.4894940853118896
2004-05-03,6.150000095367432,2.9600539207458496
2004-05-04,6.050000190734863,2.9119229316711426
2004-05-05,6.0,2.887857437133789
2004-05-06,8.0,3.850476026535034
2004-05-07,6.0,2.887857437133789
2004-05-10,5.599999904632568,2.6953349113464355
2004-05-11,5.699999809265137,2.743464469909668
2004-05-12,5.75,2.7675294876098633
2004-05-13,5.849999904632568,2.8156609535217285
2004-05-14,5.849999904632568,2.8156609535217285
2004-05-17,5.050000190734863,2.4306135177612305
2004-05-18,5.25,2.5268752574920654
2004-05-19,5.650000095367432,2.7193994522094727
2004-05-20,5.800000190734863,2.791595697402954
2004-05-21,6.050000190734863,2.9119229316711426
2004-05-24,6.150000095367432,2.9600539207458496
2004-05-25,6.0,2.887857437133789
2004-05-26,6.0,2.887857437133789
2004-05-27,6.300000190734863,3.032250165939331
2004-05-28,6.349999904632568,3.0563149452209473
2004-06-01,6.349999904632568,3.0563149452209473
2004-06-02,5.949999809265137,2.863792896270752
2004-06-03,5.449999809265137,2.6231369972229004
2004-06-04,5.400000095367432,2.599071741104126
2004-06-07,5.650000095367432,2.7193994522094727
2004-06-08,5.599999904632568,2.6953349113464355
2004-06-09,5.449999809265137,2.6231369972229004
2004-06-10,5.400000095367432,2.599071741104126
2004-06-14,5.25,2.5268752574920654
2004-06-15,5.300000190734863,2.550941228866577
2004-06-16,5.400000095367432,2.599071741104126
2004-06-17,5.199999809265137,2.502809762954712
2004-06-18,5.099999904632568,2.454678773880005
2004-06-21,5.050000190734863,2.4306135177612305
2004-06-22,5.0,2.4065475463867188
2004-06-23,5.0,2.4065475463867188
2004-06-24,5.25,2.5268752574920654
2004-06-25,5.300000190734863,2.550941228866577
2004-06-28,5.199999809265137,2.502809762954712
2004-06-29,5.199999809265137,2.502809762954712
2004-06-30,5.25,2.5268752574920654
2004-07-01,5.269999980926514,2.536501407623291
2004-07-02,5.300000190734863,2.550941228866577
2004-07-06,5.349999904632568,2.5750057697296143
2004-07-07,5.5,2.647202968597412
2004-07-08,5.300000190734863,2.550941228866577
2004-07-09,5.400000095367432,2.599071741104126
2004-07-12,5.25,2.5268752574920654
2004-07-13,5.150000095367432,2.4787447452545166
2004-07-14,5.099999904632568,2.454678773880005
2004-07-15,5.050000190734863,2.4306135177612305
2004-07-16,5.199999809265137,2.502809762954712
2004-07-19,5.199999809265137,2.502809762954712
2004-07-20,5.199999809265137,2.502809762954712
2004-07-21,5.300000190734863,2.550941228866577
2004-07-22,5.150000095367432,2.515287399291992
2004-07-23,5.150000095367432,2.515287399291992
2004-07-26,5.150000095367432,2.515287399291992
2004-07-27,5.199999809265137,2.5397074222564697
2004-07-28,5.25,2.564127206802368
2004-07-29,5.150000095367432,2.515287399291992
2004-07-30,5.349999904632568,2.6129677295684814
2004-08-02,5.199999809265137,2.5397074222564697
2004-08-03,5.199999809265137,2.5397074222564697
2004-08-04,5.150000095367432,2.515287399291992
2004-08-05,5.25,2.564127206802368
2004-08-06,5.150000095367432,2.515287399291992
2004-08-09,5.199999809265137,2.5397074222564697
2004-08-10,5.25,2.564127206802368
2004-08-11,5.050000190734863,2.4664466381073
2004-08-12,5.5,2.6862292289733887
2004-08-13,5.75,2.8083300590515137
2004-08-16,5.699999809265137,2.7839102745056152
2004-08-17,5.550000190734863,2.710649013519287
2004-08-18,5.650000095367432,2.7594902515411377
2004-08-19,5.949999809265137,2.9060120582580566
2004-08-20,5.849999904632568,2.857171058654785
2004-08-23,5.849999904632568,2.857171058654785
2004-08-24,6.0,2.930431604385376
2004-08-25,6.199999809265137,3.0281124114990234
2004-08-26,6.099999904632568,2.979271411895752
2004-08-27,6.059999942779541,2.959735631942749
2004-08-30,6.099999904632568,2.979271411895752
2004-08-31,6.199999809265137,3.0281124114990234
2004-09-01,6.25,3.052532434463501
2004-09-02,6.050000190734863,2.9548518657684326
2004-09-03,5.900000095367432,2.881591320037842
2004-09-07,6.25,3.052532434463501
2004-09-08,6.099999904632568,2.979271411895752
2004-09-09,6.099999904632568,2.979271411895752
2004-09-10,6.099999904632568,2.979271411895752
2004-09-13,6.099999904632568,2.979271411895752
2004-09-14,6.150000095367432,3.003692626953125
2004-09-15,6.050000190734863,2.9548518657684326
2004-09-16,6.199999809265137,3.0281124114990234
2004-09-17,6.5,3.174633502960205
2004-09-20,7.050000190734863,3.443256378173828
2004-09-21,6.849999904632568,3.345576524734497
2004-09-22,6.5,3.174633502960205
2004-09-23,6.699999809265137,3.27231502532959
2004-09-24,6.400000095367432,3.125792980194092
2004-09-27,6.599999904632568,3.2234747409820557
2004-09-28,6.400000095367432,3.125792980194092
2004-09-29,6.400000095367432,3.125792980194092
2004-09-30,6.550000190734863,3.1990549564361572
2004-10-01,6.599999904632568,3.2234747409820557
2004-10-04,6.699999809265137,3.27231502532959
2004-10-05,6.849999904632568,3.345576524734497
2004-10-06,6.699999809265137,3.27231502532959
2004-10-07,6.650000095367432,3.247894048690796
2004-10-08,6.630000114440918,3.2381274700164795
2004-10-11,6.650000095367432,3.247894048690796
2004-10-12,6.599999904632568,3.2234747409820557
2004-10-13,6.599999904632568,3.2234747409820557
2004-10-14,6.599999904632568,3.2234747409820557
2004-10-15,6.699999809265137,3.27231502532959
2004-10-18,6.400000095367432,3.125792980194092
2004-10-19,6.550000190734863,3.1990549564361572
2004-10-20,6.599999904632568,3.2234747409820557
2004-10-21,6.800000190734863,3.321155548095703
2004-10-22,6.800000190734863,3.321155548095703
2004-10-25,6.800000190734863,3.321155548095703
2004-10-26,6.849999904632568,3.345576524734497
2004-10-27,6.800000190734863,3.321155548095703
2004-10-28,6.949999809265137,3.3944156169891357
2004-10-29,7.050000190734863,3.443256378173828
2004-11-01,7.099999904632568,3.467676877975464
2004-11-02,7.349999904632568,3.589778423309326
2004-11-03,7.400000095367432,3.614198923110962
2004-11-04,7.150000095367432,3.4920973777770996
2004-11-05,7.199999809265137,3.5165181159973145
2004-11-08,7.050000190734863,3.443256378173828
2004-11-09,7.0,3.418837547302246
2004-11-10,7.050000190734863,3.443256378173828
2004-11-11,7.099999904632568,3.467676877975464
2004-11-12,7.5,3.663039445877075
2004-11-15,7.909999847412109,3.8632853031158447
2004-11-16,6.949999809265137,3.3944156169891357
2004-11-17,6.699999809265137,3.27231502532959
2004-11-18,6.650000095367432,3.247894048690796
2004-11-19,6.699999809265137,3.27231502532959
2004-11-22,6.5,3.174633502960205
2004-11-23,6.400000095367432,3.125792980194092
2004-11-24,6.650000095367432,3.247894048690796
2004-11-26,6.800000190734863,3.3524110317230225
2004-11-29,6.699999809265137,3.3031110763549805
2004-11-30,6.75,3.327760696411133
2004-12-01,6.900000095367432,3.4017112255096436
2004-12-02,6.800000190734863,3.3524110317230225
2004-12-03,6.900000095367432,3.4017112255096436
2004-12-06,7.25,3.5742619037628174
2004-12-07,7.599999904632568,3.746812105178833
2004-12-08,8.109999656677246,3.998244285583496
2004-12-09,6.849999904632568,3.3770618438720703
2004-12-10,6.400000095367432,3.155210256576538
2004-12-13,6.199999809265137,3.056610107421875
2004-12-14,5.949999809265137,2.9333605766296387
2004-12-15,6.050000190734863,2.9826598167419434
2004-12-16,6.050000190734863,2.9826598167419434
2004-12-17,6.050000190734863,2.9826598167419434
2004-12-20,6.150000095367432,3.0319602489471436
2004-12-21,6.150000095367432,3.0319602489471436
2004-12-22,6.199999809265137,3.056610107421875
2004-12-23,6.25,3.0812602043151855
2004-12-27,6.300000190734863,3.105910539627075
2004-12-28,6.400000095367432,3.155210256576538
2004-12-29,6.300000190734863,3.105910539627075
2004-12-30,6.150000095367432,3.0319602489471436
2004-12-31,6.050000190734863,2.9826598167419434
2005-01-03,6.099999904632568,3.0073094367980957
2005-01-04,5.949999809265137,2.9333605766296387
2005-01-05,5.599999904632568,2.760810375213623
2005-01-06,5.5,2.7115097045898438
2005-01-07,5.5,2.7115097045898438
2005-01-10,5.599999904632568,2.760810375213623
2005-01-11,5.650000095367432,2.7854597568511963
2005-01-12,5.650000095367432,2.7854597568511963
2005-01-13,5.489999771118164,2.7065787315368652
2005-01-14,5.5,2.7115097045898438
2005-01-18,5.599999904632568,2.760810375213623
2005-01-19,5.650000095367432,2.7854597568511963
2005-01-20,5.449999809265137,2.686859130859375
2005-01-21,5.25,2.5882582664489746
2005-01-24,5.599999904632568,2.760810375213623
2005-01-25,5.449999809265137,2.686859130859375
2005-01-26,5.449999809265137,2.686859130859375
2005-01-27,5.300000190734863,2.6129090785980225
2005-01-28,5.150000095367432,2.5389585494995117
2005-01-31,5.25,2.5882582664489746
2005-02-01,5.449999809265137,2.686859130859375
2005-02-02,5.449999809265137,2.686859130859375
2005-02-03,5.400000095367432,2.6622090339660645
2005-02-04,5.25,2.5882582664489746
2005-02-07,5.650000095367432,2.7854597568511963
2005-02-08,5.949999809265137,2.9333605766296387
2005-02-09,5.949999809265137,2.9333605766296387
2005-02-10,5.900000095367432,2.908710241317749
2005-02-11,5.849999904632568,2.8840599060058594
2005-02-14,5.75,2.834758996963501
2005-02-15,5.800000190734863,2.859410047531128
2005-02-16,5.699999809265137,2.8101093769073486
2005-02-17,5.449999809265137,2.686859130859375
2005-02-18,5.449999809265137,2.686859130859375
2005-02-22,5.599999904632568,2.760810375213623
2005-02-23,5.449999809265137,2.686859130859375
2005-02-24,5.550000190734863,2.736159086227417
2005-02-25,5.699999809265137,2.8101093769073486
2005-02-28,5.650000095367432,2.7854597568511963
2005-03-01,5.599999904632568,2.760810375213623
2005-03-02,5.550000190734863,2.736159086227417
2005-03-03,5.699999809265137,2.8101093769073486
2005-03-04,5.800000190734863,2.859410047531128
2005-03-07,5.900000095367432,2.908710241317749
2005-03-08,5.849999904632568,2.8840599060058594
2005-03-09,6.0,2.958009958267212
2005-03-10,6.550000190734863,3.229161262512207
2005-03-11,6.550000190734863,3.229161262512207
2005-03-14,6.349999904632568,3.1305599212646484
2005-03-15,6.25,3.0812602043151855
2005-03-16,6.349999904632568,3.1305599212646484
2005-03-17,6.300000190734863,3.105910539627075
2005-03-18,6.300000190734863,3.105910539627075
2005-03-21,6.400000095367432,3.155210256576538
2005-03-22,6.449999809265137,3.179861068725586
2005-03-23,6.300000190734863,3.105910539627075
2005-03-24,6.5,3.204509973526001
2005-03-28,6.599999904632568,3.2538108825683594
2005-03-29,6.699999809265137,3.3031110763549805
2005-03-30,6.739999771118164,3.3228306770324707
2005-03-31,6.900000095367432,3.4017112255096436
2005-04-01,6.800000190734863,3.3524110317230225
2005-04-04,6.449999809265137,3.179861068725586
2005-04-05,6.449999809265137,3.179861068725586
2005-04-06,6.5,3.204509973526001
2005-04-07,6.550000190734863,3.229161262512207
2005-04-08,6.5,3.204509973526001
2005-04-11,6.650000095367432,3.2784600257873535
2005-04-12,6.650000095367432,3.2784600257873535
2005-04-13,6.650000095367432,3.2784600257873535
2005-04-14,6.550000190734863,3.229161262512207
2005-04-15,6.400000095367432,3.155210256576538
2005-04-18,6.150000095367432,3.0319602489471436
2005-04-19,6.400000095367432,3.155210256576538
2005-04-20,6.400000095367432,3.155210256576538
2005-04-21,6.400000095367432,3.155210256576538
2005-04-22,6.349999904632568,3.1305599212646484
2005-04-25,6.349999904632568,3.1305599212646484
2005-04-26,6.349999904632568,3.1305599212646484
2005-04-27,6.349999904632568,3.1305599212646484
2005-04-28,6.400000095367432,3.155210256576538
2005-04-29,6.349999904632568,3.1305599212646484
2005-05-02,6.420000076293945,3.165070056915283
2005-05-03,6.5,3.204509973526001
2005-05-04,6.599999904632568,3.2538108825683594
2005-05-05,6.650000095367432,3.2784600257873535
2005-05-06,6.800000190734863,3.3524110317230225
2005-05-09,6.670000076293945,3.2883222103118896
2005-05-10,6.5,3.204509973526001
2005-05-11,6.599999904632568,3.2538108825683594
2005-05-12,6.699999809265137,3.3031110763549805
2005-05-13,6.599999904632568,3.2538108825683594
2005-05-16,6.75,3.327760696411133
2005-05-17,6.550000190734863,3.229161262512207
2005-05-18,6.650000095367432,3.2784600257873535
2005-05-19,6.599999904632568,3.2538108825683594
2005-05-20,6.550000190734863,3.229161262512207
2005-05-23,6.449999809265137,3.179861068725586
2005-05-24,6.349999904632568,3.1305599212646484
2005-05-25,6.25,3.0812602043151855
2005-05-26,6.150000095367432,3.0319602489471436
2005-05-27,6.199999809265137,3.056610107421875
2005-05-31,6.300000190734863,3.105910539627075
2005-06-01,6.300000190734863,3.105910539627075
2005-06-02,6.349999904632568,3.1305599212646484
2005-06-03,6.400000095367432,3.155210256576538
2005-06-06,6.5,3.204509973526001
2005-06-07,6.449999809265137,3.179861068725586
2005-06-08,6.300000190734863,3.105910539627075
2005-06-09,6.099999904632568,3.0073094367980957
2005-06-10,6.099999904632568,3.0073094367980957
2005-06-13,5.900000095367432,2.908710241317749
2005-06-14,5.900000095367432,2.908710241317749
2005-06-15,6.050000190734863,2.9826598167419434
2005-06-16,6.150000095367432,3.0319602489471436
2005-06-17,6.099999904632568,3.0073094367980957
2005-06-20,6.099999904632568,3.0073094367980957
2005-06-21,6.0,2.958009958267212
2005-06-22,6.150000095367432,3.0319602489471436
2005-06-23,6.150000095367432,3.0319602489471436
2005-06-24,5.949999809265137,2.9333605766296387
2005-06-27,5.989999771118164,2.95307993888855
2005-06-28,6.050000190734863,2.9826598167419434
2005-06-29,6.0,2.958009958267212
2005-06-30,6.0,2.958009958267212
2005-07-01,5.949999809265137,2.9333605766296387
2005-07-05,6.0,2.958009958267212
2005-07-06,6.0,2.958009958267212
2005-07-07,5.849999904632568,2.8840599060058594
2005-07-08,5.949999809265137,2.9333605766296387
2005-07-11,6.050000190734863,2.9826598167419434
2005-07-12,6.099999904632568,3.0073094367980957
2005-07-13,6.199999809265137,3.056610107421875
2005-07-14,6.550000190734863,3.229161262512207
2005-07-15,6.550000190734863,3.229161262512207
2005-07-18,6.599999904632568,3.2538108825683594
2005-07-19,6.800000190734863,3.3524110317230225
2005-07-20,6.900000095367432,3.4017112255096436
2005-07-21,6.75,3.327760696411133
2005-07-22,6.650000095367432,3.2784600257873535
2005-07-25,6.599999904632568,3.2538108825683594
2005-07-26,6.650000095367432,3.2784600257873535
2005-07-27,6.75,3.327760696411133
2005-07-28,6.800000190734863,3.3885557651519775
2005-07-29,6.800000190734863,3.3885557651519775
2005-08-01,7.099999904632568,3.538051128387451
2005-08-02,7.400000095367432,3.6875462532043457
2005-08-03,7.400000095367432,3.6875462532043457
2005-08-04,7.150000095367432,3.5629658699035645
2005-08-05,7.0,3.4882187843322754
2005-08-08,7.099999904632568,3.538051128387451
2005-08-09,7.0,3.4882187843322754
2005-08-10,7.449999809265137,3.7124621868133545
2005-08-11,8.199999809265137,4.08620023727417
2005-08-12,8.25,4.1111159324646
2005-08-15,8.199999809265137,4.08620023727417
2005-08-16,8.050000190734863,4.011451244354248
2005-08-17,7.849999904632568,3.9117884635925293
2005-08-18,7.699999809265137,3.8370401859283447
2005-08-19,7.900000095367432,3.936703681945801
2005-08-22,8.100000381469727,4.036368370056152
2005-08-23,8.100000381469727,4.036368370056152
2005-08-24,8.050000190734863,4.011451244354248
2005-08-25,8.149999618530273,4.061283111572266
2005-08-26,8.199999809265137,4.08620023727417
2005-08-29,8.399999618530273,4.185863494873047
2005-08-30,8.25,4.1111159324646
2005-08-31,8.350000381469727,4.160948276519775
2005-09-01,8.649999618530273,4.310441017150879
2005-09-02,8.399999618530273,4.185863494873047
2005-09-06,8.300000190734863,4.136030673980713
2005-09-07,8.600000381469727,4.285525321960449
2005-09-08,8.5,4.235694885253906
2005-09-09,8.399999618530273,4.185863494873047
2005-09-12,8.399999618530273,4.185863494873047
2005-09-13,8.449999809265137,4.210779666900635
2005-09-14,8.34000015258789,4.15596342086792
2005-09-15,8.699999809265137,4.335356712341309
2005-09-16,9.149999618530273,4.559600353240967
2005-09-19,9.149999618530273,4.559600353240967
2005-09-20,9.649999618530273,4.808760643005371
2005-09-21,9.5,4.734011173248291
2005-09-22,9.699999809265137,4.833674907684326
2005-09-23,9.699999809265137,4.833674907684326
2005-09-26,9.550000190734863,4.7589287757873535
2005-09-27,9.25,4.609433650970459
2005-09-28,9.25,4.609433650970459
2005-09-29,9.600000381469727,4.783844470977783
2005-09-30,9.84000015258789,4.903439521789551
2005-10-03,9.649999618530273,4.808760643005371
2005-10-04,9.550000190734863,4.7589287757873535
2005-10-05,9.449999809265137,4.709095478057861
2005-10-06,9.300000190734863,4.634348392486572
2005-10-07,9.199999809265137,4.584517478942871
2005-10-10,9.25,4.609433650970459
2005-10-11,9.25,4.609433650970459
2005-10-12,8.899999618530273,4.435022354125977
2005-10-13,8.699999809265137,4.335356712341309
2005-10-14,8.649999618530273,4.310441017150879
2005-10-17,8.899999618530273,4.435022354125977
2005-10-18,8.949999809265137,4.459938049316406
2005-10-19,8.699999809265137,4.335356712341309
2005-10-20,8.800000190734863,4.385189533233643
2005-10-21,9.100000381469727,4.534684658050537
2005-10-24,9.25,4.609433650970459
2005-10-25,9.550000190734863,4.7589287757873535
2005-10-26,10.0,4.983170986175537
2005-10-27,9.75,4.8585920333862305
2005-10-28,9.550000190734863,4.7589287757873535
2005-10-31,9.899999618530273,4.933338165283203
2005-11-01,9.149999618530273,4.559600353240967
2005-11-02,9.350000381469727,4.659265518188477
2005-11-03,8.899999618530273,4.435022354125977
2005-11-04,8.800000190734863,4.385189533233643
2005-11-07,8.899999618530273,4.435022354125977
2005-11-08,8.949999809265137,4.459938049316406
2005-11-09,9.149999618530273,4.559600353240967
2005-11-10,9.25,4.6408796310424805
2005-11-11,9.449999809265137,4.741222381591797
2005-11-14,9.300000190734863,4.665964603424072
2005-11-15,9.399999618530273,4.716136455535889
2005-11-16,9.5,4.766307353973389
2005-11-17,9.5,4.766307353973389
2005-11-18,9.800000190734863,4.916823863983154
2005-11-21,9.850000381469727,4.941910266876221
2005-11-22,9.949999809265137,4.9920806884765625
2005-11-23,9.899999618530273,4.966993808746338
2005-11-25,9.699999809265137,4.8666510581970215
2005-11-28,9.649999618530273,4.8415656089782715
2005-11-29,9.75,4.891737461090088
2005-11-30,9.800000190734863,4.916823863983154
2005-12-01,9.75,4.891737461090088
2005-12-02,10.0,5.017167091369629
2005-12-05,10.0,5.017167091369629
2005-12-06,9.75,4.891737461090088
2005-12-07,9.75,4.891737461090088
2005-12-08,9.550000190734863,4.791393756866455
2005-12-09,9.5,4.766307353973389
2005-12-12,9.600000381469727,4.81648063659668
2005-12-13,9.600000381469727,4.81648063659668
2005-12-14,9.649999618530273,4.8415656089782715
2005-12-15,9.600000381469727,4.81648063659668
2005-12-16,9.600000381469727,4.81648063659668
2005-12-19,9.449999809265137,4.741222381591797
2005-12-20,9.550000190734863,4.791393756866455
2005-12-21,9.800000190734863,4.916823863983154
2005-12-22,9.399999618530273,4.716136455535889
2005-12-23,9.399999618530273,4.716136455535889
2005-12-27,9.399999618530273,4.716136455535889
2005-12-28,9.149999618530273,4.590706825256348
2005-12-29,9.15999984741211,4.595724582672119
2005-12-30,9.15999984741211,4.595724582672119
2006-01-03,9.199999809265137,4.615792751312256
2006-01-04,9.199999809265137,4.615792751312256
2006-01-05,9.09000015258789,4.560604572296143
2006-01-06,8.949999809265137,4.4903645515441895
2006-01-09,9.0,4.515449523925781
2006-01-10,8.75,4.390021800994873
2006-01-11,8.949999809265137,4.4903645515441895
2006-01-12,8.850000381469727,4.440192222595215
2006-01-13,9.149999618530273,4.590706825256348
2006-01-17,8.850000381469727,4.440192222595215
2006-01-18,8.949999809265137,4.4903645515441895
2006-01-19,9.350000381469727,4.691051959991455
2006-01-20,9.399999618530273,4.716136455535889
2006-01-23,9.380000114440918,4.70610237121582
2006-01-24,8.949999809265137,4.4903645515441895
2006-01-25,9.050000190734863,4.540535926818848
2006-01-26,8.75,4.390021800994873
2006-01-27,8.199999809265137,4.114076614379883
2006-01-30,8.25,4.139162063598633
2006-01-31,8.149999618530273,4.088990211486816
2006-02-01,8.100000381469727,4.063904762268066
2006-02-02,8.25,4.139162063598633
2006-02-03,8.300000190734863,4.164248466491699
2006-02-06,8.149999618530273,4.088990211486816
2006-02-07,8.149999618530273,4.088990211486816
2006-02-08,7.949999809265137,3.988647222518921
2006-02-09,7.900000095367432,3.96356201171875
2006-02-10,8.100000381469727,4.063904762268066
2006-02-13,8.100000381469727,4.063904762268066
2006-02-14,8.199999809265137,4.114076614379883
2006-02-15,8.050000190734863,4.038820266723633
2006-02-16,8.199999809265137,4.114076614379883
2006-02-17,8.300000190734863,4.164248466491699
2006-02-21,8.699999809265137,4.36493444442749
2006-02-22,8.699999809265137,4.36493444442749
2006-02-23,8.649999618530273,4.339848518371582
2006-02-24,8.520000457763672,4.2746262550354
2006-02-27,8.5,4.264591693878174
2006-02-28,8.399999618530273,4.214420795440674
2006-03-01,8.300000190734863,4.164248466491699
2006-03-02,8.350000381469727,4.189334392547607
2006-03-03,8.300000190734863,4.164248466491699
2006-03-06,8.25,4.139162063598633
2006-03-07,8.050000190734863,4.038820266723633
2006-03-08,7.949999809265137,3.988647222518921
2006-03-09,7.849999904632568,3.9384748935699463
2006-03-10,8.100000381469727,4.063904762268066
2006-03-13,8.149999618530273,4.088990211486816
2006-03-14,8.100000381469727,4.063904762268066
2006-03-15,8.100000381469727,4.063904762268066
2006-03-16,8.050000190734863,4.038820266723633
2006-03-17,8.25,4.139162063598633
2006-03-20,8.449999809265137,4.239506721496582
2006-03-21,8.550000190734863,4.289677619934082
2006-03-22,8.25,4.139162063598633
2006-03-23,8.350000381469727,4.189334392547607
2006-03-24,8.399999618530273,4.214420795440674
2006-03-27,8.399999618530273,4.214420795440674
2006-03-28,8.149999618530273,4.088990211486816
2006-03-29,7.900000095367432,3.96356201171875
2006-03-30,7.800000190734863,3.9133896827697754
2006-03-31,7.75,3.888303756713867
2006-04-03,7.800000190734863,3.9133896827697754
2006-04-04,7.849999904632568,3.9384748935699463
2006-04-05,8.0,4.013733386993408
2006-04-06,7.900000095367432,3.96356201171875
2006-04-07,7.949999809265137,3.988647222518921
2006-04-10,7.949999809265137,3.988647222518921
2006-04-11,7.849999904632568,3.9384748935699463
2006-04-12,7.75,3.888303756713867
2006-04-13,7.949999809265137,3.988647222518921
2006-04-17,7.949999809265137,3.988647222518921
2006-04-18,8.050000190734863,4.038820266723633
2006-04-19,8.050000190734863,4.038820266723633
2006-04-20,8.0,4.013733386993408
2006-04-21,7.900000095367432,3.96356201171875
2006-04-24,7.599999904632568,3.8130459785461426
2006-04-25,7.300000190734863,3.662532091140747
2006-04-26,7.300000190734863,3.662532091140747
2006-04-27,7.349999904632568,3.687617063522339
2006-04-28,7.550000190734863,3.7879605293273926
2006-05-01,7.550000190734863,3.7879605293273926
2006-05-02,7.599999904632568,3.8130459785461426
2006-05-03,7.550000190734863,3.7879605293273926
2006-05-04,7.5,3.7628746032714844
2006-05-05,7.5,3.7628746032714844
2006-05-08,7.449999809265137,3.7377893924713135
2006-05-09,7.349999904632568,3.687617063522339
2006-05-10,7.300000190734863,3.662532091140747
2006-05-11,7.199999809265137,3.612360715866089
2006-05-12,7.0,3.5120155811309814
2006-05-15,6.949999809265137,3.4869306087493896
2006-05-16,6.949999809265137,3.4869306087493896
2006-05-17,6.900000095367432,3.4618449211120605
2006-05-18,6.800000190734863,3.411672592163086
2006-05-19,6.900000095367432,3.4618449211120605
2006-05-22,6.699999809265137,3.3615024089813232
2006-05-23,6.849999904632568,3.4367589950561523
2006-05-24,6.650000095367432,3.3364157676696777
2006-05-25,6.449999809265137,3.2360730171203613
2006-05-26,6.0,3.0102994441986084
2006-05-30,6.050000190734863,3.0353856086730957
2006-05-31,6.25,3.1357290744781494
2006-06-01,6.099999904632568,3.060471534729004
2006-06-02,6.099999904632568,3.060471534729004
2006-06-05,6.050000190734863,3.0353856086730957
2006-06-06,6.099999904632568,3.060471534729004
2006-06-07,6.0,3.0102994441986084
2006-06-08,6.0,3.0102994441986084
2006-06-09,6.150000095367432,3.085556983947754
2006-06-12,6.099999904632568,3.060471534729004
2006-06-13,5.800000190734863,2.909956455230713
2006-06-14,6.0,3.0102994441986084
2006-06-15,6.300000190734863,3.1608142852783203
2006-06-16,6.400000095367432,3.2109858989715576
2006-06-19,6.400000095367432,3.2109858989715576
2006-06-20,6.5,3.261157989501953
2006-06-21,6.449999809265137,3.2360730171203613
2006-06-22,6.599999904632568,3.311328887939453
2006-06-23,6.599999904632568,3.311328887939453
2006-06-26,6.699999809265137,3.3615024089813232
2006-06-27,6.710000038146973,3.36651873588562
2006-06-28,6.849999904632568,3.4367589950561523
2006-06-29,6.75,3.386587381362915
2006-06-30,6.75,3.386587381362915
2006-07-03,6.650000095367432,3.3364157676696777
2006-07-05,6.599999904632568,3.311328887939453
2006-07-06,6.75,3.386587381362915
2006-07-07,6.75,3.386587381362915
2006-07-10,6.800000190734863,3.411672592163086
2006-07-11,6.849999904632568,3.4367589950561523
2006-07-12,6.849999904632568,3.4367589950561523
2006-07-13,6.510000228881836,3.2661759853363037
2006-07-14,6.349999904632568,3.185900926589966
2006-07-17,6.449999809265137,3.2360730171203613
2006-07-18,6.449999809265137,3.2360730171203613
2006-07-19,6.300000190734863,3.1608142852783203
2006-07-20,6.699999809265137,3.3615024089813232
2006-07-21,6.699999809265137,3.3615024089813232
2006-07-24,6.650000095367432,3.3364157676696777
2006-07-25,6.650000095367432,3.3364157676696777
2006-07-26,6.449999809265137,3.2360730171203613
2006-07-27,6.449999809265137,3.2360730171203613
2006-07-28,6.599999904632568,3.311328887939453
2006-07-31,6.449999809265137,3.2360730171203613
2006-08-01,6.5,3.261157989501953
2006-08-02,6.550000190734863,3.2862441539764404
2006-08-03,6.449999809265137,3.2360730171203613
2006-08-04,6.5,3.261157989501953
2006-08-07,6.650000095367432,3.3364157676696777
2006-08-08,6.800000190734863,3.411672592163086
2006-08-09,6.900000095367432,3.4618449211120605
2006-08-10,6.949999809265137,3.4869306087493896
2006-08-11,7.050000190734863,3.5371031761169434
2006-08-14,6.949999809265137,3.4869306087493896
2006-08-15,6.849999904632568,3.4367589950561523
2006-08-16,6.849999904632568,3.4367589950561523
2006-08-17,7.199999809265137,3.6507327556610107
2006-08-18,7.25,3.676084041595459
2006-08-21,7.099999904632568,3.6000282764434814
2006-08-22,7.449999809265137,3.777494430541992
2006-08-23,7.5,3.8028457164764404
2006-08-24,7.650000095367432,3.8789026737213135
2006-08-25,7.599999904632568,3.8535513877868652
2006-08-28,7.550000190734863,3.828197956085205
2006-08-29,7.599999904632568,3.8535513877868652
2006-08-30,7.900000095367432,4.005664348602295
2006-08-31,8.449999809265137,4.284540176391602
2006-09-01,8.350000381469727,4.2338361740112305
2006-09-05,7.849999904632568,3.9803123474121094
2006-09-06,7.75,3.929607391357422
2006-09-07,7.300000190734863,3.701437473297119
2006-09-08,7.25,3.676084041595459
2006-09-11,7.050000190734863,3.574676275253296
2006-09-12,7.400000095367432,3.7521417140960693
2006-09-13,7.550000190734863,3.828197956085205
2006-09-14,7.449999809265137,3.777494430541992
2006-09-15,7.800000190734863,3.954960823059082
2006-09-18,7.900000095367432,4.005664348602295
2006-09-19,7.699999809265137,3.9042556285858154
2006-09-20,7.849999904632568,3.9803123474121094
2006-09-21,7.849999904632568,3.9803123474121094
2006-09-22,7.550000190734863,3.828197956085205
2006-09-25,7.550000190734863,3.828197956085205
2006-09-26,7.449999809265137,3.777494430541992
2006-09-27,7.849999904632568,3.9803123474121094
2006-09-28,7.75,3.929607391357422
2006-09-29,7.75,3.929607391357422
2006-10-02,7.849999904632568,3.9803123474121094
2006-10-03,7.800000190734863,3.954960823059082
2006-10-04,8.050000190734863,4.081721782684326
2006-10-05,8.050000190734863,4.081721782684326
2006-10-06,8.0,4.056369781494141
2006-10-09,7.75,3.929607391357422
2006-10-10,7.849999904632568,3.9803123474121094
2006-10-11,7.849999904632568,3.9803123474121094
2006-10-12,8.170000076293945,4.142568111419678
2006-10-13,8.300000190734863,4.2084832191467285
2006-10-16,8.300000190734863,4.2084832191467285
2006-10-17,8.149999618530273,4.132425785064697
2006-10-18,8.270000457763672,4.193271636962891
2006-10-19,8.300000190734863,4.2084832191467285
2006-10-20,8.5,4.309891700744629
2006-10-23,8.75,4.436654567718506
2006-10-24,8.850000381469727,4.487358093261719
2006-10-25,8.970000267028809,4.54820442199707
2006-10-26,8.800000190734863,4.462006092071533
2006-10-27,8.850000381469727,4.487358093261719
2006-10-30,8.850000381469727,4.487358093261719
2006-10-31,8.649999618530273,4.385950088500977
2006-11-01,8.399999618530273,4.259189128875732
2006-11-02,8.649999618530273,4.385950088500977
2006-11-03,8.850000381469727,4.487358093261719
2006-11-06,8.850000381469727,4.487358093261719
2006-11-07,8.75,4.436654567718506
2006-11-08,8.75,4.436654567718506
2006-11-09,8.800000190734863,4.462006092071533
2006-11-10,8.050000190734863,4.081721782684326
2006-11-13,8.050000190734863,4.081721782684326
2006-11-14,8.100000381469727,4.10707426071167
2006-11-15,8.199999809265137,4.157778739929199
2006-11-16,8.199999809265137,4.157778739929199
2006-11-17,8.050000190734863,4.081721782684326
2006-11-20,8.050000190734863,4.081721782684326
2006-11-21,8.050000190734863,4.113402366638184
2006-11-22,8.0,4.087852954864502
2006-11-24,8.0,4.087852954864502
2006-11-27,8.0,4.087852954864502
2006-11-28,7.900000095367432,4.036754131317139
2006-11-29,7.849999904632568,4.011205673217773
2006-11-30,8.0,4.087852954864502
2006-12-01,8.100000381469727,4.138951778411865
2006-12-04,8.25,4.215599536895752
2006-12-05,8.25,4.215599536895752
2006-12-06,8.149999618530273,4.164501667022705
2006-12-07,8.149999618530273,4.164501667022705
2006-12-08,8.100000381469727,4.138951778411865
2006-12-11,8.0,4.087852954864502
2006-12-12,7.900000095367432,4.036754131317139
2006-12-13,7.849999904632568,4.011205673217773
2006-12-14,7.949999809265137,4.0623040199279785
2006-12-15,7.849999904632568,4.011205673217773
2006-12-18,7.849999904632568,4.011205673217773
2006-12-19,7.800000190734863,3.985656261444092
2006-12-20,7.849999904632568,4.011205673217773
2006-12-21,7.900000095367432,4.036754131317139
2006-12-22,7.849999904632568,4.011205673217773
2006-12-26,7.849999904632568,4.011205673217773
2006-12-27,7.900000095367432,4.036754131317139
2006-12-28,8.050000190734863,4.113402366638184
2006-12-29,8.100000381469727,4.138951778411865
2007-01-03,8.350000381469727,4.266696929931641
2007-01-04,8.350000381469727,4.266696929931641
2007-01-05,8.25,4.215599536895752
2007-01-08,8.149999618530273,4.164501667022705
2007-01-09,8.649999618530273,4.419990539550781
2007-01-10,8.5,4.343344688415527
2007-01-11,8.5,4.343344688415527
2007-01-12,8.399999618530273,4.292245864868164
2007-01-16,8.300000190734863,4.241147518157959
2007-01-17,8.350000381469727,4.266696929931641
2007-01-18,8.5,4.343344688415527
2007-01-19,8.5,4.343344688415527
2007-01-22,8.649999618530273,4.419990539550781
2007-01-23,8.5,4.343344688415527
2007-01-24,8.420000076293945,4.30246639251709
2007-01-25,8.199999809265137,4.1900506019592285
2007-01-26,8.050000190734863,4.113402366638184
2007-01-29,7.949999809265137,4.0623040199279785
2007-01-30,7.900000095367432,4.036754131317139
2007-01-31,8.100000381469727,4.138951778411865
2007-02-01,8.399999618530273,4.292245864868164
2007-02-02,8.550000190734863,4.368893146514893
2007-02-05,8.699999809265137,4.4455413818359375
2007-02-06,8.050000190734863,4.113402366638184
2007-02-07,8.300000190734863,4.241147518157959
2007-02-08,8.149999618530273,4.164501667022705
2007-02-09,8.149999618530273,4.164501667022705
2007-02-12,8.0,4.087852954864502
2007-02-13,8.0,4.087852954864502
2007-02-14,8.100000381469727,4.138951778411865
2007-02-15,8.149999618530273,4.164501667022705
2007-02-16,8.100000381469727,4.138951778411865
2007-02-20,8.050000190734863,4.113402366638184
2007-02-21,7.949999809265137,4.0623040199279785
2007-02-22,7.949999809265137,4.0623040199279785
2007-02-23,8.0,4.087852954864502
2007-02-26,7.949999809265137,4.0623040199279785
2007-02-27,7.849999904632568,4.011205673217773
2007-02-28,7.699999809265137,3.9345591068267822
2007-03-01,7.619999885559082,3.893678903579712
2007-03-02,7.25,3.704617977142334
2007-03-05,7.099999904632568,3.6279706954956055
2007-03-06,7.199999809265137,3.6790685653686523
2007-03-07,7.25,3.704617977142334
2007-03-08,7.300000190734863,3.73016619682312
2007-03-09,7.400000095367432,3.781264305114746
2007-03-12,7.449999809265137,3.8068127632141113
2007-03-13,7.199999809265137,3.6790685653686523
2007-03-14,7.25,3.704617977142334
2007-03-15,7.400000095367432,3.781264305114746
2007-03-16,7.25,3.704617977142334
2007-03-19,7.5,3.8323631286621094
2007-03-20,7.550000190734863,3.857912302017212
2007-03-21,7.699999809265137,3.9345591068267822
2007-03-22,7.599999904632568,3.8834609985351562
2007-03-23,7.599999904632568,3.8834609985351562
2007-03-26,7.5,3.8323631286621094
2007-03-27,7.400000095367432,3.781264305114746
2007-03-28,7.300000190734863,3.73016619682312
2007-03-29,7.400000095367432,3.781264305114746
2007-03-30,7.300000190734863,3.73016619682312
2007-04-02,7.199999809265137,3.6790685653686523
2007-04-03,7.449999809265137,3.8068127632141113
2007-04-04,7.349999904632568,3.75571608543396
2007-04-05,7.400000095367432,3.781264305114746
2007-04-09,7.400000095367432,3.781264305114746
2007-04-10,7.300000190734863,3.73016619682312
2007-04-11,7.199999809265137,3.6790685653686523
2007-04-12,7.300000190734863,3.73016619682312
2007-04-13,7.300000190734863,3.73016619682312
2007-04-16,7.400000095367432,3.781264305114746
2007-04-17,7.199999809265137,3.6790685653686523
2007-04-18,7.25,3.704617977142334
2007-04-19,7.25,3.704617977142334
2007-04-20,7.349999904632568,3.75571608543396
2007-04-23,7.699999809265137,3.9345591068267822
2007-04-24,8.050000190734863,4.113402366638184
2007-04-25,8.050000190734863,4.113402366638184
2007-04-26,8.050000190734863,4.113402366638184
2007-04-27,7.949999809265137,4.0623040199279785
2007-04-30,7.900000095367432,4.036754131317139
2007-05-01,7.949999809265137,4.0623040199279785
2007-05-02,8.0,4.087852954864502
2007-05-03,7.900000095367432,4.036754131317139
2007-05-04,8.100000381469727,4.138951778411865
2007-05-07,8.0,4.087852954864502
2007-05-08,7.75,3.9601078033447266
2007-05-09,7.400000095367432,3.781264305114746
2007-05-10,7.300000190734863,3.73016619682312
2007-05-11,7.400000095367432,3.781264305114746
2007-05-14,8.100000381469727,4.138951778411865
2007-05-15,8.149999618530273,4.164501667022705
2007-05-16,8.100000381469727,4.138951778411865
2007-05-17,8.050000190734863,4.113402366638184
2007-05-18,8.100000381469727,4.138951778411865
2007-05-21,8.069999694824219,4.123620986938477
2007-05-22,8.149999618530273,4.164501667022705
2007-05-23,8.449999809265137,4.317795276641846
2007-05-24,8.300000190734863,4.241147518157959
2007-05-25,9.199999809265137,4.70103120803833
2007-05-29,10.050000190734863,5.135366916656494
2007-05-30,9.649999618530273,4.930973529815674
2007-05-31,9.899999618530273,5.058717727661133
2007-06-01,10.720000267028809,5.477723598480225
2007-06-04,10.550000190734863,5.390857696533203
2007-06-05,10.850000381469727,5.54415225982666
2007-06-06,11.0,5.620797157287598
2007-06-07,11.050000190734863,5.646349906921387
2007-06-08,10.949999809265137,5.595249652862549
2007-06-11,11.050000190734863,5.646349906921387
2007-06-12,11.050000190734863,5.646349906921387
2007-06-13,11.050000190734863,5.646349906921387
2007-06-14,11.350000381469727,5.799643516540527
2007-06-15,12.100000381469727,6.182877540588379
2007-06-18,12.5,6.387268543243408
2007-06-19,12.5,6.387268543243408
2007-06-20,13.300000190734863,6.796056747436523
2007-06-21,13.149999618530273,6.7194085121154785
2007-06-22,12.800000190734863,6.540564060211182
2007-06-25,12.550000190734863,6.412821292877197
2007-06-26,11.850000381469727,6.055131435394287
2007-06-27,11.350000381469727,5.799643516540527
2007-06-28,11.850000381469727,6.055131435394287
2007-06-29,11.649999618530273,5.952937126159668
2007-07-02,11.699999809265137,5.978484630584717
2007-07-03,11.800000190734863,6.029583930969238
2007-07-05,12.0,6.13178014755249
2007-07-06,11.800000190734863,6.029583930969238
2007-07-09,11.649999618530273,5.952937126159668
2007-07-10,11.25,5.784293174743652
2007-07-11,11.100000381469727,5.707169532775879
2007-07-12,11.510000228881836,5.917972564697266
2007-07-13,11.75,6.041372299194336
2007-07-16,11.699999809265137,6.015664577484131
2007-07-17,11.699999809265137,6.015664577484131
2007-07-18,11.199999809265137,5.758585453033447
2007-07-19,11.399999618530273,5.861416816711426
2007-07-20,12.149999618530273,6.247034549713135
2007-07-23,12.600000381469727,6.478407859802246
2007-07-24,12.699999809265137,6.5298237800598145
2007-07-25,12.600000381469727,6.478407859802246
2007-07-26,12.199999809265137,6.27274227142334
2007-07-27,11.949999809265137,6.144203186035156
2007-07-30,13.199999809265137,6.7869038581848145
2007-07-31,13.300000190734863,6.838318824768066
2007-08-01,13.699999809265137,7.043983459472656
2007-08-02,13.510000228881836,6.946291923522949
2007-08-03,13.199999809265137,6.7869038581848145
2007-08-06,12.399999618530273,6.375576019287109
2007-08-07,12.800000190734863,6.581238746643066
2007-08-08,12.949999809265137,6.658364772796631
2007-08-09,11.75,6.041372299194336
2007-08-10,11.449999809265137,5.887124538421631
2007-08-13,12.300000190734863,6.324160099029541
2007-08-14,12.300000190734863,6.324160099029541
2007-08-15,11.600000381469727,5.964247226715088
2007-08-16,11.350000381469727,5.835709571838379
2007-08-17,11.649999618530273,5.989957332611084
2007-08-20,11.850000381469727,6.092788219451904
2007-08-21,12.149999618530273,6.247034549713135
2007-08-22,12.25,6.298452854156494
2007-08-23,12.300000190734863,6.324160099029541
2007-08-24,12.399999618530273,6.375576019287109
2007-08-27,13.850000381469727,7.121106147766113
2007-08-28,12.850000381469727,6.60694694519043
2007-08-29,13.050000190734863,6.709780216217041
2007-08-30,12.699999809265137,6.5298237800598145
2007-08-31,13.25,6.812612533569336
2007-09-04,13.149999618530273,6.761195659637451
2007-09-05,13.300000190734863,6.838318824768066
2007-09-06,13.399999618530273,6.889734745025635
2007-09-07,13.25,6.812612533569336
2007-09-10,13.300000190734863,6.838318824768066
2007-09-11,13.0,6.684071063995361
2007-09-12,13.0,6.684071063995361
2007-09-13,13.5,6.94114875793457
2007-09-14,13.449999809265137,6.915441513061523
2007-09-17,12.949999809265137,6.658364772796631
2007-09-18,13.899999618530273,7.146814823150635
2007-09-19,13.850000381469727,7.121106147766113
2007-09-20,13.699999809265137,7.043983459472656
2007-09-21,13.699999809265137,7.043983459472656
2007-09-24,14.149999618530273,7.275354385375977
2007-09-25,14.199999809265137,7.30106258392334
2007-09-26,14.350000381469727,7.378186225891113
2007-09-27,14.899999618530273,7.660975933074951
2007-09-28,15.300000190734863,7.866637229919434
2007-10-01,15.600000381469727,8.020886421203613
2007-10-02,17.75,9.126328468322754
2007-10-03,17.0,8.740708351135254
2007-10-04,16.600000381469727,8.535045623779297
2007-10-05,16.950000762939453,8.715001106262207
2007-10-08,17.299999237060547,8.894956588745117
2007-10-09,18.200000762939453,9.357701301574707
2007-10-10,18.850000381469727,9.69190502166748
2007-10-11,18.600000381469727,9.563365936279297
2007-10-12,19.299999237060547,9.923277854919434
2007-10-15,19.100000381469727,9.820446014404297
2007-10-16,17.579999923706055,9.038918495178223
2007-10-17,18.649999618530273,9.589070320129395
2007-10-18,18.600000381469727,9.563365936279297
2007-10-19,18.049999237060547,9.280576705932617
2007-10-22,18.049999237060547,9.280576705932617
2007-10-23,18.700000762939453,9.61478042602539
2007-10-24,19.3799991607666,9.964406967163086
2007-10-25,19.780000686645508,10.17007064819336
2007-10-26,21.450000762939453,11.028718948364258
2007-10-29,20.700000762939453,10.643097877502441
2007-10-30,20.799999237060547,10.694513320922852
2007-10-31,22.5,11.568586349487305
2007-11-01,22.649999618530273,11.645708084106445
2007-11-02,22.899999618530273,11.774249076843262
2007-11-05,21.450000762939453,11.028718948364258
2007-11-06,22.450000762939453,11.542878150939941
2007-11-07,20.299999237060547,10.437432289123535
2007-11-08,18.950000762939453,9.743319511413574
2007-11-09,18.0,9.254867553710938
2007-11-12,16.899999618530273,8.689294815063477
2007-11-13,18.200000762939453,9.400529861450195
2007-11-14,20.25,10.459382057189941
2007-11-15,18.81999969482422,9.720769882202148
2007-11-16,18.600000381469727,9.607135772705078
2007-11-19,16.850000381469727,8.703241348266602
2007-11-20,18.899999618530273,9.762090682983398
2007-11-21,17.799999237060547,9.193924903869629
2007-11-23,16.450000762939453,8.496633529663086
2007-11-26,16.5,8.5224609375
2007-11-27,16.899999618530273,8.729065895080566
2007-11-28,18.0,9.29722785949707
2007-11-29,18.100000381469727,9.348880767822266
2007-11-30,18.100000381469727,9.348880767822266
2007-12-03,17.25,8.909843444824219
2007-12-04,17.200000762939453,8.88401985168457
2007-12-05,17.75,9.168099403381348
2007-12-06,19.149999618530273,9.891219139099121
2007-12-07,18.799999237060547,9.710437774658203
2007-12-10,17.75,9.168099403381348
2007-12-11,17.75,9.168099403381348
2007-12-12,17.5,9.038972854614258
2007-12-13,17.649999618530273,9.116451263427734
2007-12-14,17.200000762939453,8.88401985168457
2007-12-17,16.549999237060547,8.548282623291016
2007-12-18,17.5,9.038972854614258
2007-12-19,17.600000381469727,9.09062385559082
2007-12-20,17.450000762939453,9.013145446777344
2007-12-21,18.0,9.29722785949707
2007-12-24,18.450000762939453,9.529658317565918
2007-12-26,18.549999237060547,9.581308364868164
2007-12-27,17.899999618530273,9.245575904846191
2007-12-28,17.799999237060547,9.193924903869629
2007-12-31,17.75,9.168099403381348
2008-01-02,18.40999984741211,9.50899887084961
2008-01-03,18.5,9.555485725402832
2008-01-04,17.850000381469727,9.219752311706543
2008-01-07,17.700000762939453,9.142274856567383
2008-01-08,16.600000381469727,8.57411003112793
2008-01-09,15.0,7.747690200805664
2008-01-10,14.449999809265137,7.463608741760254
2008-01-11,14.350000381469727,7.411957263946533
2008-01-14,13.600000381469727,7.024570941925049
2008-01-15,13.149999618530273,6.792142391204834
2008-01-16,12.329999923706055,6.368602752685547
2008-01-17,11.800000190734863,6.094850540161133
2008-01-18,11.800000190734863,6.094850540161133
2008-01-22,11.050000190734863,5.7074666023254395
2008-01-23,11.699999809265137,6.043198585510254
2008-01-24,11.100000381469727,5.7332916259765625
2008-01-25,12.050000190734863,6.223978042602539
2008-01-28,11.899999618530273,6.146501541137695
2008-01-29,12.100000381469727,6.2498040199279785
2008-01-30,12.350000381469727,6.378933906555176
2008-01-31,14.449999809265137,7.463608741760254
2008-02-01,14.5,7.489433765411377
2008-02-04,14.449999809265137,7.463608741760254
2008-02-05,13.5,6.972919940948486
2008-02-06,12.949999809265137,6.688839435577393
2008-02-07,13.0,6.714664459228516
2008-02-08,13.050000190734863,6.74049186706543
2008-02-11,13.25,6.843793869018555
2008-02-12,13.949999809265137,7.20535135269165
2008-02-13,14.199999809265137,7.334481716156006
2008-02-14,14.100000381469727,7.2828288078308105
2008-02-15,13.949999809265137,7.20535135269165
2008-02-19,13.649999618530273,7.05039644241333
2008-02-20,13.600000381469727,7.024570941925049
2008-02-21,13.380000114440918,6.910940647125244
2008-02-22,13.600000381469727,7.024570941925049
2008-02-25,13.75,7.102047920227051
2008-02-26,13.899999618530273,7.179524898529053
2008-02-27,13.899999618530273,7.179524898529053
2008-02-28,14.25,7.3603057861328125
2008-02-29,13.75,7.102047920227051
2008-03-03,14.0,7.231178283691406
2008-03-04,13.550000190734863,6.998746395111084
2008-03-05,13.5,6.972919940948486
2008-03-06,12.75,6.585537910461426
2008-03-07,12.0,6.1981520652771
2008-03-10,11.649999618530273,6.0173726081848145
2008-03-11,12.699999809265137,6.559713363647461
2008-03-12,13.0,6.714664459228516
2008-03-13,12.800000190734863,6.611362457275391
2008-03-14,12.600000381469727,6.508059501647949
2008-03-17,11.75,6.069025039672852
2008-03-18,11.75,6.069025039672852
2008-03-19,11.800000190734863,6.094850540161133
2008-03-20,11.800000190734863,6.094850540161133
2008-03-24,11.800000190734863,6.094850540161133
2008-03-25,12.600000381469727,6.508059501647949
2008-03-26,12.399999618530273,6.404758453369141
2008-03-27,12.5,6.456408977508545
2008-03-28,12.75,6.585537910461426
2008-03-31,12.75,6.585537910461426
2008-04-01,13.449999809265137,6.947094917297363
2008-04-02,13.149999618530273,6.792142391204834
2008-04-03,13.600000381469727,7.024570941925049
2008-04-04,13.699999809265137,7.076222896575928
2008-04-07,13.699999809265137,7.076222896575928
2008-04-08,13.800000190734863,7.127876281738281
2008-04-09,13.119999885559082,6.776646614074707
2008-04-10,13.649999618530273,7.05039644241333
2008-04-11,13.949999809265137,7.20535135269165
2008-04-14,13.899999618530273,7.179524898529053
2008-04-15,14.25,7.3603057861328125
2008-04-16,14.449999809265137,7.463608741760254
2008-04-17,15.100000381469727,7.799340724945068
2008-04-18,15.75,8.135075569152832
2008-04-21,15.350000381469727,7.928470134735107
2008-04-22,14.75,7.618563175201416
2008-04-23,15.199999809265137,7.850991725921631
2008-04-24,15.699999809265137,8.109249114990234
2008-04-25,15.0,7.747690200805664
2008-04-28,15.050000190734863,7.773515224456787
2008-04-29,15.25,7.876816749572754
2008-04-30,15.5,8.00594711303711
2008-05-01,15.649999618530273,8.083423614501953
2008-05-02,16.15999984741211,8.346846580505371
2008-05-05,15.800000190734863,8.16089916229248
2008-05-06,15.75,8.135075569152832
2008-05-07,14.5,7.489433765411377
2008-05-08,15.25,7.876816749572754
2008-05-09,15.760000228881836,8.140240669250488
2008-05-12,16.0,8.264204978942871
2008-05-13,16.0,8.264204978942871
2008-05-14,16.0,8.264204978942871
2008-05-15,16.549999237060547,8.548282623291016
2008-05-16,16.450000762939453,8.496633529663086
2008-05-19,17.190000534057617,8.878853797912598
2008-05-20,16.389999389648438,8.465641021728516
2008-05-21,16.600000381469727,8.57411003112793
2008-05-22,16.790000915527344,8.672248840332031
2008-05-23,15.09000015258789,7.79417610168457
2008-05-27,15.699999809265137,8.109249114990234
2008-05-28,16.0,8.264204978942871
2008-05-29,15.079999923706055,7.789010047912598
2008-05-30,14.850000381469727,7.670213222503662
2008-06-02,15.100000381469727,7.799340724945068
2008-06-03,15.0,7.747690200805664
2008-06-04,15.149999618530273,7.825164318084717
2008-06-05,15.100000381469727,7.799340724945068
2008-06-06,14.699999809265137,7.59273624420166
2008-06-09,14.699999809265137,7.59273624420166
2008-06-10,14.369999885559082,7.422287940979004
2008-06-11,13.75,7.102047920227051
2008-06-12,13.550000190734863,6.998746395111084
2008-06-13,13.739999771118164,7.096883296966553
2008-06-16,13.819999694824219,7.138204574584961
2008-06-17,13.899999618530273,7.179524898529053
2008-06-18,13.949999809265137,7.20535135269165
2008-06-19,13.75,7.102047920227051
2008-06-20,13.850000381469727,7.153702259063721
2008-06-23,13.850000381469727,7.153702259063721
2008-06-24,14.0,7.231178283691406
2008-06-25,14.149999618530273,7.308653831481934
2008-06-26,14.25,7.3603057861328125
2008-06-27,14.050000190734863,7.2570037841796875
2008-06-30,13.59000015258789,7.019405364990234
2008-07-01,13.399999618530273,6.921269416809082
2008-07-02,13.550000190734863,6.998746395111084
2008-07-03,13.899999618530273,7.179524898529053
2008-07-07,14.050000190734863,7.2570037841796875
2008-07-08,13.699999809265137,7.076222896575928
2008-07-09,13.800000190734863,7.127876281738281
2008-07-10,14.300000190734863,7.386131763458252
2008-07-11,14.100000381469727,7.2828288078308105
2008-07-14,13.850000381469727,7.153702259063721
2008-07-15,13.460000038146973,7.1209001541137695
2008-07-16,13.720000267028809,7.25845193862915
2008-07-17,14.0,7.406581401824951
2008-07-18,14.149999618530273,7.485937595367432
2008-07-21,14.0,7.406581401824951
2008-07-22,13.789999961853027,7.295483112335205
2008-07-23,13.800000190734863,7.300773620605469
2008-07-24,13.899999618530273,7.353677749633789
2008-07-25,13.850000381469727,7.327226638793945
2008-07-28,13.449999809265137,7.115606784820557
2008-07-29,13.949999809265137,7.380130290985107
2008-07-30,13.699999809265137,7.247869491577148
2008-07-31,14.010000228881836,7.411872863769531
2008-08-01,14.25,7.538842678070068
2008-08-04,13.699999809265137,7.247869491577148
2008-08-05,14.09000015258789,7.454196453094482
2008-08-06,14.229999542236328,7.528262615203857
2008-08-07,13.180000305175781,6.972767353057861
2008-08-08,14.0,7.406581401824951
2008-08-11,14.300000190734863,7.56529426574707
2008-08-12,13.699999809265137,7.247869491577148
2008-08-13,13.789999961853027,7.295483112335205
2008-08-14,14.399999618530273,7.618197441101074
2008-08-15,14.489999771118164,7.665815353393555
2008-08-18,14.050000190734863,7.433033466339111
2008-08-19,13.699999809265137,7.247869491577148
2008-08-20,14.399999618530273,7.618197441101074
2008-08-21,13.920000076293945,7.364258766174316
2008-08-22,14.25,7.538842678070068
2008-08-25,14.050000190734863,7.433033466339111
2008-08-26,14.149999618530273,7.485937595367432
2008-08-27,14.350000381469727,7.591747283935547
2008-08-28,14.25,7.538842678070068
2008-08-29,13.649999618530273,7.221419334411621
2008-09-02,12.239999771118164,6.475468635559082
2008-09-03,12.75,6.74528169631958
2008-09-04,11.9399995803833,6.316755294799805
2008-09-05,12.0,6.348499774932861
2008-09-08,12.300000190734863,6.507211685180664
2008-09-09,11.850000381469727,6.269142150878906
2008-09-10,11.699999809265137,6.189786911010742
2008-09-11,11.329999923706055,5.994040489196777
2008-09-12,11.300000190734863,5.978170394897461
2008-09-15,10.5,5.554937839508057
2008-09-16,10.949999809265137,5.793006420135498
2008-09-17,9.5,5.025895595550537
2008-09-18,10.140000343322754,5.364480972290039
2008-09-19,12.430000305175781,6.575987339019775
2008-09-22,11.300000190734863,5.978170394897461
2008-09-23,11.199999809265137,5.925265312194824
2008-09-24,10.399999618530273,5.502032279968262
2008-09-25,10.34000015258789,5.47028923034668
2008-09-26,9.220000267028809,4.877763271331787
2008-09-29,8.300000190734863,4.391046524047852
2008-09-30,8.600000381469727,4.549757957458496
2008-10-01,8.649999618530273,4.576209545135498
2008-10-02,8.90999984741211,4.713761329650879
2008-10-03,8.579999923706055,4.539175987243652
2008-10-06,7.900000095367432,4.179428577423096
2008-10-07,7.75,4.100072383880615
2008-10-08,7.699999809265137,4.073619842529297
2008-10-09,7.679999828338623,4.0630388259887695
2008-10-10,6.820000171661377,3.6080636978149414
2008-10-13,8.75,4.629114627838135
2008-10-14,8.010000228881836,4.2376227378845215
2008-10-15,7.150000095367432,3.782647132873535
2008-10-16,7.440000057220459,3.9360694885253906
2008-10-17,6.659999847412109,3.5234172344207764
2008-10-20,6.75,3.5710318088531494
2008-10-21,6.300000190734863,3.3329622745513916
2008-10-22,6.300000190734863,3.3329622745513916
2008-10-23,6.409999847412109,3.39115571975708
2008-10-24,6.409999847412109,3.39115571975708
2008-10-27,6.550000190734863,3.4652230739593506
2008-10-28,6.699999809265137,3.544578790664673
2008-10-29,6.059999942779541,3.2059919834136963
2008-10-30,6.349999904632568,3.3594143390655518
2008-10-31,5.650000095367432,2.9890851974487305
2008-11-03,5.949999809265137,3.1477978229522705
2008-11-04,6.349999904632568,3.3594143390655518
2008-11-05,6.599999904632568,3.4916749000549316
2008-11-06,6.510000228881836,3.444061517715454
2008-11-07,5.800000190734863,3.068441390991211
2008-11-10,4.949999809265137,2.618755578994751
2008-11-11,4.579999923706055,2.4230103492736816
2008-11-12,4.409999847412109,2.333073616027832
2008-11-13,5.050000190734863,2.6716604232788086
2008-11-14,4.460000038146973,2.359525442123413
2008-11-17,4.539999961853027,2.4018490314483643
2008-11-18,4.510000228881836,2.427142858505249
2008-11-19,4.309999942779541,2.319509267807007
2008-11-20,4.059999942779541,2.184966564178467
2008-11-21,4.599999904632568,2.4755780696868896
2008-11-24,4.800000190734863,2.58321213722229
2008-11-25,4.659999847412109,2.507868528366089
2008-11-26,4.75,2.5563035011291504
2008-11-28,4.739999771118164,2.5509226322174072
2008-12-01,4.559999942779541,2.4540512561798096
2008-12-02,4.900000095367432,2.637028932571411
2008-12-03,4.75,2.5563035011291504
2008-12-04,4.46999979019165,2.405616521835327
2008-12-05,4.550000190734863,2.4486701488494873
2008-12-08,4.730000019073486,2.5455400943756104
2008-12-09,4.449999809265137,2.394852638244629
2008-12-10,5.599999904632568,3.013746738433838
2008-12-11,5.46999979019165,2.9437856674194336
2008-12-12,5.449999809265137,2.9330215454101562
2008-12-15,5.349999904632568,2.8792052268981934
2008-12-16,5.429999828338623,2.9222593307495117
2008-12-17,5.760000228881836,3.0998549461364746
2008-12-18,5.699999809265137,3.067564010620117
2008-12-19,6.110000133514404,3.2882134914398193
2008-12-22,5.619999885559082,3.024510622024536
2008-12-23,5.369999885559082,2.8899686336517334
2008-12-24,5.519999980926514,2.970693826675415
2008-12-26,5.739999771118164,3.0890908241271973
2008-12-29,5.550000190734863,2.9868383407592773
2008-12-30,5.340000152587891,2.873823881149292
2008-12-31,5.5,2.959930419921875
2009-01-02,5.78000020980835,3.1106181144714355
2009-01-05,5.989999771118164,3.223633050918579
2009-01-06,6.75,3.6326422691345215
2009-01-07,6.400000095367432,3.4442834854125977
2009-01-08,5.039999961853027,2.7123727798461914
2009-01-09,4.489999771118164,2.416378974914551
2009-01-12,4.300000190734863,2.3141279220581055
2009-01-13,4.320000171661377,2.324890613555908
2009-01-14,3.799999952316284,2.045042037963867
2009-01-15,3.880000114440918,2.0880963802337646
2009-01-16,4.0,2.152676582336426
2009-01-20,3.690000057220459,1.9858437776565552
2009-01-21,3.9200000762939453,2.109623908996582
2009-01-22,3.7300000190734863,2.007371187210083
2009-01-23,3.5899999141693115,1.9320273399353027
2009-01-26,3.640000104904175,1.9589356184005737
2009-01-27,3.569999933242798,1.9212640523910522
2009-01-28,3.700000047683716,1.9912254810333252
2009-01-29,3.6500000953674316,1.9643175601959229
2009-01-30,3.7300000190734863,2.007371187210083
2009-02-02,3.619999885559082,1.9481724500656128
2009-02-03,3.950000047683716,2.125767707824707
2009-02-04,3.940000057220459,2.1203866004943848
2009-02-05,3.8499999046325684,2.071951150894165
2009-02-06,4.239999771118164,2.281837224960327
2009-02-09,4.190000057220459,2.2549285888671875
2009-02-10,4.099999904632568,2.206493616104126
2009-02-11,4.110000133514404,2.2118759155273438
2009-02-12,4.099999904632568,2.206493616104126
2009-02-13,4.139999866485596,2.228020191192627
2009-02-17,3.75,2.018134832382202
2009-02-18,3.759999990463257,2.0235159397125244
2009-02-19,3.9000000953674316,2.0988595485687256
2009-02-20,3.799999952316284,2.045042037963867
2009-02-23,3.680000066757202,1.9804632663726807
2009-02-24,3.75,2.018134832382202
2009-02-25,3.6500000953674316,1.9643175601959229
2009-02-26,3.700000047683716,1.9912254810333252
2009-02-27,3.619999885559082,1.9481724500656128
2009-03-02,3.440000057220459,1.8513017892837524
2009-03-03,3.5299999713897705,1.899736762046814
2009-03-04,3.799999952316284,2.045042037963867
2009-03-05,3.7100000381469727,1.9966076612472534
2009-03-06,3.7799999713897705,2.0342791080474854
2009-03-09,3.680000066757202,1.9804632663726807
2009-03-10,3.890000104904175,2.0934784412384033
2009-03-11,3.950000047683716,2.125767707824707
2009-03-12,3.9700000286102295,2.1365315914154053
2009-03-13,3.9000000953674316,2.0988595485687256
2009-03-16,4.320000171661377,2.324890613555908
2009-03-17,4.460000038146973,2.4002344608306885
2009-03-18,4.730000019073486,2.5455400943756104
2009-03-19,4.599999904632568,2.4755780696868896
2009-03-20,4.550000190734863,2.4486701488494873
2009-03-23,4.820000171661377,2.59397554397583
2009-03-24,4.880000114440918,2.626265287399292
2009-03-25,4.809999942779541,2.5885934829711914
2009-03-26,4.980000019073486,2.680082321166992
2009-03-27,4.989999771118164,2.68546462059021
2009-03-30,4.579999923706055,2.4648146629333496
2009-03-31,4.619999885559082,2.4863412380218506
2009-04-01,4.860000133514404,2.6155025959014893
2009-04-02,5.360000133514404,2.8845865726470947
2009-04-03,5.349999904632568,2.8792052268981934
2009-04-06,5.739999771118164,3.0890908241271973
2009-04-07,5.429999828338623,2.9222593307495117
2009-04-08,4.949999809265137,2.6639370918273926
2009-04-09,5.070000171661377,2.7285172939300537
2009-04-13,5.159999847412109,2.7769532203674316
2009-04-14,5.269999980926514,2.8361504077911377
2009-04-15,6.0,3.2290148735046387
2009-04-16,5.840000152587891,3.1429076194763184
2009-04-17,6.019999980926514,3.239778518676758
2009-04-20,5.75,3.094473361968994
2009-04-21,5.610000133514404,3.019129514694214
2009-04-22,5.480000019073486,2.949167013168335
2009-04-23,5.869999885559082,3.1590535640716553
2009-04-24,6.090000152587891,3.2774503231048584
2009-04-27,5.400000095367432,2.9061131477355957
2009-04-28,5.539999961853027,2.981456756591797
2009-04-29,5.690000057220459,3.0621819496154785
2009-04-30,5.679999828338623,3.056800127029419
2009-05-01,5.730000019073486,3.083709716796875
2009-05-04,6.199999809265137,3.33664870262146
2009-05-05,6.400000095367432,3.4442834854125977
2009-05-06,6.599999904632568,3.5519165992736816
2009-05-07,6.380000114440918,3.433519124984741
2009-05-08,7.550000190734863,4.063177108764648
2009-05-11,7.389999866485596,3.9770700931549072
2009-05-12,7.46999979019165,4.02012300491333
2009-05-13,7.199999809265137,3.8748176097869873
2009-05-14,6.940000057220459,3.7348947525024414
2009-05-15,7.349999904632568,3.9555439949035645
2009-05-18,7.650000095367432,4.116994380950928
2009-05-19,7.420000076293945,3.993215322494507
2009-05-20,7.900000095367432,4.251535415649414
2009-05-21,7.5,4.036269664764404
2009-05-22,7.210000038146973,3.880199670791626
2009-05-26,7.920000076293945,4.262299537658691
2009-05-27,7.840000152587891,4.219247817993164
2009-05-28,7.820000171661377,4.20848274230957
2009-05-29,7.949999809265137,4.278444290161133
2009-06-01,8.550000190734863,4.601346015930176
2009-06-02,8.15999984741211,4.391460418701172
2009-06-03,7.900000095367432,4.251535415649414
2009-06-04,7.889999866485596,4.246155261993408
2009-06-05,7.880000114440918,4.2407732009887695
2009-06-08,7.320000171661377,3.9393978118896484
2009-06-09,7.139999866485596,3.8425281047821045
2009-06-10,7.679999828338623,4.133138656616211
2009-06-11,8.25,4.439895153045654
2009-06-12,7.869999885559082,4.235390663146973
2009-06-15,7.650000095367432,4.116994380950928
2009-06-16,7.440000057220459,4.003978729248047
2009-06-17,7.440000057220459,4.003978729248047
2009-06-18,7.300000190734863,3.9286351203918457
2009-06-19,7.28000020980835,3.9178712368011475
2009-06-22,7.400000095367432,3.9824509620666504
2009-06-23,7.409999847412109,3.9878339767456055
2009-06-24,7.449999809265137,4.009360313415527
2009-06-25,7.590000152587891,4.0847039222717285
2009-06-26,7.539999961853027,4.057795524597168
2009-06-29,7.829999923706055,4.213864803314209
2009-06-30,7.519999980926514,4.047031879425049
2009-07-01,7.519999980926514,4.047031879425049
2009-07-02,7.269999980926514,3.912489414215088
2009-07-06,7.099999904632568,3.821000814437866
2009-07-07,7.0,3.767183780670166
2009-07-08,6.75,3.6326422691345215
2009-07-09,6.769999980926514,3.6434056758880615
2009-07-10,6.659999847412109,3.5842068195343018
2009-07-13,6.730000019073486,3.6218791007995605
2009-07-14,7.050000190734863,3.7940921783447266
2009-07-15,7.699999809265137,4.14390230178833
2009-07-16,7.670000076293945,4.127757549285889
2009-07-17,8.039999961853027,4.326880931854248
2009-07-20,8.130000114440918,4.375314712524414
2009-07-21,8.539999961853027,4.595964431762695
2009-07-22,9.260000228881836,4.983447074890137
2009-07-23,9.199999809265137,4.951156139373779
2009-07-24,9.199999809265137,4.951156139373779
2009-07-27,9.199999809265137,4.951156139373779
2009-07-28,9.1899995803833,4.945774555206299
2009-07-29,8.850000381469727,4.762797832489014
2009-07-30,9.260000228881836,4.983447074890137
2009-07-31,9.399999618530273,5.058789253234863
2009-08-03,9.600000381469727,5.16642427444458
2009-08-04,10.079999923706055,5.424745559692383
2009-08-05,9.380000114440918,5.048027038574219
2009-08-06,9.75,5.247148513793945
2009-08-07,10.050000190734863,5.408600330352783
2009-08-10,10.050000190734863,5.408600330352783
2009-08-11,9.899999618530273,5.327874183654785
2009-08-12,9.970000267028809,5.365546703338623
2009-08-13,9.479999542236328,5.1018452644348145
2009-08-14,9.329999923706055,5.021118640899658
2009-08-17,8.970000267028809,4.8273773193359375
2009-08-18,9.1899995803833,4.945774555206299
2009-08-19,9.140000343322754,4.9188666343688965
2009-08-20,9.210000038146973,4.95653772354126
2009-08-21,9.199999809265137,4.951156139373779
2009-08-24,9.229999542236328,4.967300891876221
2009-08-25,9.25,4.9780659675598145
2009-08-26,9.109999656677246,4.902720928192139
2009-08-27,8.90999984741211,4.795087814331055
2009-08-28,8.699999809265137,4.682071208953857
2009-08-31,8.369999885559082,4.5044755935668945
2009-09-01,8.649999618530273,4.655162811279297
2009-09-02,8.800000190734863,4.7358880043029785
2009-09-03,9.289999961853027,4.999592304229736
2009-09-04,9.5,5.112607002258301
2009-09-08,9.399999618530273,5.058789253234863
2009-09-09,8.9399995803833,4.811233043670654
2009-09-10,9.010000228881836,4.848904609680176
2009-09-11,8.9399995803833,4.811233043670654
2009-09-14,9.0600004196167,4.875813007354736
2009-09-15,9.109999656677246,4.902720928192139
2009-09-16,9.1899995803833,4.945774555206299
2009-09-17,8.920000076293945,4.800468921661377
2009-09-18,8.970000267028809,4.8273773193359375
2009-09-21,8.619999885559082,4.639018535614014
2009-09-22,8.720000267028809,4.69283390045166
2009-09-23,8.8100004196167,4.741271495819092
2009-09-24,8.859999656677246,4.768179416656494
2009-09-25,8.75,4.708980560302734
2009-09-28,8.770000457763672,4.7197442054748535
2009-09-29,8.899999618530273,4.789705276489258
2009-09-30,8.829999923706055,4.752033710479736
2009-10-01,8.75,4.708980560302734
2009-10-02,8.699999809265137,4.682071208953857
2009-10-05,8.800000190734863,4.7358880043029785
2009-10-06,9.479999542236328,5.1018452644348145
2009-10-07,9.9399995803833,5.34940242767334
2009-10-08,10.390000343322754,5.591575622558594
2009-10-09,10.1899995803833,5.483942985534668
2009-10-12,10.34000015258789,5.564668655395508
2009-10-13,10.920000076293945,5.876806735992432
2009-10-14,11.600000381469727,6.242762088775635
2009-10-15,11.59000015258789,6.237381935119629
2009-10-16,11.5,6.188946723937988
2009-10-19,12.0,6.458029747009277
2009-10-20,12.09000015258789,6.506464958190918
2009-10-21,11.90999984741211,6.409595012664795
2009-10-22,11.800000190734863,6.350396156311035
2009-10-23,11.899999618530273,6.404213905334473
2009-10-26,11.800000190734863,6.350396156311035
2009-10-27,11.529999732971191,6.205090045928955
2009-10-28,10.920000076293945,5.876806735992432
2009-10-29,11.520000457763672,6.199709892272949
2009-10-30,11.020000457763672,5.9306230545043945
2009-11-02,11.050000190734863,5.946770668029785
2009-11-03,11.140000343322754,5.995204448699951
2009-11-04,11.25,6.054403781890869
2009-11-05,11.449999809265137,6.162036895751953
2009-11-06,11.380000114440918,6.124363899230957
2009-11-09,11.270000457763672,6.065165996551514
2009-11-10,10.75,5.785317897796631
2009-11-11,11.050000190734863,5.946770668029785
2009-11-12,11.399999618530273,6.135128021240234
2009-11-13,11.579999923706055,6.231998920440674
2009-11-16,12.130000114440918,6.527992248535156
2009-11-17,12.100000381469727,6.525834083557129
2009-11-18,11.649999618530273,6.283138275146484
2009-11-19,11.5,6.202239990234375
2009-11-20,11.0,5.9325761795043945
2009-11-23,11.210000038146973,6.045834541320801
2009-11-24,11.109999656677246,5.991903781890869
2009-11-25,11.149999618530273,6.013474941253662
2009-11-27,11.069999694824219,5.970329761505127
2009-11-30,11.479999542236328,6.191452980041504
2009-12-01,11.550000190734863,6.229206085205078
2009-12-02,11.25,6.067409515380859
2009-12-03,11.199999809265137,6.040441989898682
2009-12-04,11.100000381469727,5.986508846282959
2009-12-07,11.0,5.9325761795043945
2009-12-08,11.460000038146973,6.180666923522949
2009-12-09,11.609999656677246,6.261566638946533
2009-12-10,11.979999542236328,6.46111536026001
2009-12-11,11.84000015258789,6.385608196258545
2009-12-14,12.15999984741211,6.558195114135742
2009-12-15,11.859999656677246,6.396396160125732
2009-12-16,11.550000190734863,6.229206085205078
2009-12-17,11.300000190734863,6.0943732261657715
2009-12-18,11.180000305175781,6.029655456542969
2009-12-21,11.300000190734863,6.0943732261657715
2009-12-22,11.75,6.337071895599365
2009-12-23,12.199999809265137,6.579766273498535
2009-12-24,12.149999618530273,6.552801609039307
2009-12-28,12.34000015258789,6.655272483825684
2009-12-29,12.279999732971191,6.62291145324707
2009-12-30,12.1899995803833,6.574373722076416
2009-12-31,12.350000381469727,6.6606669425964355
2010-01-04,13.0,7.011225700378418
2010-01-05,13.420000076293945,7.237742900848389
2010-01-06,13.880000114440918,7.485833168029785
2010-01-07,13.90999984741211,7.502013206481934
2010-01-08,13.9399995803833,7.518191337585449
2010-01-11,13.680000305175781,7.377968788146973
2010-01-12,14.149999618530273,7.631450176239014
2010-01-13,14.149999618530273,7.631450176239014
2010-01-14,15.079999923706055,8.13302230834961
2010-01-15,15.199999809265137,8.197741508483887
2010-01-19,14.75,7.955045223236084
2010-01-20,14.350000381469727,7.739316463470459
2010-01-21,13.59000015258789,7.3294291496276855
2010-01-22,14.050000190734863,7.577517509460449
2010-01-25,14.149999618530273,7.631450176239014
2010-01-26,13.449999809265137,7.253920078277588
2010-01-27,13.15999984741211,7.097519874572754
2010-01-28,13.069999694824219,7.048978805541992
2010-01-29,13.699999809265137,7.3887553215026855
2010-02-01,13.84000015258789,7.464259624481201
2010-02-02,13.960000038146973,7.528979778289795
2010-02-03,14.449999809265137,7.79325008392334
2010-02-04,14.149999618530273,7.631450176239014
2010-02-05,13.020000457763672,7.0220136642456055
2010-02-08,13.390000343322754,7.22156286239624
2010-02-09,13.369999885559082,7.210777282714844
2010-02-10,13.050000190734863,7.0381951332092285
2010-02-11,13.100000381469727,7.065160751342773
2010-02-12,13.130000114440918,7.081338405609131
2010-02-16,13.350000381469727,7.199990272521973
2010-02-17,13.350000381469727,7.199990272521973
2010-02-18,13.789999961853027,7.437293529510498
2010-02-19,13.779999732971191,7.431900978088379
2010-02-22,13.760000228881836,7.421114444732666
2010-02-23,13.8100004196167,7.44808292388916
2010-02-24,13.65999984741211,7.367181301116943
2010-02-25,13.300000190734863,7.173023223876953
2010-02-26,13.0,7.011225700378418
2010-03-01,13.550000190734863,7.307855606079102
2010-03-02,13.380000114440918,7.216172695159912
2010-03-03,13.119999885559082,7.075945854187012
2010-03-04,13.020000457763672,7.0220136642456055
2010-03-05,13.34000015258789,7.194597244262695
2010-03-08,13.770000457763672,7.426507949829102
2010-03-09,13.680000305175781,7.377968788146973
2010-03-10,13.760000228881836,7.421114444732666
2010-03-11,14.050000190734863,7.577517509460449
2010-03-12,13.880000114440918,7.485833168029785
2010-03-15,13.579999923706055,7.324036598205566
2010-03-16,13.609999656677246,7.340214729309082
2010-03-17,13.819999694824219,7.453474998474121
2010-03-18,13.850000381469727,7.469653129577637
2010-03-19,13.869999885559082,7.480442047119141
2010-03-22,13.65999984741211,7.367181301116943
2010-03-23,13.300000190734863,7.173023223876953
2010-03-24,13.180000305175781,7.108304500579834
2010-03-25,13.600000381469727,7.334822654724121
2010-03-26,13.600000381469727,7.334822654724121
2010-03-29,13.630000114440918,7.351001739501953
2010-03-30,13.550000190734863,7.307855606079102
2010-03-31,13.800000190734863,7.442686557769775
2010-04-01,14.029999732971191,7.566730499267578
2010-04-05,14.149999618530273,7.631450176239014
2010-04-06,14.170000076293945,7.642238140106201
2010-04-07,14.390000343322754,7.760887622833252
2010-04-08,14.609999656677246,7.879541397094727
2010-04-09,14.579999923706055,7.86336088180542
2010-04-12,14.600000381469727,7.874146461486816
2010-04-13,14.270000457763672,7.696171283721924
2010-04-14,14.949999809265137,8.062911033630371
2010-04-15,15.050000190734863,8.116844177246094
2010-04-16,14.5600004196167,7.852575302124023
2010-04-19,14.5,7.820214748382568
2010-04-20,14.640000343322754,7.895719051361084
2010-04-21,14.529999732971191,7.836395740509033
2010-04-22,15.149999618530273,8.1707763671875
2010-04-23,15.75,8.494369506835938
2010-04-26,15.8100004196167,8.526731491088867
2010-04-27,15.300000190734863,8.251675605773926
2010-04-28,15.069999694824219,8.127632141113281
2010-04-29,14.819999694824219,7.992799758911133
2010-04-30,14.859999656677246,8.014372825622559
2010-05-03,15.180000305175781,8.186957359313965
2010-05-04,14.609999656677246,7.879541397094727
2010-05-05,14.199999809265137,7.658417224884033
2010-05-06,12.949999809265137,6.9842610359191895
2010-05-07,13.069999694824219,7.048978805541992
2010-05-10,13.529999732971191,7.2970709800720215
2010-05-11,13.800000190734863,7.442686557769775
2010-05-12,13.760000228881836,7.421114444732666
2010-05-13,14.0,7.550551891326904
2010-05-14,14.3100004196167,7.717744827270508
2010-05-17,13.729999542236328,7.404933452606201
2010-05-18,13.199999809265137,7.119093418121338
2010-05-19,13.050000190734863,7.0381951332092285
2010-05-20,11.949999809265137,6.4449357986450195
2010-05-21,12.0600004196167,6.504262924194336
2010-05-24,12.670000076293945,6.833251476287842
2010-05-25,12.050000190734863,6.4988694190979
2010-05-26,11.800000190734863,6.36403751373291
2010-05-27,12.119999885559082,6.536620616912842
2010-05-28,12.149999618530273,6.552801609039307
2010-06-01,11.949999809265137,6.4449357986450195
2010-06-02,11.619999885559082,6.266957759857178
2010-06-03,11.529999732971191,6.218419551849365
2010-06-04,11.699999809265137,6.310104846954346
2010-06-07,11.550000190734863,6.229206085205078
2010-06-08,11.109999656677246,5.991903781890869
2010-06-09,10.539999961853027,5.684486389160156
2010-06-10,10.380000114440918,5.598194599151611
2010-06-11,10.260000228881836,5.533476829528809
2010-06-14,10.75,5.797745227813721
2010-06-15,11.350000381469727,6.121341228485107
2010-06-16,11.329999923706055,6.110553741455078
2010-06-17,11.149999618530273,6.013474941253662
2010-06-18,10.890000343322754,5.8732523918151855
2010-06-21,11.399999618530273,6.148305892944336
2010-06-22,11.65999984741211,6.28853178024292
2010-06-23,11.569999694824219,6.239993095397949
2010-06-24,11.619999885559082,6.266957759857178
2010-06-25,11.699999809265137,6.310104846954346
2010-06-28,11.1899995803833,6.035048007965088
2010-06-29,10.520000457763672,5.673700332641602
2010-06-30,10.75,5.797745227813721
2010-07-01,10.65999984741211,5.74920654296875
2010-07-02,10.670000076293945,5.754598617553711
2010-07-06,11.399999618530273,6.148305892944336
2010-07-07,11.420000076293945,6.159091472625732
2010-07-08,11.34000015258789,6.115948677062988
2010-07-09,11.59000015258789,6.250778675079346
2010-07-12,11.5,6.202239990234375
2010-07-13,11.489999771118164,6.1968464851379395
2010-07-14,11.609999656677246,6.261566638946533
2010-07-15,11.75,6.337071895599365
2010-07-16,11.789999961853027,6.358643531799316
2010-07-19,12.039999961853027,6.493474960327148
2010-07-20,12.359999656677246,6.666060924530029
2010-07-21,12.5,6.741564750671387
2010-07-22,12.449999809265137,6.777494430541992
2010-07-23,12.539999961853027,6.8264875411987305
2010-07-26,12.25,6.668619155883789
2010-07-27,12.420000076293945,6.761163711547852
2010-07-28,12.550000190734863,6.831932067871094
2010-07-29,12.720000267028809,6.924476146697998
2010-07-30,12.739999771118164,6.93536376953125
2010-08-02,13.119999885559082,7.1422271728515625
2010-08-03,13.359999656677246,7.2728753089904785
2010-08-04,13.329999923706055,7.2565460205078125
2010-08-05,13.300000190734863,7.240212917327881
2010-08-06,12.75,6.940807342529297
2010-08-09,12.760000228881836,6.946250915527344
2010-08-10,12.3100004196167,6.701282024383545
2010-08-11,11.779999732971191,6.41276216506958
2010-08-12,11.979999542236328,6.521636962890625
2010-08-13,12.210000038146973,6.6468424797058105
2010-08-16,12.34000015258789,6.717614650726318
2010-08-17,12.520000457763672,6.815601348876953
2010-08-18,12.430000305175781,6.766605377197266
2010-08-19,12.029999732971191,6.548854827880859
2010-08-20,11.779999732971191,6.41276216506958
2010-08-23,11.640000343322754,6.336550235748291
2010-08-24,11.550000190734863,6.287554740905762
2010-08-25,11.420000076293945,6.216784477233887
2010-08-26,11.359999656677246,6.184121131896973
2010-08-27,11.489999771118164,6.254891872406006
2010-08-30,11.3100004196167,6.156904220581055
2010-08-31,11.40999984741211,6.211341857910156
2010-09-01,11.579999923706055,6.303885459899902
2010-09-02,11.699999809265137,6.3692097663879395
2010-09-03,11.84000015258789,6.445422649383545
2010-09-07,12.079999923706055,6.576074123382568
2010-09-08,12.0,6.532522678375244
2010-09-09,12.0,6.532522678375244
2010-09-10,11.920000076293945,6.488973617553711
2010-09-13,12.0600004196167,6.565188884735107
2010-09-14,12.270000457763672,6.679505348205566
2010-09-15,12.350000381469727,6.723056316375732
2010-09-16,12.199999809265137,6.641399383544922
2010-09-17,12.329999923706055,6.712167739868164
2010-09-20,12.569999694824219,6.842819690704346
2010-09-21,12.510000228881836,6.810157299041748
2010-09-22,12.369999885559082,6.733942031860352
2010-09-23,12.239999771118164,6.663173198699951
2010-09-24,12.329999923706055,6.712167739868164
2010-09-27,12.510000228881836,6.810157299041748
2010-09-28,12.399999618530273,6.750273704528809
2010-09-29,12.3100004196167,6.701282024383545
2010-09-30,12.289999961853027,6.690392017364502
2010-10-01,12.289999961853027,6.690392017364502
2010-10-04,12.399999618530273,6.750273704528809
2010-10-05,12.5600004196167,6.837376117706299
2010-10-06,12.609999656677246,6.864593505859375
2010-10-07,12.770000457763672,6.951694488525391
2010-10-08,13.140000343322754,7.153114318847656
2010-10-11,13.069999694824219,7.115005016326904
2010-10-12,13.149999618530273,7.158558368682861
2010-10-13,13.550000190734863,7.376308441162109
2010-10-14,13.59000015258789,7.39808464050293
2010-10-15,14.09000015258789,7.670273780822754
2010-10-18,13.649999618530273,7.430746555328369
2010-10-19,13.399999618530273,7.294652462005615
2010-10-20,13.449999809265137,7.321868896484375
2010-10-21,13.390000343322754,7.289208889007568
2010-10-22,13.470000267028809,7.332758903503418
2010-10-25,13.600000381469727,7.403527736663818
2010-10-26,13.569999694824219,7.387196063995361
2010-10-27,13.170000076293945,7.169445037841797
2010-10-28,12.920000076293945,7.033351898193359
2010-10-29,12.899999618530273,7.022463798522949
2010-11-01,13.300000190734863,7.240212917327881
2010-11-02,13.420000076293945,7.305540561676025
2010-11-03,13.329999923706055,7.2565460205078125
2010-11-04,13.850000381469727,7.5396223068237305
2010-11-05,13.949999809265137,7.594059467315674
2010-11-08,13.760000228881836,7.490627765655518
2010-11-09,13.979999542236328,7.610391616821289
2010-11-10,14.300000190734863,7.784591197967529
2010-11-11,14.449999809265137,7.866249084472656
2010-11-12,14.420000076293945,7.849917411804199
2010-11-15,13.930000305175781,7.5831732749938965
2010-11-16,13.75,7.485185623168945
2010-11-17,13.600000381469727,7.403527736663818
2010-11-18,13.84000015258789,7.534178733825684
2010-11-19,14.050000190734863,7.648495197296143
2010-11-22,14.15999984741211,7.745314121246338
2010-11-23,13.680000305175781,7.482760906219482
2010-11-24,13.739999771118164,7.515577793121338
2010-11-26,13.289999961853027,7.269434928894043
2010-11-29,13.270000457763672,7.258496284484863
2010-11-30,13.109999656677246,7.170976638793945
2010-12-01,13.699999809265137,7.4937005043029785
2010-12-02,13.699999809265137,7.4937005043029785
2010-12-03,14.170000076293945,7.7507829666137695
2010-12-06,14.3100004196167,7.827363014221191
2010-12-07,14.210000038146973,7.772662162780762
2010-12-08,13.779999732971191,7.537459373474121
2010-12-09,14.0,7.65779447555542
2010-12-10,14.0,7.65779447555542
2010-12-13,13.720000267028809,7.504639148712158
2010-12-14,13.550000190734863,7.411652565002441
2010-12-15,13.3100004196167,7.2803754806518555
2010-12-16,12.829999923706055,7.017822265625
2010-12-17,13.0,7.110808372497559
2010-12-20,12.84000015258789,7.023292541503906
2010-12-21,12.779999732971191,6.99047327041626
2010-12-22,12.859999656677246,7.034231662750244
2010-12-23,12.90999984741211,7.061581134796143
2010-12-27,12.90999984741211,7.061581134796143
2010-12-28,12.699999809265137,6.946715354919434
2010-12-29,12.779999732971191,6.99047327041626
2010-12-30,12.800000190734863,7.0014142990112305
2010-12-31,12.699999809265137,6.946715354919434
2011-01-03,12.729999542236328,6.963123798370361
2011-01-04,12.880000114440918,7.045170783996582
2011-01-05,12.789999961853027,6.995944023132324
2011-01-06,12.979999542236328,7.099868297576904
2011-01-07,12.899999618530273,7.056112289428711
2011-01-10,12.449999809265137,6.8099684715271
2011-01-11,12.09000015258789,6.613056182861328
2011-01-12,12.359999656677246,6.760738849639893
2011-01-13,12.550000190734863,6.864665985107422
2011-01-14,12.649999618530273,6.919365882873535
2011-01-18,12.550000190734863,6.864665985107422
2011-01-19,12.270000457763672,6.711509704589844
2011-01-20,12.010000228881836,6.569294452667236
2011-01-21,11.979999542236328,6.552885055541992
2011-01-24,11.75,6.427079200744629
2011-01-25,11.699999809265137,6.399728298187256
2011-01-26,12.039999961853027,6.585704803466797
2011-01-27,11.84000015258789,6.476306915283203
2011-01-28,11.800000190734863,6.454428672790527
2011-01-31,11.5,6.2903337478637695
2011-02-01,11.630000114440918,6.361440658569336
2011-02-02,11.8100004196167,6.459897041320801
2011-02-03,11.970000267028809,6.5474162101745605
2011-02-04,11.850000381469727,6.481777191162109
2011-02-07,11.8100004196167,6.459897041320801
2011-02-08,11.8100004196167,6.459897041320801
2011-02-09,11.65999984741211,6.37785005569458
2011-02-10,11.489999771118164,6.284862995147705
2011-02-11,11.649999618530273,6.372380256652832
2011-02-14,11.949999809265137,6.5364766120910645
2011-02-15,11.90999984741211,6.514596462249756
2011-02-16,12.130000114440918,6.634932041168213
2011-02-17,12.710000038146973,6.95218563079834
2011-02-18,12.300000190734863,6.727919578552246
2011-02-22,12.1899995803833,6.667751312255859
2011-02-23,12.319999694824219,6.738859176635742
2011-02-24,12.180000305175781,6.662282466888428
2011-02-25,12.149999618530273,6.645872592926025
2011-02-28,12.149999618530273,6.645872592926025
2011-03-01,12.020000457763672,6.574763774871826
2011-03-02,12.039999961853027,6.585704803466797
2011-03-03,12.100000381469727,6.618523120880127
2011-03-04,11.899999618530273,6.509127616882324
2011-03-07,11.819999694824219,6.465367794036865
2011-03-08,12.0,6.563823223114014
2011-03-09,11.920000076293945,6.5200653076171875
2011-03-10,11.600000381469727,6.345030784606934
2011-03-11,11.390000343322754,6.230164051055908
2011-03-14,10.8100004196167,5.912911415100098
2011-03-15,10.640000343322754,5.819924354553223
2011-03-16,10.4399995803833,5.710527420043945
2011-03-17,10.069999694824219,5.508144378662109
2011-03-18,10.079999923706055,5.513612747192383
2011-03-21,10.680000305175781,5.841803550720215
2011-03-22,11.319999694824219,6.191874027252197
2011-03-23,11.479999542236328,6.279393196105957
2011-03-24,11.300000190734863,6.180935382843018
2011-03-25,11.319999694824219,6.191874027252197
2011-03-28,10.680000305175781,5.841803550720215
2011-03-29,10.890000343322754,5.956672668457031
2011-03-30,11.0,6.016838550567627
2011-03-31,11.300000190734863,6.180935382843018
2011-04-01,11.390000343322754,6.230164051055908
2011-04-04,11.5,6.2903337478637695
2011-04-05,11.460000038146973,6.268452167510986
2011-04-06,11.550000190734863,6.317681789398193
2011-04-07,11.59000015258789,6.339560508728027
2011-04-08,11.550000190734863,6.317681789398193
2011-04-11,11.5,6.2903337478637695
2011-04-12,11.420000076293945,6.246571063995361
2011-04-13,11.430000305175781,6.252042770385742
2011-04-14,11.449999809265137,6.2629828453063965
2011-04-15,11.470000267028809,6.273922920227051
2011-04-18,11.350000381469727,6.208284378051758
2011-04-19,11.350000381469727,6.208284378051758
2011-04-20,11.399999618530273,6.235633373260498
2011-04-21,11.630000114440918,6.361440658569336
2011-04-25,11.949999809265137,6.5364766120910645
2011-04-26,11.930000305175781,6.5255351066589355
2011-04-27,11.949999809265137,6.5364766120910645
2011-04-28,11.850000381469727,6.481777191162109
2011-04-29,11.789999961853027,6.448957920074463
2011-05-02,11.699999809265137,6.399728298187256
2011-05-03,11.529999732971191,6.306742191314697
2011-05-04,11.25,6.153584957122803
2011-05-05,11.050000190734863,6.044188976287842
2011-05-06,11.199999809265137,6.126236438751221
2011-05-09,11.3100004196167,6.186404705047607
2011-05-10,11.369999885559082,6.2192230224609375
2011-05-11,11.300000190734863,6.180935382843018
2011-05-12,11.270000457763672,6.164524078369141
2011-05-13,11.050000190734863,6.044188976287842
2011-05-16,11.010000228881836,6.022309303283691
2011-05-17,10.920000076293945,5.973082065582275
2011-05-18,10.920000076293945,5.973082065582275
2011-05-19,10.829999923706055,5.923853397369385
2011-05-20,10.779999732971191,5.89650297164917
2011-05-23,10.829999923706055,5.923853397369385
2011-05-24,10.819999694824219,5.918380260467529
2011-05-25,11.100000381469727,6.071536064147949
2011-05-26,11.350000381469727,6.208284378051758
2011-05-27,11.850000381469727,6.481777191162109
2011-05-31,11.670000076293945,6.383322238922119
2011-06-01,11.279999732971191,6.169995307922363
2011-06-02,11.09000015258789,6.066067695617676
2011-06-03,11.069999694824219,6.0551276206970215
2011-06-06,10.960000038146973,5.994961261749268
2011-06-07,11.100000381469727,6.071536064147949
2011-06-08,11.25,6.153584957122803
2011-06-09,11.1899995803833,6.120765686035156
2011-06-10,10.930000305175781,5.978549480438232
2011-06-13,10.880000114440918,5.95120096206665
2011-06-14,11.020000457763672,6.027778625488281
2011-06-15,10.710000038146973,5.858213901519775
2011-06-16,10.819999694824219,5.918380260467529
2011-06-17,10.819999694824219,5.918380260467529
2011-06-20,10.8100004196167,5.912911415100098
2011-06-21,10.789999961853027,5.901970863342285
2011-06-22,10.930000305175781,5.978549480438232
2011-06-23,10.949999809265137,5.989490509033203
2011-06-24,11.0,6.016838550567627
2011-06-27,11.0,6.016838550567627
2011-06-28,10.920000076293945,5.973082065582275
2011-06-29,11.069999694824219,6.0551276206970215
2011-06-30,11.380000114440918,6.224691867828369
2011-07-01,11.600000381469727,6.345030784606934
2011-07-05,11.970000267028809,6.5474162101745605
2011-07-06,11.920000076293945,6.5200653076171875
2011-07-07,12.279999732971191,6.716981410980225
2011-07-08,12.199999809265137,6.673220634460449
2011-07-11,11.84000015258789,6.476306915283203
2011-07-12,11.800000190734863,6.454428672790527
2011-07-13,12.180000305175781,6.662282466888428
2011-07-14,12.09000015258789,6.683844089508057
2011-07-15,12.289999961853027,6.79440975189209
2011-07-18,12.170000076293945,6.728070259094238
2011-07-19,12.100000381469727,6.689371109008789
2011-07-20,12.920000076293945,7.142699241638184
2011-07-21,13.0,7.186926364898682
2011-07-22,13.0600004196167,7.220097541809082
2011-07-25,13.149999618530273,7.269852161407471
2011-07-26,13.119999885559082,7.253268241882324
2011-07-27,12.970000267028809,7.170342922210693
2011-07-28,12.720000267028809,7.032132625579834
2011-07-29,12.600000381469727,6.965792179107666
2011-08-01,12.970000267028809,7.170342922210693
2011-08-02,12.869999885559082,7.1150593757629395
2011-08-03,12.739999771118164,7.0431904792785645
2011-08-04,12.770000457763672,7.059775352478027
2011-08-05,12.449999809265137,6.882865905761719
2011-08-08,11.180000305175781,6.180757999420166
2011-08-09,11.800000190734863,6.523519515991211
2011-08-10,11.75,6.495878219604492
2011-08-11,12.039999961853027,6.656200408935547
2011-08-12,12.0600004196167,6.667258262634277
2011-08-15,12.5,6.910508632659912
2011-08-16,12.420000076293945,6.866281032562256
2011-08-17,12.550000190734863,6.938150405883789
2011-08-18,11.569999694824219,6.396366596221924
2011-08-19,11.739999771118164,6.490349292755127
2011-08-22,12.130000114440918,6.70595645904541
2011-08-23,12.649999618530273,6.993434906005859
2011-08-24,12.970000267028809,7.170342922210693
2011-08-25,12.920000076293945,7.142699241638184
2011-08-26,12.920000076293945,7.142699241638184
2011-08-29,12.859999656677246,7.109529495239258
2011-08-30,12.869999885559082,7.1150593757629395
2011-08-31,13.25,7.325137138366699
2011-09-01,13.350000381469727,7.380422115325928
2011-09-02,13.390000343322754,7.4025373458862305
2011-09-06,12.359999656677246,6.833109378814697
2011-09-07,12.760000228881836,7.054246425628662
2011-09-08,12.819999694824219,7.08741569519043
2011-09-09,12.5,6.910508632659912
2011-09-12,12.890000343322754,7.1261138916015625
2011-09-13,13.0,7.186926364898682
2011-09-14,13.09000015258789,7.236684322357178
2011-09-15,13.399999618530273,7.40806245803833
2011-09-16,13.300000190734863,7.352780342102051
2011-09-19,12.979999542236328,7.175868034362793
2011-09-20,13.029999732971191,7.203512668609619
2011-09-21,12.920000076293945,7.142699241638184
2011-09-22,12.539999961853027,6.932621479034424
2011-09-23,12.100000381469727,6.689371109008789
2011-09-26,11.600000381469727,6.4129509925842285
2011-09-27,12.789999961853027,7.070831298828125
2011-09-28,13.020000457763672,7.197985649108887
2011-09-29,13.260000228881836,7.3306660652160645
2011-09-30,13.239999771118164,7.31960916519165
2011-10-03,12.470000267028809,6.893923759460449
2011-10-04,12.0600004196167,6.667258262634277
2011-10-05,12.449999809265137,6.882865905761719
2011-10-06,12.470000267028809,6.893923759460449
2011-10-07,12.6899995803833,7.015547752380371
2011-10-10,13.149999618530273,7.269852161407471
2011-10-11,13.329999923706055,7.36936616897583
2011-10-12,13.649999618530273,7.546275615692139
2011-10-13,13.699999809265137,7.573917388916016
2011-10-14,13.5,7.463348865509033
2011-10-17,13.079999923706055,7.231154441833496
2011-10-18,13.079999923706055,7.231154441833496
2011-10-19,13.15999984741211,7.2753825187683105
2011-10-20,12.869999885559082,7.1150593757629395
2011-10-21,13.140000343322754,7.2643256187438965
2011-10-24,13.350000381469727,7.380422115325928
2011-10-25,13.5,7.463348865509033
2011-10-26,14.369999885559082,7.94432258605957
2011-10-27,14.270000457763672,7.889036178588867
2011-10-28,13.949999809265137,7.712127208709717
2011-10-31,13.399999618530273,7.40806245803833
2011-11-01,13.350000381469727,7.380422115325928
2011-11-02,14.40999984741211,7.966433048248291
2011-11-03,15.140000343322754,8.370006561279297
2011-11-04,14.779999732971191,8.170985221862793
2011-11-07,14.59000015258789,8.065945625305176
2011-11-08,14.460000038146973,7.994076251983643
2011-11-09,14.359999656677246,7.938790321350098
2011-11-10,14.420000076293945,7.971960067749023
2011-11-11,14.270000457763672,7.889036178588867
2011-11-14,14.050000190734863,7.767409801483154
2011-11-15,14.09000015258789,7.844237804412842
2011-11-16,13.75,7.654953479766846
2011-11-17,13.5,7.515772819519043
2011-11-18,13.25,7.376590728759766
2011-11-21,13.430000305175781,7.476799488067627
2011-11-22,13.390000343322754,7.454532623291016
2011-11-23,13.140000343322754,7.315350532531738
2011-11-25,12.899999618530273,7.181737422943115
2011-11-28,13.489999771118164,7.51020622253418
2011-11-29,13.819999694824219,7.693923473358154
2011-11-30,14.34000015258789,7.983419418334961
2011-12-01,14.239999771118164,7.927746295928955
2011-12-02,14.029999732971191,7.8108344078063965
2011-12-05,14.34000015258789,7.983419418334961
2011-12-06,14.140000343322754,7.872073173522949
2011-12-07,13.989999771118164,7.788566589355469
2011-12-08,13.960000038146973,7.7718658447265625
2011-12-09,13.979999542236328,7.782999515533447
2011-12-12,13.850000381469727,7.710625171661377
2011-12-13,13.850000381469727,7.710625171661377
2011-12-14,13.9399995803833,7.760729789733887
2011-12-15,14.010000228881836,7.7997026443481445
2011-12-16,14.09000015258789,7.844237804412842
2011-12-19,13.979999542236328,7.782999515533447
2011-12-20,14.09000015258789,7.844237804412842
2011-12-21,13.579999923706055,7.560310363769531
2011-12-22,13.710000038146973,7.632684230804443
2011-12-23,13.890000343322754,7.732893943786621
2011-12-27,13.899999618530273,7.738461017608643
2011-12-28,13.5,7.515772819519043
2011-12-29,13.34000015258789,7.426695346832275
2011-12-30,13.149999618530273,7.32091760635376
2012-01-03,13.449999809265137,7.487934112548828
2012-01-04,13.470000267028809,7.499070644378662
2012-01-05,13.859999656677246,7.716193675994873
2012-01-06,14.359999656677246,7.994553089141846
2012-01-09,15.25,8.49003791809082
2012-01-10,15.140000343322754,8.42879867553711
2012-01-11,14.899999618530273,8.295184135437012
2012-01-12,14.899999618530273,8.295184135437012
2012-01-13,15.279999732971191,8.506741523742676
2012-01-17,15.149999618530273,8.434367179870605
2012-01-18,15.220000267028809,8.473337173461914
2012-01-19,16.229999542236328,9.035625457763672
2012-01-20,15.140000343322754,8.42879867553711
2012-01-23,15.25,8.49003791809082
2012-01-24,15.199999809265137,8.462202072143555
2012-01-25,15.350000381469727,8.545709609985352
2012-01-26,15.609999656677246,8.690458297729492
2012-01-27,15.220000267028809,8.473337173461914
2012-01-30,15.210000038146973,8.467769622802734
2012-01-31,15.90999984741211,8.857476234436035
2012-02-01,16.010000228881836,8.913148880004883
2012-02-02,15.960000038146973,8.88531494140625
2012-02-03,16.100000381469727,8.96325397491455
2012-02-06,16.09000015258789,8.957684516906738
2012-02-07,16.0,8.90757942199707
2012-02-08,16.1200008392334,8.974388122558594
2012-02-09,16.940000534057617,9.430900573730469
2012-02-10,17.239999771118164,9.597920417785645
2012-02-13,17.649999618530273,9.826176643371582
2012-02-14,17.06999969482422,9.503276824951172
2012-02-15,17.479999542236328,9.731534004211426
2012-02-16,17.950000762939453,9.993193626403809
2012-02-17,18.110000610351562,10.082268714904785
2012-02-21,18.450000762939453,10.27155590057373
2012-02-22,18.280000686645508,10.176913261413574
2012-02-23,17.829999923706055,9.926385879516602
2012-02-24,17.739999771118164,9.876279830932617
2012-02-27,17.56999969482422,9.781637191772461
2012-02-28,17.540000915527344,9.764936447143555
2012-02-29,17.56999969482422,9.781637191772461
2012-03-01,17.56999969482422,9.781637191772461
2012-03-02,17.399999618530273,9.686991691589355
2012-03-05,17.200000762939453,9.575650215148926
2012-03-06,17.09000015258789,9.514409065246582
2012-03-07,17.100000381469727,9.519980430603027
2012-03-08,17.610000610351562,9.803905487060547
2012-03-09,17.389999389648438,9.681426048278809
2012-03-12,17.190000534057617,9.570083618164062
2012-03-13,17.510000228881836,9.748231887817383
2012-03-14,17.549999237060547,9.770503997802734
2012-03-15,17.649999618530273,9.826176643371582
2012-03-16,17.579999923706055,9.78720474243164
2012-03-19,17.280000686645508,9.620187759399414
2012-03-20,17.110000610351562,9.525543212890625
2012-03-21,17.049999237060547,9.492141723632812
2012-03-22,17.219999313354492,9.586782455444336
2012-03-23,17.149999618530273,9.547810554504395
2012-03-26,17.90999984741211,9.970925331115723
2012-03-27,17.989999771118164,10.015461921691895
2012-03-28,18.579999923706055,10.343931198120117
2012-03-29,18.530000686645508,10.316092491149902
2012-03-30,17.979999542236328,10.009895324707031
2012-04-02,18.329999923706055,10.20474910736084
2012-04-03,18.450000762939453,10.27155590057373
2012-04-04,18.280000686645508,10.176913261413574
2012-04-05,19.329999923706055,10.76147174835205
2012-04-09,19.149999618530273,10.661263465881348
2012-04-10,18.649999618530273,10.382896423339844
2012-04-11,18.969999313354492,10.561053276062012
2012-04-12,19.149999618530273,10.661263465881348
2012-04-13,18.8700008392334,10.50538158416748
2012-04-16,19.31999969482422,10.75590705871582
2012-04-17,19.700000762939453,10.967458724975586
2012-04-18,19.350000381469727,10.772608757019043
2012-04-19,19.079999923706055,10.62229061126709
2012-04-20,19.079999923706055,10.62229061126709
2012-04-23,18.690000534057617,10.405169486999512
2012-04-24,18.950000762939453,10.549915313720703
2012-04-25,18.90999984741211,10.527647018432617
2012-04-26,19.350000381469727,10.772608757019043
2012-04-27,18.75,10.438570976257324
2012-04-30,19.0,10.577754020690918
2012-05-01,19.270000457763672,10.728070259094238
2012-05-02,19.149999618530273,10.661263465881348
2012-05-03,18.959999084472656,10.555484771728516
2012-05-04,19.469999313354492,10.8394136428833
2012-05-07,19.260000228881836,10.72249984741211
2012-05-08,18.260000228881836,10.165777206420898
2012-05-09,17.899999618530273,9.96535587310791
2012-05-10,18.290000915527344,10.182479858398438
2012-05-11,18.43000030517578,10.260420799255371
2012-05-14,17.530000686645508,9.759370803833008
2012-05-15,17.3799991607666,9.675859451293945
2012-05-16,16.8700008392334,9.391931533813477
2012-05-17,16.700000762939453,9.29728889465332
2012-05-18,16.729999542236328,9.313989639282227
2012-05-21,16.850000381469727,9.3807954788208
2012-05-22,17.559999465942383,9.776071548461914
2012-05-23,17.3799991607666,9.675859451293945
2012-05-24,17.100000381469727,9.519980430603027
2012-05-25,16.729999542236328,9.313989639282227
2012-05-29,17.079999923706055,9.508842468261719
2012-05-30,16.760000228881836,9.330690383911133
2012-05-31,16.90999984741211,9.414200782775879
2012-06-01,17.200000762939453,9.575650215148926
2012-06-04,16.889999389648438,9.40306568145752
2012-06-05,16.799999237060547,9.352958679199219
2012-06-06,17.34000015258789,9.653592109680176
2012-06-07,18.049999237060547,10.048866271972656
2012-06-08,17.530000686645508,9.759370803833008
2012-06-11,17.65999984741211,9.831743240356445
2012-06-12,18.469999313354492,10.282690048217773
2012-06-13,18.520000457763672,10.310525894165039
2012-06-14,18.600000381469727,10.355063438415527
2012-06-15,18.700000762939453,10.410737037658691
2012-06-18,18.540000915527344,10.321660041809082
2012-06-19,19.139999389648438,10.655691146850586
2012-06-20,19.219999313354492,10.700233459472656
2012-06-21,17.299999237060547,9.631322860717773
2012-06-22,17.239999771118164,9.597920417785645
2012-06-25,16.209999084472656,9.024494171142578
2012-06-26,16.649999618530273,9.269452095031738
2012-06-27,16.799999237060547,9.352958679199219
2012-06-28,16.600000381469727,9.241616249084473
2012-06-29,17.299999237060547,9.631322860717773
2012-07-02,16.68000030517578,9.426737785339355
2012-07-03,16.299999237060547,9.2119779586792
2012-07-05,15.350000381469727,8.67508602142334
2012-07-06,14.5,8.194705963134766
2012-07-09,14.5,8.194705963134766
2012-07-10,14.890000343322754,8.415116310119629
2012-07-11,15.180000305175781,8.579009056091309
2012-07-12,15.489999771118164,8.754207611083984
2012-07-13,15.199999809265137,8.590311050415039
2012-07-16,15.210000038146973,8.595964431762695
2012-07-17,15.199999809265137,8.590311050415039
2012-07-18,14.699999809265137,8.307737350463867
2012-07-19,15.149999618530273,8.562055587768555
2012-07-20,15.199999809265137,8.590311050415039
2012-07-23,14.75,8.335993766784668
2012-07-24,14.390000343322754,8.132538795471191
2012-07-25,13.829999923706055,7.8160552978515625
2012-07-26,13.899999618530273,7.855613708496094
2012-07-27,14.510000228881836,8.200358390808105
2012-07-30,14.0,7.9121294021606445
2012-07-31,13.850000381469727,7.827357292175293
2012-08-01,14.880000114440918,8.409465789794922
2012-08-02,14.640000343322754,8.273824691772461
2012-08-03,15.329999923706055,8.663783073425293
2012-08-06,15.399999618530273,8.70334243774414
2012-08-07,15.949999809265137,9.014174461364746
2012-08-08,15.649999618530273,8.844629287719727
2012-08-09,15.890000343322754,8.980266571044922
2012-08-10,15.899999618530273,8.985917091369629
2012-08-13,15.680000305175781,8.86158561706543
2012-08-14,15.859999656677246,8.963311195373535
2012-08-15,15.920000076293945,8.997221946716309
2012-08-16,17.040000915527344,9.630193710327148
2012-08-17,17.790000915527344,10.054059028625488
2012-08-20,17.309999465942383,9.782783508300781
2012-08-21,17.0,9.607584953308105
2012-08-22,16.530000686645508,9.341964721679688
2012-08-23,16.450000762939453,9.2967529296875
2012-08-24,16.479999542236328,9.313708305358887
2012-08-27,16.65999984741211,9.415433883666992
2012-08-28,16.299999237060547,9.2119779586792
2012-08-29,16.329999923706055,9.228933334350586
2012-08-30,16.25,9.183721542358398
2012-08-31,16.360000610351562,9.245888710021973
2012-09-04,16.729999542236328,9.454997062683105
2012-09-05,15.880000114440918,8.974616050720215
2012-09-06,16.6299991607666,9.398480415344238
2012-09-07,16.549999237060547,9.353266716003418
2012-09-10,16.280000686645508,9.200675964355469
2012-09-11,16.100000381469727,9.098949432373047
2012-09-12,15.800000190734863,8.929403305053711
2012-09-13,16.149999618530273,9.12720775604248
2012-09-14,16.3799991607666,9.25719165802002
2012-09-17,16.239999771118164,9.178069114685059
2012-09-18,16.299999237060547,9.2119779586792
2012-09-19,16.440000534057617,9.291102409362793
2012-09-20,16.059999465942383,9.076342582702637
2012-09-21,16.030000686645508,9.059389114379883
2012-09-24,16.59000015258789,9.375875473022461
2012-09-25,16.399999618530273,9.268494606018066
2012-09-26,16.219999313354492,9.166766166687012
2012-09-27,16.65999984741211,9.415433883666992
2012-09-28,16.420000076293945,9.279799461364746
2012-10-01,16.579999923706055,9.370223045349121
2012-10-02,16.440000534057617,9.291102409362793
2012-10-03,16.450000762939453,9.2967529296875
2012-10-04,16.700000762939453,9.438040733337402
2012-10-05,16.860000610351562,9.528465270996094
2012-10-08,16.440000534057617,9.291102409362793
2012-10-09,16.049999237060547,9.070690155029297
2012-10-10,15.869999885559082,8.968963623046875
2012-10-11,16.079999923706055,9.087646484375
2012-10-12,15.970000267028809,9.025480270385742
2012-10-15,15.949999809265137,9.014174461364746
2012-10-16,16.440000534057617,9.291102409362793
2012-10-17,16.450000762939453,9.2967529296875
2012-10-18,16.459999084472656,9.302406311035156
2012-10-19,16.139999389648438,9.121554374694824
2012-10-22,16.100000381469727,9.098949432373047
2012-10-23,16.0,9.042433738708496
2012-10-24,16.219999313354492,9.166766166687012
2012-10-25,16.200000762939453,9.155465126037598
2012-10-26,16.049999237060547,9.070690155029297
2012-10-31,16.0,9.042433738708496
2012-11-01,16.649999618530273,9.409782409667969
2012-11-02,16.59000015258789,9.375875473022461
2012-11-05,16.559999465942383,9.358919143676758
2012-11-06,17.299999237060547,9.777131080627441
2012-11-07,17.209999084472656,9.72626781463623
2012-11-08,16.940000534057617,9.573676109313965
2012-11-09,18.0,10.172738075256348
2012-11-12,17.75,10.031449317932129
2012-11-13,17.690000534057617,9.997541427612305
2012-11-14,17.68000030517578,9.991890907287598
2012-11-15,17.93000030517578,10.1331787109375
2012-11-16,18.0,10.172738075256348
2012-11-19,17.899999618530273,10.18183708190918
2012-11-20,18.200000762939453,10.352486610412598
2012-11-21,17.790000915527344,10.119272232055664
2012-11-23,18.43000030517578,10.483314514160156
2012-11-26,18.450000762939453,10.494690895080566
2012-11-27,18.25,10.380924224853516
2012-11-28,18.399999618530273,10.4662504196167
2012-11-29,18.729999542236328,10.653958320617676
2012-11-30,18.920000076293945,10.76203441619873
2012-12-03,18.440000534057617,10.488999366760254
2012-12-04,18.700000762939453,10.636892318725586
2012-12-05,18.649999618530273,10.608450889587402
2012-12-06,18.56999969482422,10.562950134277344
2012-12-07,18.760000228881836,10.671024322509766
2012-12-10,19.309999465942383,10.983871459960938
2012-12-11,19.280000686645508,10.966809272766113
2012-12-12,19.399999618530273,11.035065650939941
2012-12-13,18.90999984741211,10.75634479522705
2012-12-14,19.09000015258789,10.858731269836426
2012-12-17,18.90999984741211,10.75634479522705
2012-12-18,18.8799991607666,10.73928165435791
2012-12-19,18.850000381469727,10.72221565246582
2012-12-20,18.790000915527344,10.68808650970459
2012-12-21,18.399999618530273,10.4662504196167
2012-12-24,18.700000762939453,10.636892318725586
2012-12-26,18.780000686645508,10.682400703430176
2012-12-27,18.860000610351562,10.727907180786133
2012-12-28,18.5,10.523130416870117
2012-12-31,18.299999237060547,10.409367561340332
2013-01-02,18.799999237060547,10.69377613067627
2013-01-03,18.799999237060547,10.69377613067627
2013-01-04,19.389999389648438,11.029376983642578
2013-01-07,19.239999771118164,10.94405460357666
2013-01-08,19.219999313354492,10.93267822265625
2013-01-09,19.479999542236328,11.080572128295898
2013-01-10,19.84000015258789,11.285346031188965
2013-01-11,20.040000915527344,11.399109840393066
2013-01-14,20.059999465942383,11.41048526763916
2013-01-15,19.700000762939453,11.205710411071777
2013-01-16,20.170000076293945,11.473053932189941
2013-01-17,20.0,11.376358985900879
2013-01-18,19.889999389648438,11.313786506652832
2013-01-22,20.049999237060547,11.404797554016113
2013-01-23,20.549999237060547,11.689204216003418
2013-01-24,21.649999618530273,12.314905166625977
2013-01-25,21.31999969482422,12.127196311950684
2013-01-28,20.989999771118164,11.939482688903809
2013-01-29,22.110000610351562,12.576563835144043
2013-01-30,22.399999618530273,12.741519927978516
2013-01-31,21.0,11.945176124572754
2013-02-01,21.43000030517578,12.18976879119873
2013-02-04,21.110000610351562,12.007743835449219
2013-02-05,20.979999542236328,11.933798789978027
2013-02-06,22.440000534057617,12.764272689819336
2013-02-07,22.959999084472656,13.06005573272705
2013-02-08,22.709999084472656,12.917854309082031
2013-02-11,22.690000534057617,12.906478881835938
2013-02-12,22.75,12.940604209899902
2013-02-13,22.770000457763672,12.951980590820312
2013-02-14,22.260000228881836,12.661886215209961
2013-02-15,22.75,12.940604209899902
2013-02-19,22.549999237060547,12.8268404006958
2013-02-20,22.100000381469727,12.570878982543945
2013-02-21,22.100000381469727,12.570878982543945
2013-02-22,21.950000762939453,12.485553741455078
2013-02-25,21.649999618530273,12.314905166625977
2013-02-26,21.350000381469727,12.14426040649414
2013-02-27,22.0,12.513994216918945
2013-02-28,22.3799991607666,12.730143547058105
2013-03-01,23.200000762939453,13.196571350097656
2013-03-04,22.270000457763672,12.667572975158691
2013-03-05,22.110000610351562,12.576563835144043
2013-03-06,22.06999969482422,12.55380916595459
2013-03-07,22.260000228881836,12.661886215209961
2013-03-08,22.440000534057617,12.764272689819336
2013-03-11,21.799999237060547,12.400229454040527
2013-03-12,21.579999923706055,12.275086402893066
2013-03-13,20.8799991607666,11.876916885375977
2013-03-14,20.75,11.802971839904785
2013-03-15,19.950000762939453,11.34791374206543
2013-03-18,19.399999618530273,11.035065650939941
2013-03-19,19.75,11.234151840209961
2013-03-20,20.149999618530273,11.461681365966797
2013-03-21,20.34000015258789,11.569753646850586
2013-03-22,21.049999237060547,11.973614692687988
2013-03-25,20.709999084472656,11.780216217041016
2013-03-26,20.489999771118164,11.65507698059082
2013-03-27,20.440000534057617,11.626635551452637
2013-03-28,20.100000381469727,11.43324089050293
2013-04-01,19.920000076293945,11.330851554870605
2013-04-02,19.479999542236328,11.080572128295898
2013-04-03,19.549999237060547,11.120387077331543
2013-04-04,19.549999237060547,11.120387077331543
2013-04-05,18.850000381469727,10.72221565246582
2013-04-08,19.1200008392334,10.875797271728516
2013-04-09,19.18000030517578,10.909926414489746
2013-04-10,19.600000381469727,11.148828506469727
2013-04-11,18.18000030517578,10.341110229492188
2013-04-12,17.280000686645508,9.82917308807373
2013-04-15,16.799999237060547,9.556140899658203
2013-04-16,17.59000015258789,10.00550651550293
2013-04-17,17.049999237060547,9.698343276977539
2013-04-18,16.6299991607666,9.459439277648926
2013-04-19,17.989999771118164,10.233036041259766
2013-04-22,18.010000228881836,10.24441146850586
2013-04-23,18.399999618530273,10.4662504196167
2013-04-24,18.469999313354492,10.506067276000977
2013-04-25,18.43000030517578,10.483314514160156
2013-04-26,18.1299991607666,10.312667846679688
2013-04-29,18.600000381469727,10.580012321472168
2013-04-30,18.3700008392334,10.449182510375977
2013-05-01,18.200000762939453,10.352486610412598
2013-05-02,17.81999969482422,10.136335372924805
2013-05-03,17.84000015258789,10.147709846496582
2013-05-06,17.8700008392334,10.164774894714355
2013-05-07,17.6200008392334,10.02257251739502
2013-05-08,17.8799991607666,10.170464515686035
2013-05-09,17.780000686645508,10.113580703735352
2013-05-10,17.709999084472656,10.073763847351074
2013-05-13,17.229999542236328,9.800731658935547
2013-05-14,17.290000915527344,9.83486270904541
2013-05-15,17.459999084472656,9.931558609008789
2013-05-16,17.899999618530273,10.18183708190918
2013-05-17,18.0,10.238719940185547
2013-05-20,18.610000610351562,10.585702896118164
2013-05-21,18.889999389648438,10.744972229003906
2013-05-22,18.520000457763672,10.534506797790527
2013-05-23,19.280000686645508,10.966809272766113
2013-05-24,19.8799991607666,11.308099746704102
2013-05-28,20.200000762939453,11.490120887756348
2013-05-29,19.65999984741211,11.182957649230957
2013-05-30,19.93000030517578,11.336539268493652
2013-05-31,20.3799991607666,11.59250545501709
2013-06-03,20.280000686645508,11.535622596740723
2013-06-04,20.93000030517578,11.905357360839844
2013-06-05,20.5,11.66076374053955
2013-06-06,20.139999389648438,11.455991744995117
2013-06-07,20.110000610351562,11.438924789428711
2013-06-10,20.559999465942383,11.694893836975098
2013-06-11,19.899999618530273,11.319475173950195
2013-06-12,19.799999237060547,11.262592315673828
2013-06-13,19.549999237060547,11.120387077331543
2013-06-14,19.270000457763672,10.961122512817383
2013-06-17,19.270000457763672,10.961122512817383
2013-06-18,19.139999389648438,10.88716983795166
2013-06-19,18.700000762939453,10.636892318725586
2013-06-20,17.989999771118164,10.233036041259766
2013-06-21,18.350000381469727,10.4378080368042
2013-06-24,17.56999969482422,9.99413013458252
2013-06-25,17.81999969482422,10.136335372924805
2013-06-26,18.299999237060547,10.409367561340332
2013-06-27,18.3799991607666,10.454870223999023
2013-06-28,18.09000015258789,10.289915084838867
2013-07-01,18.15999984741211,10.329730987548828
2013-07-02,18.030000686645508,10.255786895751953
2013-07-03,17.860000610351562,10.159089088439941
2013-07-05,17.43000030517578,9.914495468139648
2013-07-08,17.93000030517578,10.198904037475586
2013-07-09,17.989999771118164,10.233036041259766
2013-07-10,17.790000915527344,10.119272232055664
2013-07-11,18.559999465942383,10.557258605957031
2013-07-12,18.5,10.523130416870117
2013-07-15,18.700000762939453,10.636892318725586
2013-07-16,18.389999389648438,10.666475296020508
2013-07-17,18.559999465942383,10.765076637268066
2013-07-18,18.360000610351562,10.649073600769043
2013-07-19,18.18000030517578,10.544672966003418
2013-07-22,18.020000457763672,10.45186996459961
2013-07-23,18.329999923706055,10.631672859191895
2013-07-24,18.190000534057617,10.550471305847168
2013-07-25,18.399999618530273,10.672276496887207
2013-07-26,18.450000762939453,10.701275825500488
2013-07-29,18.5,10.73027515411377
2013-07-30,18.34000015258789,10.637475967407227
2013-07-31,18.34000015258789,10.637475967407227
2013-08-01,18.59000015258789,10.782477378845215
2013-08-02,18.600000381469727,10.788278579711914
2013-08-05,18.6200008392334,10.79987907409668
2013-08-06,19.06999969482422,11.060885429382324
2013-08-07,18.940000534057617,10.985483169555664
2013-08-08,19.329999923706055,11.211689949035645
2013-08-09,19.6299991607666,11.385693550109863
2013-08-12,19.809999465942383,11.490097999572754
2013-08-13,19.6200008392334,11.37989330291748
2013-08-14,19.6200008392334,11.37989330291748
2013-08-15,19.81999969482422,11.495894432067871
2013-08-16,20.399999618530273,11.83230209350586
2013-08-19,19.760000228881836,11.46109676361084
2013-08-20,19.06999969482422,11.060885429382324
2013-08-21,18.899999618530273,10.96228313446045
2013-08-22,19.3799991607666,11.24068832397461
2013-08-23,19.239999771118164,11.159486770629883
2013-08-26,19.030000686645508,11.037686347961426
2013-08-27,19.229999542236328,11.153684616088867
2013-08-28,19.190000534057617,11.130485534667969
2013-08-29,19.420000076293945,11.26389217376709
2013-08-30,19.3700008392334,11.23488998413086
2013-09-03,19.700000762939453,11.426294326782227
2013-09-04,19.6299991607666,11.385693550109863
2013-09-05,19.790000915527344,11.478494644165039
2013-09-06,19.700000762939453,11.426294326782227
2013-09-09,20.56999969482422,11.93090534210205
2013-09-10,21.200000762939453,12.296316146850586
2013-09-11,20.850000381469727,12.093311309814453
2013-09-12,20.459999084472656,11.867105484008789
2013-09-13,20.700000762939453,12.006309509277344
2013-09-16,20.889999389648438,12.116511344909668
2013-09-17,21.09000015258789,12.232514381408691
2013-09-18,21.440000534057617,12.43552017211914
2013-09-19,21.100000381469727,12.238316535949707
2013-09-20,21.049999237060547,12.20931339263916
2013-09-23,20.670000076293945,11.988907814025879
2013-09-24,21.299999237060547,12.354317665100098
2013-09-25,21.229999542236328,12.313716888427734
2013-09-26,21.389999389648438,12.406519889831543
2013-09-27,21.350000381469727,12.383318901062012
2013-09-30,21.06999969482422,12.22091293334961
2013-10-01,21.149999618530273,12.267314910888672
2013-10-02,21.06999969482422,12.22091293334961
2013-10-03,20.950000762939453,12.151313781738281
2013-10-04,21.270000457763672,12.336919784545898
2013-10-07,21.1299991607666,12.25571346282959
2013-10-08,21.059999465942383,12.21511459350586
2013-10-09,21.09000015258789,12.232514381408691
2013-10-10,21.530000686645508,12.487720489501953
2013-10-11,21.729999542236328,12.603723526000977
2013-10-14,21.760000228881836,12.621124267578125
2013-10-15,21.469999313354492,12.45291805267334
2013-10-16,21.56999969482422,12.510919570922852
2013-10-17,21.209999084472656,12.302115440368652
2013-10-18,20.979999542236328,12.16871166229248
2013-10-21,21.170000076293945,12.278912544250488
2013-10-22,21.56999969482422,12.510919570922852
2013-10-23,21.25,12.325315475463867
2013-10-24,21.010000228881836,12.186115264892578
2013-10-25,20.940000534057617,12.145514488220215
2013-10-28,20.709999084472656,12.012106895446777
2013-10-29,20.989999771118164,12.174509048461914
2013-10-30,21.110000610351562,12.24411392211914
2013-10-31,21.420000076293945,12.423919677734375
2013-11-01,21.829999923706055,12.661726951599121
2013-11-04,21.75,12.615324974060059
2013-11-05,21.790000915527344,12.63852596282959
2013-11-06,21.75,12.615324974060059
2013-11-07,22.049999237060547,12.789329528808594
2013-11-08,22.399999618530273,12.992335319519043
2013-11-11,22.729999542236328,13.183737754821777
2013-11-12,22.860000610351562,13.259142875671387
2013-11-13,22.799999237060547,13.224339485168457
2013-11-14,22.93000030517578,13.299739837646484
2013-11-15,23.6200008392334,13.699951171875
2013-11-18,24.579999923706055,14.350940704345703
2013-11-19,23.940000534057617,13.977279663085938
2013-11-20,23.329999923706055,13.621129989624023
2013-11-21,23.489999771118164,13.71454906463623
2013-11-22,23.3799991607666,13.650324821472168
2013-11-25,23.639999389648438,13.802127838134766
2013-11-26,23.850000381469727,13.924736976623535
2013-11-27,23.959999084472656,13.9889554977417
2013-11-29,23.719999313354492,13.84882926940918
2013-12-02,23.809999465942383,13.90137767791748
2013-12-03,23.31999969482422,13.615293502807617
2013-12-04,23.540000915527344,13.743741035461426
2013-12-05,23.600000381469727,13.778768539428711
2013-12-06,24.25,14.158272743225098
2013-12-09,24.43000030517578,14.2633638381958
2013-12-10,24.479999542236328,14.292555809020996
2013-12-11,24.100000381469727,14.070694923400879
2013-12-12,23.969999313354492,13.994791984558105
2013-12-13,23.850000381469727,13.924736976623535
2013-12-16,24.18000030517578,14.11740493774414
2013-12-17,24.350000381469727,14.216657638549805
2013-12-18,24.6299991607666,14.380133628845215
2013-12-19,24.229999542236328,14.14659309387207
2013-12-20,23.68000030517578,13.825481414794922
2013-12-23,23.979999542236328,14.000633239746094
2013-12-24,24.31999969482422,14.199141502380371
2013-12-26,24.190000534057617,14.123241424560547
2013-12-27,24.229999542236328,14.14659309387207
2013-12-30,24.25,14.158272743225098
2013-12-31,24.43000030517578,14.2633638381958
2014-01-02,24.309999465942383,14.193304061889648
2014-01-03,24.079999923706055,14.059019088745117
2014-01-06,23.600000381469727,13.778768539428711
2014-01-07,23.219999313354492,13.556912422180176
2014-01-08,23.149999618530273,13.51604175567627
2014-01-09,23.25,13.574422836303711
2014-01-10,23.950000762939453,13.98311710357666
2014-01-13,24.479999542236328,14.292555809020996
2014-01-14,24.510000228881836,14.310073852539062
2014-01-15,25.670000076293945,14.987336158752441
2014-01-16,26.799999237060547,15.647079467773438
2014-01-17,25.81999969482422,15.074909210205078
2014-01-21,26.84000015258789,15.670434951782227
2014-01-22,26.5,15.471924781799316
2014-01-23,27.5,16.05577850341797
2014-01-24,26.350000381469727,15.384352684020996
2014-01-27,25.3799991607666,14.818016052246094
2014-01-28,26.899999618530273,15.705462455749512
2014-01-29,27.860000610351562,16.265958786010742
2014-01-30,26.899999618530273,15.705462455749512
2014-01-31,26.739999771118164,15.612049102783203
2014-02-03,25.389999389648438,14.82385540008545
2014-02-04,22.56999969482422,13.177410125732422
2014-02-05,22.139999389648438,12.926355361938477
2014-02-06,22.6200008392334,13.2066011428833
2014-02-07,22.09000015258789,12.897164344787598
2014-02-10,22.399999618530273,13.078157424926758
2014-02-11,22.280000686645508,13.008097648620605
2014-02-12,22.5,13.136544227600098
2014-02-13,22.610000610351562,13.200765609741211
2014-02-14,22.709999084472656,13.259150505065918
2014-02-18,22.149999618530273,12.932197570800781
2014-02-19,21.850000381469727,12.757041931152344
2014-02-20,20.940000534057617,12.225741386413574
2014-02-21,20.329999923706055,11.869592666625977
2014-02-24,20.280000686645508,11.84040355682373
2014-02-25,19.979999542236328,11.665246963500977
2014-02-26,20.34000015258789,11.875431060791016
2014-02-27,21.34000015258789,12.459278106689453
2014-02-28,21.540000915527344,12.576051712036133
2014-03-03,21.690000534057617,12.663623809814453
2014-03-04,21.579999923706055,12.599401473999023
2014-03-05,21.059999465942383,12.295798301696777
2014-03-06,21.450000762939453,12.523502349853516
2014-03-07,21.25,12.406731605529785
2014-03-10,21.149999618530273,12.348348617553711
2014-03-11,22.020000457763672,12.856292724609375
2014-03-12,21.68000030517578,12.65778923034668
2014-03-13,21.299999237060547,12.435925483703613
2014-03-14,21.1299991607666,12.336671829223633
2014-03-17,21.399999618530273,12.49431037902832
2014-03-18,21.809999465942383,12.733684539794922
2014-03-19,21.780000686645508,12.716174125671387
2014-03-20,21.739999771118164,12.692817687988281
2014-03-21,21.799999237060547,12.727849960327148
2014-03-24,21.579999923706055,12.599401473999023
2014-03-25,21.40999984741211,12.50014877319336
2014-03-26,21.530000686645508,12.570211410522461
2014-03-27,21.649999618530273,12.640274047851562
2014-03-28,22.049999237060547,12.873812675476074
2014-03-31,22.09000015258789,12.897164344787598
2014-04-01,22.899999618530273,13.370079040527344
2014-04-02,22.93000030517578,13.387594223022461
2014-04-03,23.290000915527344,13.59778118133545
2014-04-04,22.799999237060547,13.31169605255127
2014-04-07,23.15999984741211,13.521878242492676
2014-04-08,23.040000915527344,13.451818466186523
2014-04-09,23.43000030517578,13.67951774597168
2014-04-10,24.18000030517578,14.11740493774414
2014-04-11,24.25,14.158272743225098
2014-04-14,24.299999237060547,14.187463760375977
2014-04-15,23.399999618530273,13.66200065612793
2014-04-16,24.139999389648438,14.094051361083984
2014-04-17,23.90999984741211,13.959762573242188
2014-04-21,23.860000610351562,13.930571556091309
2014-04-22,23.190000534057617,13.539397239685059
2014-04-23,22.760000228881836,13.288338661193848
2014-04-24,22.540000915527344,13.159894943237305
2014-04-25,22.389999389648438,13.072315216064453
2014-04-28,22.219999313354492,12.973064422607422
2014-04-29,22.799999237060547,13.31169605255127
2014-04-30,22.600000381469727,13.194925308227539
2014-05-01,22.65999984741211,13.229955673217773
2014-05-02,23.0,13.42846393585205
2014-05-05,22.559999465942383,13.171571731567383
2014-05-06,22.489999771118164,13.130702018737793
2014-05-07,21.959999084472656,12.821263313293457
2014-05-08,21.530000686645508,12.570211410522461
2014-05-09,21.6299991607666,12.628592491149902
2014-05-12,21.950000762939453,12.815425872802734
2014-05-13,22.229999542236328,12.978904724121094
2014-05-14,22.290000915527344,13.013932228088379
2014-05-15,22.760000228881836,13.288338661193848
2014-05-16,23.329999923706055,13.621129989624023
2014-05-19,23.139999389648438,13.510199546813965
2014-05-20,23.56999969482422,13.76125431060791
2014-05-21,24.450000762939453,14.275043487548828
2014-05-22,24.40999984741211,14.251688957214355
2014-05-23,24.520000457763672,14.315913200378418
2014-05-27,25.18000030517578,14.701249122619629
2014-05-28,25.31999969482422,14.782989501953125
2014-05-29,24.81999969482422,14.491064071655273
2014-05-30,24.81999969482422,14.491064071655273
2014-06-02,24.790000915527344,14.473549842834473
2014-06-03,25.440000534057617,14.85305118560791
2014-06-04,25.260000228881836,14.747955322265625
2014-06-05,24.899999618530273,14.537771224975586
2014-06-06,24.56999969482422,14.345101356506348
2014-06-09,24.850000381469727,14.508576393127441
2014-06-10,24.829999923706055,14.496903419494629
2014-06-11,24.799999237060547,14.479386329650879
2014-06-12,24.8700008392334,14.520254135131836
2014-06-13,25.40999984741211,14.835533142089844
2014-06-16,25.65999984741211,14.981493949890137
2014-06-17,25.889999389648438,15.1157808303833
2014-06-18,25.75,15.034040451049805
2014-06-19,26.18000030517578,15.285093307495117
2014-06-20,26.360000610351562,15.390191078186035
2014-06-23,26.18000030517578,15.285093307495117
2014-06-24,26.350000381469727,15.384352684020996
2014-06-25,26.8799991607666,15.6937837600708
2014-06-26,26.670000076293945,15.57118034362793
2014-06-27,26.75,15.617886543273926
2014-06-30,27.190000534057617,15.874776840209961
2014-07-01,27.030000686645508,16.055349349975586
2014-07-02,26.75,15.889033317565918
2014-07-03,26.8700008392334,15.96031665802002
2014-07-07,27.0,16.03753089904785
2014-07-08,27.690000534057617,16.4473819732666
2014-07-09,27.229999542236328,16.174148559570312
2014-07-10,27.309999465942383,16.22166633605957
2014-07-11,27.93000030517578,16.589937210083008
2014-07-14,28.229999542236328,16.768131256103516
2014-07-15,28.34000015258789,16.833473205566406
2014-07-16,28.420000076293945,16.880985260009766
2014-07-17,28.010000228881836,16.637453079223633
2014-07-18,28.469999313354492,16.910682678222656
2014-07-21,28.059999465942383,16.66715431213379
2014-07-22,27.690000534057617,16.4473819732666
2014-07-23,27.049999237060547,16.067232131958008
2014-07-24,27.8799991607666,16.56023597717285
2014-07-25,27.729999542236328,16.47113609313965
2014-07-28,27.829999923706055,16.530534744262695
2014-07-29,27.700000762939453,16.45332145690918
2014-07-30,27.059999465942383,16.073169708251953
2014-07-31,27.06999969482422,16.07910919189453
2014-08-01,27.3799991607666,16.263242721557617
2014-08-04,27.389999389648438,16.269184112548828
2014-08-05,27.600000381469727,16.3939208984375
2014-08-06,27.729999542236328,16.47113609313965
2014-08-07,28.049999237060547,16.661212921142578
2014-08-08,28.520000457763672,16.940385818481445
2014-08-11,28.690000534057617,17.04136085510254
2014-08-12,29.59000015258789,17.575942993164062
2014-08-13,29.399999618530273,17.463088989257812
2014-08-14,29.1299991607666,17.302719116210938
2014-08-15,29.889999389648438,17.75414276123047
2014-08-18,30.420000076293945,18.06894874572754
2014-08-19,31.260000228881836,18.567901611328125
2014-08-20,30.350000381469727,18.027376174926758
2014-08-21,30.649999618530273,18.205568313598633
2014-08-22,30.479999542236328,18.10459327697754
2014-08-25,30.270000457763672,17.979856491088867
2014-08-26,30.25,17.967979431152344
2014-08-27,30.399999618530273,18.057069778442383
2014-08-28,29.90999984741211,17.76601791381836
2014-08-29,30.520000457763672,18.128353118896484
2014-09-02,31.469999313354492,18.6926326751709
2014-09-03,31.81999969482422,18.900527954101562
2014-09-04,31.649999618530273,18.799549102783203
2014-09-05,31.84000015258789,18.91240882873535
2014-09-08,32.5099983215332,19.310375213623047
2014-09-09,32.439998626708984,19.268796920776367
2014-09-10,32.15999984741211,19.10248565673828
2014-09-11,30.75,18.264963150024414
2014-09-12,31.5,18.710453033447266
2014-09-15,30.780000686645508,18.282787322998047
2014-09-16,30.3799991607666,18.04519271850586
2014-09-17,31.0,18.413463592529297
2014-09-18,31.170000076293945,18.514432907104492
2014-09-19,31.100000381469727,18.472854614257812
2014-09-22,30.610000610351562,18.18181037902832
2014-09-23,30.770000457763672,18.276845932006836
2014-09-24,30.68000030517578,18.223386764526367
2014-09-25,30.309999465942383,18.00361442565918
2014-09-26,30.760000228881836,18.270906448364258
2014-09-29,29.829999923706055,17.7185001373291
2014-09-30,29.75,17.670982360839844
2014-10-01,29.350000381469727,17.433387756347656
2014-10-02,29.0,17.22549819946289
2014-10-03,29.920000076293945,17.77195930480957
2014-10-06,30.280000686645508,17.985795974731445
2014-10-07,30.770000457763672,18.276845932006836
2014-10-08,30.940000534057617,18.377824783325195
2014-10-09,30.190000534057617,17.932331085205078
2014-10-10,28.600000381469727,16.987905502319336
2014-10-13,27.75,16.48301887512207
2014-10-14,27.59000015258789,16.38797950744629
2014-10-15,28.100000381469727,16.690914154052734
2014-10-16,27.809999465942383,16.518651962280273
2014-10-17,28.010000228881836,16.637453079223633
2014-10-20,28.530000686645508,16.946327209472656
2014-10-21,29.020000457763672,17.237377166748047
2014-10-22,28.950000762939453,17.195798873901367
2014-10-23,29.020000457763672,17.237377166748047
2014-10-24,29.09000015258789,17.278949737548828
2014-10-27,28.93000030517578,17.183916091918945
2014-10-28,29.639999389648438,17.60564613342285
2014-10-29,29.5,17.522491455078125
2014-10-30,29.559999465942383,17.55812644958496
2014-10-31,29.489999771118164,17.51654624938965
2014-11-03,29.280000686645508,17.391807556152344
2014-11-04,29.5,17.522491455078125
2014-11-05,29.579999923706055,17.570011138916016
2014-11-06,27.899999618530273,16.572113037109375
2014-11-07,26.6299991607666,15.817755699157715
2014-11-10,27.200000762939453,16.156328201293945
2014-11-11,28.06999969482422,16.673097610473633
2014-11-12,27.75,16.48301887512207
2014-11-13,27.600000381469727,16.3939208984375
2014-11-14,28.149999618530273,16.720609664916992
2014-11-17,27.489999771118164,16.328582763671875
2014-11-18,26.850000381469727,16.038869857788086
2014-11-19,26.920000076293945,16.08068084716797
2014-11-20,26.649999618530273,15.91939926147461
2014-11-21,27.549999237060547,16.457012176513672
2014-11-24,27.520000457763672,16.439090728759766
2014-11-25,27.479999542236328,16.415197372436523
2014-11-26,27.889999389648438,16.660114288330078
2014-11-28,27.969999313354492,16.707902908325195
2014-12-01,27.1299991607666,16.20612335205078
2014-12-02,27.450000762939453,16.397275924682617
2014-12-03,26.889999389648438,16.062763214111328
2014-12-04,27.030000686645508,16.146392822265625
2014-12-05,27.040000915527344,16.152366638183594
2014-12-08,27.31999969482422,16.319622039794922
2014-12-09,27.25,16.277809143066406
2014-12-10,27.510000228881836,16.433120727539062
2014-12-11,27.329999923706055,16.32559585571289
2014-12-12,26.889999389648438,16.062763214111328
2014-12-15,26.780000686645508,15.997052192687988
2014-12-16,26.670000076293945,15.931342124938965
2014-12-17,25.81999969482422,15.423596382141113
2014-12-18,25.559999465942383,15.268282890319824
2014-12-19,26.3799991607666,15.758113861083984
2014-12-22,26.15999984741211,15.626693725585938
2014-12-23,25.950000762939453,15.501254081726074
2014-12-24,26.040000915527344,15.555014610290527
2014-12-26,26.639999389648438,15.913424491882324
2014-12-29,26.299999237060547,15.710322380065918
2014-12-30,26.170000076293945,15.632668495178223
2014-12-31,26.219999313354492,15.662532806396484
2015-01-02,26.100000381469727,15.590856552124023
2015-01-05,25.530000686645508,15.250364303588867
2015-01-06,25.690000534057617,15.34594440460205
2015-01-07,26.950000762939453,16.098602294921875
2015-01-08,28.079999923706055,16.77360725402832
2015-01-09,27.510000228881836,16.433120727539062
2015-01-12,27.56999969482422,16.468955993652344
2015-01-13,27.329999923706055,16.32559585571289
2015-01-14,27.639999389648438,16.51077651977539
2015-01-15,27.06999969482422,16.1702823638916
2015-01-16,26.670000076293945,15.931342124938965
2015-01-20,26.610000610351562,15.895501136779785
2015-01-21,26.790000915527344,16.003028869628906
2015-01-22,26.610000610351562,15.895501136779785
2015-01-23,26.93000030517578,16.08665657043457
2015-01-26,27.329999923706055,16.32559585571289
2015-01-27,27.030000686645508,16.146392822265625
2015-01-28,26.389999389648438,15.764086723327637
2015-01-29,25.860000610351562,15.447490692138672
2015-01-30,25.639999389648438,15.316071510314941
2015-02-02,26.059999465942383,15.566964149475098
2015-02-03,28.450000762939453,16.99462890625
2015-02-04,29.5,17.621850967407227
2015-02-05,29.940000534057617,17.88468360900879
2015-02-06,29.399999618530273,17.562110900878906
2015-02-09,30.350000381469727,18.12959861755371
2015-02-10,30.56999969482422,18.261009216308594
2015-02-11,30.860000610351562,18.434246063232422
2015-02-12,31.75,18.96588706970215
2015-02-13,31.25,18.667211532592773
2015-02-17,30.520000457763672,18.231149673461914
2015-02-18,30.43000030517578,18.177383422851562
2015-02-19,30.3799991607666,18.14751625061035
2015-02-20,29.6200008392334,17.693532943725586
2015-02-23,30.729999542236328,18.356590270996094
2015-02-24,30.649999618530273,18.308799743652344
2015-02-25,30.450000762939453,18.189332962036133
2015-02-26,30.489999771118164,18.21322250366211
2015-02-27,30.579999923706055,18.26698875427246
2015-03-02,31.079999923706055,18.56566047668457
2015-03-03,30.799999237060547,18.398405075073242
2015-03-04,30.690000534057617,18.332691192626953
2015-03-05,31.010000228881836,18.523849487304688
2015-03-06,31.34000015258789,18.72096824645996
2015-03-09,31.139999389648438,18.60150146484375
2015-03-10,29.950000762939453,17.89065933227539
2015-03-11,29.059999465942383,17.3590145111084
2015-03-12,29.729999542236328,17.75923728942871
2015-03-13,27.93000030517578,16.684011459350586
2015-03-16,28.450000762939453,16.99462890625
2015-03-17,27.8700008392334,16.648164749145508
2015-03-18,28.559999465942383,17.060338973999023
2015-03-19,28.559999465942383,17.060338973999023
2015-03-20,28.34000015258789,16.928922653198242
2015-03-23,29.09000015258789,17.376930236816406
2015-03-24,29.34000015258789,17.526269912719727
2015-03-25,29.579999923706055,17.66963768005371
2015-03-26,29.079999923706055,17.37095832824707
2015-03-27,28.56999969482422,17.066312789916992
2015-03-30,28.969999313354492,17.305248260498047
2015-03-31,29.149999618530273,17.412769317626953
2015-04-01,29.049999237060547,17.353042602539062
2015-04-02,29.149999618530273,17.412769317626953
2015-04-06,29.360000610351562,17.538217544555664
2015-04-07,29.290000915527344,17.496402740478516
2015-04-08,30.579999923706055,18.26698875427246
2015-04-09,33.56999969482422,20.053070068359375
2015-04-10,33.380001068115234,19.9395694732666
2015-04-13,34.349998474121094,20.518997192382812
2015-04-14,33.68000030517578,20.118776321411133
2015-04-15,34.349998474121094,20.518997192382812
2015-04-16,34.5099983215332,20.614574432373047
2015-04-17,33.310001373291016,19.897754669189453
2015-04-20,32.52000045776367,19.425844192504883
2015-04-21,33.400001525878906,19.95151710510254
2015-04-22,33.900001525878906,20.250194549560547
2015-04-23,33.72999954223633,20.14864158630371
2015-04-24,33.54999923706055,20.041118621826172
2015-04-27,33.56999969482422,20.053070068359375
2015-04-28,34.59000015258789,20.662363052368164
2015-04-29,34.91999816894531,20.859487533569336
2015-04-30,34.209999084472656,20.435365676879883
2015-05-01,34.59000015258789,20.662363052368164
2015-05-04,34.7599983215332,20.76390838623047
2015-05-05,34.61000061035156,20.6743106842041
2015-05-06,33.7400016784668,20.154617309570312
2015-05-07,32.95000076293945,19.682708740234375
2015-05-08,34.470001220703125,20.59067726135254
2015-05-11,35.45000076293945,21.176088333129883
2015-05-12,34.779998779296875,20.775856018066406
2015-05-13,34.709999084472656,20.73404312133789
2015-05-14,35.599998474121094,21.265684127807617
2015-05-15,34.849998474121094,20.817670822143555
2015-05-18,34.7400016784668,20.751964569091797
2015-05-19,34.400001525878906,20.548866271972656
2015-05-20,34.47999954223633,20.596654891967773
2015-05-21,34.79999923706055,20.78780746459961
2015-05-22,33.43000030517578,19.96943473815918
2015-05-26,32.720001220703125,19.545318603515625
2015-05-27,32.279998779296875,19.282480239868164
2015-05-28,31.520000457763672,18.8284969329834
2015-05-29,31.6200008392334,18.88823127746582
2015-06-01,31.540000915527344,18.840442657470703
2015-06-02,31.34000015258789,18.72096824645996
2015-06-03,31.540000915527344,18.840442657470703
2015-06-04,31.5,18.816547393798828
2015-06-05,30.920000076293945,18.4700870513916
2015-06-08,30.540000915527344,18.24308967590332
2015-06-09,29.649999618530273,17.711450576782227
2015-06-10,29.209999084472656,17.44861602783203
2015-06-11,29.139999389648438,17.406795501708984
2015-06-12,29.489999771118164,17.61587142944336
2015-06-15,28.75,17.1738338470459
2015-06-16,28.139999389648438,16.809452056884766
2015-06-17,28.68000030517578,17.132020950317383
2015-06-18,28.989999771118164,17.31719970703125
2015-06-19,29.25,17.47251319885254
2015-06-22,29.079999923706055,17.37095832824707
2015-06-23,29.68000030517578,17.7293701171875
2015-06-24,29.290000915527344,17.496402740478516
2015-06-25,28.290000915527344,16.8990535736084
2015-06-26,28.25,16.875158309936523
2015-06-29,26.510000228881836,15.835769653320312
2015-06-30,27.739999771118164,16.570507049560547
2015-07-01,27.149999618530273,16.53335952758789
2015-07-02,26.719999313354492,16.271512985229492
2015-07-06,24.540000915527344,14.943967819213867
2015-07-07,23.600000381469727,14.371541023254395
2015-07-08,22.790000915527344,13.878281593322754
2015-07-09,24.600000381469727,14.980504035949707
2015-07-10,25.0,15.224091529846191
2015-07-13,25.350000381469727,15.437227249145508
2015-07-14,24.639999389648438,15.004864692687988
2015-07-15,24.239999771118164,14.76127815246582
2015-07-16,23.989999771118164,14.609039306640625
2015-07-17,24.729999542236328,15.059671401977539
2015-07-20,24.200000762939453,14.736921310424805
2015-07-21,23.719999313354492,14.444616317749023
2015-07-22,23.229999542236328,14.146224975585938
2015-07-23,23.43000030517578,14.268017768859863
2015-07-24,23.280000686645508,14.176674842834473
2015-07-27,22.06999969482422,13.439828872680664
2015-07-28,22.43000030517578,13.659053802490234
2015-07-29,22.59000015258789,13.756488800048828
2015-07-30,22.299999237060547,13.579888343811035
2015-07-31,21.600000381469727,13.15361499786377
2015-08-03,21.1299991607666,12.867400169372559
2015-08-04,21.65999984741211,13.190155029296875
2015-08-05,21.950000762939453,13.366752624511719
2015-08-06,21.15999984741211,12.885672569274902
2015-08-07,21.229999542236328,12.92829704284668
2015-08-10,21.739999771118164,13.238870620727539
2015-08-11,22.110000610351562,13.46418571472168
2015-08-12,21.799999237060547,13.275409698486328
2015-08-13,19.75,12.027031898498535
2015-08-14,18.719999313354492,11.399798393249512
2015-08-17,18.549999237060547,11.296277046203613
2015-08-18,17.489999771118164,10.650771141052246
2015-08-19,18.010000228881836,10.967435836791992
2015-08-20,17.3799991607666,10.583786010742188
2015-08-21,16.90999984741211,10.297574043273926
2015-08-24,16.049999237060547,9.77386474609375
2015-08-25,16.350000381469727,9.956557273864746
2015-08-26,16.200000762939453,9.865212440490723
2015-08-27,16.559999465942383,10.084436416625977
2015-08-28,17.209999084472656,10.480264663696289
2015-08-31,16.190000534057617,9.85912036895752
2015-09-01,15.649999618530273,9.530282974243164
2015-09-02,15.59000015258789,9.493742942810059
2015-09-03,15.859999656677246,9.658164024353027
2015-09-04,16.06999969482422,9.786046981811523
2015-09-08,17.5,10.656862258911133
2015-09-09,17.280000686645508,10.522889137268066
2015-09-10,16.719999313354492,10.181869506835938
2015-09-11,16.950000762939453,10.321934700012207
2015-09-14,16.850000381469727,10.261035919189453
2015-09-15,17.360000610351562,10.57160758972168
2015-09-16,18.1299991607666,11.040510177612305
2015-09-17,19.049999237060547,11.600754737854004
2015-09-18,18.280000686645508,11.131855964660645
2015-09-21,18.190000534057617,11.07705020904541
2015-09-22,17.579999923706055,10.705580711364746
2015-09-23,17.18000030517578,10.461995124816895
2015-09-24,16.8700008392334,10.273218154907227
2015-09-25,16.799999237060547,10.230589866638184
2015-09-28,16.559999465942383,10.084436416625977
2015-09-29,15.960000038146973,9.719060897827148
2015-09-30,16.81999969482422,10.242767333984375
2015-10-01,16.90999984741211,10.297574043273926
2015-10-02,17.450000762939453,10.62641429901123
2015-10-05,17.770000457763672,10.821282386779785
2015-10-06,17.049999237060547,10.382827758789062
2015-10-07,17.75,10.809103965759277
2015-10-08,17.81999969482422,10.851731300354004
2015-10-09,18.110000610351562,11.02833366394043
2015-10-12,19.360000610351562,11.789535522460938
2015-10-13,19.639999389648438,11.960044860839844
2015-10-14,19.25,11.722548484802246
2015-10-15,19.75,12.027031898498535
2015-10-16,19.219999313354492,11.704279899597168
2015-10-19,18.450000762939453,11.235381126403809
2015-10-20,18.719999313354492,11.399798393249512
2015-10-21,18.579999923706055,11.314542770385742
2015-10-22,18.18000030517578,11.070960998535156
2015-10-23,18.5,11.265828132629395
2015-10-26,18.510000228881836,11.271916389465332
2015-10-27,18.209999084472656,11.089227676391602
2015-10-28,17.899999618530273,10.9004487991333
2015-10-29,18.1299991607666,11.040510177612305
2015-10-30,18.540000915527344,11.29018497467041
2015-11-02,18.90999984741211,11.515501022338867
2015-11-03,19.290000915527344,11.746907234191895
2015-11-04,19.579999923706055,11.923507690429688
2015-11-05,19.739999771118164,12.020941734313965
2015-11-06,19.440000534057617,11.838253021240234
2015-11-09,19.280000686645508,11.740819931030273
2015-11-10,18.559999465942383,11.302364349365234
2015-11-11,18.700000762939453,11.387619972229004
2015-11-12,19.579999923706055,11.923507690429688
2015-11-13,20.799999237060547,12.666444778442383
2015-11-16,21.719999313354492,13.226689338684082
2015-11-17,21.84000015258789,13.299768447875977
2015-11-18,21.700000762939453,13.214510917663574
2015-11-19,21.760000228881836,13.25104808807373
2015-11-20,21.950000762939453,13.366752624511719
2015-11-23,21.520000457763672,13.198094367980957
2015-11-24,22.440000534057617,13.762330055236816
2015-11-25,22.200000762939453,13.615133285522461
2015-11-27,20.920000076293945,12.830121040344238
2015-11-30,21.5,13.185829162597656
2015-12-01,21.719999313354492,13.32075309753418
2015-12-02,21.420000076293945,13.13676643371582
2015-12-03,21.25,13.032504081726074
2015-12-04,21.600000381469727,13.247159004211426
2015-12-07,21.850000381469727,13.400483131408691
2015-12-08,21.459999084472656,13.161296844482422
2015-12-09,21.200000762939453,13.001842498779297
2015-12-10,20.520000457763672,12.58480167388916
2015-12-11,20.34000015258789,12.474407196044922
2015-12-14,20.360000610351562,12.486673355102539
2015-12-15,20.530000686645508,12.590934753417969
2015-12-16,20.989999771118164,12.873050689697266
2015-12-17,20.43000030517578,12.529603004455566
2015-12-18,20.389999389648438,12.505072593688965
2015-12-21,20.6200008392334,12.646130561828613
2015-12-22,20.6299991607666,12.652263641357422
2015-12-23,21.1200008392334,12.952777862548828
2015-12-24,20.90999984741211,12.823987007141113
2015-12-28,20.600000381469727,12.633865356445312
2015-12-29,20.489999771118164,12.56640338897705
2015-12-30,20.239999771118164,12.413079261779785
2015-12-31,20.079999923706055,12.314950942993164
2016-01-04,18.93000030517578,11.609662055969238
2016-01-05,18.860000610351562,11.56673526763916
2016-01-06,18.030000686645508,11.057698249816895
2016-01-07,17.68000030517578,10.84304428100586
2016-01-08,17.93000030517578,10.996370315551758
2016-01-11,17.6299991607666,10.81238079071045
2016-01-12,17.549999237060547,10.763317108154297
2016-01-13,16.8700008392334,10.346277236938477
2016-01-14,17.280000686645508,10.597725868225098
2016-01-15,16.09000015258789,9.86790657043457
2016-01-19,17.100000381469727,10.487334251403809
2016-01-20,16.579999923706055,10.168420791625977
2016-01-21,16.530000686645508,10.13775634765625
2016-01-22,17.020000457763672,10.438271522521973
2016-01-25,17.489999771118164,10.726516723632812
2016-01-26,17.6299991607666,10.81238079071045
2016-01-27,17.489999771118164,10.726516723632812
2016-01-28,17.34000015258789,10.634525299072266
2016-01-29,17.639999389648438,10.818512916564941
2016-02-01,18.06999969482422,11.082230567932129
2016-02-02,18.479999542236328,11.333681106567383
2016-02-03,17.18000030517578,10.536397933959961
2016-02-04,17.299999237060547,10.609991073608398
2016-02-05,17.0,10.426004409790039
2016-02-08,16.68000030517578,10.22974967956543
2016-02-09,16.5,10.11935806274414
2016-02-10,16.639999389648438,10.205219268798828
2016-02-11,15.90999984741211,9.757513999938965
2016-02-12,16.5,10.11935806274414
2016-02-16,16.690000534057617,10.235885620117188
2016-02-17,17.0,10.426004409790039
2016-02-18,16.899999618530273,10.364675521850586
2016-02-19,17.100000381469727,10.487334251403809
2016-02-22,17.56999969482422,10.775582313537598
2016-02-23,17.020000457763672,10.438271522521973
2016-02-24,16.75,10.272682189941406
2016-02-25,16.739999771118164,10.266547203063965
2016-02-26,16.8799991607666,10.352408409118652
2016-02-29,16.770000457763672,10.284947395324707
2016-03-01,17.1200008392334,10.499600410461426
2016-03-02,16.420000076293945,10.070294380187988
2016-03-03,16.56999969482422,10.162286758422852
2016-03-04,17.049999237060547,10.45666790008545
2016-03-07,16.829999923706055,10.321744918823242
2016-03-08,16.450000762939453,10.08869457244873
2016-03-09,16.43000030517578,10.07642650604248
2016-03-10,16.100000381469727,9.874040603637695
2016-03-11,16.719999313354492,10.254280090332031
2016-03-14,16.850000381469727,10.334009170532227
2016-03-15,16.860000610351562,10.340143203735352
2016-03-16,16.93000030517578,10.383074760437012
2016-03-17,16.790000915527344,10.297213554382324
2016-03-18,16.31999969482422,10.008963584899902
2016-03-21,16.15999984741211,9.91083812713623
2016-03-22,16.3799991607666,10.045762062072754
2016-03-23,16.030000686645508,9.831109046936035
2016-03-24,15.680000305175781,9.616456031799316
2016-03-28,15.75,9.659387588500977
2016-03-29,15.640000343322754,9.591926574707031
2016-03-30,15.84000015258789,9.714582443237305
2016-03-31,15.539999961853027,9.530595779418945
2016-04-01,15.25,9.352738380432129
2016-04-04,15.180000305175781,9.309809684753418
2016-04-05,14.569999694824219,8.935697555541992
2016-04-06,14.630000114440918,8.97249698638916
2016-04-07,14.529999732971191,8.911169052124023
2016-04-08,15.100000381469727,9.26074504852295
2016-04-11,15.050000190734863,9.230082511901855
2016-04-12,15.640000343322754,9.591926574707031
2016-04-13,15.979999542236328,9.800444602966309
2016-04-14,16.5,10.11935806274414
2016-04-15,16.440000534057617,10.082562446594238
2016-04-18,16.579999923706055,10.168420791625977
2016-04-19,16.809999465942383,10.309476852416992
2016-04-20,16.459999084472656,10.094825744628906
2016-04-21,16.280000686645508,9.984432220458984
2016-04-22,16.110000610351562,9.880173683166504
2016-04-25,16.299999237060547,9.996700286865234
2016-04-26,16.6200008392334,10.192954063415527
2016-04-27,16.489999771118164,10.1132230758667
2016-04-28,16.440000534057617,10.082562446594238
2016-04-29,15.720000267028809,9.64098834991455
2016-05-02,15.729999542236328,9.64712142944336
2016-05-03,14.979999542236328,9.187150955200195
2016-05-04,14.850000381469727,9.107422828674316
2016-05-05,14.859999656677246,9.113553047180176
2016-05-06,14.539999961853027,8.917299270629883
2016-05-09,14.3100004196167,8.776243209838867
2016-05-10,13.449999809265137,8.248808860778809
2016-05-11,13.3100004196167,8.162948608398438
2016-05-12,13.149999618530273,8.0648193359375
2016-05-13,12.6899995803833,7.782705307006836
2016-05-16,13.3100004196167,8.162948608398438
2016-05-17,13.130000114440918,8.052555084228516
2016-05-18,12.800000190734863,7.850169658660889
2016-05-19,12.789999961853027,7.8440351486206055
2016-05-20,12.699999809265137,7.788840293884277
2016-05-23,12.479999542236328,7.6539130210876465
2016-05-24,12.649999618530273,7.758174419403076
2016-05-25,12.9399995803833,7.93602991104126
2016-05-26,12.300000190734863,7.543520450592041
2016-05-27,12.319999694824219,7.555787086486816
2016-05-31,12.34000015258789,7.568052291870117
2016-06-01,11.979999542236328,7.3472676277160645
2016-06-02,11.6899995803833,7.169412136077881
2016-06-03,12.020000457763672,7.371800422668457
2016-06-06,12.020000457763672,7.371800422668457
2016-06-07,12.119999885559082,7.4331278800964355
2016-06-08,12.359999656677246,7.580318450927734
2016-06-09,12.34000015258789,7.568052291870117
2016-06-10,12.390000343322754,7.598718166351318
2016-06-13,12.569999694824219,7.709109783172607
2016-06-14,12.170000076293945,7.4637932777404785
2016-06-15,12.15999984741211,7.457660675048828
2016-06-16,12.119999885559082,7.4331278800964355
2016-06-17,12.229999542236328,7.500592231750488
2016-06-20,12.260000228881836,7.5189900398254395
2016-06-21,12.109999656677246,7.426993370056152
2016-06-22,12.279999732971191,7.53125524520874
2016-06-23,12.479999542236328,7.6539130210876465
2016-06-24,11.949999809265137,7.328868389129639
2016-06-27,11.710000038146973,7.181678295135498
2016-06-28,11.8100004196167,7.243006706237793
2016-06-29,12.050000190734863,7.390198230743408
2016-06-30,12.079999923706055,7.408596515655518
2016-07-01,12.239999771118164,7.506723403930664
2016-07-05,11.970000267028809,7.341134071350098
2016-07-06,11.9399995803833,7.322734832763672
2016-07-07,11.380000114440918,7.302201271057129
2016-07-08,11.649999618530273,7.475452423095703
2016-07-11,11.65999984741211,7.481868743896484
2016-07-12,11.880000114440918,7.6230363845825195
2016-07-13,11.8100004196167,7.578119277954102
2016-07-14,12.210000038146973,7.8347883224487305
2016-07-15,12.210000038146973,7.8347883224487305
2016-07-18,13.050000190734863,8.373790740966797
2016-07-19,12.960000038146973,8.3160400390625
2016-07-20,13.449999809265137,8.630456924438477
2016-07-21,13.460000038146973,8.636874198913574
2016-07-22,13.579999923706055,8.713875770568848
2016-07-25,13.170000076293945,8.450791358947754
2016-07-26,13.109999656677246,8.4122896194458
2016-07-27,13.300000190734863,8.534208297729492
2016-07-28,13.119999885559082,8.418706893920898
2016-07-29,12.979999542236328,8.328872680664062
2016-08-01,12.859999656677246,8.251872062683105
2016-08-02,12.859999656677246,8.251872062683105
2016-08-03,13.039999961853027,8.3673734664917
2016-08-04,13.119999885559082,8.418706893920898
2016-08-05,13.270000457763672,8.514957427978516
2016-08-08,13.859999656677246,8.893542289733887
2016-08-09,13.90999984741211,8.92562484741211
2016-08-10,13.770000457763672,8.835792541503906
2016-08-11,13.779999732971191,8.842209815979004
2016-08-12,13.84000015258789,8.88071060180664
2016-08-15,14.109999656677246,9.053960800170898
2016-08-16,13.949999809265137,8.951292991638184
2016-08-17,13.75,8.822958946228027
2016-08-18,14.239999771118164,9.137377738952637
2016-08-19,13.510000228881836,8.668960571289062
2016-08-22,13.369999885559082,8.579126358032227
2016-08-23,13.399999618530273,8.598374366760254
2016-08-24,13.239999771118164,8.495708465576172
2016-08-25,13.140000343322754,8.431541442871094
2016-08-26,13.199999809265137,8.470041275024414
2016-08-29,13.359999656677246,8.572707176208496
2016-08-30,13.4399995803833,8.624040603637695
2016-08-31,13.34000015258789,8.559874534606934
2016-09-01,13.640000343322754,8.752373695373535
2016-09-02,13.729999542236328,8.810125350952148
2016-09-06,14.0600004196167,9.021878242492676
2016-09-07,13.949999809265137,8.951292991638184
2016-09-08,13.970000267028809,8.964126586914062
2016-09-09,13.609999656677246,8.733126640319824
2016-09-12,13.579999923706055,8.713875770568848
2016-09-13,13.270000457763672,8.514957427978516
2016-09-14,13.270000457763672,8.514957427978516
2016-09-15,13.34000015258789,8.559874534606934
2016-09-16,13.289999961853027,8.527791976928711
2016-09-19,13.3100004196167,8.54062557220459
2016-09-20,13.300000190734863,8.534208297729492
2016-09-21,13.449999809265137,8.630456924438477
2016-09-22,13.489999771118164,8.65612506866455
2016-09-23,13.359999656677246,8.572707176208496
2016-09-26,13.100000381469727,8.405875205993652
2016-09-27,13.239999771118164,8.495708465576172
2016-09-28,13.3100004196167,8.54062557220459
2016-09-29,13.15999984741211,8.444375038146973
2016-09-30,13.300000190734863,8.534208297729492
2016-10-03,13.220000267028809,8.482874870300293
2016-10-04,13.140000343322754,8.431541442871094
2016-10-05,13.5,8.662540435791016
2016-10-06,13.489999771118164,8.65612506866455
2016-10-07,13.229999542236328,8.489291191101074
2016-10-10,13.369999885559082,8.579126358032227
2016-10-11,13.100000381469727,8.405875205993652
2016-10-12,13.210000038146973,8.476457595825195
2016-10-13,13.079999923706055,8.39303970336914
2016-10-14,13.199999809265137,8.470041275024414
2016-10-17,13.020000457763672,8.35453987121582
2016-10-18,13.140000343322754,8.431541442871094
2016-10-19,13.149999618530273,8.437956809997559
2016-10-20,13.109999656677246,8.4122896194458
2016-10-21,13.1899995803833,8.463624000549316
2016-10-24,13.0600004196167,8.380205154418945
2016-10-25,13.079999923706055,8.39303970336914
2016-10-26,13.029999732971191,8.360958099365234
2016-10-27,12.890000343322754,8.271123886108398
2016-10-28,12.770000457763672,8.194124221801758
2016-10-31,12.770000457763672,8.194124221801758
2016-11-01,12.65999984741211,8.123539924621582
2016-11-02,12.529999732971191,8.040122032165527
2016-11-03,12.4399995803833,7.982371807098389
2016-11-04,12.350000381469727,7.924623012542725
2016-11-07,12.510000228881836,8.027289390563965
2016-11-08,12.539999961853027,8.046538352966309
2016-11-09,12.390000343322754,7.95028829574585
2016-11-10,12.270000457763672,7.873286247253418
2016-11-11,12.199999809265137,7.828369617462158
2016-11-14,12.149999618530273,7.796286582946777
2016-11-15,12.300000190734863,7.892538547515869
2016-11-16,12.100000381469727,7.764204978942871
2016-11-17,12.210000038146973,7.8347883224487305
2016-11-18,12.180000305175781,7.815537452697754
2016-11-21,12.1899995803833,7.821954727172852
2016-11-22,12.5,8.020872116088867
2016-11-23,12.380000114440918,7.943872928619385
2016-11-25,12.430000305175781,7.975953578948975
2016-11-28,12.449999809265137,7.98878812789917
2016-11-29,12.40999984741211,7.963120937347412
2016-11-30,12.390000343322754,8.05084228515625
2016-12-01,12.300000190734863,7.992362022399902
2016-12-02,12.300000190734863,7.992362022399902
2016-12-05,12.260000228881836,7.966370582580566
2016-12-06,12.25,7.959871292114258
2016-12-07,12.329999923706055,8.011852264404297
2016-12-08,12.220000267028809,7.940380096435547
2016-12-09,12.229999542236328,7.946876525878906
2016-12-12,12.119999885559082,7.875401020050049
2016-12-13,12.270000457763672,7.972867965698242
2016-12-14,12.010000228881836,7.803924560546875
2016-12-15,12.020000457763672,7.810421466827393
2016-12-16,11.979999542236328,7.784430980682373
2016-12-19,12.010000228881836,7.803924560546875
2016-12-20,11.979999542236328,7.784430980682373
2016-12-21,11.930000305175781,7.751941204071045
2016-12-22,11.869999885559082,7.712953567504883
2016-12-23,11.850000381469727,7.6999592781066895
2016-12-27,11.880000114440918,7.719452381134033
2016-12-28,11.859999656677246,7.706455230712891
2016-12-29,11.869999885559082,7.712953567504883
2016-12-30,12.0,7.797425270080566
2017-01-03,12.289999961853027,7.98586368560791
2017-01-04,12.649999618530273,8.219786643981934
2017-01-05,12.869999885559082,8.362740516662598
2017-01-06,12.710000038146973,8.258774757385254
2017-01-09,12.890000343322754,8.37573528289795
2017-01-10,12.970000267028809,8.427718162536621
2017-01-11,12.930000305175781,8.401725769042969
2017-01-12,13.180000305175781,8.56417179107666
2017-01-13,13.180000305175781,8.56417179107666
2017-01-17,13.25,8.609658241271973
2017-01-18,13.279999732971191,8.629150390625
2017-01-19,13.130000114440918,8.531683921813965
2017-01-20,13.039999961853027,8.4732027053833
2017-01-23,12.920000076293945,8.395227432250977
2017-01-24,12.779999732971191,8.3042573928833
2017-01-25,12.949999809265137,8.414722442626953
2017-01-26,13.149999618530273,8.544679641723633
2017-01-27,13.079999923706055,8.499195098876953
2017-01-30,13.020000457763672,8.460209846496582
2017-01-31,13.029999732971191,8.466704368591309
2017-02-01,12.989999771118164,8.440713882446289
2017-02-02,12.890000343322754,8.37573528289795
2017-02-03,12.850000381469727,8.349742889404297
2017-02-06,12.920000076293945,8.395227432250977
2017-02-07,12.90999984741211,8.388731956481934
2017-02-08,13.239999771118164,8.60315990447998
2017-02-09,13.300000190734863,8.642148971557617
2017-02-10,13.420000076293945,8.720123291015625
2017-02-13,13.4399995803833,8.733116149902344
2017-02-14,13.369999885559082,8.687631607055664
2017-02-15,13.449999809265137,8.739614486694336
2017-02-16,12.270000457763672,7.972867965698242
2017-02-17,12.100000381469727,7.862405776977539
2017-02-21,12.140000343322754,7.888395309448242
2017-02-22,11.970000267028809,7.777933597564697
2017-02-23,11.960000038146973,7.771435260772705
2017-02-24,12.069999694824219,7.8429107666015625
2017-02-27,11.989999771118164,7.790928363800049
2017-02-28,11.9399995803833,7.758439064025879
2017-03-01,12.029999732971191,7.816920280456543
2017-03-02,11.819999694824219,7.680463790893555
2017-03-03,11.970000267028809,7.777933597564697
2017-03-06,11.9399995803833,7.758439064025879
2017-03-07,12.020000457763672,7.810421466827393
2017-03-08,11.970000267028809,7.777933597564697
2017-03-09,11.930000305175781,7.751941204071045
2017-03-10,11.979999542236328,7.784430980682373
2017-03-13,12.039999961853027,7.823418617248535
2017-03-14,12.109999656677246,7.868902206420898
2017-03-15,12.289999961853027,7.98586368560791
2017-03-16,12.3100004196167,7.998859882354736
2017-03-17,12.449999809265137,8.089829444885254
2017-03-20,12.5600004196167,8.16130542755127
2017-03-21,12.40999984741211,8.063838005065918
2017-03-22,12.539999961853027,8.148310661315918
2017-03-23,12.619999885559082,8.200292587280273
2017-03-24,12.600000381469727,8.187297821044922
2017-03-27,12.569999694824219,8.167802810668945
2017-03-28,13.050000190734863,8.479700088500977
2017-03-29,13.109999656677246,8.518688201904297
2017-03-30,13.0,8.447211265563965
2017-03-31,13.130000114440918,8.531683921813965
2017-04-03,13.34000015258789,8.66813850402832
2017-04-04,13.359999656677246,8.681135177612305
2017-04-05,13.619999885559082,8.850080490112305
2017-04-06,13.4399995803833,8.733116149902344
2017-04-07,13.850000381469727,8.999529838562012
2017-04-10,13.40999984741211,8.713624000549316
2017-04-11,13.039999961853027,8.4732027053833
2017-04-12,13.039999961853027,8.4732027053833
2017-04-13,12.970000267028809,8.427718162536621
2017-04-17,13.0,8.447211265563965
2017-04-18,12.729999542236328,8.271768569946289
2017-04-19,12.6899995803833,8.245779037475586
2017-04-20,12.729999542236328,8.271768569946289
2017-04-21,12.920000076293945,8.395227432250977
2017-04-24,13.0,8.447211265563965
2017-04-25,13.109999656677246,8.518688201904297
2017-04-26,13.029999732971191,8.466704368591309
2017-04-27,12.84000015258789,8.343244552612305
2017-04-28,12.819999694824219,8.330249786376953
2017-05-01,12.819999694824219,8.330249786376953
2017-05-02,12.8100004196167,8.323751449584961
2017-05-03,12.770000457763672,8.297760009765625
2017-05-04,12.609999656677246,8.193795204162598
2017-05-05,12.619999885559082,8.200292587280273
2017-05-08,12.59000015258789,8.18079948425293
2017-05-09,12.6899995803833,8.245779037475586
2017-05-10,12.760000228881836,8.291263580322266
2017-05-11,12.640000343322754,8.21329116821289
2017-05-12,12.619999885559082,8.200292587280273
2017-05-15,12.680000305175781,8.239280700683594
2017-05-16,12.720000267028809,8.265271186828613
2017-05-17,12.640000343322754,8.21329116821289
2017-05-18,12.779999732971191,8.3042573928833
2017-05-19,12.760000228881836,8.291263580322266
2017-05-22,12.699999809265137,8.252277374267578
2017-05-23,12.520000457763672,8.135313987731934
2017-05-24,12.489999771118164,8.115821838378906
2017-05-25,12.90999984741211,8.388731956481934
2017-05-26,12.520000457763672,8.135313987731934
2017-05-30,12.649999618530273,8.219786643981934
2017-05-31,13.029999732971191,8.466704368591309
2017-06-01,13.050000190734863,8.479700088500977
2017-06-02,13.039999961853027,8.4732027053833
2017-06-05,12.970000267028809,8.427718162536621
2017-06-06,12.899999618530273,8.382232666015625
2017-06-07,12.930000305175781,8.401725769042969
2017-06-08,13.180000305175781,8.56417179107666
2017-06-09,13.100000381469727,8.512191772460938
2017-06-12,13.020000457763672,8.460209846496582
2017-06-13,13.100000381469727,8.512191772460938
2017-06-14,13.039999961853027,8.4732027053833
2017-06-15,12.890000343322754,8.37573528289795
2017-06-16,12.899999618530273,8.382232666015625
2017-06-19,12.899999618530273,8.382232666015625
2017-06-20,12.800000190734863,8.317254066467285
2017-06-21,12.789999961853027,8.310755729675293
2017-06-22,12.850000381469727,8.349742889404297
2017-06-23,12.829999923706055,8.336750030517578
2017-06-26,12.829999923706055,8.336750030517578
2017-06-27,12.770000457763672,8.297760009765625
2017-06-28,12.800000190734863,8.317254066467285
2017-06-29,12.670000076293945,8.232783317565918
2017-06-30,12.710000038146973,8.258774757385254
2017-07-03,12.760000228881836,8.291263580322266
2017-07-05,12.770000457763672,8.297760009765625
2017-07-06,12.109999656677246,8.206948280334473
2017-07-07,12.199999809265137,8.26794147491455
2017-07-10,12.300000190734863,8.335711479187012
2017-07-11,12.279999732971191,8.322158813476562
2017-07-12,12.4399995803833,8.430590629577637
2017-07-13,12.460000038146973,8.444144248962402
2017-07-14,12.510000228881836,8.478028297424316
2017-07-17,12.420000076293945,8.417036056518555
2017-07-18,12.380000114440918,8.389927864074707
2017-07-19,12.420000076293945,8.417036056518555
2017-07-20,12.449999809265137,8.43736743927002
2017-07-21,12.630000114440918,8.559354782104492
2017-07-24,12.619999885559082,8.55257511138916
2017-07-25,12.5600004196167,8.511913299560547
2017-07-26,12.520000457763672,8.4848051071167
2017-07-27,12.4399995803833,8.430590629577637
2017-07-28,12.369999885559082,8.38315200805664
2017-07-31,12.3100004196167,8.342491149902344
2017-08-01,12.319999694824219,8.349266052246094
2017-08-02,12.319999694824219,8.349266052246094
2017-08-03,12.34000015258789,8.362820625305176
2017-08-04,12.300000190734863,8.335711479187012
2017-08-07,12.270000457763672,8.315381050109863
2017-08-08,12.260000228881836,8.30860424041748
2017-08-09,12.260000228881836,8.30860424041748
2017-08-10,12.050000190734863,8.166287422180176
2017-08-11,12.020000457763672,8.145956039428711
2017-08-14,12.039999961853027,8.159510612487793
2017-08-15,11.90999984741211,8.071409225463867
2017-08-16,11.930000305175781,8.08496379852295
2017-08-17,11.880000114440918,8.051078796386719
2017-08-18,11.520000457763672,7.807107925415039
2017-08-21,11.199999809265137,7.5902419090271
2017-08-22,11.130000114440918,7.54280424118042
2017-08-23,11.039999961853027,7.481810092926025
2017-08-24,10.989999771118164,7.447925567626953
2017-08-25,11.079999923706055,7.508917808532715
2017-08-28,10.899999618530273,7.386933326721191
2017-08-29,10.90999984741211,7.393709659576416
2017-08-30,10.920000076293945,7.400485038757324
2017-08-31,10.869999885559082,7.366601467132568
2017-09-01,10.84000015258789,7.346270561218262
2017-09-05,10.649999618530273,7.217506408691406
2017-09-06,10.680000305175781,7.237837791442871
2017-09-07,10.539999961853027,7.142958641052246
2017-09-08,10.630000114440918,7.203953742980957
2017-09-11,10.819999694824219,7.332713603973389
2017-09-12,10.890000343322754,7.380154609680176
2017-09-13,10.8100004196167,7.325938701629639
2017-09-14,10.800000190734863,7.319162368774414
2017-09-15,10.789999961853027,7.312385559082031
2017-09-18,10.699999809265137,7.251392841339111
2017-09-19,10.649999618530273,7.217506408691406
2017-09-20,10.630000114440918,7.203953742980957
2017-09-21,10.649999618530273,7.217506408691406
2017-09-22,10.649999618530273,7.217506408691406
2017-09-25,10.569999694824219,7.1632914543151855
2017-09-26,10.619999885559082,7.197175025939941
2017-09-27,11.0,7.454702377319336
2017-09-28,10.970000267028809,7.434370994567871
2017-09-29,10.989999771118164,7.447925567626953
2017-10-02,11.0600004196167,7.495362758636475
2017-10-03,11.15999984741211,7.563133716583252
2017-10-04,11.0,7.454702377319336
2017-10-05,11.0,7.454702377319336
2017-10-06,11.050000190734863,7.48858642578125
2017-10-09,11.109999656677246,7.529247760772705
2017-10-10,11.170000076293945,7.569911479949951
2017-10-11,11.050000190734863,7.48858642578125
2017-10-12,11.109999656677246,7.529247760772705
2017-10-13,11.4399995803833,7.752887725830078
2017-10-16,11.550000190734863,7.827436923980713
2017-10-17,11.5,7.793553352355957
2017-10-18,11.5,7.793553352355957
2017-10-19,11.449999809265137,7.75966739654541
2017-10-20,11.640000343322754,7.888429641723633
2017-10-23,11.630000114440918,7.881654262542725
2017-10-24,11.579999923706055,7.847768306732178
2017-10-25,11.5600004196167,7.8342156410217285
2017-10-26,11.75,7.962977886199951
2017-10-27,11.779999732971191,7.983307361602783
2017-10-30,11.600000381469727,7.861320972442627
2017-10-31,11.539999961853027,7.820659160614014
2017-11-01,11.5600004196167,7.8342156410217285
2017-11-02,12.100000381469727,8.200173377990723
2017-11-03,11.5600004196167,7.8342156410217285
2017-11-06,11.600000381469727,7.861320972442627
2017-11-07,11.5600004196167,7.8342156410217285
2017-11-08,11.699999809265137,7.92909049987793
2017-11-09,11.600000381469727,7.861320972442627
2017-11-10,11.630000114440918,7.881654262542725
2017-11-13,11.539999961853027,7.820659160614014
2017-11-14,11.539999961853027,7.820659160614014
2017-11-15,11.390000343322754,7.719005107879639
2017-11-16,11.3100004196167,7.66478967666626
2017-11-17,11.25,7.624125957489014
2017-11-20,11.220000267028809,7.709327697753906
2017-11-21,11.25,7.729940414428711
2017-11-22,11.279999732971191,7.750555038452148
2017-11-24,11.390000343322754,7.826135635375977
2017-11-27,11.300000190734863,7.764297962188721
2017-11-28,11.199999809265137,7.69558572769165
2017-11-29,11.260000228881836,7.736811637878418
2017-11-30,11.3100004196167,7.771168231964111
2017-12-01,11.239999771118164,7.7230706214904785
2017-12-04,11.149999618530273,7.661229610443115
2017-12-05,11.140000343322754,7.654359817504883
2017-12-06,11.079999923706055,7.613133430480957
2017-12-07,10.970000267028809,7.537551403045654
2017-12-08,10.930000305175781,7.510066986083984
2017-12-11,10.960000038146973,7.530681133270264
2017-12-12,10.880000114440918,7.475711345672607
2017-12-13,10.989999771118164,7.551293849945068
2017-12-14,10.899999618530273,7.489455223083496
2017-12-15,10.960000038146973,7.530681133270264
2017-12-18,10.920000076293945,7.503195285797119
2017-12-19,11.039999961853027,7.585649013519287
2017-12-20,11.0600004196167,7.599390029907227
2017-12-21,11.279999732971191,7.750555038452148
2017-12-22,11.65999984741211,8.011652946472168
2017-12-26,11.600000381469727,7.970427513122559
2017-12-27,11.539999961853027,7.929200649261475
2017-12-28,11.430000305175781,7.8536200523376465
2017-12-29,11.239999771118164,7.7230706214904785
2018-01-02,11.260000228881836,7.736811637878418
2018-01-03,11.649999618530273,8.004782676696777
2018-01-04,11.680000305175781,8.025398254394531
2018-01-05,11.630000114440918,7.991042613983154
2018-01-08,11.850000381469727,8.142204284667969
2018-01-09,11.850000381469727,8.142204284667969
2018-01-10,11.65999984741211,8.011652946472168
2018-01-11,11.529999732971191,7.922330856323242
2018-01-12,11.630000114440918,7.991042613983154
2018-01-16,11.5,7.901718616485596
2018-01-17,11.5,7.901718616485596
2018-01-18,11.619999885559082,7.984169960021973
2018-01-19,11.65999984741211,8.011652946472168
2018-01-22,11.619999885559082,7.984169960021973
2018-01-23,11.649999618530273,8.004782676696777
2018-01-24,11.899999618530273,8.176559448242188
2018-01-25,12.039999961853027,8.27275562286377
2018-01-26,11.899999618530273,8.176559448242188
2018-01-29,11.75,8.073493957519531
2018-01-30,11.680000305175781,8.025398254394531
2018-01-31,11.489999771118164,7.894845485687256
2018-02-01,11.180000305175781,7.681844234466553
2018-02-02,10.9399995803833,7.516937732696533
2018-02-05,10.8100004196167,7.427614212036133
2018-02-06,10.720000267028809,7.3657755851745605
2018-02-07,10.5,7.214611053466797
2018-02-08,10.34000015258789,7.104673385620117
2018-02-09,10.140000343322754,6.967253684997559
2018-02-12,10.039999961853027,6.898543834686279
2018-02-13,9.819999694824219,6.747379302978516
2018-02-14,9.979999542236328,6.857316017150879
2018-02-15,10.029999732971191,6.891670227050781
2018-02-16,10.130000114440918,6.960382461547852
2018-02-20,10.15999984741211,6.9809956550598145
2018-02-21,10.149999618530273,6.974123954772949
2018-02-22,10.109999656677246,6.946639537811279
2018-02-23,10.260000228881836,7.049705505371094
2018-02-26,10.4399995803833,7.1733856201171875
2018-02-27,10.4399995803833,7.1733856201171875
2018-02-28,10.390000343322754,7.139029026031494
2018-03-01,10.319999694824219,7.090932846069336
2018-03-02,10.369999885559082,7.125288009643555
2018-03-05,10.34000015258789,7.104673385620117
2018-03-06,10.399999618530273,7.145900249481201
2018-03-07,10.300000190734863,7.0771894454956055
2018-03-08,10.420000076293945,7.159643650054932
2018-03-09,10.470000267028809,7.193998336791992
2018-03-12,10.59000015258789,7.276451110839844
2018-03-13,10.619999885559082,7.297063827514648
2018-03-14,10.550000190734863,7.248966693878174
2018-03-15,10.550000190734863,7.248966693878174
2018-03-16,10.520000457763672,7.228355407714844
2018-03-19,10.40999984741211,7.152772426605225
2018-03-20,10.489999771118164,7.20773983001709
2018-03-21,10.619999885559082,7.297063827514648
2018-03-22,10.539999961853027,7.242094993591309
2018-03-23,10.399999618530273,7.145900249481201
2018-03-26,10.4399995803833,7.1733856201171875
2018-03-27,10.600000381469727,7.283322811126709
2018-03-28,10.3100004196167,7.084061145782471
2018-03-29,10.25,7.042835712432861
2018-04-02,10.149999618530273,6.974123954772949
2018-04-03,10.460000038146973,7.187127590179443
2018-04-04,10.4399995803833,7.1733856201171875
2018-04-05,10.399999618530273,7.145900249481201
2018-04-06,10.119999885559082,6.953512191772461
2018-04-09,10.34000015258789,7.104673385620117
2018-04-10,10.260000228881836,7.049705505371094
2018-04-11,10.270000457763672,7.056576251983643
2018-04-12,10.359999656677246,7.1184163093566895
2018-04-13,10.270000457763672,7.056576251983643
2018-04-16,10.109999656677246,6.946639537811279
2018-04-17,10.050000190734863,6.9054155349731445
2018-04-18,9.949999809265137,6.836702823638916
2018-04-19,9.930000305175781,6.822961807250977
2018-04-20,9.569999694824219,6.575603008270264
2018-04-23,9.539999961853027,6.554988861083984
2018-04-24,9.5600004196167,6.568733215332031
2018-04-25,9.430000305175781,6.4794087409973145
2018-04-26,9.119999885559082,6.266406059265137
2018-04-27,9.300000190734863,6.390084743499756
2018-04-30,9.420000076293945,6.472537517547607
2018-05-01,9.399999618530273,6.458795547485352
2018-05-02,9.449999809265137,6.49315071105957
2018-05-03,9.359999656677246,6.431310653686523
2018-05-04,9.149999618530273,6.287017822265625
2018-05-07,9.149999618530273,6.287017822265625
2018-05-08,9.319999694824219,6.4038262367248535
2018-05-09,9.420000076293945,6.472537517547607
2018-05-10,9.6899995803833,6.658055782318115
2018-05-11,9.6899995803833,6.658055782318115
2018-05-14,9.829999923706055,6.754251480102539
2018-05-15,9.760000228881836,6.70615291595459
2018-05-16,9.880000114440918,6.788606643676758
2018-05-17,9.65999984741211,6.6374430656433105
2018-05-18,9.5,6.527505874633789
2018-05-21,9.739999771118164,6.692409992218018
2018-05-22,9.729999542236328,6.685539245605469
2018-05-23,9.75,6.699281215667725
2018-05-24,9.829999923706055,6.754251480102539
2018-05-25,10.569999694824219,7.262709617614746
2018-05-29,10.4399995803833,7.1733856201171875
2018-05-30,10.4399995803833,7.1733856201171875
2018-05-31,10.5,7.214611053466797
2018-06-01,10.539999961853027,7.242094993591309
2018-06-04,10.649999618530273,7.3176774978637695
2018-06-05,10.729999542236328,7.372645378112793
2018-06-06,10.760000228881836,7.393259525299072
2018-06-07,10.649999618530273,7.3176774978637695
2018-06-08,10.609999656677246,7.290194511413574
2018-06-11,10.529999732971191,7.23522424697876
2018-06-12,10.75,7.386388778686523
2018-06-13,10.760000228881836,7.393259525299072
2018-06-14,10.960000038146973,7.530681133270264
2018-06-15,11.050000190734863,7.592519760131836
2018-06-18,10.970000267028809,7.537551403045654
2018-06-19,10.680000305175781,7.338290691375732
2018-06-20,10.819999694824219,7.434483528137207
2018-06-21,10.829999923706055,7.441354751586914
2018-06-22,10.800000190734863,7.420743942260742
2018-06-25,10.770000457763672,7.400129795074463
2018-06-26,10.600000381469727,7.283322811126709
2018-06-27,10.380000114440918,7.1321587562561035
2018-06-28,10.420000076293945,7.159643650054932
2018-06-29,10.819999694824219,7.434483528137207
2018-07-02,10.819999694824219,7.434483528137207
2018-07-03,10.729999542236328,7.372645378112793
2018-07-05,10.5,7.214611053466797
2018-07-06,10.460000038146973,7.187127590179443
2018-07-09,10.119999885559082,7.318748950958252
2018-07-10,10.170000076293945,7.354908466339111
2018-07-11,10.069999694824219,7.282589435577393
2018-07-12,10.109999656677246,7.311516761779785
2018-07-13,10.239999771118164,7.4055328369140625
2018-07-16,10.15999984741211,7.347677707672119
2018-07-17,10.3100004196167,7.456156253814697
2018-07-18,10.34000015258789,7.4778523445129395
2018-07-19,10.329999923706055,7.4706196784973145
2018-07-20,10.550000190734863,7.629724025726318
2018-07-23,10.760000228881836,7.781595706939697
2018-07-24,10.850000381469727,7.846682548522949
2018-07-25,11.050000190734863,7.991323471069336
2018-07-26,11.050000190734863,7.991323471069336
2018-07-27,11.0,7.95516300201416
2018-07-30,11.079999923706055,8.013017654418945
2018-07-31,11.130000114440918,8.049178123474121
2018-08-01,11.300000190734863,8.17212200164795
2018-08-02,11.020000457763672,7.969625949859619
2018-08-03,10.979999542236328,7.94069766998291
2018-08-06,10.819999694824219,7.824985027313232
2018-08-07,11.0600004196167,7.998553276062012
2018-08-08,11.119999885559082,8.041947364807129
2018-08-09,11.210000038146973,8.107030868530273
2018-08-10,11.149999618530273,8.063641548156738
2018-08-13,11.300000190734863,8.17212200164795
2018-08-14,11.40999984741211,8.251670837402344
2018-08-15,11.229999542236328,8.121499061584473
2018-08-16,11.899999618530273,8.606039047241211
2018-08-17,12.479999542236328,9.025491714477539
2018-08-20,12.859999656677246,9.300307273864746
2018-08-21,12.84000015258789,9.285844802856445
2018-08-22,12.850000381469727,9.293074607849121
2018-08-23,12.899999618530273,9.329236030578613
2018-08-24,12.84000015258789,9.285844802856445
2018-08-27,13.100000381469727,9.473875999450684
2018-08-28,13.069999694824219,9.452179908752441
2018-08-29,13.199999809265137,9.546194076538086
2018-08-30,13.029999732971191,9.423249244689941
2018-08-31,13.079999923706055,9.459410667419434
2018-09-04,13.34000015258789,9.647441864013672
2018-09-05,13.4399995803833,9.719761848449707
2018-09-06,13.260000228881836,9.589587211608887
2018-09-07,13.430000305175781,9.712529182434082
2018-09-10,13.239999771118164,9.575121879577637
2018-09-11,13.279999732971191,9.604048728942871
2018-09-12,13.979999542236328,10.1102876663208
2018-09-13,13.850000381469727,10.016271591186523
2018-09-14,13.5,9.763152122497559
2018-09-17,13.65999984741211,9.878866195678711
2018-09-18,13.84000015258789,10.009039878845215
2018-09-19,13.649999618530273,9.871633529663086
2018-09-20,13.4399995803833,9.719761848449707
2018-09-21,13.670000076293945,9.886096954345703
2018-09-24,13.420000076293945,9.705299377441406
2018-09-25,13.489999771118164,9.755922317504883
2018-09-26,13.619999885559082,9.849937438964844
2018-09-27,14.260000228881836,10.312782287597656
2018-09-28,14.550000190734863,10.522509574890137
2018-10-01,14.579999923706055,10.544204711914062
2018-10-02,14.65999984741211,10.60206127166748
2018-10-03,15.140000343322754,10.949196815490723
2018-10-04,14.800000190734863,10.703309059143066
2018-10-05,12.869999885559082,9.307540893554688
2018-10-08,12.649999618530273,9.148435592651367
2018-10-09,12.369999885559082,8.945940971374512
2018-10-10,12.050000190734863,8.714518547058105
2018-10-11,11.899999618530273,8.606039047241211
2018-10-12,12.039999961853027,8.707286834716797
2018-10-15,12.479999542236328,9.025491714477539
2018-10-16,12.84000015258789,9.285844802856445
2018-10-17,12.899999618530273,9.329236030578613
2018-10-18,13.199999809265137,9.546194076538086
2018-10-19,13.029999732971191,9.423249244689941
2018-10-22,12.930000305175781,9.350931167602539
2018-10-23,12.34000015258789,8.924246788024902
2018-10-24,12.550000190734863,9.076117515563965
2018-10-25,12.600000381469727,9.112277030944824
2018-10-26,12.550000190734863,9.076117515563965
2018-10-29,12.350000381469727,8.931478500366211
2018-10-30,12.609999656677246,9.119507789611816
2018-10-31,12.6899995803833,9.17736530303955
2018-11-01,12.970000267028809,9.379860877990723
2018-11-02,13.520000457763672,9.777617454528809
2018-11-05,13.699999809265137,9.907792091369629
2018-11-06,13.9399995803833,10.081360816955566
2018-11-07,14.260000228881836,10.312782287597656
2018-11-08,14.350000381469727,10.37786865234375
2018-11-09,14.510000228881836,10.493582725524902
2018-11-12,14.699999809265137,10.630988121032715
2018-11-13,14.90999984741211,10.782859802246094
2018-11-14,14.899999618530273,10.775628089904785
2018-11-15,15.0,10.847947120666504
2018-11-16,15.100000381469727,10.920268058776855
2018-11-19,14.75,10.66714859008789
2018-11-20,14.600000381469727,10.55866813659668
2018-11-21,14.210000038146973,10.276623725891113
2018-11-23,13.899999618530273,10.052431106567383
2018-11-26,13.800000190734863,9.980112075805664
2018-11-27,13.989999771118164,10.11751937866211
2018-11-28,14.369999885559082,10.392335891723633
2018-11-29,14.149999618530273,10.233231544494629
2018-11-30,14.489999771118164,10.479118347167969
2018-12-03,14.770000457763672,10.681615829467773
2018-12-04,14.649999618530273,10.594827651977539
2018-12-06,13.899999618530273,10.052431106567383
2018-12-07,13.979999542236328,10.1102876663208
2018-12-10,13.34000015258789,9.647441864013672
2018-12-11,13.960000038146973,10.0958251953125
2018-12-12,14.430000305175781,10.435726165771484
2018-12-13,14.09000015258789,10.189840316772461
2018-12-14,14.0600004196167,10.168143272399902
2018-12-17,14.119999885559082,10.21153736114502
2018-12-18,14.020000457763672,10.139216423034668
2018-12-19,14.109999656677246,10.204302787780762
2018-12-20,14.149999618530273,10.233231544494629
2018-12-21,13.380000114440918,9.676368713378906
2018-12-24,13.390000343322754,9.68360424041748
2018-12-26,13.539999961853027,9.792080879211426
2018-12-27,13.15999984741211,9.517266273498535
2018-12-28,13.489999771118164,9.755922317504883
2018-12-31,13.399999618530273,9.690834045410156
2019-01-02,13.220000267028809,9.560660362243652
2019-01-03,13.050000190734863,9.437715530395508
2019-01-04,13.40999984741211,9.698065757751465
2019-01-07,12.970000267028809,9.379860877990723
2019-01-08,13.25,9.582354545593262
2019-01-09,13.760000228881836,9.951184272766113
2019-01-10,13.829999923706055,10.001809120178223
2019-01-11,14.140000343322754,10.226000785827637
2019-01-14,14.609999656677246,10.565903663635254
2019-01-15,14.520000457763672,10.500814437866211
2019-01-16,14.180000305175781,10.254925727844238
2019-01-17,14.029999732971191,10.14644718170166
2019-01-18,14.460000038146973,10.45742130279541
2019-01-22,14.420000076293945,10.428494453430176
2019-01-23,14.3100004196167,10.348943710327148
2019-01-24,14.550000190734863,10.522509574890137
2019-01-25,14.640000343322754,10.58759880065918
2019-01-28,14.449999809265137,10.450189590454102
2019-01-29,14.369999885559082,10.392335891723633
2019-01-30,14.649999618530273,10.594827651977539
2019-01-31,14.699999809265137,10.630988121032715
2019-02-01,14.850000381469727,10.739468574523926
2019-02-04,14.920000076293945,10.790092468261719
2019-02-05,15.020000457763672,10.862412452697754
2019-02-06,14.899999618530273,10.775628089904785
2019-02-07,14.75,10.66714859008789
2019-02-08,14.890000343322754,10.76839828491211
2019-02-11,15.109999656677246,10.92750072479248
2019-02-12,15.140000343322754,10.949196815490723
2019-02-13,14.75,10.66714859008789
2019-02-14,14.869999885559082,10.75393295288086
2019-02-15,14.710000038146973,10.63822078704834
2019-02-19,14.65999984741211,10.60206127166748
2019-02-20,15.119999885559082,10.934731483459473
2019-02-21,16.93000030517578,12.243719100952148
2019-02-22,17.65999984741211,12.771650314331055
2019-02-25,17.579999923706055,12.713794708251953
2019-02-26,17.959999084472656,12.98861026763916
2019-02-27,18.360000610351562,13.277889251708984
2019-02-28,18.059999465942383,13.060930252075195
2019-03-01,18.530000686645508,13.400830268859863
2019-03-04,18.489999771118164,13.371903419494629
2019-03-05,18.5,13.37913703918457
2019-03-06,18.34000015258789,13.263423919677734
2019-03-07,17.850000381469727,12.9090576171875
2019-03-08,17.350000381469727,12.54746150970459
2019-03-11,17.760000228881836,12.84397029876709
2019-03-12,17.520000457763672,12.670403480529785
2019-03-13,17.469999313354492,12.634244918823242
2019-03-14,17.09000015258789,12.359428405761719
2019-03-15,17.399999618530273,12.583620071411133
2019-03-18,17.989999771118164,13.010306358337402
2019-03-19,17.84000015258789,12.901826858520508
2019-03-20,17.8799991607666,12.930755615234375
2019-03-21,17.68000030517578,12.786114692687988
2019-03-22,17.809999465942383,12.88012981414795
2019-03-25,17.84000015258789,12.901826858520508
2019-03-26,17.950000762939453,12.981379508972168
2019-03-27,18.219999313354492,13.176642417907715
2019-03-28,17.969999313354492,12.995841979980469
2019-03-29,17.989999771118164,13.010306358337402
2019-04-01,17.81999969482422,12.88736343383789
2019-04-02,17.709999084472656,12.80781078338623
2019-04-03,17.489999771118164,12.648706436157227
2019-04-04,17.729999542236328,12.822274208068848
2019-04-05,17.790000915527344,12.865667343139648
2019-04-08,17.780000686645508,12.858434677124023
2019-04-09,17.790000915527344,12.865667343139648
2019-04-10,19.020000457763672,13.75519847869873
2019-04-11,18.059999465942383,13.060930252075195
2019-04-12,18.270000457763672,13.212799072265625
2019-04-15,17.920000076293945,12.959680557250977
2019-04-16,18.100000381469727,13.089859008789062
2019-04-17,18.18000030517578,13.147714614868164
2019-04-18,18.579999923706055,13.436990737915039
2019-04-22,18.530000686645508,13.400830268859863
2019-04-23,18.510000228881836,13.386368751525879
2019-04-24,18.68000030517578,13.509312629699707
2019-04-25,18.399999618530273,13.306817054748535
2019-04-26,18.68000030517578,13.509312629699707
2019-04-29,18.299999237060547,13.234493255615234
2019-04-30,18.489999771118164,13.371903419494629
2019-05-01,18.540000915527344,13.408065795898438
2019-05-02,18.280000686645508,13.220033645629883
2019-05-03,18.43000030517578,13.32851505279541
2019-05-06,17.68000030517578,12.786114692687988
2019-05-07,17.31999969482422,12.525764465332031
2019-05-08,16.84000015258789,12.178630828857422
2019-05-09,16.34000015258789,11.817031860351562
2019-05-10,16.729999542236328,12.099078178405762
2019-05-13,16.309999465942383,11.79533576965332
2019-05-14,16.0,11.571145057678223
2019-05-15,16.510000228881836,11.93997573852539
2019-05-16,16.3799991607666,11.845958709716797
2019-05-17,15.989999771118164,11.563912391662598
2019-05-20,15.149999618530273,10.956426620483398
2019-05-21,15.680000305175781,11.339723587036133
2019-05-22,15.470000267028809,11.187850952148438
2019-05-23,14.989999771118164,10.840716361999512
2019-05-24,14.989999771118164,10.840716361999512
2019-05-28,14.399999618530273,10.414029121398926
2019-05-29,14.40999984741211,10.421262741088867
2019-05-30,14.350000381469727,10.37786865234375
2019-05-31,14.0,10.124751091003418
2019-06-03,14.0,10.124751091003418
2019-06-04,13.75,9.943952560424805
2019-06-05,14.15999984741211,10.240463256835938
2019-06-06,14.470000267028809,10.464654922485352
2019-06-07,14.5,10.486351013183594
2019-06-10,14.800000190734863,10.703309059143066
2019-06-11,15.220000267028809,11.007051467895508
2019-06-12,15.15999984741211,10.963661193847656
2019-06-13,15.039999961853027,10.876875877380371
2019-06-14,14.600000381469727,10.55866813659668
2019-06-17,14.649999618530273,10.594827651977539
2019-06-18,15.039999961853027,10.876875877380371
2019-06-19,15.460000038146973,11.180619239807129
2019-06-20,15.579999923706055,11.267402648925781
2019-06-21,15.010000228881836,10.855180740356445
2019-06-24,15.100000381469727,10.920268058776855
2019-06-25,14.930000305175781,10.797325134277344
2019-06-26,15.229999542236328,11.014283180236816
2019-06-27,15.449999809265137,11.17338752746582
2019-06-28,15.479999542236328,11.195082664489746
2019-07-01,15.829999923706055,11.448203086853027
2019-07-02,15.970000267028809,11.54944896697998
2019-07-03,15.640000343322754,11.310794830322266
2019-07-05,15.960000038146973,11.542216300964355
2019-07-08,15.479999542236328,11.195082664489746
2019-07-09,15.319999694824219,11.079371452331543
2019-07-10,15.3100004196167,11.48832893371582
2019-07-11,15.210000038146973,11.413291931152344
2019-07-12,15.930000305175781,11.953563690185547
2019-07-15,16.360000610351562,12.276228904724121
2019-07-16,16.420000076293945,12.321250915527344
2019-07-17,16.639999389648438,12.486334800720215
2019-07-18,16.850000381469727,12.643916130065918
2019-07-19,16.540000915527344,12.411299705505371
2019-07-22,16.399999618530273,12.306243896484375
2019-07-23,16.479999542236328,12.366273880004883
2019-07-24,16.420000076293945,12.321250915527344
2019-07-25,16.5,12.381282806396484
2019-07-26,16.350000381469727,12.268723487854004
2019-07-29,16.190000534057617,12.148663520812988
2019-07-30,16.15999984741211,12.126153945922852
2019-07-31,16.209999084472656,12.163670539855957
2019-08-01,15.260000228881836,11.450809478759766
2019-08-02,15.0,11.255711555480957
2019-08-05,14.510000228881836,10.888025283813477
2019-08-06,15.020000457763672,11.27071762084961
2019-08-07,15.170000076293945,11.383275985717773
2019-08-08,15.40999984741211,11.563365936279297
2019-08-09,15.289999961853027,11.473321914672852
2019-08-12,15.069999694824219,11.308237075805664
2019-08-13,15.0600004196167,11.300734519958496
2019-08-14,14.949999809265137,11.218191146850586
2019-08-15,14.3100004196167,10.73794937133789
2019-08-16,14.119999885559082,10.595376014709473
2019-08-19,14.399999618530273,10.8054838180542
2019-08-20,14.279999732971191,10.715436935424805
2019-08-21,13.739999771118164,10.310230255126953
2019-08-22,13.630000114440918,10.22768783569336
2019-08-23,13.25,9.942544937133789
2019-08-26,13.260000228881836,9.950047492980957
2019-08-27,13.300000190734863,9.980063438415527
2019-08-28,13.3100004196167,9.987567901611328
2019-08-29,13.109999656677246,9.83749008178711
2019-08-30,13.100000381469727,9.829988479614258
2019-09-03,13.130000114440918,9.852498054504395
2019-09-04,13.399999618530273,10.055102348327637
2019-09-05,13.729999542236328,10.302727699279785
2019-09-06,13.949999809265137,10.467812538146973
2019-09-09,14.100000381469727,10.580367088317871
2019-09-10,13.920000076293945,10.445300102233887
2019-09-11,13.600000381469727,10.205179214477539
2019-09-12,14.130000114440918,10.60287857055664
2019-09-13,14.300000190734863,10.73044490814209
2019-09-16,14.130000114440918,10.60287857055664
2019-09-17,13.930000305175781,10.452803611755371
2019-09-18,13.880000114440918,10.415285110473633
2019-09-19,13.899999618530273,10.430290222167969
2019-09-20,13.680000305175781,10.265207290649414
2019-09-23,13.710000038146973,10.287720680236816
2019-09-24,13.390000343322754,10.047597885131836
2019-09-25,13.350000381469727,10.017582893371582
2019-09-26,13.15999984741211,9.87501049041748
2019-09-27,13.199999809265137,9.90502643585205
2019-09-30,13.239999771118164,9.935039520263672
2019-10-01,13.149999618530273,9.867506980895996
2019-10-02,13.5600004196167,10.175165176391602
2019-10-03,14.300000190734863,10.73044490814209
2019-10-04,13.880000114440918,10.415285110473633
2019-10-07,13.829999923706055,10.377765655517578
2019-10-08,13.220000267028809,9.92003345489502
2019-10-09,13.260000228881836,9.950047492980957
2019-10-10,13.4399995803833,10.085116386413574
2019-10-11,13.859999656677246,10.400276184082031
2019-10-14,13.8100004196167,10.36275863647461
2019-10-15,13.800000190734863,10.355254173278809
2019-10-16,13.8100004196167,10.36275863647461
2019-10-17,13.819999694824219,10.370262145996094
2019-10-18,13.699999809265137,10.280214309692383
2019-10-21,13.84000015258789,10.385270118713379
2019-10-22,13.899999618530273,10.430290222167969
2019-10-23,13.890000343322754,10.422788619995117
2019-10-24,13.8100004196167,10.36275863647461
2019-10-25,13.960000038146973,10.47531509399414
2019-10-28,14.25,10.692926406860352
2019-10-29,14.329999923706055,10.75295639038086
2019-10-30,14.350000381469727,10.767963409423828
2019-10-31,13.800000190734863,10.355254173278809
2019-11-01,14.5,10.880521774291992
2019-11-04,14.989999771118164,11.24820613861084
2019-11-05,15.260000228881836,11.450809478759766
2019-11-06,15.40999984741211,11.563365936279297
2019-11-07,15.40999984741211,11.563365936279297
2019-11-08,14.880000114440918,11.165664672851562
2019-11-11,14.289999961853027,10.722940444946289
2019-11-12,14.229999542236328,10.677918434143066
2019-11-13,14.289999961853027,10.722940444946289
2019-11-14,14.369999885559082,10.782971382141113
2019-11-15,14.609999656677246,10.96306324005127
2019-11-18,14.59000015258789,10.948053359985352
2019-11-19,14.5600004196167,10.925543785095215
2019-11-20,14.25,10.692926406860352
2019-11-21,14.289999961853027,10.722940444946289
2019-11-22,14.229999542236328,10.677918434143066
2019-11-25,14.619999885559082,10.970565795898438
2019-11-26,14.119999885559082,10.71335506439209
2019-11-27,13.649999618530273,10.356746673583984
2019-11-29,13.229999542236328,10.038080215454102
2019-12-02,12.829999923706055,9.734583854675293
2019-12-03,12.729999542236328,9.658710479736328
2019-12-04,12.880000114440918,9.772521018981934
2019-12-05,12.75,9.673885345458984
2019-12-06,12.8100004196167,9.719411849975586
2019-12-09,12.760000228881836,9.681473731994629
2019-12-10,12.90999984741211,9.795284271240234
2019-12-11,13.020000457763672,9.878745079040527
2019-12-12,13.300000190734863,10.091190338134766
2019-12-13,13.25,10.053255081176758
2019-12-16,13.550000190734863,10.280874252319336
2019-12-17,13.6899995803833,10.38709831237793
2019-12-18,13.430000305175781,10.189826011657715
2019-12-19,13.399999618530273,10.167064666748047
2019-12-20,13.220000267028809,10.030491828918457
2019-12-23,13.260000228881836,10.060842514038086
2019-12-24,13.329999923706055,10.11395263671875
2019-12-26,13.390000343322754,10.159478187561035
2019-12-27,13.449999809265137,10.205002784729004
2019-12-30,13.420000076293945,10.18224048614502
2019-12-31,13.380000114440918,10.15188980102539
2020-01-02,13.850000381469727,10.508495330810547
2020-01-03,13.9399995803833,10.576783180236816
2020-01-06,13.710000038146973,10.402273178100586
2020-01-07,13.680000305175781,10.379510879516602
2020-01-08,13.640000343322754,10.349161148071289
2020-01-09,13.970000267028809,10.599544525146484
2020-01-10,14.529999732971191,11.024435997009277
2020-01-13,15.0,11.38104248046875
2020-01-14,15.0,11.38104248046875
2020-01-15,14.789999961853027,11.221709251403809
2020-01-16,15.079999923706055,11.441741943359375
2020-01-17,15.15999984741211,11.50244140625
2020-01-21,14.670000076293945,11.130659103393555
2020-01-22,14.59000015258789,11.069960594177246
2020-01-23,14.579999923706055,11.062374114990234
2020-01-24,14.3100004196167,10.857513427734375
2020-01-27,13.84000015258789,10.500906944274902
2020-01-28,13.850000381469727,10.508495330810547
2020-01-29,14.380000114440918,10.910627365112305
2020-01-30,13.779999732971191,10.4553861618042
2020-01-31,13.149999618530273,9.97737979888916
2020-02-03,13.34000015258789,10.121541023254395
2020-02-04,13.680000305175781,10.379510879516602
2020-02-05,13.789999961853027,10.462970733642578
2020-02-06,14.0,10.622306823730469
2020-02-07,13.720000267028809,10.409860610961914
2020-02-10,13.760000228881836,10.440210342407227
2020-02-11,13.5600004196167,10.28846263885498
2020-02-12,13.850000381469727,10.508495330810547
2020-02-13,13.760000228881836,10.440210342407227
2020-02-14,13.600000381469727,10.31881046295166
2020-02-18,13.779999732971191,10.4553861618042
2020-02-19,13.880000114440918,10.531258583068848
2020-02-20,14.670000076293945,11.130659103393555
2020-02-21,14.220000267028809,10.789228439331055
2020-02-24,13.850000381469727,10.508495330810547
2020-02-25,13.050000190734863,9.901507377624512
2020-02-26,13.119999885559082,9.954617500305176
2020-02-27,12.489999771118164,9.476614952087402
2020-02-28,12.520000457763672,9.499375343322754
2020-03-02,12.470000267028809,9.461440086364746
2020-03-03,12.569999694824219,9.537312507629395
2020-03-04,13.010000228881836,9.8711576461792
2020-03-05,12.899999618530273,9.78769588470459
2020-03-06,12.779999732971191,9.696648597717285
2020-03-09,12.319999694824219,9.34762954711914
2020-03-10,12.380000114440918,9.39315414428711
2020-03-11,11.720000267028809,8.892388343811035
2020-03-12,10.539999961853027,7.997078895568848
2020-03-13,11.140000343322754,8.45232105255127
2020-03-16,10.229999542236328,7.761870861053467
2020-03-17,10.180000305175781,7.723934650421143
2020-03-18,9.770000457763672,7.412852764129639
2020-03-19,9.529999732971191,7.23075532913208
2020-03-20,9.539999961853027,7.238342761993408
2020-03-23,9.569999694824219,7.261105537414551
2020-03-24,9.90999984741211,7.519075393676758
2020-03-25,10.149999618530273,7.701172351837158
2020-03-26,10.699999809265137,8.118477821350098
2020-03-27,10.15999984741211,7.7087602615356445
2020-03-30,10.1899995803833,7.731522083282471
2020-03-31,10.710000038146973,8.126065254211426
2020-04-01,10.25,7.777045726776123
2020-04-02,10.350000381469727,7.852919578552246
2020-04-03,10.34000015258789,7.845332622528076
2020-04-06,10.539999961853027,7.997078895568848
2020-04-07,10.789999961853027,8.18676471710205
2020-04-08,11.0,8.346097946166992
2020-04-09,10.869999885559082,8.24746036529541
2020-04-13,10.8100004196167,8.201937675476074
2020-04-14,10.760000228881836,8.164000511169434
2020-04-15,10.699999809265137,8.118477821350098
2020-04-16,10.949999809265137,8.308160781860352
2020-04-17,11.25,8.535782814025879
2020-04-20,11.25,8.535782814025879
2020-04-21,11.289999961853027,8.566130638122559
2020-04-22,11.109999656677246,8.429558753967285
2020-04-23,10.960000038146973,8.315749168395996
2020-04-24,10.6899995803833,8.110889434814453
2020-04-27,10.930000305175781,8.292986869812012
2020-04-28,10.90999984741211,8.277812004089355
2020-04-29,11.020000457763672,8.361272811889648
2020-04-30,10.789999961853027,8.18676471710205
2020-05-01,10.40999984741211,7.898444175720215
2020-05-04,10.65999984741211,8.088129043579102
2020-05-05,10.670000076293945,8.095714569091797
2020-05-06,10.90999984741211,8.277812004089355
2020-05-07,10.890000343322754,8.2626371383667
2020-05-08,11.260000228881836,8.54336929321289
2020-05-11,11.199999809265137,8.497845649719238
2020-05-12,11.25,8.535782814025879
2020-05-13,11.0,8.346097946166992
2020-05-14,11.029999732971191,8.368858337402344
2020-05-15,10.829999923706055,8.21711254119873
2020-05-18,11.350000381469727,8.611655235290527
2020-05-19,11.300000190734863,8.573718070983887
2020-05-20,11.239999771118164,8.528194427490234
2020-05-21,10.550000190734863,8.004667282104492
2020-05-22,10.34000015258789,7.845332622528076
2020-05-26,10.720000267028809,8.133651733398438
2020-05-27,10.899999618530273,8.270225524902344
2020-05-28,10.829999923706055,8.21711254119873
2020-05-29,10.949999809265137,8.308160781860352
2020-06-01,10.720000267028809,8.133651733398438
2020-06-02,10.890000343322754,8.2626371383667
2020-06-03,10.880000114440918,8.255049705505371
2020-06-04,10.789999961853027,8.18676471710205
2020-06-05,11.020000457763672,8.361272811889648
2020-06-08,10.829999923706055,8.21711254119873
2020-06-09,11.199999809265137,8.497845649719238
2020-06-10,11.270000457763672,8.550957679748535
2020-06-11,10.899999618530273,8.270225524902344
2020-06-12,10.8100004196167,8.201937675476074
2020-06-15,10.6899995803833,8.110889434814453
2020-06-16,10.760000228881836,8.164000511169434
2020-06-17,10.899999618530273,8.270225524902344
2020-06-18,10.960000038146973,8.315749168395996
2020-06-19,10.90999984741211,8.277812004089355
2020-06-22,11.079999923706055,8.406795501708984
2020-06-23,11.180000305175781,8.482670783996582
2020-06-24,11.119999885559082,8.437146186828613
2020-06-25,11.039999961853027,8.376446723937988
2020-06-26,11.1899995803833,8.49025821685791
2020-06-29,10.899999618530273,8.270225524902344
2020-06-30,11.029999732971191,8.368858337402344
2020-07-01,11.039999961853027,8.376446723937988
2020-07-02,11.699999809265137,8.877213478088379
2020-07-06,11.850000381469727,8.991024017333984
2020-07-07,11.770000457763672,8.930323600769043
2020-07-08,12.15999984741211,9.22623062133789
2020-07-09,12.260000228881836,9.302106857299805
2020-07-10,12.100000381469727,9.616018295288086
2020-07-13,12.720000267028809,10.108736991882324
2020-07-14,12.199999809265137,9.695486068725586
2020-07-15,11.869999885559082,9.433233261108398
2020-07-16,11.520000457763672,9.155084609985352
2020-07-17,11.8100004196167,9.38554859161377
2020-07-20,11.880000114440918,9.441180229187012
2020-07-21,11.920000076293945,9.472970008850098
2020-07-22,12.069999694824219,9.592175483703613
2020-07-23,11.949999809265137,9.496809959411621
2020-07-24,11.84000015258789,9.409391403198242
2020-07-27,11.710000038146973,9.306079864501953
2020-07-28,11.630000114440918,9.24250316619873
2020-07-29,11.979999542236328,9.520650863647461
2020-07-30,11.850000381469727,9.417338371276855
2020-07-31,11.949999809265137,9.496809959411621
2020-08-03,12.109999656677246,9.623963356018066
2020-08-04,12.520000457763672,9.94979476928711
2020-08-05,12.550000190734863,9.973637580871582
2020-08-06,12.329999923706055,9.798800468444824
2020-08-07,12.09000015258789,9.608070373535156
2020-08-10,12.149999618530273,9.655752182006836
2020-08-11,12.539999961853027,9.965689659118652
2020-08-12,12.649999618530273,10.053108215332031
2020-08-13,12.270000457763672,9.751118659973145
2020-08-14,12.109999656677246,9.623963356018066
2020-08-17,12.720000267028809,10.108736991882324
2020-08-18,13.079999923706055,10.3948335647583
2020-08-19,12.989999771118164,10.323310852050781
2020-08-20,12.869999885559082,10.227945327758789
2020-08-21,12.59000015258789,10.005426406860352
2020-08-24,12.489999771118164,9.925954818725586
2020-08-25,12.800000190734863,10.172316551208496
2020-08-26,12.9399995803833,10.283575057983398
2020-08-27,12.989999771118164,10.323310852050781
2020-08-28,13.520000457763672,10.744508743286133
2020-08-31,13.369999885559082,10.625301361083984
2020-09-01,13.1899995803833,10.48225212097168
2020-09-02,13.420000076293945,10.66503620147705
2020-09-03,13.369999885559082,10.625301361083984
2020-09-04,13.449999809265137,10.688879013061523
2020-09-08,12.9399995803833,10.283575057983398
2020-09-09,13.25,10.529936790466309
2020-09-10,13.289999961853027,10.561724662780762
2020-09-11,13.270000457763672,10.545830726623535
2020-09-14,13.430000305175781,10.672983169555664
2020-09-15,13.859999656677246,11.01470947265625
2020-09-16,14.229999542236328,11.30875301361084
2020-09-17,14.319999694824219,11.380276679992676
2020-09-18,13.930000305175781,11.07033920288086
2020-09-21,13.460000038146973,10.696825981140137
2020-09-22,13.239999771118164,10.521987915039062
2020-09-23,13.510000228881836,10.73655891418457
2020-09-24,13.460000038146973,10.696825981140137
2020-09-25,12.869999885559082,10.227945327758789
2020-09-28,12.8100004196167,10.18026351928711
2020-09-29,12.949999809265137,10.291522979736328
2020-09-30,13.199999809265137,10.490200996398926
2020-10-01,13.4399995803833,10.680931091308594
2020-10-02,13.300000190734863,10.569671630859375
2020-10-05,13.0,10.331259727478027
2020-10-06,13.180000305175781,10.4743070602417
2020-10-07,13.149999618530273,10.45046329498291
2020-10-08,13.539999961853027,10.760401725769043
2020-10-09,13.289999961853027,10.561724662780762
2020-10-12,13.420000076293945,10.66503620147705
2020-10-13,13.420000076293945,10.66503620147705
2020-10-14,13.90999984741211,11.05444622039795
2020-10-15,13.609999656677246,10.816031455993652
2020-10-16,13.199999809265137,10.490200996398926
2020-10-19,12.9399995803833,10.283575057983398
2020-10-20,13.100000381469727,10.410730361938477
2020-10-21,13.149999618530273,10.45046329498291
2020-10-22,13.130000114440918,10.434571266174316
2020-10-23,12.90999984741211,10.259733200073242
2020-10-26,12.84000015258789,10.20410442352295
2020-10-27,12.949999809265137,10.291522979736328
2020-10-28,12.529999732971191,9.957741737365723
2020-10-29,12.800000190734863,10.172316551208496
2020-10-30,12.539999961853027,9.965689659118652
2020-11-02,12.800000190734863,10.172316551208496
2020-11-03,12.899999618530273,10.251787185668945
2020-11-04,14.039999961853027,11.157757759094238
2020-11-05,14.0,11.125968933105469
2020-11-06,14.0,11.125968933105469
2020-11-09,14.130000114440918,11.229284286499023
2020-11-10,13.539999961853027,10.760401725769043
2020-11-11,13.420000076293945,10.66503620147705
2020-11-12,13.329999923706055,10.593512535095215
2020-11-13,13.239999771118164,10.521987915039062
2020-11-16,13.470000267028809,10.704771041870117
2020-11-17,14.010000228881836,11.133917808532715
2020-11-18,14.039999961853027,11.157757759094238
2020-11-19,14.050000190734863,11.165705680847168
2020-11-20,14.210000038146973,11.292859077453613
2020-11-23,14.84000015258789,11.793527603149414
2020-11-24,14.640000343322754,11.769410133361816
2020-11-25,14.470000267028809,11.632744789123535
2020-11-27,14.930000305175781,12.002547264099121
2020-11-30,14.399999618530273,11.576470375061035
2020-12-01,14.470000267028809,11.632744789123535
2020-12-02,14.40999984741211,11.584507942199707
2020-12-03,14.649999618530273,11.777449607849121
2020-12-04,14.75,11.857842445373535
2020-12-07,14.819999694824219,11.914116859436035
2020-12-08,14.930000305175781,12.002547264099121
2020-12-09,14.729999542236328,11.84176254272461
2020-12-10,15.100000381469727,12.139214515686035
2020-12-11,15.109999656677246,12.14725399017334
2020-12-14,16.459999084472656,13.232547760009766
2020-12-15,17.360000610351562,13.956079483032227
2020-12-16,17.649999618530273,14.189214706420898
2020-12-17,17.420000076293945,14.004313468933105
2020-12-18,18.0,14.470587730407715
2020-12-21,17.979999542236328,14.454507827758789
2020-12-22,17.959999084472656,14.43842887878418
2020-12-23,17.940000534057617,14.422351837158203
2020-12-24,17.43000030517578,14.012350082397461
2020-12-28,18.579999923706055,14.936861038208008
2020-12-29,18.549999237060547,14.912740707397461
2020-12-30,18.360000610351562,14.759998321533203
2020-12-31,18.690000534057617,15.025293350219727
2021-01-04,19.3700008392334,15.571962356567383
2021-01-05,19.579999923706055,15.74078369140625
2021-01-06,19.139999389648438,15.38705825805664
2021-01-07,19.600000381469727,15.756864547729492
2021-01-08,20.3700008392334,16.375879287719727
2021-01-11,19.18000030517578,15.419215202331543
2021-01-12,21.270000457763672,17.099409103393555
2021-01-13,22.8700008392334,18.385683059692383
2021-01-14,22.690000534057617,18.24098014831543
2021-01-15,22.530000686645508,18.11235237121582
2021-01-19,23.969999313354492,19.26999855041504
2021-01-20,23.350000381469727,18.77156639099121
2021-01-21,23.75,19.093135833740234
2021-01-22,23.950000762939453,19.253921508789062
2021-01-25,24.950000762939453,20.05784034729004
2021-01-26,25.780000686645508,20.72509765625
2021-01-27,24.950000762939453,20.05784034729004
2021-01-28,24.549999237060547,19.736270904541016
2021-01-29,23.209999084472656,18.65901756286621
2021-02-01,24.899999618530273,20.01764678955078
2021-02-02,25.079999923706055,20.162349700927734
2021-02-03,26.280000686645508,21.127058029174805
2021-02-04,25.389999389648438,20.41156578063965
2021-02-05,25.450000762939453,20.459806442260742
2021-02-08,25.3700008392334,20.395492553710938
2021-02-09,26.420000076293945,21.23960304260254
2021-02-10,25.8799991607666,20.80548858642578
2021-02-11,25.850000381469727,20.7813720703125
2021-02-12,25.889999389648438,20.813528060913086
2021-02-16,26.520000457763672,21.31999969482422
2021-02-17,27.559999465942383,22.156078338623047
2021-02-18,27.389999389648438,22.0194091796875
2021-02-19,27.670000076293945,22.2445068359375
2021-02-22,25.989999771118164,20.8939151763916
2021-02-23,26.010000228881836,20.909997940063477
2021-02-24,25.899999618530273,20.82156753540039
2021-02-25,26.010000228881836,20.909997940063477
2021-02-26,25.299999237060547,20.33921241760254
2021-03-01,26.6299991607666,21.408428192138672
2021-03-02,26.59000015258789,21.376272201538086
2021-03-03,26.5,21.30392074584961
2021-03-04,25.40999984741211,20.427644729614258
2021-03-05,25.790000915527344,20.733135223388672
2021-03-08,25.200000762939453,20.258825302124023
2021-03-09,25.260000228881836,20.307058334350586
2021-03-10,25.719999313354492,20.676860809326172
2021-03-11,26.719999313354492,21.480783462524414
2021-03-12,25.360000610351562,20.387451171875
2021-03-15,23.799999237060547,19.133333206176758
2021-03-16,23.399999618530273,18.8117618560791
2021-03-17,23.0,18.490196228027344
2021-03-18,23.6299991607666,18.99666404724121
2021-03-19,23.920000076293945,19.22980308532715
2021-03-22,24.309999465942383,19.5433292388916
2021-03-23,24.75,19.897058486938477
2021-03-24,24.729999542236328,19.8809814453125
2021-03-25,24.729999542236328,19.8809814453125
2021-03-26,25.8700008392334,20.79745101928711
2021-03-29,25.770000457763672,20.717056274414062
2021-03-30,28.65999984741211,23.040390014648438
2021-03-31,28.579999923706055,22.976076126098633
2021-04-01,27.65999984741211,22.236467361450195
2021-04-05,27.899999618530273,22.429410934448242
2021-04-06,27.84000015258789,22.381174087524414
2021-04-07,26.440000534057617,21.25568389892578
2021-04-08,26.239999771118164,21.094898223876953
2021-04-09,25.520000457763672,20.516077041625977
2021-04-12,25.690000534057617,20.652742385864258
2021-04-13,26.059999465942383,20.9501953125
2021-04-14,26.260000228881836,21.110980987548828
2021-04-15,26.809999465942383,21.553136825561523
2021-04-16,27.8799991607666,22.413331985473633
2021-04-19,27.579999923706055,22.172157287597656
2021-04-20,27.3799991607666,22.011371612548828
2021-04-21,27.950000762939453,22.4696044921875
2021-04-22,27.68000030517578,22.252548217773438
2021-04-23,28.75,23.112741470336914
2021-04-26,27.489999771118164,22.099802017211914
2021-04-27,26.770000457763672,21.52097511291504
2021-04-28,26.799999237060547,21.545095443725586
2021-04-29,27.079999923706055,21.770193099975586
2021-04-30,27.360000610351562,21.99529457092285
2021-05-03,27.670000076293945,22.2445068359375
2021-05-04,27.299999237060547,21.947053909301758
2021-05-05,26.709999084472656,21.472742080688477
2021-05-06,26.579999923706055,21.368234634399414
2021-05-07,27.43000030517578,22.05156898498535
2021-05-10,25.959999084472656,20.869800567626953
2021-05-11,26.040000915527344,20.93411636352539
2021-05-12,24.280000686645508,19.519214630126953
2021-05-13,22.850000381469727,18.369606018066406
2021-05-14,23.540000915527344,18.924312591552734
2021-05-17,23.889999389648438,19.205684661865234
2021-05-18,24.43000030517578,19.639801025390625
2021-05-19,24.510000228881836,19.70411491394043
2021-05-20,25.010000228881836,20.106075286865234
2021-05-21,24.8700008392334,19.993528366088867
2021-05-24,24.31999969482422,19.551368713378906
2021-05-25,24.290000915527344,19.52725601196289
2021-05-26,25.06999969482422,20.154312133789062
2021-05-27,25.299999237060547,20.33921241760254
2021-05-28,24.200000762939453,19.45490264892578
2021-06-01,24.31999969482422,19.551368713378906
2021-06-02,24.049999237060547,19.334312438964844
2021-06-03,23.799999237060547,19.133333206176758
2021-06-04,23.790000915527344,19.12529182434082
2021-06-07,23.760000228881836,19.10117530822754
2021-06-08,23.309999465942383,18.739412307739258
2021-06-09,23.59000015258789,18.964508056640625
2021-06-10,23.940000534057617,19.245882034301758
2021-06-11,23.440000534057617,18.84391975402832
2021-06-14,23.59000015258789,18.964508056640625
2021-06-15,23.06999969482422,18.546466827392578
2021-06-16,22.90999984741211,18.417842864990234
2021-06-17,23.68000030517578,19.0368595123291
2021-06-18,23.030000686645508,18.514314651489258
2021-06-21,22.579999923706055,18.152549743652344
2021-06-22,23.15999984741211,18.61882209777832
2021-06-23,23.239999771118164,18.68313217163086
2021-06-24,23.469999313354492,18.8680362701416
2021-06-25,23.5,18.892154693603516
2021-06-28,23.270000457763672,18.70725440979004
2021-06-29,23.389999389648438,18.80372428894043
2021-06-30,23.030000686645508,18.514314651489258
2021-07-01,23.09000015258789,18.562545776367188
2021-07-02,22.860000610351562,18.37764549255371
2021-07-06,22.520000457763672,18.104310989379883
2021-07-07,22.75,18.289213180541992
2021-07-08,22.959999084472656,18.458038330078125
2021-07-09,23.25,18.691173553466797
2021-07-12,22.780000686645508,18.313331604003906
2021-07-13,22.399999618530273,18.007841110229492
2021-07-14,21.510000228881836,17.29235076904297
2021-07-15,21.520000457763672,17.300390243530273
2021-07-16,20.719999313354492,16.65725326538086
2021-07-19,20.530000686645508,16.504507064819336
2021-07-20,20.40999984741211,16.408037185668945
2021-07-21,20.5,16.48039436340332
2021-07-22,20.700000762939453,16.641176223754883
2021-07-23,19.700000762939453,16.324626922607422
2021-07-26,18.860000610351562,15.62855052947998
2021-07-27,18.18000030517578,15.06506061553955
2021-07-28,19.360000610351562,16.042882919311523
2021-07-29,18.739999771118164,15.52911376953125
2021-07-30,18.6200008392334,15.429673194885254
2021-08-02,19.530000686645508,16.18375587463379
2021-08-03,19.299999237060547,15.9931640625
2021-08-04,19.239999771118164,15.943443298339844
2021-08-05,18.889999389648438,15.653411865234375
2021-08-06,18.860000610351562,15.62855052947998
2021-08-09,18.969999313354492,15.71970272064209
2021-08-10,19.139999389648438,15.860577583312988
2021-08-11,21.139999389648438,17.51789665222168
2021-08-12,20.989999771118164,17.393598556518555
2021-08-13,20.450000762939453,16.946121215820312
2021-08-16,21.219999313354492,17.584190368652344
2021-08-17,21.010000228881836,17.41016960144043
2021-08-18,21.3799991607666,17.716777801513672
2021-08-19,20.389999389648438,16.896404266357422
2021-08-20,20.739999771118164,17.18643569946289
2021-08-23,21.100000381469727,17.48475456237793
2021-08-24,20.899999618530273,17.319021224975586
2021-08-25,20.8700008392334,17.294160842895508
2021-08-26,20.270000457763672,16.79696273803711
2021-08-27,20.770000457763672,17.211292266845703
2021-08-30,21.389999389648438,17.72506332397461
2021-08-31,22.15999984741211,18.36313247680664
2021-09-01,22.18000030517578,18.37970733642578
2021-09-02,21.5,17.81621551513672
2021-09-03,21.479999542236328,17.799640655517578
2021-09-07,21.59000015258789,17.89079475402832
2021-09-08,21.0,17.401884078979492
2021-09-09,21.100000381469727,17.48475456237793
2021-09-10,21.06999969482422,17.459890365600586
2021-09-13,20.440000534057617,16.937837600708008
2021-09-14,21.020000457763672,17.418460845947266
2021-09-15,20.729999542236328,17.178146362304688
2021-09-16,20.700000762939453,17.153289794921875
2021-09-17,21.600000381469727,17.899084091186523
2021-09-20,20.639999389648438,17.10356903076172
2021-09-21,20.68000030517578,17.1367130279541
2021-09-22,20.81999969482422,17.252727508544922
2021-09-23,21.149999618530273,17.52618408203125
2021-09-24,21.1299991607666,17.509611129760742
2021-09-27,22.25,18.437713623046875
2021-09-28,21.950000762939453,18.18911361694336
2021-09-29,23.5,19.473541259765625
2021-09-30,27.850000381469727,23.078216552734375
2021-10-01,26.40999984741211,21.884944915771484
2021-10-04,27.25,22.581018447875977
2021-10-05,31.899999618530273,26.434295654296875
2021-10-06,27.850000381469727,23.078216552734375
2021-10-07,27.5,22.788183212280273
2021-10-08,23.899999618530273,19.805002212524414
2021-10-11,23.0,19.059206008911133
2021-10-12,20.860000610351562,17.285871505737305
2021-10-13,21.3700008392334,17.7084903717041
2021-10-14,21.600000381469727,17.899084091186523
2021-10-15,20.799999237060547,17.236154556274414
2021-10-18,21.270000457763672,17.625625610351562
2021-10-19,22.8700008392334,18.95148277282715
2021-10-20,21.040000915527344,17.435033798217773
2021-10-21,20.850000381469727,17.277587890625
2021-10-22,21.1200008392334,17.501325607299805
2021-10-25,21.260000228881836,17.617338180541992
2021-10-26,21.489999771118164,17.80792999267578
2021-10-27,21.540000915527344,17.849365234375
2021-10-28,21.65999984741211,17.948801040649414
2021-10-29,21.959999084472656,18.19740104675293
2021-11-01,22.0,18.230546951293945
2021-11-02,21.950000762939453,18.18911361694336
2021-11-03,21.920000076293945,18.164255142211914
2021-11-04,21.709999084472656,17.990234375
2021-11-05,20.75,17.194719314575195
2021-11-08,20.889999389648438,17.310731887817383
2021-11-09,20.59000015258789,17.062135696411133
2021-11-10,20.809999465942383,17.244441986083984
2021-11-11,21.209999084472656,17.575904846191406
2021-11-12,21.020000457763672,17.418460845947266
2021-11-15,20.799999237060547,17.236154556274414
2021-11-16,21.200000762939453,17.567617416381836
2021-11-17,20.579999923706055,17.05384635925293
2021-11-18,20.34000015258789,16.854969024658203
2021-11-19,20.200000762939453,16.738954544067383
2021-11-22,20.3799991607666,16.88811492919922
2021-11-23,19.899999618530273,16.4903564453125
2021-11-24,20.329999923706055,17.022903442382812
2021-11-26,19.5,16.327919006347656
2021-11-29,19.530000686645508,16.353036880493164
2021-11-30,20.299999237060547,16.997779846191406
2021-12-01,20.559999465942383,17.215486526489258
2021-12-02,20.25,16.95591163635254
2021-12-03,20.920000076293945,17.516925811767578
2021-12-06,21.31999969482422,17.851856231689453
2021-12-07,21.65999984741211,18.13654899597168
2021-12-08,21.899999618530273,18.337507247924805
2021-12-09,21.65999984741211,18.13654899597168
2021-12-10,21.899999618530273,18.337507247924805
2021-12-13,21.18000030517578,17.73463249206543
2021-12-14,21.540000915527344,18.036067962646484
2021-12-15,21.489999771118164,17.994203567504883
2021-12-16,21.860000610351562,18.304014205932617
2021-12-17,22.260000228881836,18.638944625854492
2021-12-20,21.889999389648438,18.329132080078125
2021-12-21,23.3799991607666,19.576751708984375
2021-12-22,23.329999923706055,19.53488540649414
2021-12-23,23.1299991607666,19.367422103881836
2021-12-27,23.0,19.258569717407227
2021-12-28,23.0,19.258569717407227
2021-12-29,22.899999618530273,19.17483901977539
2021-12-30,22.780000686645508,19.074356079101562
2021-12-31,22.979999542236328,19.241823196411133
2022-01-03,23.260000228881836,19.476272583007812
2022-01-04,22.899999618530273,19.17483901977539
2022-01-05,23.100000381469727,19.342302322387695
2022-01-06,22.889999389648438,19.166461944580078
2022-01-07,23.18000030517578,19.40928840637207
2022-01-10,23.030000686645508,19.283689498901367
2022-01-11,22.809999465942383,19.099477767944336
2022-01-12,23.049999237060547,19.300434112548828
2022-01-13,23.049999237060547,19.300434112548828
2022-01-14,23.200000762939453,19.426036834716797
2022-01-18,22.34000015258789,18.705930709838867
2022-01-19,22.600000381469727,18.92363929748535
2022-01-20,21.579999923706055,18.069562911987305
2022-01-21,21.809999465942383,18.26214599609375
2022-01-24,21.1200008392334,17.684391021728516
2022-01-25,21.469999313354492,17.977453231811523
2022-01-26,21.219999313354492,17.768123626708984
2022-01-27,21.59000015258789,18.07793617248535
2022-01-28,21.459999084472656,17.969079971313477
2022-01-31,21.799999237060547,18.253774642944336
2022-02-01,21.829999923706055,18.278892517089844
2022-02-02,21.790000915527344,18.245403289794922
2022-02-03,21.530000686645508,18.02769660949707
2022-02-04,22.3799991607666,18.739421844482422
2022-02-07,21.600000381469727,18.086307525634766
2022-02-08,21.799999237060547,18.253774642944336
2022-02-09,22.389999389648438,18.747798919677734
2022-02-10,22.59000015258789,18.91526222229004
2022-02-11,22.200000762939453,18.588706970214844
2022-02-14,22.18000030517578,18.57196044921875
2022-02-15,22.100000381469727,18.504972457885742
2022-02-16,22.299999237060547,18.672439575195312
2022-02-17,22.219999313354492,18.605451583862305
2022-02-18,22.84000015258789,19.124597549438477
2022-02-22,23.06999969482422,19.317184448242188
2022-02-23,22.350000381469727,18.714309692382812
2022-02-24,22.1299991607666,18.53009033203125
2022-02-25,22.549999237060547,18.881771087646484
2022-02-28,22.399999618530273,18.75617218017578
2022-03-01,22.100000381469727,18.504972457885742
2022-03-02,21.969999313354492,18.3961181640625
2022-03-03,21.530000686645508,18.02769660949707
2022-03-04,20.110000610351562,16.838687896728516
2022-03-07,19.6200008392334,16.42839813232422
2022-03-08,19.68000030517578,16.478635787963867
2022-03-09,19.559999465942383,16.378156661987305
2022-03-10,19.40999984741211,16.2525577545166
2022-03-11,19.520000457763672,16.344663619995117
2022-03-14,18.899999618530273,15.825521469116211
2022-03-15,19.1299991607666,16.018104553222656
2022-03-16,20.030000686645508,16.771703720092773
2022-03-17,20.520000457763672,17.18199348449707
2022-03-18,20.920000076293945,17.516925811767578
2022-03-21,21.0,17.58390998840332
2022-03-22,21.31999969482422,17.851856231689453
2022-03-23,21.25,17.793243408203125
2022-03-24,21.790000915527344,18.245403289794922
2022-03-25,21.3799991607666,17.902097702026367
2022-03-28,21.65999984741211,18.13654899597168
2022-03-29,21.809999465942383,18.26214599609375
2022-03-30,21.559999465942383,18.052814483642578
2022-03-31,21.3700008392334,17.893722534179688
2022-04-01,22.06999969482422,18.479854583740234
2022-04-04,23.139999389648438,19.375795364379883
2022-04-05,22.889999389648438,19.166461944580078
2022-04-06,21.329999923706055,17.860231399536133
2022-04-07,21.059999465942383,17.63414764404297
2022-04-08,21.530000686645508,18.02769660949707
2022-04-11,20.780000686645508,17.399700164794922
2022-04-12,19.719999313354492,16.512128829956055
2022-04-13,19.760000228881836,16.545621871948242
2022-04-14,19.639999389648438,16.44514274597168
2022-04-18,19.510000228881836,16.33629035949707
2022-04-19,19.6200008392334,16.42839813232422
2022-04-20,20.059999465942383,16.79682159423828
2022-04-21,19.559999465942383,16.378156661987305
2022-04-22,19.579999923706055,16.3949031829834
2022-04-25,19.030000686645508,15.934374809265137
2022-04-26,18.010000228881836,15.080296516418457
2022-04-27,18.360000610351562,15.373360633850098
2022-04-28,18.799999237060547,15.741787910461426
2022-04-29,19.420000076293945,16.260929107666016
2022-05-02,19.290000915527344,16.15207862854004
2022-05-03,19.25,16.11858558654785
2022-05-04,19.719999313354492,16.512128829956055
2022-05-05,19.15999984741211,16.04322624206543
2022-05-06,19.93000030517578,16.687969207763672
2022-05-09,19.610000610351562,16.420024871826172
2022-05-10,20.450000762939453,17.123380661010742
2022-05-11,20.59000015258789,17.240604400634766
2022-05-12,20.290000915527344,16.98940658569336
2022-05-13,20.3700008392334,17.056394577026367
2022-05-16,20.139999389648438,16.86380386352539
2022-05-17,20.920000076293945,17.516925811767578
2022-05-18,20.549999237060547,17.207111358642578
2022-05-19,20.030000686645508,16.771703720092773
2022-05-20,20.420000076293945,17.0982608795166
2022-05-23,19.729999542236328,16.520503997802734
2022-05-24,18.610000610351562,15.582695007324219
2022-05-25,18.25,15.281253814697266
2022-05-26,18.979999542236328,15.892501831054688
2022-05-27,19.149999618530273,16.03485107421875
2022-05-31,19.520000457763672,16.344663619995117
2022-06-01,19.290000915527344,16.15207862854004
2022-06-02,19.209999084472656,16.08509063720703
2022-06-03,19.079999923706055,15.976237297058105
2022-06-06,19.559999465942383,16.378156661987305
2022-06-07,19.959999084472656,16.713088989257812
2022-06-08,19.739999771118164,16.528871536254883
2022-06-09,19.420000076293945,16.260929107666016
2022-06-10,19.450000762939453,16.286054611206055
2022-06-13,18.860000610351562,15.792027473449707
2022-06-14,19.219999313354492,16.093463897705078
2022-06-15,18.559999465942383,15.540826797485352
2022-06-16,18.020000457763672,15.088668823242188
2022-06-17,18.219999313354492,15.256134033203125
2022-06-21,18.860000610351562,15.792027473449707
2022-06-22,18.56999969482422,15.549199104309082
2022-06-23,18.649999618530273,15.616186141967773
2022-06-24,19.100000381469727,15.992988586425781
2022-06-27,19.729999542236328,16.520503997802734
2022-06-28,19.65999984741211,16.461891174316406
2022-06-29,19.440000534057617,16.277679443359375
2022-06-30,18.719999313354492,15.674797058105469
2022-07-01,18.600000381469727,15.574321746826172
2022-07-05,18.25,15.281253814697266
2022-07-06,18.239999771118164,15.272882461547852
2022-07-07,18.309999465942383,15.33149528503418
2022-07-08,18.170000076293945,15.214269638061523
2022-07-11,17.920000076293945,15.004938125610352
2022-07-12,17.989999771118164,15.063549041748047
2022-07-13,17.850000381469727,14.946324348449707
2022-07-14,18.1200008392334,15.172403335571289
2022-07-15,18.1299991607666,15.180776596069336
2022-07-18,18.18000030517578,15.222644805908203
2022-07-19,18.389999389648438,15.398481369018555
2022-07-20,18.389999389648438,15.398481369018555
2022-07-21,18.81999969482422,15.75853157043457
2022-07-22,18.670000076293945,15.632932662963867
2022-07-25,19.229999542236328,16.101837158203125
2022-07-26,18.829999923706055,15.766908645629883
2022-07-27,19.40999984741211,16.2525577545166
2022-07-28,19.399999618530273,16.244182586669922
2022-07-29,18.6200008392334,16.23023796081543
2022-08-01,17.969999313354492,15.66366195678711
2022-08-02,17.979999542236328,15.67237663269043
2022-08-03,17.700000762939453,15.428312301635742
2022-08-04,17.709999084472656,15.437030792236328
2022-08-05,18.100000381469727,15.776976585388184
2022-08-08,18.0,15.68980884552002
2022-08-09,17.84000015258789,15.550345420837402
2022-08-10,17.6299991607666,15.367297172546387
2022-08-11,18.100000381469727,15.776976585388184
2022-08-12,18.200000762939453,15.864143371582031
2022-08-15,17.93000030517578,15.628795623779297
2022-08-16,17.84000015258789,15.550345420837402
2022-08-17,17.299999237060547,15.07965087890625
2022-08-18,17.770000457763672,15.48933219909668
2022-08-19,18.010000228881836,15.698529243469238
2022-08-22,17.68000030517578,15.410880088806152
2022-08-23,17.559999465942383,15.306281089782715
2022-08-24,17.059999465942383,14.870452880859375
2022-08-25,17.3700008392334,15.140668869018555
2022-08-26,17.31999969482422,15.097084999084473
2022-08-29,16.6299991607666,14.495640754699707
2022-08-30,16.1299991607666,14.059813499450684
2022-08-31,16.459999084472656,14.347458839416504
2022-09-01,16.389999389648438,14.286444664001465
2022-09-02,15.880000114440918,13.841898918151855
2022-09-06,15.6899995803833,13.676284790039062
2022-09-07,15.449999809265137,13.467086791992188
2022-09-08,15.40999984741211,13.432221412658691
2022-09-09,15.529999732971191,13.536819458007812
2022-09-12,15.630000114440918,13.623985290527344
2022-09-13,15.729999542236328,13.711150169372559
2022-09-14,15.670000076293945,13.658852577209473
2022-09-15,15.5600004196167,13.562971115112305
2022-09-16,15.529999732971191,13.536819458007812
2022-09-19,15.739999771118164,13.719868659973145
2022-09-20,15.680000305175781,13.667569160461426
2022-09-21,15.630000114440918,13.623985290527344
2022-09-22,15.069999694824219,13.135857582092285
2022-09-23,14.829999923706055,12.926660537719727
2022-09-26,14.880000114440918,12.970242500305176
2022-09-27,14.670000076293945,12.787196159362793
2022-09-28,14.920000076293945,13.005109786987305
2022-09-29,13.640000343322754,11.889389991760254
2022-09-30,13.800000190734863,12.028855323791504
2022-10-03,13.829999923706055,12.055005073547363
2022-10-04,14.300000190734863,12.46468448638916
2022-10-05,14.510000228881836,12.64773178100586
2022-10-06,14.460000038146973,12.60414981842041
2022-10-07,13.859999656677246,12.08115291595459
2022-10-10,13.729999542236328,11.967838287353516
2022-10-11,13.850000381469727,12.072439193725586
2022-10-12,13.949999809265137,12.159605026245117
2022-10-13,13.90999984741211,12.124736785888672
2022-10-14,14.020000457763672,12.220620155334473
2022-10-17,14.489999771118164,12.630298614501953
2022-10-18,14.239999771118164,12.412383079528809
2022-10-19,14.140000343322754,12.32521915435791
2022-10-20,14.550000190734863,12.682598114013672
2022-10-21,14.949999809265137,13.031259536743164
2022-10-24,14.149999618530273,12.33393383026123
2022-10-25,15.020000457763672,13.092275619506836
2022-10-26,15.34000015258789,13.37120532989502
2022-10-27,15.699999809265137,13.685002326965332
2022-10-28,15.670000076293945,13.658852577209473
2022-10-31,16.040000915527344,13.981366157531738
2022-11-01,15.989999771118164,13.937783241271973
2022-11-02,14.90999984741211,12.996392250061035
2022-11-03,15.34000015258789,13.37120532989502
2022-11-04,15.979999542236328,13.929064750671387
2022-11-07,16.309999465942383,14.21671199798584
2022-11-08,16.469999313354492,14.356176376342773
2022-11-09,16.059999465942383,13.998796463012695
2022-11-10,17.270000457763672,15.05350112915039
2022-11-11,17.299999237060547,15.07965087890625
2022-11-14,17.170000076293945,14.966336250305176
2022-11-15,17.229999542236328,15.018633842468262
2022-11-16,16.93000030517578,14.7571382522583
2022-11-17,17.149999618530273,14.94890308380127
2022-11-18,16.579999923706055,14.452058792114258
2022-11-21,16.329999923706055,14.234146118164062
2022-11-22,16.40999984741211,14.303876876831055
2022-11-23,16.40999984741211,14.303876876831055
2022-11-25,16.299999237060547,14.207995414733887
2022-11-28,16.229999542236328,14.146979331970215
2022-11-29,16.600000381469727,14.46949291229248
2022-11-30,17.0,14.818153381347656
2022-12-01,16.309999465942383,14.390239715576172
2022-12-02,16.420000076293945,14.487293243408203
2022-12-05,15.989999771118164,14.10790729522705
2022-12-06,16.100000381469727,14.204959869384766
2022-12-07,15.65999984741211,13.81674861907959
2022-12-08,15.619999885559082,13.78145694732666
2022-12-09,15.859999656677246,13.993207931518555
2022-12-12,16.079999923706055,14.187313079833984
2022-12-13,16.010000228881836,14.125551223754883
2022-12-14,16.489999771118164,14.549053192138672
2022-12-15,16.450000762939453,14.513762474060059
2022-12-16,16.5,14.557878494262695
2022-12-19,16.200000762939453,14.293190002441406
2022-12-20,15.890000343322754,14.01967716217041
2022-12-21,16.209999084472656,14.302009582519531
2022-12-22,16.219999313354492,14.310833930969238
2022-12-23,16.170000076293945,14.26672077178955
2022-12-27,16.860000610351562,14.875504493713379
2022-12-28,16.670000076293945,14.707866668701172
2022-12-29,16.450000762939453,14.513762474060059
2022-12-30,16.190000534057617,14.284366607666016
2023-01-03,16.56999969482422,14.619636535644531
2023-01-04,17.040000915527344,15.034316062927246
2023-01-05,16.43000030517578,14.49611759185791
2023-01-06,16.65999984741211,14.699044227600098
2023-01-09,16.600000381469727,14.64610767364502
2023-01-10,16.649999618530273,14.69022274017334
2023-01-11,16.549999237060547,14.601991653442383
2023-01-12,16.510000228881836,14.566699981689453
2023-01-13,16.200000762939453,14.293190002441406
2023-01-17,15.550000190734863,13.719696044921875
2023-01-18,15.449999809265137,13.631465911865234
2023-01-19,15.5600004196167,13.728519439697266
2023-01-20,15.970000267028809,14.090261459350586
2023-01-23,16.200000762939453,14.293190002441406
2023-01-24,16.030000686645508,14.14319896697998
2023-01-25,16.059999465942383,14.169666290283203
2023-01-26,16.43000030517578,14.49611759185791
2023-01-27,16.049999237060547,14.160842895507812
2023-01-30,15.800000190734863,13.94027042388916
2023-01-31,16.030000686645508,14.14319896697998
2023-02-01,16.219999313354492,14.310833930969238
2023-02-02,16.139999389648438,14.240249633789062
2023-02-03,16.260000228881836,14.346126556396484
2023-02-06,16.1299991607666,14.231427192687988
2023-02-07,16.170000076293945,14.26672077178955
2023-02-08,16.600000381469727,14.64610767364502
2023-02-09,17.260000228881836,15.228422164916992
2023-02-10,16.75,14.778451919555664
2023-02-13,16.920000076293945,14.928442001342773
2023-02-14,16.969999313354492,14.972554206848145
2023-02-15,16.899999618530273,14.910796165466309
2023-02-16,17.799999237060547,15.704859733581543
2023-02-17,17.209999084472656,15.184306144714355
2023-02-21,17.739999771118164,15.651923179626465
2023-02-22,17.549999237060547,15.484285354614258
2023-02-23,18.350000381469727,16.190122604370117
2023-02-24,17.799999237060547,15.704859733581543
2023-02-27,18.229999542236328,16.08424949645996
2023-02-28,18.079999923706055,15.951903343200684
2023-03-01,18.600000381469727,16.41069984436035
2023-03-02,18.59000015258789,16.401874542236328
2023-03-03,18.489999771118164,16.313644409179688
2023-03-06,19.079999923706055,16.834197998046875
2023-03-07,18.84000015258789,16.622447967529297
2023-03-08,18.559999465942383,16.375404357910156
2023-03-09,18.350000381469727,16.190122604370117
2023-03-10,18.579999923706055,16.39305305480957
2023-03-13,18.889999389648438,16.666563034057617
2023-03-14,18.809999465942383,16.595979690551758
2023-03-15,18.329999923706055,16.17247772216797
2023-03-16,18.450000762939453,16.27835464477539
2023-03-17,18.829999923706055,16.613624572753906
2023-03-20,18.579999923706055,16.39305305480957
2023-03-21,18.56999969482422,16.384227752685547
2023-03-22,18.559999465942383,16.375404357910156
2023-03-23,20.600000381469727,18.1752872467041
2023-03-24,22.1200008392334,19.51637840270996
2023-03-27,22.100000381469727,19.49873161315918
2023-03-28,21.889999389648438,19.31344985961914
2023-03-29,21.8700008392334,19.295804977416992
2023-03-30,21.219999313354492,18.72231101989746
2023-03-31,21.459999084472656,18.93406105041504
2023-04-03,21.530000686645508,18.99582290649414
2023-04-04,21.709999084472656,19.15463638305664
2023-04-05,21.5,18.9693546295166
2023-04-06,21.739999771118164,19.181106567382812
2023-04-10,21.59000015258789,19.048763275146484
2023-04-11,21.06999969482422,18.589967727661133
2023-04-12,21.389999389648438,18.872303009033203
2023-04-13,21.280000686645508,18.775253295898438
2023-04-14,21.079999923706055,18.598791122436523
2023-04-17,22.270000457763672,19.64872169494629
2023-04-18,21.899999618530273,19.32227325439453
2023-04-19,21.950000762939453,19.366390228271484
2023-04-20,22.18000030517578,19.56931495666504
2023-04-21,21.68000030517578,19.1281681060791
2023-04-24,21.139999389648438,18.651729583740234
2023-04-25,20.229999542236328,17.848840713500977
2023-04-26,20.110000610351562,17.742965698242188
2023-04-27,20.440000534057617,18.034122467041016
2023-04-28,20.34000015258789,17.945890426635742
2023-05-01,20.479999542236328,18.069412231445312
2023-05-02,20.579999923706055,18.157644271850586
2023-05-03,20.950000762939453,18.484092712402344
2023-05-04,21.06999969482422,18.589967727661133
2023-05-05,20.40999984741211,18.007652282714844
2023-05-08,20.149999618530273,17.778255462646484
2023-05-09,19.979999542236328,17.628265380859375
2023-05-10,19.799999237060547,17.469451904296875
2023-05-11,19.610000610351562,17.301816940307617
2023-05-12,19.170000076293945,16.913604736328125
2023-05-15,19.899999618530273,17.55768394470215
2023-05-16,19.65999984741211,17.345930099487305
2023-05-17,19.520000457763672,17.222410202026367
2023-05-18,20.09000015258789,17.725318908691406
2023-05-19,19.93000030517578,17.584150314331055
2023-05-22,20.280000686645508,17.892953872680664
2023-05-23,19.780000686645508,17.451807022094727
2023-05-24,18.299999237060547,16.14600944519043
2023-05-25,18.049999237060547,15.925436019897461
2023-05-26,18.290000915527344,16.13718605041504
2023-05-30,18.799999237060547,16.587158203125
2023-05-31,19.030000686645508,16.790084838867188
2023-06-01,19.309999465942383,17.037126541137695
2023-06-02,19.3799991607666,17.098886489868164
2023-06-05,19.229999542236328,16.966541290283203
2023-06-06,19.0,16.76361656188965
2023-06-07,19.15999984741211,16.904783248901367
2023-06-08,19.239999771118164,16.97536849975586
2023-06-09,19.40999984741211,17.125356674194336
2023-06-12,19.6200008392334,17.310640335083008
2023-06-13,20.75,18.307634353637695
2023-06-14,20.950000762939453,18.484092712402344
2023-06-15,21.420000076293945,18.898771286010742
2023-06-16,21.729999542236328,19.172283172607422
2023-06-20,20.75,18.307634353637695
2023-06-21,20.639999389648438,18.210580825805664
2023-06-22,20.670000076293945,18.237049102783203
2023-06-23,20.450000762939453,18.042945861816406
2023-06-26,20.920000076293945,18.457626342773438
2023-06-27,21.18000030517578,18.687023162841797
2023-06-28,21.34000015258789,18.828187942504883
2023-06-29,21.31999969482422,18.810543060302734
2023-06-30,21.020000457763672,18.545854568481445
2023-07-03,21.360000610351562,18.84583282470703
2023-07-05,21.950000762939453,19.366390228271484
2023-07-06,21.440000534057617,18.91641616821289
2023-07-07,21.639999389648438,19.092876434326172
2023-07-10,21.709999084472656,19.15463638305664
2023-07-11,20.68000030517578,18.24587059020996
2023-07-12,21.3799991607666,18.86347770690918
2023-07-13,21.790000915527344,19.2252197265625
2023-07-14,21.739999771118164,19.181106567382812
2023-07-17,21.649999618530273,19.10169792175293
2023-07-18,21.989999771118164,19.40167999267578
2023-07-19,22.1200008392334,19.51637840270996
2023-07-20,21.719999313354492,19.1634578704834
2023-07-21,22.059999465942383,19.46343994140625
2023-07-24,21.8700008392334,19.295804977416992
2023-07-25,22.09000015258789,19.489910125732422
2023-07-26,20.899999618530273,19.102378845214844
2023-07-27,20.84000015258789,19.04753875732422
2023-07-28,22.549999237060547,20.610458374023438
2023-07-31,22.860000610351562,20.893798828125
2023-08-01,22.389999389648438,20.464221954345703
2023-08-02,21.809999465942383,19.93410873413086
2023-08-03,22.200000762939453,20.290563583374023
2023-08-04,22.299999237060547,20.3819637298584
2023-08-07,22.31999969482422,20.40024185180664
2023-08-08,21.65999984741211,19.79701042175293
2023-08-09,21.6299991607666,19.769588470458984
2023-08-10,20.940000534057617,19.138938903808594
2023-08-11,20.260000228881836,18.517425537109375
2023-08-14,19.81999969482422,18.11526870727539
2023-08-15,19.690000534057617,17.996450424194336
2023-08-16,19.950000762939453,18.234088897705078
2023-08-17,19.440000534057617,17.767953872680664
2023-08-18,18.43000030517578,16.844823837280273
2023-08-21,18.979999542236328,17.347517013549805
2023-08-22,19.31999969482422,17.658275604248047
2023-08-23,19.809999465942383,18.106128692626953
2023-08-24,20.59000015258789,18.819040298461914
2023-08-25,20.540000915527344,18.773344039916992
2023-08-28,21.239999771118164,19.41313362121582
2023-08-29,21.3700008392334,19.531953811645508
2023-08-30,21.959999084472656,20.071205139160156
2023-08-31,22.56999969482422,20.62873649597168
2023-09-01,22.920000076293945,20.948637008666992
2023-09-05,22.6200008392334,20.6744384765625
2023-09-06,21.850000381469727,19.970670700073242
2023-09-07,21.0,19.193777084350586
2023-09-08,21.0,19.193777084350586
2023-09-11,20.8700008392334,19.07495880126953
2023-09-12,20.950000762939453,19.148080825805664
2023-09-13,20.6200008392334,18.84646224975586
2023-09-14,20.8799991607666,19.084096908569336
2023-09-15,20.670000076293945,18.892162322998047
2023-09-18,20.360000610351562,18.608823776245117
2023-09-19,20.350000381469727,18.599685668945312
2023-09-20,20.239999771118164,18.499143600463867
2023-09-21,20.09000015258789,18.36204719543457
2023-09-22,20.809999465942383,19.020118713378906
2023-09-25,20.18000030517578,18.444303512573242
2023-09-26,19.850000381469727,18.142690658569336
2023-09-27,19.799999237060547,18.096988677978516
2023-09-28,20.079999923706055,18.352907180786133
2023-09-29,20.469999313354492,18.709362030029297
2023-10-02,20.219999313354492,18.480865478515625
2023-10-03,20.110000610351562,18.380329132080078
2023-10-04,20.31999969482422,18.572263717651367
2023-10-05,20.399999618530273,18.645381927490234
2023-10-06,21.0,19.193777084350586
2023-10-09,21.170000076293945,19.349153518676758
2023-10-10,22.049999237060547,20.153465270996094
2023-10-11,22.040000915527344,20.14432716369629
2023-10-12,22.190000534057617,20.28142547607422
2023-10-13,22.049999237060547,20.153465270996094
2023-10-16,21.559999465942383,19.705610275268555
2023-10-17,22.040000915527344,20.14432716369629
2023-10-18,19.549999237060547,17.868494033813477
2023-10-19,20.899999618530273,19.102378845214844
2023-10-20,20.850000381469727,19.056676864624023
2023-10-23,20.989999771118164,19.18463706970215
2023-10-24,22.0,20.10776710510254
2023-10-25,22.90999984741211,20.939496994018555
2023-10-26,23.15999984741211,21.167993545532227
2023-10-27,23.200000762939453,21.204553604125977
2023-10-30,24.5,22.39274024963379
2023-10-31,23.200000762939453,21.204553604125977
2023-11-01,22.8799991607666,20.912076950073242
2023-11-02,24.020000457763672,21.954025268554688
2023-11-03,24.420000076293945,22.319622039794922
2023-11-06,24.600000381469727,22.48413848876953
2023-11-07,24.420000076293945,22.319622039794922
2023-11-08,23.510000228881836,21.48788833618164
2023-11-09,23.139999389648438,21.149715423583984
2023-11-10,23.329999923706055,21.323373794555664
2023-11-13,24.270000457763672,22.182523727416992
2023-11-14,24.639999389648438,22.52069854736328
2023-11-15,25.059999465942383,22.904571533203125
2023-11-16,24.149999618530273,22.072843551635742
2023-11-17,24.739999771118164,22.612096786499023
2023-11-20,25.350000381469727,23.169631958007812
2023-11-21,24.25,22.164241790771484
2023-11-22,24.3700008392334,22.273921966552734
2023-11-24,24.5,22.39274024963379
2023-11-27,24.799999237060547,22.666933059692383
2023-11-28,24.81999969482422,22.874298095703125
2023-11-29,24.440000534057617,22.524089813232422
2023-11-30,24.65999984741211,22.72684097290039
2023-12-01,24.479999542236328,22.560951232910156
2023-12-04,25.149999618530273,23.178428649902344
2023-12-05,22.81999969482422,21.031082153320312
2023-12-06,24.739999771118164,22.800569534301758
2023-12-07,24.489999771118164,22.570167541503906
2023-12-08,24.360000610351562,22.450359344482422
2023-12-11,25.350000381469727,23.362751007080078
2023-12-12,25.020000457763672,23.05862045288086
2023-12-13,25.579999923706055,23.574718475341797
2023-12-14,26.780000686645508,24.68065071105957
2023-12-15,25.989999771118164,23.952579498291016
2023-12-18,26.1200008392334,24.072389602661133
2023-12-19,26.459999084472656,24.385732650756836
2023-12-20,26.18000030517578,24.127683639526367
2023-12-21,26.649999618530273,24.560840606689453
2023-12-22,26.479999542236328,24.40416717529297
2023-12-26,26.59000015258789,24.505542755126953
2023-12-27,27.389999389648438,25.242828369140625
2023-12-28,27.940000534057617,25.749713897705078
2023-12-29,27.969999313354492,25.777362823486328
2024-01-02,27.889999389648438,25.703632354736328
2024-01-03,26.950000762939453,24.837324142456055
2024-01-04,27.239999771118164,25.104589462280273
2024-01-05,26.239999771118164,24.182979583740234
2024-01-08,26.270000457763672,24.210630416870117
2024-01-09,26.989999771118164,24.874187469482422
2024-01-10,26.59000015258789,24.505542755126953
2024-01-11,26.93000030517578,24.818891525268555
2024-01-12,27.040000915527344,24.920269012451172
2024-01-16,25.25,23.27058982849121
2024-01-17,24.399999618530273,22.48722267150879
2024-01-18,24.8799991607666,22.929595947265625
2024-01-19,25.420000076293945,23.427263259887695
2024-01-22,25.329999923706055,23.344318389892578
2024-01-23,25.899999618530273,23.8696346282959
2024-01-24,26.1200008392334,24.072389602661133
2024-01-25,26.110000610351562,24.06317138671875
2024-01-26,23.8799991607666,22.007984161376953
2024-01-29,22.420000076293945,20.66244125366211
2024-01-30,21.889999389648438,20.173986434936523
2024-01-31,20.940000534057617,19.2984619140625
2024-02-01,21.030000686645508,19.381404876708984
2024-02-02,20.329999923706055,18.73628044128418
2024-02-05,20.260000228881836,18.67176628112793
2024-02-06,21.829999923706055,20.118690490722656
2024-02-07,20.84000015258789,19.206300735473633
2024-02-08,20.829999923706055,19.19708251953125
2024-02-09,20.920000076293945,19.280029296875
2024-02-12,21.260000228881836,19.5933780670166
2024-02-13,20.709999084472656,19.086490631103516
2024-02-14,21.079999923706055,19.427486419677734
2024-02-15,21.360000610351562,19.685537338256836
2024-02-16,21.3799991607666,19.703968048095703
2024-02-20,21.040000915527344,19.390623092651367
2024-02-21,21.829999923706055,20.118690490722656
2024-02-22,22.059999465942383,20.33066177368164
2024-02-23,22.0,20.275365829467773
2024-02-26,22.75,20.966569900512695
2024-02-27,22.809999465942383,21.021867752075195
2024-02-28,21.920000076293945,20.201637268066406
2024-02-29,22.1200008392334,20.385957717895508
2024-03-01,23.420000076293945,21.584047317504883
2024-03-04,24.6299991607666,22.69919204711914
2024-03-05,24.43000030517578,22.51487159729004
2024-03-06,24.489999771118164,22.570167541503906
2024-03-07,24.43000030517578,22.51487159729004
2024-03-08,24.329999923706055,22.422710418701172
2024-03-11,24.020000457763672,22.137014389038086
2024-03-12,24.530000686645508,22.607032775878906
2024-03-13,25.020000457763672,23.05862045288086
2024-03-14,24.3799991607666,22.46879005432129
2024-03-15,24.229999542236328,22.330551147460938
2024-03-18,24.239999771118164,22.339767456054688
2024-03-19,24.139999389648438,22.247604370117188
2024-03-20,24.329999923706055,22.422710418701172
2024-03-21,24.59000015258789,22.662328720092773
2024-03-22,24.850000381469727,22.901947021484375
2024-03-25,23.059999465942383,21.252269744873047
2024-03-26,23.360000610351562,21.52875328063965
2024-03-27,23.399999618530273,21.565614700317383
2024-03-28,23.1200008392334,21.307567596435547
2024-04-01,23.420000076293945,21.584047317504883
2024-04-02,22.809999465942383,21.021867752075195
2024-04-03,22.200000762939453,20.45969009399414
2024-04-04,22.0,20.275365829467773
2024-04-05,22.18000030517578,20.441255569458008
2024-04-08,22.59000015258789,20.81911277770996
2024-04-09,22.420000076293945,20.66244125366211
2024-04-10,22.049999237060547,20.321443557739258
2024-04-11,22.020000457763672,20.29379653930664
2024-04-12,21.0,19.353757858276367
2024-04-15,21.549999237060547,19.860641479492188
2024-04-16,21.010000228881836,19.362974166870117
2024-04-17,21.1200008392334,19.4643497467041
2024-04-18,20.780000686645508,19.151004791259766
2024-04-19,20.93000030517578,19.28924560546875
2024-04-22,20.799999237060547,19.169435501098633
2024-04-23,21.139999389648438,19.4827823638916
2024-04-24,21.93000030517578,20.210853576660156
2024-04-25,22.59000015258789,20.81911277770996
2024-04-26,22.979999542236328,21.178539276123047
2024-04-29,22.940000534057617,21.14167594909668
2024-04-30,22.549999237060547,20.782249450683594
2024-05-01,22.489999771118164,20.726953506469727
2024-05-02,23.530000686645508,21.6854248046875
2024-05-03,23.540000915527344,21.69464111328125
2024-05-06,23.59000015258789,21.740720748901367
2024-05-07,24.040000915527344,22.155447006225586
2024-05-08,24.020000457763672,22.137014389038086
2024-05-09,26.229999542236328,24.173765182495117
2024-05-10,25.760000228881836,23.740610122680664
2024-05-13,26.020000457763672,23.980228424072266
2024-05-14,26.270000457763672,24.210630416870117
2024-05-15,26.6200008392334,24.533191680908203
2024-05-16,26.670000076293945,24.579273223876953
2024-05-17,26.450000762939453,24.37652015686035
2024-05-20,26.079999923706055,24.035524368286133
2024-05-21,26.110000610351562,24.06317138671875
2024-05-22,28.889999389648438,26.625240325927734
2024-05-23,28.719999313354492,26.468568801879883
2024-05-24,28.479999542236328,26.24738121032715
2024-05-28,30.1299991607666,27.768033981323242
2024-05-29,29.6200008392334,27.298015594482422
2024-05-30,30.09000015258789,27.731170654296875
2024-05-31,28.860000610351562,26.597593307495117
2024-06-03,28.84000015258789,26.579160690307617
2024-06-04,28.850000381469727,26.588376998901367
2024-06-05,28.510000228881836,26.2750301361084
2024-06-06,29.309999465942383,27.012313842773438
2024-06-07,27.0,24.88340187072754
2024-06-10,27.200000762939453,25.067724227905273
2024-06-11,27.75,25.574607849121094
2024-06-12,27.479999542236328,25.32577133178711
2024-06-13,27.65999984741211,25.49166488647461
2024-06-14,27.31999969482422,25.178316116333008
2024-06-17,27.600000381469727,25.436368942260742
2024-06-18,28.6200008392334,26.37640953063965
2024-06-20,30.5,28.10902976989746
2024-06-21,30.469999313354492,28.08138084411621
2024-06-24,29.860000610351562,27.51919937133789
2024-06-25,28.850000381469727,26.588376998901367
2024-06-26,28.850000381469727,26.588376998901367
2024-06-27,28.510000228881836,26.2750301361084
2024-06-28,28.309999465942383,26.090707778930664
2024-07-01,28.09000015258789,25.88795280456543
2024-07-02,28.489999771118164,26.25659942626953
2024-07-03,28.399999618530273,26.17365264892578
2024-07-05,28.200000762939453,25.98933219909668
2024-07-08,28.059999465942383,25.860305786132812
2024-07-09,29.100000381469727,26.81877899169922
2024-07-10,29.010000228881836,26.7358341217041
2024-07-11,29.31999969482422,27.021530151367188
2024-07-12,28.59000015258789,26.3487606048584
2024-07-15,27.81999969482422,25.63912010192871
2024-07-16,27.579999923706055,25.417936325073242
2024-07-17,26.90999984741211,24.800458908081055
2024-07-18,26.739999771118164,24.64378547668457
2024-07-19,26.0,23.9617977142334
2024-07-22,27.190000534057617,25.058507919311523
2024-07-23,26.780000686645508,24.68065071105957
2024-07-24,26.049999237060547,24.00787353515625
2024-07-25,25.170000076293945,23.196861267089844
2024-07-26,25.459999084472656,23.464126586914062
2024-07-29,25.549999237060547,23.54707145690918
2024-07-30,25.399999618530273,23.408830642700195
2024-07-31,26.540000915527344,24.459463119506836
2024-08-01,25.200000762939453,23.916597366333008
2024-08-02,24.68000030517578,23.423078536987305
2024-08-05,24.520000457763672,23.27122688293457
2024-08-06,24.84000015258789,23.574928283691406
2024-08-07,24.68000030517578,23.423078536987305
2024-08-08,25.530000686645508,24.22978973388672
2024-08-09,25.540000915527344,24.239280700683594
2024-08-12,26.420000076293945,25.074462890625
2024-08-13,26.030000686645508,24.70432472229004
2024-08-14,25.729999542236328,24.41960334777832
2024-08-15,26.020000457763672,24.694833755493164
2024-08-16,24.979999542236328,23.707799911499023
2024-08-19,24.899999618530273,23.631872177124023
2024-08-20,24.1299991607666,22.901086807250977
2024-08-21,23.889999389648438,22.67331314086914
2024-08-22,24.329999923706055,23.09090232849121
2024-08-23,24.06999969482422,22.84414291381836
2024-08-26,24.149999618530273,22.92007064819336
2024-08-27,24.530000686645508,23.280717849731445
2024-08-28,24.0,22.777708053588867
2024-08-29,24.25,23.014976501464844
2024-08-30,24.420000076293945,23.176319122314453
2024-09-03,23.8799991607666,22.663818359375
2024-09-04,23.989999771118164,22.768218994140625
2024-09-05,23.75,22.54043960571289
2024-09-06,23.5,22.30317497253418
2024-09-09,23.469999313354492,22.274700164794922
2024-09-10,22.8700008392334,21.705259323120117
2024-09-11,23.15999984741211,21.98048973083496
2024-09-12,23.360000610351562,22.170305252075195
2024-09-13,23.639999389648438,22.436044692993164
2024-09-16,24.059999465942383,22.834651947021484
2024-09-17,24.100000381469727,22.872617721557617
2024-09-18,24.100000381469727,22.872617721557617
2024-09-19,24.25,23.014976501464844
2024-09-20,24.100000381469727,22.872617721557617
2024-09-23,24.969999313354492,23.698307037353516
2024-09-24,26.219999313354492,24.884647369384766
2024-09-25,25.31999969482422,24.03048324584961
2024-09-26,27.170000076293945,25.786264419555664
2024-09-27,28.200000762939453,26.763809204101562
2024-09-30,26.799999237060547,25.435108184814453
2024-10-01,27.149999618530273,25.767282485961914
2024-10-02,28.770000457763672,27.304779052734375
2024-10-03,27.760000228881836,26.346216201782227
2024-10-04,28.600000381469727,27.143436431884766
2024-10-07,30.149999618530273,28.614498138427734
2024-10-08,27.030000686645508,25.653396606445312
2024-10-09,27.360000610351562,25.966588973999023
2024-10-10,27.6200008392334,26.213346481323242
2024-10-11,27.790000915527344,26.374691009521484
2024-10-14,28.540000915527344,27.08649253845215
2024-10-15,27.8700008392334,26.45061492919922
2024-10-16,28.530000686645508,27.077003479003906
2024-10-17,28.09000015258789,26.659408569335938
2024-10-18,29.860000610351562,28.339265823364258
2024-10-21,29.709999084472656,28.1969051361084
2024-10-22,28.90999984741211,27.43764877319336
2024-10-23,28.260000228881836,26.82075309753418
2024-10-24,27.889999389648438,26.469594955444336
2024-10-25,28.190000534057617,26.754318237304688
2024-10-28,28.059999465942383,26.630937576293945
2024-10-29,27.65999984741211,26.251310348510742
2024-10-30,27.010000228881836,25.63441276550293
2024-10-31,26.479999542236328,25.131406784057617
2024-11-01,26.489999771118164,25.14089584350586
2024-11-04,26.670000076293945,25.311729431152344
2024-11-05,26.940000534057617,25.567977905273438
2024-11-06,25.65999984741211,24.353168487548828
2024-11-07,25.309999465942383,24.0209903717041
2024-11-08,24.84000015258789,23.574928283691406
2024-11-11,25.670000076293945,24.362659454345703
2024-11-12,24.5,23.25224494934082
2024-11-13,24.780000686645508,23.517986297607422
2024-11-14,24.030000686645508,22.806182861328125
2024-11-15,23.889999389648438,22.67331314086914
2024-11-18,23.299999237060547,22.113359451293945
2024-11-19,23.190000534057617,22.008962631225586
2024-11-20,23.18000030517578,21.99947166442871
2024-11-21,23.719999313354492,22.5119686126709
2024-11-22,23.360000610351562,22.170305252075195
2024-11-25,23.579999923706055,22.379098892211914
2024-11-26,23.3700008392334,22.17979621887207
2024-11-27,23.90999984741211,22.905963897705078
2024-11-29,23.649999618530273,22.65688133239746
2024-12-02,23.299999237060547,22.321578979492188
2024-12-03,24.34000015258789,23.317907333374023
2024-12-04,23.920000076293945,22.915544509887695
2024-12-05,23.709999084472656,22.7143611907959
2024-12-06,23.700000762939453,22.704784393310547
2024-12-09,24.8700008392334,23.825651168823242
2024-12-10,24.459999084472656,23.4328670501709
2024-12-11,24.06999969482422,23.05924415588379
2024-12-12,24.1299991607666,23.116724014282227
2024-12-13,23.43000030517578,22.446121215820312
2024-12-16,23.479999542236328,22.494020462036133
2024-12-17,23.610000610351562,22.618560791015625
2024-12-18,23.700000762939453,22.704784393310547
2024-12-19,23.8700008392334,22.867643356323242
2024-12-20,24.3799991607666,23.356225967407227
2024-12-23,24.299999237060547,23.279586791992188
2024-12-24,25.059999465942383,24.007671356201172
2024-12-26,25.010000228881836,23.959774017333984
2024-12-27,27.010000228881836,25.87578773498535
2024-12-30,26.049999237060547,24.956098556518555
2024-12-31,25.75,24.668699264526367
2025-01-02,25.079999923706055,24.026832580566406
2025-01-03,25.280000686645508,24.218435287475586
2025-01-06,25.40999984741211,24.342975616455078
2025-01-07,24.93000030517578,23.88313102722168
2025-01-08,24.3799991607666,23.356225967407227
2025-01-10,23.8799991607666,22.877222061157227
2025-01-13,23.860000610351562,22.858064651489258
2025-01-14,23.889999389648438,22.886804580688477
2025-01-15,23.780000686645508,22.781423568725586
2025-01-16,23.790000915527344,22.791004180908203
2025-01-17,23.989999771118164,22.98260498046875
2025-01-21,24.1299991607666,23.116724014282227
2025-01-22,23.790000915527344,22.791004180908203
2025-01-23,23.780000686645508,22.781423568725586
2025-01-24,24.420000076293945,23.394548416137695
2025-01-27,24.469999313354492,23.442447662353516
2025-01-28,24.030000686645508,23.020925521850586
2025-01-29,24.170000076293945,23.155046463012695
2025-01-30,24.190000534057617,23.174205780029297
2025-01-31,24.1200008392334,23.107147216796875
2025-02-03,25.399999618530273,24.33339500427246
2025-02-04,27.1299991607666,25.990747451782227
2025-02-05,28.040000915527344,26.862537384033203
2025-02-06,29.399999618530273,28.165424346923828
2025-02-07,31.18000030517578,29.870681762695312
2025-02-10,31.25,29.937740325927734
2025-02-11,31.200000762939453,29.889841079711914
2025-02-12,32.93000030517578,31.54719352722168
2025-02-13,31.3799991607666,30.062280654907227
2025-02-14,32.25,30.895748138427734
2025-02-18,31.850000381469727,30.51254653930664
2025-02-19,31.979999542236328,30.637086868286133
2025-02-20,30.90999984741211,29.612016677856445
2025-02-21,34.65999984741211,33.20454788208008
2025-02-24,32.970001220703125,31.585514068603516
2025-02-25,33.130001068115234,31.738798141479492
2025-02-26,32.54999923706055,31.183149337768555
2025-02-27,31.450000762939453,30.129343032836914
2025-02-28,29.8700008392334,28.615692138671875
2025-03-03,29.1200008392334,27.897184371948242
2025-03-04,29.489999771118164,28.25164794921875
2025-03-05,31.329999923706055,30.014381408691406
2025-03-06,31.770000457763672,30.435903549194336
2025-03-07,32.459999084472656,31.0969295501709
2025-03-10,31.610000610351562,30.282623291015625
2025-03-11,32.11000061035156,30.761629104614258
2025-03-12,29.959999084472656,28.7019100189209
2025-03-13,29.540000915527344,28.299549102783203
2025-03-14,30.200000762939453,28.931833267211914
2025-03-17,30.809999465942383,29.516216278076172
2025-03-18,30.549999237060547,29.267133712768555
2025-03-19,30.6200008392334,29.334196090698242
2025-03-20,29.760000228881836,28.51030921936035
2025-03-21,28.899999618530273,27.68642234802246
2025-03-24,29.299999237060547,28.069625854492188
2025-03-25,29.229999542236328,28.002565383911133
2025-03-26,29.3799991607666,28.146265029907227
2025-03-27,29.469999313354492,28.232486724853516
2025-03-28,27.510000228881836,26.35479164123535
2025-03-31,26.979999542236328,25.847047805786133
2025-04-01,27.420000076293945,26.268569946289062
2025-04-02,27.3799991607666,26.23025131225586
2025-04-03,25.309999465942383,24.247173309326172
2025-04-04,23.540000915527344,22.551502227783203
2025-04-07,20.110000610351562,19.265535354614258
2025-04-08,19.200000762939453,18.393747329711914
2025-04-09,20.059999465942383,19.217634201049805
2025-04-10,20.190000534057617,19.342174530029297
2025-04-11,20.790000915527344,19.916980743408203
2025-04-14,21.299999237060547,20.405563354492188
2025-04-15,21.149999618530273,20.26186180114746
2025-04-16,20.18000030517578,19.332595825195312
2025-04-17,20.43000030517578,19.572097778320312
2025-04-21,20.399999618530273,19.54335594177246
2025-04-22,21.65999984741211,20.750446319580078
2025-04-23,22.030000686645508,21.104909896850586
2025-04-24,22.489999771118164,21.54559326171875
2025-04-25,22.989999771118164,22.02459716796875
2025-04-28,22.610000610351562,21.660554885864258
2025-04-29,22.75,21.794673919677734
2025-04-30,23.049999237060547,22.082077026367188
2025-05-01,23.020000457763672,22.05333709716797
2025-05-02,23.760000228881836,22.762264251708984
2025-05-05,24.0,22.992183685302734
2025-05-06,24.200000762939453,23.183786392211914
2025-05-07,23.459999084472656,22.4748592376709
2025-05-08,23.459999084472656,22.4748592376709
2025-05-09,23.90999984741211,22.905963897705078
2025-05-12,26.18000030517578,25.08064079284668
2025-05-13,26.0,24.908201217651367
2025-05-14,25.8700008392334,24.783660888671875
2025-05-15,25.079999923706055,24.026832580566406
2025-05-16,25.270000457763672,24.2088565826416
2025-05-19,25.6200008392334,24.544158935546875
2025-05-20,25.68000030517578,24.601638793945312
2025-05-21,25.700000762939453,24.620798110961914
2025-05-22,24.549999237060547,23.519088745117188
2025-05-23,24.1299991607666,23.116724014282227
2025-05-27,23.790000915527344,22.791004180908203
2025-05-28,23.25,22.273679733276367
2025-05-29,23.8700008392334,22.867643356323242
2025-05-30,22.899999618530273,21.938377380371094
2025-06-02,23.079999923706055,22.110816955566406
2025-06-03,22.920000076293945,21.957536697387695
2025-06-04,22.950000762939453,21.986276626586914
2025-06-05,23.239999771118164,22.26409912109375
2025-06-06,23.3700008392334,22.388641357421875
2025-06-09,23.670000076293945,22.676042556762695
2025-06-10,23.56999969482422,22.580242156982422
2025-06-11,23.950000762939453,22.944284439086914
2025-06-12,24.010000228881836,23.00176429748535
2025-06-13,23.209999084472656,22.2353572845459
2025-06-16,23.540000915527344,22.551502227783203
2025-06-17,23.270000457763672,22.29283905029297
2025-06-18,23.100000381469727,22.12997817993164
2025-06-20,22.93000030517578,21.967117309570312
2025-06-23,23.170000076293945,22.197038650512695
2025-06-24,23.799999237060547,22.800582885742188
2025-06-25,23.40999984741211,22.426959991455078
2025-06-26,24.040000915527344,23.030506134033203
2025-06-27,24.06999969482422,23.05924415588379
2025-06-30,24.09000015258789,23.078405380249023
2025-07-01,24.149999618530273,23.135887145996094
2025-07-02,24.1200008392334,23.107147216796875
2025-07-03,24.729999542236328,23.6915283203125
2025-07-07,24.200000762939453,23.183786392211914
2025-07-08,24.6200008392334,23.586151123046875
2025-07-09,24.40999984741211,23.384965896606445
2025-07-10,24.34000015258789,23.317907333374023
2025-07-11,24.790000915527344,23.749011993408203
2025-07-14,25.079999923706055,24.026832580566406
2025-07-15,25.700000762939453,24.620798110961914
2025-07-16,25.559999465942383,24.486675262451172
2025-07-17,26.170000076293945,25.071060180664062
2025-07-18,25.760000228881836,24.67827796936035
2025-07-21,26.1299991607666,25.03274154663086
2025-07-22,25.959999084472656,24.8698787689209
2025-07-23,26.049999237060547,24.956098556518555
2025-07-24,26.329999923706055,25.224342346191406
2025-07-25,26.670000076293945,25.550065994262695
2025-07-28,26.559999465942383,25.444683074951172
2025-07-29,27.010000228881836,25.87578773498535
2025-07-30,26.299999237060547,25.195600509643555
2025-07-31,26.030000686645508,25.69811248779297
2025-08-01,25.559999465942383,25.23410415649414
2025-08-04,27.049999237060547,26.705106735229492
2025-08-05,28.280000686645508,27.919424057006836
2025-08-06,28.1299991607666,27.77133560180664
2025-08-07,28.229999542236328,27.87006187438965
2025-08-08,28.200000762939453,27.840444564819336
2025-08-11,28.079999923706055,27.721973419189453
2025-08-12,28.8700008392334,28.501901626586914
2025-08-13,29.540000915527344,29.163360595703125
2025-08-14,27.399999618530273,27.050643920898438
2025-08-15,27.59000015258789,27.238222122192383
2025-08-18,28.59000015258789,28.22547149658203
2025-08-19,27.969999313354492,27.61337661743164
2025-08-20,28.270000457763672,27.9095516204834
2025-08-21,28.209999084472656,27.85031509399414
2025-08-22,27.899999618530273,27.544269561767578
2025-08-25,28.299999237060547,27.93916893005371
2025-08-26,28.59000015258789,28.22547149658203
2025-08-27,28.100000381469727,27.74172019958496
2025-08-28,29.170000076293945,28.798076629638672
2025-08-29,28.65999984741211,28.294578552246094
2025-09-02,28.149999618530273,27.791080474853516
2025-09-03,27.8799991607666,27.52452278137207
2025-09-04,27.309999465942383,26.9617919921875
2025-09-05,28.280000686645508,27.919424057006836
2025-09-08,27.549999237060547,27.19873046875
2025-09-09,27.969999313354492,27.61337661743164
2025-09-10,28.850000381469727,28.48215675354004
2025-09-11,30.149999618530273,29.765581130981445
2025-09-12,30.280000686645508,29.893924713134766
2025-09-15,29.8799991607666,29.4990234375
2025-09-16,30.309999465942383,29.923540115356445
2025-09-17,30.81999969482422,30.427038192749023
2025-09-18,30.729999542236328,30.338186264038086
2025-09-19,30.84000015258789,30.4467830657959
2025-09-22,31.579999923706055,31.177349090576172
2025-09-23,30.549999237060547,30.160480499267578
2025-09-24,30.809999465942383,30.417165756225586
2025-09-25,29.729999542236328,29.350934982299805
2025-09-26,29.809999465942383,29.429916381835938
2025-09-29,29.760000228881836,29.38055419921875
2025-09-30,29.799999237060547,29.4200439453125
2025-10-01,29.90999984741211,29.528640747070312
2025-10-02,30.260000228881836,29.87417984008789
2025-10-03,30.309999465942383,29.923540115356445
2025-10-06,30.399999618530273,30.012393951416016
2025-10-07,29.889999389648438,29.508895874023438
2025-10-08,30.469999313354492,30.081501007080078
2025-10-09,31.75,31.34518051147461
2025-10-10,30.0,29.617494583129883
2025-10-13,30.239999771118164,29.854433059692383
2025-10-14,29.459999084472656,29.08437728881836
2025-10-15,29.719999313354492,29.341062545776367
2025-10-16,29.6299991607666,29.25221061706543
2025-10-17,29.5,29.123868942260742
2025-10-20,29.600000381469727,29.222593307495117
2025-10-21,29.479999542236328,29.104124069213867
2025-10-22,28.700000762939453,28.334070205688477
2025-10-23,29.270000457763672,28.896800994873047
2025-10-24,29.780000686645508,29.400299072265625
2025-10-27,30.200000762939453,29.814945220947266
2025-10-28,30.1200008392334,29.735963821411133
2025-10-29,30.059999465942383,29.676727294921875
2025-10-30,29.649999618530273,29.271955490112305
2025-10-31,29.239999771118164,28.867183685302734
2025-11-03,29.489999771118164,29.113996505737305
2025-11-04,29.200000762939453,28.827693939208984
2025-11-05,28.959999084472656,28.59075355529785
2025-11-06,29.030000686645508,28.659862518310547
2025-11-07,28.719999313354492,28.35381317138672
2025-11-10,28.40999984741211,28.047765731811523
2025-11-11,28.079999923706055,27.721973419189453
2025-11-12,28.219999313354492,27.860187530517578
2025-11-13,27.6200008392334,27.267839431762695
2025-11-14,26.979999542236328,26.63599967956543
2025-11-17,25.549999237060547,25.224231719970703
2025-11-18,24.889999389648438,24.572647094726562
2025-11-19,24.719999313354492,24.404813766479492
2025-11-20,24.200000762939453,23.89144515991211
2025-11-21,25.18000030517578,24.858949661254883
2025-11-24,25.139999389648438,24.819459915161133
2025-11-25,25.239999771118164,24.918184280395508
2025-11-26,25.040000915527344,24.720735549926758
2025-11-28,24.969999313354492,24.651626586914062
2025-12-01,25.18000030517578,24.858949661254883
2025-12-02,25.530000686645508,25.20448875427246
2025-12-03,25.3799991607666,25.056398391723633
2025-12-04,25.459999084472656,25.135377883911133
2025-12-05,25.75,25.421682357788086
2025-12-08,25.579999923706055,25.253849029541016
2025-12-09,25.079999923706055,24.760225296020508
2025-12-10,25.440000534057617,25.11563491821289
2025-12-11,24.5,24.187620162963867
2025-12-12,24.5,24.187620162963867
2025-12-15,24.459999084472656,24.148128509521484
2025-12-16,24.8799991607666,24.562774658203125
2025-12-17,24.31999969482422,24.00991439819336
2025-12-18,24.229999542236328,23.921062469482422
2025-12-19,23.8700008392334,23.56565284729004
2025-12-22,23.729999542236328,23.42743682861328
2025-12-23,23.979999542236328,23.67424964904785
2025-12-24,24.010000228881836,23.703866958618164
2025-12-26,24.239999771118164,23.93093490600586
2025-12-29,23.75,23.447181701660156
2025-12-30,23.860000610351562,23.5557804107666
2025-12-31,23.690000534057617,23.387948989868164
2026-01-02,24.600000381469727,24.286344528198242
2026-01-05,24.719999313354492,24.404813766479492
2026-01-06,24.260000228881836,23.950679779052734
2026-01-07,23.59000015258789,23.289222717285156
2026-01-08,22.670000076293945,22.380952835083008
2026-01-09,23.010000228881836,22.716617584228516
2026-01-12,23.360000610351562,23.062156677246094
2026-01-13,22.799999237060547,22.509294509887695
2026-01-14,22.969999313354492,22.677127838134766
2026-01-15,23.229999542236328,22.933813095092773
2026-01-16,22.639999389648438,22.351335525512695
2026-01-20,22.5,22.213119506835938
2026-01-21,22.31999969482422,22.035415649414062
2026-01-22,22.309999465942383,22.025543212890625
2026-01-23,22.75,22.459932327270508
2026-01-26,22.489999771118164,22.2032470703125
2026-01-27,22.93000030517578,22.637638092041016
2026-01-28,22.989999771118164,22.69687271118164
2026-01-29,23.1200008392334,22.82521629333496
2026-01-30,22.610000610351562,22.321718215942383
2026-02-02,23.31999969482422,23.02266502380371
2026-02-03,23.440000534057617,23.141136169433594
2026-02-04,22.799999237060547,22.509294509887695
2026-02-05,23.610000610351562,23.30896759033203
2026-02-06,24.149999618530273,23.842082977294922
2026-02-09,23.700000762939453,23.3978214263916
2026-02-10,23.950000762939453,23.64463233947754
2026-02-11,24.219999313354492,23.911190032958984
2026-02-12,22.959999084472656,22.667253494262695
2026-02-13,23.600000381469727,23.299095153808594
2026-02-17,23.809999465942383,23.50641632080078
2026-02-18,23.860000610351562,23.5557804107666
2026-02-19,23.690000534057617,23.387948989868164
2026-02-20,24.030000686645508,23.723613739013672
2026-02-23,23.799999237060547,23.496543884277344
2026-02-24,24.610000610351562,24.296218872070312
2026-02-25,24.75,24.434432983398438
2026-02-26,24.559999465942383,24.246854782104492
2026-02-27,24.780000686645508,24.46405029296875
2026-03-02,24.34000015258789,24.029659271240234
2026-03-03,23.770000457763672,23.466928482055664
2026-03-04,24.1299991607666,23.822336196899414
2026-03-05,23.31999969482422,23.02266502380371
2026-03-06,23.65999984741211,23.35832977294922
2026-03-09,23.670000076293945,23.368202209472656
2026-03-10,24.15999984741211,23.85195541381836
2026-03-11,24.540000915527344,24.227109909057617
2026-03-12,24.389999389648438,24.079021453857422
2026-03-13,23.920000076293945,23.615015029907227
2026-03-16,24.559999465942383,24.246854782104492
2026-03-17,24.329999923706055,24.019786834716797
2026-03-18,24.06999969482422,23.76310157775879
2026-03-19,23.93000030517578,23.624887466430664
2026-03-20,23.010000228881836,22.716617584228516
2026-03-23,23.170000076293945,22.87457847595215
2026-03-24,23.520000457763672,23.220115661621094
2026-03-25,23.940000534057617,23.6347599029541
2026-03-26,23.829999923706055,23.52616310119629
2026-03-27,23.709999084472656,23.407691955566406
2026-03-30,23.469999313354492,23.170751571655273
2026-03-31,23.93000030517578,23.624887466430664
2026-04-01,24.479999542236328,24.167875289916992
2026-04-02,24.81999969482422,24.5035400390625
2026-04-06,24.959999084472656,24.641754150390625
2026-04-07,24.889999389648438,24.572647094726562
2026-04-08,25.6299991607666,25.303211212158203
2026-04-09,25.389999389648438,25.06627082824707
2026-04-10,25.780000686645508,25.4512996673584
2026-04-13,26.040000915527344,25.707984924316406
2026-04-14,26.899999618530273,26.557018280029297
2026-04-15,27.110000610351562,26.76434326171875
2026-04-16,28.25,27.889806747436523
2026-04-17,29.200000762939453,28.827693939208984
2026-04-20,28.719999313354492,28.35381317138672
2026-04-21,27.760000228881836,27.40605354309082
2026-04-22,29.540000915527344,29.163360595703125
2026-04-23,29.649999618530273,29.271955490112305
2026-04-24,30.65999984741211,30.269079208374023
2026-04-27,30.790000915527344,30.397422790527344
2026-04-28,30.15999984741211,29.775453567504883
2026-04-29,29.989999771118164,29.607620239257812
2026-04-30,30.190000534057617,29.805070877075195
2026-05-01,30.3700008392334,29.982776641845703
2026-05-04,29.579999923706055,29.202848434448242
2026-05-05,29.799999237060547,29.4200439453125
2026-05-06,31.530000686645508,31.127986907958984
2026-05-07,31.899999618530273,31.493267059326172
2026-05-08,32.20000076293945,31.789443969726562
2026-05-11,34.43000030517578,33.99100875854492
2026-05-12,33.11000061035156,32.68783950805664
2026-05-13,33.65999984741211,33.23082733154297
2026-05-14,33.380001068115234,32.95439910888672
2026-05-15,31.489999771118164,31.0884952545166
2026-05-18,32.31999969482422,31.907913208007812
2026-05-19,32.43000030517578,32.016510009765625
2026-05-20,33.86000061035156,33.428279876708984
2026-05-21,33.91999816894531,33.487510681152344
2026-05-22,40.16999816894531,39.65782165527344
2026-05-26,46.72999954223633,46.13418197631836
2026-05-27,48.529998779296875,47.911231994628906
2026-05-28,50.720001220703125,50.07331085205078
2026-05-29,61.599998474121094,60.8145866394043
2026-06-01,67.0999984741211,66.24446105957031
2026-06-02,66.98999786376953,66.1358642578125
2026-06-03,64.8499984741211,64.02314758300781
2026-06-04,62.58000183105469,61.7820930480957
2026-06-05,60.029998779296875,59.26460266113281
2026-06-08,62.869998931884766,62.06839370727539
2026-06-09,63.72999954223633,62.91742706298828
2026-06-10,58.040000915527344,57.29998016357422
2026-06-11,59.369998931884766,58.61301803588867
2026-06-12,57.25,56.520050048828125
2026-06-15,62.40999984741211,61.6142578125
2026-06-16,64.73999786376953,63.91455078125
2026-06-17,61.29999923706055,60.518409729003906
2026-06-18,60.95000076293945,60.172874450683594
2026-06-22,59.529998779296875,58.77097702026367
2026-06-23,57.15999984741211,56.43119812011719
2026-06-24,58.29999923706055,57.556663513183594
2026-06-25,60.5,59.72861099243164
2026-06-26,60.470001220703125,59.698997497558594
2026-06-29,54.79999923706055,54.101287841796875
2026-06-30,59.2400016784668,58.48468017578125
2026-07-01,59.279998779296875,58.524166107177734
2026-07-02,56.209999084472656,55.493309020996094
2026-07-06,53.29999923706055,52.62041473388672
2026-07-07,53.5099983215332,52.827735900878906
2026-07-08,57.959999084472656,57.22099685668945
2026-07-09,62.939998626708984,62.13750076293945
2026-07-10,62.900001525878906,62.09801483154297
2026-07-13,59.150001525878906,58.39582824707031
2026-07-14,60.20000076293945,59.432437896728516
2026-07-15,59.810001373291016,59.04741287231445
2026-07-16,56.470001220703125,55.749996185302734
2026-07-17,55.08000183105469,54.37771987915039
2026-07-20,54.04999923706055,53.3608512878418
2026-07-21,59.20000076293945,58.445186614990234
2026-07-22,61.95000076293945,61.160125732421875
2026-07-23,61.77000045776367,60.982421875
2026-07-24,61.77000045776367,60.982421875
2026-07-27,62.400001525878906,61.60438919067383
2026-07-28,60.11000061035156,59.34358596801758
2026-07-29,57.95000076293945,57.211124420166016
2026-07-30,57.16999816894531,56.441070556640625
2026-07-31,61.189998626708984,60.409812927246094
2026-08-03,64.11000061035156,63.29258346557617
2026-08-04,66.4800033569336,65.63236999511719
2026-08-05,67.44999694824219,66.58999633789062
2026-08-06,65.58000183105469,65.58000183105469
2026-08-07,71.93000030517578,71.93000030517578
2026-08-10,74.45999908447266,74.45999908447266
2026-08-11,72.47000122070312,72.47000122070312
2026-08-12,73.7699966430664,73.7699966430664
2026-08-13,87.75,87.75
2026-08-14,85.19999694824219,85.19999694824219
2026-08-17,84.55999755859375,84.55999755859375
2026-08-18,79.76000213623047,79.76000213623047
2026-08-19,76.58999633789062,76.58999633789062
2026-08-20,75.77999877929688,75.77999877929688
2026-08-21,76.5999984741211,76.5999984741211
2026-08-24,76.08000183105469,76.08000183105469
2026-08-25,79.86000061035156,79.86000061035156
2026-08-26,78.33000183105469,78.33000183105469
2026-08-27,78.33000183105469,78.33000183105469
2026-08-28,76.11000061035156,76.11000061035156
2026-08-31,76.55000305175781,76.55000305175781
2026-09-01,77.18000030517578,77.18000030517578
2026-09-02,79.73999786376953,79.73999786376953
2026-09-03,80.0999984741211,80.0999984741211
2026-09-04,83.8499984741211,83.8499984741211
2026-09-08,77.76000213623047,77.76000213623047
2026-09-09,81.56999969482422,81.56999969482422
2026-09-10,80.7699966430664,80.7699966430664
2026-09-11,83.04000091552734,83.04000091552734
2026-09-14,81.5999984741211,81.5999984741211
2026-09-15,80.22000122070312,80.22000122070312
2026-09-16,85.86000061035156,85.86000061035156
2026-09-17,89.05000305175781,89.05000305175781
2026-09-18,95.81999969482422,95.81999969482422
2026-09-21,91.94999694824219,91.94999694824219
2026-09-22,94.4800033569336,94.4800033569336
2026-09-23,93.69000244140625,93.69000244140625
2026-09-24,92.0,92.0
2026-09-25,95.19000244140625,95.19000244140625
2026-09-28,90.5,90.5
2026-09-29,89.83000183105469,89.83000183105469
2026-09-30,87.48999786376953,87.48999786376953
2026-10-01,88.06999969482422,88.06999969482422
2026-10-02,87.66999816894531,87.66999816894531
2026-10-05,92.80000305175781,92.80000305175781
2026-10-06,90.75,90.75
