date,close,adjclose
2003-12-09,2.1212499141693115,2.0752861499786377
2003-12-10,2.031874895095825,1.987847924232483
2003-12-11,2.106250047683716,2.0606112480163574
2003-12-12,2.455625057220459,2.4024159908294678
2003-12-15,2.15625,2.109528064727783
2003-12-16,2.0668749809265137,2.022089719772339
2003-12-17,2.003124952316284,1.9597207307815552
2003-12-18,1.881250023841858,1.8404866456985474
2003-12-19,1.78125,1.742653489112854
2003-12-22,2.0243749618530273,1.9805102348327637
2003-12-23,2.036875009536743,1.9927396774291992
2003-12-24,2.061875104904175,2.017197608947754
2003-12-26,2.1187500953674316,2.072840690612793
2003-12-29,2.0112500190734863,1.9676696062088013
2003-12-30,2.0587499141693115,2.0141406059265137
2003-12-31,2.125624895095825,2.079566478729248
2004-01-02,2.375,2.323538303375244
2004-01-05,2.4512500762939453,2.3981359004974365
2004-01-06,2.3375000953674316,2.2868504524230957
2004-01-07,2.362499952316284,2.3113088607788086
2004-01-08,2.2931249141693115,2.243436813354492
2004-01-09,2.2018749713897705,2.1541643142700195
2004-01-12,2.140625,2.0942416191101074
2004-01-13,2.166874885559082,2.119922399520874
2004-01-14,2.198124885559082,2.1504952907562256
2004-01-15,2.168750047683716,2.1217572689056396
2004-01-16,2.127500057220459,2.0814008712768555
2004-01-20,2.186875104904175,2.1394894123077393
2004-01-21,2.061875104904175,2.017197608947754
2004-01-22,2.020625114440918,1.976841688156128
2004-01-23,2.03125,1.9872366189956665
2004-01-26,2.0737500190734863,2.028815507888794
2004-01-27,1.9918750524520874,1.9487147331237793
2004-01-28,1.7925000190734863,1.7536596059799194
2004-01-29,1.8181250095367432,1.7787295579910278
2004-01-30,1.8125,1.7732263803482056
2004-02-02,1.8106249570846558,1.7713919878005981
2004-02-03,1.7687499523162842,1.7304242849349976
2004-02-04,1.709375023841858,1.6723359823226929
2004-02-05,1.6325000524520874,1.5971267223358154
2004-02-06,1.6437499523162842,1.6081328392028809
2004-02-09,1.7862499952316284,1.7475451231002808
2004-02-10,1.78125,1.742653489112854
2004-02-11,1.8125,1.7732263803482056
2004-02-12,1.7799999713897705,1.7414307594299316
2004-02-13,1.777500033378601,1.7389847040176392
2004-02-17,1.8018749952316284,1.762831687927246
2004-02-18,2.016249895095825,1.9725613594055176
2004-02-19,2.036250114440918,1.9921282529830933
2004-02-20,1.9424999952316284,1.900409460067749
2004-02-23,2.0481250286102295,2.0037457942962646
2004-02-24,1.7687499523162842,1.7304242849349976
2004-02-25,1.7549999952316284,1.7169723510742188
2004-02-26,1.8312499523162842,1.7915700674057007
2004-02-27,1.825624942779541,1.7860668897628784
2004-03-01,1.8125,1.7732263803482056
2004-03-02,1.890625,1.849658489227295
2004-03-03,1.8799999952316284,1.839263677597046
2004-03-04,1.90625,1.8649448156356812
2004-03-05,1.9518749713897705,1.909581184387207
2004-03-08,1.9406249523162842,1.8985750675201416
2004-03-09,1.940000057220459,1.8979638814926147
2004-03-10,1.915624976158142,1.8741167783737183
2004-03-11,1.818750023841858,1.7793408632278442
2004-03-12,1.9131250381469727,1.8716710805892944
2004-03-15,1.855625033378601,1.815416932106018
2004-03-16,1.8331249952316284,1.793404459953308
2004-03-17,1.8956249952316284,1.8545502424240112
2004-03-18,1.9056249856948853,1.8643335103988647
2004-03-19,1.8768750429153442,1.8362064361572266
2004-03-22,1.8193750381469727,1.7799524068832397
2004-03-23,1.818750023841858,1.7793408632278442
2004-03-24,1.71875,1.6815077066421509
2004-03-25,1.78125,1.742653489112854
2004-03-26,1.7725000381469727,1.7340930700302124
2004-03-29,1.7649999856948853,1.7267556190490723
2004-03-30,1.7549999952316284,1.7169723510742188
2004-03-31,1.7781250476837158,1.7395962476730347
2004-04-01,1.7956249713897705,1.7567169666290283
2004-04-02,1.790624976158142,1.7518253326416016
2004-04-05,1.7599999904632568,1.7218639850616455
2004-04-06,1.734375,1.6967943906784058
2004-04-07,1.7243750095367432,1.6870108842849731
2004-04-08,1.790624976158142,1.7518253326416016
2004-04-12,1.8312499523162842,1.7915700674057007
2004-04-13,1.783750057220459,1.7450993061065674
2004-04-14,1.7300000190734863,1.6925139427185059
2004-04-15,1.75,1.7120805978775024
2004-04-16,1.7493749856948853,1.711469054222107
2004-04-19,1.736875057220459,1.69923996925354
2004-04-20,1.7374999523162842,1.699851393699646
2004-04-21,1.7374999523162842,1.699851393699646
2004-04-22,1.7556250095367432,1.7175837755203247
2004-04-23,1.7675000429153442,1.7292014360427856
2004-04-26,1.7356250286102295,1.6980171203613281
2004-04-27,1.9012500047683716,1.860053300857544
2004-04-28,1.9249999523162842,1.8832887411117554
2004-04-29,1.7218749523162842,1.6845649480819702
2004-04-30,1.8125,1.7732263803482056
2004-05-03,1.7887500524520874,1.7499910593032837
2004-05-04,1.7956249713897705,1.7567169666290283
2004-05-05,1.7625000476837158,1.7243096828460693
2004-05-06,1.5812499523162842,1.5469871759414673
2004-05-07,1.5,1.4674975872039795
2004-05-10,1.46875,1.4369248151779175
2004-05-11,1.5518749952316284,1.5182486772537231
2004-05-12,1.546875,1.5133570432662964
2004-05-13,1.53125,1.4980703592300415
2004-05-14,1.5125000476837158,1.479726791381836
2004-05-17,1.5,1.4674975872039795
2004-05-18,1.5149999856948853,1.4821726083755493
2004-05-19,1.5762499570846558,1.542095422744751
2004-05-20,1.5593750476837158,1.5255861282348633
2004-05-21,1.5625,1.5286436080932617
2004-05-24,1.568750023841858,1.5347579717636108
2004-05-25,1.6475000381469727,1.6118016242980957
2004-05-26,1.65625,1.6203620433807373
2004-05-27,1.671875,1.635648488998413
2004-05-28,1.6862499713897705,1.6497119665145874
2004-06-01,1.684999942779541,1.6484891176223755
2004-06-02,1.78125,1.742653489112854
2004-06-03,1.7074999809265137,1.6705015897750854
2004-06-04,1.706874966621399,1.6698899269104004
2004-06-07,1.7431249618530273,1.7053545713424683
2004-06-08,1.7581249475479126,1.7200294733047485
2004-06-09,1.7899999618530273,1.7512140274047852
2004-06-10,1.8125,1.7732263803482056
2004-06-14,2.1418750286102295,2.0954647064208984
2004-06-15,2.1337499618530273,2.087515354156494
2004-06-16,2.1468749046325684,2.100355863571167
2004-06-17,2.177500009536743,2.130317449569702
2004-06-18,2.163749933242798,2.1168651580810547
2004-06-21,2.0662500858306885,2.0214781761169434
2004-06-22,2.0399999618530273,1.99579656124115
2004-06-23,2.013124942779541,1.9695041179656982
2004-06-24,2.124375104904175,2.0783438682556152
2004-06-25,2.148750066757202,2.1021904945373535
2004-06-28,2.1468749046325684,2.100355863571167
2004-06-29,2.1112499237060547,2.065502643585205
2004-06-30,2.124375104904175,2.0783438682556152
2004-07-01,2.121875047683716,2.0758979320526123
2004-07-02,2.25,2.201246500015259
2004-07-06,2.2125000953674316,2.1645591259002686
2004-07-07,2.15625,2.109528064727783
2004-07-08,2.09375,2.048382520675659
2004-07-09,2.0718750953674316,2.0269811153411865
2004-07-12,2.0,1.9566634893417358
2004-07-13,2.015000104904175,1.9713386297225952
2004-07-14,1.9912500381469727,1.9481031894683838
2004-07-15,2.063124895095825,2.018420457839966
2004-07-16,2.0325000286102295,1.9884594678878784
2004-07-19,2.0506250858306885,2.0061919689178467
2004-07-20,2.0950000286102295,2.049605131149292
2004-07-21,2.096874952316284,2.0514392852783203
2004-07-22,2.096874952316284,2.0514392852783203
2004-07-23,2.0625,2.0178093910217285
2004-07-26,2.03125,1.9872366189956665
2004-07-27,2.145625114440918,2.099133253097534
2004-07-28,2.168750047683716,2.1217572689056396
2004-07-29,2.168750047683716,2.1217572689056396
2004-07-30,2.1875,2.1401009559631348
2004-08-02,2.168750047683716,2.1217572689056396
2004-08-03,2.15625,2.109528064727783
2004-08-04,2.168750047683716,2.1217572689056396
2004-08-05,1.90625,1.8649448156356812
2004-08-06,1.9431250095367432,1.901020884513855
2004-08-09,1.962499976158142,1.9199761152267456
2004-08-10,1.912500023841858,1.871059536933899
2004-08-11,1.8562500476837158,1.816028356552124
2004-08-12,1.9031250476837158,1.8618876934051514
2004-08-13,1.90625,1.8649448156356812
2004-08-16,1.9431250095367432,1.901020884513855
2004-08-17,1.9068750143051147,1.8655563592910767
2004-08-18,1.953125,1.910804271697998
2004-08-19,2.0062499046325684,1.9627779722213745
2004-08-20,2.000624895095825,1.9572749137878418
2004-08-23,2.0,1.9566634893417358
2004-08-24,1.9049999713897705,1.8637220859527588
2004-08-25,1.933750033378601,1.8918490409851074
2004-08-26,1.9049999713897705,1.8637220859527588
2004-08-27,1.886875033378601,1.8459898233413696
2004-08-30,1.8799999952316284,1.839263677597046
2004-08-31,1.9768749475479126,1.93403959274292
2004-09-01,1.975000023841858,1.932205080986023
2004-09-02,1.975000023841858,1.932205080986023
2004-09-03,1.9487500190734863,1.9065240621566772
2004-09-07,1.9375,1.8955178260803223
2004-09-08,1.9231250286102295,1.881454348564148
2004-09-09,1.9993749856948853,1.9560519456863403
2004-09-10,1.9700000286102295,1.9273135662078857
2004-09-13,1.9812500476837158,1.9383199214935303
2004-09-14,2.0999999046325684,2.0544967651367188
2004-09-15,2.096250057220459,2.050828218460083
2004-09-16,2.1500000953674316,2.1034135818481445
2004-09-17,2.1624999046325684,2.1156423091888428
2004-09-20,2.1187500953674316,2.072840690612793
2004-09-21,2.1312499046325684,2.085069417953491
2004-09-22,2.127500057220459,2.0814008712768555
2004-09-23,2.1187500953674316,2.072840690612793
2004-09-24,2.125,2.0789551734924316
2004-09-27,2.091249942779541,2.045935869216919
2004-09-28,2.093125104904175,2.0477707386016846
2004-09-29,2.1624999046325684,2.1156423091888428
2004-09-30,2.168750047683716,2.1217572689056396
2004-10-01,2.1268749237060547,2.08078932762146
2004-10-04,2.088124990463257,2.042879104614258
2004-10-05,2.106874942779541,2.061222791671753
2004-10-06,2.4574999809265137,2.404250383377075
2004-10-07,2.393749952316284,2.34188175201416
2004-10-08,2.445625066757202,2.3926329612731934
2004-10-11,2.590625047683716,2.5344908237457275
2004-10-12,2.668750047683716,2.6109230518341064
2004-10-13,2.494999885559082,2.4409377574920654
2004-10-14,2.5999999046325684,2.5436627864837646
2004-10-15,2.46875,2.415256977081299
2004-10-18,2.559375047683716,2.503917932510376
2004-10-19,2.703125,2.6445529460906982
2004-10-20,2.6624999046325684,2.6048085689544678
2004-10-21,2.698124885559082,2.6396613121032715
2004-10-22,2.641249895095825,2.5840189456939697
2004-10-25,2.596874952316284,2.5406055450439453
2004-10-26,2.5587499141693115,2.5033063888549805
2004-10-27,2.628124952316284,2.571178436279297
2004-10-28,2.478749990463257,2.425039768218994
2004-10-29,2.4981250762939453,2.443995237350464
2004-11-01,2.5824999809265137,2.5265419483184814
2004-11-02,2.7874999046325684,2.727100133895874
2004-11-03,2.7874999046325684,2.727100133895874
2004-11-04,2.830625057220459,2.7692906856536865
2004-11-05,3.0625,2.996140718460083
2004-11-08,3.252500057220459,3.1820240020751953
2004-11-09,3.141249895095825,3.0731844902038574
2004-11-10,3.0693750381469727,3.0028672218322754
2004-11-11,2.8612499237060547,2.7992515563964844
2004-11-12,3.1875,3.1184327602386475
2004-11-15,3.125,3.0572872161865234
2004-11-16,3.078125,3.011427402496338
2004-11-17,3.043750047683716,2.977797508239746
2004-11-18,2.955625057220459,2.8915820121765137
2004-11-19,2.9375,2.873849630355835
2004-11-22,2.9468750953674316,2.883021831512451
2004-11-23,3.016249895095825,2.9508931636810303
2004-11-24,3.1056249141693115,3.0383317470550537
2004-11-26,3.1006250381469727,3.033440113067627
2004-11-29,3.0556249618530273,2.989414930343628
2004-11-30,3.020625114440918,2.9551734924316406
2004-12-01,3.40625,3.33244252204895
2004-12-02,3.2725000381469727,3.2015907764434814
2004-12-03,3.3499999046325684,3.277411460876465
2004-12-06,3.416249990463257,3.342226266860962
2004-12-07,3.4331250190734863,3.3587350845336914
2004-12-08,3.375,3.3018698692321777
2004-12-09,3.197499990463257,3.128216028213501
2004-12-10,3.323124885559082,3.2511188983917236
2004-12-13,3.4000000953674316,3.3263280391693115
2004-12-14,3.25,3.1795783042907715
2004-12-15,3.0331249237060547,2.967402458190918
2004-12-16,2.9731249809265137,2.9087023735046387
2004-12-17,3.0712499618530273,3.0047013759613037
2004-12-20,3.0799999237060547,3.0132617950439453
2004-12-21,3.0425000190734863,2.976574420928955
2004-12-22,2.9574999809265137,2.893416166305542
2004-12-23,2.8499999046325684,2.788245677947998
2004-12-27,2.697499990463257,2.639050006866455
2004-12-28,2.765000104904175,2.705087423324585
2004-12-29,3.043750047683716,2.977797508239746
2004-12-30,2.921875,2.858563184738159
2004-12-31,2.8762500286102295,2.813926935195923
2005-01-03,2.8450000286102295,2.783353805541992
2005-01-04,2.75,2.6904125213623047
2005-01-05,2.6781249046325684,2.6200947761535645
2005-01-06,2.655625104904175,2.5980825424194336
2005-01-07,2.580625057220459,2.524707555770874
2005-01-10,2.6875,2.6292665004730225
2005-01-11,2.710624933242798,2.651890516281128
2005-01-12,2.75,2.6904125213623047
2005-01-13,2.818125009536743,2.757061243057251
2005-01-14,2.819999933242798,2.7588956356048584
2005-01-18,2.7431249618530273,2.6836862564086914
2005-01-19,2.6293749809265137,2.5724010467529297
2005-01-20,2.5637500286102295,2.5081982612609863
2005-01-21,2.491874933242798,2.437880754470825
2005-01-24,2.431874990463257,2.379180669784546
2005-01-25,2.3943750858306885,2.3424932956695557
2005-01-26,2.4831249713897705,2.4293200969696045
2005-01-27,2.5068750381469727,2.4525554180145264
2005-01-28,2.4862499237060547,2.432377338409424
2005-01-31,2.5687499046325684,2.513089656829834
2005-02-01,2.5843749046325684,2.5283758640289307
2005-02-02,2.614375114440918,2.5577263832092285
2005-02-03,2.5606250762939453,2.505140781402588
2005-02-04,2.7249999046325684,2.665954113006592
2005-02-07,2.7074999809265137,2.6488332748413086
2005-02-08,2.653749942779541,2.596247673034668
2005-02-09,2.581249952316284,2.5253190994262695
2005-02-10,2.5999999046325684,2.5436627864837646
2005-02-11,2.6237499713897705,2.5668981075286865
2005-02-14,2.6393749713897705,2.5821845531463623
2005-02-15,2.6649999618530273,2.6072542667388916
2005-02-16,2.4800000190734863,2.426262855529785
2005-02-17,2.4000000953674316,2.347996234893799
2005-02-18,2.4000000953674316,2.347996234893799
2005-02-22,2.4437499046325684,2.390798330307007
2005-02-23,2.4756250381469727,2.4219822883605957
2005-02-24,2.4618749618530273,2.4085307121276855
2005-02-25,2.3531250953674316,2.3021371364593506
2005-02-28,2.3993749618530273,2.3473849296569824
2005-03-01,2.483750104904175,2.429931640625
2005-03-02,2.452500104904175,2.3993585109710693
2005-03-03,2.463749885559082,2.410364866256714
2005-03-04,2.4625000953674316,2.409142017364502
2005-03-07,2.5875000953674316,2.531433343887329
2005-03-08,2.5875000953674316,2.531433343887329
2005-03-09,2.5450000762939453,2.489854335784912
2005-03-10,2.563124895095825,2.5075864791870117
2005-03-11,2.6606249809265137,2.6029739379882812
2005-03-14,2.6675000190734863,2.6096999645233154
2005-03-15,2.643749952316284,2.5864646434783936
2005-03-16,2.6287500858306885,2.5717897415161133
2005-03-17,2.5350000858306885,2.4800710678100586
2005-03-18,2.4881250858306885,2.4342119693756104
2005-03-21,2.487499952316284,2.433600425720215
2005-03-22,2.4106249809265137,2.358391046524048
2005-03-23,2.3943750858306885,2.3424932956695557
2005-03-24,2.427500009536743,2.3749003410339355
2005-03-28,2.406874895095825,2.354722023010254
2005-03-29,2.351875066757202,2.3009142875671387
2005-03-30,2.353749990463257,2.302748441696167
2005-03-31,2.3656249046325684,2.314366340637207
2005-04-01,2.387500047683716,2.3357670307159424
2005-04-04,2.3768749237060547,2.3253722190856934
2005-04-05,2.3681249618530273,2.316812038421631
2005-04-06,2.361875057220459,2.310697317123413
2005-04-07,2.508125066757202,2.4537785053253174
2005-04-08,2.4887499809265137,2.4348232746124268
2005-04-11,2.408750057220459,2.3565566539764404
2005-04-12,2.406874895095825,2.354722023010254
2005-04-13,2.4668750762939453,2.4134223461151123
2005-04-14,2.422499895095825,2.370008945465088
2005-04-15,2.34375,2.2929651737213135
2005-04-18,2.3531250953674316,2.3021371364593506
2005-04-19,2.354374885559082,2.3033597469329834
2005-04-20,2.280625104904175,2.231208086013794
2005-04-21,2.4412500858306885,2.388352632522583
2005-04-22,2.440624952316284,2.3877410888671875
2005-04-25,2.601875066757202,2.545496940612793
2005-04-26,2.586250066757202,2.530210494995117
2005-04-27,2.6050000190734863,2.5485544204711914
2005-04-28,2.539375066757202,2.48435115814209
2005-04-29,2.742500066757202,2.683074951171875
2005-05-02,2.6875,2.6292665004730225
2005-05-03,2.653125047683716,2.5956363677978516
2005-05-04,2.6475000381469727,2.5901334285736084
2005-05-05,2.672499895095825,2.6145918369293213
2005-05-06,2.624375104904175,2.567509651184082
2005-05-09,2.612499952316284,2.555891752243042
2005-05-10,2.5687499046325684,2.513089656829834
2005-05-11,2.638124942779541,2.5809614658355713
2005-05-12,2.7750000953674316,2.7148706912994385
2005-05-13,2.819999933242798,2.7588956356048584
2005-05-16,2.953125,2.8891358375549316
2005-05-17,2.943125009536743,2.879352569580078
2005-05-18,3.0481250286102295,2.9820775985717773
2005-05-19,2.950000047683716,2.8860788345336914
2005-05-20,2.9049999713897705,2.8420536518096924
2005-05-23,2.9437499046325684,2.8799641132354736
2005-05-24,2.987499952316284,2.9227662086486816
2005-05-25,3.109375,3.0420002937316895
2005-05-26,3.086250066757202,3.019376516342163
2005-05-27,3.109375,3.0420002937316895
2005-05-31,3.174999952316284,3.106203317642212
2005-06-01,3.140000104904175,3.0719616413116455
2005-06-02,3.0868749618530273,3.0199878215789795
2005-06-03,3.0612499713897705,2.994917869567871
2005-06-06,3.21875,3.149005651473999
2005-06-07,3.2100000381469727,3.1404449939727783
2005-06-08,3.0843749046325684,3.0175418853759766
2005-06-09,3.1875,3.1184327602386475
2005-06-10,3.219374895095825,3.1496167182922363
2005-06-13,3.1875,3.1184327602386475
2005-06-14,3.210624933242798,3.141056537628174
2005-06-15,3.2512500286102295,3.1808013916015625
2005-06-16,3.336250066757202,3.2639594078063965
2005-06-17,3.3481249809265137,3.2755770683288574
2005-06-20,3.276249885559082,3.205259323120117
2005-06-21,3.3143749237060547,3.242558002471924
2005-06-22,3.319999933242798,3.248061418533325
2005-06-23,3.284374952316284,3.2132086753845215
2005-06-24,3.268125057220459,3.19731068611145
2005-06-27,3.1681249141693115,3.0994772911071777
2005-06-28,3.213749885559082,3.162832021713257
2005-06-29,3.1875,3.136998414993286
2005-06-30,3.180000066757202,3.12961745262146
2005-07-01,3.180000066757202,3.12961745262146
2005-07-05,3.424375057220459,3.3701205253601074
2005-07-06,3.418750047683716,3.3645846843719482
2005-07-07,3.5062499046325684,3.4506983757019043
2005-07-08,3.544374942779541,3.4882190227508545
2005-07-11,3.536250114440918,3.4802231788635254
2005-07-12,3.4618749618530273,3.4070262908935547
2005-07-13,3.2593750953674316,3.2077348232269287
2005-07-14,3.15625,3.10624361038208
2005-07-15,3.177500009536743,3.127156972885132
2005-07-18,3.237499952316284,3.186206340789795
2005-07-19,3.293750047683716,3.2415647506713867
2005-07-20,3.3056249618530273,3.2532520294189453
2005-07-21,3.2856249809265137,3.2335684299468994
2005-07-22,3.266249895095825,3.2145004272460938
2005-07-25,3.302500009536743,3.250176191329956
2005-07-26,3.3318750858306885,3.279086112976074
2005-07-27,3.3681249618530273,3.3147616386413574
2005-07-28,3.424375057220459,3.3701205253601074
2005-07-29,3.4625000953674316,3.4076411724090576
2005-08-01,3.489375114440918,3.4340906143188477
2005-08-02,3.549999952316284,3.4937548637390137
2005-08-03,3.596874952316284,3.5398871898651123
2005-08-04,3.5625,3.506057024002075
2005-08-05,3.4312500953674316,3.3768863677978516
2005-08-08,3.5268750190734863,3.470996379852295
2005-08-09,3.46875,3.413792371749878
2005-08-10,3.4081249237060547,3.354127883911133
2005-08-11,3.427500009536743,3.3731958866119385
2005-08-12,3.434375047683716,3.3799619674682617
2005-08-15,3.3943750858306885,3.3405957221984863
2005-08-16,3.3268749713897705,3.274165391921997
2005-08-17,3.3768749237060547,3.3233728408813477
2005-08-18,3.3968749046325684,3.3430562019348145
2005-08-19,3.3787500858306885,3.3252182006835938
2005-08-22,3.3818750381469727,3.328293800354004
2005-08-23,3.448124885559082,3.393494129180908
2005-08-24,3.434375047683716,3.3799619674682617
2005-08-25,3.496875047683716,3.441471815109253
2005-08-26,3.502500057220459,3.447007656097412
2005-08-29,3.5,3.444547176361084
2005-08-30,3.508125066757202,3.4525434970855713
2005-08-31,3.5374999046325684,3.481452703475952
2005-09-01,3.578749895095825,3.5220491886138916
2005-09-02,3.53125,3.475302219390869
2005-09-06,3.59375,3.5368118286132812
2005-09-07,3.7168750762939453,3.6579859256744385
2005-09-08,3.7618749141693115,3.70227313041687
2005-09-09,3.744374990463257,3.6850500106811523
2005-09-12,3.8524999618530273,3.7914624214172363
2005-09-13,3.9443750381469727,3.8818814754486084
2005-09-14,3.8375000953674316,3.7766997814178467
2005-09-15,3.8712499141693115,3.80991530418396
2005-09-16,3.914375066757202,3.8523569107055664
2005-09-19,3.938124895095825,3.875730514526367
2005-09-20,4.002500057220459,3.9390854835510254
2005-09-21,3.884999990463257,3.8234474658966064
2005-09-22,3.8243749141693115,3.7637827396392822
2005-09-23,3.908750057220459,3.8468213081359863
2005-09-26,4.142499923706055,4.076867580413818
2005-09-27,4.138124942779541,4.072562217712402
2005-09-28,4.074999809265137,4.01043701171875
2005-09-29,4.058750152587891,3.9944446086883545
2005-09-30,4.005000114440918,3.9415462017059326
2005-10-03,3.976875066757202,3.9138667583465576
2005-10-04,3.986875057220459,3.923708200454712
2005-10-05,3.877500057220459,3.816066265106201
2005-10-06,3.875624895095825,3.814220905303955
2005-10-07,3.9468750953674316,3.8843421936035156
2005-10-10,3.875,3.813605785369873
2005-10-11,3.674999952316284,3.616774559020996
2005-10-12,3.593125104904175,3.5361969470977783
2005-10-13,3.724375009536743,3.665367364883423
2005-10-14,3.728749990463257,3.669672727584839
2005-10-17,3.78125,3.7213408946990967
2005-10-18,3.65625,3.5983214378356934
2005-10-19,3.661250114440918,3.6032426357269287
2005-10-20,3.624375104904175,3.5669519901275635
2005-10-21,3.679374933242798,3.621080160140991
2005-10-24,3.828125,3.7674734592437744
2005-10-25,3.78125,3.7213408946990967
2005-10-26,3.698124885559082,3.639533042907715
2005-10-27,3.6781249046325684,3.619849920272827
2005-10-28,3.6212499141693115,3.563875913619995
2005-10-31,3.5956249237060547,3.5386571884155273
2005-11-01,3.6831250190734863,3.6247711181640625
2005-11-02,3.746875047683716,3.6875107288360596
2005-11-03,3.7750000953674316,3.7151901721954346
2005-11-04,3.815624952316284,3.755171537399292
2005-11-07,3.6393749713897705,3.5817136764526367
2005-11-08,3.6131250858306885,3.555880069732666
2005-11-09,3.5662500858306885,3.5097477436065674
2005-11-10,3.53125,3.475302219390869
2005-11-11,3.4625000953674316,3.4076411724090576
2005-11-14,3.463749885559082,3.4088714122772217
2005-11-15,3.273124933242798,3.221266746520996
2005-11-16,3.247499942779541,3.196047782897949
2005-11-17,3.450000047683716,3.3953394889831543
2005-11-18,3.53125,3.475302219390869
2005-11-21,3.5956249237060547,3.5386571884155273
2005-11-22,3.5924999713897705,3.535581588745117
2005-11-23,3.6056249141693115,3.5484986305236816
2005-11-25,3.6187500953674316,3.561415672302246
2005-11-28,3.596874952316284,3.5398871898651123
2005-11-29,3.6475000381469727,3.589710235595703
2005-11-30,3.643125057220459,3.585404634475708
2005-12-01,3.773750066757202,3.7139604091644287
2005-12-02,3.5643749237060547,3.5079023838043213
2005-12-05,3.442500114440918,3.387958288192749
2005-12-06,3.3868749141693115,3.333214521408081
2005-12-07,3.356250047683716,3.303074836730957
2005-12-08,3.3893749713897705,3.33567476272583
2005-12-09,3.278125047683716,3.2261877059936523
2005-12-12,3.3343749046325684,3.281545877456665
2005-12-13,3.409374952316284,3.3553578853607178
2005-12-14,3.544374942779541,3.4882190227508545
2005-12-15,3.5793750286102295,3.5226643085479736
2005-12-16,3.6424999237060547,3.584789514541626
2005-12-19,3.6700000762939453,3.611853837966919
2005-12-20,3.625,3.5675668716430664
2005-12-21,3.6387500762939453,3.581099033355713
2005-12-22,3.6987500190734863,3.640148401260376
2005-12-23,3.741874933242798,3.6825897693634033
2005-12-27,3.719374895095825,3.6604464054107666
2005-12-28,3.700000047683716,3.641378402709961
2005-12-29,3.6649999618530273,3.606933116912842
2005-12-30,3.609375,3.5521891117095947
2006-01-03,3.682499885559082,3.6241557598114014
2006-01-04,4.076250076293945,4.011666774749756
2006-01-05,4.013124942779541,3.949542284011841
2006-01-06,4.0625,3.9981350898742676
2006-01-09,4.111249923706055,4.046113014221191
2006-01-10,4.130624771118164,4.065180778503418
2006-01-11,4.10812520980835,4.043037414550781
2006-01-12,3.809999942779541,3.7496354579925537
2006-01-13,3.9256250858306885,3.863428831100464
2006-01-17,3.820625066757202,3.7600927352905273
2006-01-18,3.763124942779541,3.703503370285034
2006-01-19,3.718125104904175,3.6592164039611816
2006-01-20,3.6993749141693115,3.640763282775879
2006-01-23,3.5693750381469727,3.5128228664398193
2006-01-24,3.601875066757202,3.5448083877563477
2006-01-25,3.656874895095825,3.5989365577697754
2006-01-26,3.898750066757202,3.836979627609253
2006-01-27,3.953125,3.890493154525757
2006-01-30,3.961250066757202,3.898489475250244
2006-01-31,3.869999885559082,3.808684825897217
2006-02-01,3.9231250286102295,3.8609683513641357
2006-02-02,3.8818750381469727,3.8203718662261963
2006-02-03,3.934999942779541,3.872655153274536
2006-02-06,4.026249885559082,3.962459087371826
2006-02-07,3.8125,3.752095937728882
2006-02-08,3.878124952316284,3.816681146621704
2006-02-09,3.851875066757202,3.7908473014831543
2006-02-10,3.8268749713897705,3.7662432193756104
2006-02-13,3.8125,3.752095937728882
2006-02-14,3.8375000953674316,3.7766997814178467
2006-02-15,4.005624771118164,3.9421610832214355
2006-02-16,3.9774999618530273,3.9144816398620605
2006-02-17,4.23312520980835,4.1660566329956055
2006-02-21,4.177499771118164,4.1113128662109375
2006-02-22,4.043125152587891,3.979067087173462
2006-02-23,4.5625,4.490213394165039
2006-02-24,4.735000133514404,4.659980773925781
2006-02-27,4.581250190734863,4.508666515350342
2006-02-28,4.846875190734863,4.770082473754883
2006-03-01,4.750625133514404,4.675357818603516
2006-03-02,4.720624923706055,4.645832538604736
2006-03-03,4.733749866485596,4.658749580383301
2006-03-06,4.708125114440918,4.633530616760254
2006-03-07,4.710000038146973,4.6353759765625
2006-03-08,4.636875152587891,4.563409805297852
2006-03-09,4.590624809265137,4.517892360687256
2006-03-10,4.71875,4.64398717880249
2006-03-13,4.968124866485596,4.889411449432373
2006-03-14,4.938125133514404,4.85988712310791
2006-03-15,4.98312520980835,4.904173851013184
2006-03-16,5.090000152587891,5.0093560218811035
2006-03-17,5.110000133514404,5.029038906097412
2006-03-20,5.096250057220459,5.015506744384766
2006-03-21,4.981874942779541,4.902944087982178
2006-03-22,5.118750095367432,5.037650108337402
2006-03-23,5.171875,5.0899338722229
2006-03-24,5.105625152587891,5.024733543395996
2006-03-27,5.158750057220459,5.077016830444336
2006-03-28,5.052499771118164,4.972449779510498
2006-03-29,5.131249904632568,5.049952507019043
2006-03-30,5.118124961853027,5.0370354652404785
2006-03-31,5.168749809265137,5.086857795715332
2006-04-03,5.241250038146973,5.158209323883057
2006-04-04,5.249374866485596,5.166205883026123
2006-04-05,5.289374828338623,5.20557165145874
2006-04-06,5.346875190734863,5.2621612548828125
2006-04-07,5.404375076293945,5.318749904632568
2006-04-10,5.429375171661377,5.343354225158691
2006-04-11,5.244999885559082,5.161899566650391
2006-04-12,5.288750171661377,5.204957008361816
2006-04-13,5.353750228881836,5.268927574157715
2006-04-17,5.368750095367432,5.283689498901367
2006-04-18,5.612500190734863,5.523577690124512
2006-04-19,5.715000152587891,5.624453544616699
2006-04-20,5.875,5.781918525695801
2006-04-21,5.84499979019165,5.7523932456970215
2006-04-24,5.961249828338623,5.866801738739014
2006-04-25,5.912499904632568,5.818824291229248
2006-04-26,5.521249771118164,5.433773040771484
2006-04-27,5.65625,5.566634178161621
2006-04-28,5.625,5.535879611968994
2006-05-01,5.62624979019165,5.537109375
2006-05-02,5.663750171661377,5.5740156173706055
2006-05-03,5.675000190734863,5.585087299346924
2006-05-04,5.852499961853027,5.759774684906006
2006-05-05,5.949999809265137,5.855729579925537
2006-05-08,6.045000076293945,5.949224948883057
2006-05-09,6.121250152587891,6.024267196655273
2006-05-10,6.244999885559082,6.146056175231934
2006-05-11,6.201250076293945,6.102999687194824
2006-05-12,5.867499828338623,5.774537563323975
2006-05-15,5.742499828338623,5.651517391204834
2006-05-16,5.866250038146973,5.7733073234558105
2006-05-17,5.662499904632568,5.572785377502441
2006-05-18,5.974999904632568,5.88033390045166
2006-05-19,6.074999809265137,5.978749752044678
2006-05-22,5.698750019073486,5.608460903167725
2006-05-23,5.828750133514404,5.736401557922363
2006-05-24,5.731249809265137,5.640446186065674
2006-05-25,5.837500095367432,5.745012283325195
2006-05-26,6.137499809265137,6.040259838104248
2006-05-30,5.926249980926514,5.8323564529418945
2006-05-31,6.012499809265137,5.917239189147949
2006-06-01,6.178750038146973,6.0808563232421875
2006-06-02,6.058750152587891,5.962757110595703
2006-06-05,6.052499771118164,5.956605911254883
2006-06-06,6.096250057220459,5.99966287612915
2006-06-07,6.026249885559082,5.930771827697754
2006-06-08,5.900000095367432,5.806522846221924
2006-06-09,6.014999866485596,5.9197001457214355
2006-06-12,5.818749904632568,5.726559638977051
2006-06-13,5.616250038146973,5.527267932891846
2006-06-14,5.610000133514404,5.521117687225342
2006-06-15,6.090000152587891,5.993512153625488
2006-06-16,6.133749961853027,6.036568641662598
2006-06-19,6.128749847412109,6.031647205352783
2006-06-20,6.022500038146973,5.92708158493042
2006-06-21,6.12624979019165,6.0291876792907715
2006-06-22,6.371250152587891,6.27030611038208
2006-06-23,6.411250114440918,6.3096723556518555
2006-06-26,6.411250114440918,6.3096723556518555
2006-06-27,6.252500057220459,6.153437614440918
2006-06-28,6.3125,6.244320392608643
2006-06-29,6.258749961853027,6.191151142120361
2006-06-30,6.381249904632568,6.312327861785889
2006-07-03,6.597499847412109,6.526242256164551
2006-07-05,6.989999771118164,6.9145026206970215
2006-07-06,6.855000019073486,6.780961036682129
2006-07-07,6.715000152587891,6.642473220825195
2006-07-10,6.637499809265137,6.565809726715088
2006-07-11,6.5625,6.491620063781738
2006-07-12,6.731249809265137,6.658547401428223
2006-07-13,6.402500152587891,6.333348751068115
2006-07-14,6.1875,6.120670318603516
2006-07-17,6.227499961853027,6.160238265991211
2006-07-18,6.252500057220459,6.1849684715271
2006-07-19,6.238749980926514,6.171367168426514
2006-07-20,6.082499980926514,6.016804218292236
2006-07-21,5.987500190734863,5.922831058502197
2006-07-24,6.03125,5.9661078453063965
2006-07-25,6.052499771118164,5.987128257751465
2006-07-26,6.041250228881836,5.9760003089904785
2006-07-27,6.003749847412109,5.938904762268066
2006-07-28,6.236249923706055,6.168893814086914
2006-07-31,6.327499866485596,6.259158134460449
2006-08-01,6.12375020980835,6.0576090812683105
2006-08-02,6.15625,6.089757919311523
2006-08-03,6.037499904632568,5.972290515899658
2006-08-04,5.81125020980835,5.7484846115112305
2006-08-07,5.6875,5.626070976257324
2006-08-08,5.708749771118164,5.647090911865234
2006-08-09,5.59375,5.533333778381348
2006-08-10,5.588749885559082,5.528387069702148
2006-08-11,5.481249809265137,5.422048091888428
2006-08-14,5.602499961853027,5.541988849639893
2006-08-15,6.00124979019165,5.936432361602783
2006-08-16,6.099999904632568,6.034115314483643
2006-08-17,6.138750076293945,6.072447299957275
2006-08-18,6.183750152587891,6.116961479187012
2006-08-21,6.143750190734863,6.077393054962158
2006-08-22,6.148749828338623,6.082338809967041
2006-08-23,6.308750152587891,6.2406110763549805
2006-08-24,6.341249942779541,6.272759914398193
2006-08-25,6.315000057220459,6.246793270111084
2006-08-28,6.429999828338623,6.360550880432129
2006-08-29,6.49875020980835,6.428559303283691
2006-08-30,6.492499828338623,6.4223761558532715
2006-08-31,6.453750133514404,6.384045124053955
2006-09-01,6.461249828338623,6.391463756561279
2006-09-05,6.587500095367432,6.516349792480469
2006-09-06,6.516250133514404,6.4458699226379395
2006-09-07,6.505000114440918,6.434741020202637
2006-09-08,6.453750133514404,6.384045124053955
2006-09-11,6.453750133514404,6.384045124053955
2006-09-12,6.393750190734863,6.324693202972412
2006-09-13,6.096250057220459,6.0304059982299805
2006-09-14,6.096250057220459,6.0304059982299805
2006-09-15,6.168749809265137,6.102122783660889
2006-09-18,6.197500228881836,6.130562782287598
2006-09-19,6.046249866485596,5.980946063995361
2006-09-20,5.931250095367432,5.867188453674316
2006-09-21,5.820000171661377,5.757139682769775
2006-09-22,5.65625,5.595158100128174
2006-09-25,5.56125020980835,5.501184463500977
2006-09-26,5.518750190734863,5.459143161773682
2006-09-27,5.558750152587891,5.498711585998535
2006-09-28,5.612500190734863,5.551881313323975
2006-09-29,5.618750095367432,5.558063507080078
2006-10-02,5.732500076293945,5.670584201812744
2006-10-03,5.946249961853027,5.882026195526123
2006-10-04,5.856249809265137,5.79299783706665
2006-10-05,5.87375020980835,5.810309410095215
2006-10-06,5.941249847412109,5.877079963684082
2006-10-09,6.0,5.935195446014404
2006-10-10,5.980000019073486,5.915411472320557
2006-10-11,5.666250228881836,5.605050563812256
2006-10-12,5.78249979019165,5.7200446128845215
2006-10-13,5.764999866485596,5.702733993530273
2006-10-16,5.724999904632568,5.66316556930542
2006-10-17,5.662499904632568,5.601340293884277
2006-10-18,5.885000228881836,5.821438312530518
2006-10-19,5.816249847412109,5.753429889678955
2006-10-20,5.818749904632568,5.755903244018555
2006-10-23,5.786250114440918,5.723754405975342
2006-10-24,6.00124979019165,5.936432361602783
2006-10-25,6.207499980926514,6.140454292297363
2006-10-26,6.262499809265137,6.194860458374023
2006-10-27,6.09375,6.027932643890381
2006-10-30,6.112500190734863,6.046480655670166
2006-10-31,6.125,6.058845520019531
2006-11-01,5.923749923706055,5.859769344329834
2006-11-02,5.981249809265137,5.916647911071777
2006-11-03,5.961249828338623,5.89686393737793
2006-11-06,6.167500019073486,6.10088586807251
2006-11-07,6.583749771118164,6.512639999389648
2006-11-08,6.711249828338623,6.638763427734375
2006-11-09,6.65625,6.584357738494873
2006-11-10,7.207499980926514,7.1296539306640625
2006-11-13,7.21875,7.140782356262207
2006-11-14,7.360000133514404,7.280506610870361
2006-11-15,7.4375,7.357169151306152
2006-11-16,7.0,6.9243950843811035
2006-11-17,7.0,6.9243950843811035
2006-11-20,7.012499809265137,6.936759948730469
2006-11-21,7.006249904632568,6.930577278137207
2006-11-22,7.056250095367432,6.980037212371826
2006-11-24,7.106249809265137,7.029497146606445
2006-11-27,6.90625,6.8316569328308105
2006-11-28,6.791250228881836,6.717899799346924
2006-11-29,6.872499942779541,6.798272132873535
2006-11-30,6.940000057220459,6.865042686462402
2006-12-01,6.707499980926514,6.635053634643555
2006-12-04,6.823750019073486,6.7500481605529785
2006-12-05,7.018750190734863,6.942942142486572
2006-12-06,7.003749847412109,6.928104400634766
2006-12-07,6.977499961853027,6.902137756347656
2006-12-08,7.253749847412109,7.175404071807861
2006-12-11,7.692500114440918,7.609415531158447
2006-12-12,7.612500190734863,7.530279159545898
2006-12-13,7.571249961853027,7.489474773406982
2006-12-14,7.671249866485596,7.588394641876221
2006-12-15,7.769999980926514,7.686078071594238
2006-12-18,7.90749979019165,7.822092533111572
2006-12-19,7.952499866485596,7.866607189178467
2006-12-20,7.931250095367432,7.845586776733398
2006-12-21,7.803750038146973,7.71946382522583
2006-12-22,7.868750095367432,7.783761501312256
2006-12-26,7.921249866485596,7.835694789886475
2006-12-27,7.965000152587891,7.878972053527832
2006-12-28,7.925000190734863,7.839404106140137
2006-12-29,7.796249866485596,7.712044715881348
2007-01-03,8.197500228881836,8.10896110534668
2007-01-04,8.401249885559082,8.310510635375977
2007-01-05,8.164999961853027,8.076811790466309
2007-01-08,8.145000457763672,8.057028770446777
2007-01-09,8.192500114440918,8.10401439666748
2007-01-10,8.1274995803833,8.039716720581055
2007-01-11,8.061249732971191,7.974182605743408
2007-01-12,8.0912504196167,8.003859519958496
2007-01-16,8.210000038146973,8.121326446533203
2007-01-17,8.0962495803833,8.008804321289062
2007-01-18,7.971250057220459,7.885154724121094
2007-01-19,8.02750015258789,7.940797328948975
2007-01-22,8.231249809265137,8.142346382141113
2007-01-23,8.388750076293945,8.298145294189453
2007-01-24,8.743749618530273,8.649310111999512
2007-01-25,8.72249984741211,8.628290176391602
2007-01-26,8.737500190734863,8.643128395080566
2007-01-29,9.074999809265137,8.976983070373535
2007-01-30,9.311249732971191,9.210681915283203
2007-01-31,8.888750076293945,8.792744636535645
2007-02-01,8.430000305175781,8.338950157165527
2007-02-02,8.578749656677246,8.486092567443848
2007-02-05,8.65625,8.562755584716797
2007-02-06,8.723750114440918,8.62952709197998
2007-02-07,8.704999923706055,8.610979080200195
2007-02-08,8.694999694824219,8.60108757019043
2007-02-09,8.452500343322754,8.361207962036133
2007-02-12,7.53125,7.449906826019287
2007-02-13,7.298749923706055,7.219918251037598
2007-02-14,7.727499961853027,7.644037246704102
2007-02-15,7.65625,7.573556900024414
2007-02-16,7.71750020980835,7.634145259857178
2007-02-20,7.848750114440918,7.763977527618408
2007-02-21,7.87375020980835,7.788708209991455
2007-02-22,7.768750190734863,7.684841632843018
2007-02-23,7.74875020980835,7.66505765914917
2007-02-26,7.71999979019165,7.636618137359619
2007-02-27,7.329999923706055,7.250831127166748
2007-02-28,7.37624979019165,7.2965803146362305
2007-03-01,7.37375020980835,7.2941083908081055
2007-03-02,7.222499847412109,7.144491672515869
2007-03-05,6.992499828338623,6.916975975036621
2007-03-06,7.368750095367432,7.289162635803223
2007-03-07,7.226250171661377,7.1482014656066895
2007-03-08,7.318749904632568,7.239702224731445
2007-03-09,7.526249885559082,7.444961071014404
2007-03-12,7.650000095367432,7.567374229431152
2007-03-13,7.579999923706055,7.4981303215026855
2007-03-14,7.783750057220459,7.699679851531982
2007-03-15,7.84499979019165,7.760267734527588
2007-03-16,8.074999809265137,7.987783432006836
2007-03-19,8.193750381469727,8.10525131225586
2007-03-20,8.258749961853027,8.169548988342285
2007-03-21,8.4087495803833,8.3179292678833
2007-03-22,8.401249885559082,8.310510635375977
2007-03-23,8.381250381469727,8.290726661682129
2007-03-26,8.428750038146973,8.337712287902832
2007-03-27,8.232500076293945,8.143582344055176
2007-03-28,8.1537504196167,8.065683364868164
2007-03-29,8.3412504196167,8.251158714294434
2007-03-30,8.373749732971191,8.283307075500488
2007-04-02,8.413749694824219,8.322875022888184
2007-04-03,8.463749885559082,8.372335433959961
2007-04-04,8.717499732971191,8.623344421386719
2007-04-05,8.78499984741211,8.690114974975586
2007-04-09,8.743749618530273,8.649310111999512
2007-04-10,8.65999984741211,8.566465377807617
2007-04-11,8.636249542236328,8.54297161102295
2007-04-12,8.602499961853027,8.509586334228516
2007-04-13,8.555000305175781,8.462599754333496
2007-04-16,8.731249809265137,8.636945724487305
2007-04-17,8.706250190734863,8.612215995788574
2007-04-18,8.6537504196167,8.560283660888672
2007-04-19,8.585000038146973,8.49227523803711
2007-04-20,8.461250305175781,8.36986255645752
2007-04-23,8.489999771118164,8.39830207824707
2007-04-24,8.50374984741211,8.411903381347656
2007-04-25,8.486249923706055,8.39459228515625
2007-04-26,8.626250267028809,8.533080101013184
2007-04-27,8.828749656677246,8.733392715454102
2007-04-30,8.864999771118164,8.769250869750977
2007-05-01,8.7475004196167,8.653020858764648
2007-05-02,8.737500190734863,8.643128395080566
2007-05-03,8.7787504196167,8.68393325805664
2007-05-04,8.97249984741211,8.875591278076172
2007-05-07,8.887499809265137,8.791508674621582
2007-05-08,9.052499771118164,8.954726219177246
2007-05-09,9.056249618530273,8.958436012268066
2007-05-10,8.854999542236328,8.759359359741211
2007-05-11,9.074999809265137,8.976983070373535
2007-05-14,9.012499809265137,8.91515827178955
2007-05-15,8.936249732971191,8.839731216430664
2007-05-16,9.026249885559082,8.928759574890137
2007-05-17,9.758749961853027,9.653347969055176
2007-05-18,9.9350004196167,9.8276948928833
2007-05-21,10.181249618530273,10.071285247802734
2007-05-22,10.176250457763672,10.066339492797852
2007-05-23,9.84000015258789,9.733720779418945
2007-05-24,9.505000114440918,9.402338981628418
2007-05-25,9.59000015258789,9.486420631408691
2007-05-29,9.487500190734863,9.385028839111328
2007-05-30,9.438750267028809,9.336804389953613
2007-05-31,9.551250457763672,9.448090553283691
2007-06-01,9.413749694824219,9.312073707580566
2007-06-04,9.361249923706055,9.260141372680664
2007-06-05,9.5,9.397393226623535
2007-06-06,9.302499771118164,9.202025413513184
2007-06-07,9.137499809265137,9.03880786895752
2007-06-08,9.210000038146973,9.110525131225586
2007-06-11,9.291250228881836,9.190897941589355
2007-06-12,9.086250305175781,8.988112449645996
2007-06-13,9.331250190734863,9.23046588897705
2007-06-14,9.137499809265137,9.03880786895752
2007-06-15,9.210000038146973,9.110525131225586
2007-06-18,9.727499961853027,9.6224365234375
2007-06-19,9.736249923706055,9.63109016418457
2007-06-20,9.612500190734863,9.50867748260498
2007-06-21,9.542499542236328,9.439433097839355
2007-06-22,9.4662504196167,9.364007949829102
2007-06-25,9.532500267028809,9.429542541503906
2007-06-26,9.414999961853027,9.313310623168945
2007-06-27,9.49625015258789,9.42835807800293
2007-06-28,9.506250381469727,9.438286781311035
2007-06-29,9.828749656677246,9.758480072021484
2007-07-02,9.854999542236328,9.784542083740234
2007-07-03,10.505000114440918,10.429896354675293
2007-07-05,10.813750267028809,10.736438751220703
2007-07-06,11.083749771118164,11.004508018493652
2007-07-09,10.953749656677246,10.875436782836914
2007-07-10,10.732500076293945,10.655769348144531
2007-07-11,10.693750381469727,10.617297172546387
2007-07-12,10.807499885559082,10.730233192443848
2007-07-13,10.69124984741211,10.614813804626465
2007-07-16,10.651249885559082,10.57509994506836
2007-07-17,10.532500267028809,10.457199096679688
2007-07-18,10.460000038146973,10.385217666625977
2007-07-19,10.720000267028809,10.643359184265137
2007-07-20,10.603750228881836,10.527939796447754
2007-07-23,10.623749732971191,10.547797203063965
2007-07-24,10.138750076293945,10.066264152526855
2007-07-25,10.361249923706055,10.2871732711792
2007-07-26,10.0,9.928506851196289
2007-07-27,9.774999618530273,9.705114364624023
2007-07-30,9.603750228881836,9.535089492797852
2007-07-31,9.637499809265137,9.568597793579102
2007-08-01,9.364999771118164,9.298046112060547
2007-08-02,10.125,10.0526123046875
2007-08-03,10.725000381469727,10.648323059082031
2007-08-06,10.819999694824219,10.742643356323242
2007-08-07,10.15250015258789,10.079916000366211
2007-08-08,10.079999923706055,10.0079345703125
2007-08-09,9.75,9.680294036865234
2007-08-10,9.3774995803833,9.310456275939941
2007-08-13,9.6274995803833,9.558669090270996
2007-08-14,9.630000114440918,9.561151504516602
2007-08-15,9.5,9.43208122253418
2007-08-16,9.137499809265137,9.072172164916992
2007-08-17,9.524999618530273,9.456902503967285
2007-08-20,9.5,9.43208122253418
2007-08-21,9.65250015258789,9.583490371704102
2007-08-22,10.210000038146973,10.137004852294922
2007-08-23,10.1875,10.114665985107422
2007-08-24,10.375,10.300825119018555
2007-08-27,10.8100004196167,10.732715606689453
2007-08-28,10.147500038146973,10.074952125549316
2007-08-29,10.444999694824219,10.37032413482666
2007-08-30,10.167499542236328,10.094807624816895
2007-08-31,10.6225004196167,10.54655647277832
2007-09-04,10.647500038146973,10.57137680053711
2007-09-05,10.460000038146973,10.385217666625977
2007-09-06,10.542499542236328,10.467127799987793
2007-09-07,10.385000228881836,10.31075382232666
2007-09-10,10.382499694824219,10.308271408081055
2007-09-11,10.779999732971191,10.702929496765137
2007-09-12,11.02750015258789,10.948660850524902
2007-09-13,11.282500267028809,11.201837539672852
2007-09-14,11.385000228881836,11.303605079650879
2007-09-17,11.295000076293945,11.214248657226562
2007-09-18,12.017499923706055,11.9315824508667
2007-09-19,12.112500190734863,12.025903701782227
2007-09-20,12.172499656677246,12.085474014282227
2007-09-21,12.425000190734863,12.336169242858887
2007-09-24,12.175000190734863,12.087957382202148
2007-09-25,12.78499984741211,12.693594932556152
2007-09-26,12.944999694824219,12.85245132446289
2007-09-27,12.817500114440918,12.725862503051758
2007-09-28,12.949999809265137,12.857416152954102
2007-10-01,13.4350004196167,13.338949203491211
2007-10-02,13.592499732971191,13.495322227478027
2007-10-03,13.207500457763672,13.113075256347656
2007-10-04,12.702500343322754,12.611685752868652
2007-10-05,12.875,12.782952308654785
2007-10-08,13.020000457763672,12.926916122436523
2007-10-09,13.069999694824219,12.976557731628418
2007-10-10,13.052499771118164,12.959182739257812
2007-10-11,11.994999885559082,11.9092435836792
2007-10-12,12.319999694824219,12.231919288635254
2007-10-15,12.3100004196167,12.221991539001465
2007-10-16,12.2475004196167,12.15993881225586
2007-10-17,13.03499984741211,12.941807746887207
2007-10-18,13.337499618530273,13.242144584655762
2007-10-19,13.140000343322754,13.04605770111084
2007-10-22,12.522500038146973,12.432971954345703
2007-10-23,12.9975004196167,12.904577255249023
2007-10-24,12.677499771118164,12.58686351776123
2007-10-25,12.65250015258789,12.562042236328125
2007-10-26,13.3725004196167,13.276895523071289
2007-10-29,14.114999771118164,14.01408576965332
2007-10-30,13.460000038146973,13.36376953125
2007-10-31,14.09000015258789,13.989265441894531
2007-11-01,14.140000343322754,14.038908958435059
2007-11-02,14.729999542236328,14.624690055847168
2007-11-05,14.515000343322754,14.411227226257324
2007-11-06,15.319999694824219,15.210471153259277
2007-11-07,14.274999618530273,14.172942161560059
2007-11-08,15.619999885559082,15.508326530456543
2007-11-09,14.84749984741211,14.741350173950195
2007-11-12,13.7524995803833,13.654178619384766
2007-11-13,14.949999809265137,14.843116760253906
2007-11-14,14.5625,14.45838737487793
2007-11-15,15.09749984741211,14.989562034606934
2007-11-16,15.182499885559082,15.073954582214355
2007-11-19,13.9975004196167,13.89742660522461
2007-11-20,13.8125,13.713748931884766
2007-11-21,13.510000228881836,13.413413047790527
2007-11-23,13.649999618530273,13.552411079406738
2007-11-26,13.795000076293945,13.69637393951416
2007-11-27,13.817500114440918,13.718713760375977
2007-11-28,14.875,14.76865291595459
2007-11-29,14.677499771118164,14.572565078735352
2007-11-30,15.02750015258789,14.920063018798828
2007-12-03,15.022500038146973,14.915098190307617
2007-12-04,15.345000267028809,15.2352933883667
2007-12-05,15.260000228881836,15.150900840759277
2007-12-06,15.607500076293945,15.495916366577148
2007-12-07,15.057499885559082,14.949848175048828
2007-12-10,15.182499885559082,15.073954582214355
2007-12-11,14.892499923706055,14.786027908325195
2007-12-12,14.960000038146973,14.853045463562012
2007-12-13,14.782500267028809,14.676814079284668
2007-12-14,14.807499885559082,14.70163631439209
2007-12-17,14.140000343322754,14.038908958435059
2007-12-18,14.207500457763672,14.105925559997559
2007-12-19,14.135000228881836,14.033944129943848
2007-12-20,14.447500228881836,14.344209671020508
2007-12-21,14.270000457763672,14.167978286743164
2007-12-24,14.452500343322754,14.349174499511719
2007-12-26,14.460000038146973,14.356620788574219
2007-12-27,14.147500038146973,14.046355247497559
2007-12-28,14.147500038146973,14.046355247497559
2007-12-31,14.367500305175781,14.264781951904297
2008-01-02,14.242500305175781,14.14067554473877
2008-01-03,14.147500038146973,14.046355247497559
2008-01-04,14.217499732971191,14.115854263305664
2008-01-07,13.332500457763672,13.237181663513184
2008-01-08,13.467499732971191,13.3712158203125
2008-01-09,13.522500038146973,13.425822257995605
2008-01-10,13.642499923706055,13.544964790344238
2008-01-11,13.395000457763672,13.299235343933105
2008-01-14,13.6875,13.589642524719238
2008-01-15,12.537500381469727,12.447864532470703
2008-01-16,11.875,11.790101051330566
2008-01-17,11.75,11.665994644165039
2008-01-18,12.095000267028809,12.008528709411621
2008-01-22,11.125,11.045463562011719
2008-01-23,11.482500076293945,11.400407791137695
2008-01-24,11.994999885559082,11.9092435836792
2008-01-25,12.350000381469727,12.26170539855957
2008-01-28,12.25,12.162420272827148
2008-01-29,11.574999809265137,11.492246627807617
2008-01-30,10.704999923706055,10.628466606140137
2008-01-31,11.414999961853027,11.333390235900879
2008-02-01,12.167499542236328,12.080510139465332
2008-02-04,12.672499656677246,12.581899642944336
2008-02-05,11.8725004196167,11.787619590759277
2008-02-06,11.557499885559082,11.474870681762695
2008-02-07,11.71500015258789,11.631245613098145
2008-02-08,11.842499732971191,11.757833480834961
2008-02-11,11.9975004196167,11.911725997924805
2008-02-12,12.520000457763672,12.430490493774414
2008-02-13,12.592499732971191,12.502470970153809
2008-02-14,12.375,12.286526679992676
2008-02-15,12.927499771118164,12.835076332092285
2008-02-19,12.71500015258789,12.624095916748047
2008-02-20,13.032500267028809,12.939326286315918
2008-02-21,13.207500457763672,13.113075256347656
2008-02-22,13.300000190734863,13.204914093017578
2008-02-25,13.867500305175781,13.768357276916504
2008-02-26,14.345000267028809,14.242443084716797
2008-02-27,13.662500381469727,13.56482219696045
2008-02-28,15.585000038146973,15.473577499389648
2008-02-29,15.154999732971191,15.046650886535645
2008-03-03,14.5,14.396334648132324
2008-03-04,14.012499809265137,13.91231918334961
2008-03-05,13.770000457763672,13.671553611755371
2008-03-06,13.447500228881836,13.351359367370605
2008-03-07,12.960000038146973,12.867344856262207
2008-03-10,12.489999771118164,12.400704383850098
2008-03-11,13.532500267028809,13.435750961303711
2008-03-12,13.84000015258789,13.741052627563477
2008-03-13,13.632499694824219,13.535036087036133
2008-03-14,13.170000076293945,13.07584285736084
2008-03-17,12.587499618530273,12.497507095336914
2008-03-18,12.545000076293945,12.455310821533203
2008-03-19,12.335000038146973,12.246811866760254
2008-03-20,12.4375,12.348580360412598
2008-03-24,13.164999961853027,13.070878028869629
2008-03-25,13.7475004196167,13.649214744567871
2008-03-26,13.75,13.65169620513916
2008-03-27,13.477499961853027,13.381144523620605
2008-03-28,13.957500457763672,13.857712745666504
2008-03-31,13.255000114440918,13.160235404968262
2008-04-01,13.989999771118164,13.88998031616211
2008-04-02,14.007499694824219,13.907355308532715
2008-04-03,13.967499732971191,13.867640495300293
2008-04-04,13.920000076293945,13.820480346679688
2008-04-07,14.364999771118164,14.262299537658691
2008-04-08,14.1850004196167,14.083586692810059
2008-04-09,14.225000381469727,14.12330150604248
2008-04-10,13.707500457763672,13.609500885009766
2008-04-11,13.244999885559082,13.15030574798584
2008-04-14,13.079999923706055,12.986486434936523
2008-04-15,13.045000076293945,12.951736450195312
2008-04-16,13.567500114440918,13.470500946044922
2008-04-17,13.454999923706055,13.358804702758789
2008-04-18,13.507499694824219,13.410929679870605
2008-04-21,13.489999771118164,13.3935546875
2008-04-22,13.75,13.65169620513916
2008-04-23,14.6225004196167,14.517958641052246
2008-04-24,14.729999542236328,14.624690055847168
2008-04-25,15.15250015258789,15.044169425964355
2008-04-28,15.307499885559082,15.198060989379883
2008-04-29,15.342499732971191,15.232810020446777
2008-04-30,15.515000343322754,15.404078483581543
2008-05-01,16.262500762939453,16.1462345123291
2008-05-02,16.9424991607666,16.82137107849121
2008-05-05,17.517499923706055,17.392261505126953
2008-05-06,16.704999923706055,16.585569381713867
2008-05-07,16.030000686645508,15.915396690368652
2008-05-08,16.512500762939453,16.394447326660156
2008-05-09,16.229999542236328,16.113964080810547
2008-05-12,15.6850004196167,15.57286262512207
2008-05-13,15.585000038146973,15.473577499389648
2008-05-14,15.832500457763672,15.719307899475098
2008-05-15,14.369999885559082,14.267263412475586
2008-05-16,14.34749984741211,14.24492359161377
2008-05-19,14.300000190734863,14.19776439666748
2008-05-20,14.25,14.14812183380127
2008-05-21,14.25,14.14812183380127
2008-05-22,13.867500305175781,13.768357276916504
2008-05-23,14.032500267028809,13.93217658996582
2008-05-27,14.524999618530273,14.421154975891113
2008-05-28,14.895000457763672,14.788511276245117
2008-05-29,14.642499923706055,14.53781509399414
2008-05-30,14.595000267028809,14.490654945373535
2008-06-02,14.300000190734863,14.19776439666748
2008-06-03,13.925000190734863,13.825445175170898
2008-06-04,13.755000114440918,13.656660079956055
2008-06-05,13.742500305175781,13.64424991607666
2008-06-06,13.369999885559082,13.274413108825684
2008-06-09,13.1225004196167,13.028682708740234
2008-06-10,12.460000038146973,12.399738311767578
2008-06-11,12.482500076293945,12.42212963104248
2008-06-12,12.5,12.439545631408691
2008-06-13,12.539999961853027,12.479351997375488
2008-06-16,12.442500114440918,12.382323265075684
2008-06-17,12.407500267028809,12.347493171691895
2008-06-18,12.050000190734863,11.991722106933594
2008-06-19,12.0600004196167,12.001673698425293
2008-06-20,11.84000015258789,11.782737731933594
2008-06-23,11.607500076293945,11.551362037658691
2008-06-24,12.045000076293945,11.986745834350586
2008-06-25,12.010000228881836,11.951915740966797
2008-06-26,11.59749984741211,11.541409492492676
2008-06-27,11.770000457763672,11.7130765914917
2008-06-30,11.444999694824219,11.389647483825684
2008-07-01,11.010000228881836,10.956751823425293
2008-07-02,10.512499809265137,10.461657524108887
2008-07-03,10.4350004196167,10.384532928466797
2008-07-07,10.672499656677246,10.620882987976074
2008-07-08,10.609999656677246,10.558685302734375
2008-07-09,10.515000343322754,10.46414566040039
2008-07-10,10.274999618530273,10.225305557250977
2008-07-11,10.239999771118164,10.190475463867188
2008-07-14,10.4375,10.387020111083984
2008-07-15,10.407500267028809,10.357165336608887
2008-07-16,10.6850004196167,10.633323669433594
2008-07-17,10.542499542236328,10.491512298583984
2008-07-18,10.242500305175781,10.192963600158691
2008-07-21,10.414999961853027,10.364628791809082
2008-07-22,10.532500267028809,10.481560707092285
2008-07-23,10.710000038146973,10.658202171325684
2008-07-24,10.479999542236328,10.429314613342285
2008-07-25,10.53499984741211,10.484048843383789
2008-07-28,10.552499771118164,10.501463890075684
2008-07-29,10.852499961853027,10.800013542175293
2008-07-30,11.635000228881836,11.578728675842285
2008-07-31,11.272500038146973,11.217982292175293
2008-08-01,11.46500015258789,11.409550666809082
2008-08-04,11.395000457763672,11.339889526367188
2008-08-05,11.727499961853027,11.670781135559082
2008-08-06,11.654999732971191,11.598631858825684
2008-08-07,11.262499809265137,11.208029747009277
2008-08-08,11.3125,11.25778865814209
2008-08-11,11.079999923706055,11.026412963867188
2008-08-12,11.447500228881836,11.392135620117188
2008-08-13,10.800000190734863,10.747767448425293
2008-08-14,13.375,13.31031322479248
2008-08-15,13.319999694824219,13.255578994750977
2008-08-18,12.699999809265137,12.638577461242676
2008-08-19,12.082500457763672,12.024065017700195
2008-08-20,12.25,12.190753936767578
2008-08-21,11.984999656677246,11.927035331726074
2008-08-22,12.0,11.941963195800781
2008-08-25,12.170000076293945,12.111141204833984
2008-08-26,11.9375,11.879765510559082
2008-08-27,11.989999771118164,11.932011604309082
2008-08-28,12.282500267028809,12.223097801208496
2008-08-29,12.569999694824219,12.509206771850586
2008-09-02,12.75,12.688336372375488
2008-09-03,12.092499732971191,12.034015655517578
2008-09-04,11.204999923706055,11.150808334350586
2008-09-05,11.295000076293945,11.240373611450195
2008-09-08,11.332500457763672,11.277691841125488
2008-09-09,10.53499984741211,10.484048843383789
2008-09-10,10.892499923706055,10.83981990814209
2008-09-11,10.4350004196167,10.384532928466797
2008-09-12,10.5,10.449217796325684
2008-09-15,9.75,9.702845573425293
2008-09-16,9.265000343322754,9.22019100189209
2008-09-17,8.75,8.707681655883789
2008-09-18,12.625,12.56394100189209
2008-09-19,11.262499809265137,11.208029747009277
2008-09-22,10.604999542236328,10.553709983825684
2008-09-23,10.149999618530273,10.100910186767578
2008-09-24,10.204999923706055,10.155644416809082
2008-09-25,10.537500381469727,10.486536979675293
2008-09-26,9.982500076293945,9.934221267700195
2008-09-29,8.824999809265137,8.782319068908691
2008-09-30,9.65250015258789,9.605816841125488
2008-10-01,9.835000038146973,9.787434577941895
2008-10-02,9.050000190734863,9.006231307983398
2008-10-03,9.25,9.205263137817383
2008-10-06,9.177499771118164,9.133113861083984
2008-10-07,9.149999618530273,9.105746269226074
2008-10-08,9.875,9.827240943908691
2008-10-09,8.787500381469727,8.745000839233398
2008-10-10,8.255000114440918,8.215075492858887
2008-10-13,9.279999732971191,9.23511791229248
2008-10-14,8.6875,8.64548397064209
2008-10-15,7.840000152587891,7.8020830154418945
2008-10-16,7.849999904632568,7.8120341300964355
2008-10-17,8.015000343322754,7.976236820220947
2008-10-20,8.317500114440918,8.277273178100586
2008-10-21,7.637499809265137,7.60056209564209
2008-10-22,7.46750020980835,7.431384563446045
2008-10-23,7.03000020980835,6.996000289916992
2008-10-24,6.5,6.468563556671143
2008-10-27,6.037499904632568,6.008300304412842
2008-10-28,6.71999979019165,6.687499523162842
2008-10-29,7.462500095367432,7.426408767700195
2008-10-30,7.735000133514404,7.6975908279418945
2008-10-31,7.644999980926514,7.608026027679443
2008-11-03,8.100000381469727,8.06082534790039
2008-11-04,8.1274995803833,8.088191986083984
2008-11-05,7.590000152587891,7.5532917976379395
2008-11-06,6.892499923706055,6.859165191650391
2008-11-07,7.117499828338623,7.0830769538879395
2008-11-10,7.054999828338623,7.02087926864624
2008-11-11,6.5,6.468563556671143
2008-11-12,5.889999866485596,5.861513614654541
2008-11-13,6.260000228881836,6.229724407196045
2008-11-14,5.747499942779541,5.71970272064209
2008-11-17,5.914999961853027,5.886392593383789
2008-11-18,5.085000038146973,5.0604071617126465
2008-11-19,4.392499923706055,4.371256351470947
2008-11-20,4.127500057220459,4.107537746429443
2008-11-21,4.704999923706055,4.682244777679443
2008-11-24,4.75,4.727027416229248
2008-11-25,4.742499828338623,4.7195634841918945
2008-11-26,5.377500057220459,5.351492404937744
2008-11-28,5.817500114440918,5.789364337921143
2008-12-01,5.0,4.975818157196045
2008-12-02,5.09250020980835,5.06787109375
2008-12-03,5.054999828338623,5.030551910400391
2008-12-04,4.994999885559082,4.970842361450195
2008-12-05,5.065000057220459,5.040503978729248
2008-12-08,5.802499771118164,5.7744364738464355
2008-12-09,5.605000019073486,5.577892303466797
2008-12-10,5.684999942779541,5.657505035400391
2008-12-11,5.392499923706055,5.366419792175293
2008-12-12,5.349999904632568,5.324125289916992
2008-12-15,4.997499942779541,4.973330020904541
2008-12-16,5.082499980926514,5.057919025421143
2008-12-17,5.432499885559082,5.40622615814209
2008-12-18,5.492499828338623,5.465936183929443
2008-12-19,5.630000114440918,5.602771282196045
2008-12-22,5.125,5.100213527679443
2008-12-23,4.987500190734863,4.96337890625
2008-12-24,5.099999904632568,5.075334548950195
2008-12-26,5.247499942779541,5.222121238708496
2008-12-29,5.377500057220459,5.351492404937744
2008-12-30,5.585000038146973,5.55798864364624
2008-12-31,5.949999809265137,5.921223163604736
2009-01-02,5.909999847412109,5.8814167976379395
2009-01-05,6.09499979019165,6.065522193908691
2009-01-06,5.945000171661377,5.916247844696045
2009-01-07,5.525000095367432,5.498279094696045
2009-01-08,5.132500171661377,5.107677459716797
2009-01-09,5.019999980926514,4.995721340179443
2009-01-12,4.917500019073486,4.893717288970947
2009-01-13,5.054999828338623,5.030551910400391
2009-01-14,5.102499961853027,5.077822208404541
2009-01-15,5.087500095367432,5.062894821166992
2009-01-16,5.522500038146973,5.495790958404541
2009-01-20,5.002500057220459,4.978306293487549
2009-01-21,5.15749979019165,5.132555961608887
2009-01-22,4.985000133514404,4.960890769958496
2009-01-23,4.695000171661377,4.672293186187744
2009-01-26,4.690000057220459,4.6673173904418945
2009-01-27,4.78249979019165,4.759369850158691
2009-01-28,5.019999980926514,4.995721340179443
2009-01-29,5.142499923706055,5.117629051208496
2009-01-30,5.247499942779541,5.222121238708496
2009-02-02,5.105000019073486,5.080310344696045
2009-02-03,5.087500095367432,5.062894821166992
2009-02-04,5.162499904632568,5.1375322341918945
2009-02-05,5.442500114440918,5.416178226470947
2009-02-06,5.375,5.34900426864624
2009-02-09,5.257500171661377,5.232072830200195
2009-02-10,4.769999980926514,4.7469305992126465
2009-02-11,4.952499866485596,4.9285478591918945
2009-02-12,4.980000019073486,4.9559149742126465
2009-02-13,4.917500019073486,4.893717288970947
2009-02-17,4.804999828338623,4.781761169433594
2009-02-18,4.677499771118164,4.654877662658691
2009-02-19,4.732500076293945,4.709611892700195
2009-02-20,4.847499847412109,4.8240556716918945
2009-02-23,4.892499923706055,4.868837833404541
2009-02-24,5.017499923706055,4.9932332038879395
2009-02-25,5.010000228881836,4.985769748687744
2009-02-26,5.047500133514404,5.023088455200195
2009-02-27,5.0,4.975818157196045
2009-03-02,4.78000020980835,4.756882190704346
2009-03-03,4.824999809265137,4.801664352416992
2009-03-04,5.327499866485596,5.30173397064209
2009-03-05,5.112500190734863,5.087774276733398
2009-03-06,5.077499866485596,5.052943229675293
2009-03-09,5.184999942779541,5.159923076629639
2009-03-10,5.542500019073486,5.515694618225098
2009-03-11,5.545000076293945,5.518182277679443
2009-03-12,6.170000076293945,6.140159606933594
2009-03-13,7.052499771118164,7.018391132354736
2009-03-16,6.5,6.468563556671143
2009-03-17,6.662499904632568,6.630277633666992
2009-03-18,6.894999980926514,6.8616533279418945
2009-03-19,6.764999866485596,6.732281684875488
2009-03-20,6.642499923706055,6.610374450683594
2009-03-23,7.025000095367432,6.991024494171143
2009-03-24,7.182499885559082,7.147762775421143
2009-03-25,7.090000152587891,7.055710315704346
2009-03-26,7.377500057220459,7.341819763183594
2009-03-27,7.079999923706055,7.045758247375488
2009-03-30,6.692500114440918,6.66013240814209
2009-03-31,6.849999904632568,6.81687068939209
2009-04-01,6.775000095367432,6.742233753204346
2009-04-02,7.130000114440918,7.095516681671143
2009-04-03,7.227499961853027,7.192544937133789
2009-04-06,7.190000057220459,7.155226707458496
2009-04-07,6.902500152587891,6.869117259979248
2009-04-08,6.847499847412109,6.814382553100586
2009-04-09,7.215000152587891,7.180105686187744
2009-04-13,7.489999771118164,7.453775405883789
2009-04-14,7.012499809265137,6.9785847663879395
2009-04-15,7.25,7.214936256408691
2009-04-16,7.255000114440918,7.219912052154541
2009-04-17,7.487500190734863,7.451287746429443
2009-04-20,7.53249979019165,7.49606990814209
2009-04-21,7.672500133514404,7.635393142700195
2009-04-22,7.644999980926514,7.608026027679443
2009-04-23,7.699999809265137,7.662759780883789
2009-04-24,7.934999942779541,7.896623134613037
2009-04-27,7.690000057220459,7.65280818939209
2009-04-28,7.377500057220459,7.341819763183594
2009-04-29,7.664999961853027,7.627929210662842
2009-04-30,7.730000019073486,7.692615032196045
2009-05-01,7.732500076293945,7.695102691650391
2009-05-04,8.357500076293945,8.3170804977417
2009-05-05,8.225000381469727,8.185220718383789
2009-05-06,8.460000038146973,8.419084548950195
2009-05-07,8.25,8.210100173950195
2009-05-08,8.255000114440918,8.215075492858887
2009-05-11,8.202500343322754,8.162830352783203
2009-05-12,9.367500305175781,9.322195053100586
2009-05-13,9.172499656677246,9.128137588500977
2009-05-14,9.217499732971191,9.172920227050781
2009-05-15,9.255000114440918,9.21023941040039
2009-05-18,9.270000457763672,9.225167274475098
2009-05-19,9.239999771118164,9.195311546325684
2009-05-20,9.4399995803833,9.394344329833984
2009-05-21,9.087499618530273,9.043548583984375
2009-05-22,9.260000228881836,9.215215682983398
2009-05-26,9.4350004196167,9.389369010925293
2009-05-27,9.395000457763672,9.349562644958496
2009-05-28,9.422499656677246,9.37692928314209
2009-05-29,10.237500190734863,10.187987327575684
2009-06-01,10.569999694824219,10.518878936767578
2009-06-02,10.520000457763672,10.469121932983398
2009-06-03,10.039999961853027,9.991442680358887
2009-06-04,10.457500457763672,10.4069242477417
2009-06-05,11.09749984741211,11.043828010559082
2009-06-08,11.085000038146973,11.031389236450195
2009-06-09,11.3100004196167,11.255300521850586
2009-06-10,11.84000015258789,11.782737731933594
2009-06-11,11.5625,11.506579399108887
2009-06-12,11.135000228881836,11.081147193908691
2009-06-15,10.462499618530273,10.411898612976074
2009-06-16,10.180000305175781,10.130765914916992
2009-06-17,10.15250015258789,10.103398323059082
2009-06-18,10.697500228881836,10.645763397216797
2009-06-19,10.859999656677246,10.807476997375488
2009-06-22,10.157500267028809,10.10837459564209
2009-06-23,10.132499694824219,10.083495140075684
2009-06-24,10.75,10.69800853729248
2009-06-25,10.917499542236328,10.86469841003418
2009-06-26,11.199999809265137,11.145832061767578
2009-06-29,11.207500457763672,11.15329647064209
2009-06-30,11.574999809265137,11.51901912689209
2009-07-01,11.664999961853027,11.608583450317383
2009-07-02,11.149999618530273,11.096074104309082
2009-07-06,10.899999618530273,10.847283363342285
2009-07-07,10.5600004196167,10.508928298950195
2009-07-08,9.930000305175781,9.881975173950195
2009-07-09,10.442500114440918,10.391996383666992
2009-07-10,10.079999923706055,10.031249046325684
2009-07-13,10.864999771118164,10.81245231628418
2009-07-14,11.302499771118164,11.247836112976074
2009-07-15,11.432499885559082,11.37720775604248
2009-07-16,11.319999694824219,11.265252113342285
2009-07-17,11.332500457763672,11.277691841125488
2009-07-20,12.057499885559082,11.999185562133789
2009-07-21,11.989999771118164,11.932011604309082
2009-07-22,11.967499732971191,11.90962028503418
2009-07-23,12.067500114440918,12.009137153625488
2009-07-24,12.319999694824219,12.260415077209473
2009-07-27,12.135000228881836,12.076311111450195
2009-07-28,12.092499732971191,12.034015655517578
2009-07-29,11.8774995803833,11.82005500793457
2009-07-30,12.529999732971191,12.469399452209473
2009-07-31,12.8125,12.750534057617188
2009-08-03,13.707500457763672,13.641205787658691
2009-08-04,13.667499542236328,13.601398468017578
2009-08-05,12.522500038146973,12.461935997009277
2009-08-06,12.84000015258789,12.777900695800781
2009-08-07,12.8725004196167,12.8102445602417
2009-08-10,12.72249984741211,12.660968780517578
2009-08-11,12.829999923706055,12.767949104309082
2009-08-12,12.912500381469727,12.850050926208496
2009-08-13,13.024999618530273,12.962005615234375
2009-08-14,12.699999809265137,12.638577461242676
2009-08-17,11.975000381469727,11.917084693908691
2009-08-18,12.824999809265137,12.762972831726074
2009-08-19,12.4399995803833,12.37983512878418
2009-08-20,12.572500228881836,12.51169490814209
2009-08-21,12.857500076293945,12.795316696166992
2009-08-24,13.039999961853027,12.976933479309082
2009-08-25,12.529999732971191,12.469399452209473
2009-08-26,12.6274995803833,12.566428184509277
2009-08-27,12.270000457763672,12.210658073425293
2009-08-28,12.212499618530273,12.153435707092285
2009-08-31,12.234999656677246,12.175826072692871
2009-09-01,12.087499618530273,12.029040336608887
2009-09-02,12.21500015258789,12.155923843383789
2009-09-03,12.5625,12.50174331665039
2009-09-04,13.457500457763672,13.392415046691895
2009-09-08,13.515000343322754,13.449636459350586
2009-09-09,14.077500343322754,14.009416580200195
2009-09-10,14.109999656677246,14.04175853729248
2009-09-11,13.545000076293945,13.479491233825684
2009-09-14,13.4375,13.37251091003418
2009-09-15,13.802499771118164,13.735745429992676
2009-09-16,14.082500457763672,14.014391899108887
2009-09-17,14.074999809265137,14.006927490234375
2009-09-18,14.012499809265137,13.944729804992676
2009-09-21,13.774999618530273,13.708378791809082
2009-09-22,14.082500457763672,14.014391899108887
2009-09-23,14.5,14.429872512817383
2009-09-24,14.279999732971191,14.210936546325684
2009-09-25,14.292499542236328,14.22337532043457
2009-09-28,14.727499961853027,14.656271934509277
2009-09-29,14.922499656677246,14.85032844543457
2009-09-30,14.697500228881836,14.62641716003418
2009-10-01,14.067500114440918,13.99946403503418
2009-10-02,13.962499618530273,13.89497184753418
2009-10-05,14.5,14.429872512817383
2009-10-06,14.8725004196167,14.80057144165039
2009-10-07,14.882499694824219,14.810522079467773
2009-10-08,15.512499809265137,15.437475204467773
2009-10-09,15.572500228881836,15.497185707092285
2009-10-12,15.114999771118164,15.041897773742676
2009-10-13,15.2524995803833,15.178732872009277
2009-10-14,15.515000343322754,15.439964294433594
2009-10-15,15.494999885559082,15.420060157775879
2009-10-16,15.15999984741211,15.08668041229248
2009-10-19,14.75,14.67866325378418
2009-10-20,14.4375,14.367674827575684
2009-10-21,14.547499656677246,14.477142333984375
2009-10-22,15.175000190734863,15.101608276367188
2009-10-23,15.2475004196167,15.173757553100586
2009-10-26,15.0625,14.989651679992676
2009-10-27,14.645000457763672,14.574172019958496
2009-10-28,14.367500305175781,14.298013687133789
2009-10-29,14.1899995803833,14.121371269226074
2009-10-30,13.385000228881836,13.32026481628418
2009-11-02,13.640000343322754,13.574031829833984
2009-11-03,13.989999771118164,13.922338485717773
2009-11-04,14.390000343322754,14.320405006408691
2009-11-05,14.857500076293945,14.785643577575684
2009-11-06,15.100000381469727,15.026970863342285
2009-11-09,15.842499732971191,15.76587963104248
2009-11-10,16.299999237060547,16.221166610717773
2009-11-11,16.072500228881836,15.994767189025879
2009-11-12,17.2549991607666,17.171546936035156
2009-11-13,18.047500610351562,17.960216522216797
2009-11-16,17.68000030517578,17.594493865966797
2009-11-17,17.947500228881836,17.860698699951172
2009-11-18,17.892499923706055,17.805965423583984
2009-11-19,16.834999084472656,16.753578186035156
2009-11-20,17.017499923706055,16.935195922851562
2009-11-23,17.235000610351562,17.15164566040039
2009-11-24,17.469999313354492,17.385507583618164
2009-11-25,17.670000076293945,17.58454132080078
2009-11-27,17.524999618530273,17.440242767333984
2009-11-30,18.337499618530273,18.248811721801758
2009-12-01,18.887500762939453,18.796154022216797
2009-12-02,19.302499771118164,19.209144592285156
2009-12-03,19.157499313354492,19.06484603881836
2009-12-04,18.815000534057617,18.7240047454834
2009-12-07,18.94499969482422,18.853374481201172
2009-12-08,18.719999313354492,18.62946319580078
2009-12-09,18.274999618530273,18.186614990234375
2009-12-10,18.53499984741211,18.445358276367188
2009-12-11,18.385000228881836,18.296083450317383
2009-12-14,18.655000686645508,18.564777374267578
2009-12-15,18.522499084472656,18.43291664123535
2009-12-16,19.342500686645508,19.248952865600586
2009-12-17,18.780000686645508,18.689172744750977
2009-12-18,18.612499237060547,18.52248191833496
2009-12-21,18.327499389648438,18.238861083984375
2009-12-22,17.72249984741211,17.63678741455078
2009-12-23,18.147499084472656,18.059730529785156
2009-12-24,18.295000076293945,18.206518173217773
2009-12-28,18.342500686645508,18.2537899017334
2009-12-29,18.397499084472656,18.308521270751953
2009-12-30,18.2549991607666,18.166711807250977
2009-12-31,17.96500015258789,17.878114700317383
2010-01-04,18.125,18.03734016418457
2010-01-05,19.137500762939453,19.044944763183594
2010-01-06,18.732500076293945,18.641902923583984
2010-01-07,18.27750015258789,18.189104080200195
2010-01-08,18.19499969482422,18.10700225830078
2010-01-11,18.40999984741211,18.32096290588379
2010-01-12,17.700000762939453,17.614397048950195
2010-01-13,17.542499542236328,17.457656860351562
2010-01-14,18.334999084472656,18.24632453918457
2010-01-15,18.1875,18.099538803100586
2010-01-19,18.2450008392334,18.156761169433594
2010-01-20,17.677499771118164,17.592004776000977
2010-01-21,16.469999313354492,16.390344619750977
2010-01-22,15.930000305175781,15.852956771850586
2010-01-25,16.31999969482422,16.241069793701172
2010-01-26,16.334999084472656,16.255996704101562
2010-01-27,16.1299991607666,16.05198860168457
2010-01-28,16.489999771118164,16.410247802734375
2010-01-29,15.645000457763672,15.569334983825684
2010-02-01,16.235000610351562,16.156482696533203
2010-02-02,16.614999771118164,16.534643173217773
2010-02-03,15.925000190734863,15.847980499267578
2010-02-04,15.079999923706055,15.007067680358887
2010-02-05,15.28499984741211,15.211075782775879
2010-02-08,15.270000457763672,15.196148872375488
2010-02-09,15.71500015258789,15.638996124267578
2010-02-10,16.399999618530273,16.320682525634766
2010-02-11,16.93000030517578,16.848119735717773
2010-02-12,16.950000762939453,16.868024826049805
2010-02-16,17.459999084472656,17.37555503845215
2010-02-17,17.549999237060547,17.465120315551758
2010-02-18,17.915000915527344,17.828357696533203
2010-02-19,17.665000915527344,17.579566955566406
2010-02-22,17.725000381469727,17.63927459716797
2010-02-23,17.864999771118164,17.77859878540039
2010-02-24,18.25,18.16173553466797
2010-02-25,18.3799991607666,18.291107177734375
2010-02-26,19.114999771118164,19.022552490234375
2010-03-01,19.53499984741211,19.440521240234375
2010-03-02,18.96500015258789,18.87327766418457
2010-03-03,18.209999084472656,18.121929168701172
2010-03-04,18.84000015258789,18.748882293701172
2010-03-05,19.315000534057617,19.221586227416992
2010-03-08,19.700000762939453,19.604724884033203
2010-03-09,19.3700008392334,19.27631950378418
2010-03-10,19.434999465942383,19.341005325317383
2010-03-11,19.399999618530273,19.30617332458496
2010-03-12,19.325000762939453,19.231536865234375
2010-03-15,18.985000610351562,18.8931827545166
2010-03-16,18.604999542236328,18.515018463134766
2010-03-17,18.309999465942383,18.221445083618164
2010-03-18,18.459999084472656,18.37071990966797
2010-03-19,18.0,17.912944793701172
2010-03-22,18.385000228881836,18.296083450317383
2010-03-23,18.81999969482422,18.728979110717773
2010-03-24,19.6299991607666,19.53506088256836
2010-03-25,20.2450008392334,20.1470890045166
2010-03-26,19.760000228881836,19.664432525634766
2010-03-29,20.19499969482422,20.097328186035156
2010-03-30,20.34000015258789,20.241628646850586
2010-03-31,19.600000381469727,19.505207061767578
2010-04-01,20.145000457763672,20.047571182250977
2010-04-05,20.155000686645508,20.057523727416992
2010-04-06,19.854999542236328,19.758974075317383
2010-04-07,19.65999984741211,19.564916610717773
2010-04-08,19.524999618530273,19.43056869506836
2010-04-09,18.979999542236328,18.88820457458496
2010-04-12,19.344999313354492,19.251440048217773
2010-04-13,19.334999084472656,19.241487503051758
2010-04-14,19.704999923706055,19.609699249267578
2010-04-15,19.989999771118164,19.893320083618164
2010-04-16,19.540000915527344,19.445497512817383
2010-04-19,18.559999465942383,18.47023582458496
2010-04-20,18.559999465942383,18.47023582458496
2010-04-21,18.014999389648438,17.927871704101562
2010-04-22,19.030000686645508,18.937963485717773
2010-04-23,19.239999771118164,19.146947860717773
2010-04-26,19.719999313354492,19.62462615966797
2010-04-27,18.854999542236328,18.763809204101562
2010-04-28,18.959999084472656,18.868301391601562
2010-04-29,18.760000228881836,18.669269561767578
2010-04-30,18.25,18.16173553466797
2010-05-03,18.514999389648438,18.425453186035156
2010-05-04,18.295000076293945,18.206518173217773
2010-05-05,17.739999771118164,17.65420150756836
2010-05-06,17.0,16.917781829833984
2010-05-07,16.46500015258789,16.38536834716797
2010-05-10,18.565000534057617,18.4752140045166
2010-05-11,18.274999618530273,18.186614990234375
2010-05-12,19.9950008392334,19.898298263549805
2010-05-13,20.28499984741211,20.186893463134766
2010-05-14,18.9950008392334,18.903133392333984
2010-05-17,18.96500015258789,18.87327766418457
2010-05-18,18.985000610351562,18.8931827545166
2010-05-19,19.0,18.908109664916992
2010-05-20,17.479999542236328,17.39546012878418
2010-05-21,18.325000762939453,18.236373901367188
2010-05-24,18.739999771118164,18.64936637878418
2010-05-25,18.575000762939453,18.485164642333984
2010-05-26,18.69499969482422,18.604583740234375
2010-05-27,20.2450008392334,20.1470890045166
2010-05-28,19.69499969482422,19.599746704101562
2010-06-01,19.014999389648438,18.92303466796875
2010-06-02,19.954999923706055,19.858489990234375
2010-06-03,19.395000457763672,19.301198959350586
2010-06-04,18.625,18.534921646118164
2010-06-07,18.114999771118164,18.027389526367188
2010-06-08,18.204999923706055,18.116952896118164
2010-06-09,18.145000457763672,18.0572452545166
2010-06-10,18.584999084472656,18.495115280151367
2010-06-11,18.94499969482422,18.853374481201172
2010-06-14,19.700000762939453,19.604724884033203
2010-06-15,21.200000762939453,21.097469329833984
2010-06-16,21.614999771118164,21.510461807250977
2010-06-17,21.295000076293945,21.19200897216797
2010-06-18,21.274999618530273,21.17210578918457
2010-06-21,22.899999618530273,22.78924560546875
2010-06-22,22.104999542236328,21.998090744018555
2010-06-23,22.405000686645508,22.296642303466797
2010-06-24,21.739999771118164,21.634857177734375
2010-06-25,22.03499984741211,21.928430557250977
2010-06-28,21.385000228881836,21.281574249267578
2010-06-29,18.80500030517578,18.714052200317383
2010-06-30,18.780000686645508,18.689172744750977
2010-07-01,18.799999237060547,18.709075927734375
2010-07-02,19.03499984741211,18.94293975830078
2010-07-06,16.405000686645508,16.325660705566406
2010-07-07,17.200000762939453,17.1168155670166
2010-07-08,17.625,17.539758682250977
2010-07-09,18.364999771118164,18.276180267333984
2010-07-12,17.69499969482422,17.609420776367188
2010-07-13,18.3700008392334,18.281156539916992
2010-07-14,18.469999313354492,18.38067054748535
2010-07-15,18.405000686645508,18.31598663330078
2010-07-16,18.239999771118164,18.151784896850586
2010-07-19,18.56999969482422,18.480188369750977
2010-07-20,19.459999084472656,19.365882873535156
2010-07-21,19.010000228881836,18.918060302734375
2010-07-22,19.729999542236328,19.634578704833984
2010-07-23,20.25,20.152063369750977
2010-07-26,19.924999237060547,19.82863426208496
2010-07-27,19.774999618530273,19.679359436035156
2010-07-28,19.600000381469727,19.505207061767578
2010-07-29,19.69499969482422,19.599746704101562
2010-07-30,20.1299991607666,20.032642364501953
2010-08-02,20.1299991607666,20.032642364501953
2010-08-03,19.739999771118164,19.644529342651367
2010-08-04,20.850000381469727,20.749162673950195
2010-08-05,21.0,20.898435592651367
2010-08-06,21.260000228881836,21.15717887878418
2010-08-09,21.260000228881836,21.15717887878418
2010-08-10,20.549999237060547,20.450611114501953
2010-08-11,19.81999969482422,19.72414207458496
2010-08-12,20.075000762939453,19.9779109954834
2010-08-13,19.989999771118164,19.893320083618164
2010-08-16,20.170000076293945,20.072450637817383
2010-08-17,20.65999984741211,20.56007957458496
2010-08-18,20.600000381469727,20.500370025634766
2010-08-19,20.575000762939453,20.475492477416992
2010-08-20,21.049999237060547,20.948192596435547
2010-08-23,20.53499984741211,20.435684204101562
2010-08-24,19.270000457763672,19.176803588867188
2010-08-25,19.450000762939453,19.355932235717773
2010-08-26,19.934999465942383,19.838586807250977
2010-08-27,20.665000915527344,20.5650577545166
2010-08-30,20.725000381469727,20.624767303466797
2010-08-31,20.2450008392334,20.1470890045166
2010-09-01,20.6299991607666,20.530223846435547
2010-09-02,21.5049991607666,21.40099334716797
2010-09-03,21.139999389648438,21.037757873535156
2010-09-07,20.5049991607666,20.40582847595215
2010-09-08,20.274999618530273,20.176942825317383
2010-09-09,20.209999084472656,20.112255096435547
2010-09-10,20.594999313354492,20.495393753051758
2010-09-13,21.40999984741211,21.306453704833984
2010-09-14,21.235000610351562,21.132299423217773
2010-09-15,21.524999618530273,21.420896530151367
2010-09-16,21.479999542236328,21.376113891601562
2010-09-17,21.604999542236328,21.50050926208496
2010-09-20,21.920000076293945,21.81398582458496
2010-09-21,21.9950008392334,21.88862419128418
2010-09-22,22.190000534057617,22.08268165588379
2010-09-23,22.420000076293945,22.311569213867188
2010-09-24,23.459999084472656,23.346538543701172
2010-09-27,24.28499984741211,24.16754913330078
2010-09-28,23.889999389648438,23.774457931518555
2010-09-29,23.9950008392334,23.878952026367188
2010-09-30,23.875,23.759531021118164
2010-10-01,23.725000381469727,23.610258102416992
2010-10-04,23.15999984741211,23.047988891601562
2010-10-05,23.774999618530273,23.660015106201172
2010-10-06,23.03499984741211,22.923593521118164
2010-10-07,23.260000228881836,23.147506713867188
2010-10-08,23.010000228881836,22.89871597290039
2010-10-11,23.350000381469727,23.237070083618164
2010-10-12,23.56999969482422,23.45600700378418
2010-10-13,24.260000228881836,24.142669677734375
2010-10-14,24.135000228881836,24.018274307250977
2010-10-15,24.8700008392334,24.749719619750977
2010-10-18,25.389999389648438,25.26720428466797
2010-10-19,24.575000762939453,24.456146240234375
2010-10-20,25.014999389648438,24.894018173217773
2010-10-21,25.5049991607666,25.38164710998535
2010-10-22,25.46500015258789,25.341842651367188
2010-10-25,26.0,25.87425422668457
2010-10-26,25.645000457763672,25.520971298217773
2010-10-27,25.264999389648438,25.14280891418457
2010-10-28,25.364999771118164,25.242324829101562
2010-10-29,26.030000686645508,25.904109954833984
2010-11-01,26.059999465942383,25.933963775634766
2010-11-02,26.075000762939453,25.94889259338379
2010-11-03,24.18000030517578,24.06305694580078
2010-11-04,23.854999542236328,23.739627838134766
2010-11-05,23.760000228881836,23.64508819580078
2010-11-08,23.69499969482422,23.580402374267578
2010-11-09,23.540000915527344,23.4261531829834
2010-11-10,23.329999923706055,23.217166900634766
2010-11-11,24.264999389648438,24.14764404296875
2010-11-12,23.96500015258789,23.849096298217773
2010-11-15,23.155000686645508,23.043014526367188
2010-11-16,22.690000534057617,22.580263137817383
2010-11-17,22.950000762939453,22.839006423950195
2010-11-18,23.30500030517578,23.192289352416992
2010-11-19,23.690000534057617,23.57542610168457
2010-11-22,23.5,23.38634490966797
2010-11-23,23.204999923706055,23.092771530151367
2010-11-24,24.014999389648438,23.898853302001953
2010-11-26,23.540000915527344,23.4261531829834
2010-11-29,23.204999923706055,23.092771530151367
2010-11-30,21.889999389648438,21.784130096435547
2010-12-01,21.364999771118164,21.26167106628418
2010-12-02,22.0049991607666,21.898574829101562
2010-12-03,22.1299991607666,22.02297019958496
2010-12-06,22.165000915527344,22.057802200317383
2010-12-07,23.125,23.013158798217773
2010-12-08,21.934999465942383,21.82891273498535
2010-12-09,22.204999923706055,22.09760856628418
2010-12-10,22.575000762939453,22.4658203125
2010-12-13,22.264999389648438,22.157318115234375
2010-12-14,19.31999969482422,19.226560592651367
2010-12-15,20.860000610351562,20.759113311767578
2010-12-16,20.385000228881836,20.28641128540039
2010-12-17,20.540000915527344,20.440662384033203
2010-12-20,20.155000686645508,20.057523727416992
2010-12-21,20.479999542236328,20.380950927734375
2010-12-22,21.104999542236328,21.002927780151367
2010-12-23,20.875,20.77404022216797
2010-12-27,20.854999542236328,20.75413703918457
2010-12-28,21.0,20.898435592651367
2010-12-29,20.954999923706055,20.853652954101562
2010-12-30,20.670000076293945,20.570032119750977
2010-12-31,20.225000381469727,20.12718391418457
2011-01-03,20.815000534057617,20.714330673217773
2011-01-04,22.239999771118164,22.13243865966797
2011-01-05,22.295000076293945,22.18717384338379
2011-01-06,22.6299991607666,22.520551681518555
2011-01-07,22.225000381469727,22.117511749267578
2011-01-10,22.825000762939453,22.714611053466797
2011-01-11,23.049999237060547,22.938520431518555
2011-01-12,21.770000457763672,21.66471290588379
2011-01-13,21.565000534057617,21.460704803466797
2011-01-14,21.045000076293945,20.943218231201172
2011-01-18,21.514999389648438,21.41094398498535
2011-01-19,21.4950008392334,21.391042709350586
2011-01-20,21.399999618530273,21.29650115966797
2011-01-21,21.53499984741211,21.430849075317383
2011-01-24,21.3799991607666,21.27659797668457
2011-01-25,21.729999542236328,21.62490463256836
2011-01-26,22.290000915527344,22.18219757080078
2011-01-27,21.600000381469727,21.495534896850586
2011-01-28,20.325000762939453,20.226701736450195
2011-01-31,20.579999923706055,20.480466842651367
2011-02-01,21.104999542236328,21.002927780151367
2011-02-02,20.604999542236328,20.505346298217773
2011-02-03,20.799999237060547,20.69940185546875
2011-02-04,20.729999542236328,20.629741668701172
2011-02-07,21.05500030517578,20.953170776367188
2011-02-08,20.5049991607666,20.40582847595215
2011-02-09,20.7450008392334,20.644670486450195
2011-02-10,20.68000030517578,20.579984664916992
2011-02-11,21.485000610351562,21.38109016418457
2011-02-14,20.325000762939453,20.226701736450195
2011-02-15,20.040000915527344,19.943078994750977
2011-02-16,19.610000610351562,19.515159606933594
2011-02-17,20.065000534057617,19.967958450317383
2011-02-18,19.7450008392334,19.649505615234375
2011-02-22,19.149999618530273,19.057382583618164
2011-02-23,18.655000686645508,18.564777374267578
2011-02-24,19.520000457763672,19.425594329833984
2011-02-25,19.885000228881836,19.788827896118164
2011-02-28,19.385000228881836,19.29124641418457
2011-03-01,19.0,18.908109664916992
2011-03-02,19.145000457763672,19.05240821838379
2011-03-03,19.440000534057617,19.34598159790039
2011-03-04,19.520000457763672,19.425594329833984
2011-03-07,19.03499984741211,18.94293975830078
2011-03-08,19.30500030517578,19.211633682250977
2011-03-09,19.46500015258789,19.370859146118164
2011-03-10,19.334999084472656,19.241487503051758
2011-03-11,19.3700008392334,19.27631950378418
2011-03-14,19.5,19.405691146850586
2011-03-15,19.155000686645508,19.062360763549805
2011-03-16,18.5049991607666,18.415502548217773
2011-03-17,18.645000457763672,18.554826736450195
2011-03-18,18.6299991607666,18.539897918701172
2011-03-21,19.010000228881836,18.918060302734375
2011-03-22,18.80500030517578,18.714052200317383
2011-03-23,18.6299991607666,18.539897918701172
2011-03-24,19.5049991607666,19.41066551208496
2011-03-25,19.735000610351562,19.639554977416992
2011-03-28,19.844999313354492,19.749021530151367
2011-03-29,20.139999389648438,20.04259490966797
2011-03-30,20.415000915527344,20.316267013549805
2011-03-31,20.7450008392334,20.644670486450195
2011-04-01,20.825000762939453,20.72428321838379
2011-04-04,21.420000076293945,21.316404342651367
2011-04-05,22.3700008392334,22.261810302734375
2011-04-06,22.065000534057617,21.95828628540039
2011-04-07,22.704999923706055,22.595190048217773
2011-04-08,22.850000381469727,22.73948860168457
2011-04-11,22.625,22.51557731628418
2011-04-12,22.315000534057617,22.207077026367188
2011-04-13,22.434999465942383,22.326496124267578
2011-04-14,22.584999084472656,22.47576904296875
2011-04-15,22.799999237060547,22.689729690551758
2011-04-18,22.875,22.764368057250977
2011-04-19,23.774999618530273,23.660015106201172
2011-04-20,24.59000015258789,24.471073150634766
2011-04-21,25.165000915527344,25.043292999267578
2011-04-25,24.5,24.381507873535156
2011-04-26,24.280000686645508,24.162572860717773
2011-04-27,24.094999313354492,23.978466033935547
2011-04-28,24.170000076293945,24.053104400634766
2011-04-29,24.360000610351562,24.242185592651367
2011-05-02,24.354999542236328,24.23720932006836
2011-05-03,23.264999389648438,23.152481079101562
2011-05-04,23.110000610351562,22.998231887817383
2011-05-05,23.5049991607666,23.391319274902344
2011-05-06,24.014999389648438,23.898853302001953
2011-05-09,24.149999618530273,24.033201217651367
2011-05-10,24.309999465942383,24.192426681518555
2011-05-11,23.68000030517578,23.565475463867188
2011-05-12,24.260000228881836,24.142669677734375
2011-05-13,23.760000228881836,23.64508819580078
2011-05-16,23.18000030517578,23.06789207458496
2011-05-17,22.09000015258789,21.983163833618164
2011-05-18,21.649999618530273,21.545291900634766
2011-05-19,22.40999984741211,22.301616668701172
2011-05-20,22.399999618530273,22.291664123535156
2011-05-23,21.44499969482422,21.341283798217773
2011-05-24,21.565000534057617,21.460704803466797
2011-05-25,21.405000686645508,21.301477432250977
2011-05-26,21.469999313354492,21.366161346435547
2011-05-27,22.049999237060547,21.943357467651367
2011-05-31,22.5,22.39118194580078
2011-06-01,22.524999618530273,22.416059494018555
2011-06-02,22.864999771118164,22.75441551208496
2011-06-03,22.459999084472656,22.35137367248535
2011-06-06,21.30500030517578,21.201961517333984
2011-06-07,21.149999618530273,21.047710418701172
2011-06-08,20.864999771118164,20.764089584350586
2011-06-09,20.93000030517578,20.82877540588379
2011-06-10,20.2549991607666,20.15703773498535
2011-06-13,20.075000762939453,19.9779109954834
2011-06-14,20.799999237060547,20.69940185546875
2011-06-15,20.399999618530273,20.30133819580078
2011-06-16,20.1200008392334,20.022693634033203
2011-06-17,19.975000381469727,19.878393173217773
2011-06-20,20.040000915527344,19.943078994750977
2011-06-21,20.479999542236328,20.380950927734375
2011-06-22,20.485000610351562,20.385927200317383
2011-06-23,20.395000457763672,20.296361923217773
2011-06-24,19.655000686645508,19.5599422454834
2011-06-27,19.649999618530273,19.554964065551758
2011-06-28,21.190000534057617,21.08751678466797
2011-06-29,21.104999542236328,21.002927780151367
2011-06-30,21.540000915527344,21.43582534790039
2011-07-01,22.024999618530273,21.91847801208496
2011-07-05,22.084999084472656,21.978187561035156
2011-07-06,21.850000381469727,21.744325637817383
2011-07-07,22.700000762939453,22.5902156829834
2011-07-08,22.454999923706055,22.346399307250977
2011-07-11,21.885000228881836,21.779155731201172
2011-07-12,21.55500030517578,21.45075225830078
2011-07-13,22.25,22.142391204833984
2011-07-14,22.25,22.142391204833984
2011-07-15,22.030000686645508,21.92345428466797
2011-07-18,21.80500030517578,21.699542999267578
2011-07-19,22.075000762939453,21.968236923217773
2011-07-20,22.030000686645508,21.92345428466797
2011-07-21,22.040000915527344,21.933406829833984
2011-07-22,22.389999389648438,22.281713485717773
2011-07-25,22.795000076293945,22.684755325317383
2011-07-26,23.375,23.26194953918457
2011-07-27,23.03499984741211,22.923593521118164
2011-07-28,22.989999771118164,22.87881088256836
2011-07-29,23.049999237060547,22.938520431518555
2011-08-01,22.489999771118164,22.381229400634766
2011-08-02,20.030000686645508,19.933128356933594
2011-08-03,19.80500030517578,19.70921516418457
2011-08-04,19.094999313354492,19.002649307250977
2011-08-05,19.219999313354492,19.127044677734375
2011-08-08,18.079999923706055,17.992557525634766
2011-08-09,19.2549991607666,19.161874771118164
2011-08-10,19.375,19.281295776367188
2011-08-11,20.049999237060547,19.95302963256836
2011-08-12,20.600000381469727,20.500370025634766
2011-08-15,20.764999389648438,20.66457176208496
2011-08-16,20.264999389648438,20.166990280151367
2011-08-17,20.184999465942383,20.087377548217773
2011-08-18,19.28499984741211,19.191730499267578
2011-08-19,19.25,19.15690040588379
2011-08-22,18.975000381469727,18.883230209350586
2011-08-23,19.40999984741211,19.316125869750977
2011-08-24,19.600000381469727,19.505207061767578
2011-08-25,19.25,19.15690040588379
2011-08-26,19.25,19.15690040588379
2011-08-29,19.875,19.77887725830078
2011-08-30,20.950000762939453,20.848678588867188
2011-08-31,20.860000610351562,20.759113311767578
2011-09-01,20.485000610351562,20.385927200317383
2011-09-02,19.834999084472656,19.73906898498535
2011-09-06,19.719999313354492,19.62462615966797
2011-09-07,20.209999084472656,20.112255096435547
2011-09-08,20.149999618530273,20.052547454833984
2011-09-09,19.229999542236328,19.136995315551758
2011-09-12,18.8700008392334,18.778738021850586
2011-09-13,18.950000762939453,18.85835075378418
2011-09-14,19.094999313354492,19.002649307250977
2011-09-15,19.18000030517578,19.087238311767578
2011-09-16,19.010000228881836,18.918060302734375
2011-09-19,18.7549991607666,18.66429328918457
2011-09-20,17.989999771118164,17.90299415588379
2011-09-21,17.135000228881836,17.0521297454834
2011-09-22,16.350000381469727,16.270925521850586
2011-09-23,17.399999618530273,17.315847396850586
2011-09-26,17.735000610351562,17.649227142333984
2011-09-27,18.46500015258789,18.375696182250977
2011-09-28,16.834999084472656,16.753578186035156
2011-09-29,16.854999542236328,16.773483276367188
2011-09-30,16.075000762939453,15.9972562789917
2011-10-03,15.354999542236328,15.280736923217773
2011-10-04,16.385000228881836,16.305755615234375
2011-10-05,16.71500015258789,16.6341609954834
2011-10-06,17.625,17.539758682250977
2011-10-07,16.625,16.54459571838379
2011-10-10,17.174999237060547,17.091934204101562
2011-10-11,17.225000381469727,17.141693115234375
2011-10-12,17.639999389648438,17.554685592651367
2011-10-13,17.44499969482422,17.360628128051758
2011-10-14,17.510000228881836,17.425315856933594
2011-10-17,17.229999542236328,17.146669387817383
2011-10-18,16.545000076293945,16.464982986450195
2011-10-19,16.110000610351562,16.032087326049805
2011-10-20,16.05500030517578,15.977352142333984
2011-10-21,16.174999237060547,16.096771240234375
2011-10-24,17.235000610351562,17.15164566040039
2011-10-25,16.635000228881836,16.554546356201172
2011-10-26,17.69499969482422,17.609420776367188
2011-10-27,18.43000030517578,18.340866088867188
2011-10-28,18.209999084472656,18.121929168701172
2011-10-31,17.43000030517578,17.345703125
2011-11-01,17.209999084472656,17.12676429748535
2011-11-02,17.854999542236328,17.768646240234375
2011-11-03,17.80500030517578,17.718889236450195
2011-11-04,17.770000457763672,17.684057235717773
2011-11-07,17.549999237060547,17.465120315551758
2011-11-08,17.424999237060547,17.34072494506836
2011-11-09,16.684999465942383,16.604305267333984
2011-11-10,16.860000610351562,16.778459548950195
2011-11-11,17.135000228881836,17.0521297454834
2011-11-14,15.03499984741211,14.962285041809082
2011-11-15,13.779999732971191,13.713354110717773
2011-11-16,13.460000038146973,13.394902229309082
2011-11-17,13.335000038146973,13.270506858825684
2011-11-18,12.854999542236328,12.792827606201172
2011-11-21,12.90999984741211,12.847561836242676
2011-11-22,13.460000038146973,13.394902229309082
2011-11-23,12.890000343322754,12.827659606933594
2011-11-25,13.0,12.937127113342285
2011-11-28,13.479999542236328,13.41480541229248
2011-11-29,13.079999923706055,13.016739845275879
2011-11-30,13.600000381469727,13.534225463867188
2011-12-01,13.260000228881836,13.195869445800781
2011-12-02,13.09000015258789,13.026692390441895
2011-12-05,12.885000228881836,12.822683334350586
2011-12-06,12.574999809265137,12.514182090759277
2011-12-07,12.475000381469727,12.414666175842285
2011-12-08,11.529999732971191,11.474236488342285
2011-12-09,11.600000381469727,11.543898582458496
2011-12-12,11.619999885559082,11.563800811767578
2011-12-13,11.805000305175781,11.747906684875488
2011-12-14,11.5,11.444381713867188
2011-12-15,11.5,11.444381713867188
2011-12-16,11.550000190734863,11.494139671325684
2011-12-19,11.265000343322754,11.210518836975098
2011-12-20,11.720000267028809,11.663317680358887
2011-12-21,11.260000228881836,11.20554256439209
2011-12-22,11.90999984741211,11.852398872375488
2011-12-23,11.569999694824219,11.514042854309082
2011-12-27,11.53499984741211,11.479211807250977
2011-12-28,11.524999618530273,11.469260215759277
2011-12-29,11.664999961853027,11.608583450317383
2011-12-30,11.699999809265137,11.643414497375488
2012-01-03,12.305000305175781,12.245488166809082
2012-01-04,12.045000076293945,11.986745834350586
2012-01-05,11.755000114440918,11.698148727416992
2012-01-06,11.475000381469727,11.419503211975098
2012-01-09,11.220000267028809,11.165736198425293
2012-01-10,11.28499984741211,11.23042106628418
2012-01-11,11.319999694824219,11.265252113342285
2012-01-12,11.904999732971191,11.84742259979248
2012-01-13,12.154999732971191,12.096213340759277
2012-01-17,11.829999923706055,11.772785186767578
2012-01-18,12.345000267028809,12.285295486450195
2012-01-19,13.449999809265137,13.384950637817383
2012-01-20,13.779999732971191,13.713354110717773
2012-01-23,13.864999771118164,13.797943115234375
2012-01-24,13.789999961853027,13.723306655883789
2012-01-25,13.78499984741211,13.718330383300781
2012-01-26,13.699999809265137,13.63374137878418
2012-01-27,13.739999771118164,13.673547744750977
2012-01-30,12.960000038146973,12.897320747375488
2012-01-31,12.524999618530273,12.464424133300781
2012-02-01,12.819999694824219,12.757997512817383
2012-02-02,12.494999885559082,12.434569358825684
2012-02-03,12.600000381469727,12.539061546325684
2012-02-06,12.329999923706055,12.270367622375488
2012-02-07,12.095000267028809,12.036503791809082
2012-02-08,12.619999885559082,12.558964729309082
2012-02-09,12.359999656677246,12.300222396850586
2012-02-10,12.46500015258789,12.404714584350586
2012-02-13,12.359999656677246,12.300222396850586
2012-02-14,12.020000457763672,11.961867332458496
2012-02-15,12.210000038146973,12.150947570800781
2012-02-16,12.470000267028809,12.409690856933594
2012-02-17,12.345000267028809,12.285295486450195
2012-02-21,11.479999542236328,11.424477577209473
2012-02-22,11.664999961853027,11.608583450317383
2012-02-23,12.020000457763672,11.961867332458496
2012-02-24,12.609999656677246,12.549013137817383
2012-02-27,13.404999732971191,13.340167999267578
2012-02-28,13.755000114440918,13.688475608825684
2012-02-29,13.6899995803833,13.62378978729248
2012-03-01,13.875,13.80789566040039
2012-03-02,13.869999885559082,13.802919387817383
2012-03-05,13.229999542236328,13.166014671325684
2012-03-06,12.734999656677246,12.673408508300781
2012-03-07,12.265000343322754,12.205681800842285
2012-03-08,12.489999771118164,12.429593086242676
2012-03-09,12.045000076293945,11.986745834350586
2012-03-12,11.880000114440918,11.82254409790039
2012-03-13,12.024999618530273,11.966841697692871
2012-03-14,11.6850004196167,11.628487586975098
2012-03-15,11.710000038146973,11.653366088867188
2012-03-16,12.34000015258789,12.280319213867188
2012-03-19,12.100000381469727,12.04148006439209
2012-03-20,11.6899995803833,11.633461952209473
2012-03-21,11.574999809265137,11.51901912689209
2012-03-22,11.354999542236328,11.300082206726074
2012-03-23,11.414999961853027,11.359792709350586
2012-03-26,11.574999809265137,11.51901912689209
2012-03-27,11.545000076293945,11.489164352416992
2012-03-28,10.994999885559082,10.941823959350586
2012-03-29,10.640000343322754,10.588541030883789
2012-03-30,10.819999694824219,10.767669677734375
2012-04-02,10.864999771118164,10.81245231628418
2012-04-03,10.505000114440918,10.454194068908691
2012-04-04,10.5,10.449217796325684
2012-04-05,10.65999984741211,10.608444213867188
2012-04-09,10.550000190734863,10.498976707458496
2012-04-10,10.425000190734863,10.374581336975098
2012-04-11,10.529999732971191,10.479072570800781
2012-04-12,10.845000267028809,10.792550086975098
2012-04-13,10.664999961853027,10.613419532775879
2012-04-16,10.524999618530273,10.474096298217773
2012-04-17,10.6850004196167,10.633323669433594
2012-04-18,10.524999618530273,10.474096298217773
2012-04-19,10.555000305175781,10.503952026367188
2012-04-20,10.585000038146973,10.533806800842285
2012-04-23,10.470000267028809,10.419363021850586
2012-04-24,10.545000076293945,10.494000434875488
2012-04-25,10.489999771118164,10.439266204833984
2012-04-26,10.744999885559082,10.693033218383789
2012-04-27,10.829999923706055,10.77762222290039
2012-04-30,10.835000038146973,10.782597541809082
2012-05-01,10.470000267028809,10.419363021850586
2012-05-02,10.255000114440918,10.205403327941895
2012-05-03,10.03499984741211,9.986466407775879
2012-05-04,9.954999923706055,9.906853675842285
2012-05-07,10.0,9.95163631439209
2012-05-08,9.9350004196167,9.886951446533203
2012-05-09,9.755000114440918,9.707820892333984
2012-05-10,9.505000114440918,9.459030151367188
2012-05-11,9.545000076293945,9.498836517333984
2012-05-14,9.479999542236328,9.434150695800781
2012-05-15,9.805000305175781,9.757579803466797
2012-05-16,9.824999809265137,9.777482032775879
2012-05-17,10.454999923706055,10.404435157775879
2012-05-18,9.454999923706055,9.409272193908691
2012-05-21,9.739999771118164,9.692893028259277
2012-05-22,9.625,9.578450202941895
2012-05-23,9.555000305175781,9.5087890625
2012-05-24,9.270000457763672,9.225167274475098
2012-05-25,9.180000305175781,9.135601997375488
2012-05-29,9.585000038146973,9.538642883300781
2012-05-30,9.319999694824219,9.274924278259277
2012-05-31,9.199999809265137,9.155505180358887
2012-06-01,8.920000076293945,8.876859664916992
2012-06-04,8.8149995803833,8.772366523742676
2012-06-05,9.024999618530273,8.981350898742676
2012-06-06,9.354999542236328,9.309755325317383
2012-06-07,9.524999618530273,9.478933334350586
2012-06-08,9.329999923706055,9.284876823425293
2012-06-11,8.529999732971191,8.48874568939209
2012-06-12,8.270000457763672,8.230003356933594
2012-06-13,8.234999656677246,8.195172309875488
2012-06-14,8.524999618530273,8.483769416809082
2012-06-15,8.5649995803833,8.523575782775879
2012-06-18,8.59000015258789,8.548455238342285
2012-06-19,8.789999961853027,8.747488021850586
2012-06-20,8.770000457763672,8.727585792541504
2012-06-21,8.329999923706055,8.289712905883789
2012-06-22,8.470000267028809,8.429036140441895
2012-06-25,8.255000114440918,8.215075492858887
2012-06-26,8.289999961853027,8.249906539916992
2012-06-27,8.265000343322754,8.225028038024902
2012-06-28,8.305000305175781,8.2648344039917
2012-06-29,8.380000114440918,8.339470863342285
2012-07-02,8.25,8.210100173950195
2012-07-03,8.15999984741211,8.120534896850586
2012-07-05,8.199999809265137,8.160341262817383
2012-07-06,7.96999979019165,7.931453704833984
2012-07-09,7.739999771118164,7.702566146850586
2012-07-10,7.684999942779541,7.64783239364624
2012-07-11,7.735000133514404,7.6975908279418945
2012-07-12,7.525000095367432,7.4886064529418945
2012-07-13,7.53000020980835,7.493582248687744
2012-07-16,7.355000019073486,7.319428443908691
2012-07-17,6.809999942779541,6.777064323425293
2012-07-18,7.255000114440918,7.219912052154541
2012-07-19,7.414999961853027,7.379137992858887
2012-07-20,7.315000057220459,7.2796220779418945
2012-07-23,7.159999847412109,7.12537145614624
2012-07-24,7.449999809265137,7.413968563079834
2012-07-25,6.565000057220459,6.533249378204346
2012-07-26,6.84499979019165,6.81189489364624
2012-07-27,6.724999904632568,6.692475318908691
2012-07-30,6.300000190734863,6.269530773162842
2012-07-31,6.239999771118164,6.209820747375488
2012-08-01,6.34499979019165,6.314312934875488
2012-08-02,6.25,6.219772815704346
2012-08-03,6.485000133514404,6.453636169433594
2012-08-06,6.735000133514404,6.702426910400391
2012-08-07,6.795000076293945,6.762136936187744
2012-08-08,6.599999904632568,6.568079948425293
2012-08-09,6.670000076293945,6.637741565704346
2012-08-10,6.775000095367432,6.742233753204346
2012-08-13,7.210000038146973,7.1751298904418945
2012-08-14,6.849999904632568,6.81687068939209
2012-08-15,6.960000038146973,6.9263386726379395
2012-08-16,7.054999828338623,7.02087926864624
2012-08-17,7.114999771118164,7.0805888175964355
2012-08-20,7.139999866485596,7.105468273162842
2012-08-21,7.550000190734863,7.513485431671143
2012-08-22,7.989999771118164,7.951356887817383
2012-08-23,8.680000305175781,8.638020515441895
2012-08-24,8.555000305175781,8.513625144958496
2012-08-27,8.53499984741211,8.493721008300781
2012-08-28,8.720000267028809,8.677826881408691
2012-08-29,8.739999771118164,8.69773006439209
2012-08-30,8.28499984741211,8.244930267333984
2012-08-31,8.0649995803833,8.025994300842285
2012-09-04,8.3100004196167,8.26980972290039
2012-09-05,8.1850004196167,8.145414352416992
2012-09-06,8.425000190734863,8.38425350189209
2012-09-07,8.770000457763672,8.727585792541504
2012-09-10,8.574999809265137,8.533527374267578
2012-09-11,8.59000015258789,8.548455238342285
2012-09-12,8.5649995803833,8.523575782775879
2012-09-13,8.649999618530273,8.60816478729248
2012-09-14,9.180000305175781,9.135601997375488
2012-09-17,8.90999984741211,8.866908073425293
2012-09-18,8.789999961853027,8.747488021850586
2012-09-19,9.28499984741211,9.240094184875488
2012-09-20,8.850000381469727,8.807198524475098
2012-09-21,8.829999923706055,8.787294387817383
2012-09-24,8.699999809265137,8.657923698425293
2012-09-25,8.614999771118164,8.573334693908691
2012-09-26,8.5,8.458890914916992
2012-09-27,8.65999984741211,8.61811637878418
2012-09-28,8.4399995803833,8.39918041229248
2012-10-01,8.375,8.334495544433594
2012-10-02,8.725000381469727,8.6828031539917
2012-10-03,8.71500015258789,8.6728515625
2012-10-04,8.880000114440918,8.837053298950195
2012-10-05,9.119999885559082,9.075892448425293
2012-10-08,9.024999618530273,8.981350898742676
2012-10-09,9.154999732971191,9.110722541809082
2012-10-10,8.970000267028809,8.926617622375488
2012-10-11,9.21500015258789,9.170433044433594
2012-10-12,9.225000381469727,9.180384635925293
2012-10-15,9.170000076293945,9.125650405883789
2012-10-16,9.180000305175781,9.135601997375488
2012-10-17,9.335000038146973,9.289852142333984
2012-10-18,9.930000305175781,9.881975173950195
2012-10-19,9.670000076293945,9.623231887817383
2012-10-22,9.925000190734863,9.876998901367188
2012-10-23,9.835000038146973,9.787434577941895
2012-10-24,9.895000457763672,9.84714412689209
2012-10-25,9.765000343322754,9.7177734375
2012-10-26,9.770000457763672,9.722748756408691
2012-10-31,10.005000114440918,9.956612586975098
2012-11-01,10.145000457763672,10.095935821533203
2012-11-02,10.170000076293945,10.120814323425293
2012-11-05,10.024999618530273,9.97651481628418
2012-11-06,10.15999984741211,10.110861778259277
2012-11-07,9.895000457763672,9.84714412689209
2012-11-08,9.779999732971191,9.73270034790039
2012-11-09,9.949999809265137,9.901877403259277
2012-11-12,10.079999923706055,10.031249046325684
2012-11-13,9.930000305175781,9.881975173950195
2012-11-14,9.550000190734863,9.503812789916992
2012-11-15,9.25,9.205263137817383
2012-11-16,8.789999961853027,8.747488021850586
2012-11-19,8.805000305175781,8.762415885925293
2012-11-20,8.880000114440918,8.837053298950195
2012-11-21,8.84000015258789,8.797246932983398
2012-11-23,9.024999618530273,8.981350898742676
2012-11-26,9.654999732971191,9.608304023742676
2012-11-27,9.734999656677246,9.687917709350586
2012-11-28,9.75,9.702845573425293
2012-11-29,9.6899995803833,9.643135070800781
2012-11-30,9.550000190734863,9.503812789916992
2012-12-03,9.755000114440918,9.707820892333984
2012-12-04,8.96500015258789,8.921642303466797
2012-12-05,9.010000228881836,8.966423988342285
2012-12-06,9.03499984741211,8.991303443908691
2012-12-07,9.100000381469727,9.055989265441895
2012-12-10,9.21500015258789,9.170433044433594
2012-12-11,9.704999923706055,9.658062934875488
2012-12-12,9.895000457763672,9.84714412689209
2012-12-13,10.03499984741211,9.986466407775879
2012-12-14,10.574999809265137,10.523855209350586
2012-12-17,11.039999961853027,10.98660659790039
2012-12-18,11.555000305175781,11.499115943908691
2012-12-19,11.510000228881836,11.454333305358887
2012-12-20,11.329999923706055,11.275203704833984
2012-12-21,11.3100004196167,11.255300521850586
2012-12-24,11.204999923706055,11.150808334350586
2012-12-26,11.270000457763672,11.215494155883789
2012-12-27,11.170000076293945,11.11597728729248
2012-12-28,11.015000343322754,10.961727142333984
2012-12-31,11.329999923706055,11.275203704833984
2013-01-02,11.579999923706055,11.523994445800781
2013-01-03,11.675000190734863,11.618535041809082
2013-01-04,11.795000076293945,11.737955093383789
2013-01-07,11.850000381469727,11.792689323425293
2013-01-08,11.680000305175781,11.62351131439209
2013-01-09,11.78499984741211,11.72800350189209
2013-01-10,11.970000267028809,11.912108421325684
2013-01-11,12.140000343322754,12.081286430358887
2013-01-14,12.145000457763672,12.086262702941895
2013-01-15,12.28499984741211,12.225584983825684
2013-01-16,12.170000076293945,12.111141204833984
2013-01-17,12.0,11.941963195800781
2013-01-18,12.244999885559082,12.185778617858887
2013-01-22,11.944999694824219,11.887228965759277
2013-01-23,11.795000076293945,11.737955093383789
2013-01-24,11.350000381469727,11.2951078414917
2013-01-25,9.819999694824219,9.772506713867188
2013-01-28,9.90999984741211,9.86207103729248
2013-01-29,10.029999732971191,9.981491088867188
2013-01-30,9.994999885559082,9.946660041809082
2013-01-31,9.904999732971191,9.857095718383789
2013-02-01,10.225000381469727,10.175548553466797
2013-02-04,10.204999923706055,10.155644416809082
2013-02-05,10.390000343322754,10.339750289916992
2013-02-06,10.845000267028809,10.792550086975098
2013-02-07,10.680000305175781,10.628347396850586
2013-02-08,10.739999771118164,10.688056945800781
2013-02-11,10.59000015258789,10.538783073425293
2013-02-12,10.529999732971191,10.479072570800781
2013-02-13,10.545000076293945,10.494000434875488
2013-02-14,10.630000114440918,10.57858943939209
2013-02-15,10.505000114440918,10.454194068908691
2013-02-19,10.289999961853027,10.240233421325684
2013-02-20,10.0,9.95163631439209
2013-02-21,9.925000190734863,9.876998901367188
2013-02-22,9.614999771118164,9.568497657775879
2013-02-25,9.725000381469727,9.677966117858887
2013-02-26,9.670000076293945,9.623231887817383
2013-02-27,9.819999694824219,9.772506713867188
2013-02-28,9.645000457763672,9.598353385925293
2013-03-01,9.779999732971191,9.73270034790039
2013-03-04,9.640000343322754,9.593378067016602
2013-03-05,9.755000114440918,9.707820892333984
2013-03-06,10.020000457763672,9.971539497375488
2013-03-07,10.114999771118164,10.066080093383789
2013-03-08,10.229999542236328,10.180522918701172
2013-03-11,10.194999694824219,10.145692825317383
2013-03-12,10.050000190734863,10.001394271850586
2013-03-13,9.975000381469727,9.9267578125
2013-03-14,10.015000343322754,9.966564178466797
2013-03-15,10.0,9.95163631439209
2013-03-18,9.899999618530273,9.852119445800781
2013-03-19,9.904999732971191,9.857095718383789
2013-03-20,10.239999771118164,10.190475463867188
2013-03-21,10.239999771118164,10.190475463867188
2013-03-22,10.234999656677246,10.18549919128418
2013-03-25,10.71500015258789,10.663178443908691
2013-03-26,10.84000015258789,10.78757381439209
2013-03-27,11.074999809265137,11.02143669128418
2013-03-28,10.6899995803833,10.638298988342285
2013-04-01,10.595000267028809,10.543758392333984
2013-04-02,10.390000343322754,10.339750289916992
2013-04-03,9.970000267028809,9.921781539916992
2013-04-04,10.149999618530273,10.100910186767578
2013-04-05,10.055000305175781,10.006370544433594
2013-04-08,10.529999732971191,10.479072570800781
2013-04-09,10.699999809265137,10.648250579833984
2013-04-10,11.055000305175781,11.001534461975098
2013-04-11,11.010000228881836,10.956751823425293
2013-04-12,10.904999732971191,10.852258682250977
2013-04-15,10.380000114440918,10.329798698425293
2013-04-16,10.3100004196167,10.260137557983398
2013-04-17,10.350000381469727,10.299943923950195
2013-04-18,10.194999694824219,10.145692825317383
2013-04-19,10.395000457763672,10.3447265625
2013-04-22,10.574999809265137,10.523855209350586
2013-04-23,10.744999885559082,10.693033218383789
2013-04-24,11.114999771118164,11.061243057250977
2013-04-25,11.154999732971191,11.10105037689209
2013-04-26,11.109999656677246,11.056267738342285
2013-04-29,10.920000076293945,10.867186546325684
2013-04-30,10.989999771118164,10.936847686767578
2013-05-01,10.885000228881836,10.832356452941895
2013-05-02,11.125,11.071195602416992
2013-05-03,11.300000190734863,11.245348930358887
2013-05-06,11.619999885559082,11.563800811767578
2013-05-07,11.770000457763672,11.7130765914917
2013-05-08,11.899999618530273,11.842446327209473
2013-05-09,14.96500015258789,14.892623901367188
2013-05-10,14.6899995803833,14.618952751159668
2013-05-13,14.454999923706055,14.385089874267578
2013-05-14,14.40999984741211,14.340307235717773
2013-05-15,14.854999542236328,14.78315544128418
2013-05-16,15.34000015258789,15.265810012817383
2013-05-17,15.210000038146973,15.136438369750977
2013-05-20,15.96500015258789,15.887786865234375
2013-05-21,15.725000381469727,15.648948669433594
2013-05-22,15.619999885559082,15.544455528259277
2013-05-23,15.84000015258789,15.763391494750977
2013-05-24,15.75,15.673827171325684
2013-05-28,15.824999809265137,15.74846363067627
2013-05-29,15.899999618530273,15.823101043701172
2013-05-30,15.979999542236328,15.902713775634766
2013-05-31,15.574999809265137,15.499672889709473
2013-06-03,15.180000305175781,15.106583595275879
2013-06-04,15.760000228881836,15.683778762817383
2013-06-05,15.479999542236328,15.405132293701172
2013-06-06,16.454999923706055,16.375417709350586
2013-06-07,16.934999465942383,16.85309600830078
2013-06-10,16.940000534057617,16.85807228088379
2013-06-11,16.545000076293945,16.464982986450195
2013-06-12,16.649999618530273,16.569473266601562
2013-06-13,16.829999923706055,16.74860382080078
2013-06-14,16.950000762939453,16.868024826049805
2013-06-17,17.44499969482422,17.360628128051758
2013-06-18,17.489999771118164,17.405410766601562
2013-06-19,17.290000915527344,17.20638084411621
2013-06-20,16.19499969482422,16.116674423217773
2013-06-21,15.675000190734863,15.599189758300781
2013-06-24,14.984999656677246,14.91252613067627
2013-06-25,15.619999885559082,15.544455528259277
2013-06-26,15.925000190734863,15.847980499267578
2013-06-27,16.360000610351562,16.2808780670166
2013-06-28,16.315000534057617,16.236095428466797
2013-07-01,16.514999389648438,16.43512725830078
2013-07-02,16.350000381469727,16.270925521850586
2013-07-03,15.96500015258789,15.887786865234375
2013-07-05,16.06999969482422,15.992279052734375
2013-07-08,16.049999237060547,15.97237491607666
2013-07-09,15.899999618530273,15.823101043701172
2013-07-10,16.924999237060547,16.843143463134766
2013-07-11,17.139999389648438,17.057104110717773
2013-07-12,16.815000534057617,16.73367691040039
2013-07-15,16.954999923706055,16.87299919128418
2013-07-16,16.93000030517578,16.848119735717773
2013-07-17,17.375,17.29096794128418
2013-07-18,17.809999465942383,17.72386360168457
2013-07-19,17.46500015258789,17.38053321838379
2013-07-22,17.329999923706055,17.246185302734375
2013-07-23,17.309999465942383,17.226282119750977
2013-07-24,17.290000915527344,17.20638084411621
2013-07-25,18.09000015258789,18.00251007080078
2013-07-26,18.0,17.912944793701172
2013-07-29,17.639999389648438,17.554685592651367
2013-07-30,18.2549991607666,18.166711807250977
2013-07-31,18.299999237060547,18.21149253845215
2013-08-01,21.860000610351562,21.7542781829834
2013-08-02,21.649999618530273,21.545291900634766
2013-08-05,21.280000686645508,21.177082061767578
2013-08-06,21.3700008392334,21.266647338867188
2013-08-07,21.19499969482422,21.092493057250977
2013-08-08,21.235000610351562,21.132299423217773
2013-08-09,21.139999389648438,21.037757873535156
2013-08-12,21.625,21.52041244506836
2013-08-13,22.559999465942383,22.450891494750977
2013-08-14,22.540000915527344,22.430988311767578
2013-08-15,22.5,22.39118194580078
2013-08-16,23.014999389648438,22.903690338134766
2013-08-19,22.985000610351562,22.873836517333984
2013-08-20,23.125,23.013158798217773
2013-08-21,22.684999465942383,22.575286865234375
2013-08-22,22.9950008392334,22.8837890625
2013-08-23,23.610000610351562,23.495813369750977
2013-08-26,23.655000686645508,23.54059600830078
2013-08-27,23.264999389648438,23.152481079101562
2013-08-28,23.540000915527344,23.4261531829834
2013-08-29,23.440000534057617,23.326635360717773
2013-08-30,23.010000228881836,22.89871597290039
2013-09-03,23.25,23.137554168701172
2013-09-04,23.655000686645508,23.54059600830078
2013-09-05,23.575000762939453,23.460983276367188
2013-09-06,23.514999389648438,23.40127182006836
2013-09-09,23.559999465942383,23.446054458618164
2013-09-10,24.655000686645508,24.53575897216797
2013-09-11,25.174999237060547,25.05324363708496
2013-09-12,24.75,24.630300521850586
2013-09-13,24.229999542236328,24.11281394958496
2013-09-16,24.5,24.381507873535156
2013-09-17,24.530000686645508,24.41136360168457
2013-09-18,25.139999389648438,25.018413543701172
2013-09-19,25.280000686645508,25.157737731933594
2013-09-20,25.079999923706055,24.958703994750977
2013-09-23,25.514999389648438,25.391599655151367
2013-09-24,25.68000030517578,25.555801391601562
2013-09-25,27.774999618530273,27.640668869018555
2013-09-26,28.34000015258789,28.202938079833984
2013-09-27,28.459999084472656,28.322355270385742
2013-09-30,29.18000030517578,29.038875579833984
2013-10-01,29.864999771118164,29.720561981201172
2013-10-02,29.959999084472656,29.815101623535156
2013-10-03,28.989999771118164,28.84979248046875
2013-10-04,29.110000610351562,28.969213485717773
2013-10-07,27.950000762939453,27.814823150634766
2013-10-08,26.81999969482422,26.690288543701172
2013-10-09,27.55500030517578,27.421733856201172
2013-10-10,27.5049991607666,27.37197494506836
2013-10-11,28.104999542236328,27.969072341918945
2013-10-14,28.174999237060547,28.038734436035156
2013-10-15,28.3700008392334,28.232791900634766
2013-10-16,28.545000076293945,28.406946182250977
2013-10-17,29.145000457763672,29.004043579101562
2013-10-18,29.790000915527344,29.645925521850586
2013-10-21,29.104999542236328,28.964237213134766
2013-10-22,28.479999542236328,28.342260360717773
2013-10-23,28.020000457763672,27.884485244750977
2013-10-24,28.15999984741211,28.023807525634766
2013-10-25,27.860000610351562,27.72525978088379
2013-10-28,27.8700008392334,27.735210418701172
2013-10-29,28.725000381469727,28.586074829101562
2013-10-30,27.450000762939453,27.317241668701172
2013-10-31,27.1299991607666,26.998788833618164
2013-11-01,27.46500015258789,27.332168579101562
2013-11-04,29.05500030517578,28.914480209350586
2013-11-05,29.594999313354492,29.451866149902344
2013-11-06,26.545000076293945,26.41661834716797
2013-11-07,25.094999313354492,24.973630905151367
2013-11-08,25.729999542236328,25.605560302734375
2013-11-11,25.649999618530273,25.52594566345215
2013-11-12,24.9950008392334,24.874114990234375
2013-11-13,25.96500015258789,25.83942413330078
2013-11-14,25.985000610351562,25.85932731628418
2013-11-15,26.959999084472656,26.82961082458496
2013-11-18,25.774999618530273,25.650341033935547
2013-11-19,24.415000915527344,24.296920776367188
2013-11-20,24.079999923706055,23.963539123535156
2013-11-21,23.405000686645508,23.291805267333984
2013-11-22,23.0,22.888763427734375
2013-11-25,22.55500030517578,22.44591522216797
2013-11-26,23.3799991607666,23.266923904418945
2013-11-27,23.684999465942383,23.570449829101562
2013-11-29,23.889999389648438,23.774457931518555
2013-12-02,23.639999389648438,23.525667190551758
2013-12-03,23.7450008392334,23.63016128540039
2013-12-04,23.719999313354492,23.60527992248535
2013-12-05,23.760000228881836,23.64508819580078
2013-12-06,23.69499969482422,23.580402374267578
2013-12-09,23.3700008392334,23.256975173950195
2013-12-10,24.594999313354492,24.476049423217773
2013-12-11,23.415000915527344,23.3017578125
2013-12-12,23.020000457763672,22.908666610717773
2013-12-13,23.670000076293945,23.555522918701172
2013-12-16,23.764999389648438,23.650062561035156
2013-12-17,23.96500015258789,23.849096298217773
2013-12-18,24.19499969482422,24.077983856201172
2013-12-19,23.829999923706055,23.71474838256836
2013-12-20,24.34000015258789,24.22228240966797
2013-12-23,25.309999465942383,25.187591552734375
2013-12-24,25.475000381469727,25.35179328918457
2013-12-26,25.170000076293945,25.048269271850586
2013-12-27,26.274999618530273,26.147924423217773
2013-12-30,25.610000610351562,25.486141204833984
2013-12-31,24.809999465942383,24.69000816345215
2014-01-02,24.704999923706055,24.58551788330078
2014-01-03,22.764999389648438,22.65489959716797
2014-01-06,22.21500015258789,22.107559204101562
2014-01-07,23.010000228881836,22.89871597290039
2014-01-08,22.2549991607666,22.14736557006836
2014-01-09,20.2450008392334,20.1470890045166
2014-01-10,19.475000381469727,19.38081169128418
2014-01-13,19.56999969482422,19.475351333618164
2014-01-14,20.049999237060547,19.95302963256836
2014-01-15,20.170000076293945,20.072450637817383
2014-01-16,20.575000762939453,20.475492477416992
2014-01-17,20.28499984741211,20.186893463134766
2014-01-21,20.96500015258789,20.863605499267578
2014-01-22,21.530000686645508,21.425872802734375
2014-01-23,20.584999084472656,20.485443115234375
2014-01-24,19.80500030517578,19.70921516418457
2014-01-27,18.93000030517578,18.83844757080078
2014-01-28,20.1299991607666,20.032642364501953
2014-01-29,19.56999969482422,19.475351333618164
2014-01-30,19.80500030517578,19.70921516418457
2014-01-31,19.7549991607666,19.659456253051758
2014-02-03,18.584999084472656,18.495115280151367
2014-02-04,19.540000915527344,19.445497512817383
2014-02-05,19.325000762939453,19.231536865234375
2014-02-06,19.334999084472656,19.241487503051758
2014-02-07,19.75,19.654481887817383
2014-02-10,20.360000610351562,20.261531829833984
2014-02-11,20.809999465942383,20.709354400634766
2014-02-12,20.860000610351562,20.759113311767578
2014-02-13,22.9950008392334,22.8837890625
2014-02-14,22.915000915527344,22.804174423217773
2014-02-18,25.55500030517578,25.431406021118164
2014-02-19,24.3700008392334,24.252138137817383
2014-02-20,24.850000381469727,24.729816436767578
2014-02-21,24.639999389648438,24.520830154418945
2014-02-24,25.049999237060547,24.928848266601562
2014-02-25,25.024999618530273,24.903968811035156
2014-02-26,26.104999542236328,25.97874641418457
2014-02-27,27.875,27.74018669128418
2014-02-28,27.0049991607666,26.874393463134766
2014-03-03,26.649999618530273,26.52111053466797
2014-03-04,26.56999969482422,26.441497802734375
2014-03-05,26.5049991607666,26.37681007385254
2014-03-06,26.8700008392334,26.740047454833984
2014-03-07,26.295000076293945,26.167827606201172
2014-03-10,24.864999771118164,24.74474334716797
2014-03-11,24.78499984741211,24.665130615234375
2014-03-12,25.670000076293945,25.54585075378418
2014-03-13,24.68000030517578,24.560638427734375
2014-03-14,25.030000686645508,24.908946990966797
2014-03-17,24.885000228881836,24.764646530151367
2014-03-18,25.594999313354492,25.47121238708496
2014-03-19,25.014999389648438,24.894018173217773
2014-03-20,24.739999771118164,24.62034797668457
2014-03-21,24.7450008392334,24.625324249267578
2014-03-24,23.895000457763672,23.779434204101562
2014-03-25,23.975000381469727,23.85904884338379
2014-03-26,23.875,23.759531021118164
2014-03-27,23.5049991607666,23.391319274902344
2014-03-28,24.184999465942383,24.068031311035156
2014-03-31,25.209999084472656,25.08807373046875
2014-04-01,25.704999923706055,25.58068084716797
2014-04-02,26.084999084472656,25.95884132385254
2014-04-03,26.440000534057617,26.31212615966797
2014-04-04,25.010000228881836,24.889041900634766
2014-04-07,25.125,25.00348663330078
2014-04-08,27.739999771118164,27.605838775634766
2014-04-09,27.924999237060547,27.78994369506836
2014-04-10,27.014999389648438,26.88434410095215
2014-04-11,26.915000915527344,26.78483009338379
2014-04-14,27.184999465942383,27.05352210998535
2014-04-15,25.415000915527344,25.292083740234375
2014-04-16,25.934999465942383,25.809568405151367
2014-04-17,25.93000030517578,25.80459213256836
2014-04-21,26.045000076293945,25.919036865234375
2014-04-22,26.114999771118164,25.988697052001953
2014-04-23,25.110000610351562,24.98855972290039
2014-04-24,24.30500030517578,24.18745231628418
2014-04-25,22.739999771118164,22.630020141601562
2014-04-28,22.514999389648438,22.406108856201172
2014-04-29,23.21500015258789,23.102724075317383
2014-04-30,23.3700008392334,23.256975173950195
2014-05-01,23.75,23.635135650634766
2014-05-02,23.885000228881836,23.76948356628418
2014-05-05,24.149999618530273,24.033201217651367
2014-05-06,24.190000534057617,24.073007583618164
2014-05-07,22.834999084472656,22.724559783935547
2014-05-08,22.645000457763672,22.535480499267578
2014-05-09,24.739999771118164,24.62034797668457
2014-05-12,25.520000457763672,25.396575927734375
2014-05-13,25.030000686645508,24.908946990966797
2014-05-14,25.604999542236328,25.481164932250977
2014-05-15,25.6200008392334,25.496091842651367
2014-05-16,26.030000686645508,25.904109954833984
2014-05-19,26.950000762939453,26.819660186767578
2014-05-20,27.5,27.36699867248535
2014-05-21,27.579999923706055,27.446613311767578
2014-05-22,27.69499969482422,27.56105613708496
2014-05-23,28.0049991607666,27.869556427001953
2014-05-27,28.18000030517578,28.043710708618164
2014-05-28,27.420000076293945,27.287385940551758
2014-05-29,27.6299991607666,27.496370315551758
2014-05-30,27.709999084472656,27.57598304748535
2014-06-02,28.155000686645508,28.01883316040039
2014-06-03,28.5049991607666,28.367137908935547
2014-06-04,28.524999618530273,28.387041091918945
2014-06-05,28.530000686645508,28.392019271850586
2014-06-06,28.719999313354492,28.581098556518555
2014-06-09,28.584999084472656,28.44675064086914
2014-06-10,29.489999771118164,29.347373962402344
2014-06-11,29.530000686645508,29.387182235717773
2014-06-12,28.969999313354492,28.82988929748535
2014-06-13,28.625,28.48655891418457
2014-06-16,30.030000686645508,29.884763717651367
2014-06-17,30.454999923706055,30.307708740234375
2014-06-18,30.844999313354492,30.69582176208496
2014-06-19,30.155000686645508,30.009159088134766
2014-06-20,29.860000610351562,29.715585708618164
2014-06-23,29.540000915527344,29.39713478088379
2014-06-24,28.834999084472656,28.695541381835938
2014-06-25,29.625,29.481721878051758
2014-06-26,30.834999084472656,30.685869216918945
2014-06-27,30.389999389648438,30.24302101135254
2014-06-30,32.02000045776367,31.86513900756836
2014-07-01,32.61000061035156,32.45228576660156
2014-07-02,32.220001220703125,32.06417465209961
2014-07-03,32.45500183105469,32.298038482666016
2014-07-07,31.93000030517578,31.77557373046875
2014-07-08,30.584999084472656,30.43707847595215
2014-07-09,30.90999984741211,30.760507583618164
2014-07-10,30.4950008392334,30.347515106201172
2014-07-11,30.100000381469727,29.954425811767578
2014-07-14,30.670000076293945,30.52166748046875
2014-07-15,30.200000762939453,30.05394172668457
2014-07-16,30.170000076293945,30.024085998535156
2014-07-17,29.399999618530273,29.257810592651367
2014-07-18,29.645000457763672,29.501625061035156
2014-07-21,30.510000228881836,30.362442016601562
2014-07-22,30.954999923706055,30.80529022216797
2014-07-23,31.100000381469727,30.949588775634766
2014-07-24,31.110000610351562,30.95954132080078
2014-07-25,33.5,33.337982177734375
2014-07-28,33.3650016784668,33.203636169433594
2014-07-29,32.439998626708984,32.28310775756836
2014-07-30,32.16999816894531,32.01441192626953
2014-07-31,32.01499938964844,31.86016273498535
2014-08-01,31.34000015258789,31.18842887878418
2014-08-04,32.209999084472656,32.05421829223633
2014-08-05,30.7549991607666,30.60625648498535
2014-08-06,30.225000381469727,30.078821182250977
2014-08-07,33.0099983215332,32.85034942626953
2014-08-08,32.85499954223633,32.696102142333984
2014-08-11,33.81999969482422,33.65643310546875
2014-08-12,33.599998474121094,33.437496185302734
2014-08-13,33.459999084472656,33.29817199707031
2014-08-14,33.20000076293945,33.039432525634766
2014-08-15,32.96500015258789,32.80556869506836
2014-08-18,32.939998626708984,32.78068923950195
2014-08-19,33.01499938964844,32.85532760620117
2014-08-20,33.025001525878906,32.86528015136719
2014-08-21,32.724998474121094,32.56672668457031
2014-08-22,32.48500061035156,32.3278923034668
2014-08-25,32.29499816894531,32.1388053894043
2014-08-26,32.435001373291016,32.278133392333984
2014-08-27,32.15999984741211,32.00446319580078
2014-08-28,32.01499938964844,31.86016273498535
2014-08-29,32.084999084472656,31.92982292175293
2014-09-02,33.95500183105469,33.7907829284668
2014-09-03,33.415000915527344,33.253395080566406
2014-09-04,34.26499938964844,34.099281311035156
2014-09-05,34.349998474121094,34.183868408203125
2014-09-08,34.05500030517578,33.890296936035156
2014-09-09,33.125,32.96479415893555
2014-09-10,32.81999969482422,32.66127014160156
2014-09-11,32.564998626708984,32.407501220703125
2014-09-12,32.025001525878906,31.8701171875
2014-09-15,30.475000381469727,30.327611923217773
2014-09-16,31.024999618530273,30.874950408935547
2014-09-17,30.764999389648438,30.616209030151367
2014-09-18,30.614999771118164,30.466934204101562
2014-09-19,30.315000534057617,30.168386459350586
2014-09-22,29.975000381469727,29.83003044128418
2014-09-23,29.875,29.730512619018555
2014-09-24,30.049999237060547,29.904666900634766
2014-09-25,29.665000915527344,29.521530151367188
2014-09-26,29.625,29.481721878051758
2014-09-29,28.594999313354492,28.456703186035156
2014-09-30,28.3799991607666,28.24274253845215
2014-10-01,27.950000762939453,27.814823150634766
2014-10-02,27.545000076293945,27.411781311035156
2014-10-03,27.809999465942383,27.675498962402344
2014-10-06,28.024999618530273,27.88945960998535
2014-10-07,27.514999389648438,27.381925582885742
2014-10-08,28.5,28.362163543701172
2014-10-09,27.4950008392334,27.362024307250977
2014-10-10,26.8799991607666,26.749998092651367
2014-10-13,25.684999465942383,25.56077766418457
2014-10-14,26.219999313354492,26.093189239501953
2014-10-15,27.040000915527344,26.909225463867188
2014-10-16,26.8700008392334,26.740047454833984
2014-10-17,27.235000610351562,27.103281021118164
2014-10-20,27.635000228881836,27.501346588134766
2014-10-21,28.670000076293945,28.531341552734375
2014-10-22,28.43000030517578,28.29250144958496
2014-10-23,28.5049991607666,28.367137908935547
2014-10-24,28.559999465942383,28.421873092651367
2014-10-27,27.7450008392334,27.610815048217773
2014-10-28,28.174999237060547,28.038734436035156
2014-10-29,28.05500030517578,27.919315338134766
2014-10-30,28.65999984741211,28.52138900756836
2014-10-31,29.149999618530273,29.00901985168457
2014-11-03,29.145000457763672,29.004043579101562
2014-11-04,28.829999923706055,28.690567016601562
2014-11-05,27.350000381469727,27.21772575378418
2014-11-06,27.149999618530273,27.018692016601562
2014-11-07,27.149999618530273,27.018692016601562
2014-11-10,28.225000381469727,28.08849334716797
2014-11-11,28.19499969482422,28.058637619018555
2014-11-12,28.360000610351562,28.222841262817383
2014-11-13,29.084999084472656,28.944332122802734
2014-11-14,29.69499969482422,29.55138397216797
2014-11-17,29.575000762939453,29.431964874267578
2014-11-18,29.774999618530273,29.630996704101562
2014-11-19,29.28499984741211,29.14336585998535
2014-11-20,29.125,28.984140396118164
2014-11-21,29.450000762939453,29.30756950378418
2014-11-24,29.454999923706055,29.312543869018555
2014-11-25,29.229999542236328,29.088632583618164
2014-11-26,26.75,26.62062644958496
2014-11-28,27.040000915527344,26.909225463867188
2014-12-01,24.790000915527344,24.670106887817383
2014-12-02,23.959999084472656,23.844120025634766
2014-12-03,24.045000076293945,23.928709030151367
2014-12-04,23.600000381469727,23.485862731933594
2014-12-05,22.454999923706055,22.346399307250977
2014-12-08,22.0,21.893600463867188
2014-12-09,21.975000381469727,21.86872100830078
2014-12-10,21.59000015258789,21.48558235168457
2014-12-11,21.510000228881836,21.405969619750977
2014-12-12,22.670000076293945,22.560359954833984
2014-12-15,21.639999389648438,21.53533935546875
2014-12-16,20.579999923706055,20.480466842651367
2014-12-17,21.334999084472656,21.231815338134766
2014-12-18,22.03499984741211,21.928430557250977
2014-12-19,22.600000381469727,22.490697860717773
2014-12-22,22.584999084472656,22.47576904296875
2014-12-23,22.559999465942383,22.450891494750977
2014-12-24,22.5,22.39118194580078
2014-12-26,22.68000030517578,22.570310592651367
2014-12-29,22.545000076293945,22.435964584350586
2014-12-30,22.559999465942383,22.450891494750977
2014-12-31,22.75,22.639972686767578
2015-01-02,22.610000610351562,22.50065040588379
2015-01-05,22.290000915527344,22.18219757080078
2015-01-06,22.579999923706055,22.470794677734375
2015-01-07,22.934999465942383,22.824077606201172
2015-01-08,23.270000457763672,23.15745735168457
2015-01-09,23.405000686645508,23.291805267333984
2015-01-12,23.155000686645508,23.043014526367188
2015-01-13,23.2450008392334,23.132579803466797
2015-01-14,23.020000457763672,22.908666610717773
2015-01-15,22.825000762939453,22.714611053466797
2015-01-16,23.03499984741211,22.923593521118164
2015-01-20,23.260000228881836,23.147506713867188
2015-01-21,24.424999237060547,24.30687141418457
2015-01-22,24.735000610351562,24.615373611450195
2015-01-23,25.049999237060547,24.928848266601562
2015-01-26,24.760000228881836,24.64025115966797
2015-01-27,24.700000762939453,24.580541610717773
2015-01-28,24.479999542236328,24.361604690551758
2015-01-29,24.05500030517578,23.938661575317383
2015-01-30,23.780000686645508,23.66499137878418
2015-02-02,24.100000381469727,23.983444213867188
2015-02-03,24.520000457763672,24.401412963867188
2015-02-04,24.889999389648438,24.769622802734375
2015-02-05,24.8700008392334,24.749719619750977
2015-02-06,24.1200008392334,24.003347396850586
2015-02-09,23.225000381469727,23.112674713134766
2015-02-10,23.0,22.888763427734375
2015-02-11,22.895000457763672,22.784271240234375
2015-02-12,23.31999969482422,23.20721435546875
2015-02-13,23.375,23.26194953918457
2015-02-17,23.579999923706055,23.465957641601562
2015-02-18,23.395000457763672,23.28185272216797
2015-02-19,22.864999771118164,22.75441551208496
2015-02-20,23.475000381469727,23.361465454101562
2015-02-23,23.360000610351562,23.24702262878418
2015-02-24,23.34000015258789,23.22711944580078
2015-02-25,23.079999923706055,22.96837615966797
2015-02-26,22.760000228881836,22.64992332458496
2015-02-27,22.684999465942383,22.575286865234375
2015-03-02,22.56999969482422,22.46084213256836
2015-03-03,22.735000610351562,22.625045776367188
2015-03-04,22.920000076293945,22.80915069580078
2015-03-05,23.114999771118164,23.003206253051758
2015-03-06,23.700000762939453,23.585378646850586
2015-03-09,23.299999237060547,23.18731117248535
2015-03-10,22.469999313354492,22.361326217651367
2015-03-11,22.71500015258789,22.60514259338379
2015-03-12,22.614999771118164,22.505624771118164
2015-03-13,21.924999237060547,21.81896209716797
2015-03-16,21.940000534057617,21.833890914916992
2015-03-17,22.850000381469727,22.73948860168457
2015-03-18,23.110000610351562,22.998231887817383
2015-03-19,23.06999969482422,22.958423614501953
2015-03-20,28.790000915527344,28.650760650634766
2015-03-23,29.43000030517578,29.28766632080078
2015-03-24,29.44499969482422,29.302593231201172
2015-03-25,29.885000228881836,29.74046516418457
2015-03-26,29.229999542236328,29.088632583618164
2015-03-27,29.604999542236328,29.46181869506836
2015-03-30,29.450000762939453,29.30756950378418
2015-03-31,29.309999465942383,29.168245315551758
2015-04-01,29.385000228881836,29.242883682250977
2015-04-02,29.625,29.481721878051758
2015-04-06,30.584999084472656,30.43707847595215
2015-04-07,30.604999542236328,30.456981658935547
2015-04-08,31.809999465942383,31.65615463256836
2015-04-09,31.889999389648438,31.735767364501953
2015-04-10,31.524999618530273,31.37253189086914
2015-04-13,31.5,31.347654342651367
2015-04-14,31.940000534057617,31.785526275634766
2015-04-15,31.875,31.720840454101562
2015-04-16,31.81999969482422,31.666105270385742
2015-04-17,31.600000381469727,31.44717025756836
2015-04-20,31.774999618530273,31.62132453918457
2015-04-21,32.58000183105469,32.42243194580078
2015-04-22,33.06999969482422,32.91006088256836
2015-04-23,32.810001373291016,32.65132141113281
2015-04-24,32.78499984741211,32.62643814086914
2015-04-27,33.13999938964844,32.97972106933594
2015-04-28,32.439998626708984,32.28310775756836
2015-04-29,32.02000045776367,31.86513900756836
2015-04-30,31.84000015258789,31.686010360717773
2015-05-01,31.899999618530273,31.74571990966797
2015-05-04,32.08000183105469,31.924850463867188
2015-05-05,31.4950008392334,31.342679977416992
2015-05-06,31.665000915527344,31.511856079101562
2015-05-07,32.279998779296875,32.12388229370117
2015-05-08,31.895000457763672,31.74074363708496
2015-05-11,31.875,31.720840454101562
2015-05-12,32.564998626708984,32.407501220703125
2015-05-13,32.68000030517578,32.52194595336914
2015-05-14,35.56999969482422,35.39796829223633
2015-05-15,35.98500061035156,35.81096267700195
2015-05-18,35.9900016784668,35.815940856933594
2015-05-19,36.244998931884766,36.069705963134766
2015-05-20,35.970001220703125,35.79603576660156
2015-05-21,35.994998931884766,35.82091522216797
2015-05-22,42.314998626708984,42.110347747802734
2015-05-26,40.994998931884766,40.796730041503906
2015-05-27,40.7599983215332,40.5628662109375
2015-05-28,40.11000061035156,39.916011810302734
2015-05-29,39.935001373291016,39.741859436035156
2015-06-01,40.814998626708984,40.61760330200195
2015-06-02,38.52000045776367,38.333702087402344
2015-06-03,37.439998626708984,37.25892639160156
2015-06-04,37.53499984741211,37.35346603393555
2015-06-05,38.03499984741211,37.85104751586914
2015-06-08,37.16999816894531,36.990230560302734
2015-06-09,37.334999084472656,37.15443420410156
2015-06-10,38.084999084472656,37.90080642700195
2015-06-11,38.75,38.562591552734375
2015-06-12,38.69499969482422,38.50785446166992
2015-06-15,38.064998626708984,37.88090133666992
2015-06-16,37.85499954223633,37.67191696166992
2015-06-17,37.70500183105469,37.522647857666016
2015-06-18,37.505001068115234,37.323612213134766
2015-06-19,35.81999969482422,35.646759033203125
2015-06-22,36.93000030517578,36.75139236450195
2015-06-23,36.974998474121094,36.796173095703125
2015-06-24,36.459999084472656,36.28366470336914
2015-06-25,36.92499923706055,36.74641418457031
2015-06-26,36.6349983215332,36.45781707763672
2015-06-29,35.30500030517578,35.13425064086914
2015-06-30,36.310001373291016,36.13439178466797
2015-07-01,35.494998931884766,35.32332992553711
2015-07-02,35.64500045776367,35.47260665893555
2015-07-06,35.76499938964844,35.59202575683594
2015-07-07,35.54999923706055,35.37806701660156
2015-07-08,34.67499923706055,34.50729751586914
2015-07-09,35.7400016784668,35.5671501159668
2015-07-10,36.6349983215332,36.45781707763672
2015-07-13,36.904998779296875,36.72651290893555
2015-07-14,37.165000915527344,36.98525619506836
2015-07-15,35.11000061035156,34.9401969909668
2015-07-16,35.939998626708984,35.766178131103516
2015-07-17,35.939998626708984,35.766178131103516
2015-07-20,36.38999938964844,36.21400451660156
2015-07-21,37.09000015258789,36.91061782836914
2015-07-22,37.09000015258789,36.91061782836914
2015-07-23,37.57500076293945,37.393272399902344
2015-07-24,36.41999816894531,36.243858337402344
2015-07-27,34.52000045776367,34.353050231933594
2015-07-28,34.154998779296875,33.989810943603516
2015-07-29,35.255001068115234,35.084495544433594
2015-07-30,35.345001220703125,35.1740608215332
2015-07-31,35.790000915527344,35.616905212402344
2015-08-03,35.724998474121094,35.55221939086914
2015-08-04,39.28499984741211,39.095001220703125
2015-08-05,39.75,39.55775451660156
2015-08-06,38.73500061035156,38.547664642333984
2015-08-07,37.7400016784668,37.55747604370117
2015-08-10,38.78499984741211,38.59741973876953
2015-08-11,36.0,35.825889587402344
2015-08-12,35.119998931884766,34.95014572143555
2015-08-13,36.064998626708984,35.89057540893555
2015-08-14,35.790000915527344,35.616905212402344
2015-08-17,36.39500045776367,36.21897888183594
2015-08-18,34.63999938964844,34.47246551513672
2015-08-19,34.064998626708984,33.900245666503906
2015-08-20,32.30500030517578,32.14876174926758
2015-08-21,31.635000228881836,31.48200225830078
2015-08-24,30.25,30.10369873046875
2015-08-25,31.850000381469727,31.695960998535156
2015-08-26,32.040000915527344,31.88504409790039
2015-08-27,34.97999954223633,34.810821533203125
2015-08-28,34.75,34.58193588256836
2015-08-31,33.224998474121094,33.064308166503906
2015-09-01,32.15999984741211,32.00446319580078
2015-09-02,32.72999954223633,32.57170486450195
2015-09-03,32.94499969482422,32.78566360473633
2015-09-04,31.959999084472656,31.80542755126953
2015-09-08,32.224998474121094,32.06914520263672
2015-09-09,32.974998474121094,32.81551742553711
2015-09-10,33.595001220703125,33.43252182006836
2015-09-11,34.43000030517578,34.263484954833984
2015-09-14,32.94499969482422,32.78566360473633
2015-09-15,33.459999084472656,33.29817199707031
2015-09-16,36.150001525878906,35.97516632080078
2015-09-17,35.130001068115234,34.96009826660156
2015-09-18,34.16999816894531,34.004737854003906
2015-09-21,33.834999084472656,33.67136001586914
2015-09-22,33.30500030517578,33.143924713134766
2015-09-23,32.494998931884766,32.33784103393555
2015-09-24,33.349998474121094,33.18870544433594
2015-09-25,32.66999816894531,32.511993408203125
2015-09-28,30.93000030517578,30.780410766601562
2015-09-29,31.399999618530273,31.248136520385742
2015-09-30,31.59000015258789,31.437219619750977
2015-10-01,31.299999237060547,31.14862060546875
2015-10-02,33.3849983215332,33.22353744506836
2015-10-05,34.53499984741211,34.367977142333984
2015-10-06,34.32500076293945,34.158992767333984
2015-10-07,35.06999969482422,34.900386810302734
2015-10-08,34.1349983215332,33.96990966796875
2015-10-09,33.6349983215332,33.472328186035156
2015-10-12,33.66999816894531,33.50715637207031
2015-10-13,34.25,34.084354400634766
2015-10-14,34.220001220703125,34.054500579833984
2015-10-15,35.07500076293945,34.905364990234375
2015-10-16,35.525001525878906,35.353187561035156
2015-10-19,36.0,35.825889587402344
2015-10-20,36.654998779296875,36.47772216796875
2015-10-21,36.11000061035156,35.935359954833984
2015-10-22,36.19499969482422,36.01994705200195
2015-10-23,37.16999816894531,36.990230560302734
2015-10-26,45.38999938964844,45.170475006103516
2015-10-27,44.314998626708984,44.10067367553711
2015-10-28,44.20500183105469,43.9912109375
2015-10-29,43.95500183105469,43.7424201965332
2015-10-30,46.48500061035156,46.26018142700195
2015-11-02,48.18000030517578,47.946983337402344
2015-11-03,48.584999084472656,48.35002517700195
2015-11-04,48.224998474121094,47.991764068603516
2015-11-05,49.439998626708984,49.200889587402344
2015-11-06,51.69499969482422,51.444984436035156
2015-11-09,48.959999084472656,48.723209381103516
2015-11-10,49.1150016784668,48.877464294433594
2015-11-11,49.58000183105469,49.340213775634766
2015-11-12,49.790000915527344,49.549198150634766
2015-11-13,48.625,48.38983154296875
2015-11-16,48.69499969482422,48.45949172973633
2015-11-17,46.28499984741211,46.06114959716797
2015-11-18,47.53499984741211,47.30510330200195
2015-11-19,54.92499923706055,54.65936279296875
2015-11-20,55.834999084472656,55.56496047973633
2015-11-23,55.29999923706055,55.03254699707031
2015-11-24,53.1349983215332,52.87801742553711
2015-11-25,52.494998931884766,52.241111755371094
2015-11-27,51.349998474121094,51.10165023803711
2015-11-30,53.505001068115234,53.24623107910156
2015-12-01,54.42499923706055,54.16177749633789
2015-12-02,53.75,53.49004364013672
2015-12-03,53.34000015258789,53.082027435302734
2015-12-04,54.099998474121094,53.83835220336914
2015-12-07,53.130001068115234,52.873043060302734
2015-12-08,52.97999954223633,52.7237663269043
2015-12-09,50.720001220703125,50.474700927734375
2015-12-10,50.4900016784668,50.245811462402344
2015-12-11,48.689998626708984,48.45451354980469
2015-12-14,48.540000915527344,48.30524444580078
2015-12-15,48.34000015258789,48.10620880126953
2015-12-16,49.83000183105469,49.58900451660156
2015-12-17,48.40999984741211,48.17586898803711
2015-12-18,48.59000015258789,48.35499954223633
2015-12-21,48.70000076293945,48.46446990966797
2015-12-22,48.529998779296875,48.2952880859375
2015-12-23,49.13999938964844,48.902339935302734
2015-12-24,48.7400016784668,48.504276275634766
2015-12-28,47.95000076293945,47.71809768676758
2015-12-29,48.040000915527344,47.80766296386719
2015-12-30,47.09000015258789,46.86225509643555
2015-12-31,46.33000183105469,46.105934143066406
2016-01-04,45.22999954223633,45.01124954223633
2016-01-05,47.689998626708984,47.4593505859375
2016-01-06,47.88999938964844,47.65838623046875
2016-01-07,45.25,45.03115463256836
2016-01-08,45.029998779296875,44.812217712402344
2016-01-11,43.619998931884766,43.409034729003906
2016-01-12,44.59000015258789,44.37434768676758
2016-01-13,42.0099983215332,41.80682373046875
2016-01-14,43.34000015258789,43.13039016723633
2016-01-15,41.45000076293945,41.249534606933594
2016-01-19,42.0099983215332,41.80682373046875
2016-01-20,42.40999984741211,42.20488739013672
2016-01-21,42.91999816894531,42.71242141723633
2016-01-22,42.93000030517578,42.722373962402344
2016-01-25,42.91999816894531,42.71242141723633
2016-01-26,42.83000183105469,42.622859954833984
2016-01-27,41.56999969482422,41.36894989013672
2016-01-28,40.84000015258789,40.64248275756836
2016-01-29,42.68000030517578,42.47358322143555
2016-02-01,41.970001220703125,41.76701736450195
2016-02-02,40.36000061035156,40.16480255126953
2016-02-03,39.900001525878906,39.70703125
2016-02-04,41.11000061035156,40.91117858886719
2016-02-05,39.130001068115234,38.94075393676758
2016-02-08,37.06999969482422,36.890716552734375
2016-02-09,36.56999969482422,36.39313507080078
2016-02-10,36.880001068115234,36.70163345336914
2016-02-11,36.33000183105469,36.154296875
2016-02-12,37.130001068115234,36.9504280090332
2016-02-16,40.33000183105469,40.13494873046875
2016-02-17,41.38999938964844,41.189823150634766
2016-02-18,40.779998779296875,40.58277130126953
2016-02-19,41.689998626708984,41.48836898803711
2016-02-22,42.31999969482422,42.115325927734375
2016-02-23,41.290000915527344,41.09030532836914
2016-02-24,41.529998779296875,41.32914352416992
2016-02-25,41.220001220703125,41.02064514160156
2016-02-26,41.790000915527344,41.587886810302734
2016-02-29,40.91999816894531,40.72209167480469
2016-03-01,41.900001525878906,41.697357177734375
2016-03-02,40.5,40.30412673950195
2016-03-03,39.2400016784668,39.05022048950195
2016-03-04,40.02000045776367,39.82645034790039
2016-03-07,39.36000061035156,39.169639587402344
2016-03-08,38.88999938964844,38.70191192626953
2016-03-09,39.349998474121094,39.15968704223633
2016-03-10,38.9900016784668,38.801429748535156
2016-03-11,40.45000076293945,40.25436782836914
2016-03-14,41.220001220703125,41.02064514160156
2016-03-15,40.7599983215332,40.5628662109375
2016-03-16,42.61000061035156,42.40392303466797
2016-03-17,42.310001373291016,42.10537338256836
2016-03-18,43.52000045776367,43.30952072143555
2016-03-21,45.15999984741211,44.94158935546875
2016-03-22,44.869998931884766,44.652992248535156
2016-03-23,44.369998931884766,44.1554069519043
2016-03-24,44.15999984741211,43.94642639160156
2016-03-28,43.349998474121094,43.140342712402344
2016-03-29,44.5099983215332,44.29473114013672
2016-03-30,45.02000045776367,44.80226516723633
2016-03-31,44.2599983215332,44.04594039916992
2016-04-01,44.84000015258789,44.623138427734375
2016-04-04,44.38999938964844,44.17531204223633
2016-04-05,43.709999084472656,43.498600006103516
2016-04-06,43.720001220703125,43.5085563659668
2016-04-07,43.36000061035156,43.15029525756836
2016-04-08,44.43000030517578,44.215118408203125
2016-04-11,45.68000030517578,45.459075927734375
2016-04-12,46.869998931884766,46.64331817626953
2016-04-13,48.709999084472656,48.47441864013672
2016-04-14,48.720001220703125,48.484371185302734
2016-04-15,48.060001373291016,47.82756423950195
2016-04-18,48.619998931884766,48.38485336303711
2016-04-19,47.77000045776367,47.53896713256836
2016-04-20,48.38999938964844,48.155967712402344
2016-04-21,47.209999084472656,46.98167419433594
2016-04-22,47.119998931884766,46.89210891723633
2016-04-25,46.02000045776367,45.79743194580078
2016-04-26,45.41999816894531,45.2003288269043
2016-04-27,45.09000015258789,44.87192916870117
2016-04-28,45.06999969482422,44.85202407836914
2016-04-29,43.61000061035156,43.399085998535156
2016-05-02,44.540000915527344,44.324588775634766
2016-05-03,44.0,43.787200927734375
2016-05-04,43.619998931884766,43.409034729003906
2016-05-05,43.849998474121094,43.63792419433594
2016-05-06,44.5,44.28478240966797
2016-05-09,43.290000915527344,43.08063507080078
2016-05-10,44.029998779296875,43.817054748535156
2016-05-11,43.5099983215332,43.29956817626953
2016-05-12,43.08000183105469,42.87165069580078
2016-05-13,43.0099983215332,42.80198669433594
2016-05-16,44.290000915527344,44.07579803466797
2016-05-17,44.09000015258789,43.87676239013672
2016-05-18,43.77000045776367,43.558311462402344
2016-05-19,42.66999816894531,42.46363067626953
2016-05-20,43.38999938964844,43.18014907836914
2016-05-23,42.63999938964844,42.43377685546875
2016-05-24,45.41999816894531,45.2003288269043
2016-05-25,44.88999938964844,44.67289352416992
2016-05-26,44.68000030517578,44.46390914916992
2016-05-27,45.900001525878906,45.67801284790039
2016-05-31,45.7599983215332,45.5386848449707
2016-06-01,44.31999969482422,44.10565185546875
2016-06-02,44.68000030517578,44.46390914916992
2016-06-03,43.84000015258789,43.62797164916992
2016-06-06,44.70000076293945,44.48381423950195
2016-06-07,44.29999923706055,44.08574676513672
2016-06-08,42.0,41.796871185302734
2016-06-09,41.13999938964844,40.94103240966797
2016-06-10,39.93000030517578,39.73688507080078
2016-06-13,39.5099983215332,39.318912506103516
2016-06-14,40.11000061035156,39.916011810302734
2016-06-15,39.25,39.06017303466797
2016-06-16,39.84000015258789,39.64731979370117
2016-06-17,38.060001373291016,37.87592697143555
2016-06-20,39.130001068115234,38.94075393676758
2016-06-21,39.63999938964844,39.44828414916992
2016-06-22,40.099998474121094,39.90605926513672
2016-06-23,40.650001525878906,40.45340347290039
2016-06-24,39.599998474121094,39.408477783203125
2016-06-27,37.900001525878906,37.71670150756836
2016-06-28,39.90999984741211,39.71697998046875
2016-06-29,40.5,40.30412673950195
2016-06-30,41.20000076293945,41.00074005126953
2016-07-01,41.130001068115234,40.93107986450195
2016-07-05,40.65999984741211,40.46335220336914
2016-07-06,40.220001220703125,40.025482177734375
2016-07-07,40.060001373291016,39.86625671386719
2016-07-08,40.61000061035156,40.41359329223633
2016-07-11,41.779998779296875,41.57793426513672
2016-07-12,41.95000076293945,41.74711608886719
2016-07-13,42.189998626708984,41.9859504699707
2016-07-14,43.0,42.79203414916992
2016-07-15,43.08000183105469,42.87165069580078
2016-07-18,43.68000030517578,43.468746185302734
2016-07-19,43.060001373291016,42.85174560546875
2016-07-20,43.47999954223633,43.26971435546875
2016-07-21,43.400001525878906,43.190101623535156
2016-07-22,43.83000183105469,43.61802291870117
2016-07-25,43.72999954223633,43.51850509643555
2016-07-26,44.0,43.787200927734375
2016-07-27,43.970001220703125,43.757347106933594
2016-07-28,43.790000915527344,43.578216552734375
2016-07-29,43.66999816894531,43.45879364013672
2016-08-01,43.09000015258789,42.88159942626953
2016-08-02,42.560001373291016,42.354164123535156
2016-08-03,42.5,42.29445266723633
2016-08-04,42.939998626708984,42.732322692871094
2016-08-05,43.04999923706055,42.841793060302734
2016-08-08,43.88999938964844,43.677730560302734
2016-08-09,45.15999984741211,44.94158935546875
2016-08-10,45.529998779296875,45.30979919433594
2016-08-11,45.88999938964844,45.66805648803711
2016-08-12,46.38999938964844,46.1656379699707
2016-08-15,46.97999954223633,46.752784729003906
2016-08-16,46.459999084472656,46.23530197143555
2016-08-17,46.380001068115234,46.15568923950195
2016-08-18,46.290000915527344,46.066123962402344
2016-08-19,46.15999984741211,45.93675231933594
2016-08-22,45.81999969482422,45.59839630126953
2016-08-23,45.939998626708984,45.71781539916992
2016-08-24,45.81999969482422,45.59839630126953
2016-08-25,46.34000015258789,46.115882873535156
2016-08-26,47.439998626708984,47.2105598449707
2016-08-29,47.13999938964844,46.91201400756836
2016-08-30,47.349998474121094,47.120994567871094
2016-08-31,47.349998474121094,47.120994567871094
2016-09-01,48.959999084472656,48.723209381103516
2016-09-02,47.900001525878906,47.668338775634766
2016-09-06,45.959999084472656,45.73772048950195
2016-09-07,44.95000076293945,44.73260498046875
2016-09-08,45.36000061035156,45.140621185302734
2016-09-09,44.13999938964844,43.92652130126953
2016-09-12,44.31999969482422,44.10565185546875
2016-09-13,43.08000183105469,42.87165069580078
2016-09-14,42.83000183105469,42.622859954833984
2016-09-15,43.75,43.53841018676758
2016-09-16,43.66999816894531,43.45879364013672
2016-09-19,43.77000045776367,43.558311462402344
2016-09-20,44.09000015258789,43.87676239013672
2016-09-21,45.33000183105469,45.11076736450195
2016-09-22,46.099998474121094,45.87704086303711
2016-09-23,46.02000045776367,45.79743194580078
2016-09-26,45.54999923706055,45.3297004699707
2016-09-27,46.25,46.02631759643555
2016-09-28,46.95000076293945,46.722930908203125
2016-09-29,46.790000915527344,46.56370544433594
2016-09-30,46.56999969482422,46.34476852416992
2016-10-03,46.95000076293945,46.722930908203125
2016-10-04,47.029998779296875,46.80254364013672
2016-10-05,47.45000076293945,47.220516204833984
2016-10-06,47.59000015258789,47.35983657836914
2016-10-07,47.08000183105469,46.8523063659668
2016-10-10,48.15999984741211,47.92707824707031
2016-10-11,46.77000045776367,46.54380416870117
2016-10-12,46.349998474121094,46.125831604003906
2016-10-13,46.310001373291016,46.086029052734375
2016-10-14,46.56999969482422,46.34476852416992
2016-10-17,46.290000915527344,46.066123962402344
2016-10-18,47.060001373291016,46.832401275634766
2016-10-19,47.2400016784668,47.011531829833984
2016-10-20,47.25,47.021480560302734
2016-10-21,47.61000061035156,47.37974166870117
2016-10-24,48.20000076293945,47.966888427734375
2016-10-25,48.0,47.767852783203125
2016-10-26,46.689998626708984,46.46418762207031
2016-10-27,45.470001220703125,45.250091552734375
2016-10-28,44.72999954223633,44.513668060302734
2016-10-31,44.150001525878906,43.93647384643555
2016-11-01,43.40999984741211,43.20005416870117
2016-11-02,42.34000015258789,42.13522720336914
2016-11-03,42.45000076293945,42.24469757080078
2016-11-04,42.439998626708984,42.2347412109375
2016-11-07,43.540000915527344,43.32942581176758
2016-11-08,43.56999969482422,43.35927963256836
2016-11-09,42.290000915527344,42.085472106933594
2016-11-10,40.97999954223633,40.781803131103516
2016-11-11,41.099998474121094,40.901222229003906
2016-11-14,40.619998931884766,40.423545837402344
2016-11-15,42.02000045776367,41.816776275634766
2016-11-16,42.15999984741211,41.95609664916992
2016-11-17,42.310001373291016,42.10537338256836
2016-11-18,42.02000045776367,41.816776275634766
2016-11-21,42.2599983215332,42.05561447143555
2016-11-22,41.869998931884766,41.66749954223633
2016-11-23,40.9900016784668,40.7917594909668
2016-11-25,45.0099983215332,44.79231262207031
2016-11-28,44.7400016784668,44.52362060546875
2016-11-29,45.869998931884766,45.648155212402344
2016-11-30,45.22999954223633,45.01124954223633
2016-12-01,44.83000183105469,44.61318588256836
2016-12-02,44.0099983215332,43.797149658203125
2016-12-05,42.970001220703125,42.76218032836914
2016-12-06,42.380001068115234,42.17503356933594
2016-12-07,42.849998474121094,42.64276123046875
2016-12-08,43.16999816894531,42.961212158203125
2016-12-09,43.43000030517578,43.21995544433594
2016-12-12,42.619998931884766,42.41387176513672
2016-12-13,42.61000061035156,42.40392303466797
2016-12-14,41.970001220703125,41.76701736450195
2016-12-15,41.33000183105469,41.1301155090332
2016-12-16,41.0,40.80170822143555
2016-12-19,40.86000061035156,40.66238784790039
2016-12-20,40.810001373291016,40.61262893676758
2016-12-21,40.70000076293945,40.50315856933594
2016-12-22,40.06999969482422,39.87620544433594
2016-12-23,39.97999954223633,39.78664016723633
2016-12-27,40.150001525878906,39.9558219909668
2016-12-28,39.970001220703125,39.77669143676758
2016-12-29,39.9900016784668,39.79659652709961
2016-12-30,40.0,39.80654525756836
2017-01-03,40.4900016784668,40.2941780090332
2017-01-04,41.34000015258789,41.14006423950195
2017-01-05,42.79999923706055,42.59300231933594
2017-01-06,42.5,42.29445266723633
2017-01-09,43.2400016784668,43.03087615966797
2017-01-10,43.709999084472656,43.498600006103516
2017-01-11,43.970001220703125,43.757347106933594
2017-01-12,43.36000061035156,43.15029525756836
2017-01-13,43.529998779296875,43.3194694519043
2017-01-17,44.16999816894531,43.95637512207031
2017-01-18,43.9900016784668,43.77724838256836
2017-01-19,43.540000915527344,43.32942581176758
2017-01-20,43.36000061035156,43.15029525756836
2017-01-23,43.290000915527344,43.08063507080078
2017-01-24,43.880001068115234,43.667781829833984
2017-01-25,43.619998931884766,43.409034729003906
2017-01-26,43.380001068115234,43.17020034790039
2017-01-27,43.400001525878906,43.190101623535156
2017-01-30,43.400001525878906,43.190101623535156
2017-01-31,43.209999084472656,43.00101852416992
2017-02-01,43.0099983215332,42.80198669433594
2017-02-02,42.790000915527344,42.58305358886719
2017-02-03,42.900001525878906,42.69252014160156
2017-02-06,43.04999923706055,42.841793060302734
2017-02-07,42.90999984741211,42.70246887207031
2017-02-08,43.11000061035156,42.90150451660156
2017-02-09,43.38999938964844,43.18014907836914
2017-02-10,44.4900016784668,44.27482986450195
2017-02-13,44.95000076293945,44.73260498046875
2017-02-14,45.06999969482422,44.85202407836914
2017-02-15,45.459999084472656,45.24013900756836
2017-02-16,45.5099983215332,45.289894104003906
2017-02-17,45.630001068115234,45.40931701660156
2017-02-21,47.060001373291016,46.832401275634766
2017-02-22,47.59000015258789,47.35983657836914
2017-02-23,48.279998779296875,48.0464973449707
2017-02-24,48.540000915527344,48.30524444580078
2017-02-27,48.279998779296875,48.0464973449707
2017-02-28,47.439998626708984,47.2105598449707
2017-03-01,47.869998931884766,47.63848114013672
2017-03-02,47.66999816894531,47.439449310302734
2017-03-03,47.81999969482422,47.588722229003906
2017-03-06,47.5099983215332,47.28022003173828
2017-03-07,47.45000076293945,47.220516204833984
2017-03-08,47.349998474121094,47.120994567871094
2017-03-09,47.16999816894531,46.94186782836914
2017-03-10,48.27000045776367,48.03654861450195
2017-03-13,48.9900016784668,48.75306701660156
2017-03-14,49.369998931884766,49.1312255859375
2017-03-15,48.65999984741211,48.424659729003906
2017-03-16,49.0,48.76301574707031
2017-03-17,49.060001373291016,48.82272720336914
2017-03-20,49.7599983215332,49.51934051513672
2017-03-21,48.040000915527344,47.80766296386719
2017-03-22,48.20000076293945,47.966888427734375
2017-03-23,48.619998931884766,48.38485336303711
2017-03-24,49.18000030517578,48.94214630126953
2017-03-27,49.290000915527344,49.05161666870117
2017-03-28,49.529998779296875,49.29045104980469
2017-03-29,49.689998626708984,49.44968032836914
2017-03-30,49.689998626708984,49.44968032836914
2017-03-31,49.150001525878906,48.91229248046875
2017-04-03,49.52000045776367,49.28050231933594
2017-04-04,49.38999938964844,49.15113067626953
2017-04-05,48.9900016784668,48.75306701660156
2017-04-06,49.130001068115234,48.892391204833984
2017-04-07,50.09000015258789,49.84774398803711
2017-04-10,49.849998474121094,49.60890579223633
2017-04-11,48.900001525878906,48.66350173950195
2017-04-12,48.59000015258789,48.35499954223633
2017-04-13,48.290000915527344,48.056453704833984
2017-04-17,48.61000061035156,48.37490463256836
2017-04-18,48.97999954223633,48.74311447143555
2017-04-19,47.150001525878906,46.921966552734375
2017-04-20,47.02000045776367,46.79259490966797
2017-04-21,47.15999984741211,46.931915283203125
2017-04-24,47.54999923706055,47.320030212402344
2017-04-25,49.099998474121094,48.86253356933594
2017-04-26,49.63999938964844,49.39992141723633
2017-04-27,50.2400016784668,49.99702072143555
2017-04-28,50.5099983215332,50.26571273803711
2017-05-01,52.08000183105469,51.828125
2017-05-02,52.380001068115234,52.126670837402344
2017-05-03,52.310001373291016,52.057010650634766
2017-05-04,52.20000076293945,51.947540283203125
2017-05-05,52.68000030517578,52.42522048950195
2017-05-08,52.970001220703125,52.71381759643555
2017-05-09,55.33000183105469,55.06240463256836
2017-05-10,56.130001068115234,55.85853576660156
2017-05-11,54.150001525878906,53.88811111450195
2017-05-12,55.33000183105469,55.06240463256836
2017-05-15,55.15999984741211,54.893226623535156
2017-05-16,56.43000030517578,56.157081604003906
2017-05-17,54.88999938964844,54.62453079223633
2017-05-18,55.470001220703125,55.20172882080078
2017-05-19,56.150001525878906,55.87843704223633
2017-05-22,55.369998931884766,55.10220718383789
2017-05-23,54.68000030517578,54.41554641723633
2017-05-24,54.939998626708984,54.67428970336914
2017-05-25,55.709999084472656,55.4405632019043
2017-05-26,55.31999969482422,55.052452087402344
2017-05-30,55.16999816894531,54.903175354003906
2017-05-31,54.650001525878906,54.38569259643555
2017-06-01,56.13999938964844,55.86848449707031
2017-06-02,56.150001525878906,55.87843704223633
2017-06-05,56.650001525878906,56.37602233886719
2017-06-06,56.849998474121094,56.575050354003906
2017-06-07,57.380001068115234,57.10248947143555
2017-06-08,58.02000045776367,57.73939514160156
2017-06-09,55.83000183105469,55.55998611450195
2017-06-12,54.86000061035156,54.59467697143555
2017-06-13,55.060001373291016,54.79370880126953
2017-06-14,53.7599983215332,53.499996185302734
2017-06-15,52.63999938964844,52.385414123535156
2017-06-16,52.939998626708984,52.6839599609375
2017-06-19,53.91999816894531,53.65922164916992
2017-06-20,54.06999969482422,53.80849838256836
2017-06-21,55.04999923706055,54.783756256103516
2017-06-22,55.77000045776367,55.500274658203125
2017-06-23,55.630001068115234,55.36095428466797
2017-06-26,54.970001220703125,54.70414352416992
2017-06-27,54.13999938964844,53.87815856933594
2017-06-28,54.849998474121094,54.58472442626953
2017-06-29,53.849998474121094,53.58955764770508
2017-06-30,53.86000061035156,53.59951400756836
2017-07-03,53.869998931884766,53.60946273803711
2017-07-05,54.20000076293945,53.937870025634766
2017-07-06,53.130001068115234,52.873043060302734
2017-07-07,53.06999969482422,52.813331604003906
2017-07-10,54.29999923706055,54.037384033203125
2017-07-11,54.84000015258789,54.574771881103516
2017-07-12,55.97999954223633,55.709259033203125
2017-07-13,56.16999816894531,55.898338317871094
2017-07-14,57.4900016784668,57.21195983886719
2017-07-17,56.849998474121094,56.575050354003906
2017-07-18,57.630001068115234,57.351280212402344
2017-07-19,57.95000076293945,57.66973114013672
2017-07-20,57.36000061035156,57.082584381103516
2017-07-21,58.06999969482422,57.78915023803711
2017-07-24,57.939998626708984,57.6597785949707
2017-07-25,57.880001068115234,57.60007095336914
2017-07-26,59.720001220703125,59.43117141723633
2017-07-27,58.849998474121094,58.56537628173828
2017-07-28,59.709999084472656,59.42121887207031
2017-07-31,59.72999954223633,59.441123962402344
2017-08-01,59.52000045776367,59.232139587402344
2017-08-02,58.0099983215332,57.72943878173828
2017-08-03,57.41999816894531,57.14229202270508
2017-08-04,57.70000076293945,57.42094039916992
2017-08-07,57.90999984741211,57.62992477416992
2017-08-08,58.459999084472656,58.17726516723633
2017-08-09,57.709999084472656,57.43089294433594
2017-08-10,54.54999923706055,54.28617477416992
2017-08-11,53.849998474121094,53.58955764770508
2017-08-14,52.47999954223633,52.2261848449707
2017-08-15,51.54999923706055,51.300682067871094
2017-08-16,50.13999938964844,49.89750289916992
2017-08-17,49.189998626708984,48.95209884643555
2017-08-18,50.439998626708984,50.19605255126953
2017-08-21,52.18000030517578,51.92763900756836
2017-08-22,52.5099983215332,52.256038665771484
2017-08-23,53.310001373291016,53.05217361450195
2017-08-24,52.849998474121094,52.59439468383789
2017-08-25,52.47999954223633,52.2261848449707
2017-08-28,52.16999816894531,51.91768264770508
2017-08-29,52.15999984741211,51.90773391723633
2017-08-30,52.720001220703125,52.46502685546875
2017-08-31,51.45000076293945,51.201168060302734
2017-09-01,50.630001068115234,50.385135650634766
2017-09-05,50.29999923706055,50.05672836303711
2017-09-06,50.29999923706055,50.05672836303711
2017-09-07,51.22999954223633,50.98223114013672
2017-09-08,51.540000915527344,51.290733337402344
2017-09-11,52.459999084472656,52.20628356933594
2017-09-12,52.380001068115234,52.126670837402344
2017-09-13,52.9900016784668,52.73372268676758
2017-09-14,52.970001220703125,52.71381759643555
2017-09-15,52.400001525878906,52.146575927734375
2017-09-18,53.189998626708984,52.9327507019043
2017-09-19,53.02000045776367,52.76357650756836
2017-09-20,53.45000076293945,53.191497802734375
2017-09-21,53.41999816894531,53.16164016723633
2017-09-22,52.90999984741211,52.65410614013672
2017-09-25,52.5099983215332,52.256038665771484
2017-09-26,51.75,51.499717712402344
2017-09-27,52.31999969482422,52.066959381103516
2017-09-28,52.81999969482422,52.56454086303711
2017-09-29,52.7400016784668,52.48493194580078
2017-10-02,52.97999954223633,52.7237663269043
2017-10-03,54.52000045776367,54.25632095336914
2017-10-04,55.4900016784668,55.22163009643555
2017-10-05,56.22999954223633,55.95804977416992
2017-10-06,55.709999084472656,55.4405632019043
2017-10-09,55.29999923706055,55.03254699707031
2017-10-10,54.61000061035156,54.34588623046875
2017-10-11,54.310001373291016,54.04733657836914
2017-10-12,54.7400016784668,54.475257873535156
2017-10-13,55.189998626708984,54.92308044433594
2017-10-16,55.470001220703125,55.20172882080078
2017-10-17,54.61000061035156,54.34588623046875
2017-10-18,54.27000045776367,54.007530212402344
2017-10-19,49.79999923706055,49.559146881103516
2017-10-20,48.349998474121094,48.11616134643555
2017-10-23,48.43000030517578,48.19577407836914
2017-10-24,48.04999923706055,47.81761169433594
2017-10-25,47.349998474121094,47.120994567871094
2017-10-26,46.599998474121094,46.3746223449707
2017-10-27,47.130001068115234,46.902061462402344
2017-10-30,47.0099983215332,46.78263854980469
2017-10-31,47.88999938964844,47.65838623046875
2017-11-01,47.54999923706055,47.320030212402344
2017-11-02,46.459999084472656,46.23530197143555
2017-11-03,46.400001525878906,46.175594329833984
2017-11-06,45.90999984741211,45.68796157836914
2017-11-07,45.900001525878906,45.67801284790039
2017-11-08,45.95000076293945,45.72776794433594
2017-11-09,45.900001525878906,45.67801284790039
2017-11-10,45.66999816894531,45.449119567871094
2017-11-13,46.47999954223633,46.25520324707031
2017-11-14,45.29999923706055,45.080909729003906
2017-11-15,45.869998931884766,45.648155212402344
2017-11-16,46.83000183105469,46.603515625
2017-11-17,47.7400016784668,47.50911331176758
2017-11-20,47.38999938964844,47.160804748535156
2017-11-21,48.11000061035156,47.877323150634766
2017-11-22,48.029998779296875,47.797706604003906
2017-11-24,47.63999938964844,47.40959548950195
2017-11-27,46.810001373291016,46.58361053466797
2017-11-28,46.66999816894531,46.44428253173828
2017-11-29,46.25,46.02631759643555
2017-11-30,46.08000183105469,45.857139587402344
2017-12-01,46.31999969482422,46.095977783203125
2017-12-04,46.119998931884766,45.89694595336914
2017-12-05,45.95000076293945,45.72776794433594
2017-12-06,45.279998779296875,45.06100845336914
2017-12-07,43.7599983215332,43.54835891723633
2017-12-08,42.97999954223633,42.772132873535156
2017-12-11,43.15999984741211,42.951263427734375
2017-12-12,43.34000015258789,43.13039016723633
2017-12-13,43.59000015258789,43.379180908203125
2017-12-14,43.56999969482422,43.35927963256836
2017-12-15,44.0099983215332,43.797149658203125
2017-12-18,44.5099983215332,44.29473114013672
2017-12-19,44.31999969482422,44.10565185546875
2017-12-20,44.400001525878906,44.185264587402344
2017-12-21,44.75,44.533573150634766
2017-12-22,45.150001525878906,44.931640625
2017-12-26,44.29999923706055,44.08574676513672
2017-12-27,44.63999938964844,44.424102783203125
2017-12-28,44.75,44.533573150634766
2017-12-29,44.099998474121094,43.886714935302734
2018-01-02,46.06999969482422,45.84718704223633
2018-01-03,46.599998474121094,46.3746223449707
2018-01-04,46.209999084472656,45.98651123046875
2018-01-05,47.369998931884766,47.140899658203125
2018-01-08,47.20000076293945,46.97172546386719
2018-01-09,47.66999816894531,47.439449310302734
2018-01-10,47.150001525878906,46.921966552734375
2018-01-11,47.709999084472656,47.47925567626953
2018-01-12,47.65999984741211,47.42949676513672
2018-01-16,48.220001220703125,47.98678970336914
2018-01-17,48.34000015258789,48.10620880126953
2018-01-18,47.45000076293945,47.220516204833984
2018-01-19,46.849998474121094,46.6234130859375
2018-01-22,46.13999938964844,45.916847229003906
2018-01-23,44.83000183105469,44.61318588256836
2018-01-24,44.84000015258789,44.623138427734375
2018-01-25,45.59000015258789,45.369510650634766
2018-01-26,46.84000015258789,46.61346435546875
2018-01-29,47.0099983215332,46.78263854980469
2018-01-30,46.900001525878906,46.67317581176758
2018-01-31,46.779998779296875,46.55375289916992
2018-02-01,47.25,47.021480560302734
2018-02-02,46.869998931884766,46.64331817626953
2018-02-05,46.290000915527344,46.066123962402344
2018-02-06,47.810001373291016,47.578773498535156
2018-02-07,46.27000045776367,46.04622268676758
2018-02-08,44.630001068115234,44.414154052734375
2018-02-09,43.84000015258789,43.62797164916992
2018-02-12,43.650001525878906,43.43889236450195
2018-02-13,43.97999954223633,43.767295837402344
2018-02-14,44.959999084472656,44.7425537109375
2018-02-15,46.279998779296875,46.05617141723633
2018-02-16,46.63999938964844,46.4144287109375
2018-02-20,46.369998931884766,46.14573669433594
2018-02-21,46.470001220703125,46.24525451660156
2018-02-22,46.9900016784668,46.76274108886719
2018-02-23,47.45000076293945,47.220516204833984
2018-02-26,47.09000015258789,46.86225509643555
2018-02-27,46.47999954223633,46.25520324707031
2018-02-28,45.97999954223633,45.75762176513672
2018-03-01,45.529998779296875,45.30979919433594
2018-03-02,45.630001068115234,45.40931701660156
2018-03-05,47.04999923706055,46.82244873046875
2018-03-06,47.540000915527344,47.31007766723633
2018-03-07,47.91999816894531,47.68824005126953
2018-03-08,47.88999938964844,47.65838623046875
2018-03-09,48.36000061035156,48.12611389160156
2018-03-12,49.060001373291016,48.82272720336914
2018-03-13,48.779998779296875,48.5440788269043
2018-03-14,48.72999954223633,48.49432373046875
2018-03-15,47.779998779296875,47.54891586303711
2018-03-16,49.27000045776367,49.03171157836914
2018-03-19,48.70000076293945,48.46446990966797
2018-03-20,49.619998931884766,49.3800163269043
2018-03-21,49.470001220703125,49.23074722290039
2018-03-22,48.189998626708984,47.956932067871094
2018-03-23,46.7599983215332,46.53384780883789
2018-03-26,47.5,47.27027130126953
2018-03-27,46.29999923706055,46.07607650756836
2018-03-28,46.16999816894531,45.94670104980469
2018-03-29,46.619998931884766,46.394527435302734
2018-04-02,45.77000045776367,45.548641204833984
2018-04-03,45.58000183105469,45.35955810546875
2018-04-04,45.720001220703125,45.49888229370117
2018-04-05,45.869998931884766,45.648155212402344
2018-04-06,44.79999923706055,44.58332824707031
2018-04-09,44.779998779296875,44.56342697143555
2018-04-10,46.02000045776367,45.79743194580078
2018-04-11,45.65999984741211,45.439170837402344
2018-04-12,45.380001068115234,45.160526275634766
2018-04-13,43.90999984741211,43.697635650634766
2018-04-16,42.63999938964844,42.43377685546875
2018-04-17,42.81999969482422,42.61290740966797
2018-04-18,43.34000015258789,43.13039016723633
2018-04-19,43.099998474121094,42.89155197143555
2018-04-20,42.650001525878906,42.443729400634766
2018-04-23,42.939998626708984,42.732322692871094
2018-04-24,41.70000076293945,41.49832534790039
2018-04-25,41.290000915527344,41.09030532836914
2018-04-26,40.5,40.30412673950195
2018-04-27,40.630001068115234,40.43349838256836
2018-04-30,40.900001525878906,40.70219421386719
2018-05-01,41.459999084472656,41.259483337402344
2018-05-02,41.34000015258789,41.14006423950195
2018-05-03,41.380001068115234,41.17987060546875
2018-05-04,41.18000030517578,40.980838775634766
2018-05-07,42.029998779296875,41.826725006103516
2018-05-08,42.66999816894531,42.46363067626953
2018-05-09,43.38999938964844,43.18014907836914
2018-05-10,43.40999984741211,43.20005416870117
2018-05-11,43.099998474121094,42.89155197143555
2018-05-14,43.18000030517578,42.97116470336914
2018-05-15,42.86000061035156,42.652713775634766
2018-05-16,42.7400016784668,42.533294677734375
2018-05-17,42.79999923706055,42.59300231933594
2018-05-18,43.09000015258789,42.88159942626953
2018-05-21,42.97999954223633,42.772132873535156
2018-05-22,43.439998626708984,43.22990798950195
2018-05-23,45.16999816894531,44.9515380859375
2018-05-24,45.93000030517578,45.70786666870117
2018-05-25,46.5,46.275108337402344
2018-05-29,45.52000045776367,45.29984664916992
2018-05-30,45.13999938964844,44.92168426513672
2018-05-31,45.09000015258789,44.87192916870117
2018-06-01,45.09000015258789,44.87192916870117
2018-06-04,46.40999984741211,46.185543060302734
2018-06-05,46.59000015258789,46.36467361450195
2018-06-06,48.02000045776367,47.787757873535156
2018-06-07,48.06999969482422,47.83751678466797
2018-06-08,48.88999938964844,48.65354919433594
2018-06-11,49.470001220703125,49.23074722290039
2018-06-12,50.310001373291016,50.06668472290039
2018-06-13,50.279998779296875,50.036827087402344
2018-06-14,51.13999938964844,50.89266586303711
2018-06-15,51.720001220703125,51.46986389160156
2018-06-18,51.220001220703125,50.97228240966797
2018-06-19,49.900001525878906,49.65866470336914
2018-06-20,49.66999816894531,49.42977523803711
2018-06-21,49.0,48.76301574707031
2018-06-22,48.779998779296875,48.5440788269043
2018-06-25,47.470001220703125,47.24041748046875
2018-06-26,47.31999969482422,47.09114074707031
2018-06-27,46.540000915527344,46.31491470336914
2018-06-28,48.0099983215332,47.77780532836914
2018-06-29,47.630001068115234,47.39964294433594
2018-07-02,46.959999084472656,46.73288345336914
2018-07-03,46.45000076293945,46.22534942626953
2018-07-05,45.15999984741211,44.94158935546875
2018-07-06,45.650001525878906,45.429222106933594
2018-07-09,45.15999984741211,44.94158935546875
2018-07-10,45.189998626708984,44.97144317626953
2018-07-11,45.29999923706055,45.080909729003906
2018-07-12,45.41999816894531,45.2003288269043
2018-07-13,45.0,44.78236389160156
2018-07-16,44.369998931884766,44.1554069519043
2018-07-17,44.5,44.28478240966797
2018-07-18,43.90999984741211,43.697635650634766
2018-07-19,42.119998931884766,41.916290283203125
2018-07-20,42.25,42.04566192626953
2018-07-23,42.459999084472656,42.25464630126953
2018-07-24,42.709999084472656,42.50343704223633
2018-07-25,43.2400016784668,43.03087615966797
2018-07-26,42.630001068115234,42.423824310302734
2018-07-27,42.119998931884766,41.916290283203125
2018-07-30,41.849998474121094,41.6475944519043
2018-07-31,41.150001525878906,40.950984954833984
2018-08-01,41.470001220703125,41.26943588256836
2018-08-02,41.06999969482422,40.871368408203125
2018-08-03,40.40999984741211,40.214561462402344
2018-08-06,40.529998779296875,40.333980560302734
2018-08-07,41.150001525878906,40.950984954833984
2018-08-08,40.310001373291016,40.115047454833984
2018-08-09,40.40999984741211,40.214561462402344
2018-08-10,40.0,39.80654525756836
2018-08-13,39.68000030517578,39.488094329833984
2018-08-14,39.61000061035156,39.41843032836914
2018-08-15,38.29999923706055,38.11476516723633
2018-08-16,38.31999969482422,38.13467025756836
2018-08-17,38.45000076293945,38.264041900634766
2018-08-20,39.220001220703125,39.03031921386719
2018-08-21,39.380001068115234,39.189544677734375
2018-08-22,38.9900016784668,38.801429748535156
2018-08-23,39.08000183105469,38.890995025634766
2018-08-24,39.34000015258789,39.14973831176758
2018-08-27,40.150001525878906,39.9558219909668
2018-08-28,39.720001220703125,39.52790069580078
2018-08-29,39.61000061035156,39.41843032836914
2018-08-30,39.150001525878906,38.96065902709961
2018-08-31,39.150001525878906,38.96065902709961
2018-09-04,38.459999084472656,38.273990631103516
2018-09-05,36.970001220703125,36.79119873046875
2018-09-06,38.97999954223633,38.79147720336914
2018-09-07,37.560001373291016,37.37834548950195
2018-09-10,36.849998474121094,36.67177963256836
2018-09-11,36.9900016784668,36.81110382080078
2018-09-12,36.880001068115234,36.70163345336914
2018-09-13,37.70000076293945,37.517669677734375
2018-09-14,38.040000915527344,37.85602569580078
2018-09-17,37.13999938964844,36.96037673950195
2018-09-18,37.45000076293945,37.26887893676758
2018-09-19,38.72999954223633,38.542686462402344
2018-09-20,39.47999954223633,39.289058685302734
2018-09-21,39.40999984741211,39.219398498535156
2018-09-24,38.27000045776367,38.08491134643555
2018-09-25,37.619998931884766,37.438053131103516
2018-09-26,37.849998474121094,37.66694259643555
2018-09-27,38.119998931884766,37.93563461303711
2018-09-28,37.16999816894531,36.990230560302734
2018-10-01,37.15999984741211,36.980281829833984
2018-10-02,37.470001220703125,37.288780212402344
2018-10-03,38.040000915527344,37.85602569580078
2018-10-04,36.470001220703125,36.293617248535156
2018-10-05,35.369998931884766,35.198936462402344
2018-10-08,34.560001373291016,34.39285659790039
2018-10-09,34.709999084472656,34.54212951660156
2018-10-10,33.95000076293945,33.785804748535156
2018-10-11,35.150001525878906,34.980003356933594
2018-10-12,38.650001525878906,38.46307373046875
2018-10-15,36.16999816894531,35.99506759643555
2018-10-16,34.4900016784668,34.32319641113281
2018-10-17,34.95000076293945,34.780967712402344
2018-10-18,32.7599983215332,32.601558685302734
2018-10-19,32.630001068115234,32.472190856933594
2018-10-22,33.45000076293945,33.28822326660156
2018-10-23,32.61000061035156,32.45228576660156
2018-10-24,30.469999313354492,30.322635650634766
2018-10-25,30.84000015258789,30.690845489501953
2018-10-26,31.110000610351562,30.95954132080078
2018-10-29,30.549999237060547,30.40224838256836
2018-10-30,31.18000030517578,31.02920150756836
2018-10-31,33.279998779296875,33.11904525756836
2018-11-01,34.880001068115234,34.711307525634766
2018-11-02,34.970001220703125,34.800872802734375
2018-11-05,34.09000015258789,33.92512893676758
2018-11-06,33.560001373291016,33.3976936340332
2018-11-07,34.439998626708984,34.273433685302734
2018-11-08,27.889999389648438,27.75511360168457
2018-11-09,26.1299991607666,26.003623962402344
2018-11-12,25.549999237060547,25.426429748535156
2018-11-13,25.270000457763672,25.147785186767578
2018-11-14,26.31999969482422,26.192707061767578
2018-11-15,26.31999969482422,26.192707061767578
2018-11-16,26.399999618530273,26.272319793701172
2018-11-19,26.170000076293945,26.043432235717773
2018-11-20,25.399999618530273,25.27715492248535
2018-11-21,26.989999771118164,26.859466552734375
2018-11-23,26.219999313354492,26.093189239501953
2018-11-26,27.770000457763672,27.63569450378418
2018-11-27,28.25,28.113372802734375
2018-11-28,28.860000610351562,28.720422744750977
2018-11-29,28.040000915527344,27.904388427734375
2018-11-30,28.850000381469727,28.71047019958496
2018-12-03,30.020000457763672,29.874813079833984
2018-12-04,29.6299991607666,29.486698150634766
2018-12-06,28.979999542236328,28.839841842651367
2018-12-07,28.56999969482422,28.43182373046875
2018-12-10,28.559999465942383,28.421873092651367
2018-12-11,28.440000534057617,28.302453994750977
2018-12-12,29.030000686645508,28.88960075378418
2018-12-13,28.299999237060547,28.163129806518555
2018-12-14,28.18000030517578,28.043710708618164
2018-12-17,27.309999465942383,27.17791748046875
2018-12-18,27.049999237060547,26.91917610168457
2018-12-19,26.280000686645508,26.15290069580078
2018-12-20,26.309999465942383,26.182754516601562
2018-12-21,26.489999771118164,26.36188316345215
2018-12-24,26.84000015258789,26.71019172668457
2018-12-26,27.979999542236328,27.844676971435547
2018-12-27,28.43000030517578,28.29250144958496
2018-12-28,27.75,27.61579132080078
2018-12-31,27.059999465942383,26.929126739501953
2019-01-02,27.59000015258789,27.45656394958496
2019-01-03,26.959999084472656,26.82961082458496
2019-01-04,28.549999237060547,28.41192054748535
2019-01-07,29.18000030517578,29.038875579833984
2019-01-08,29.479999542236328,29.33742332458496
2019-01-09,30.18000030517578,30.034038543701172
2019-01-10,30.079999923706055,29.934520721435547
2019-01-11,29.81999969482422,29.675779342651367
2019-01-14,29.649999618530273,29.506601333618164
2019-01-15,30.530000686645508,30.38234519958496
2019-01-16,31.09000015258789,30.93963623046875
2019-01-17,31.610000610351562,31.457122802734375
2019-01-18,32.400001525878906,32.24330139160156
2019-01-22,30.959999084472656,30.810264587402344
2019-01-23,30.290000915527344,30.14350700378418
2019-01-24,31.690000534057617,31.53673553466797
2019-01-25,32.310001373291016,32.15373611450195
2019-01-28,31.889999389648438,31.735767364501953
2019-01-29,31.690000534057617,31.53673553466797
2019-01-30,32.43000030517578,32.273155212402344
2019-01-31,33.29999923706055,33.138946533203125
2019-02-01,33.529998779296875,33.367835998535156
2019-02-04,33.65999984741211,33.49720764160156
2019-02-05,34.2599983215332,34.094303131103516
2019-02-06,33.900001525878906,33.73604965209961
2019-02-07,32.099998474121094,31.94474983215332
2019-02-08,32.380001068115234,32.2234001159668
2019-02-11,33.0,32.84040069580078
2019-02-12,33.68000030517578,33.517112731933594
2019-02-13,33.869998931884766,33.70619201660156
2019-02-14,33.7400016784668,33.576820373535156
2019-02-15,33.31999969482422,33.158851623535156
2019-02-19,33.33000183105469,33.16880416870117
2019-02-20,33.79999923706055,33.63652801513672
2019-02-21,32.52000045776367,32.36272048950195
2019-02-22,32.790000915527344,32.63141632080078
2019-02-25,34.09000015258789,33.92512893676758
2019-02-26,34.189998626708984,34.02464294433594
2019-02-27,33.91999816894531,33.75594711303711
2019-02-28,34.130001068115234,33.964935302734375
2019-03-01,34.36000061035156,34.19382095336914
2019-03-04,34.9900016784668,34.820777893066406
2019-03-05,41.90999984741211,41.707305908203125
2019-03-06,42.59000015258789,42.38401794433594
2019-03-07,40.279998779296875,40.08518981933594
2019-03-08,40.810001373291016,40.61262893676758
2019-03-11,41.91999816894531,41.71725845336914
2019-03-12,41.380001068115234,41.17987060546875
2019-03-13,41.63999938964844,41.43861389160156
2019-03-14,41.279998779296875,41.080352783203125
2019-03-15,41.66999816894531,41.468467712402344
2019-03-18,42.40999984741211,42.20488739013672
2019-03-19,41.939998626708984,41.737159729003906
2019-03-20,41.47999954223633,41.27938461303711
2019-03-21,41.790000915527344,41.587886810302734
2019-03-22,40.2599983215332,40.065284729003906
2019-03-25,41.279998779296875,41.080352783203125
2019-03-26,40.790000915527344,40.59272384643555
2019-03-27,42.310001373291016,42.10537338256836
2019-03-28,43.470001220703125,43.259765625
2019-03-29,43.689998626708984,43.47869873046875
2019-04-01,45.189998626708984,44.97144317626953
2019-04-02,44.619998931884766,44.40420150756836
2019-04-03,45.130001068115234,44.91173553466797
2019-04-04,44.43000030517578,44.215118408203125
2019-04-05,45.75,45.52873611450195
2019-04-08,46.0099983215332,45.7874755859375
2019-04-09,45.36000061035156,45.140621185302734
2019-04-10,44.970001220703125,44.75251007080078
2019-04-11,44.29999923706055,44.08574676513672
2019-04-12,44.97999954223633,44.76245880126953
2019-04-15,44.130001068115234,43.91657257080078
2019-04-16,44.33000183105469,44.115604400634766
2019-04-17,43.95000076293945,43.73744201660156
2019-04-18,44.43000030517578,44.215118408203125
2019-04-22,43.529998779296875,43.3194694519043
2019-04-23,43.84000015258789,43.62797164916992
2019-04-24,42.939998626708984,42.732322692871094
2019-04-25,42.5,42.29445266723633
2019-04-26,43.279998779296875,43.0706787109375
2019-04-29,44.0099983215332,43.797149658203125
2019-04-30,44.04999923706055,43.83695602416992
2019-05-01,43.540000915527344,43.32942581176758
2019-05-02,43.290000915527344,43.08063507080078
2019-05-03,44.18000030517578,43.96632766723633
2019-05-06,41.95000076293945,41.74711608886719
2019-05-07,41.040000915527344,40.841514587402344
2019-05-08,40.63999938964844,40.44344711303711
2019-05-09,40.630001068115234,40.43349838256836
2019-05-10,40.0,39.80654525756836
2019-05-13,38.06999969482422,37.88587951660156
2019-05-14,38.849998474121094,38.662105560302734
2019-05-15,38.959999084472656,38.77157211303711
2019-05-16,38.810001373291016,38.6223030090332
2019-05-17,36.70000076293945,36.52250671386719
2019-05-20,36.040000915527344,35.86569595336914
2019-05-21,37.88999938964844,37.706748962402344
2019-05-22,37.65999984741211,37.47786331176758
2019-05-23,36.459999084472656,36.28366470336914
2019-05-24,35.18000030517578,35.009857177734375
2019-05-28,34.36000061035156,34.19382095336914
2019-05-29,34.06999969482422,33.90522384643555
2019-05-30,34.68000030517578,34.51227569580078
2019-05-31,34.560001373291016,34.39285659790039
2019-06-03,33.959999084472656,33.79575729370117
2019-06-04,34.869998931884766,34.70135498046875
2019-06-05,33.72999954223633,33.56686782836914
2019-06-06,33.58000183105469,33.41759490966797
2019-06-07,33.95000076293945,33.785804748535156
2019-06-10,35.099998474121094,34.930240631103516
2019-06-11,36.189998626708984,36.01496887207031
2019-06-12,35.20000076293945,35.02975845336914
2019-06-13,34.540000915527344,34.37295150756836
2019-06-14,33.470001220703125,33.308128356933594
2019-06-17,33.86000061035156,33.69623947143555
2019-06-18,35.9900016784668,35.815940856933594
2019-06-19,36.630001068115234,36.452842712402344
2019-06-20,36.47999954223633,36.30356979370117
2019-06-21,36.04999923706055,35.875648498535156
2019-06-24,36.43000030517578,36.25381088256836
2019-06-25,35.0,34.830726623535156
2019-06-26,36.790000915527344,36.6120719909668
2019-06-27,37.11000061035156,36.93052291870117
2019-06-28,36.90999984741211,36.73148727416992
2019-07-01,38.65999984741211,38.473026275634766
2019-07-02,38.880001068115234,38.69196319580078
2019-07-03,38.689998626708984,38.50288009643555
2019-07-05,38.56999969482422,38.383460998535156
2019-07-08,36.79999923706055,36.62202072143555
2019-07-09,37.939998626708984,37.756507873535156
2019-07-10,37.959999084472656,37.77640914916992
2019-07-11,37.38999938964844,37.20916748046875
2019-07-12,37.25,37.06984329223633
2019-07-15,37.349998474121094,37.16936111450195
2019-07-16,36.86000061035156,36.681732177734375
2019-07-17,37.599998474121094,37.41815185546875
2019-07-18,38.0099983215332,37.826168060302734
2019-07-19,38.15999984741211,37.97544479370117
2019-07-22,38.560001373291016,38.373512268066406
2019-07-23,40.7599983215332,40.5628662109375
2019-07-24,40.279998779296875,40.08518981933594
2019-07-25,40.33000183105469,40.13494873046875
2019-07-26,39.189998626708984,39.00046157836914
2019-07-29,39.33000183105469,39.13978576660156
2019-07-30,39.209999084472656,39.020362854003906
2019-07-31,38.97999954223633,38.79147720336914
2019-08-01,37.290000915527344,37.10965347290039
2019-08-02,36.439998626708984,36.26375961303711
2019-08-05,33.5,33.337982177734375
2019-08-06,33.9900016784668,33.82561492919922
2019-08-07,34.150001525878906,33.984840393066406
2019-08-08,34.9900016784668,34.820777893066406
2019-08-09,33.93000030517578,33.76590347290039
2019-08-12,32.7400016784668,32.58165740966797
2019-08-13,33.439998626708984,33.27827072143555
2019-08-14,32.130001068115234,31.974607467651367
2019-08-15,32.36000061035156,32.203495025634766
2019-08-16,33.529998779296875,33.367835998535156
2019-08-19,35.29999923706055,35.129276275634766
2019-08-20,35.2599983215332,35.0894660949707
2019-08-21,34.70000076293945,34.53217697143555
2019-08-22,33.31999969482422,33.158851623535156
2019-08-23,32.13999938964844,31.98455810546875
2019-08-26,31.860000610351562,31.705913543701172
2019-08-27,31.389999389648438,31.23818588256836
2019-08-28,31.68000030517578,31.526782989501953
2019-08-29,31.8700008392334,31.715866088867188
2019-08-30,32.380001068115234,32.2234001159668
2019-09-03,31.579999923706055,31.42726707458496
2019-09-04,32.869998931884766,32.71102523803711
2019-09-05,34.099998474121094,33.93507766723633
2019-09-06,34.93000030517578,34.76106643676758
2019-09-09,35.11000061035156,34.9401969909668
2019-09-10,34.16999816894531,34.004737854003906
2019-09-11,36.119998931884766,35.945308685302734
2019-09-12,34.83000183105469,34.66155242919922
2019-09-13,36.0099983215332,35.83584213256836
2019-09-16,35.630001068115234,35.457679748535156
2019-09-17,35.2400016784668,35.0695686340332
2019-09-18,34.029998779296875,33.86541748046875
2019-09-19,33.20000076293945,33.039432525634766
2019-09-20,33.08000183105469,32.920013427734375
2019-09-23,32.040000915527344,31.88504409790039
2019-09-24,31.75,31.596445083618164
2019-09-25,32.150001525878906,31.9945125579834
2019-09-26,29.809999465942383,29.66582679748535
2019-09-27,29.020000457763672,28.879648208618164
2019-09-30,29.290000915527344,29.148344039916992
2019-10-01,29.84000015258789,29.695682525634766
2019-10-02,29.940000534057617,29.795198440551758
2019-10-03,30.799999237060547,30.651039123535156
2019-10-04,30.350000381469727,30.203216552734375
2019-10-07,29.979999542236328,29.835004806518555
2019-10-08,28.850000381469727,28.71047019958496
2019-10-09,29.030000686645508,28.88960075378418
2019-10-10,29.3799991607666,29.237905502319336
2019-10-11,30.579999923706055,30.432104110717773
2019-10-14,30.540000915527344,30.392297744750977
2019-10-15,30.860000610351562,30.710750579833984
2019-10-16,30.84000015258789,30.690845489501953
2019-10-17,30.420000076293945,30.272876739501953
2019-10-18,29.3799991607666,29.237905502319336
2019-10-21,30.280000686645508,30.133554458618164
2019-10-22,30.670000076293945,30.52166748046875
2019-10-23,30.290000915527344,30.14350700378418
2019-10-24,30.600000381469727,30.452007293701172
2019-10-25,30.81999969482422,30.670942306518555
2019-10-28,31.3799991607666,31.228233337402344
2019-10-29,31.540000915527344,31.387460708618164
2019-10-30,32.31999969482422,32.16368865966797
2019-10-31,32.9900016784668,32.830448150634766
2019-11-01,33.790000915527344,33.62657928466797
2019-11-04,34.93000030517578,34.76106643676758
2019-11-05,35.75,35.57709884643555
2019-11-06,35.04999923706055,34.88048553466797
2019-11-07,34.93000030517578,34.76106643676758
2019-11-08,34.16999816894531,34.004737854003906
2019-11-11,33.880001068115234,33.71614456176758
2019-11-12,33.77000045776367,33.60667419433594
2019-11-13,32.75,32.591609954833984
2019-11-14,31.299999237060547,31.14862060546875
2019-11-15,31.139999389648438,30.989395141601562
2019-11-18,31.43000030517578,31.277992248535156
2019-11-19,31.610000610351562,31.457122802734375
2019-11-20,31.010000228881836,30.860023498535156
2019-11-21,31.010000228881836,30.860023498535156
2019-11-22,32.33000183105469,32.173641204833984
2019-11-25,32.810001373291016,32.65132141113281
2019-11-26,32.88999938964844,32.73093032836914
2019-11-27,33.130001068115234,32.96977233886719
2019-11-29,33.2400016784668,33.07923889160156
2019-12-02,31.8799991607666,31.725814819335938
2019-12-03,31.479999542236328,31.32775115966797
2019-12-04,31.68000030517578,31.526782989501953
2019-12-05,32.220001220703125,32.06417465209961
2019-12-06,32.869998931884766,32.71102523803711
2019-12-09,32.06999969482422,31.914897918701172
2019-12-10,31.850000381469727,31.695960998535156
2019-12-11,31.969999313354492,31.815380096435547
2019-12-12,33.209999084472656,33.049381256103516
2019-12-13,33.779998779296875,33.61662673950195
2019-12-16,34.09000015258789,33.92512893676758
2019-12-17,34.0,33.83556365966797
2019-12-18,34.310001373291016,34.144065856933594
2019-12-19,34.15999984741211,33.994789123535156
2019-12-20,34.56999969482422,34.40280532836914
2019-12-23,34.65999984741211,34.49237060546875
2019-12-24,34.470001220703125,34.30329132080078
2019-12-26,34.56999969482422,34.40280532836914
2019-12-27,34.61000061035156,34.44261169433594
2019-12-30,34.20000076293945,34.03459548950195
2019-12-31,33.540000915527344,33.37778854370117
2020-01-02,36.970001220703125,36.79119873046875
2020-01-03,36.18000030517578,36.00502014160156
2020-01-06,35.689998626708984,35.51738739013672
2020-01-07,37.33000183105469,37.14945983886719
2020-01-08,36.869998931884766,36.691680908203125
2020-01-09,37.119998931884766,36.94047164916992
2020-01-10,36.70000076293945,36.52250671386719
2020-01-13,37.650001525878906,37.46791076660156
2020-01-14,38.5,38.31380081176758
2020-01-15,37.560001373291016,37.37834548950195
2020-01-16,38.45000076293945,38.264041900634766
2020-01-17,38.939998626708984,38.751670837402344
2020-01-21,35.86000061035156,35.68656921386719
2020-01-22,34.45000076293945,34.28338623046875
2020-01-23,34.2599983215332,34.094303131103516
2020-01-24,31.899999618530273,31.74571990966797
2020-01-27,31.450000762939453,31.297897338867188
2020-01-28,32.95000076293945,32.79064178466797
2020-01-29,32.86000061035156,32.70107650756836
2020-01-30,33.15999984741211,32.99962615966797
2020-01-31,32.130001068115234,31.974607467651367
2020-02-03,32.34000015258789,32.183589935302734
2020-02-04,34.099998474121094,33.93507766723633
2020-02-05,33.93000030517578,33.76590347290039
2020-02-06,34.06999969482422,33.90522384643555
2020-02-07,33.869998931884766,33.70619201660156
2020-02-10,32.65999984741211,32.502044677734375
2020-02-11,33.790000915527344,33.62657928466797
2020-02-12,34.310001373291016,34.144065856933594
2020-02-13,33.689998626708984,33.527061462402344
2020-02-14,33.41999816894531,33.258365631103516
2020-02-18,33.63999938964844,33.47730255126953
2020-02-19,34.790000915527344,34.621742248535156
2020-02-20,33.86000061035156,33.69623947143555
2020-02-21,33.060001373291016,32.90011215209961
2020-02-24,31.260000228881836,31.108814239501953
2020-02-25,30.149999618530273,30.004182815551758
2020-02-26,30.25,30.10369873046875
2020-02-27,30.010000228881836,29.86486053466797
2020-02-28,30.360000610351562,30.213167190551758
2020-03-02,30.5,30.352489471435547
2020-03-03,29.940000534057617,29.795198440551758
2020-03-04,30.549999237060547,30.40224838256836
2020-03-05,29.950000762939453,29.805150985717773
2020-03-06,29.6200008392334,29.476747512817383
2020-03-09,26.899999618530273,26.769901275634766
2020-03-10,29.030000686645508,28.88960075378418
2020-03-11,27.549999237060547,27.416757583618164
2020-03-12,25.90999984741211,25.78468894958496
2020-03-13,25.06999969482422,24.94875144958496
2020-03-16,22.540000915527344,22.430988311767578
2020-03-17,23.100000381469727,22.988279342651367
2020-03-18,21.6299991607666,21.525388717651367
2020-03-19,23.049999237060547,22.938520431518555
2020-03-20,22.770000457763672,22.659875869750977
2020-03-23,22.079999923706055,21.97321319580078
2020-03-24,23.520000457763672,23.406248092651367
2020-03-25,24.079999923706055,23.963539123535156
2020-03-26,25.020000457763672,24.89899444580078
2020-03-27,23.459999084472656,23.346538543701172
2020-03-30,22.510000228881836,22.401132583618164
2020-03-31,23.450000762939453,23.33658790588379
2020-04-01,22.149999618530273,22.04287338256836
2020-04-02,22.360000610351562,22.251859664916992
2020-04-03,22.010000228881836,21.90355110168457
2020-04-06,23.450000762939453,23.33658790588379
2020-04-07,24.43000030517578,24.311847686767578
2020-04-08,24.510000228881836,24.391460418701172
2020-04-09,24.81999969482422,24.699960708618164
2020-04-13,24.049999237060547,23.933683395385742
2020-04-14,23.860000610351562,23.744604110717773
2020-04-15,23.469999313354492,23.356489181518555
2020-04-16,23.239999771118164,23.127601623535156
2020-04-17,23.850000381469727,23.73465347290039
2020-04-20,23.65999984741211,23.545570373535156
2020-04-21,23.25,23.137554168701172
2020-04-22,23.0,22.888763427734375
2020-04-23,23.700000762939453,23.585378646850586
2020-04-24,23.780000686645508,23.66499137878418
2020-04-27,24.440000534057617,24.321800231933594
2020-04-28,24.469999313354492,24.351652145385742
2020-04-29,25.90999984741211,25.78468894958496
2020-04-30,25.760000228881836,25.635414123535156
2020-05-01,24.15999984741211,24.043153762817383
2020-05-04,24.040000915527344,23.923734664916992
2020-05-05,24.239999771118164,24.122766494750977
2020-05-06,24.260000228881836,24.142669677734375
2020-05-07,24.809999465942383,24.69000816345215
2020-05-08,25.1200008392334,24.998510360717773
2020-05-11,24.610000610351562,24.490976333618164
2020-05-12,24.110000610351562,23.99339485168457
2020-05-13,23.329999923706055,23.217166900634766
2020-05-14,23.65999984741211,23.545570373535156
2020-05-15,24.0,23.883926391601562
2020-05-18,25.530000686645508,25.40652847290039
2020-05-19,25.799999237060547,25.675220489501953
2020-05-20,25.719999313354492,25.59560775756836
2020-05-21,24.979999542236328,24.85918617248535
2020-05-22,23.799999237060547,23.684892654418945
2020-05-26,26.040000915527344,25.9140625
2020-05-27,25.829999923706055,25.705076217651367
2020-05-28,25.34000015258789,25.217445373535156
2020-05-29,26.56999969482422,26.441497802734375
2020-06-01,25.899999618530273,25.774738311767578
2020-06-02,26.649999618530273,26.52111053466797
2020-06-03,27.950000762939453,27.814823150634766
2020-06-04,28.100000381469727,27.96409797668457
2020-06-05,29.079999923706055,28.93935775756836
2020-06-08,29.520000457763672,29.377229690551758
2020-06-09,29.020000457763672,28.879648208618164
2020-06-10,28.020000457763672,27.884485244750977
2020-06-11,26.540000915527344,26.411643981933594
2020-06-12,27.139999389648438,27.008739471435547
2020-06-15,26.829999923706055,26.700239181518555
2020-06-16,25.969999313354492,25.844398498535156
2020-06-17,25.950000762939453,25.82449722290039
2020-06-18,26.09000015258789,25.96381950378418
2020-06-19,26.0,25.87425422668457
2020-06-22,26.290000915527344,26.162853240966797
2020-06-23,26.670000076293945,26.541013717651367
2020-06-24,25.809999465942383,25.68517303466797
2020-06-25,26.15999984741211,26.033479690551758
2020-06-26,26.010000228881836,25.884206771850586
2020-06-29,26.079999923706055,25.953866958618164
2020-06-30,25.920000076293945,25.794641494750977
2020-07-01,25.639999389648438,25.515995025634766
2020-07-02,26.559999465942383,26.43154525756836
2020-07-06,28.079999923706055,27.944194793701172
2020-07-07,27.040000915527344,26.909225463867188
2020-07-08,27.190000534057617,27.058500289916992
2020-07-09,26.899999618530273,26.769901275634766
2020-07-10,26.799999237060547,26.67038345336914
2020-07-13,26.84000015258789,26.71019172668457
2020-07-14,26.100000381469727,25.973770141601562
2020-07-15,28.020000457763672,27.884485244750977
2020-07-16,26.90999984741211,26.77985191345215
2020-07-17,27.079999923706055,26.94902992248535
2020-07-20,26.920000076293945,26.789804458618164
2020-07-21,27.520000457763672,27.386903762817383
2020-07-22,27.280000686645508,27.14806365966797
2020-07-23,26.829999923706055,26.700239181518555
2020-07-24,27.100000381469727,26.968935012817383
2020-07-27,27.850000381469727,27.715307235717773
2020-07-28,27.719999313354492,27.585935592651367
2020-07-29,27.950000762939453,27.814823150634766
2020-07-30,27.459999084472656,27.327192306518555
2020-07-31,27.200000762939453,27.068450927734375
2020-08-03,27.889999389648438,27.75511360168457
2020-08-04,27.780000686645508,27.645645141601562
2020-08-05,28.030000686645508,27.894437789916992
2020-08-06,27.989999771118164,27.854629516601562
2020-08-07,27.81999969482422,27.68545150756836
2020-08-10,28.399999618530273,28.262645721435547
2020-08-11,28.65999984741211,28.52138900756836
2020-08-12,29.360000610351562,29.21800422668457
2020-08-13,28.700000762939453,28.56119728088379
2020-08-14,28.540000915527344,28.40196990966797
2020-08-17,28.290000915527344,28.153179168701172
2020-08-18,28.06999969482422,27.934242248535156
2020-08-19,27.809999465942383,27.675498962402344
2020-08-20,28.0,27.864582061767578
2020-08-21,28.1200008392334,27.98400115966797
2020-08-24,28.579999923706055,28.441776275634766
2020-08-25,28.75,28.61095428466797
2020-08-26,28.600000381469727,28.461679458618164
2020-08-27,29.030000686645508,28.88960075378418
2020-08-28,30.6299991607666,30.481861114501953
2020-08-31,30.239999771118164,30.093748092651367
2020-09-01,30.649999618530273,30.50176429748535
2020-09-02,30.600000381469727,30.452007293701172
2020-09-03,30.110000610351562,29.96437644958496
2020-09-04,30.65999984741211,30.511716842651367
2020-09-08,30.190000534057617,30.043991088867188
2020-09-09,29.639999389648438,29.49664878845215
2020-09-10,28.889999389648438,28.750276565551758
2020-09-11,28.760000228881836,28.620906829833984
2020-09-14,29.40999984741211,29.26776123046875
2020-09-15,29.030000686645508,28.88960075378418
2020-09-16,29.360000610351562,29.21800422668457
2020-09-17,29.68000030517578,29.536457061767578
2020-09-18,29.43000030517578,29.28766632080078
2020-09-21,28.229999542236328,28.093467712402344
2020-09-22,27.959999084472656,27.82477378845215
2020-09-23,27.65999984741211,27.526226043701172
2020-09-24,27.75,27.61579132080078
2020-09-25,30.149999618530273,30.004182815551758
2020-09-28,32.0,31.84523582458496
2020-09-29,31.270000457763672,31.11876678466797
2020-09-30,31.139999389648438,30.989395141601562
2020-10-01,31.290000915527344,31.138669967651367
2020-10-02,31.030000686645508,30.879928588867188
2020-10-05,31.239999771118164,31.088911056518555
2020-10-06,32.029998779296875,31.875089645385742
2020-10-07,32.470001220703125,32.312965393066406
2020-10-08,32.7400016784668,32.58165740966797
2020-10-09,32.16999816894531,32.01441192626953
2020-10-12,32.459999084472656,32.303009033203125
2020-10-13,30.25,30.10369873046875
2020-10-14,29.84000015258789,29.695682525634766
2020-10-15,29.75,29.606117248535156
2020-10-16,29.90999984741211,29.765344619750977
2020-10-19,30.190000534057617,30.043991088867188
2020-10-20,30.079999923706055,29.934520721435547
2020-10-21,30.040000915527344,29.894716262817383
2020-10-22,30.739999771118164,30.59132957458496
2020-10-23,31.219999313354492,31.069007873535156
2020-10-26,30.360000610351562,30.213167190551758
2020-10-27,29.489999771118164,29.347373962402344
2020-10-28,29.329999923706055,29.188148498535156
2020-10-29,29.469999313354492,29.327470779418945
2020-10-30,28.760000228881836,28.620906829833984
2020-11-02,29.31999969482422,29.178197860717773
2020-11-03,29.149999618530273,29.00901985168457
2020-11-04,30.540000915527344,30.392297744750977
2020-11-05,32.27000045776367,32.113929748535156
2020-11-06,32.119998931884766,31.96465492248535
2020-11-09,36.56999969482422,36.39313507080078
2020-11-10,36.130001068115234,35.95526123046875
2020-11-11,35.5,35.32830810546875
2020-11-12,33.91999816894531,33.75594711303711
2020-11-13,34.650001525878906,34.482421875
2020-11-16,34.540000915527344,34.37295150756836
2020-11-17,35.0099983215332,34.840675354003906
2020-11-18,33.689998626708984,33.527061462402344
2020-11-19,33.68000030517578,33.517112731933594
2020-11-20,33.720001220703125,33.55691909790039
2020-11-23,33.65999984741211,33.49720764160156
2020-11-24,33.84000015258789,33.67633819580078
2020-11-25,33.33000183105469,33.16880416870117
2020-11-27,34.209999084472656,34.04454803466797
2020-11-30,33.59000015258789,33.427547454833984
2020-12-01,34.40999984741211,34.24357986450195
2020-12-02,33.150001525878906,32.98967361450195
2020-12-03,35.220001220703125,35.04966354370117
2020-12-04,35.060001373291016,34.890438079833984
2020-12-07,34.4900016784668,34.32319641113281
2020-12-08,34.45000076293945,34.28338623046875
2020-12-09,33.959999084472656,33.79575729370117
2020-12-10,34.209999084472656,34.04454803466797
2020-12-11,32.959999084472656,32.80059051513672
2020-12-14,33.86000061035156,33.69623947143555
2020-12-15,34.15999984741211,33.994789123535156
2020-12-16,35.13999938964844,34.97005081176758
2020-12-17,34.90999984741211,34.74116134643555
2020-12-18,34.61000061035156,34.44261169433594
2020-12-21,33.599998474121094,33.437496185302734
2020-12-22,32.95000076293945,32.79064178466797
2020-12-23,32.630001068115234,32.472190856933594
2020-12-24,31.989999771118164,31.835283279418945
2020-12-28,31.899999618530273,31.74571990966797
2020-12-29,32.029998779296875,31.875089645385742
2020-12-30,33.25,33.08919143676758
2020-12-31,33.72999954223633,33.56686782836914
2021-01-04,33.5,33.337982177734375
2021-01-05,34.25,34.084354400634766
2021-01-06,33.59000015258789,33.427547454833984
2021-01-07,33.20000076293945,33.039432525634766
2021-01-08,33.75,33.58677291870117
2021-01-11,33.11000061035156,32.949867248535156
2021-01-12,32.65999984741211,32.502044677734375
2021-01-13,32.97999954223633,32.82049560546875
2021-01-14,33.0,32.84040069580078
2021-01-15,33.130001068115234,32.96977233886719
2021-01-19,33.66999816894531,33.50715637207031
2021-01-20,34.58000183105469,34.41276168823242
2021-01-21,33.689998626708984,33.527061462402344
2021-01-22,33.58000183105469,33.41759490966797
2021-01-25,32.779998779296875,32.621463775634766
2021-01-26,31.969999313354492,31.815380096435547
2021-01-27,31.829999923706055,31.676057815551758
2021-01-28,32.599998474121094,32.44233322143555
2021-01-29,31.829999923706055,31.676057815551758
2021-02-01,31.149999618530273,30.999345779418945
2021-02-02,32.0099983215332,31.855186462402344
2021-02-03,31.860000610351562,31.705913543701172
2021-02-04,32.790000915527344,32.63141632080078
2021-02-05,34.91999816894531,34.7511100769043
2021-02-08,35.400001525878906,35.22879409790039
2021-02-09,35.5,35.32830810546875
2021-02-10,36.5,36.32347106933594
2021-02-11,37.58000183105469,37.398250579833984
2021-02-12,37.0099983215332,36.83100509643555
2021-02-16,38.61000061035156,38.42326736450195
2021-02-17,38.15999984741211,37.97544479370117
2021-02-18,37.9900016784668,37.80626678466797
2021-02-19,38.9900016784668,38.801429748535156
2021-02-22,40.0,39.80654525756836
2021-02-23,40.90999984741211,40.71214294433594
2021-02-24,40.689998626708984,40.49320602416992
2021-02-25,39.58000183105469,39.38857650756836
2021-02-26,39.45000076293945,39.25920486450195
2021-03-01,39.7599983215332,39.56770324707031
2021-03-02,39.779998779296875,39.587608337402344
2021-03-03,39.79999923706055,39.60750961303711
2021-03-04,39.060001373291016,38.87109375
2021-03-05,39.7400016784668,39.54780578613281
2021-03-08,39.16999816894531,38.98055648803711
2021-03-09,40.189998626708984,39.99562454223633
2021-03-10,39.54999923706055,39.35871887207031
2021-03-11,41.40999984741211,41.20972442626953
2021-03-12,43.380001068115234,43.17020034790039
2021-03-15,43.86000061035156,43.64787673950195
2021-03-16,44.56999969482422,44.35444259643555
2021-03-17,44.119998931884766,43.9066162109375
2021-03-18,42.119998931884766,41.916290283203125
2021-03-19,41.900001525878906,41.697357177734375
2021-03-22,41.209999084472656,41.01069259643555
2021-03-23,39.7400016784668,39.54780578613281
2021-03-24,37.88999938964844,37.706748962402344
2021-03-25,37.900001525878906,37.71670150756836
2021-03-26,37.279998779296875,37.09969711303711
2021-03-29,38.18000030517578,37.99534606933594
2021-03-30,39.560001373291016,39.368675231933594
2021-03-31,39.630001068115234,39.43833541870117
2021-04-01,40.13999938964844,39.945865631103516
2021-04-05,39.689998626708984,39.498043060302734
2021-04-06,40.18000030517578,39.98567581176758
2021-04-07,38.810001373291016,38.6223030090332
2021-04-08,38.54999923706055,38.363555908203125
2021-04-09,37.209999084472656,37.03003692626953
2021-04-12,35.20000076293945,35.02975845336914
2021-04-13,35.13999938964844,34.97005081176758
2021-04-14,35.66999816894531,35.49748611450195
2021-04-15,36.099998474121094,35.9254035949707
2021-04-16,36.5099983215332,36.33342361450195
2021-04-19,37.0099983215332,36.83100509643555
2021-04-20,36.61000061035156,36.43294143676758
2021-04-21,38.04999923706055,37.86597442626953
2021-04-22,38.33000183105469,38.144622802734375
2021-04-23,38.540000915527344,38.353607177734375
2021-04-26,39.16999816894531,38.98055648803711
2021-04-27,39.27000045776367,39.080074310302734
2021-04-28,40.72999954223633,40.53301239013672
2021-04-29,40.02000045776367,39.82645034790039
2021-04-30,39.08000183105469,38.890995025634766
2021-05-03,38.560001373291016,38.373512268066406
2021-05-04,38.38999938964844,38.20433044433594
2021-05-05,38.459999084472656,38.273990631103516
2021-05-06,39.290000915527344,39.099979400634766
2021-05-07,39.220001220703125,39.03031921386719
2021-05-10,36.810001373291016,36.63197326660156
2021-05-11,37.15999984741211,36.980281829833984
2021-05-12,36.130001068115234,35.95526123046875
2021-05-13,36.0099983215332,35.83584213256836
2021-05-14,37.5099983215332,37.32858657836914
2021-05-17,38.91999816894531,38.73176574707031
2021-05-18,39.439998626708984,39.24925231933594
2021-05-19,41.02000045776367,40.82161331176758
2021-05-20,41.29999923706055,41.100257873535156
2021-05-21,39.77000045776367,39.57765579223633
2021-05-24,39.34000015258789,39.14973831176758
2021-05-25,39.77000045776367,39.57765579223633
2021-05-26,40.66999816894531,40.47330093383789
2021-05-27,40.65999984741211,40.46335220336914
2021-05-28,41.849998474121094,41.6475944519043
2021-06-01,40.16999816894531,39.9757194519043
2021-06-02,39.68000030517578,39.488094329833984
2021-06-03,39.189998626708984,39.00046157836914
2021-06-04,39.2400016784668,39.05022048950195
2021-06-07,37.68000030517578,37.497764587402344
2021-06-08,37.470001220703125,37.288780212402344
2021-06-09,37.689998626708984,37.50771713256836
2021-06-10,37.380001068115234,37.19921875
2021-06-11,37.52000045776367,37.338539123535156
2021-06-14,37.189998626708984,37.0101318359375
2021-06-15,37.08000183105469,36.90066909790039
2021-06-16,37.45000076293945,37.26887893676758
2021-06-17,37.2599983215332,37.079795837402344
2021-06-18,36.880001068115234,36.70163345336914
2021-06-21,36.86000061035156,36.681732177734375
2021-06-22,36.689998626708984,36.512550354003906
2021-06-23,36.4900016784668,36.31352233886719
2021-06-24,36.7599983215332,36.58221435546875
2021-06-25,35.72999954223633,35.55719757080078
2021-06-28,35.59000015258789,35.41787338256836
2021-06-29,35.5099983215332,35.3382568359375
2021-06-30,35.459999084472656,35.28850173950195
2021-07-01,35.34000015258789,35.16908264160156
2021-07-02,35.4900016784668,35.318359375
2021-07-06,34.41999816894531,34.2535285949707
2021-07-07,33.439998626708984,33.27827072143555
2021-07-08,31.989999771118164,31.835283279418945
2021-07-09,32.18000030517578,32.02436447143555
2021-07-12,31.81999969482422,31.666105270385742
2021-07-13,32.13999938964844,31.98455810546875
2021-07-14,31.979999542236328,31.825332641601562
2021-07-15,31.600000381469727,31.44717025756836
2021-07-16,30.219999313354492,30.073843002319336
2021-07-19,28.860000610351562,28.720422744750977
2021-07-20,28.889999389648438,28.750276565551758
2021-07-21,29.15999984741211,29.018970489501953
2021-07-22,28.559999465942383,28.421873092651367
2021-07-23,27.229999542236328,27.098304748535156
2021-07-26,25.350000381469727,25.227397918701172
2021-07-27,25.989999771118164,25.864301681518555
2021-07-28,27.989999771118164,27.854629516601562
2021-07-29,27.739999771118164,27.605838775634766
2021-07-30,25.93000030517578,25.80459213256836
2021-08-02,25.989999771118164,25.864301681518555
2021-08-03,24.59000015258789,24.471073150634766
2021-08-04,24.18000030517578,24.06305694580078
2021-08-05,24.729999542236328,24.610395431518555
2021-08-06,24.670000076293945,24.55068588256836
2021-08-09,24.850000381469727,24.729816436767578
2021-08-10,24.6200008392334,24.50092887878418
2021-08-11,24.530000686645508,24.41136360168457
2021-08-12,23.989999771118164,23.87397575378418
2021-08-13,24.90999984741211,24.789525985717773
2021-08-16,24.850000381469727,24.729816436767578
2021-08-17,24.059999465942383,23.943635940551758
2021-08-18,25.18000030517578,25.05821990966797
2021-08-19,26.530000686645508,26.401691436767578
2021-08-20,26.290000915527344,26.162853240966797
2021-08-23,27.399999618530273,27.26748275756836
2021-08-24,28.760000228881836,28.620906829833984
2021-08-25,29.020000457763672,28.879648208618164
2021-08-26,28.709999084472656,28.57114601135254
2021-08-27,28.43000030517578,28.29250144958496
2021-08-30,28.59000015258789,28.45172882080078
2021-08-31,30.489999771118164,30.342538833618164
2021-09-01,31.690000534057617,31.53673553466797
2021-09-02,31.239999771118164,31.088911056518555
2021-09-03,31.420000076293945,31.268041610717773
2021-09-07,32.31999969482422,32.16368865966797
2021-09-08,32.18000030517578,32.02436447143555
2021-09-09,31.809999465942383,31.65615463256836
2021-09-10,30.90999984741211,30.760507583618164
2021-09-13,29.34000015258789,29.198101043701172
2021-09-14,28.399999618530273,28.262645721435547
2021-09-15,28.59000015258789,28.45172882080078
2021-09-16,28.610000610351562,28.47163200378418
2021-09-17,28.81999969482422,28.680614471435547
2021-09-20,27.959999084472656,27.82477378845215
2021-09-21,28.290000915527344,28.153179168701172
2021-09-22,28.920000076293945,28.780132293701172
2021-09-23,29.31999969482422,29.178197860717773
2021-09-24,29.06999969482422,28.929405212402344
2021-09-27,30.059999465942383,29.91461753845215
2021-09-28,30.010000228881836,29.86486053466797
2021-09-29,29.670000076293945,29.526504516601562
2021-09-30,30.75,30.601282119750977
2021-10-01,31.0,30.850072860717773
2021-10-04,30.329999923706055,30.183313369750977
2021-10-05,31.43000030517578,31.277992248535156
2021-10-06,31.1200008392334,30.969491958618164
2021-10-07,31.610000610351562,31.457122802734375
2021-10-08,31.81999969482422,31.666105270385742
2021-10-11,31.649999618530273,31.49692726135254
2021-10-12,31.670000076293945,31.51683235168457
2021-10-13,32.20000076293945,32.04426956176758
2021-10-14,32.13999938964844,31.98455810546875
2021-10-15,32.720001220703125,32.5617561340332
2021-10-18,31.81999969482422,31.666105270385742
2021-10-19,31.280000686645508,31.128719329833984
2021-10-20,31.190000534057617,31.039154052734375
2021-10-21,31.200000762939453,31.04910659790039
2021-10-22,30.440000534057617,30.292781829833984
2021-10-25,29.100000381469727,28.959260940551758
2021-10-26,28.860000610351562,28.720422744750977
2021-10-27,28.950000762939453,28.809988021850586
2021-10-28,28.8700008392334,28.730375289916992
2021-10-29,28.559999465942383,28.421873092651367
2021-11-01,29.420000076293945,29.277713775634766
2021-11-02,28.93000030517578,28.790082931518555
2021-11-03,28.6200008392334,28.481584548950195
2021-11-04,28.610000610351562,28.47163200378418
2021-11-05,30.209999084472656,30.063892364501953
2021-11-08,31.1200008392334,30.969491958618164
2021-11-09,30.40999984741211,30.26292610168457
2021-11-10,30.3799991607666,30.233070373535156
2021-11-11,30.940000534057617,30.790363311767578
2021-11-12,30.93000030517578,30.780410766601562
2021-11-15,30.8700008392334,30.720701217651367
2021-11-16,29.969999313354492,29.82505226135254
2021-11-17,29.3700008392334,29.227956771850586
2021-11-18,29.450000762939453,29.30756950378418
2021-11-19,29.030000686645508,28.88960075378418
2021-11-22,29.229999542236328,29.088632583618164
2021-11-23,29.280000686645508,29.138391494750977
2021-11-24,29.09000015258789,28.949310302734375
2021-11-26,27.850000381469727,27.715307235717773
2021-11-29,27.1200008392334,26.98883819580078
2021-11-30,27.5,27.36699867248535
2021-12-01,27.950000762939453,27.814823150634766
2021-12-02,28.770000457763672,28.630857467651367
2021-12-03,25.260000228881836,25.137832641601562
2021-12-06,26.649999618530273,26.52111053466797
2021-12-07,27.8700008392334,27.735210418701172
2021-12-08,27.079999923706055,26.94902992248535
2021-12-09,26.09000015258789,25.96381950378418
2021-12-10,26.010000228881836,25.884206771850586
2021-12-13,25.079999923706055,24.958703994750977
2021-12-14,24.989999771118164,24.869138717651367
2021-12-15,24.280000686645508,24.162572860717773
2021-12-16,22.450000762939453,22.3414249420166
2021-12-17,22.860000610351562,22.749441146850586
2021-12-20,21.739999771118164,21.634857177734375
2021-12-21,23.559999465942383,23.446054458618164
2021-12-22,22.8799991607666,22.76934242248535
2021-12-23,23.790000915527344,23.674943923950195
2021-12-27,23.56999969482422,23.45600700378418
2021-12-28,23.290000915527344,23.1773624420166
2021-12-29,22.8700008392334,22.7593936920166
2021-12-30,24.760000228881836,24.64025115966797
2021-12-31,24.6200008392334,24.50092887878418
2022-01-03,25.139999389648438,25.018413543701172
2022-01-04,25.690000534057617,25.565753936767578
2022-01-05,24.940000534057617,24.819381713867188
2022-01-06,25.190000534057617,25.068172454833984
2022-01-07,25.020000457763672,24.89899444580078
2022-01-10,23.229999542236328,23.117650985717773
2022-01-11,24.0,23.883926391601562
2022-01-12,24.860000610351562,24.739768981933594
2022-01-13,24.1299991607666,24.01329803466797
2022-01-14,23.719999313354492,23.60527992248535
2022-01-18,23.350000381469727,23.237070083618164
2022-01-19,23.469999313354492,23.356489181518555
2022-01-20,25.209999084472656,25.08807373046875
2022-01-21,25.770000457763672,25.645366668701172
2022-01-24,25.790000915527344,25.66526985168457
2022-01-25,25.469999313354492,25.346817016601562
2022-01-26,25.329999923706055,25.207494735717773
2022-01-27,24.350000381469727,24.232234954833984
2022-01-28,25.329999923706055,25.207494735717773
2022-01-31,26.610000610351562,26.481304168701172
2022-02-01,27.059999465942383,26.929126739501953
2022-02-02,26.290000915527344,26.162853240966797
2022-02-03,26.170000076293945,26.043432235717773
2022-02-04,27.139999389648438,27.008739471435547
2022-02-07,27.360000610351562,27.227676391601562
2022-02-08,28.459999084472656,28.322355270385742
2022-02-09,29.59000015258789,29.44689178466797
2022-02-10,29.84000015258789,29.695682525634766
2022-02-11,29.139999389648438,28.999067306518555
2022-02-14,29.579999923706055,29.436939239501953
2022-02-15,30.420000076293945,30.272876739501953
2022-02-16,30.010000228881836,29.86486053466797
2022-02-17,29.799999237060547,29.655874252319336
2022-02-18,28.56999969482422,28.43182373046875
2022-02-22,27.649999618530273,27.516273498535156
2022-02-23,27.020000457763672,26.88932228088379
2022-02-24,26.8700008392334,26.740047454833984
2022-02-25,26.959999084472656,26.82961082458496
2022-02-28,25.81999969482422,25.69512367248535
2022-03-01,25.790000915527344,25.66526985168457
2022-03-02,27.8700008392334,27.735210418701172
2022-03-03,26.989999771118164,26.859466552734375
2022-03-04,25.0,24.879091262817383
2022-03-07,22.190000534057617,22.08268165588379
2022-03-08,22.899999618530273,22.78924560546875
2022-03-09,24.139999389648438,24.02324867248535
2022-03-10,21.219999313354492,21.11737060546875
2022-03-11,19.3700008392334,19.27631950378418
2022-03-14,16.75,16.668991088867188
2022-03-15,18.18000030517578,18.09207534790039
2022-03-16,23.34000015258789,23.22711944580078
2022-03-17,22.309999465942383,22.20210075378418
2022-03-18,23.209999084472656,23.097745895385742
2022-03-21,22.520000457763672,22.41108512878418
2022-03-22,24.18000030517578,24.06305694580078
2022-03-23,24.020000457763672,23.903831481933594
2022-03-24,24.5,24.381507873535156
2022-03-25,22.440000534057617,22.331472396850586
2022-03-28,23.450000762939453,23.33658790588379
2022-03-29,24.229999542236328,24.11281394958496
2022-03-30,24.309999465942383,24.192426681518555
2022-03-31,23.1200008392334,23.0081844329834
2022-04-01,24.549999237060547,24.43126678466797
2022-04-04,24.3700008392334,24.252138137817383
2022-04-05,23.489999771118164,23.376392364501953
2022-04-06,23.40999984741211,23.29677963256836
2022-04-07,22.3700008392334,22.261810302734375
2022-04-08,22.06999969482422,21.963260650634766
2022-04-11,21.489999771118164,21.386066436767578
2022-04-12,22.1299991607666,22.02297019958496
2022-04-13,22.81999969482422,22.709632873535156
2022-04-14,23.139999389648438,23.028085708618164
2022-04-18,22.68000030517578,22.570310592651367
2022-04-19,22.760000228881836,22.64992332458496
2022-04-20,22.020000457763672,21.913503646850586
2022-04-21,21.549999237060547,21.445775985717773
2022-04-22,21.81999969482422,21.71446990966797
2022-04-25,21.6200008392334,21.515438079833984
2022-04-26,20.709999084472656,20.609838485717773
2022-04-27,21.670000076293945,21.565195083618164
2022-04-28,22.290000915527344,22.18219757080078
2022-04-29,23.649999618530273,23.535619735717773
2022-05-02,23.68000030517578,23.565475463867188
2022-05-03,23.540000915527344,23.4261531829834
2022-05-04,23.600000381469727,23.485862731933594
2022-05-05,22.420000076293945,22.311569213867188
2022-05-06,21.299999237060547,21.196985244750977
2022-05-09,19.709999084472656,19.614673614501953
2022-05-10,19.6200008392334,19.525110244750977
2022-05-11,19.989999771118164,19.893320083618164
2022-05-12,19.489999771118164,19.39573860168457
2022-05-13,20.8799991607666,20.779014587402344
2022-05-16,20.979999542236328,20.87853240966797
2022-05-17,21.649999618530273,21.545291900634766
2022-05-18,21.530000686645508,21.425872802734375
2022-05-19,20.979999542236328,20.87853240966797
2022-05-20,21.389999389648438,21.286548614501953
2022-05-23,20.329999923706055,20.23167610168457
2022-05-24,19.350000381469727,19.25641632080078
2022-05-25,19.56999969482422,19.475351333618164
2022-05-26,21.110000610351562,21.007904052734375
2022-05-27,21.299999237060547,21.196985244750977
2022-05-31,22.059999465942383,21.95330810546875
2022-06-01,21.780000686645508,21.674663543701172
2022-06-02,22.1200008392334,22.013019561767578
2022-06-03,21.729999542236328,21.62490463256836
2022-06-06,22.770000457763672,22.659875869750977
2022-06-07,23.299999237060547,23.18731117248535
2022-06-08,25.360000610351562,25.237350463867188
2022-06-09,23.040000915527344,22.928569793701172
2022-06-10,22.43000030517578,22.32151985168457
2022-06-13,20.540000915527344,20.440662384033203
2022-06-14,22.18000030517578,22.072729110717773
2022-06-15,21.920000076293945,21.81398582458496
2022-06-16,20.790000915527344,20.689453125
2022-06-17,21.350000381469727,21.24674415588379
2022-06-21,23.06999969482422,22.958423614501953
2022-06-22,22.81999969482422,22.709632873535156
2022-06-23,22.729999542236328,22.62006950378418
2022-06-24,23.649999618530273,23.535619735717773
2022-06-27,24.56999969482422,24.451169967651367
2022-06-28,27.219999313354492,27.08835220336914
2022-06-29,27.899999618530273,27.765064239501953
2022-06-30,27.450000762939453,27.317241668701172
2022-07-01,27.790000915527344,27.655597686767578
2022-07-05,26.0,25.87425422668457
2022-07-06,24.899999618530273,24.779573440551758
2022-07-07,26.6299991607666,26.501205444335938
2022-07-08,26.15999984741211,26.033479690551758
2022-07-11,24.510000228881836,24.391460418701172
2022-07-12,24.59000015258789,24.471073150634766
2022-07-13,26.110000610351562,25.983722686767578
2022-07-14,25.5,25.376672744750977
2022-07-15,25.360000610351562,25.237350463867188
2022-07-18,25.610000610351562,25.486141204833984
2022-07-19,26.739999771118164,26.610675811767578
2022-07-20,26.520000457763672,26.391738891601562
2022-07-21,27.030000686645508,26.899272918701172
2022-07-22,26.510000228881836,26.38178825378418
2022-07-25,26.829999923706055,26.700239181518555
2022-07-26,26.239999771118164,26.11309242248535
2022-07-27,26.549999237060547,26.421592712402344
2022-07-28,26.170000076293945,26.043432235717773
2022-07-29,25.780000686645508,25.655319213867188
2022-08-01,25.229999542236328,25.10797691345215
2022-08-02,25.299999237060547,25.17763900756836
2022-08-03,26.260000228881836,26.132997512817383
2022-08-04,26.799999237060547,26.67038345336914
2022-08-05,26.520000457763672,26.391738891601562
2022-08-08,25.420000076293945,25.297060012817383
2022-08-09,25.610000610351562,25.486141204833984
2022-08-10,25.360000610351562,25.237350463867188
2022-08-11,25.940000534057617,25.814544677734375
2022-08-12,26.280000686645508,26.15290069580078
2022-08-15,26.440000534057617,26.31212615966797
2022-08-16,26.559999465942383,26.43154525756836
2022-08-17,26.190000534057617,26.063335418701172
2022-08-18,25.93000030517578,25.80459213256836
2022-08-19,26.110000610351562,25.983722686767578
2022-08-22,26.559999465942383,26.43154525756836
2022-08-23,26.889999389648438,26.75994873046875
2022-08-24,27.860000610351562,27.72525978088379
2022-08-25,28.670000076293945,28.531341552734375
2022-08-26,28.8700008392334,28.730375289916992
2022-08-29,27.360000610351562,27.227676391601562
2022-08-30,25.520000457763672,25.396575927734375
2022-08-31,25.719999313354492,25.59560775756836
2022-09-01,25.68000030517578,25.555801391601562
2022-09-02,25.290000915527344,25.167688369750977
2022-09-06,24.90999984741211,24.789525985717773
2022-09-07,25.309999465942383,25.187591552734375
2022-09-08,25.100000381469727,24.978607177734375
2022-09-09,25.549999237060547,25.426429748535156
2022-09-12,25.959999084472656,25.83444595336914
2022-09-13,25.450000762939453,25.326915740966797
2022-09-14,25.940000534057617,25.814544677734375
2022-09-15,26.459999084472656,26.332029342651367
2022-09-16,25.1299991607666,25.008460998535156
2022-09-19,25.729999542236328,25.605560302734375
2022-09-20,26.700000762939453,26.57086944580078
2022-09-21,24.43000030517578,24.311847686767578
2022-09-22,25.600000381469727,25.47618865966797
2022-09-23,25.989999771118164,25.864301681518555
2022-09-26,27.3700008392334,27.237628936767578
2022-09-27,27.65999984741211,27.526226043701172
2022-09-28,28.299999237060547,28.163129806518555
2022-09-29,27.18000030517578,27.048547744750977
2022-09-30,27.309999465942383,27.17791748046875
2022-10-03,27.68000030517578,27.54612922668457
2022-10-04,28.690000534057617,28.551244735717773
2022-10-05,30.239999771118164,30.093748092651367
2022-10-06,29.459999084472656,29.317520141601562
2022-10-07,28.329999923706055,28.19298553466797
2022-10-10,26.600000381469727,26.47135353088379
2022-10-11,23.6299991607666,23.515714645385742
2022-10-12,23.860000610351562,23.744604110717773
2022-10-13,24.299999237060547,24.182476043701172
2022-10-14,23.670000076293945,23.555522918701172
2022-10-17,24.239999771118164,24.122766494750977
2022-10-18,24.530000686645508,24.41136360168457
2022-10-19,22.6200008392334,22.510601043701172
2022-10-20,23.260000228881836,23.147506713867188
2022-10-21,23.940000534057617,23.824216842651367
2022-10-24,20.360000610351562,20.261531829833984
2022-10-25,21.8799991607666,21.774179458618164
2022-10-26,23.31999969482422,23.20721435546875
2022-10-27,23.200000762939453,23.087797164916992
2022-10-28,22.829999923706055,22.719585418701172
2022-10-31,22.6299991607666,22.520551681518555
2022-11-01,24.540000915527344,24.421316146850586
2022-11-02,25.5,25.376672744750977
2022-11-03,26.520000457763672,26.391738891601562
2022-11-04,28.0,27.864582061767578
2022-11-07,26.989999771118164,26.859466552734375
2022-11-08,27.170000076293945,27.03859519958496
2022-11-09,25.0,24.879091262817383
2022-11-10,27.5,27.36699867248535
2022-11-11,28.84000015258789,28.700519561767578
2022-11-14,27.719999313354492,27.585935592651367
2022-11-15,29.280000686645508,29.138391494750977
2022-11-16,28.760000228881836,28.620906829833984
2022-11-17,29.170000076293945,29.02892303466797
2022-11-18,28.350000381469727,28.212888717651367
2022-11-21,27.5,27.36699867248535
2022-11-22,26.770000457763672,26.64052963256836
2022-11-23,27.110000610351562,26.978885650634766
2022-11-25,25.950000762939453,25.82449722290039
2022-11-28,28.110000610351562,27.974050521850586
2022-11-29,29.200000762939453,29.058778762817383
2022-11-30,31.950000762939453,31.79547882080078
2022-12-01,31.8700008392334,31.715866088867188
2022-12-02,32.2599983215332,32.10397720336914
2022-12-05,32.70000076293945,32.54185104370117
2022-12-06,33.11000061035156,32.949867248535156
2022-12-07,32.27000045776367,32.113929748535156
2022-12-08,33.70000076293945,33.53701400756836
2022-12-09,32.40999984741211,32.25325393676758
2022-12-12,33.150001525878906,32.98967361450195
2022-12-13,33.31999969482422,33.158851623535156
2022-12-14,34.40999984741211,34.24357986450195
2022-12-15,34.630001068115234,34.46251678466797
2022-12-16,34.81999969482422,34.65159606933594
2022-12-19,34.52000045776367,34.353050231933594
2022-12-20,34.5,34.33314514160156
2022-12-21,34.959999084472656,34.79092025756836
2022-12-22,34.81999969482422,34.65159606933594
2022-12-23,33.9900016784668,33.82561492919922
2022-12-27,35.459999084472656,35.28850173950195
2022-12-28,34.54999923706055,34.382904052734375
2022-12-29,34.72999954223633,34.56203079223633
2022-12-30,34.400001525878906,34.2336311340332
2023-01-03,35.689998626708984,35.51738739013672
2023-01-04,38.130001068115234,37.94559097290039
2023-01-05,38.29999923706055,38.11476516723633
2023-01-06,38.33000183105469,38.144622802734375
2023-01-09,37.68000030517578,37.497764587402344
2023-01-10,37.650001525878906,37.46791076660156
2023-01-11,36.52000045776367,36.34337615966797
2023-01-12,36.97999954223633,36.801151275634766
2023-01-13,37.529998779296875,37.348487854003906
2023-01-17,36.31999969482422,36.14434051513672
2023-01-18,36.369998931884766,36.19409942626953
2023-01-19,37.58000183105469,37.398250579833984
2023-01-20,38.279998779296875,38.09486389160156
2023-01-23,38.029998779296875,37.8460693359375
2023-01-24,38.630001068115234,38.443172454833984
2023-01-25,39.72999954223633,39.53784942626953
2023-01-26,40.060001373291016,39.86625671386719
2023-01-27,39.40999984741211,39.219398498535156
2023-01-30,37.45000076293945,37.26887893676758
2023-01-31,36.7599983215332,36.58221435546875
2023-02-01,37.63999938964844,37.45795822143555
2023-02-02,36.439998626708984,36.26375961303711
2023-02-03,35.77000045776367,35.59700393676758
2023-02-06,36.15999984741211,35.98511505126953
2023-02-07,37.08000183105469,36.90066909790039
2023-02-08,37.08000183105469,36.90066909790039
2023-02-09,37.689998626708984,37.50771713256836
2023-02-10,36.56999969482422,36.39313507080078
2023-02-13,37.849998474121094,37.66694259643555
2023-02-14,37.779998779296875,37.5972785949707
2023-02-15,37.83000183105469,37.64704132080078
2023-02-16,38.04999923706055,37.86597442626953
2023-02-17,36.470001220703125,36.293617248535156
2023-02-21,36.400001525878906,36.22395706176758
2023-02-22,36.77000045776367,36.592166900634766
2023-02-23,36.279998779296875,36.10453414916992
2023-02-24,34.790000915527344,34.621742248535156
2023-02-27,35.4900016784668,35.318359375
2023-02-28,35.54999923706055,35.37806701660156
2023-03-01,37.72999954223633,37.547523498535156
2023-03-02,37.869998931884766,37.68684387207031
2023-03-03,38.720001220703125,38.532737731933594
2023-03-06,38.61000061035156,38.42326736450195
2023-03-07,37.529998779296875,37.348487854003906
2023-03-08,36.939998626708984,36.7613410949707
2023-03-09,35.029998779296875,34.86058044433594
2023-03-10,36.08000183105469,35.9055061340332
2023-03-13,37.279998779296875,37.09969711303711
2023-03-14,37.810001373291016,37.62713623046875
2023-03-15,36.380001068115234,36.20405197143555
2023-03-16,37.38999938964844,37.20916748046875
2023-03-17,36.650001525878906,36.472747802734375
2023-03-20,36.439998626708984,36.26375961303711
2023-03-21,38.099998474121094,37.915733337402344
2023-03-22,37.189998626708984,37.0101318359375
2023-03-23,37.38999938964844,37.20916748046875
2023-03-24,36.220001220703125,36.04482650756836
2023-03-27,36.11000061035156,35.935359954833984
2023-03-28,35.75,35.57709884643555
2023-03-29,36.150001525878906,35.97516632080078
2023-03-30,36.97999954223633,36.801151275634766
2023-03-31,37.66999816894531,37.48781204223633
2023-04-03,37.400001525878906,37.219120025634766
2023-04-04,37.54999923706055,37.36839294433594
2023-04-05,36.7400016784668,36.562313079833984
2023-04-06,37.63999938964844,37.45795822143555
2023-04-10,37.79999923706055,37.617183685302734
2023-04-11,37.08000183105469,36.90066909790039
2023-04-12,35.2599983215332,35.0894660949707
2023-04-13,35.72999954223633,35.55719757080078
2023-04-14,35.47999954223633,35.30840301513672
2023-04-17,36.54999923706055,36.37322998046875
2023-04-18,37.650001525878906,37.46791076660156
2023-04-19,37.13999938964844,36.96037673950195
2023-04-20,36.959999084472656,36.781246185302734
2023-04-21,36.56999969482422,36.39313507080078
2023-04-24,35.790000915527344,35.616905212402344
2023-04-25,35.11000061035156,34.9401969909668
2023-04-26,34.91999816894531,34.7511100769043
2023-04-27,35.0099983215332,34.840675354003906
2023-04-28,35.5099983215332,35.3382568359375
2023-05-01,35.290000915527344,35.11932373046875
2023-05-02,34.52000045776367,34.353050231933594
2023-05-03,32.90999984741211,32.75083541870117
2023-05-04,32.939998626708984,32.78068923950195
2023-05-05,33.099998474121094,32.93991470336914
2023-05-08,33.150001525878906,32.98967361450195
2023-05-09,32.47999954223633,32.322914123535156
2023-05-10,32.52000045776367,32.36272048950195
2023-05-11,33.41999816894531,33.258365631103516
2023-05-12,33.04999923706055,32.89015579223633
2023-05-15,34.2400016784668,34.074405670166016
2023-05-16,33.95000076293945,33.785804748535156
2023-05-17,33.75,33.58677291870117
2023-05-18,33.56999969482422,33.40764236450195
2023-05-19,33.25,33.08919143676758
2023-05-22,33.90999984741211,33.74599838256836
2023-05-23,32.959999084472656,32.80059051513672
2023-05-24,32.02000045776367,31.86513900756836
2023-05-25,31.209999084472656,31.05905532836914
2023-05-26,31.489999771118164,31.33770179748535
2023-05-30,31.3799991607666,31.228233337402344
2023-05-31,31.579999923706055,31.42726707458496
2023-06-01,32.22999954223633,32.07412338256836
2023-06-02,34.41999816894531,34.2535285949707
2023-06-05,33.959999084472656,33.79575729370117
2023-06-06,35.119998931884766,34.95014572143555
2023-06-07,34.290000915527344,34.12416076660156
2023-06-08,36.150001525878906,35.97516632080078
2023-06-09,37.779998779296875,37.5972785949707
2023-06-12,36.790000915527344,36.6120719909668
2023-06-13,36.18000030517578,36.00502014160156
2023-06-14,35.91999816894531,35.74627685546875
2023-06-15,35.86000061035156,35.68656921386719
2023-06-16,36.0,35.825889587402344
2023-06-20,34.70000076293945,34.53217697143555
2023-06-21,35.209999084472656,35.039710998535156
2023-06-22,34.86000061035156,34.69140625
2023-06-23,34.279998779296875,34.11420822143555
2023-06-26,33.9900016784668,33.82561492919922
2023-06-27,34.880001068115234,34.711307525634766
2023-06-28,34.91999816894531,34.7511100769043
2023-06-29,34.66999816894531,34.5023193359375
2023-06-30,35.0,34.830726623535156
2023-07-03,35.209999084472656,35.039710998535156
2023-07-05,35.11000061035156,34.9401969909668
2023-07-06,33.720001220703125,33.55691909790039
2023-07-07,34.58000183105469,34.41276168823242
2023-07-10,35.2599983215332,35.0894660949707
2023-07-11,35.880001068115234,35.70647048950195
2023-07-12,37.18000030517578,37.00018310546875
2023-07-13,38.0099983215332,37.826168060302734
2023-07-14,36.90999984741211,36.73148727416992
2023-07-17,36.970001220703125,36.79119873046875
2023-07-18,36.09000015258789,35.91545486450195
2023-07-19,36.75,36.572261810302734
2023-07-20,36.540000915527344,36.36328125
2023-07-21,36.709999084472656,36.53245544433594
2023-07-24,37.900001525878906,37.71670150756836
2023-07-25,37.91999816894531,37.736602783203125
2023-07-26,38.41999816894531,38.23418426513672
2023-07-27,37.61000061035156,37.428104400634766
2023-07-28,39.560001373291016,39.368675231933594
2023-07-31,41.040000915527344,40.841514587402344
2023-08-01,40.36000061035156,40.16480255126953
2023-08-02,38.31999969482422,38.13467025756836
2023-08-03,39.7400016784668,39.54780578613281
2023-08-04,39.75,39.55775451660156
2023-08-07,40.459999084472656,40.264320373535156
2023-08-08,39.939998626708984,39.74683380126953
2023-08-09,40.880001068115234,40.682289123535156
2023-08-10,41.36000061035156,41.159969329833984
2023-08-11,40.52000045776367,40.324031829833984
2023-08-14,40.040000915527344,39.846351623535156
2023-08-15,39.61000061035156,39.41843032836914
2023-08-16,39.349998474121094,39.15968704223633
2023-08-17,38.47999954223633,38.29389572143555
2023-08-18,37.61000061035156,37.428104400634766
2023-08-21,37.70000076293945,37.517669677734375
2023-08-22,38.04999923706055,37.86597442626953
2023-08-23,39.33000183105469,39.13978576660156
2023-08-24,39.599998474121094,39.408477783203125
2023-08-25,39.150001525878906,38.96065902709961
2023-08-28,39.540000915527344,39.34877014160156
2023-08-29,39.97999954223633,39.78664016723633
2023-08-30,39.779998779296875,39.587608337402344
2023-08-31,39.310001373291016,39.1198844909668
2023-09-01,40.380001068115234,40.18470764160156
2023-09-05,38.2599983215332,38.07495880126953
2023-09-06,37.88999938964844,37.706748962402344
2023-09-07,35.849998474121094,35.676612854003906
2023-09-08,35.880001068115234,35.70647048950195
2023-09-11,35.9900016784668,35.815940856933594
2023-09-12,36.20000076293945,36.024925231933594
2023-09-13,35.849998474121094,35.676612854003906
2023-09-14,35.63999938964844,35.46763229370117
2023-09-15,35.90999984741211,35.736324310302734
2023-09-18,36.130001068115234,35.95526123046875
2023-09-19,36.0099983215332,35.83584213256836
2023-09-20,35.7599983215332,35.5870475769043
2023-09-21,35.41999816894531,35.248695373535156
2023-09-22,35.83000183105469,35.656715393066406
2023-09-25,35.84000015258789,35.666664123535156
2023-09-26,35.25,35.07951736450195
2023-09-27,35.43000030517578,35.25864791870117
2023-09-28,35.09000015258789,34.920291900634766
2023-09-29,34.970001220703125,34.800872802734375
2023-10-02,34.959999084472656,34.79092025756836
2023-10-03,33.2400016784668,33.07923889160156
2023-10-04,33.11000061035156,32.949867248535156
2023-10-05,33.18000030517578,33.019527435302734
2023-10-06,33.900001525878906,33.73604965209961
2023-10-09,33.29999923706055,33.138946533203125
2023-10-10,34.2400016784668,34.074405670166016
2023-10-11,34.459999084472656,34.293338775634766
2023-10-12,33.900001525878906,33.73604965209961
2023-10-13,33.040000915527344,32.88020706176758
2023-10-16,33.61000061035156,33.44744873046875
2023-10-17,33.150001525878906,32.98967361450195
2023-10-18,32.939998626708984,32.78068923950195
2023-10-19,33.04999923706055,32.89015579223633
2023-10-20,32.09000015258789,31.93480110168457
2023-10-23,33.810001373291016,33.646484375
2023-10-24,34.65999984741211,34.49237060546875
2023-10-25,34.540000915527344,34.37295150756836
2023-10-26,34.970001220703125,34.800872802734375
2023-10-27,35.31999969482422,35.14917755126953
2023-10-30,35.20000076293945,35.02975845336914
2023-10-31,34.0,33.83556365966797
2023-11-01,33.529998779296875,33.367835998535156
2023-11-02,33.09000015258789,32.92996597290039
2023-11-03,33.58000183105469,33.41759490966797
2023-11-06,34.0,33.83556365966797
2023-11-07,33.5,33.337982177734375
2023-11-08,33.529998779296875,33.367835998535156
2023-11-09,33.66999816894531,33.50715637207031
2023-11-10,33.90999984741211,33.74599838256836
2023-11-13,35.209999084472656,35.039710998535156
2023-11-14,35.36000061035156,35.188987731933594
2023-11-15,35.790000915527344,35.616905212402344
2023-11-16,35.36000061035156,35.188987731933594
2023-11-17,35.45000076293945,35.27854919433594
2023-11-20,36.66999816894531,36.49264907836914
2023-11-21,32.779998779296875,32.621463775634766
2023-11-22,34.93000030517578,34.76106643676758
2023-11-24,35.36000061035156,35.188987731933594
2023-11-27,35.52000045776367,35.34821319580078
2023-11-28,35.400001525878906,35.22879409790039
2023-11-29,34.470001220703125,34.30329132080078
2023-11-30,35.18000030517578,35.009857177734375
2023-12-01,34.13999938964844,33.974884033203125
2023-12-04,33.70000076293945,33.53701400756836
2023-12-05,32.939998626708984,32.78068923950195
2023-12-06,32.7599983215332,32.601558685302734
2023-12-07,33.02000045776367,32.86030197143555
2023-12-08,32.900001525878906,32.740882873535156
2023-12-11,33.38999938964844,33.228511810302734
2023-12-12,33.880001068115234,33.71614456176758
2023-12-13,33.47999954223633,33.318077087402344
2023-12-14,33.47999954223633,33.318077087402344
2023-12-15,33.7599983215332,33.59672164916992
2023-12-18,33.38999938964844,33.228511810302734
2023-12-19,34.2400016784668,34.074405670166016
2023-12-20,33.689998626708984,33.527061462402344
2023-12-21,34.689998626708984,34.52222442626953
2023-12-22,34.400001525878906,34.2336311340332
2023-12-26,34.040000915527344,33.875370025634766
2023-12-27,34.2400016784668,34.074405670166016
2023-12-28,35.27000045776367,35.099422454833984
2023-12-29,36.0099983215332,35.83584213256836
2024-01-02,35.65999984741211,35.48753356933594
2024-01-03,36.369998931884766,36.19409942626953
2024-01-04,38.45000076293945,38.264041900634766
2024-01-05,38.25,38.06501007080078
2024-01-08,37.86000061035156,37.67689514160156
2024-01-09,37.41999816894531,37.23902130126953
2024-01-10,37.220001220703125,37.03998947143555
2024-01-11,37.54999923706055,37.36839294433594
2024-01-12,37.2400016784668,37.05989456176758
2024-01-16,36.54999923706055,36.37322998046875
2024-01-17,35.90999984741211,35.736324310302734
2024-01-18,36.4900016784668,36.31352233886719
2024-01-19,35.939998626708984,35.766178131103516
2024-01-22,34.95000076293945,34.780967712402344
2024-01-23,36.04999923706055,35.875648498535156
2024-01-24,36.849998474121094,36.67177963256836
2024-01-25,37.209999084472656,37.03003692626953
2024-01-26,37.4900016784668,37.308685302734375
2024-01-29,37.09000015258789,36.91061782836914
2024-01-30,36.369998931884766,36.19409942626953
2024-01-31,36.560001373291016,36.383182525634766
2024-02-01,37.400001525878906,37.219120025634766
2024-02-02,37.0,36.82105255126953
2024-02-05,37.40999984741211,37.22907257080078
2024-02-06,39.47999954223633,39.289058685302734
2024-02-07,39.45000076293945,39.25920486450195
2024-02-08,38.9900016784668,38.801429748535156
2024-02-09,39.59000015258789,39.398529052734375
2024-02-12,40.0,39.80654525756836
2024-02-13,39.650001525878906,39.4582405090332
2024-02-14,40.61000061035156,40.41359329223633
2024-02-15,40.939998626708984,40.74199676513672
2024-02-16,41.25,41.050498962402344
2024-02-20,41.439998626708984,41.23957824707031
2024-02-21,41.90999984741211,41.707305908203125
2024-02-22,44.66999816894531,44.453956604003906
2024-02-23,47.34000015258789,47.111045837402344
2024-02-26,45.900001525878906,45.67801284790039
2024-02-27,44.31999969482422,44.10565185546875
2024-02-28,44.459999084472656,44.244972229003906
2024-02-29,44.470001220703125,44.25492858886719
2024-03-01,44.90999984741211,44.69279861450195
2024-03-04,42.58000183105469,42.37406921386719
2024-03-05,42.279998779296875,42.07551574707031
2024-03-06,43.119998931884766,42.91145324707031
2024-03-07,43.2599983215332,43.050777435302734
2024-03-08,43.40999984741211,43.20005416870117
2024-03-11,43.290000915527344,43.08063507080078
2024-03-12,44.279998779296875,44.06584548950195
2024-03-13,44.66999816894531,44.453956604003906
2024-03-14,43.869998931884766,43.6578254699707
2024-03-15,43.41999816894531,43.21000289916992
2024-03-18,44.25,44.03599166870117
2024-03-19,44.38999938964844,44.17531204223633
2024-03-20,44.5,44.28478240966797
2024-03-21,44.68000030517578,44.46390914916992
2024-03-22,45.02000045776367,44.80226516723633
2024-03-25,44.68000030517578,44.46390914916992
2024-03-26,44.650001525878906,44.43405532836914
2024-03-27,43.63999938964844,43.42893981933594
2024-03-28,43.88999938964844,43.677730560302734
2024-04-01,46.959999084472656,46.73288345336914
2024-04-02,48.90999984741211,48.67345428466797
2024-04-03,49.380001068115234,49.14118194580078
2024-04-04,47.9900016784668,47.757904052734375
2024-04-05,48.13999938964844,47.90717697143555
2024-04-08,48.81999969482422,48.58388900756836
2024-04-09,49.0,48.76301574707031
2024-04-10,48.75,48.514225006103516
2024-04-11,50.099998474121094,49.857696533203125
2024-04-12,48.849998474121094,48.61374282836914
2024-04-15,49.20000076293945,48.96205139160156
2024-04-16,48.66999816894531,48.43461227416992
2024-04-17,48.2599983215332,48.02659606933594
2024-04-18,48.720001220703125,48.484371185302734
2024-04-19,48.0,47.767852783203125
2024-04-22,49.349998474121094,49.111324310302734
2024-04-23,50.47999954223633,50.23585891723633
2024-04-24,50.599998474121094,50.35527801513672
2024-04-25,50.41999816894531,50.1761474609375
2024-04-26,50.599998474121094,50.35527801513672
2024-04-29,49.130001068115234,48.892391204833984
2024-04-30,48.2599983215332,48.02659606933594
2024-05-01,48.7400016784668,48.504276275634766
2024-05-02,50.939998626708984,50.693634033203125
2024-05-03,53.29999923706055,53.04222106933594
2024-05-06,53.869998931884766,53.60946273803711
2024-05-07,52.70000076293945,52.44512176513672
2024-05-08,53.290000915527344,53.03226852416992
2024-05-09,53.220001220703125,52.962608337402344
2024-05-10,53.560001373291016,53.30096435546875
2024-05-13,54.900001525878906,54.634483337402344
2024-05-14,55.70000076293945,55.43061447143555
2024-05-15,55.77000045776367,55.500274658203125
2024-05-16,56.40999984741211,56.13718032836914
2024-05-17,56.83000183105469,56.55514907836914
2024-05-20,57.04999923706055,56.77408218383789
2024-05-21,55.83000183105469,55.55998611450195
2024-05-22,54.5,54.23641586303711
2024-05-23,51.959999084472656,51.708702087402344
2024-05-24,52.75,52.49488067626953
2024-05-28,52.2599983215332,52.00724792480469
2024-05-29,51.380001068115234,51.131507873535156
2024-05-30,51.77000045776367,51.519622802734375
2024-05-31,51.5099983215332,51.2608757019043
2024-06-03,51.7400016784668,51.489768981933594
2024-06-04,50.15999984741211,49.91740798950195
2024-06-05,51.650001525878906,51.400203704833984
2024-06-06,52.04999923706055,51.79826736450195
2024-06-07,51.400001525878906,51.15141296386719
2024-06-10,51.63999938964844,51.3902473449707
2024-06-11,51.08000183105469,50.83295822143555
2024-06-12,50.779998779296875,50.53440856933594
2024-06-13,50.68000030517578,50.43489074707031
2024-06-14,50.27000045776367,50.02687454223633
2024-06-17,50.2400016784668,49.99702072143555
2024-06-18,49.95000076293945,49.70842361450195
2024-06-20,49.97999954223633,49.738277435302734
2024-06-21,48.349998474121094,48.11616134643555
2024-06-24,48.720001220703125,48.484371185302734
2024-06-25,48.470001220703125,48.23558044433594
2024-06-26,48.869998931884766,48.633644104003906
2024-06-27,47.5,47.27027130126953
2024-06-28,47.0,46.77268981933594
2024-07-01,47.54999923706055,47.320030212402344
2024-07-02,47.709999084472656,47.47925567626953
2024-07-03,49.65999984741211,49.41982650756836
2024-07-05,49.7599983215332,49.51934051513672
2024-07-08,49.560001373291016,49.320308685302734
2024-07-09,50.90999984741211,50.663780212402344
2024-07-10,48.9900016784668,48.75306701660156
2024-07-11,49.290000915527344,49.05161666870117
2024-07-12,50.27000045776367,50.02687454223633
2024-07-15,47.790000915527344,47.558868408203125
2024-07-16,47.58000183105469,47.34988784790039
2024-07-17,46.41999816894531,46.195491790771484
2024-07-18,45.33000183105469,45.11076736450195
2024-07-19,45.36000061035156,45.140621185302734
2024-07-22,47.29999923706055,47.07123947143555
2024-07-23,46.2599983215332,46.0362663269043
2024-07-24,45.279998779296875,45.06100845336914
2024-07-25,43.43000030517578,43.21995544433594
2024-07-26,43.349998474121094,43.140342712402344
2024-07-29,43.09000015258789,42.88159942626953
2024-07-30,41.970001220703125,41.76701736450195
2024-07-31,42.529998779296875,42.32430648803711
2024-08-01,41.13999938964844,40.94103240966797
2024-08-02,39.31999969482422,39.12983322143555
2024-08-05,40.310001373291016,40.115047454833984
2024-08-06,42.209999084472656,42.005855560302734
2024-08-07,40.97999954223633,40.781803131103516
2024-08-08,42.2599983215332,42.05561447143555
2024-08-09,41.880001068115234,41.677452087402344
2024-08-12,42.04999923706055,41.84663009643555
2024-08-13,42.150001525878906,41.94614791870117
2024-08-14,41.40999984741211,41.20972442626953
2024-08-15,42.0099983215332,41.80682373046875
2024-08-16,42.75,42.543243408203125
2024-08-19,42.90999984741211,42.70246887207031
2024-08-20,41.279998779296875,41.080352783203125
2024-08-21,42.9900016784668,42.78208541870117
2024-08-22,42.599998474121094,42.39397048950195
2024-08-23,42.18000030517578,41.97600173950195
2024-08-26,42.34000015258789,42.13522720336914
2024-08-27,45.970001220703125,45.74767303466797
2024-08-28,46.18000030517578,45.95665740966797
2024-08-29,46.72999954223633,46.50399398803711
2024-08-30,47.13999938964844,46.91201400756836
2024-09-03,47.33000183105469,47.101097106933594
2024-09-04,47.369998931884766,47.140899658203125
2024-09-05,47.720001220703125,47.48920822143555
2024-09-06,47.560001373291016,47.32998275756836
2024-09-09,47.2599983215332,47.031429290771484
2024-09-10,47.06999969482422,46.842350006103516
2024-09-11,47.279998779296875,47.051334381103516
2024-09-12,47.099998474121094,46.8722038269043
2024-09-13,47.290000915527344,47.06128692626953
2024-09-16,46.790000915527344,46.56370544433594
2024-09-17,46.650001525878906,46.42438507080078
2024-09-18,46.70000076293945,46.47414016723633
2024-09-19,47.439998626708984,47.2105598449707
2024-09-20,48.65999984741211,48.424659729003906
2024-09-23,49.09000015258789,48.85258102416992
2024-09-24,53.060001373291016,52.803382873535156
2024-09-25,51.08000183105469,50.83295822143555
2024-09-26,56.68000030517578,56.40587615966797
2024-09-27,61.31999969482422,61.023433685302734
2024-09-30,59.43000030517578,59.142574310302734
2024-10-01,62.5099983215332,62.20767593383789
2024-10-02,66.91999816894531,66.59634399414062
2024-10-03,64.62999725341797,64.31742095947266
2024-10-04,68.43000030517578,68.09904479980469
2024-10-07,68.3499984741211,68.0194320678711
2024-10-08,61.47999954223633,61.18265914916992
2024-10-09,62.38999938964844,62.0882568359375
2024-10-10,63.81999969482422,63.5113410949707
2024-10-11,65.02999877929688,64.71549224853516
2024-10-14,63.63999938964844,63.332210540771484
2024-10-15,58.02000045776367,57.73939514160156
2024-10-16,59.45000076293945,59.162479400634766
2024-10-17,58.0,57.71949005126953
2024-10-18,61.25,60.953773498535156
2024-10-21,60.5,60.2073974609375
2024-10-22,60.529998779296875,60.23725128173828
2024-10-23,61.439998626708984,61.142852783203125
2024-10-24,62.060001373291016,61.759857177734375
2024-10-25,61.849998474121094,61.55086898803711
2024-10-28,65.06999969482422,64.75529479980469
2024-10-29,64.88999938964844,64.57616424560547
2024-10-30,65.05999755859375,64.74534606933594
2024-10-31,64.4000015258789,64.08853912353516
2024-11-01,65.19000244140625,64.87471771240234
2024-11-04,67.23999786376953,66.91480255126953
2024-11-05,68.41999816894531,68.08909606933594
2024-11-06,67.05999755859375,66.73567199707031
2024-11-07,68.43000030517578,68.09904479980469
2024-11-08,65.4800033569336,65.16331481933594
2024-11-11,66.68000030517578,66.35751342773438
2024-11-12,64.0199966430664,63.71037292480469
2024-11-13,62.08000183105469,61.77975845336914
2024-11-14,59.93000030517578,59.64015579223633
2024-11-15,59.4900016784668,59.20228576660156
2024-11-18,61.31999969482422,61.023433685302734
2024-11-19,62.7400016784668,62.43656539916992
2024-11-20,64.79000091552734,64.47665405273438
2024-11-21,65.16999816894531,64.85481262207031
2024-11-22,63.63999938964844,63.332210540771484
2024-11-25,64.52999877929688,64.21791076660156
2024-11-26,62.900001525878906,62.595794677734375
2024-11-27,63.79999923706055,63.49143981933594
2024-11-29,64.6500015258789,64.33732604980469
2024-12-02,65.25,64.9344253540039
2024-12-03,68.02999877929688,67.70098114013672
2024-12-04,66.87999725341797,66.5565414428711
2024-12-05,67.20999908447266,66.88494873046875
2024-12-06,69.06999969482422,68.73595428466797
2024-12-09,75.05999755859375,74.69697570800781
2024-12-10,72.0,71.65177917480469
2024-12-11,72.80999755859375,72.4578628540039
2024-12-12,74.08000183105469,73.72172546386719
2024-12-13,72.55000305175781,72.19912719726562
2024-12-16,72.55999755859375,72.20906829833984
2024-12-17,74.61000061035156,74.24916076660156
2024-12-18,71.51000213623047,71.16415405273438
2024-12-19,72.56999969482422,72.21902465820312
2024-12-20,72.44000244140625,72.08965301513672
2024-12-23,73.0199966430664,72.6668472290039
2024-12-24,72.30999755859375,71.96028137207031
2024-12-26,73.05999755859375,72.70664978027344
2024-12-27,70.58999633789062,70.24859619140625
2024-12-30,68.61000061035156,68.2781753540039
2024-12-31,68.66000366210938,68.32793426513672
2025-01-02,64.7699966430664,64.45674133300781
2025-01-03,67.5999984741211,67.27305603027344
2025-01-06,65.33999633789062,65.02398681640625
2025-01-07,65.0,64.68563842773438
2025-01-08,64.9000015258789,64.58612060546875
2025-01-10,63.150001525878906,62.84458541870117
2025-01-13,63.709999084472656,63.40187454223633
2025-01-14,64.4000015258789,64.08853912353516
2025-01-15,65.0199966430664,64.70553588867188
2025-01-16,65.80999755859375,65.49171447753906
2025-01-17,67.16000366210938,66.83518981933594
2025-01-21,68.95999908447266,68.62648010253906
2025-01-22,66.87000274658203,66.54659271240234
2025-01-23,68.0,67.67112731933594
2025-01-24,71.5199966430664,71.1740951538086
2025-01-27,70.0,69.66145324707031
2025-01-28,71.44000244140625,71.09449005126953
2025-01-29,71.29000091552734,70.9452133178711
2025-01-30,73.5,73.14452362060547
2025-01-31,70.16999816894531,69.83062744140625
2025-02-03,72.02999877929688,71.68163299560547
2025-02-04,71.2699966430664,70.92530822753906
2025-02-05,68.81999969482422,68.4871597290039
2025-02-06,68.52999877929688,68.19856262207031
2025-02-07,69.22000122070312,68.88522338867188
2025-02-10,68.38999938964844,68.05924224853516
2025-02-11,65.69000244140625,65.37229919433594
2025-02-12,68.05999755859375,67.7308349609375
2025-02-13,69.73999786376953,69.4027099609375
2025-02-14,69.25,68.91507720947266
2025-02-18,67.16999816894531,66.84513854980469
2025-02-19,66.68000030517578,66.35751342773438
2025-02-20,66.11000061035156,65.79026794433594
2025-02-21,67.0199966430664,66.69586181640625
2025-02-24,64.66000366210938,64.34728240966797
2025-02-25,57.29999923706055,57.02287292480469
2025-02-26,58.61000061035156,58.326541900634766
2025-02-27,57.20000076293945,56.92335891723633
2025-02-28,56.68000030517578,56.40587615966797
2025-03-03,57.810001373291016,57.53041076660156
2025-03-04,59.36000061035156,59.072914123535156
2025-03-05,64.01000213623047,63.70042419433594
2025-03-06,63.52000045776367,63.21279525756836
2025-03-07,63.83000183105469,63.521297454833984
2025-03-10,62.220001220703125,61.91908264160156
2025-03-11,61.59000015258789,61.2921257019043
2025-03-12,61.619998931884766,61.32197952270508
2025-03-13,60.79999923706055,60.50594711303711
2025-03-14,62.029998779296875,61.72999954223633
2025-03-17,66.66999816894531,66.66999816894531
2025-03-18,66.08999633789062,66.08999633789062
2025-03-19,67.0,67.0
2025-03-20,64.52999877929688,64.52999877929688
2025-03-21,64.2300033569336,64.2300033569336
2025-03-24,63.90999984741211,63.90999984741211
2025-03-25,63.66999816894531,63.66999816894531
2025-03-26,63.11000061035156,63.11000061035156
2025-03-27,65.18000030517578,65.18000030517578
2025-03-28,62.68000030517578,62.68000030517578
2025-03-31,63.58000183105469,63.58000183105469
2025-04-01,63.16999816894531,63.16999816894531
2025-04-02,63.58000183105469,63.58000183105469
2025-04-03,61.20000076293945,61.20000076293945
2025-04-04,55.88999938964844,55.88999938964844
2025-04-07,53.54999923706055,53.54999923706055
2025-04-08,52.209999084472656,52.209999084472656
2025-04-09,54.790000915527344,54.790000915527344
2025-04-10,54.189998626708984,54.189998626708984
2025-04-11,54.72999954223633,54.72999954223633
2025-04-14,56.75,56.75
2025-04-15,56.470001220703125,56.470001220703125
2025-04-16,55.54999923706055,55.54999923706055
2025-04-17,54.849998474121094,54.849998474121094
2025-04-21,55.25,55.25
2025-04-22,56.869998931884766,56.869998931884766
2025-04-23,58.20000076293945,58.20000076293945
2025-04-24,57.65999984741211,57.65999984741211
2025-04-25,57.52000045776367,57.52000045776367
2025-04-28,58.619998931884766,58.619998931884766
2025-04-29,59.33000183105469,59.33000183105469
2025-04-30,58.9900016784668,58.9900016784668
2025-05-01,59.380001068115234,59.380001068115234
2025-05-02,60.16999816894531,60.16999816894531
2025-05-05,60.4900016784668,60.4900016784668
2025-05-06,61.220001220703125,61.220001220703125
2025-05-07,62.119998931884766,62.119998931884766
2025-05-08,61.970001220703125,61.970001220703125
2025-05-09,61.45000076293945,61.45000076293945
2025-05-12,65.5199966430664,65.5199966430664
2025-05-13,66.23999786376953,66.23999786376953
2025-05-14,66.37999725341797,66.37999725341797
2025-05-15,65.51000213623047,65.51000213623047
2025-05-16,64.97000122070312,64.97000122070312
2025-05-19,67.0999984741211,67.0999984741211
2025-05-20,63.380001068115234,63.380001068115234
2025-05-21,62.25,62.25
2025-05-22,61.060001373291016,61.060001373291016
2025-05-23,62.33000183105469,62.33000183105469
2025-05-27,61.75,61.75
2025-05-28,63.16999816894531,63.16999816894531
2025-05-29,64.55999755859375,64.55999755859375
2025-05-30,62.650001525878906,62.650001525878906
2025-06-02,63.650001525878906,63.650001525878906
2025-06-03,63.04999923706055,63.04999923706055
2025-06-04,61.630001068115234,61.630001068115234
2025-06-05,61.97999954223633,61.97999954223633
2025-06-06,60.61000061035156,60.61000061035156
2025-06-09,62.36000061035156,62.36000061035156
2025-06-10,61.959999084472656,61.959999084472656
2025-06-11,61.2599983215332,61.2599983215332
2025-06-12,60.91999816894531,60.91999816894531
2025-06-13,59.97999954223633,59.97999954223633
2025-06-16,60.45000076293945,60.45000076293945
2025-06-17,60.66999816894531,60.66999816894531
2025-06-18,56.540000915527344,56.540000915527344
2025-06-20,55.849998474121094,55.849998474121094
2025-06-23,57.61000061035156,57.61000061035156
2025-06-24,58.88999938964844,58.88999938964844
2025-06-25,59.369998931884766,59.369998931884766
2025-06-26,58.70000076293945,58.70000076293945
2025-06-27,58.66999816894531,58.66999816894531
2025-06-30,58.63999938964844,58.63999938964844
2025-07-01,58.970001220703125,58.970001220703125
2025-07-02,59.119998931884766,59.119998931884766
2025-07-03,58.7400016784668,58.7400016784668
2025-07-07,61.459999084472656,61.459999084472656
2025-07-08,60.540000915527344,60.540000915527344
2025-07-09,61.349998474121094,61.349998474121094
2025-07-10,61.869998931884766,61.869998931884766
2025-07-11,61.91999816894531,61.91999816894531
2025-07-14,61.65999984741211,61.65999984741211
2025-07-15,63.09000015258789,63.09000015258789
2025-07-16,63.029998779296875,63.029998779296875
2025-07-17,62.31999969482422,62.31999969482422
2025-07-18,63.61000061035156,63.61000061035156
2025-07-21,63.369998931884766,63.369998931884766
2025-07-22,63.29999923706055,63.29999923706055
2025-07-23,64.55000305175781,64.55000305175781
2025-07-24,64.54000091552734,64.54000091552734
2025-07-25,64.43000030517578,64.43000030517578
2025-07-28,63.5,63.5
2025-07-29,63.130001068115234,63.130001068115234
2025-07-30,61.72999954223633,61.72999954223633
2025-07-31,61.95000076293945,61.95000076293945
2025-08-01,60.630001068115234,60.630001068115234
2025-08-04,62.060001373291016,62.060001373291016
2025-08-05,61.16999816894531,61.16999816894531
2025-08-06,61.900001525878906,61.900001525878906
2025-08-07,62.15999984741211,62.15999984741211
2025-08-08,58.79999923706055,58.79999923706055
2025-08-11,59.47999954223633,59.47999954223633
2025-08-12,59.34000015258789,59.34000015258789
2025-08-13,61.86000061035156,61.86000061035156
2025-08-14,60.310001373291016,60.310001373291016
2025-08-15,62.369998931884766,62.369998931884766
2025-08-18,62.95000076293945,62.95000076293945
2025-08-19,64.86000061035156,64.86000061035156
2025-08-20,63.18000030517578,63.18000030517578
2025-08-21,63.619998931884766,63.619998931884766
2025-08-22,64.91999816894531,64.91999816894531
2025-08-25,65.93000030517578,65.93000030517578
2025-08-26,64.93000030517578,64.93000030517578
2025-08-27,65.29000091552734,65.29000091552734
2025-08-28,75.02999877929688,75.02999877929688
2025-08-29,73.75,73.75
2025-09-02,71.58999633789062,71.58999633789062
2025-09-03,71.2300033569336,71.2300033569336
2025-09-04,72.98999786376953,72.98999786376953
2025-09-05,72.79000091552734,72.79000091552734
2025-09-08,73.0199966430664,73.0199966430664
2025-09-09,72.4000015258789,72.4000015258789
2025-09-10,72.5,72.5
2025-09-11,74.83000183105469,74.83000183105469
2025-09-12,73.87000274658203,73.87000274658203
2025-09-15,74.12000274658203,74.12000274658203
2025-09-16,76.58000183105469,76.58000183105469
2025-09-17,76.79000091552734,76.79000091552734
2025-09-18,78.1500015258789,78.1500015258789
2025-09-19,78.5199966430664,78.5199966430664
2025-09-22,77.81999969482422,77.81999969482422
2025-09-23,76.70999908447266,76.70999908447266
2025-09-24,76.55000305175781,76.55000305175781
2025-09-25,75.70999908447266,75.70999908447266
2025-09-26,75.91999816894531,75.91999816894531
2025-09-29,76.13999938964844,76.13999938964844
2025-09-30,75.19999694824219,75.19999694824219
2025-10-01,74.94000244140625,74.94000244140625
2025-10-02,75.18000030517578,75.18000030517578
2025-10-03,73.31999969482422,73.31999969482422
2025-10-06,71.38999938964844,71.38999938964844
2025-10-07,71.62000274658203,71.62000274658203
2025-10-08,71.55000305175781,71.55000305175781
2025-10-09,71.11000061035156,71.11000061035156
2025-10-10,70.08000183105469,70.08000183105469
2025-10-13,70.75,70.75
2025-10-14,70.16000366210938,70.16000366210938
2025-10-15,69.80999755859375,69.80999755859375
2025-10-16,70.19000244140625,70.19000244140625
2025-10-17,70.13999938964844,70.13999938964844
2025-10-20,71.37999725341797,71.37999725341797
2025-10-21,71.3499984741211,71.3499984741211
2025-10-22,70.7699966430664,70.7699966430664
2025-10-23,71.08000183105469,71.08000183105469
2025-10-24,72.79000091552734,72.79000091552734
2025-10-27,73.66999816894531,73.66999816894531
2025-10-28,72.36000061035156,72.36000061035156
2025-10-29,72.47000122070312,72.47000122070312
2025-10-30,70.55000305175781,70.55000305175781
2025-10-31,70.6500015258789,70.6500015258789
2025-11-03,71.5,71.5
2025-11-04,70.02999877929688,70.02999877929688
2025-11-05,70.48999786376953,70.48999786376953
2025-11-06,69.98999786376953,69.98999786376953
2025-11-07,70.2699966430664,70.2699966430664
2025-11-10,73.61000061035156,73.61000061035156
2025-11-11,73.87000274658203,73.87000274658203
2025-11-12,74.58999633789062,74.58999633789062
2025-11-13,74.5199966430664,74.5199966430664
2025-11-14,72.02999877929688,72.02999877929688
2025-11-17,70.88999938964844,70.88999938964844
2025-11-18,72.44000244140625,72.44000244140625
2025-11-19,72.44999694824219,72.44999694824219
2025-11-20,69.80999755859375,69.80999755859375
2025-11-21,69.8499984741211,69.8499984741211
2025-11-24,70.19000244140625,70.19000244140625
2025-11-25,70.30000305175781,70.30000305175781
2025-11-26,69.72000122070312,69.72000122070312
2025-11-28,69.91999816894531,69.91999816894531
2025-12-01,70.27999877929688,70.27999877929688
2025-12-02,70.19000244140625,70.19000244140625
2025-12-03,70.72000122070312,70.72000122070312
2025-12-04,71.12000274658203,71.12000274658203
2025-12-05,71.75,71.75
2025-12-08,70.1500015258789,70.1500015258789
2025-12-09,70.12000274658203,70.12000274658203
2025-12-10,70.83000183105469,70.83000183105469
2025-12-11,70.12999725341797,70.12999725341797
2025-12-12,70.80000305175781,70.80000305175781
2025-12-15,71.38999938964844,71.38999938964844
2025-12-16,70.88999938964844,70.88999938964844
2025-12-17,71.8499984741211,71.8499984741211
2025-12-18,71.25,71.25
2025-12-19,72.22000122070312,72.22000122070312
2025-12-22,73.76000213623047,73.76000213623047
2025-12-23,72.4800033569336,72.4800033569336
2025-12-24,72.23999786376953,72.23999786376953
2025-12-26,72.5,72.5
2025-12-29,72.61000061035156,72.61000061035156
2025-12-30,72.31999969482422,72.31999969482422
2025-12-31,71.91000366210938,71.91000366210938
2026-01-02,74.48999786376953,74.48999786376953
2026-01-05,75.1500015258789,75.1500015258789
2026-01-06,76.0999984741211,76.0999984741211
2026-01-07,76.16000366210938,76.16000366210938
2026-01-08,76.81999969482422,76.81999969482422
2026-01-09,75.66000366210938,75.66000366210938
2026-01-12,78.95999908447266,78.95999908447266
2026-01-13,75.68000030517578,75.68000030517578
2026-01-14,62.779998779296875,62.779998779296875
2026-01-15,61.29999923706055,61.29999923706055
2026-01-16,61.77000045776367,61.77000045776367
2026-01-20,60.470001220703125,60.470001220703125
2026-01-21,62.099998474121094,62.099998474121094
2026-01-22,62.099998474121094,62.099998474121094
2026-01-23,62.880001068115234,62.880001068115234
2026-01-26,63.970001220703125,63.970001220703125
2026-01-27,62.439998626708984,62.439998626708984
2026-01-28,62.400001525878906,62.400001525878906
2026-01-29,62.02000045776367,62.02000045776367
2026-01-30,61.369998931884766,61.369998931884766
2026-02-02,62.0099983215332,62.0099983215332
2026-02-03,60.47999954223633,60.47999954223633
2026-02-04,57.38999938964844,57.38999938964844
2026-02-05,57.349998474121094,57.349998474121094
2026-02-06,59.400001525878906,59.400001525878906
2026-02-09,58.58000183105469,58.58000183105469
2026-02-10,57.5,57.5
2026-02-11,57.939998626708984,57.939998626708984
2026-02-12,54.459999084472656,54.459999084472656
2026-02-13,54.43000030517578,54.43000030517578
2026-02-17,56.119998931884766,56.119998931884766
2026-02-18,56.630001068115234,56.630001068115234
2026-02-19,55.34000015258789,55.34000015258789
2026-02-20,54.56999969482422,54.56999969482422
2026-02-23,52.93000030517578,52.93000030517578
2026-02-24,53.77000045776367,53.77000045776367
2026-02-25,53.65999984741211,53.65999984741211
2026-02-26,52.27000045776367,52.27000045776367
2026-02-27,52.619998931884766,52.619998931884766
2026-03-02,51.47999954223633,51.47999954223633
2026-03-03,51.70000076293945,51.70000076293945
2026-03-04,50.86000061035156,50.86000061035156
2026-03-05,51.959999084472656,51.959999084472656
2026-03-06,54.0,54.0
2026-03-09,53.7400016784668,53.7400016784668
2026-03-10,53.18000030517578,53.18000030517578
2026-03-11,52.099998474121094,52.099998474121094
2026-03-12,51.93000030517578,51.93000030517578
2026-03-13,51.720001220703125,51.720001220703125
2026-03-16,52.25,52.25
2026-03-17,52.40999984741211,52.40999984741211
2026-03-18,51.959999084472656,51.959999084472656
2026-03-19,51.72999954223633,51.72999954223633
2026-03-20,51.060001373291016,51.060001373291016
2026-03-23,51.31999969482422,51.31999969482422
2026-03-24,51.18000030517578,51.18000030517578
2026-03-25,51.34000015258789,51.34000015258789
2026-03-26,50.220001220703125,50.220001220703125
2026-03-27,48.4900016784668,48.4900016784668
2026-03-30,49.16999816894531,49.16999816894531
2026-03-31,49.790000915527344,49.790000915527344
2026-04-01,49.790000915527344,49.790000915527344
2026-04-02,50.47999954223633,50.47999954223633
2026-04-06,50.09000015258789,50.09000015258789
2026-04-07,50.220001220703125,50.220001220703125
2026-04-08,51.869998931884766,51.869998931884766
2026-04-09,51.34000015258789,51.34000015258789
2026-04-10,51.31999969482422,51.31999969482422
2026-04-13,51.77000045776367,51.77000045776367
2026-04-14,52.56999969482422,52.56999969482422
2026-04-15,54.119998931884766,54.119998931884766
2026-04-16,54.689998626708984,54.689998626708984
2026-04-17,55.189998626708984,55.189998626708984
2026-04-20,55.0099983215332,55.0099983215332
2026-04-21,54.650001525878906,54.650001525878906
2026-04-22,53.95000076293945,53.95000076293945
2026-04-23,52.95000076293945,52.95000076293945
2026-04-24,53.11000061035156,53.11000061035156
2026-04-27,53.20000076293945,53.20000076293945
2026-04-28,52.34000015258789,52.34000015258789
2026-04-29,52.779998779296875,52.779998779296875
2026-04-30,54.209999084472656,54.209999084472656
2026-05-01,54.220001220703125,54.220001220703125
2026-05-04,52.810001373291016,52.810001373291016
2026-05-05,52.400001525878906,52.400001525878906
2026-05-06,54.45000076293945,54.45000076293945
2026-05-07,53.369998931884766,53.369998931884766
2026-05-08,52.68000030517578,52.68000030517578
2026-05-11,52.20000076293945,52.20000076293945
2026-05-12,52.0099983215332,52.0099983215332
2026-05-13,52.279998779296875,52.279998779296875
2026-05-14,50.279998779296875,50.279998779296875
2026-05-15,49.61000061035156,49.61000061035156
2026-05-18,49.31999969482422,49.31999969482422
2026-05-19,48.95000076293945,48.95000076293945
2026-05-20,48.560001373291016,48.560001373291016
2026-05-21,48.060001373291016,48.060001373291016
2026-05-22,46.369998931884766,46.369998931884766
2026-05-26,47.349998474121094,47.349998474121094
2026-05-27,47.810001373291016,47.810001373291016
2026-05-28,47.08000183105469,47.08000183105469
2026-05-29,47.43000030517578,47.43000030517578
2026-06-01,48.290000915527344,48.290000915527344
2026-06-02,48.470001220703125,48.470001220703125
2026-06-03,47.939998626708984,47.939998626708984
2026-06-04,48.060001373291016,48.060001373291016
2026-06-05,47.689998626708984,47.689998626708984
2026-06-08,47.209999084472656,47.209999084472656
2026-06-09,47.040000915527344,47.040000915527344
2026-06-10,47.970001220703125,47.970001220703125
2026-06-11,47.38999938964844,47.38999938964844
2026-06-12,46.470001220703125,46.470001220703125
2026-06-15,47.400001525878906,47.400001525878906
2026-06-16,46.22999954223633,46.22999954223633
2026-06-17,46.72999954223633,46.72999954223633
2026-06-18,45.099998474121094,45.099998474121094
2026-06-22,46.41999816894531,46.41999816894531
2026-06-23,45.5,45.5
2026-06-24,46.29999923706055,46.29999923706055
2026-06-25,40.4900016784668,40.4900016784668
2026-06-26,40.88999938964844,40.88999938964844
2026-06-29,39.959999084472656,39.959999084472656
2026-06-30,39.84000015258789,39.84000015258789
2026-07-01,41.08000183105469,41.08000183105469
2026-07-02,41.0,41.0
2026-07-06,40.97999954223633,40.97999954223633
2026-07-07,40.810001373291016,40.810001373291016
2026-07-08,41.380001068115234,41.380001068115234
2026-07-09,41.43000030517578,41.43000030517578
2026-07-10,42.79999923706055,42.79999923706055
2026-07-13,42.36000061035156,42.36000061035156
2026-07-14,42.40999984741211,42.40999984741211
2026-07-15,42.869998931884766,42.869998931884766
2026-07-16,43.75,43.75
2026-07-17,42.45000076293945,42.45000076293945
2026-07-20,44.189998626708984,44.189998626708984
2026-07-21,43.650001525878906,43.650001525878906
2026-07-22,42.58000183105469,42.58000183105469
2026-07-23,43.02000045776367,43.02000045776367
2026-07-24,43.63999938964844,43.63999938964844
2026-07-27,44.77000045776367,44.77000045776367
2026-07-28,45.310001373291016,45.310001373291016
2026-07-29,46.0,46.0
2026-07-30,46.47999954223633,46.47999954223633
2026-07-31,47.0099983215332,47.0099983215332
2026-08-03,47.29999923706055,47.29999923706055
2026-08-04,46.84000015258789,46.84000015258789
2026-08-05,45.959999084472656,45.959999084472656
2026-08-06,46.2400016784668,46.2400016784668
2026-08-07,46.13999938964844,46.13999938964844
2026-08-10,47.119998931884766,47.119998931884766
2026-08-11,46.20000076293945,46.20000076293945
2026-08-12,45.58000183105469,45.58000183105469
2026-08-13,45.02000045776367,45.02000045776367
2026-08-14,44.97999954223633,44.97999954223633
2026-08-17,44.849998474121094,44.849998474121094
2026-08-18,44.54999923706055,44.54999923706055
2026-08-19,46.5099983215332,46.5099983215332
2026-08-20,46.43000030517578,46.43000030517578
2026-08-21,46.11000061035156,46.11000061035156
2026-08-24,46.02000045776367,46.02000045776367
2026-08-25,45.97999954223633,45.97999954223633
2026-08-26,45.13999938964844,45.13999938964844
2026-08-27,44.61000061035156,44.61000061035156
2026-08-28,45.349998474121094,45.349998474121094
2026-08-31,44.650001525878906,44.650001525878906
2026-09-01,43.84000015258789,43.84000015258789
2026-09-02,43.630001068115234,43.630001068115234
2026-09-03,41.400001525878906,41.400001525878906
2026-09-04,41.029998779296875,41.029998779296875
2026-09-08,40.5,40.5
2026-09-09,39.189998626708984,39.189998626708984
2026-09-10,38.70000076293945,38.70000076293945
2026-09-11,39.02000045776367,39.02000045776367
2026-09-14,39.08000183105469,39.08000183105469
2026-09-15,39.25,39.25
2026-09-16,40.43000030517578,40.43000030517578
2026-09-17,40.36000061035156,40.36000061035156
2026-09-18,40.68000030517578,40.68000030517578
2026-09-21,40.650001525878906,40.650001525878906
2026-09-22,40.849998474121094,40.849998474121094
2026-09-23,40.630001068115234,40.630001068115234
2026-09-24,40.040000915527344,40.040000915527344
2026-09-25,39.43000030517578,39.43000030517578
2026-09-28,39.900001525878906,39.900001525878906
2026-09-29,38.63999938964844,38.63999938964844
2026-09-30,39.099998474121094,39.099998474121094
2026-10-01,38.7599983215332,38.7599983215332
2026-10-02,38.09000015258789,38.09000015258789
2026-10-05,38.790000915527344,38.790000915527344
2026-10-06,38.3849983215332,38.3849983215332
