date,close,adjclose
2000-07-14,18.875,7.1092729568481445
2000-07-17,20.0,7.533005237579346
2000-07-18,19.9375,7.509464740753174
2000-07-19,19.4375,7.321140766143799
2000-07-20,19.875,7.485923767089844
2000-07-21,20.0,7.533005237579346
2000-07-24,20.0,7.533005237579346
2000-07-25,20.0,7.533005237579346
2000-07-26,20.0,7.533005237579346
2000-07-27,19.75,7.438845634460449
2000-07-28,19.375,7.297597885131836
2000-07-31,19.375,7.297597885131836
2000-08-01,19.25,7.250515460968018
2000-08-02,19.0,7.156356334686279
2000-08-03,18.875,7.1092729568481445
2000-08-04,19.625,7.3917622566223145
2000-08-07,19.625,7.3917622566223145
2000-08-08,19.625,7.3917622566223145
2000-08-09,19.625,7.3917622566223145
2000-08-10,19.0,7.156356334686279
2000-08-11,19.4375,7.321140766143799
2000-08-14,19.4375,7.321140766143799
2000-08-15,20.0,7.533005237579346
2000-08-16,20.0,7.533005237579346
2000-08-17,20.3125,7.6507110595703125
2000-08-18,19.75,7.438845634460449
2000-08-21,19.75,7.438845634460449
2000-08-22,19.75,7.438845634460449
2000-08-23,19.75,7.438845634460449
2000-08-24,19.25,7.386657238006592
2000-08-25,19.625,7.530553340911865
2000-08-28,19.6875,7.554533004760742
2000-08-29,19.1875,7.362672328948975
2000-08-30,19.1875,7.362672328948975
2000-08-31,19.75,7.578515529632568
2000-09-01,19.75,7.578515529632568
2000-09-05,19.625,7.530553340911865
2000-09-06,20.25,7.770378589630127
2000-09-07,20.3125,7.7943620681762695
2000-09-08,19.5,7.482588291168213
2000-09-11,20.0,7.674447059631348
2000-09-12,19.6875,7.554533004760742
2000-09-13,19.25,7.386657238006592
2000-09-14,19.0,7.290724754333496
2000-09-15,18.625,7.146829128265381
2000-09-18,18.1875,6.9789509773254395
2000-09-19,18.0625,6.930983066558838
2000-09-20,17.6875,6.787088394165039
2000-09-21,18.0,6.9070024490356445
2000-09-22,18.0625,6.930983066558838
2000-09-25,18.4375,7.074881076812744
2000-09-26,18.25,7.002933979034424
2000-09-27,17.9375,6.883021354675293
2000-09-28,17.9375,6.883021354675293
2000-09-29,18.125,6.954965591430664
2000-10-02,17.8125,6.835056781768799
2000-10-03,17.5625,6.73912239074707
2000-10-04,18.0,6.9070024490356445
2000-10-05,18.1875,6.9789509773254395
2000-10-06,18.0,6.9070024490356445
2000-10-09,17.1875,6.595229148864746
2000-10-10,17.5,6.715142250061035
2000-10-11,17.6875,6.787088394165039
2000-10-12,17.0625,6.54726505279541
2000-10-13,17.25,6.619210720062256
2000-10-16,17.4375,6.691157817840576
2000-10-17,17.0,6.523282051086426
2000-10-18,17.0,6.523282051086426
2000-10-19,17.1875,6.595229148864746
2000-10-20,16.9375,6.499299049377441
2000-10-23,16.125,6.187524795532227
2000-10-24,16.125,6.187524795532227
2000-10-25,15.125,5.8038010597229
2000-10-26,15.1875,5.827784538269043
2000-10-27,15.1875,5.827784538269043
2000-10-30,15.1875,5.827784538269043
2000-10-31,16.125,6.187524795532227
2000-11-01,16.5,6.331418991088867
2000-11-02,16.5,6.331418991088867
2000-11-03,16.0,6.139558792114258
2000-11-06,16.0,6.139558792114258
2000-11-07,16.0,6.139558792114258
2000-11-08,16.0,6.139558792114258
2000-11-09,15.5,5.947696685791016
2000-11-10,15.5,5.947696685791016
2000-11-13,15.3125,5.875747203826904
2000-11-14,15.9375,6.11557674407959
2000-11-15,15.9375,6.11557674407959
2000-11-16,15.8125,6.067610740661621
2000-11-17,15.375,5.899731636047363
2000-11-20,15.375,5.899731636047363
2000-11-21,15.375,5.899731636047363
2000-11-22,15.375,5.899731636047363
2000-11-24,15.375,5.899731636047363
2000-11-27,15.3125,5.875747203826904
2000-11-28,14.6875,5.635921478271484
2000-11-29,14.6875,5.635921478271484
2000-11-30,14.4375,5.539992809295654
2000-12-01,14.4375,5.539992809295654
2000-12-04,14.375,5.516010284423828
2000-12-05,14.375,5.516010284423828
2000-12-06,15.125,5.8038010597229
2000-12-07,15.3125,5.875747203826904
2000-12-08,15.875,6.091592311859131
2000-12-11,16.1875,6.211505889892578
2000-12-12,16.25,6.235488414764404
2000-12-13,16.0,6.139558792114258
2000-12-14,16.25,6.235488414764404
2000-12-15,16.0625,6.163541316986084
2000-12-18,16.375,6.283453464508057
2000-12-19,16.375,6.283453464508057
2000-12-20,15.8125,6.069462299346924
2000-12-21,15.8125,6.069462299346924
2000-12-22,15.5,5.9495134353637695
2000-12-26,15.5,5.9495134353637695
2000-12-27,15.875,6.093453884124756
2000-12-28,16.375,6.285373687744141
2000-12-29,16.5,6.333355903625488
2001-01-02,16.6875,6.405324935913086
2001-01-03,18.0,6.909112453460693
2001-01-04,17.75,6.81315279006958
2001-01-05,17.375,6.669214248657227
2001-01-08,17.375,6.669214248657227
2001-01-09,17.875,6.861132621765137
2001-01-10,17.75,6.81315279006958
2001-01-11,17.8125,6.837143898010254
2001-01-12,17.8125,6.837143898010254
2001-01-16,17.4375,6.6932053565979
2001-01-17,18.25,7.0050740242004395
2001-01-18,18.4375,7.077042579650879
2001-01-19,18.625,7.149014472961426
2001-01-22,18.3125,7.0290632247924805
2001-01-23,18.625,7.149014472961426
2001-01-24,18.625,7.149014472961426
2001-01-25,18.5625,7.125021457672119
2001-01-26,18.5,7.101035118103027
2001-01-29,18.700000762939453,7.177802085876465
2001-01-30,18.299999237060547,7.024265766143799
2001-01-31,18.75,7.196995735168457
2001-02-01,17.959999084472656,6.893759250640869
2001-02-02,17.5,6.71719217300415
2001-02-05,17.25,6.6212358474731445
2001-02-06,17.729999542236328,6.805474758148193
2001-02-07,17.510000228881836,6.72103214263916
2001-02-08,18.0,6.909112453460693
2001-02-09,18.0,6.909112453460693
2001-02-12,17.899999618530273,6.870728015899658
2001-02-13,17.899999618530273,6.870728015899658
2001-02-14,18.270000457763672,7.0127482414245605
2001-02-15,18.100000381469727,6.9474968910217285
2001-02-16,17.34000015258789,6.6557793617248535
2001-02-20,16.950000762939453,6.506082057952881
2001-02-21,16.600000381469727,6.371739387512207
2001-02-22,16.450000762939453,6.314164161682129
2001-02-23,16.75,6.4293131828308105
2001-02-26,17.149999618530273,6.582849502563477
2001-02-27,16.399999618530273,6.294970989227295
2001-02-28,16.5,6.333355903625488
2001-03-01,16.5,6.333355903625488
2001-03-02,17.450000762939453,6.698001861572266
2001-03-05,17.450000762939453,6.698001861572266
2001-03-06,17.030000686645508,6.536789894104004
2001-03-07,17.350000381469727,6.659616947174072
2001-03-08,17.25,6.6212358474731445
2001-03-09,17.0,6.52527379989624
2001-03-12,16.450000762939453,6.314164161682129
2001-03-13,16.450000762939453,6.314164161682129
2001-03-14,15.710000038146973,6.030121326446533
2001-03-15,15.550000190734863,5.968706130981445
2001-03-16,15.699999809265137,6.026279449462891
2001-03-19,15.699999809265137,6.026279449462891
2001-03-20,15.449999809265137,5.93032169342041
2001-03-21,15.069999694824219,5.784463405609131
2001-03-22,14.350000381469727,5.5081000328063965
2001-03-23,14.300000190734863,5.488906383514404
2001-03-26,15.210000038146973,5.838199615478516
2001-03-27,15.59000015258789,5.9840593338012695
2001-03-28,15.100000381469727,5.795976638793945
2001-03-29,15.199999809265137,5.834360599517822
2001-03-30,14.979999542236328,5.749917507171631
2001-04-02,14.350000381469727,5.5081000328063965
2001-04-03,14.350000381469727,5.5081000328063965
2001-04-04,14.5,5.565676689147949
2001-04-05,14.979999542236328,5.749917507171631
2001-04-06,14.720000267028809,5.650119781494141
2001-04-09,15.050000190734863,5.776785850524902
2001-04-10,15.630000114440918,5.999413013458252
2001-04-11,15.239999771118164,5.849716663360596
2001-04-12,15.239999771118164,5.849716663360596
2001-04-16,15.239999771118164,5.849716663360596
2001-04-17,14.550000190734863,5.584866523742676
2001-04-18,15.5,5.9495134353637695
2001-04-19,14.75,5.661635398864746
2001-04-20,13.65999984741211,5.24324893951416
2001-04-23,14.0,5.373754501342773
2001-04-24,14.100000381469727,5.412137985229492
2001-04-25,14.100000381469727,5.412137985229492
2001-04-26,14.699999809265137,5.642443656921387
2001-04-27,15.199999809265137,5.834360599517822
2001-04-30,15.25,5.853554725646973
2001-05-01,15.260000228881836,5.857392311096191
2001-05-02,15.039999961853027,5.77294921875
2001-05-03,15.119999885559082,5.803655624389648
2001-05-04,15.5,5.9495134353637695
2001-05-07,15.300000190734863,5.872746467590332
2001-05-08,15.0,5.757594585418701
2001-05-09,15.039999961853027,5.77294921875
2001-05-10,15.199999809265137,5.834360599517822
2001-05-11,15.199999809265137,5.834360599517822
2001-05-14,14.619999885559082,5.611734867095947
2001-05-15,14.319999694824219,5.496584892272949
2001-05-16,14.449999809265137,5.546482563018799
2001-05-17,14.899999618530273,5.719210624694824
2001-05-18,15.149999618530273,5.8151702880859375
2001-05-21,14.899999618530273,5.719210624694824
2001-05-22,15.010000228881836,5.761431694030762
2001-05-23,14.899999618530273,5.719210624694824
2001-05-24,14.529999732971191,5.577188014984131
2001-05-25,14.6899995803833,5.638603687286377
2001-05-29,14.600000381469727,5.60405969619751
2001-05-30,14.470000267028809,5.554159641265869
2001-05-31,14.729999542236328,5.653957843780518
2001-06-01,14.5,5.565676689147949
2001-06-04,15.079999923706055,5.78830099105835
2001-06-05,14.949999809265137,5.738402366638184
2001-06-06,14.90999984741211,5.723048686981201
2001-06-07,14.890000343322754,5.715371608734131
2001-06-08,15.0,5.757594585418701
2001-06-11,14.640000343322754,5.619411468505859
2001-06-12,14.399999618530273,5.527290344238281
2001-06-13,14.399999618530273,5.527290344238281
2001-06-14,14.579999923706055,5.596380710601807
2001-06-15,14.600000381469727,5.60405969619751
2001-06-18,13.989999771118164,5.369917869567871
2001-06-19,13.470000267028809,5.1703200340271
2001-06-20,13.710000038146973,5.262441635131836
2001-06-21,14.4399995803833,5.5426435470581055
2001-06-22,14.739999771118164,5.6577959060668945
2001-06-25,14.600000381469727,5.60405969619751
2001-06-26,14.5,5.565676689147949
2001-06-27,14.3100004196167,5.492744445800781
2001-06-28,14.529999732971191,5.577188014984131
2001-06-29,14.380000114440918,5.5196123123168945
2001-07-02,14.40999984741211,5.5311279296875
2001-07-03,14.40999984741211,5.5311279296875
2001-07-05,13.0,4.989915370941162
2001-07-06,13.149999618530273,5.047491073608398
2001-07-09,13.079999923706055,5.020620822906494
2001-07-10,12.609999656677246,4.840218544006348
2001-07-11,12.300000190734863,4.721227645874023
2001-07-12,12.739999771118164,4.8901166915893555
2001-07-13,12.460000038146973,4.7826409339904785
2001-07-16,12.260000228881836,4.705873966217041
2001-07-17,12.649999618530273,4.8555707931518555
2001-07-18,12.699999809265137,4.874763488769531
2001-07-19,12.489999771118164,4.794157981872559
2001-07-20,12.65999984741211,4.859410285949707
2001-07-23,13.199999809265137,5.066685199737549
2001-07-24,12.899999618530273,4.951529502868652
2001-07-25,12.699999809265137,4.874763488769531
2001-07-26,13.050000190734863,5.009106636047363
2001-07-27,12.720000267028809,4.882440567016602
2001-07-30,13.25,5.085874557495117
2001-07-31,12.699999809265137,4.874763488769531
2001-08-01,12.899999618530273,4.951529502868652
2001-08-02,12.800000190734863,4.913146495819092
2001-08-03,12.819999694824219,4.920823097229004
2001-08-06,13.260000228881836,5.089714050292969
2001-08-07,13.229999542236328,5.078197479248047
2001-08-08,13.170000076293945,5.055167198181152
2001-08-09,13.119999885559082,5.035974502563477
2001-08-10,12.819999694824219,4.920823097229004
2001-08-13,12.84000015258789,4.928501605987549
2001-08-14,12.569999694824219,4.824865341186523
2001-08-15,12.569999694824219,4.824865341186523
2001-08-16,12.5600004196167,4.821026802062988
2001-08-17,12.34000015258789,4.736580848693848
2001-08-20,12.319999694824219,4.728903770446777
2001-08-21,11.899999618530273,4.567692756652832
2001-08-22,12.229999542236328,4.694357872009277
2001-08-23,12.300000190734863,4.721227645874023
2001-08-24,11.630000114440918,4.708273887634277
2001-08-27,11.34000015258789,4.590869426727295
2001-08-28,11.210000038146973,4.538240909576416
2001-08-29,11.3100004196167,4.5787248611450195
2001-08-30,11.100000381469727,4.493707656860352
2001-08-31,11.079999923706055,4.485611438751221
2001-09-04,11.069999694824219,4.481563091278076
2001-09-05,10.90999984741211,4.416788101196289
2001-09-06,10.899999618530273,4.412740230560303
2001-09-07,10.789999961853027,4.3682098388671875
2001-09-10,10.65999984741211,4.315578460693359
2001-09-17,9.199999809265137,3.7245142459869385
2001-09-18,9.569999694824219,3.874305248260498
2001-09-19,9.329999923706055,3.777144193649292
2001-09-20,9.069999694824219,3.6718852519989014
2001-09-21,8.819999694824219,3.570675849914551
2001-09-24,9.100000381469727,3.6840310096740723
2001-09-25,8.880000114440918,3.594968318939209
2001-09-26,8.399999618530273,3.4006433486938477
2001-09-27,8.869999885559082,3.5909178256988525
2001-09-28,9.199999809265137,3.7245142459869385
2001-10-01,9.020000457763672,3.651643991470337
2001-10-02,9.0,3.643547296524048
2001-10-03,8.970000267028809,3.6314024925231934
2001-10-04,8.800000190734863,3.5625805854797363
2001-10-05,8.800000190734863,3.5625805854797363
2001-10-08,8.829999923706055,3.5747251510620117
2001-10-09,8.859999656677246,3.586869239807129
2001-10-10,8.880000114440918,3.594968318939209
2001-10-11,9.210000038146973,3.7285642623901367
2001-10-12,9.210000038146973,3.7285642623901367
2001-10-15,9.369999885559082,3.7933366298675537
2001-10-16,9.550000190734863,3.8662099838256836
2001-10-17,9.649999618530273,3.9066925048828125
2001-10-18,9.489999771118164,3.841916561126709
2001-10-19,9.489999771118164,3.841916561126709
2001-10-22,9.550000190734863,3.8662099838256836
2001-10-23,9.829999923706055,3.979562520980835
2001-10-24,9.59000015258789,3.8824024200439453
2001-10-25,9.859999656677246,3.9917080402374268
2001-10-26,9.859999656677246,3.9917080402374268
2001-10-29,9.510000228881836,3.8500142097473145
2001-10-30,9.350000381469727,3.7852418422698975
2001-10-31,9.5,3.845966100692749
2001-11-01,9.670000076293945,3.9147891998291016
2001-11-02,9.65999984741211,3.910740852355957
2001-11-05,10.59000015258789,4.287240982055664
2001-11-06,10.609999656677246,4.295335292816162
2001-11-07,11.0,4.4532246589660645
2001-11-08,11.0,4.4532246589660645
2001-11-09,11.149999618530273,4.513949871063232
2001-11-12,10.869999885559082,4.4005961418151855
2001-11-13,11.34000015258789,4.590869426727295
2001-11-14,11.100000381469727,4.493707656860352
2001-11-15,11.100000381469727,4.493707656860352
2001-11-16,11.149999618530273,4.513949871063232
2001-11-19,11.289999961853027,4.570627212524414
2001-11-20,10.8100004196167,4.376307010650635
2001-11-21,10.949999809265137,4.432981491088867
2001-11-23,11.489999771118164,4.651594638824463
2001-11-26,11.989999771118164,4.854013442993164
2001-11-27,11.979999542236328,4.8499650955200195
2001-11-28,11.489999771118164,4.651594638824463
2001-11-29,11.109999656677246,4.497756004333496
2001-11-30,11.289999961853027,4.570627212524414
2001-12-03,11.640000343322754,4.712320804595947
2001-12-04,11.84000015258789,4.793287754058838
2001-12-05,12.039999961853027,4.8742547035217285
2001-12-06,12.229999542236328,4.951175212860107
2001-12-07,12.239999771118164,4.95522403717041
2001-12-10,12.390000343322754,5.01594877243042
2001-12-11,12.390000343322754,5.01594877243042
2001-12-12,12.399999618530273,5.019998550415039
2001-12-13,11.899999618530273,4.81757926940918
2001-12-14,11.850000381469727,4.797336101531982
2001-12-17,11.989999771118164,4.854013442993164
2001-12-18,12.149999618530273,4.918788909912109
2001-12-19,12.470000267028809,5.048336982727051
2001-12-20,12.0,4.858061790466309
2001-12-21,12.239999771118164,4.95522403717041
2001-12-24,12.239999771118164,4.95522403717041
2001-12-26,12.34000015258789,4.995707988739014
2001-12-27,12.600000381469727,5.100966453552246
2001-12-28,12.770000457763672,5.169790744781494
2001-12-31,12.699999809265137,5.141450881958008
2002-01-02,12.960000038146973,5.246707439422607
2002-01-03,13.289999961853027,5.380304336547852
2002-01-04,13.1899995803833,5.339819431304932
2002-01-07,13.050000190734863,5.283143520355225
2002-01-08,12.989999771118164,5.258853912353516
2002-01-09,12.800000190734863,5.18193244934082
2002-01-10,11.90999984741211,4.821625709533691
2002-01-11,12.319999694824219,4.987610816955566
2002-01-14,11.699999809265137,4.736608982086182
2002-01-15,11.75,4.756854057312012
2002-01-16,11.869999885559082,4.805434226989746
2002-01-17,12.140000343322754,4.914740085601807
2002-01-18,12.289999961853027,4.975465774536133
2002-01-22,12.010000228881836,4.862110137939453
2002-01-23,11.970000267028809,4.845918655395508
2002-01-24,11.9399995803833,4.8337721824646
2002-01-25,11.979999542236328,4.8499650955200195
2002-01-28,11.800000190734863,4.777094841003418
2002-01-29,11.489999771118164,4.651594638824463
2002-01-30,11.489999771118164,4.651594638824463
2002-01-31,11.550000190734863,4.6758856773376465
2002-02-01,11.569999694824219,4.683980941772461
2002-02-04,11.420000076293945,4.623256683349609
2002-02-05,11.520000457763672,4.663740634918213
2002-02-06,11.600000381469727,4.6961283683776855
2002-02-07,11.5,4.655643939971924
2002-02-08,11.40999984741211,4.619208335876465
2002-02-11,11.5,4.655643939971924
2002-02-12,11.520000457763672,4.663740634918213
2002-02-13,12.0,4.858061790466309
2002-02-14,12.140000343322754,4.914740085601807
2002-02-15,12.149999618530273,4.918788909912109
2002-02-19,11.989999771118164,4.854013442993164
2002-02-20,12.1899995803833,4.934983253479004
2002-02-21,12.34000015258789,4.995707988739014
2002-02-22,12.600000381469727,5.100966453552246
2002-02-25,13.100000381469727,5.3033857345581055
2002-02-26,12.90999984741211,5.226466655731201
2002-02-27,13.5,5.465317249298096
2002-02-28,13.649999618530273,5.526045322418213
2002-03-01,13.9399995803833,5.6434502601623535
2002-03-04,14.0,5.667740345001221
2002-03-05,13.5,5.465317249298096
2002-03-06,12.949999809265137,5.242658615112305
2002-03-07,12.979999542236328,5.254804611206055
2002-03-08,13.100000381469727,5.3033857345581055
2002-03-11,12.979999542236328,5.254804611206055
2002-03-12,13.5600004196167,5.489609241485596
2002-03-13,13.5,5.465317249298096
2002-03-14,13.600000381469727,5.505805015563965
2002-03-15,13.680000305175781,5.5381927490234375
2002-03-18,13.779999732971191,5.578675746917725
2002-03-19,13.600000381469727,5.505805015563965
2002-03-20,13.3100004196167,5.388401508331299
2002-03-21,13.210000038146973,5.34791898727417
2002-03-22,12.819999694824219,5.190028667449951
2002-03-25,12.609999656677246,5.105015754699707
2002-03-26,13.0,5.262899398803711
2002-03-27,13.479999542236328,5.457224369049072
2002-03-28,13.229999542236328,5.356013298034668
2002-04-01,13.800000190734863,5.58677339553833
2002-04-02,13.430000305175781,5.436983585357666
2002-04-03,13.09000015258789,5.299337387084961
2002-04-04,13.399999618530273,5.424838542938232
2002-04-05,13.399999618530273,5.424838542938232
2002-04-08,13.319999694824219,5.392449855804443
2002-04-09,13.479999542236328,5.457224369049072
2002-04-10,13.6899995803833,5.542239189147949
2002-04-11,13.489999771118164,5.461272716522217
2002-04-12,13.75,5.566531658172607
2002-04-15,13.609999656677246,5.509851455688477
2002-04-16,13.699999809265137,5.54628849029541
2002-04-17,13.710000038146973,5.550338268280029
2002-04-18,13.640000343322754,5.521998882293701
2002-04-19,13.5,5.465317249298096
2002-04-22,13.260000228881836,5.368159770965576
2002-04-23,13.34000015258789,5.400547027587891
2002-04-24,13.399999618530273,5.424838542938232
2002-04-25,13.239999771118164,5.360062599182129
2002-04-26,13.0,5.262899398803711
2002-04-29,12.949999809265137,5.242658615112305
2002-04-30,13.050000190734863,5.283143520355225
2002-05-01,13.0600004196167,5.287190914154053
2002-05-02,12.550000190734863,5.08072566986084
2002-05-03,12.359999656677246,5.003805637359619
2002-05-06,12.100000381469727,4.898548126220703
2002-05-07,12.079999923706055,4.890450477600098
2002-05-08,12.489999771118164,5.0564351081848145
2002-05-09,11.850000381469727,4.797336101531982
2002-05-10,11.710000038146973,4.740658760070801
2002-05-13,11.449999809265137,4.635401725769043
2002-05-14,11.640000343322754,4.712320804595947
2002-05-15,11.75,4.756854057312012
2002-05-16,12.180000305175781,4.930932998657227
2002-05-17,12.119999885559082,4.906643867492676
2002-05-20,12.119999885559082,4.906643867492676
2002-05-21,12.100000381469727,4.898548126220703
2002-05-22,11.869999885559082,4.805434226989746
2002-05-23,11.970000267028809,4.845918655395508
2002-05-24,12.069999694824219,4.88640022277832
2002-05-28,12.100000381469727,4.898548126220703
2002-05-29,12.239999771118164,4.95522403717041
2002-05-30,12.199999809265137,4.939030647277832
2002-05-31,12.100000381469727,4.898548126220703
2002-06-03,11.850000381469727,4.797336101531982
2002-06-04,11.640000343322754,4.712320804595947
2002-06-05,11.550000190734863,4.6758856773376465
2002-06-06,11.0,4.4532246589660645
2002-06-07,11.100000381469727,4.493707656860352
2002-06-10,11.319999694824219,4.582772731781006
2002-06-11,10.699999809265137,4.3317742347717285
2002-06-12,10.550000190734863,4.271047115325928
2002-06-13,10.510000228881836,4.254854202270508
2002-06-14,10.25,4.149596214294434
2002-06-17,10.640000343322754,4.307483196258545
2002-06-18,10.399999618530273,4.210321426391602
2002-06-19,10.0600004196167,4.072676658630371
2002-06-20,9.399999618530273,3.80548357963562
2002-06-21,8.75,3.5423378944396973
2002-06-24,9.020000457763672,3.651643991470337
2002-06-25,9.029999732971191,3.6556925773620605
2002-06-26,8.899999618530273,3.603062391281128
2002-06-27,9.380000114440918,3.797386646270752
2002-06-28,9.699999809265137,3.926933765411377
2002-07-01,9.15999984741211,3.7083218097686768
2002-07-02,9.199999809265137,3.7245142459869385
2002-07-03,9.239999771118164,3.740708589553833
2002-07-05,9.069999694824219,3.6718852519989014
2002-07-08,9.050000190734863,3.6637895107269287
2002-07-09,9.069999694824219,3.6718852519989014
2002-07-10,9.029999732971191,3.6556925773620605
2002-07-11,9.199999809265137,3.7245142459869385
2002-07-12,9.489999771118164,3.841916561126709
2002-07-15,9.010000228881836,3.6475956439971924
2002-07-16,8.819999694824219,3.570675849914551
2002-07-17,9.029999732971191,3.6556925773620605
2002-07-18,9.25,3.7447562217712402
2002-07-19,9.029999732971191,3.6556925773620605
2002-07-22,8.59000015258789,3.4775633811950684
2002-07-23,8.199999809265137,3.3196773529052734
2002-07-24,8.350000381469727,3.380401849746704
2002-07-25,7.880000114440918,3.1901278495788574
2002-07-26,7.550000190734863,3.0565314292907715
2002-07-29,6.949999809265137,2.8136281967163086
2002-07-30,6.739999771118164,2.728612184524536
2002-07-31,6.980000019073486,2.825773239135742
2002-08-01,7.389999866485596,2.991757869720459
2002-08-02,7.800000190734863,3.1577413082122803
2002-08-05,7.380000114440918,2.987708806991577
2002-08-06,7.690000057220459,3.113208293914795
2002-08-07,7.869999885559082,3.1860790252685547
2002-08-08,8.600000381469727,3.481611728668213
2002-08-09,8.149999618530273,3.299433708190918
2002-08-12,7.610000133514404,3.0808217525482178
2002-08-13,7.360000133514404,2.979612350463867
2002-08-14,7.349999904632568,2.9755632877349854
2002-08-15,7.150000095367432,2.8945953845977783
2002-08-16,7.599999904632568,3.0767722129821777
2002-08-19,7.480000019073486,3.0281929969787598
2002-08-20,7.369999885559082,2.983659505844116
2002-08-21,7.449999809265137,3.016047954559326
2002-08-22,7.570000171661377,3.064628839492798
2002-08-23,7.71999979019165,3.125354051589966
2002-08-26,7.78000020980835,3.149643898010254
2002-08-27,7.920000076293945,3.206321954727173
2002-08-28,7.849999904632568,3.177982807159424
2002-08-29,8.079999923706055,3.2710952758789062
2002-08-30,8.050000190734863,3.25895094871521
2002-09-03,7.670000076293945,3.105112075805664
2002-09-04,7.769999980926514,3.1455955505371094
2002-09-05,7.369999885559082,2.983659505844116
2002-09-06,7.53000020980835,3.0484354496002197
2002-09-09,7.840000152587891,3.173933506011963
2002-09-10,7.800000190734863,3.1577413082122803
2002-09-11,8.170000076293945,3.30753231048584
2002-09-12,8.100000381469727,3.2791924476623535
2002-09-13,8.050000190734863,3.25895094871521
2002-09-16,7.739999771118164,3.133450984954834
2002-09-17,7.449999809265137,3.016047954559326
2002-09-18,7.170000076293945,2.902693033218384
2002-09-19,6.849999904632568,2.773144245147705
2002-09-20,7.090000152587891,2.8703055381774902
2002-09-23,6.590000152587891,2.667886257171631
2002-09-24,6.309999942779541,2.5545310974121094
2002-09-25,6.300000190734863,2.550483226776123
2002-09-26,6.21999979019165,2.518096446990967
2002-09-27,5.789999961853027,2.344014883041382
2002-09-30,5.789999961853027,2.344014883041382
2002-10-01,6.389999866485596,2.586918592453003
2002-10-02,6.320000171661377,2.558580160140991
2002-10-03,6.429999828338623,2.603111982345581
2002-10-04,6.5,2.6314496994018555
2002-10-07,6.110000133514404,2.4735636711120605
2002-10-08,6.239999771118164,2.5261929035186768
2002-10-09,5.820000171661377,2.3561604022979736
2002-10-10,5.699999809265137,2.3075804710388184
2002-10-11,6.039999961853027,2.445225238800049
2002-10-14,5.650000095367432,2.2873384952545166
2002-10-15,5.659999847412109,2.291386365890503
2002-10-16,5.349999904632568,2.1658871173858643
2002-10-17,5.929999828338623,2.4006919860839844
2002-10-18,5.989999771118164,2.4249825477600098
2002-10-21,6.0,2.4290308952331543
2002-10-22,6.150000095367432,2.489758253097534
2002-10-23,6.409999847412109,2.5950143337249756
2002-10-24,6.699999809265137,2.712419271469116
2002-10-25,7.090000152587891,2.8703055381774902
2002-10-28,6.670000076293945,2.7002735137939453
2002-10-29,6.650000095367432,2.6921775341033936
2002-10-30,7.130000114440918,2.8864989280700684
2002-10-31,7.429999828338623,3.007951021194458
2002-11-01,7.400000095367432,2.995805501937866
2002-11-04,7.320000171661377,2.9634177684783936
2002-11-05,7.260000228881836,2.9391281604766846
2002-11-06,6.869999885559082,2.7812411785125732
2002-11-07,7.190000057220459,2.9107882976531982
2002-11-08,7.349999904632568,2.9755632877349854
2002-11-11,7.300000190734863,2.9553215503692627
2002-11-12,7.019999980926514,2.8419671058654785
2002-11-13,7.039999961853027,2.8500638008117676
2002-11-14,7.070000171661377,2.862208604812622
2002-11-15,7.010000228881836,2.837918996810913
2002-11-18,7.480000019073486,3.0281929969787598
2002-11-19,7.440000057220459,3.0119993686676025
2002-11-20,7.539999961853027,3.052482843399048
2002-11-21,7.650000095367432,3.097014904022217
2002-11-22,7.670000076293945,3.105112075805664
2002-11-25,7.610000133514404,3.0808217525482178
2002-11-26,7.260000228881836,2.9391281604766846
2002-11-27,7.53000020980835,3.0484354496002197
2002-11-29,7.309999942779541,2.959369659423828
2002-12-02,7.460000038146973,3.0200963020324707
2002-12-03,7.510000228881836,3.0403380393981934
2002-12-04,7.369999885559082,2.983659505844116
2002-12-05,7.199999809265137,2.9148378372192383
2002-12-06,7.389999866485596,2.991757869720459
2002-12-09,7.050000190734863,2.8541107177734375
2002-12-10,7.329999923706055,2.9674670696258545
2002-12-11,7.400000095367432,2.995805501937866
2002-12-12,7.400000095367432,2.995805501937866
2002-12-13,7.590000152587891,3.0727243423461914
2002-12-16,7.789999961853027,3.1536924839019775
2002-12-17,7.829999923706055,3.1698861122131348
2002-12-18,8.050000190734863,3.25895094871521
2002-12-19,8.289999961853027,3.356112241744995
2002-12-20,8.5,3.4411284923553467
2002-12-23,8.100000381469727,3.322185754776001
2002-12-24,8.329999923706055,3.416518449783325
2002-12-26,8.149999618530273,3.3426923751831055
2002-12-27,8.140000343322754,3.3385910987854004
2002-12-30,8.079999923706055,3.3139824867248535
2002-12-31,7.980000019073486,3.2729687690734863
2003-01-02,8.050000190734863,3.301677942276001
2003-01-03,8.329999923706055,3.416518449783325
2003-01-06,8.779999732971191,3.601085662841797
2003-01-07,8.649999618530273,3.5477657318115234
2003-01-08,8.369999885559082,3.432924747467041
2003-01-09,8.720000267028809,3.5764758586883545
2003-01-10,8.989999771118164,3.687215805053711
2003-01-13,9.0,3.691316843032837
2003-01-14,8.989999771118164,3.687215805053711
2003-01-15,8.699999809265137,3.568272829055786
2003-01-16,8.789999961853027,3.605186700820923
2003-01-17,8.420000076293945,3.453432559967041
2003-01-21,8.029999732971191,3.293475389480591
2003-01-22,7.800000190734863,3.199141502380371
2003-01-23,7.710000038146973,3.16222882270813
2003-01-24,7.349999904632568,3.014575719833374
2003-01-27,7.230000019073486,2.9653587341308594
2003-01-28,7.320000171661377,3.0022711753845215
2003-01-29,7.670000076293945,3.145822286605835
2003-01-30,7.639999866485596,3.133518695831299
2003-01-31,7.869999885559082,3.2278518676757812
2003-02-03,7.829999923706055,3.2114458084106445
2003-02-04,7.590000152587891,3.1130106449127197
2003-02-05,7.690000057220459,3.1540257930755615
2003-02-06,7.510000228881836,3.0801990032196045
2003-02-07,7.559999942779541,3.1007068157196045
2003-02-10,7.5,3.0760974884033203
2003-02-11,7.579999923706055,3.1089096069335938
2003-02-12,7.550000190734863,3.096605062484741
2003-02-13,7.340000152587891,3.010474443435669
2003-02-14,7.170000076293945,2.940749406814575
2003-02-18,7.5,3.0760974884033203
2003-02-19,7.360000133514404,3.0186781883239746
2003-02-20,7.369999885559082,3.022778272628784
2003-02-21,7.369999885559082,3.022778272628784
2003-02-24,7.489999771118164,3.07199764251709
2003-02-25,7.320000171661377,3.0022711753845215
2003-02-26,7.21999979019165,2.961256504058838
2003-02-27,7.369999885559082,3.022778272628784
2003-02-28,7.449999809265137,3.055591106414795
2003-03-03,7.480000019073486,3.0678951740264893
2003-03-04,7.409999847412109,3.039184093475342
2003-03-05,7.46999979019165,3.0637929439544678
2003-03-06,7.639999866485596,3.133518695831299
2003-03-07,7.769999980926514,3.186837673187256
2003-03-10,7.46999979019165,3.0637929439544678
2003-03-11,7.650000095367432,3.1376187801361084
2003-03-12,7.829999923706055,3.2114458084106445
2003-03-13,8.050000190734863,3.301677942276001
2003-03-14,8.020000457763672,3.2893738746643066
2003-03-17,8.020000457763672,3.2893738746643066
2003-03-18,8.15999984741211,3.3467936515808105
2003-03-19,8.079999923706055,3.3139824867248535
2003-03-20,8.119999885559082,3.330387830734253
2003-03-21,8.390000343322754,3.4411284923553467
2003-03-24,8.170000076293945,3.350895404815674
2003-03-25,8.3100004196167,3.408316135406494
2003-03-26,8.34000015258789,3.4206199645996094
2003-03-27,8.329999923706055,3.416518449783325
2003-03-28,8.40999984741211,3.4493300914764404
2003-03-31,8.350000381469727,3.424722671508789
2003-04-01,8.649999618530273,3.5477657318115234
2003-04-02,8.890000343322754,3.6462008953094482
2003-04-03,9.010000228881836,3.6954190731048584
2003-04-04,9.09000015258789,3.72823166847229
2003-04-07,9.199999809265137,3.773346424102783
2003-04-08,8.949999809265137,3.670809268951416
2003-04-09,8.899999618530273,3.6503021717071533
2003-04-10,8.770000457763672,3.5969836711883545
2003-04-11,8.869999885559082,3.637998580932617
2003-04-14,8.989999771118164,3.687215805053711
2003-04-15,9.25,3.793853521347046
2003-04-16,9.279999732971191,3.8061575889587402
2003-04-17,9.529999732971191,3.9086947441101074
2003-04-21,9.640000343322754,3.953810453414917
2003-04-22,9.609999656677246,3.9415066242218018
2003-04-23,9.770000457763672,4.0071306228637695
2003-04-24,9.550000190734863,3.9168972969055176
2003-04-25,9.539999961853027,3.9127964973449707
2003-04-28,9.829999923706055,4.031738758087158
2003-04-29,10.140000343322754,4.158884525299072
2003-04-30,10.100000381469727,4.142477989196777
2003-05-01,10.100000381469727,4.142477989196777
2003-05-02,10.119999885559082,4.150681495666504
2003-05-05,10.050000190734863,4.121970176696777
2003-05-06,10.039999961853027,4.117867946624756
2003-05-07,10.300000190734863,4.224507808685303
2003-05-08,10.34000015258789,4.240912914276123
2003-05-09,10.670000076293945,4.376262187957764
2003-05-12,10.800000190734863,4.429579257965088
2003-05-13,10.859999656677246,4.454188823699951
2003-05-14,10.720000267028809,4.3967695236206055
2003-05-15,10.359999656677246,4.249114990234375
2003-05-16,10.470000267028809,4.29423189163208
2003-05-19,9.960000038146973,4.085058212280273
2003-05-20,9.989999771118164,4.097362995147705
2003-05-21,10.199999809265137,4.183492660522461
2003-05-22,10.359999656677246,4.249114990234375
2003-05-23,10.520000457763672,4.3147406578063965
2003-05-27,10.34000015258789,4.240912914276123
2003-05-28,10.369999885559082,4.253216743469238
2003-05-29,10.579999923706055,4.339348793029785
2003-05-30,10.619999885559082,4.355754852294922
2003-06-02,10.350000381469727,4.245013236999512
2003-06-03,10.5,4.3065361976623535
2003-06-04,10.869999885559082,4.4582905769348145
2003-06-05,11.010000228881836,4.515713214874268
2003-06-06,11.0600004196167,4.536219120025635
2003-06-09,11.100000381469727,4.552623748779297
2003-06-10,11.0600004196167,4.536219120025635
2003-06-11,11.109999656677246,4.556726455688477
2003-06-12,11.1899995803833,4.58953857421875
2003-06-13,11.09000015258789,4.548521995544434
2003-06-16,11.130000114440918,4.564929962158203
2003-06-17,11.0600004196167,4.536219120025635
2003-06-18,10.779999732971191,4.421377182006836
2003-06-19,10.739999771118164,4.404972076416016
2003-06-20,10.670000076293945,4.376262187957764
2003-06-23,10.59000015258789,4.343449592590332
2003-06-24,10.539999961853027,4.322943210601807
2003-06-25,10.59000015258789,4.343449592590332
2003-06-26,10.670000076293945,4.376262187957764
2003-06-27,10.609999656677246,4.3516526222229
2003-06-30,10.609999656677246,4.3516526222229
2003-07-01,10.789999961853027,4.425480842590332
2003-07-02,11.0,4.5116095542907715
2003-07-03,10.84000015258789,4.445985317230225
2003-07-07,10.989999771118164,4.507509231567383
2003-07-08,11.079999923706055,4.544423580169678
2003-07-09,11.130000114440918,4.564929962158203
2003-07-10,10.960000038146973,4.495202541351318
2003-07-11,10.850000381469727,4.450089454650879
2003-07-14,11.109999656677246,4.556726455688477
2003-07-15,11.210000038146973,4.597741603851318
2003-07-16,11.140000343322754,4.569030284881592
2003-07-17,11.0,4.5116095542907715
2003-07-18,11.119999885559082,4.560826301574707
2003-07-21,11.079999923706055,4.544423580169678
2003-07-22,11.319999694824219,4.642857074737549
2003-07-23,11.130000114440918,4.564929962158203
2003-07-24,11.170000076293945,4.581335067749023
2003-07-25,11.3100004196167,4.638754844665527
2003-07-28,11.260000228881836,4.6182475090026855
2003-07-29,11.119999885559082,4.560826301574707
2003-07-30,10.869999885559082,4.4582905769348145
2003-07-31,10.920000076293945,4.478798866271973
2003-08-01,10.479999542236328,4.29833459854126
2003-08-04,10.1899995803833,4.179392337799072
2003-08-05,10.329999923706055,4.236811637878418
2003-08-06,10.239999771118164,4.1998982429504395
2003-08-07,10.699999809265137,4.388566493988037
2003-08-08,10.9399995803833,4.487000465393066
2003-08-11,10.84000015258789,4.445985317230225
2003-08-12,10.90999984741211,4.474696159362793
2003-08-13,10.869999885559082,4.4582905769348145
2003-08-14,11.149999618530273,4.573131084442139
2003-08-15,11.199999809265137,4.593639373779297
2003-08-18,11.329999923706055,4.646956443786621
2003-08-19,11.489999771118164,4.712579727172852
2003-08-20,11.550000190734863,4.737189769744873
2003-08-21,11.699999809265137,4.798709869384766
2003-08-22,11.710000038146973,4.802812099456787
2003-08-25,11.59000015258789,4.753596305847168
2003-08-26,11.779999732971191,4.831525802612305
2003-08-27,12.0600004196167,4.946365833282471
2003-08-28,12.149999618530273,4.983278751373291
2003-08-29,12.260000228881836,5.02839469909668
2003-09-02,12.550000190734863,5.147339344024658
2003-09-03,12.529999732971191,5.139133930206299
2003-09-04,12.890000343322754,5.286786079406738
2003-09-05,13.119999885559082,5.381120681762695
2003-09-08,12.989999771118164,5.3278021812438965
2003-09-09,12.75,5.229366779327393
2003-09-10,12.65999984741211,5.192452907562256
2003-09-11,13.0,5.331900119781494
2003-09-12,13.220000267028809,5.422135353088379
2003-09-15,13.050000190734863,5.352409839630127
2003-09-16,12.829999923706055,5.262176513671875
2003-09-17,12.9399995803833,5.307292938232422
2003-09-18,13.229999542236328,5.426237106323242
2003-09-19,13.170000076293945,5.4016265869140625
2003-09-22,12.970000267028809,5.319598197937012
2003-09-23,12.630000114440918,5.180148124694824
2003-09-24,12.430000305175781,5.098118305206299
2003-09-25,12.130000114440918,4.975074768066406
2003-09-26,12.300000190734863,5.044801712036133
2003-09-29,12.4399995803833,5.102221488952637
2003-09-30,12.6899995803833,5.204757213592529
2003-10-01,13.050000190734863,5.352409839630127
2003-10-02,13.449999809265137,5.516468524932861
2003-10-03,13.680000305175781,5.61080265045166
2003-10-06,13.890000343322754,5.696934223175049
2003-10-07,14.0,5.742049694061279
2003-10-08,14.100000381469727,5.783061981201172
2003-10-09,14.149999618530273,5.80357027053833
2003-10-10,14.210000038146973,5.828179836273193
2003-10-13,14.380000114440918,5.8979034423828125
2003-10-14,14.399999618530273,5.906109809875488
2003-10-15,14.140000343322754,5.799468994140625
2003-10-16,14.050000190734863,5.7625555992126465
2003-10-17,13.949999809265137,5.721541881561279
2003-10-20,14.09000015258789,5.778960227966309
2003-10-21,14.279999732971191,5.856889247894287
2003-10-22,14.09000015258789,5.778960227966309
2003-10-23,13.609999656677246,5.58209228515625
2003-10-24,13.789999961853027,5.655918121337891
2003-10-27,13.770000457763672,5.647716045379639
2003-10-28,14.15999984741211,5.807671546936035
2003-10-29,14.029999732971191,5.754353046417236
2003-10-30,14.119999885559082,5.791266918182373
2003-10-31,13.970000267028809,5.729744911193848
2003-11-03,14.300000190734863,5.865094184875488
2003-11-04,14.34000015258789,5.88149881362915
2003-11-05,14.039999961853027,5.7584547996521
2003-11-06,14.050000190734863,5.7625555992126465
2003-11-07,14.260000228881836,5.848686695098877
2003-11-10,14.0,5.742049694061279
2003-11-11,13.75,5.639513969421387
2003-11-12,14.119999885559082,5.791266918182373
2003-11-13,14.069999694824219,5.770757675170898
2003-11-14,14.109999656677246,5.787163734436035
2003-11-17,13.920000076293945,5.709236145019531
2003-11-18,13.920000076293945,5.709236145019531
2003-11-19,13.899999618530273,5.701035022735596
2003-11-20,14.010000228881836,5.746150970458984
2003-11-21,14.199999809265137,5.82407808303833
2003-11-24,14.59000015258789,5.984034538269043
2003-11-25,14.640000343322754,6.004542350769043
2003-11-26,14.579999923706055,5.979934215545654
2003-11-28,14.770000457763672,6.057864189147949
2003-12-01,15.359999656677246,6.299847602844238
2003-12-02,15.229999542236328,6.246531009674072
2003-12-03,15.199999809265137,6.234223365783691
2003-12-04,15.199999809265137,6.234223365783691
2003-12-05,15.390000343322754,6.31215238571167
2003-12-08,15.369999885559082,6.30394983291626
2003-12-09,15.760000228881836,6.463907718658447
2003-12-10,15.460000038146973,6.340863227844238
2003-12-11,15.75,6.459805965423584
2003-12-12,15.59000015258789,6.394181251525879
2003-12-15,15.579999923706055,6.390079975128174
2003-12-16,15.649999618530273,6.4303460121154785
2003-12-17,15.930000305175781,6.545394420623779
2003-12-18,16.360000610351562,6.722075462341309
2003-12-19,16.450000762939453,6.759056091308594
2003-12-22,16.59000015258789,6.924336910247803
2003-12-23,16.59000015258789,6.924336910247803
2003-12-24,16.770000457763672,6.999464511871338
2003-12-26,16.6299991607666,6.941030502319336
2003-12-29,17.09000015258789,7.133026123046875
2003-12-30,16.850000381469727,7.032857894897461
2003-12-31,17.0,7.1013641357421875
2004-01-02,17.329999923706055,7.239212989807129
2004-01-05,18.350000381469727,7.665292739868164
2004-01-06,18.200000762939453,7.602634906768799
2004-01-07,18.020000457763672,7.5274481773376465
2004-01-08,18.229999542236328,7.615166664123535
2004-01-09,18.299999237060547,7.644407749176025
2004-01-12,18.729999542236328,7.824030876159668
2004-01-13,18.43000030517578,7.698713779449463
2004-01-14,17.940000534057617,7.494027137756348
2004-01-15,17.5,7.310227870941162
2004-01-16,17.56999969482422,7.339468002319336
2004-01-20,18.020000457763672,7.5274481773376465
2004-01-21,17.700000762939453,7.393774509429932
2004-01-22,17.3799991607666,7.260101795196533
2004-01-23,17.6200008392334,7.360356330871582
2004-01-26,18.139999389648438,7.577572345733643
2004-01-27,17.90999984741211,7.481493949890137
2004-01-28,17.299999237060547,7.226681232452393
2004-01-29,16.40999984741211,6.854904651641846
2004-01-30,15.960000038146973,6.666930198669434
2004-02-02,16.079999923706055,6.717053413391113
2004-02-03,16.450000762939453,6.871614456176758
2004-02-04,16.200000762939453,6.767181873321533
2004-02-05,15.699999809265137,6.558318614959717
2004-02-06,16.25,6.7880706787109375
2004-02-09,16.350000381469727,6.829841613769531
2004-02-10,16.600000381469727,6.934274196624756
2004-02-11,17.25,7.2057976722717285
2004-02-12,17.329999923706055,7.239212989807129
2004-02-13,16.889999389648438,7.05541467666626
2004-02-17,16.84000015258789,7.0345282554626465
2004-02-18,16.559999465942383,6.917563438415527
2004-02-19,15.760000228881836,6.5833821296691895
2004-02-20,16.100000381469727,6.725409507751465
2004-02-23,15.949999809265137,6.66274881362915
2004-02-24,16.010000228881836,6.6878156661987305
2004-02-25,16.450000762939453,6.871614456176758
2004-02-26,16.3799991607666,6.842373847961426
2004-02-27,16.700000762939453,6.976046085357666
2004-03-01,17.3700008392334,7.255922317504883
2004-03-02,17.350000381469727,7.247568130493164
2004-03-03,17.270000457763672,7.2141499519348145
2004-03-04,17.0,7.1013641357421875
2004-03-05,17.190000534057617,7.180731773376465
2004-03-08,17.200000762939453,7.184909820556641
2004-03-09,17.0,7.1013641357421875
2004-03-10,16.1299991607666,6.737940311431885
2004-03-11,15.59000015258789,6.512369155883789
2004-03-12,16.190000534057617,6.763004302978516
2004-03-15,15.779999732971191,6.591737270355225
2004-03-16,16.0,6.683635711669922
2004-03-17,16.25,6.7880706787109375
2004-03-18,16.610000610351562,6.938450813293457
2004-03-19,16.450000762939453,6.871614456176758
2004-03-22,15.9399995803833,6.658573150634766
2004-03-23,15.949999809265137,6.66274881362915
2004-03-24,15.600000381469727,6.516545295715332
2004-03-25,15.670000076293945,6.5457868576049805
2004-03-26,15.760000228881836,6.5833821296691895
2004-03-29,16.149999618530273,6.746294975280762
2004-03-30,16.540000915527344,6.909211158752441
2004-03-31,16.799999237060547,7.017818927764893
2004-04-01,16.989999771118164,7.097187519073486
2004-04-02,17.25,7.2057976722717285
2004-04-05,17.329999923706055,7.239212989807129
2004-04-06,17.34000015258789,7.243391513824463
2004-04-07,16.940000534057617,7.076301097869873
2004-04-08,16.979999542236328,7.093008041381836
2004-04-12,17.100000381469727,7.1431355476379395
2004-04-13,16.860000610351562,7.042883396148682
2004-04-14,16.6299991607666,6.946805000305176
2004-04-15,16.1299991607666,6.737940311431885
2004-04-16,16.209999084472656,6.771357536315918
2004-04-19,16.06999969482422,6.712876796722412
2004-04-20,15.569999694824219,6.50401496887207
2004-04-21,15.079999923706055,6.299327373504639
2004-04-22,15.470000267028809,6.462240695953369
2004-04-23,15.869999885559082,6.629332065582275
2004-04-26,15.5600004196167,6.4998369216918945
2004-04-27,15.5600004196167,6.4998369216918945
2004-04-28,14.989999771118164,6.2617292404174805
2004-04-29,14.449999809265137,6.036158084869385
2004-04-30,14.300000190734863,5.973500728607178
2004-05-03,14.210000038146973,5.935904502868652
2004-05-04,14.470000267028809,6.04451322555542
2004-05-05,14.6899995803833,6.136414527893066
2004-05-06,13.979999542236328,5.839827060699463
2004-05-07,13.390000343322754,5.593369960784912
2004-05-10,12.489999771118164,5.217413902282715
2004-05-11,13.430000305175781,5.61007833480835
2004-05-12,13.09000015258789,5.468050956726074
2004-05-13,13.15999984741211,5.49729061126709
2004-05-14,13.300000190734863,5.55577278137207
2004-05-17,12.699999809265137,5.3051371574401855
2004-05-18,13.140000343322754,5.488938331604004
2004-05-19,13.210000038146973,5.5181779861450195
2004-05-20,12.75,5.326023101806641
2004-05-21,12.729999542236328,5.317667007446289
2004-05-24,13.140000343322754,5.488938331604004
2004-05-25,13.489999771118164,5.635141372680664
2004-05-26,13.479999542236328,5.6309638023376465
2004-05-27,13.960000038146973,5.831474304199219
2004-05-28,14.140000343322754,5.906663417816162
2004-06-01,13.930000305175781,5.81894063949585
2004-06-02,14.010000228881836,5.852358818054199
2004-06-03,13.640000343322754,5.697800636291504
2004-06-04,13.949999809265137,5.827296257019043
2004-06-07,14.489999771118164,6.0528669357299805
2004-06-08,14.40999984741211,6.0194501876831055
2004-06-09,13.979999542236328,5.839827060699463
2004-06-10,14.0600004196167,5.8732452392578125
2004-06-14,13.520000457763672,5.647673606872559
2004-06-15,13.930000305175781,5.81894063949585
2004-06-16,14.079999923706055,5.881601333618164
2004-06-17,14.029999732971191,5.860714912414551
2004-06-18,14.039999961853027,5.8648905754089355
2004-06-21,13.899999618530273,5.806408882141113
2004-06-22,13.859999656677246,5.789700984954834
2004-06-23,14.300000190734863,5.973500728607178
2004-06-24,14.479999542236328,6.048689842224121
2004-06-25,14.489999771118164,6.0528669357299805
2004-06-28,14.109999656677246,5.894130706787109
2004-06-29,14.4399995803833,6.031980991363525
2004-06-30,14.710000038146973,6.144768714904785
2004-07-01,14.899999618530273,6.224136829376221
2004-07-02,15.130000114440918,6.320213794708252
2004-07-06,14.789999961853027,6.178187847137451
2004-07-07,14.90999984741211,6.228314399719238
2004-07-08,14.670000076293945,6.128060340881348
2004-07-09,14.819999694824219,6.190718650817871
2004-07-12,15.170000076293945,6.336923122406006
2004-07-13,15.180000305175781,6.341098785400391
2004-07-14,15.289999961853027,6.387051105499268
2004-07-15,15.65999984741211,6.541608810424805
2004-07-16,16.09000015258789,6.721234321594238
2004-07-19,15.84000015258789,6.616799354553223
2004-07-20,15.920000076293945,6.650218486785889
2004-07-21,15.5,6.4747724533081055
2004-07-22,15.199999809265137,6.349452018737793
2004-07-23,15.0600004196167,6.290975570678711
2004-07-26,14.869999885559082,6.211605072021484
2004-07-27,15.210000038146973,6.353631019592285
2004-07-28,15.600000381469727,6.516545295715332
2004-07-29,15.6899995803833,6.554141044616699
2004-07-30,15.75,6.57920503616333
2004-08-02,15.699999809265137,6.558318614959717
2004-08-03,15.729999542236328,6.57084846496582
2004-08-04,15.65999984741211,6.541608810424805
2004-08-05,15.050000190734863,6.286794185638428
2004-08-06,15.470000267028809,6.462240695953369
2004-08-09,15.34000015258789,6.407935619354248
2004-08-10,15.739999771118164,6.575026988983154
2004-08-11,15.609999656677246,6.520722389221191
2004-08-12,15.779999732971191,6.591737270355225
2004-08-13,15.649999618530273,6.537431240081787
2004-08-16,16.030000686645508,6.696170806884766
2004-08-17,16.270000457763672,6.796423435211182
2004-08-18,16.75,6.996931552886963
2004-08-19,16.8700008392334,7.047057628631592
2004-08-20,17.139999389648438,7.159844398498535
2004-08-23,16.860000610351562,7.042883396148682
2004-08-24,16.81999969482422,7.026172637939453
2004-08-25,16.969999313354492,7.088832378387451
2004-08-26,16.6200008392334,6.942627906799316
2004-08-27,16.649999618530273,6.955158233642578
2004-08-30,16.889999389648438,7.05541467666626
2004-08-31,17.020000457763672,7.109718322753906
2004-09-01,16.889999389648438,7.05541467666626
2004-09-02,17.0,7.1013641357421875
2004-09-03,16.940000534057617,7.076301097869873
2004-09-07,17.360000610351562,7.251747131347656
2004-09-08,17.200000762939453,7.184909820556641
2004-09-09,17.170000076293945,7.1723785400390625
2004-09-10,16.90999984741211,7.06376838684082
2004-09-13,16.850000381469727,7.0387043952941895
2004-09-14,17.200000762939453,7.184909820556641
2004-09-15,17.270000457763672,7.2141499519348145
2004-09-16,17.649999618530273,7.372888088226318
2004-09-17,17.899999618530273,7.477316856384277
2004-09-20,17.989999771118164,7.514914512634277
2004-09-21,18.049999237060547,7.539977073669434
2004-09-22,17.809999465942383,7.439722537994385
2004-09-23,17.81999969482422,7.443901062011719
2004-09-24,18.020000457763672,7.5274481773376465
2004-09-27,17.940000534057617,7.494027137756348
2004-09-28,18.25,7.623521327972412
2004-09-29,18.56999969482422,7.757194995880127
2004-09-30,18.540000915527344,7.744664669036865
2004-10-01,19.1200008392334,7.98694372177124
2004-10-04,19.479999542236328,8.137323379516602
2004-10-05,19.56999969482422,8.174921989440918
2004-10-06,19.420000076293945,8.112262725830078
2004-10-07,19.299999237060547,8.062137603759766
2004-10-08,19.399999618530273,8.103906631469727
2004-10-11,19.469999313354492,8.133149147033691
2004-10-12,19.219999313354492,8.028718948364258
2004-10-13,18.59000015258789,7.765549659729004
2004-10-14,18.299999237060547,7.644407749176025
2004-10-15,18.809999465942383,7.85745096206665
2004-10-18,18.8700008392334,7.882516860961914
2004-10-19,18.329999923706055,7.6569366455078125
2004-10-20,18.329999923706055,7.6569366455078125
2004-10-21,18.690000534057617,7.807321548461914
2004-10-22,18.5,7.727954864501953
2004-10-25,18.3799991607666,7.677827835083008
2004-10-26,18.6200008392334,7.778083801269531
2004-10-27,18.780000686645508,7.844918727874756
2004-10-28,18.56999969482422,7.757194995880127
2004-10-29,18.790000915527344,7.849098205566406
2004-11-01,18.93000030517578,7.907578468322754
2004-11-02,18.950000762939453,7.9159321784973145
2004-11-03,19.200000762939453,8.020366668701172
2004-11-04,19.43000030517578,8.116440773010254
2004-11-05,19.399999618530273,8.103906631469727
2004-11-08,19.079999923706055,7.9702372550964355
2004-11-09,19.209999084472656,8.024542808532715
2004-11-10,19.399999618530273,8.103906631469727
2004-11-11,19.479999542236328,8.137323379516602
2004-11-12,19.940000534057617,8.329480171203613
2004-11-15,20.0,8.354546546936035
2004-11-16,19.530000686645508,8.15821361541748
2004-11-17,20.020000457763672,8.362900733947754
2004-11-18,19.790000915527344,8.26682186126709
2004-11-19,19.649999618530273,8.208340644836426
2004-11-22,20.139999389648438,8.4130277633667
2004-11-23,19.850000381469727,8.291885375976562
2004-11-24,19.899999618530273,8.312771797180176
2004-11-26,20.56999969482422,8.592649459838867
2004-11-29,20.299999237060547,8.479865074157715
2004-11-30,20.850000381469727,8.709610939025879
2004-12-01,21.100000381469727,8.814045906066895
2004-12-02,20.8700008392334,8.717968940734863
2004-12-03,21.260000228881836,8.880880355834961
2004-12-06,21.299999237060547,8.897589683532715
2004-12-07,20.479999542236328,8.555052757263184
2004-12-08,20.639999389648438,8.621893882751465
2004-12-09,20.09000015258789,8.392143249511719
2004-12-10,20.479999542236328,8.555052757263184
2004-12-13,20.920000076293945,8.738855361938477
2004-12-14,21.100000381469727,8.814045906066895
2004-12-15,21.350000381469727,8.918479919433594
2004-12-16,21.399999618530273,8.939363479614258
2004-12-17,21.389999389648438,8.935184478759766
2004-12-20,21.700000762939453,9.064682960510254
2004-12-21,21.989999771118164,9.18582534790039
2004-12-22,21.950000762939453,9.16911506652832
2004-12-23,21.639999389648438,9.233541488647461
2004-12-27,21.719999313354492,9.267680168151855
2004-12-28,21.989999771118164,9.38288688659668
2004-12-29,22.100000381469727,9.429821014404297
2004-12-30,22.18000030517578,9.46395492553711
2004-12-31,22.239999771118164,9.489559173583984
2005-01-03,21.65999984741211,9.24207592010498
2005-01-04,20.729999542236328,8.845254898071289
2005-01-05,20.549999237060547,8.768453598022461
2005-01-06,20.3700008392334,8.69165325164795
2005-01-07,20.649999618530273,8.81112289428711
2005-01-10,20.540000915527344,8.764185905456543
2005-01-11,20.3700008392334,8.69165325164795
2005-01-12,20.600000381469727,8.789791107177734
2005-01-13,20.84000015258789,8.892193794250488
2005-01-14,21.1200008392334,9.01166820526123
2005-01-18,20.670000076293945,8.819655418395996
2005-01-19,20.43000030517578,8.717251777648926
2005-01-20,19.799999237060547,8.448433876037598
2005-01-21,20.59000015258789,8.785521507263184
2005-01-24,20.940000534057617,8.934863090515137
2005-01-25,20.93000030517578,8.930593490600586
2005-01-26,21.299999237060547,9.088467597961426
2005-01-27,20.889999389648438,8.913528442382812
2005-01-28,21.010000228881836,8.964734077453613
2005-01-31,21.540000915527344,9.190874099731445
2005-02-01,21.56999969482422,9.2036771774292
2005-02-02,21.889999389648438,9.340215682983398
2005-02-03,22.110000610351562,9.434089660644531
2005-02-04,22.5,9.600496292114258
2005-02-07,22.979999542236328,9.805303573608398
2005-02-08,23.010000228881836,9.818106651306152
2005-02-09,23.100000381469727,9.856510162353516
2005-02-10,22.969999313354492,9.80103588104248
2005-02-11,23.260000228881836,9.92478084564209
2005-02-14,23.559999465942383,10.052786827087402
2005-02-15,23.579999923706055,10.06131649017334
2005-02-16,23.59000015258789,10.065587043762207
2005-02-17,23.989999771118164,10.236261367797852
2005-02-18,23.8799991607666,10.189324378967285
2005-02-22,23.850000381469727,10.176525115966797
2005-02-23,24.40999984741211,10.415472030639648
2005-02-24,25.200000762939453,10.752555847167969
2005-02-25,25.3799991607666,10.829358100891113
2005-02-28,25.059999465942383,10.692818641662598
2005-03-01,24.399999618530273,10.41120433807373
2005-03-02,24.739999771118164,10.556278228759766
2005-03-03,24.8799991607666,10.616015434265137
2005-03-04,25.540000915527344,10.897629737854004
2005-03-07,25.459999084472656,10.86349105834961
2005-03-08,25.06999969482422,10.6970853805542
2005-03-09,24.389999389648438,10.406941413879395
2005-03-10,24.030000686645508,10.253334045410156
2005-03-11,23.850000381469727,10.176525115966797
2005-03-14,23.31999969482422,9.9503812789917
2005-03-15,22.84000015258789,9.745572090148926
2005-03-16,23.100000381469727,9.856510162353516
2005-03-17,23.780000686645508,10.146658897399902
2005-03-18,23.450000762939453,10.005849838256836
2005-03-21,23.1200008392334,9.865044593811035
2005-03-22,22.450000762939453,9.579161643981934
2005-03-23,21.8799991607666,9.33594799041748
2005-03-24,22.3799991607666,9.549293518066406
2005-03-28,22.079999923706055,9.421285629272461
2005-03-29,21.799999237060547,9.301815032958984
2005-03-30,22.540000915527344,9.617566108703613
2005-03-31,22.780000686645508,9.719968795776367
2005-04-01,23.200000762939453,9.899181365966797
2005-04-04,22.84000015258789,9.745572090148926
2005-04-05,22.610000610351562,9.647430419921875
2005-04-06,22.729999542236328,9.69863510131836
2005-04-07,23.1200008392334,9.865044593811035
2005-04-08,22.90999984741211,9.775436401367188
2005-04-11,23.020000457763672,9.822375297546387
2005-04-12,23.200000762939453,9.899181365966797
2005-04-13,22.969999313354492,9.80103588104248
2005-04-14,21.799999237060547,9.301815032958984
2005-04-15,21.170000076293945,9.032999038696289
2005-04-18,21.56999969482422,9.2036771774292
2005-04-19,22.329999923706055,9.527960777282715
2005-04-20,21.950000762939453,9.365818977355957
2005-04-21,22.450000762939453,9.579161643981934
2005-04-22,22.139999389648438,9.446887969970703
2005-04-25,22.719999313354492,9.694366455078125
2005-04-26,22.610000610351562,9.647430419921875
2005-04-27,22.579999923706055,9.634632110595703
2005-04-28,21.600000381469727,9.216473579406738
2005-04-29,21.850000381469727,9.32314682006836
2005-05-02,22.1200008392334,9.438355445861816
2005-05-03,22.25,9.493823051452637
2005-05-04,23.1200008392334,9.865044593811035
2005-05-05,23.100000381469727,9.856510162353516
2005-05-06,23.3799991607666,9.975982666015625
2005-05-09,23.579999923706055,10.06131649017334
2005-05-10,22.799999237060547,9.728504180908203
2005-05-11,22.850000381469727,9.749837875366211
2005-05-12,22.100000381469727,9.429821014404297
2005-05-13,21.700000762939453,9.259145736694336
2005-05-16,22.15999984741211,9.455424308776855
2005-05-17,22.270000457763672,9.502360343933105
2005-05-18,22.979999542236328,9.805303573608398
2005-05-19,23.1200008392334,9.865044593811035
2005-05-20,22.850000381469727,9.749837875366211
2005-05-23,22.799999237060547,9.728504180908203
2005-05-24,23.139999389648438,9.873575210571289
2005-05-25,23.100000381469727,9.856510162353516
2005-05-26,23.40999984741211,9.988784790039062
2005-05-27,23.8799991607666,10.189324378967285
2005-05-31,23.790000915527344,10.150923728942871
2005-06-01,24.020000457763672,10.249062538146973
2005-06-02,24.649999618530273,10.517876625061035
2005-06-03,24.600000381469727,10.49654483795166
2005-06-06,23.850000381469727,10.176525115966797
2005-06-07,23.299999237060547,9.941849708557129
2005-06-08,23.18000030517578,9.890645980834961
2005-06-09,22.81999969482422,9.73703670501709
2005-06-10,23.299999237060547,9.941849708557129
2005-06-13,23.440000534057617,10.001583099365234
2005-06-14,24.209999084472656,10.330135345458984
2005-06-15,24.010000228881836,10.244797706604004
2005-06-16,24.65999984741211,10.522143363952637
2005-06-17,25.020000457763672,10.675753593444824
2005-06-20,24.899999618530273,10.624544143676758
2005-06-21,24.799999237060547,10.581879615783691
2005-06-22,24.649999618530273,10.517876625061035
2005-06-23,24.010000228881836,10.244797706604004
2005-06-24,23.940000534057617,10.21492862701416
2005-06-27,24.540000915527344,10.470940589904785
2005-06-28,24.670000076293945,10.526409149169922
2005-06-29,24.790000915527344,10.577614784240723
2005-06-30,24.81999969482422,10.590414047241211
2005-07-01,24.899999618530273,10.624544143676758
2005-07-05,24.399999618530273,10.41120433807373
2005-07-06,24.219999313354492,10.33440113067627
2005-07-07,24.3799991607666,10.402673721313477
2005-07-08,24.549999237060547,10.475208282470703
2005-07-11,25.049999237060547,10.688551902770996
2005-07-12,25.389999389648438,10.833627700805664
2005-07-13,25.510000228881836,10.884832382202148
2005-07-14,25.510000228881836,10.884832382202148
2005-07-15,25.06999969482422,10.6970853805542
2005-07-18,25.110000610351562,10.714151382446289
2005-07-19,25.15999984741211,10.735487937927246
2005-07-20,25.5,10.880565643310547
2005-07-21,25.600000381469727,10.923230171203613
2005-07-22,25.059999465942383,10.692818641662598
2005-07-25,23.649999618530273,10.0911865234375
2005-07-26,24.209999084472656,10.330135345458984
2005-07-27,24.729999542236328,10.55201244354248
2005-07-28,25.3799991607666,10.829358100891113
2005-07-29,25.3700008392334,10.825094223022461
2005-08-01,25.93000030517578,11.06403923034668
2005-08-02,26.719999313354492,11.401123046875
2005-08-03,26.989999771118164,11.516327857971191
2005-08-04,26.75,11.413920402526855
2005-08-05,26.709999084472656,11.396857261657715
2005-08-08,26.899999618530273,11.477927207946777
2005-08-09,27.81999969482422,11.870476722717285
2005-08-10,28.049999237060547,11.968618392944336
2005-08-11,27.06999969482422,11.55046272277832
2005-08-12,27.020000457763672,11.529128074645996
2005-08-15,27.719999313354492,11.827814102172852
2005-08-16,27.149999618530273,11.584598541259766
2005-08-17,27.350000381469727,11.669940948486328
2005-08-18,26.579999923706055,11.341384887695312
2005-08-19,25.84000015258789,11.025635719299316
2005-08-22,27.020000457763672,11.529128074645996
2005-08-23,26.440000534057617,11.28165054321289
2005-08-24,26.110000610351562,11.140844345092773
2005-08-25,27.040000915527344,11.537667274475098
2005-08-26,26.670000076293945,11.379788398742676
2005-08-29,27.110000610351562,11.56753158569336
2005-08-30,27.31999969482422,11.657136917114258
2005-08-31,28.09000015258789,11.985686302185059
2005-09-01,28.200000762939453,12.032621383666992
2005-09-02,28.75,12.267298698425293
2005-09-06,29.399999618530273,12.544649124145508
2005-09-07,29.31999969482422,12.510514259338379
2005-09-08,29.43000030517578,12.557450294494629
2005-09-09,30.06999969482422,12.830531120300293
2005-09-12,29.93000030517578,12.770796775817871
2005-09-13,29.3799991607666,12.536113739013672
2005-09-14,29.65999984741211,12.655588150024414
2005-09-15,30.299999237060547,12.928669929504395
2005-09-16,30.850000381469727,13.163347244262695
2005-09-19,31.06999969482422,13.257220268249512
2005-09-20,31.020000457763672,13.235886573791504
2005-09-21,32.349998474121094,13.80338191986084
2005-09-22,32.13999938964844,13.713776588439941
2005-09-23,32.599998474121094,13.910053253173828
2005-09-26,32.79999923706055,13.995388984680176
2005-09-27,32.400001525878906,13.82471752166748
2005-09-28,33.2599983215332,14.191665649414062
2005-09-29,33.45000076293945,14.272736549377441
2005-09-30,33.31999969482422,14.217270851135254
2005-10-03,33.720001220703125,14.387944221496582
2005-10-04,32.599998474121094,13.910053253173828
2005-10-05,31.209999084472656,13.3169527053833
2005-10-06,29.649999618530273,12.651318550109863
2005-10-07,31.0,13.227352142333984
2005-10-10,31.25,13.33402156829834
2005-10-11,31.639999389648438,13.500435829162598
2005-10-12,30.520000457763672,13.022540092468262
2005-10-13,30.549999237060547,13.03533935546875
2005-10-14,30.56999969482422,13.043872833251953
2005-10-17,31.1200008392334,13.278554916381836
2005-10-18,30.229999542236328,12.898798942565918
2005-10-19,30.649999618530273,13.07801342010498
2005-10-20,29.020000457763672,12.382501602172852
2005-10-21,29.84000015258789,12.732392311096191
2005-10-24,30.799999237060547,13.142009735107422
2005-10-25,30.5,13.01400375366211
2005-10-26,30.600000381469727,13.056676864624023
2005-10-27,29.719999313354492,12.681191444396973
2005-10-28,30.479999542236328,13.005472183227539
2005-10-31,31.579999923706055,13.474831581115723
2005-11-01,32.31999969482422,13.790579795837402
2005-11-02,32.540000915527344,13.884452819824219
2005-11-03,32.79999923706055,13.995388984680176
2005-11-04,32.47999954223633,13.858848571777344
2005-11-07,32.68000030517578,13.944189071655273
2005-11-08,33.06999969482422,14.110600471496582
2005-11-09,32.900001525878906,14.038060188293457
2005-11-10,32.75,13.974058151245117
2005-11-11,32.77000045776367,13.982593536376953
2005-11-14,32.06999969482422,13.683902740478516
2005-11-15,31.969999313354492,13.641244888305664
2005-11-16,32.619998931884766,13.918584823608398
2005-11-17,33.380001068115234,14.242868423461914
2005-11-18,32.880001068115234,14.029525756835938
2005-11-21,33.09000015258789,14.119129180908203
2005-11-22,33.29999923706055,14.208735466003418
2005-11-23,33.77000045776367,14.409278869628906
2005-11-25,34.04999923706055,14.528748512268066
2005-11-28,33.65999984741211,14.362337112426758
2005-11-29,34.0099983215332,14.51168155670166
2005-11-30,33.79999923706055,14.422080039978027
2005-12-01,34.900001525878906,14.891436576843262
2005-12-02,35.349998474121094,15.083444595336914
2005-12-05,35.400001525878906,15.10478687286377
2005-12-06,36.02000045776367,15.369327545166016
2005-12-07,34.83000183105469,14.861573219299316
2005-12-08,34.27000045776367,14.6226224899292
2005-12-09,34.400001525878906,14.678092002868652
2005-12-12,34.31999969482422,14.64395523071289
2005-12-13,34.720001220703125,14.8146333694458
2005-12-14,34.540000915527344,14.737829208374023
2005-12-15,33.959999084472656,14.490345001220703
2005-12-16,33.529998779296875,14.30687427520752
2005-12-19,32.59000015258789,13.905782699584961
2005-12-20,33.16999816894531,14.153264045715332
2005-12-21,34.20000076293945,14.592752456665039
2005-12-22,33.86000061035156,14.44768238067627
2005-12-23,33.52000045776367,14.553180694580078
2005-12-27,32.95000076293945,14.305709838867188
2005-12-28,33.0,14.327414512634277
2005-12-29,33.47999954223633,14.53581428527832
2005-12-30,33.369998931884766,14.488056182861328
2006-01-03,34.83000183105469,15.121943473815918
2006-01-04,35.75,15.521368026733398
2006-01-05,35.900001525878906,15.586493492126465
2006-01-06,36.75,15.955533027648926
2006-01-09,37.400001525878906,16.237741470336914
2006-01-10,36.939998626708984,16.03802490234375
2006-01-11,37.380001068115234,16.229053497314453
2006-01-12,37.540000915527344,16.298521041870117
2006-01-13,37.70000076293945,16.367990493774414
2006-01-17,37.08000183105469,16.09880828857422
2006-01-18,36.54999923706055,15.86870002746582
2006-01-19,38.31999969482422,16.637168884277344
2006-01-20,37.540000915527344,16.298521041870117
2006-01-23,38.5099983215332,16.71965980529785
2006-01-24,39.599998474121094,17.192893981933594
2006-01-25,39.25,17.040937423706055
2006-01-26,40.70000076293945,17.670482635498047
2006-01-27,40.31999969482422,17.505496978759766
2006-01-30,40.88999938964844,17.75296974182129
2006-01-31,41.34000015258789,17.948347091674805
2006-02-01,40.86000061035156,17.739948272705078
2006-02-02,39.849998474121094,17.301435470581055
2006-02-03,39.619998931884766,17.201583862304688
2006-02-06,40.709999084472656,17.674819946289062
2006-02-07,39.040000915527344,16.94976806640625
2006-02-08,39.5,17.149484634399414
2006-02-09,39.56999969482422,17.17987632751465
2006-02-10,39.5,17.149484634399414
2006-02-13,38.779998779296875,16.836881637573242
2006-02-14,39.65999984741211,17.218952178955078
2006-02-15,40.29999923706055,17.496816635131836
2006-02-16,42.20000076293945,18.321727752685547
2006-02-17,42.099998474121094,18.27831268310547
2006-02-21,41.209999084472656,17.89190101623535
2006-02-22,41.70000076293945,18.104639053344727
2006-02-23,41.91999816894531,18.200162887573242
2006-02-24,42.20000076293945,18.321727752685547
2006-02-27,41.83000183105469,18.161090850830078
2006-02-28,41.209999084472656,17.89190101623535
2006-03-01,42.900001525878906,18.625646591186523
2006-03-02,43.13999938964844,18.72984504699707
2006-03-03,42.959999084472656,18.651691436767578
2006-03-06,41.29999923706055,17.93097686767578
2006-03-07,40.029998779296875,17.379587173461914
2006-03-08,39.45000076293945,17.12777328491211
2006-03-09,38.439998626708984,16.689271926879883
2006-03-10,39.5,17.149484634399414
2006-03-13,39.54999923706055,17.171194076538086
2006-03-14,40.79999923706055,17.713895797729492
2006-03-15,41.790000915527344,18.14372444152832
2006-03-16,41.75,18.126354217529297
2006-03-17,41.380001068115234,17.965717315673828
2006-03-20,41.150001525878906,17.865854263305664
2006-03-21,39.709999084472656,17.24065589904785
2006-03-22,40.439998626708984,17.557594299316406
2006-03-23,39.939998626708984,17.34051513671875
2006-03-24,40.31999969482422,17.505496978759766
2006-03-27,39.70000076293945,17.23631477355957
2006-03-28,37.849998474121094,16.433107376098633
2006-03-29,39.25,17.040937423706055
2006-03-30,39.84000015258789,17.297100067138672
2006-03-31,39.95000076293945,17.3448543548584
2006-04-03,41.5099983215332,18.02215576171875
2006-04-04,41.540000915527344,18.03517723083496
2006-04-05,41.95000076293945,18.213180541992188
2006-04-06,42.400001525878906,18.4085636138916
2006-04-07,41.470001220703125,18.004779815673828
2006-04-10,40.97999954223633,17.79204559326172
2006-04-11,40.709999084472656,17.674819946289062
2006-04-12,40.79999923706055,17.713895797729492
2006-04-13,40.650001525878906,17.648771286010742
2006-04-17,41.29999923706055,17.93097686767578
2006-04-18,43.0,18.669057846069336
2006-04-19,43.75,18.99468421936035
2006-04-20,43.41999816894531,18.851402282714844
2006-04-21,44.349998474121094,19.255172729492188
2006-04-24,43.529998779296875,18.899160385131836
2006-04-25,43.15999984741211,18.738529205322266
2006-04-26,43.91999816894531,19.0684871673584
2006-04-27,43.25,18.77759552001953
2006-04-28,44.25,19.211753845214844
2006-05-01,44.75,19.428844451904297
2006-05-02,45.400001525878906,19.7110538482666
2006-05-03,45.33000183105469,19.680662155151367
2006-05-04,45.43000030517578,19.724082946777344
2006-05-05,46.45000076293945,20.166927337646484
2006-05-08,46.470001220703125,20.175609588623047
2006-05-09,46.97999954223633,20.39702796936035
2006-05-10,46.599998474121094,20.232053756713867
2006-05-11,44.84000015258789,19.467920303344727
2006-05-12,43.400001525878906,18.842731475830078
2006-05-15,41.54999923706055,18.039518356323242
2006-05-16,42.20000076293945,18.321727752685547
2006-05-17,39.959999084472656,17.349197387695312
2006-05-18,39.150001525878906,16.99752426147461
2006-05-19,39.45000076293945,17.12777328491211
2006-05-22,37.0,16.064071655273438
2006-05-23,36.33000183105469,15.773185729980469
2006-05-24,35.349998474121094,15.347702980041504
2006-05-25,37.70000076293945,16.367990493774414
2006-05-26,39.15999984741211,17.00187873840332
2006-05-30,36.599998474121094,15.89040470123291
2006-05-31,36.95000076293945,16.042360305786133
2006-06-01,38.5,16.71531867980957
2006-06-02,38.40999984741211,16.67624282836914
2006-06-05,37.34000015258789,16.21168327331543
2006-06-06,37.150001525878906,16.12919807434082
2006-06-07,35.61000061035156,15.460582733154297
2006-06-08,35.619998931884766,15.464925765991211
2006-06-09,35.150001525878906,15.26086711883545
2006-06-12,33.150001525878906,14.39254093170166
2006-06-13,31.920000076293945,13.85851764678955
2006-06-14,32.650001525878906,14.175466537475586
2006-06-15,35.349998474121094,15.347702980041504
2006-06-16,35.150001525878906,15.26086711883545
2006-06-19,33.93000030517578,14.73119068145752
2006-06-20,34.25,14.8701171875
2006-06-21,35.689998626708984,15.495314598083496
2006-06-22,35.61000061035156,15.460582733154297
2006-06-23,35.630001068115234,15.469265937805176
2006-06-26,35.75,15.521368026733398
2006-06-27,35.18000030517578,15.273895263671875
2006-06-28,36.04999923706055,15.651622772216797
2006-06-29,38.599998474121094,16.75873565673828
2006-06-30,39.119998931884766,16.9845027923584
2006-07-03,39.849998474121094,17.301435470581055
2006-07-05,38.470001220703125,16.70229148864746
2006-07-06,39.18000030517578,17.01055145263672
2006-07-07,38.59000015258789,16.7543888092041
2006-07-10,38.63999938964844,16.776100158691406
2006-07-11,39.04999923706055,16.95410919189453
2006-07-12,38.18000030517578,16.576385498046875
2006-07-13,36.7599983215332,15.959875106811523
2006-07-14,37.150001525878906,16.12919807434082
2006-07-17,36.2599983215332,15.742790222167969
2006-07-18,36.79999923706055,15.977239608764648
2006-07-19,38.459999084472656,16.697954177856445
2006-07-20,37.5,16.281158447265625
2006-07-21,37.119998931884766,16.11617088317871
2006-07-24,38.33000183105469,16.641517639160156
2006-07-25,38.709999084472656,16.806489944458008
2006-07-26,38.68000030517578,16.79346466064453
2006-07-27,39.15999984741211,17.00187873840332
2006-07-28,39.68000030517578,17.227632522583008
2006-07-31,39.470001220703125,17.136457443237305
2006-08-01,38.939998626708984,16.906347274780273
2006-08-02,39.5,17.149484634399414
2006-08-03,39.709999084472656,17.24065589904785
2006-08-04,40.349998474121094,17.51852035522461
2006-08-07,40.099998474121094,17.409982681274414
2006-08-08,40.0,17.36656379699707
2006-08-09,39.650001525878906,17.214616775512695
2006-08-10,40.02000045776367,17.375247955322266
2006-08-11,39.5,17.149484634399414
2006-08-14,38.97999954223633,16.9237117767334
2006-08-15,39.900001525878906,17.32315444946289
2006-08-16,40.880001068115234,17.748628616333008
2006-08-17,40.310001373291016,17.501157760620117
2006-08-18,40.5,17.583646774291992
2006-08-21,40.189998626708984,17.44906234741211
2006-08-22,39.81999969482422,17.288410186767578
2006-08-23,38.36000061035156,16.654537200927734
2006-08-24,38.369998931884766,16.65887451171875
2006-08-25,38.5,16.71531867980957
2006-08-28,39.209999084472656,17.023574829101562
2006-08-29,39.290000915527344,17.058307647705078
2006-08-30,39.220001220703125,17.027925491333008
2006-08-31,39.16999816894531,17.006208419799805
2006-09-01,40.099998474121094,17.409982681274414
2006-09-05,40.5,17.583646774291992
2006-09-06,39.15999984741211,17.00187873840332
2006-09-07,38.79999923706055,16.845565795898438
2006-09-08,38.79999923706055,16.845565795898438
2006-09-11,37.439998626708984,16.25510025024414
2006-09-12,38.09000015258789,16.537311553955078
2006-09-13,38.709999084472656,16.806489944458008
2006-09-14,38.38999938964844,16.667560577392578
2006-09-15,38.25,16.606779098510742
2006-09-18,38.869998931884766,16.87595558166504
2006-09-19,38.11000061035156,16.54599380493164
2006-09-20,37.209999084472656,16.155244827270508
2006-09-21,36.290000915527344,15.755815505981445
2006-09-22,36.15999984741211,15.699378967285156
2006-09-25,36.11000061035156,15.677666664123535
2006-09-26,37.41999816894531,16.24641990661621
2006-09-27,37.880001068115234,16.446136474609375
2006-09-28,38.619998931884766,16.767419815063477
2006-09-29,38.470001220703125,16.70229148864746
2006-10-02,39.16999816894531,17.006208419799805
2006-10-03,38.09000015258789,16.537311553955078
2006-10-04,39.45000076293945,17.12777328491211
2006-10-05,39.79999923706055,17.279735565185547
2006-10-06,39.77000045776367,17.266704559326172
2006-10-09,40.25,17.475101470947266
2006-10-10,40.83000183105469,17.726919174194336
2006-10-11,40.4900016784668,17.579307556152344
2006-10-12,41.34000015258789,17.948347091674805
2006-10-13,41.560001373291016,18.043867111206055
2006-10-16,41.95000076293945,18.213180541992188
2006-10-17,41.439998626708984,17.991758346557617
2006-10-18,41.38999938964844,17.970054626464844
2006-10-19,41.40999984741211,17.978736877441406
2006-10-20,41.22999954223633,17.900588989257812
2006-10-23,41.61000061035156,18.06556510925293
2006-10-24,41.79999923706055,18.148056030273438
2006-10-25,42.41999816894531,18.41724967956543
2006-10-26,42.31999969482422,18.373828887939453
2006-10-27,41.849998474121094,18.169776916503906
2006-10-30,41.13999938964844,17.861507415771484
2006-10-31,41.97999954223633,18.226213455200195
2006-11-01,42.20000076293945,18.321727752685547
2006-11-02,42.20000076293945,18.321727752685547
2006-11-03,42.900001525878906,18.625646591186523
2006-11-06,43.880001068115234,19.051116943359375
2006-11-07,43.33000183105469,18.812334060668945
2006-11-08,43.95000076293945,19.081514358520508
2006-11-09,43.5,18.886133193969727
2006-11-10,43.16999816894531,18.74287223815918
2006-11-13,42.849998474121094,18.60392951965332
2006-11-14,43.72999954223633,18.985998153686523
2006-11-15,44.27000045776367,19.220443725585938
2006-11-16,43.27000045776367,18.786277770996094
2006-11-17,43.18000030517578,18.747207641601562
2006-11-20,43.22999954223633,18.7689151763916
2006-11-21,44.150001525878906,19.168346405029297
2006-11-22,44.18000030517578,19.181377410888672
2006-11-24,44.20000076293945,19.190053939819336
2006-11-27,42.45000076293945,18.430261611938477
2006-11-28,43.290000915527344,18.79496192932129
2006-11-29,44.599998474121094,19.363719940185547
2006-11-30,44.36000061035156,19.259521484375
2006-12-01,43.91999816894531,19.0684871673584
2006-12-04,45.16999816894531,19.611190795898438
2006-12-05,46.060001373291016,19.997594833374023
2006-12-06,45.81999969482422,19.893394470214844
2006-12-07,45.65999984741211,19.823942184448242
2006-12-08,46.099998474121094,20.01496124267578
2006-12-11,46.189998626708984,20.054039001464844
2006-12-12,45.63999938964844,19.815250396728516
2006-12-13,45.9900016784668,19.96721076965332
2006-12-14,46.310001373291016,20.106142044067383
2006-12-15,46.59000015258789,20.227710723876953
2006-12-18,46.09000015258789,20.010623931884766
2006-12-19,46.20000076293945,20.058387756347656
2006-12-20,45.33000183105469,20.05793571472168
2006-12-21,45.34000015258789,20.06236457824707
2006-12-22,45.439998626708984,20.10661506652832
2006-12-26,45.77000045776367,20.252628326416016
2006-12-27,46.650001525878906,20.674091339111328
2006-12-28,46.7599983215332,20.722835540771484
2006-12-29,46.849998474121094,20.76272964477539
2007-01-03,46.70000076293945,20.69625473022461
2007-01-04,46.099998474121094,20.430343627929688
2007-01-05,44.470001220703125,19.70797348022461
2007-01-08,45.099998474121094,19.987171173095703
2007-01-09,43.95000076293945,19.477523803710938
2007-01-10,44.27000045776367,19.61933708190918
2007-01-11,44.66999816894531,19.796602249145508
2007-01-12,45.5,20.164440155029297
2007-01-16,44.95000076293945,19.920690536499023
2007-01-17,44.97999954223633,19.93400001525879
2007-01-18,44.689998626708984,19.805465698242188
2007-01-19,45.77000045776367,20.284101486206055
2007-01-22,45.93000030517578,20.355010986328125
2007-01-23,47.150001525878906,20.895681381225586
2007-01-24,47.52000045776367,21.05965232849121
2007-01-25,46.59000015258789,20.64750099182129
2007-01-26,47.0,20.82919692993164
2007-01-29,45.95000076293945,20.363876342773438
2007-01-30,46.52000045776367,20.616479873657227
2007-01-31,47.25,20.93999481201172
2007-02-01,47.9900016784668,21.2679443359375
2007-02-02,48.040000915527344,21.290102005004883
2007-02-05,48.54999923706055,21.51612663269043
2007-02-06,48.66999816894531,21.569307327270508
2007-02-07,47.880001068115234,21.219194412231445
2007-02-08,48.06999969482422,21.303394317626953
2007-02-09,47.34000015258789,20.97988510131836
2007-02-12,46.709999084472656,20.70068359375
2007-02-13,48.18000030517578,21.352153778076172
2007-02-14,48.56999969482422,21.524986267089844
2007-02-15,48.93000030517578,21.68453025817871
2007-02-16,49.0099983215332,21.719982147216797
2007-02-20,49.02000045776367,21.724416732788086
2007-02-21,49.11000061035156,21.764305114746094
2007-02-22,49.310001373291016,21.852935791015625
2007-02-23,49.02000045776367,21.724416732788086
2007-02-26,49.2400016784668,21.821914672851562
2007-02-27,45.0099983215332,19.94727897644043
2007-02-28,45.81999969482422,20.306251525878906
2007-03-01,45.43000030517578,20.133420944213867
2007-03-02,43.84000015258789,19.428770065307617
2007-03-05,42.70000076293945,18.923553466796875
2007-03-06,45.43000030517578,20.133420944213867
2007-03-07,44.959999084472656,19.925127029418945
2007-03-08,45.849998474121094,20.319549560546875
2007-03-09,46.63999938964844,20.669662475585938
2007-03-12,46.81999969482422,20.749425888061523
2007-03-13,45.0099983215332,19.94727897644043
2007-03-14,45.83000183105469,20.31068992614746
2007-03-15,45.88999938964844,20.337276458740234
2007-03-16,45.36000061035156,20.10239601135254
2007-03-19,46.33000183105469,20.53227996826172
2007-03-20,47.2400016784668,20.935565948486328
2007-03-21,49.02000045776367,21.724416732788086
2007-03-22,48.709999084472656,21.587032318115234
2007-03-23,48.95000076293945,21.693397521972656
2007-03-26,49.22999954223633,21.81748390197754
2007-03-27,48.5099983215332,21.498390197753906
2007-03-28,47.720001220703125,21.148286819458008
2007-03-29,49.31999969482422,21.857370376586914
2007-03-30,49.220001220703125,21.813051223754883
2007-04-02,49.58000183105469,21.97259521484375
2007-04-03,50.65999984741211,22.45122528076172
2007-04-04,50.90999984741211,22.56201171875
2007-04-05,51.25,22.712696075439453
2007-04-09,51.5,22.823488235473633
2007-04-10,51.7400016784668,22.929851531982422
2007-04-11,51.130001068115234,22.659517288208008
2007-04-12,51.61000061035156,22.872234344482422
2007-04-13,52.79999923706055,23.399616241455078
2007-04-16,53.52000045776367,23.718706130981445
2007-04-17,53.25,23.599044799804688
2007-04-18,53.08000183105469,23.52370262145996
2007-04-19,53.02000045776367,23.497114181518555
2007-04-20,54.029998779296875,23.944721221923828
2007-04-23,53.349998474121094,23.643369674682617
2007-04-24,53.27000045776367,23.607906341552734
2007-04-25,54.20000076293945,24.02005958557129
2007-04-26,53.56999969482422,23.740859985351562
2007-04-27,53.4900016784668,23.705408096313477
2007-04-30,52.560001373291016,23.29325294494629
2007-05-01,52.5,23.266664505004883
2007-05-02,53.59000015258789,23.749723434448242
2007-05-03,54.5,24.153013229370117
2007-05-04,54.880001068115234,24.32141876220703
2007-05-07,54.70000076293945,24.241649627685547
2007-05-08,54.83000183105469,24.299264907836914
2007-05-09,56.08000183105469,24.853229522705078
2007-05-10,54.5099983215332,24.157440185546875
2007-05-11,55.68000030517578,24.675954818725586
2007-05-14,55.209999084472656,24.467668533325195
2007-05-15,56.02000045776367,24.82663345336914
2007-05-16,57.79999923706055,25.615493774414062
2007-05-17,57.75,25.59332847595215
2007-05-18,58.41999816894531,25.890254974365234
2007-05-21,59.0,26.147294998168945
2007-05-22,58.4900016784668,25.921279907226562
2007-05-23,58.220001220703125,25.801626205444336
2007-05-24,56.150001525878906,24.884252548217773
2007-05-25,57.849998474121094,25.637657165527344
2007-05-29,58.13999938964844,25.76616859436035
2007-05-30,59.189998626708984,26.231508255004883
2007-05-31,59.290000915527344,26.275814056396484
2007-06-01,61.20000076293945,27.122282028198242
2007-06-04,60.650001525878906,26.878541946411133
2007-06-05,60.150001525878906,26.65695571899414
2007-06-06,58.529998779296875,25.939002990722656
2007-06-07,56.209999084472656,24.91084098815918
2007-06-08,58.2400016784668,25.81048583984375
2007-06-11,59.220001220703125,26.24479103088379
2007-06-12,58.31999969482422,25.845943450927734
2007-06-13,59.40999984741211,26.32900047302246
2007-06-14,61.04999923706055,27.055805206298828
2007-06-15,62.65999984741211,27.769311904907227
2007-06-18,62.91999816894531,27.884544372558594
2007-06-19,62.68000030517578,27.77817726135254
2007-06-20,61.27000045776367,27.153301239013672
2007-06-21,62.34000015258789,27.62750244140625
2007-06-22,61.209999084472656,27.126712799072266
2007-06-25,60.5,26.812057495117188
2007-06-26,59.779998779296875,26.49297332763672
2007-06-27,60.84000015258789,26.962736129760742
2007-06-28,60.959999084472656,27.015920639038086
2007-06-29,61.41999816894531,27.219776153564453
2007-07-02,62.880001068115234,27.8668155670166
2007-07-03,63.41999816894531,28.106130599975586
2007-07-05,63.880001068115234,28.30999183654785
2007-07-06,64.91000366210938,28.76645851135254
2007-07-09,65.37999725341797,28.97475242614746
2007-07-10,64.43000030517578,28.553741455078125
2007-07-11,65.55999755859375,29.054527282714844
2007-07-12,67.83999633789062,30.064956665039062
2007-07-13,68.20999908447266,30.22893714904785
2007-07-16,67.5999984741211,29.958602905273438
2007-07-17,68.22000122070312,30.233367919921875
2007-07-18,68.18000030517578,30.21564292907715
2007-07-19,69.0,30.579050064086914
2007-07-20,68.23999786376953,30.242237091064453
2007-07-23,69.79000091552734,30.92915916442871
2007-07-24,66.08999633789062,29.289413452148438
2007-07-25,66.44000244140625,29.444515228271484
2007-07-26,62.25,27.58761215209961
2007-07-27,61.869998931884766,27.419208526611328
2007-07-30,64.0,28.36316680908203
2007-07-31,63.599998474121094,28.18589973449707
2007-08-01,62.97999954223633,27.911130905151367
2007-08-02,64.19000244140625,28.447378158569336
2007-08-03,60.900001525878906,26.98932647705078
2007-08-06,61.099998474121094,27.07796287536621
2007-08-07,62.18000030517578,27.556594848632812
2007-08-08,64.27999877929688,28.487260818481445
2007-08-09,60.900001525878906,26.98932647705078
2007-08-10,59.5,26.36888313293457
2007-08-13,59.099998474121094,26.19161605834961
2007-08-14,56.619998931884766,25.092546463012695
2007-08-15,52.959999084472656,23.47052764892578
2007-08-16,51.279998779296875,22.725994110107422
2007-08-17,53.08000183105469,23.52370262145996
2007-08-20,53.79999923706055,23.842790603637695
2007-08-21,53.91999816894531,23.895967483520508
2007-08-22,57.5,25.48253631591797
2007-08-23,57.79999923706055,25.615493774414062
2007-08-24,60.0,26.5904598236084
2007-08-27,59.91999816894531,26.555021286010742
2007-08-28,56.849998474121094,25.194467544555664
2007-08-29,59.34000015258789,26.2979793548584
2007-08-30,59.209999084472656,26.240365982055664
2007-08-31,61.54999923706055,27.27739143371582
2007-09-04,62.7400016784668,27.804763793945312
2007-09-05,61.779998779296875,27.379329681396484
2007-09-06,62.599998474121094,27.74271583557129
2007-09-07,61.20000076293945,27.122282028198242
2007-09-10,60.540000915527344,26.829784393310547
2007-09-11,62.4900016784668,27.693971633911133
2007-09-12,63.099998474121094,27.96431541442871
2007-09-13,64.18000030517578,28.442934036254883
2007-09-14,64.0999984741211,28.407480239868164
2007-09-17,62.91999816894531,27.884544372558594
2007-09-18,67.62999725341797,29.971891403198242
2007-09-19,68.31999969482422,30.27768325805664
2007-09-20,67.77999877929688,30.038373947143555
2007-09-21,69.31999969482422,30.720861434936523
2007-09-24,70.83000183105469,31.390052795410156
2007-09-25,71.25,31.57617950439453
2007-09-26,72.69999694824219,32.218788146972656
2007-09-27,74.58000183105469,33.051963806152344
2007-09-28,73.55000305175781,32.59549331665039
2007-10-01,77.3499984741211,34.27954864501953
2007-10-02,76.68000030517578,33.98263168334961
2007-10-03,73.36000061035156,32.51127624511719
2007-10-04,74.1500015258789,32.86139678955078
2007-10-05,77.68000030517578,34.42580032348633
2007-10-08,77.41999816894531,34.31058120727539
2007-10-09,79.27999877929688,35.1348762512207
2007-10-10,79.18000030517578,35.0905647277832
2007-10-11,77.66999816894531,34.421363830566406
2007-10-12,79.73999786376953,35.3387336730957
2007-10-15,78.80000305175781,34.92215347290039
2007-10-16,76.75,34.013641357421875
2007-10-17,78.80000305175781,34.92215347290039
2007-10-18,79.87999725341797,35.400787353515625
2007-10-19,75.66999816894531,33.5350227355957
2007-10-22,75.5999984741211,33.50400161743164
2007-10-23,78.63999938964844,34.85124969482422
2007-10-24,78.5,34.7891960144043
2007-10-25,79.73999786376953,35.3387336730957
2007-10-26,82.56999969482422,36.59292984008789
2007-10-29,84.44000244140625,37.421669006347656
2007-10-30,83.1500015258789,36.8499641418457
2007-10-31,85.5999984741211,37.93573760986328
2007-11-01,83.18000030517578,36.86326599121094
2007-11-02,83.19999694824219,36.872127532958984
2007-11-05,81.44999694824219,36.0965690612793
2007-11-06,85.0,37.66984176635742
2007-11-07,81.87000274658203,36.28269958496094
2007-11-08,86.1500015258789,38.17948913574219
2007-11-09,83.26000213623047,36.89872741699219
2007-11-12,76.05000305175781,33.703433990478516
2007-11-13,82.56999969482422,36.59292984008789
2007-11-14,83.8499984741211,37.16019058227539
2007-11-15,81.3499984741211,36.05225372314453
2007-11-16,84.1500015258789,37.29313278198242
2007-11-19,80.19999694824219,35.542598724365234
2007-11-20,81.37999725341797,36.06554412841797
2007-11-21,76.6500015258789,33.96931838989258
2007-11-23,77.44000244140625,34.31943893432617
2007-11-26,72.5,32.13014602661133
2007-11-27,74.30000305175781,32.92787170410156
2007-11-28,79.69999694824219,35.32101058959961
2007-11-29,79.6500015258789,35.298858642578125
2007-11-30,80.94999694824219,35.874977111816406
2007-12-03,80.9000015258789,35.85281753540039
2007-12-04,79.87999725341797,35.400787353515625
2007-12-05,83.4000015258789,36.96076202392578
2007-12-06,85.5,37.89142990112305
2007-12-07,85.66999816894531,37.966758728027344
2007-12-10,85.30000305175781,37.802791595458984
2007-12-11,82.08000183105469,36.375770568847656
2007-12-12,85.08000183105469,37.705291748046875
2007-12-13,82.4000015258789,36.51758575439453
2007-12-14,80.0,35.45396041870117
2007-12-17,75.55999755859375,33.48626708984375
2007-12-18,78.13999938964844,34.629661560058594
2007-12-19,78.4000015258789,34.744895935058594
2007-12-20,79.22000122070312,35.10828399658203
2007-12-21,81.75,36.22951126098633
2007-12-24,82.41999816894531,37.07152557373047
2007-12-26,82.72000122070312,37.20646667480469
2007-12-27,82.11000061035156,36.93207550048828
2007-12-28,81.7699966430664,36.77915573120117
2007-12-31,80.69999694824219,36.29788589477539
2008-01-02,80.94999694824219,36.41033172607422
2008-01-03,80.61000061035156,36.25740432739258
2008-01-04,78.0,35.08346176147461
2008-01-07,77.26000213623047,34.75061798095703
2008-01-08,77.25,34.74612808227539
2008-01-09,80.47000122070312,36.19443130493164
2008-01-10,81.5199966430664,36.66671371459961
2008-01-11,79.12999725341797,35.59172058105469
2008-01-14,79.8499984741211,35.91557312011719
2008-01-15,76.18000030517578,34.26484298706055
2008-01-16,72.77999877929688,32.735565185546875
2008-01-17,69.75,31.372709274291992
2008-01-18,70.83999633789062,31.862974166870117
2008-01-22,69.58999633789062,31.300743103027344
2008-01-23,69.26000213623047,31.152318954467773
2008-01-24,71.8499984741211,32.317264556884766
2008-01-25,73.69999694824219,33.14936447143555
2008-01-28,73.87999725341797,33.2303352355957
2008-01-29,74.9000015258789,33.689109802246094
2008-01-30,74.5999984741211,33.55418014526367
2008-01-31,76.48999786376953,34.40428161621094
2008-02-01,77.94999694824219,35.060977935791016
2008-02-04,78.29000091552734,35.213897705078125
2008-02-05,73.87000274658203,33.22583770751953
2008-02-06,73.79000091552734,33.189857482910156
2008-02-07,75.38999938964844,33.90951156616211
2008-02-08,75.11000061035156,33.783573150634766
2008-02-11,77.76000213623047,34.97550582885742
2008-02-12,78.69999694824219,35.39830017089844
2008-02-13,80.36000061035156,36.14494705200195
2008-02-14,78.6500015258789,35.37582778930664
2008-02-15,78.69999694824219,35.39830017089844
2008-02-19,80.62999725341797,36.26640701293945
2008-02-20,83.26000213623047,37.44935989379883
2008-02-21,83.19999694824219,37.422359466552734
2008-02-22,84.38999938964844,37.95761489868164
2008-02-25,85.0,38.23197937011719
2008-02-26,86.5199966430664,38.915653228759766
2008-02-27,88.2300033569336,39.68479537963867
2008-02-28,88.16999816894531,39.65779495239258
2008-02-29,83.52999877929688,37.57078552246094
2008-03-03,85.76000213623047,38.573822021484375
2008-03-04,83.81999969482422,37.70123291015625
2008-03-05,86.19999694824219,38.771728515625
2008-03-06,82.33999633789062,37.03553771972656
2008-03-07,80.80999755859375,36.34736633300781
2008-03-10,78.0999984741211,35.12844467163086
2008-03-11,82.25,36.99506759643555
2008-03-12,82.41999816894531,37.07152557373047
2008-03-13,81.55000305175781,36.680206298828125
2008-03-14,80.13999938964844,36.04600143432617
2008-03-17,77.0,34.633670806884766
2008-03-18,80.86000061035156,36.36986541748047
2008-03-19,74.81999969482422,33.653133392333984
2008-03-20,74.77999877929688,33.6351432800293
2008-03-24,75.58999633789062,33.99946212768555
2008-03-25,78.33000183105469,35.23188018798828
2008-03-26,79.2300033569336,35.6367073059082
2008-03-27,77.7300033569336,34.962013244628906
2008-03-28,76.87000274658203,34.575199127197266
2008-03-31,77.02999877929688,34.647159576416016
2008-04-01,79.87999725341797,35.92906188964844
2008-04-02,81.4000015258789,36.612754821777344
2008-04-03,82.72000122070312,37.20646667480469
2008-04-04,83.69999694824219,37.647247314453125
2008-04-07,83.69000244140625,37.64275360107422
2008-04-08,84.5999984741211,38.052059173583984
2008-04-09,83.94999694824219,37.759700775146484
2008-04-10,84.08000183105469,37.81818389892578
2008-04-11,82.66000366210938,37.179466247558594
2008-04-14,83.13999938964844,37.39537811279297
2008-04-15,84.1500015258789,37.849647521972656
2008-04-16,86.93000030517578,39.100074768066406
2008-04-17,87.79000091552734,39.48689651489258
2008-04-18,87.7699966430664,39.47789001464844
2008-04-21,89.41999816894531,40.22003173828125
2008-04-22,89.20999908447266,40.12559127807617
2008-04-23,88.6500015258789,39.87369918823242
2008-04-24,86.38999938964844,38.85717010498047
2008-04-25,87.5999984741211,39.40143585205078
2008-04-28,87.12999725341797,39.19002151489258
2008-04-29,83.93000030517578,37.75071334838867
2008-04-30,90.31999969482422,40.62485122680664
2008-05-01,91.81999969482422,41.299530029296875
2008-05-02,93.4000015258789,42.01020431518555
2008-05-05,93.8499984741211,42.21260070800781
2008-05-06,94.4000015258789,42.45998001098633
2008-05-07,91.41999816894531,41.11962127685547
2008-05-08,92.4000015258789,41.56040573120117
2008-05-09,92.87999725341797,41.77629852294922
2008-05-12,94.70999908447266,42.599422454833984
2008-05-13,95.0199966430664,42.73884963989258
2008-05-14,94.25,42.39251708984375
2008-05-15,96.83000183105469,43.55297088623047
2008-05-16,99.54000091552734,44.77190399169922
2008-05-19,100.02999877929688,44.9922981262207
2008-05-20,100.47000122070312,45.19020462036133
2008-05-21,98.75,44.41656494140625
2008-05-22,97.4800033569336,43.8453369140625
2008-05-23,97.44999694824219,43.83184051513672
2008-05-27,95.76000213623047,43.07168960571289
2008-05-28,99.20999908447266,44.62345886230469
2008-05-29,97.58000183105469,43.89031219482422
2008-05-30,99.23999786376953,44.636959075927734
2008-06-02,98.43000030517578,44.27262878417969
2008-06-03,95.5999984741211,42.99974060058594
2008-06-04,93.0999984741211,41.87525177001953
2008-06-05,97.31999969482422,43.773372650146484
2008-06-06,94.80000305175781,42.63990783691406
2008-06-09,94.68000030517578,42.58592224121094
2008-06-10,91.44999694824219,41.13310623168945
2008-06-11,90.01000213623047,40.485416412353516
2008-06-12,90.83000183105469,40.85423278808594
2008-06-13,90.81999969482422,40.84974670410156
2008-06-16,91.76000213623047,41.272552490234375
2008-06-17,94.0,42.280059814453125
2008-06-18,92.88999938964844,41.780799865722656
2008-06-19,92.0,41.38048553466797
2008-06-20,89.0999984741211,40.07610321044922
2008-06-23,89.1500015258789,40.09859085083008
2008-06-24,88.91999816894531,39.99514389038086
2008-06-25,91.45999908447266,41.43255615234375
2008-06-26,88.44000244140625,40.064453125
2008-06-27,88.62000274658203,40.1460075378418
2008-06-30,89.29000091552734,40.44951629638672
2008-07-01,87.77999877929688,39.765472412109375
2008-07-02,83.95999908447266,38.03495407104492
2008-07-03,83.05999755859375,37.627254486083984
2008-07-07,81.8499984741211,37.079097747802734
2008-07-08,81.76000213623047,37.038330078125
2008-07-09,79.30999755859375,35.92845153808594
2008-07-10,82.1500015258789,37.21501541137695
2008-07-11,81.63999938964844,36.983970642089844
2008-07-14,82.58000183105469,37.409793853759766
2008-07-15,82.45999908447266,37.355430603027344
2008-07-16,83.3499984741211,37.758609771728516
2008-07-17,80.80000305175781,36.60344314575195
2008-07-18,80.91999816894531,36.65778732299805
2008-07-21,82.58999633789062,37.41433334350586
2008-07-22,81.43000030517578,36.88883972167969
2008-07-23,80.19999694824219,36.331626892089844
2008-07-24,77.5,35.10849380493164
2008-07-25,77.4000015258789,35.063201904296875
2008-07-28,77.13999938964844,34.94540786743164
2008-07-29,78.55000305175781,35.584171295166016
2008-07-30,82.43000030517578,37.341854095458984
2008-07-31,81.23999786376953,36.80276870727539
2008-08-01,79.08000183105469,35.824256896972656
2008-08-04,75.6500015258789,34.27042770385742
2008-08-05,75.87000274658203,34.37008285522461
2008-08-06,77.5,35.10849380493164
2008-08-07,75.91000366210938,34.388214111328125
2008-08-08,74.61000061035156,33.79928970336914
2008-08-11,72.05000305175781,32.63956832885742
2008-08-12,70.88999938964844,32.11408233642578
2008-08-13,72.44999694824219,32.82077407836914
2008-08-14,72.22000122070312,32.716583251953125
2008-08-15,70.30000305175781,31.846797943115234
2008-08-18,69.22000122070312,31.35755157470703
2008-08-19,70.52999877929688,31.95099449157715
2008-08-20,73.33999633789062,33.22397232055664
2008-08-21,74.7300033569336,33.8536491394043
2008-08-22,73.66000366210938,33.368919372558594
2008-08-25,71.73999786376953,32.4991455078125
2008-08-26,71.4800033569336,32.3813591003418
2008-08-27,73.58999633789062,33.33721160888672
2008-08-28,74.30999755859375,33.66338348388672
2008-08-29,73.37999725341797,33.24208068847656
2008-09-02,70.0999984741211,31.756206512451172
2008-09-03,68.73999786376953,31.14010238647461
2008-09-04,64.88999938964844,29.39600372314453
2008-09-05,64.43000030517578,29.1876163482666
2008-09-08,63.04999923706055,28.562463760375977
2008-09-09,58.38999938964844,26.451417922973633
2008-09-10,59.95000076293945,27.158119201660156
2008-09-11,60.650001525878906,27.475229263305664
2008-09-12,63.77000045776367,28.888633728027344
2008-09-15,57.79999923706055,26.18414306640625
2008-09-16,58.599998474121094,26.546550750732422
2008-09-17,53.2400016784668,24.118404388427734
2008-09-18,55.0,24.915706634521484
2008-09-19,63.29999923706055,28.67571449279785
2008-09-22,62.95000076293945,28.517169952392578
2008-09-23,58.93000030517578,26.6960391998291
2008-09-24,58.779998779296875,26.628082275390625
2008-09-25,61.939998626708984,28.059608459472656
2008-09-26,60.279998779296875,27.3076171875
2008-09-29,50.9900016784668,23.09912872314453
2008-09-30,56.310001373291016,25.5091552734375
2008-10-01,56.25,25.48197364807129
2008-10-02,49.459999084472656,22.406015396118164
2008-10-03,47.400001525878906,21.472808837890625
2008-10-06,42.7599983215332,19.370826721191406
2008-10-07,38.25,17.327743530273438
2008-10-08,37.0,16.761478424072266
2008-10-09,35.709999084472656,16.177087783813477
2008-10-10,34.439998626708984,15.601765632629395
2008-10-13,43.25,19.592803955078125
2008-10-14,43.5099983215332,19.710590362548828
2008-10-15,34.970001220703125,15.841856956481934
2008-10-16,36.900001525878906,16.71617889404297
2008-10-17,37.52000045776367,16.997041702270508
2008-10-20,40.75,18.46027183532715
2008-10-21,37.84000015258789,17.142004013061523
2008-10-22,32.84000015258789,14.87694263458252
2008-10-23,32.88999938964844,14.899589538574219
2008-10-24,29.940000534057617,13.563203811645508
2008-10-27,28.989999771118164,13.132841110229492
2008-10-28,33.58000183105469,15.212173461914062
2008-10-29,35.56999969482422,16.113664627075195
2008-10-30,39.09000015258789,17.708271026611328
2008-10-31,37.65999984741211,17.060470581054688
2008-11-03,38.790000915527344,17.57236671447754
2008-11-04,42.599998474121094,19.298343658447266
2008-11-05,38.0,17.214487075805664
2008-11-06,35.959999084472656,16.29034423828125
2008-11-07,38.02000045776367,17.22355079650879
2008-11-10,38.18000030517578,17.2960262298584
2008-11-11,36.869998931884766,16.702585220336914
2008-11-12,33.150001525878906,15.017372131347656
2008-11-13,37.2400016784668,16.87019920349121
2008-11-14,34.54999923706055,15.651595115661621
2008-11-17,33.79999923706055,15.311834335327148
2008-11-18,33.209999084472656,15.044554710388184
2008-11-19,30.200000762939453,13.680983543395996
2008-11-20,26.889999389648438,12.181513786315918
2008-11-21,29.360000610351562,13.300457000732422
2008-11-24,31.68000030517578,14.351448059082031
2008-11-25,33.0099983215332,14.95395278930664
2008-11-26,36.290000915527344,16.439836502075195
2008-11-28,35.15999984741211,15.927932739257812
2008-12-01,31.059999465942383,14.070576667785645
2008-12-02,32.36000061035156,14.659496307373047
2008-12-03,31.489999771118164,14.265375137329102
2008-12-04,30.25,13.70363712310791
2008-12-05,31.719999313354492,14.369568824768066
2008-12-08,33.150001525878906,15.017372131347656
2008-12-09,33.31999969482422,15.09438705444336
2008-12-10,35.15999984741211,15.927932739257812
2008-12-11,35.31999969482422,16.00041389465332
2008-12-12,36.08000183105469,16.34470558166504
2008-12-15,35.720001220703125,16.181615829467773
2008-12-16,39.18000030517578,17.74904441833496
2008-12-17,37.29999923706055,16.897380828857422
2008-12-18,35.95000076293945,16.28581428527832
2008-12-19,36.38999938964844,16.48514175415039
2008-12-22,34.790000915527344,15.7603178024292
2008-12-23,32.790000915527344,15.440574645996094
2008-12-24,32.79999923706055,15.445290565490723
2008-12-26,33.060001373291016,15.567721366882324
2008-12-29,32.70000076293945,15.495222091674805
2008-12-30,34.15999984741211,16.187053680419922
2008-12-31,34.9900016784668,16.580360412597656
2009-01-02,36.70000076293945,17.39065933227539
2009-01-05,38.08000183105469,18.044586181640625
2009-01-06,40.25,19.072860717773438
2009-01-07,37.86000061035156,17.940336227416992
2009-01-08,38.16999816894531,18.08723258972168
2009-01-09,37.90999984741211,17.964031219482422
2009-01-12,35.83000183105469,16.978404998779297
2009-01-13,36.04999923706055,17.082651138305664
2009-01-14,33.689998626708984,15.964340209960938
2009-01-15,34.869998931884766,16.523496627807617
2009-01-16,35.380001068115234,16.765165328979492
2009-01-20,32.7599983215332,15.523655891418457
2009-01-21,35.13999938964844,16.651439666748047
2009-01-22,34.13999938964844,16.17757797241211
2009-01-23,34.619998931884766,16.405027389526367
2009-01-26,34.400001525878906,16.300783157348633
2009-01-27,34.939998626708984,16.556665420532227
2009-01-28,36.849998474121094,17.461732864379883
2009-01-29,35.93000030517578,17.02579116821289
2009-01-30,35.5,16.82202911376953
2009-02-02,35.13999938964844,16.651439666748047
2009-02-03,36.25,17.177417755126953
2009-02-04,36.619998931884766,17.352750778198242
2009-02-05,38.040000915527344,18.025630950927734
2009-02-06,40.25,19.072860717773438
2009-02-09,39.79999923706055,18.85962677001953
2009-02-10,37.84000015258789,17.93086051940918
2009-02-11,38.22999954223633,18.115663528442383
2009-02-12,38.5099983215332,18.24834442138672
2009-02-13,38.9900016784668,18.475799560546875
2009-02-17,36.400001525878906,17.24850082397461
2009-02-18,35.79999923706055,16.964183807373047
2009-02-19,35.849998474121094,16.987878799438477
2009-02-20,34.45000076293945,16.324480056762695
2009-02-23,31.950000762939453,15.139826774597168
2009-02-24,33.97999954223633,16.101762771606445
2009-02-25,34.290000915527344,16.248659133911133
2009-02-26,34.70000076293945,16.44293785095215
2009-02-27,34.20000076293945,16.206012725830078
2009-03-02,31.75,15.045055389404297
2009-03-03,32.18000030517578,15.248811721801758
2009-03-04,34.45000076293945,16.324480056762695
2009-03-05,33.540000915527344,15.893264770507812
2009-03-06,33.470001220703125,15.860095024108887
2009-03-09,33.02000045776367,15.646862983703613
2009-03-10,35.599998474121094,16.86941909790039
2009-03-11,35.52000045776367,16.83150863647461
2009-03-12,36.65999984741211,17.3717041015625
2009-03-13,36.43000030517578,17.262718200683594
2009-03-16,36.13999938964844,17.125301361083984
2009-03-17,37.290000915527344,17.670242309570312
2009-03-18,38.220001220703125,18.11092758178711
2009-03-19,38.61000061035156,18.295732498168945
2009-03-20,38.04999923706055,18.03036880493164
2009-03-23,40.88999938964844,19.37613868713379
2009-03-24,39.470001220703125,18.703248977661133
2009-03-25,39.90999984741211,18.911754608154297
2009-03-26,40.849998474121094,19.357181549072266
2009-03-27,39.20000076293945,18.575315475463867
2009-03-30,37.220001220703125,17.637065887451172
2009-03-31,37.70000076293945,17.864521026611328
2009-04-01,39.2400016784668,18.594266891479492
2009-04-02,41.83000183105469,19.82156753540039
2009-04-03,42.95000076293945,20.35228157043457
2009-04-06,42.22999954223633,20.011106491088867
2009-04-07,41.959999084472656,19.883161544799805
2009-04-08,42.4900016784668,20.134313583374023
2009-04-09,44.70000076293945,21.18154525756836
2009-04-13,44.86000061035156,21.257362365722656
2009-04-14,43.41999816894531,20.575002670288086
2009-04-15,43.599998474121094,20.66029167175293
2009-04-16,44.560001373291016,21.115198135375977
2009-04-17,43.849998474121094,20.778762817382812
2009-04-20,41.38999938964844,19.61305809020996
2009-04-21,42.540000915527344,20.158002853393555
2009-04-22,42.38999938964844,20.086929321289062
2009-04-23,43.310001373291016,20.52287483215332
2009-04-24,44.470001220703125,21.072559356689453
2009-04-27,42.95000076293945,20.35228157043457
2009-04-28,43.439998626708984,20.584476470947266
2009-04-29,45.220001220703125,21.42794418334961
2009-04-30,45.099998474121094,21.371082305908203
2009-05-01,46.779998779296875,22.167163848876953
2009-05-04,49.56999969482422,23.48923683166504
2009-05-05,49.2400016784668,23.332868576049805
2009-05-06,50.560001373291016,23.958358764648438
2009-05-07,49.349998474121094,23.384984970092773
2009-05-08,51.099998474121094,24.214242935180664
2009-05-11,50.91999816894531,24.128948211669922
2009-05-12,50.290000915527344,23.83041763305664
2009-05-13,47.689998626708984,22.5983829498291
2009-05-14,48.810001373291016,23.129104614257812
2009-05-15,47.86000061035156,22.678936004638672
2009-05-18,50.970001220703125,24.152639389038086
2009-05-19,51.58000183105469,24.441699981689453
2009-05-20,51.97999954223633,24.631237030029297
2009-05-21,51.119998931884766,24.223726272583008
2009-05-22,51.65999984741211,24.47960662841797
2009-05-26,53.130001068115234,25.176183700561523
2009-05-27,52.72999954223633,24.98664093017578
2009-05-28,54.56999969482422,25.858537673950195
2009-05-29,55.20000076293945,26.157072067260742
2009-06-01,57.40999984741211,27.204296112060547
2009-06-02,57.29999923706055,27.15218162536621
2009-06-03,54.22999954223633,25.697425842285156
2009-06-04,56.06999969482422,26.56932830810547
2009-06-05,55.880001068115234,26.47930145263672
2009-06-08,55.630001068115234,26.360830307006836
2009-06-09,55.97999954223633,26.52667808532715
2009-06-10,55.91999816894531,26.498252868652344
2009-06-11,57.95000076293945,27.460186004638672
2009-06-12,56.880001068115234,26.953161239624023
2009-06-15,54.61000061035156,25.87749481201172
2009-06-16,53.22999954223633,25.22356414794922
2009-06-17,53.0,25.11458396911621
2009-06-18,52.650001525878906,24.948728561401367
2009-06-19,53.16999816894531,25.195138931274414
2009-06-22,49.93000030517578,23.659822463989258
2009-06-23,50.70000076293945,24.226064682006836
2009-06-24,51.16999816894531,24.45063591003418
2009-06-25,53.220001220703125,25.430191040039062
2009-06-26,53.61000061035156,25.616548538208008
2009-06-29,53.439998626708984,25.53531265258789
2009-06-30,52.970001220703125,25.310733795166016
2009-07-01,53.619998931884766,25.62132453918457
2009-07-02,52.20000076293945,24.94280433654785
2009-07-06,52.02000045776367,24.856794357299805
2009-07-07,49.779998779296875,23.786447525024414
2009-07-08,49.16999816894531,23.494976043701172
2009-07-09,49.619998931884766,23.710004806518555
2009-07-10,49.369998931884766,23.59054183959961
2009-07-13,50.279998779296875,24.025371551513672
2009-07-14,50.04999923706055,23.91547203063965
2009-07-15,53.029998779296875,25.33940315246582
2009-07-16,53.709999084472656,25.664339065551758
2009-07-17,54.060001373291016,25.831571578979492
2009-07-20,55.720001220703125,26.624771118164062
2009-07-21,55.81999969482422,26.672561645507812
2009-07-22,55.40999984741211,26.476648330688477
2009-07-23,56.91999816894531,27.198165893554688
2009-07-24,57.08000183105469,27.274621963500977
2009-07-27,57.529998779296875,27.489648818969727
2009-07-28,57.25,27.355850219726562
2009-07-29,55.91999816894531,26.7203369140625
2009-07-30,57.5,27.475311279296875
2009-07-31,57.599998474121094,27.52309799194336
2009-08-03,60.38999938964844,28.856239318847656
2009-08-04,60.83000183105469,29.066492080688477
2009-08-05,61.189998626708984,29.23850440979004
2009-08-06,60.13999938964844,28.736783981323242
2009-08-07,61.029998779296875,29.16205596923828
2009-08-10,60.810001373291016,29.056941986083984
2009-08-11,59.5099983215332,28.435745239257812
2009-08-12,60.209999084472656,28.770238876342773
2009-08-13,60.869998931884766,29.085601806640625
2009-08-14,59.79999923706055,28.574325561523438
2009-08-17,57.65999984741211,27.55177116394043
2009-08-18,58.959999084472656,28.172943115234375
2009-08-19,59.369998931884766,28.368852615356445
2009-08-20,60.150001525878906,28.741575241088867
2009-08-21,61.400001525878906,29.3388671875
2009-08-24,61.2400016784668,29.26240348815918
2009-08-25,60.25,28.78934669494629
2009-08-26,60.220001220703125,28.7750244140625
2009-08-27,60.2599983215332,28.79412269592285
2009-08-28,59.540000915527344,28.45009422302246
2009-08-31,58.209999084472656,27.8145751953125
2009-09-01,56.86000061035156,27.16950225830078
2009-09-02,57.290000915527344,27.374975204467773
2009-09-03,58.209999084472656,27.8145751953125
2009-09-04,59.84000015258789,28.593442916870117
2009-09-08,61.56999969482422,29.420089721679688
2009-09-09,61.630001068115234,29.448753356933594
2009-09-10,62.90999984741211,30.06037712097168
2009-09-11,62.5,29.86446762084961
2009-09-14,63.25,30.222843170166016
2009-09-15,63.95000076293945,30.557321548461914
2009-09-16,65.54000091552734,31.317081451416016
2009-09-17,64.9000015258789,31.011266708374023
2009-09-18,65.18000030517578,31.145057678222656
2009-09-21,65.4000015258789,31.250179290771484
2009-09-22,66.73999786376953,31.890480041503906
2009-09-23,65.69000244140625,31.388755798339844
2009-09-24,64.66999816894531,30.901357650756836
2009-09-25,65.30999755859375,31.207178115844727
2009-09-28,66.45999908447266,31.756677627563477
2009-09-29,66.58000183105469,31.814027786254883
2009-09-30,67.63999938964844,32.320526123046875
2009-10-01,66.02999877929688,31.55121612548828
2009-10-02,67.30000305175781,32.1580696105957
2009-10-05,69.29000091552734,33.10894012451172
2009-10-06,69.76000213623047,33.33352279663086
2009-10-07,69.97000122070312,33.43387222290039
2009-10-08,71.69000244140625,34.2557487487793
2009-10-09,72.12000274658203,34.46120834350586
2009-10-12,72.94000244140625,34.8530387878418
2009-10-13,72.80000305175781,34.7861328125
2009-10-14,75.75,36.195735931396484
2009-10-15,76.04000091552734,36.33430862426758
2009-10-16,75.48999786376953,36.07150650024414
2009-10-19,76.25,36.43465805053711
2009-10-20,73.33999633789062,35.044166564941406
2009-10-21,74.51000213623047,35.60322952270508
2009-10-22,75.1500015258789,35.90903091430664
2009-10-23,74.33999633789062,35.52199935913086
2009-10-26,73.66000366210938,35.19707107543945
2009-10-27,71.4800033569336,34.155391693115234
2009-10-28,66.91000366210938,31.97170639038086
2009-10-29,72.05999755859375,34.43254089355469
2009-10-30,68.83000183105469,32.88914489746094
2009-11-02,69.58999633789062,33.252288818359375
2009-11-03,71.01000213623047,33.93081283569336
2009-11-04,72.56999969482422,34.676239013671875
2009-11-05,74.68000030517578,35.684444427490234
2009-11-06,74.38999938964844,35.5458869934082
2009-11-09,77.04000091552734,36.812137603759766
2009-11-10,76.69000244140625,36.64490509033203
2009-11-11,76.04000091552734,36.33430862426758
2009-11-12,73.54000091552734,35.13972473144531
2009-11-13,74.95999908447266,35.818233489990234
2009-11-16,76.7699966430664,36.68312072753906
2009-11-17,77.76000213623047,37.15617370605469
2009-11-18,76.5,36.554115295410156
2009-11-19,75.8499984741211,36.24352264404297
2009-11-20,75.08999633789062,35.88036346435547
2009-11-23,76.19999694824219,36.4107551574707
2009-11-24,76.73999786376953,36.668800354003906
2009-11-25,77.86000061035156,37.203956604003906
2009-11-27,75.58000183105469,36.114501953125
2009-11-30,76.47000122070312,36.5397834777832
2009-12-01,78.91999816894531,37.71046447753906
2009-12-02,79.79000091552734,38.12617874145508
2009-12-03,78.87999725341797,37.691349029541016
2009-12-04,77.9000015258789,37.223087310791016
2009-12-07,77.7699966430664,37.160945892333984
2009-12-08,76.01000213623047,36.319976806640625
2009-12-09,76.48999786376953,36.549339294433594
2009-12-10,77.0199966430664,36.802581787109375
2009-12-11,77.44000244140625,37.003273010253906
2009-12-14,78.13999938964844,37.3377571105957
2009-12-15,77.44000244140625,37.003273010253906
2009-12-16,77.12000274658203,36.85036849975586
2009-12-17,73.55000305175781,35.1445198059082
2009-12-18,73.80000305175781,35.263980865478516
2009-12-21,73.37000274658203,35.058502197265625
2009-12-22,72.05999755859375,35.49542236328125
2009-12-23,72.7300033569336,35.82545471191406
2009-12-24,73.79000091552734,36.34758758544922
2009-12-28,74.12999725341797,36.515052795410156
2009-12-29,74.25,36.629024505615234
2009-12-30,74.52999877929688,36.767154693603516
2009-12-31,74.61000061035156,36.806617736816406
2010-01-04,77.19000244140625,38.079376220703125
2010-01-05,77.27999877929688,38.12377166748047
2010-01-06,77.79000091552734,38.375389099121094
2010-01-07,76.93000030517578,37.95112228393555
2010-01-08,77.47000122070312,38.21750259399414
2010-01-11,77.27999877929688,38.12377166748047
2010-01-12,76.11000061035156,37.546592712402344
2010-01-13,75.88999938964844,37.43806457519531
2010-01-14,74.4800033569336,36.74248123168945
2010-01-15,73.54000091552734,36.27875900268555
2010-01-19,74.62000274658203,36.81154251098633
2010-01-20,72.45999908447266,35.74597930908203
2010-01-21,69.12999725341797,34.10322570800781
2010-01-22,67.97000122070312,33.53097152709961
2010-01-25,67.9000015258789,33.49643325805664
2010-01-26,66.83000183105469,32.96857833862305
2010-01-27,66.54000091552734,32.82551956176758
2010-01-28,66.36000061035156,32.736732482910156
2010-01-29,64.69000244140625,31.912879943847656
2010-02-01,67.5999984741211,33.34844207763672
2010-02-02,68.70999908447266,33.89602279663086
2010-02-03,67.76000213623047,33.427364349365234
2010-02-04,63.720001220703125,31.43436050415039
2010-02-05,63.689998626708984,31.41956329345703
2010-02-08,62.84000015258789,31.000240325927734
2010-02-09,65.37000274658203,32.24834060668945
2010-02-10,65.33000183105469,32.22860336303711
2010-02-11,66.93000030517578,33.01791763305664
2010-02-12,66.62999725341797,32.86991882324219
2010-02-16,68.33999633789062,33.7135009765625
2010-02-17,68.52999877929688,33.80723190307617
2010-02-18,69.81999969482422,34.443607330322266
2010-02-19,69.75,34.40907669067383
2010-02-22,69.16000366210938,34.11802673339844
2010-02-23,67.33000183105469,33.215248107910156
2010-02-24,67.33999633789062,33.22018051147461
2010-02-25,67.5,33.29910659790039
2010-02-26,68.37000274658203,33.72829818725586
2010-03-01,69.68000030517578,34.37454605102539
2010-03-02,70.58999633789062,34.82347106933594
2010-03-03,70.58000183105469,34.818538665771484
2010-03-04,70.55999755859375,34.80867004394531
2010-03-05,72.19999694824219,35.61771011352539
2010-03-08,71.66999816894531,35.35625457763672
2010-03-09,73.05999755859375,36.041969299316406
2010-03-10,73.6500015258789,36.333030700683594
2010-03-11,73.8499984741211,36.43169403076172
2010-03-12,73.2300033569336,36.1258544921875
2010-03-15,73.19999694824219,36.111026763916016
2010-03-16,73.97000122070312,36.49089431762695
2010-03-17,73.56999969482422,36.2935676574707
2010-03-18,72.44000244140625,35.736114501953125
2010-03-19,71.30000305175781,35.173736572265625
2010-03-22,71.73999786376953,35.390777587890625
2010-03-23,72.72000122070312,35.874244689941406
2010-03-24,71.55999755859375,35.30198669433594
2010-03-25,70.27999877929688,34.670528411865234
2010-03-26,70.44000244140625,34.74947738647461
2010-03-29,72.33999633789062,35.686771392822266
2010-03-30,72.7699966430664,35.89889907836914
2010-03-31,73.63999938964844,36.328102111816406
2010-04-01,74.94999694824219,36.9743537902832
2010-04-05,75.30000305175781,37.14701843261719
2010-04-06,75.58000183105469,37.28512954711914
2010-04-07,74.41000366210938,36.70796203613281
2010-04-08,75.30999755859375,37.15192794799805
2010-04-09,75.44999694824219,37.22099304199219
2010-04-12,74.98999786376953,36.994075775146484
2010-04-13,74.9000015258789,36.949676513671875
2010-04-14,75.7300033569336,37.359134674072266
2010-04-15,74.95999908447266,36.97927474975586
2010-04-16,73.36000061035156,36.1899528503418
2010-04-19,73.0999984741211,36.06169891357422
2010-04-20,73.69000244140625,36.35276412963867
2010-04-21,72.98999786376953,36.00743103027344
2010-04-22,73.48999786376953,36.25408935546875
2010-04-23,73.62999725341797,36.323158264160156
2010-04-26,73.5,36.259037017822266
2010-04-27,70.05000305175781,34.55707550048828
2010-04-28,71.01000213623047,35.03066635131836
2010-04-29,73.19999694824219,36.111026763916016
2010-04-30,72.26000213623047,35.64731979370117
2010-05-03,71.80000305175781,35.42039108276367
2010-05-04,67.97000122070312,33.53097152709961
2010-05-05,67.19999694824219,33.15110397338867
2010-05-06,64.33000183105469,31.73528480529785
2010-05-07,63.900001525878906,31.523155212402344
2010-05-10,69.16999816894531,34.12294387817383
2010-05-11,67.44999694824219,33.274436950683594
2010-05-12,68.22000122070312,33.654296875
2010-05-13,67.61000061035156,33.35337448120117
2010-05-14,65.77999877929688,32.45059585571289
2010-05-17,65.08999633789062,32.11020278930664
2010-05-18,63.08000183105469,31.11863136291504
2010-05-19,61.56999969482422,30.373722076416016
2010-05-20,58.61000061035156,28.913494110107422
2010-05-21,61.13999938964844,30.16159439086914
2010-05-24,60.279998779296875,29.737342834472656
2010-05-25,59.779998779296875,29.490673065185547
2010-05-26,60.099998474121094,29.648542404174805
2010-05-27,63.779998779296875,31.463966369628906
2010-05-28,63.52000045776367,31.3356876373291
2010-06-01,62.65999984741211,30.911439895629883
2010-06-02,64.7699966430664,31.95233917236328
2010-06-03,64.13999938964844,31.64155387878418
2010-06-04,61.939998626708984,30.556251525878906
2010-06-07,60.869998931884766,30.02839469909668
2010-06-08,62.400001525878906,30.783178329467773
2010-06-09,62.47999954223633,30.822647094726562
2010-06-10,65.0999984741211,32.11513137817383
2010-06-11,65.6500015258789,32.38646697998047
2010-06-14,64.97000122070312,32.05100631713867
2010-06-15,66.87999725341797,32.99325180053711
2010-06-16,67.13999938964844,33.12151336669922
2010-06-17,66.81999969482422,32.963645935058594
2010-06-18,67.19999694824219,33.15110397338867
2010-06-21,67.91999816894531,33.50630187988281
2010-06-22,66.80000305175781,32.95378875732422
2010-06-23,66.69999694824219,33.04047393798828
2010-06-24,65.54000091552734,32.46586227416992
2010-06-25,66.91000366210938,33.144500732421875
2010-06-28,66.12000274658203,32.753170013427734
2010-06-29,62.75,31.08381462097168
2010-06-30,61.83000183105469,30.628070831298828
2010-07-01,62.970001220703125,31.192781448364258
2010-07-02,63.869998931884766,31.63861083984375
2010-07-06,64.12999725341797,31.767398834228516
2010-07-07,66.0199966430664,32.703617095947266
2010-07-08,66.61000061035156,32.99589538574219
2010-07-09,67.33999633789062,33.357505798339844
2010-07-12,65.91999816894531,32.65409469604492
2010-07-13,66.93000030517578,33.154396057128906
2010-07-14,66.41999816894531,32.90176773071289
2010-07-15,66.1500015258789,32.768035888671875
2010-07-16,64.1500015258789,31.777301788330078
2010-07-19,65.06999969482422,32.233028411865234
2010-07-20,67.2300033569336,33.303016662597656
2010-07-21,66.93000030517578,33.154396057128906
2010-07-22,69.02999877929688,34.194664001464844
2010-07-23,69.47000122070312,34.41261672973633
2010-07-26,69.23999786376953,34.29868698120117
2010-07-27,69.0,34.1797981262207
2010-07-28,69.5,34.4274787902832
2010-07-29,69.83000183105469,34.59095001220703
2010-07-30,70.37999725341797,34.86339569091797
2010-08-02,72.08000183105469,35.70552062988281
2010-08-03,71.2300033569336,35.28445053100586
2010-08-04,71.66000366210938,35.497459411621094
2010-08-05,71.76000213623047,35.5469856262207
2010-08-06,71.08000183105469,35.21014404296875
2010-08-09,71.12000274658203,35.2299690246582
2010-08-10,70.5,34.92284393310547
2010-08-11,68.16000366210938,33.763702392578125
2010-08-12,68.62000274658203,33.99156951904297
2010-08-13,68.61000061035156,33.986610412597656
2010-08-16,69.95999908447266,34.655338287353516
2010-08-17,70.80000305175781,35.07145309448242
2010-08-18,70.80000305175781,35.07145309448242
2010-08-19,69.87000274658203,34.610755920410156
2010-08-20,69.4800033569336,34.41757583618164
2010-08-23,68.30000305175781,33.83305358886719
2010-08-24,67.4000015258789,33.38723373413086
2010-08-25,67.08000183105469,33.22871017456055
2010-08-26,66.11000061035156,32.748207092285156
2010-08-27,68.69000244140625,34.026248931884766
2010-08-30,66.9000015258789,33.13954162597656
2010-08-31,67.75,33.56059646606445
2010-09-01,70.55000305175781,34.947608947753906
2010-09-02,70.81999969482422,35.081356048583984
2010-09-03,70.62999725341797,34.987239837646484
2010-09-07,69.54000091552734,34.447288513183594
2010-09-08,70.48999786376953,34.91787338256836
2010-09-09,70.77999877929688,35.06153869628906
2010-09-10,70.91000366210938,35.125938415527344
2010-09-13,72.83999633789062,36.08198547363281
2010-09-14,72.6500015258789,35.98785400390625
2010-09-15,72.33000183105469,35.829341888427734
2010-09-16,72.43000030517578,35.87889099121094
2010-09-17,71.77999877929688,35.556888580322266
2010-09-20,72.45999908447266,35.893741607666016
2010-09-21,72.87999725341797,36.10178756713867
2010-09-22,73.4000015258789,36.359371185302734
2010-09-23,74.18000030517578,36.74577331542969
2010-09-24,73.9000015258789,36.6070556640625
2010-09-27,74.38999938964844,36.84978485107422
2010-09-28,75.4000015258789,37.350093841552734
2010-09-29,76.1500015258789,37.72161102294922
2010-09-30,76.94999694824219,38.11790084838867
2010-10-01,78.12000274658203,38.697471618652344
2010-10-04,78.16000366210938,38.71729278564453
2010-10-05,79.68000030517578,39.470237731933594
2010-10-06,78.63999938964844,38.955055236816406
2010-10-07,77.58000183105469,38.429988861083984
2010-10-08,79.02999877929688,39.14824676513672
2010-10-11,79.30000305175781,39.282005310058594
2010-10-12,79.0999984741211,39.18292236328125
2010-10-13,80.91999816894531,40.0844841003418
2010-10-14,80.52999877929688,39.891292572021484
2010-10-15,80.4000015258789,39.826900482177734
2010-10-18,80.06999969482422,39.66342544555664
2010-10-19,77.6500015258789,38.464656829833984
2010-10-20,78.44000244140625,38.855995178222656
2010-10-21,76.68000030517578,37.98415756225586
2010-10-22,76.0999984741211,37.69685363769531
2010-10-25,76.80000305175781,38.043609619140625
2010-10-26,77.73999786376953,38.509239196777344
2010-10-27,76.23999786376953,37.76620864868164
2010-10-28,76.66999816894531,37.97920227050781
2010-10-29,77.04000091552734,38.16249084472656
2010-11-01,78.02999877929688,38.652896881103516
2010-11-02,79.2300033569336,39.2473258972168
2010-11-03,79.37999725341797,39.32163619995117
2010-11-04,81.58000183105469,40.41142654418945
2010-11-05,81.16000366210938,40.203369140625
2010-11-08,80.81999969482422,40.03495788574219
2010-11-09,79.12999725341797,39.19778823852539
2010-11-10,78.87999725341797,39.073951721191406
2010-11-11,77.95999908447266,38.618228912353516
2010-11-12,76.75,38.01883316040039
2010-11-15,76.91000366210938,38.09809875488281
2010-11-16,74.80000305175781,37.05288314819336
2010-11-17,75.08000183105469,37.191585540771484
2010-11-18,77.19999694824219,38.24173355102539
2010-11-19,77.26000213623047,38.271488189697266
2010-11-22,76.30999755859375,37.80087661743164
2010-11-23,74.12000274658203,36.716033935546875
2010-11-24,75.94000244140625,37.61759567260742
2010-11-26,74.80999755859375,37.057838439941406
2010-11-29,75.31999969482422,37.31047821044922
2010-11-30,74.8499984741211,37.0776481628418
2010-12-01,76.55999755859375,37.924713134765625
2010-12-02,77.43000030517578,38.355674743652344
2010-12-03,78.1500015258789,38.712337493896484
2010-12-06,77.69000244140625,38.48446273803711
2010-12-07,76.9000015258789,38.09312438964844
2010-12-08,75.9000015258789,37.597782135009766
2010-12-09,74.95999908447266,37.13213348388672
2010-12-10,75.62999725341797,37.46402359008789
2010-12-13,76.83999633789062,38.063419342041016
2010-12-14,76.91000366210938,38.09809875488281
2010-12-15,75.30999755859375,37.305519104003906
2010-12-16,75.30999755859375,37.305519104003906
2010-12-17,75.69000244140625,37.49375534057617
2010-12-20,74.93000030517578,37.117279052734375
2010-12-21,73.83999633789062,37.752803802490234
2010-12-22,74.58999633789062,38.13626480102539
2010-12-23,74.5,38.09023666381836
2010-12-27,74.04000091552734,37.85505294799805
2010-12-28,74.12000274658203,37.895957946777344
2010-12-29,75.91999816894531,38.92023468017578
2010-12-30,76.9800033569336,39.463626861572266
2010-12-31,77.4000015258789,39.67894744873047
2011-01-03,78.12000274658203,40.04804992675781
2011-01-04,78.47000122070312,40.227481842041016
2011-01-05,77.55000305175781,39.75585174560547
2011-01-06,76.77999877929688,39.36111068725586
2011-01-07,76.08000183105469,39.00225067138672
2011-01-10,75.30999755859375,38.607521057128906
2011-01-11,76.93000030517578,39.43800735473633
2011-01-12,78.63999938964844,40.31462860107422
2011-01-13,77.4000015258789,39.67894744873047
2011-01-14,77.4000015258789,39.67894744873047
2011-01-18,77.83999633789062,39.90451431274414
2011-01-19,76.87999725341797,39.41238021850586
2011-01-20,75.8499984741211,38.88435363769531
2011-01-21,74.98999786376953,38.4434700012207
2011-01-24,75.98999786376953,38.956111907958984
2011-01-25,75.25,38.57674789428711
2011-01-26,75.2699966430664,38.58700942993164
2011-01-27,74.13999938964844,38.00771713256836
2011-01-28,72.55000305175781,37.192604064941406
2011-01-31,73.19999694824219,37.525821685791016
2011-02-01,74.68000030517578,38.28453826904297
2011-02-02,73.37999725341797,37.618106842041016
2011-02-03,73.30000305175781,37.577091217041016
2011-02-04,72.05000305175781,36.9362907409668
2011-02-07,71.31999969482422,36.56204605102539
2011-02-08,72.36000061035156,37.0952033996582
2011-02-09,70.37999725341797,36.080162048339844
2011-02-10,70.22000122070312,35.998130798339844
2011-02-11,71.9000015258789,36.85940170288086
2011-02-14,72.62999725341797,37.23361587524414
2011-02-15,72.72000122070312,37.279762268066406
2011-02-16,73.87000274658203,37.86930465698242
2011-02-17,74.2699966430664,38.07435989379883
2011-02-18,74.81999969482422,38.356319427490234
2011-02-22,72.55999755859375,37.19772720336914
2011-02-23,73.19999694824219,37.525821685791016
2011-02-24,73.80000305175781,37.83343505859375
2011-02-25,73.88999938964844,37.879547119140625
2011-02-28,74.2699966430664,38.07435989379883
2011-03-01,73.12999725341797,37.48994064331055
2011-03-02,74.33999633789062,38.1102409362793
2011-03-03,75.47000122070312,38.68954086303711
2011-03-04,75.70999908447266,38.81258010864258
2011-03-07,74.79000091552734,38.3409423828125
2011-03-08,74.83999633789062,38.36656951904297
2011-03-09,74.4800033569336,38.18201446533203
2011-03-10,72.54000091552734,37.187477111816406
2011-03-11,73.13999938964844,37.49506759643555
2011-03-14,73.98999786376953,37.930824279785156
2011-03-15,73.22000122070312,37.53608322143555
2011-03-16,71.7699966430664,36.7927360534668
2011-03-17,71.93000030517578,36.87476348876953
2011-03-18,73.30000305175781,37.577091217041016
2011-03-21,73.58999633789062,37.72575759887695
2011-03-22,74.70999908447266,38.29991912841797
2011-03-23,75.2300033569336,38.56651306152344
2011-03-24,75.19999694824219,38.55112075805664
2011-03-25,75.26000213623047,38.581886291503906
2011-03-28,74.44000244140625,38.1615104675293
2011-03-29,75.2300033569336,38.56651306152344
2011-03-30,76.72000122070312,39.33034896850586
2011-03-31,77.51000213623047,39.73533630371094
2011-04-01,79.22000122070312,40.61195755004883
2011-04-04,79.77999877929688,40.89904022216797
2011-04-05,79.51000213623047,40.76063919067383
2011-04-06,78.66000366210938,40.32487869262695
2011-04-07,79.37999725341797,40.693992614746094
2011-04-08,79.61000061035156,40.81190490722656
2011-04-11,78.47000122070312,40.227481842041016
2011-04-12,76.68000030517578,39.309852600097656
2011-04-13,76.2699966430664,39.09966278076172
2011-04-14,76.5,39.21757507324219
2011-04-15,77.11000061035156,39.5302734375
2011-04-18,75.62000274658203,38.76642990112305
2011-04-19,76.6500015258789,39.294464111328125
2011-04-20,78.04000091552734,40.00705337524414
2011-04-21,78.5999984741211,40.29412841796875
2011-04-25,78.16999816894531,40.07368469238281
2011-04-26,78.83000183105469,40.41202926635742
2011-04-27,77.88999938964844,39.93014907836914
2011-04-28,76.83999633789062,39.391868591308594
2011-04-29,77.72000122070312,39.84299087524414
2011-05-02,76.77999877929688,39.36111068725586
2011-05-03,75.2300033569336,38.56651306152344
2011-05-04,73.37999725341797,37.618106842041016
2011-05-05,72.8499984741211,37.346397399902344
2011-05-06,74.0199966430664,37.94620132446289
2011-05-09,74.30000305175781,38.08974075317383
2011-05-10,74.98999786376953,38.4434700012207
2011-05-11,73.05000305175781,37.44893264770508
2011-05-12,73.11000061035156,37.47969436645508
2011-05-13,71.58000183105469,36.695335388183594
2011-05-16,71.55999755859375,36.685081481933594
2011-05-17,72.73999786376953,37.29001235961914
2011-05-18,72.75,37.295135498046875
2011-05-19,71.91000366210938,36.86450958251953
2011-05-20,71.93000030517578,36.87476348876953
2011-05-23,70.94000244140625,36.367244720458984
2011-05-24,72.16999816894531,36.997802734375
2011-05-25,72.06999969482422,36.94652557373047
2011-05-26,73.41000366210938,37.633480072021484
2011-05-27,74.33999633789062,38.1102409362793
2011-05-31,75.22000122070312,38.561370849609375
2011-06-01,73.6500015258789,37.75651931762695
2011-06-02,74.6500015258789,38.269161224365234
2011-06-03,74.9000015258789,38.3973274230957
2011-06-06,73.08999633789062,37.46944046020508
2011-06-07,73.30999755859375,37.58222198486328
2011-06-08,73.01000213623047,37.42843246459961
2011-06-09,73.4000015258789,37.62835693359375
2011-06-10,72.16999816894531,36.997802734375
2011-06-13,71.91000366210938,36.86450958251953
2011-06-14,72.68000030517578,37.25925827026367
2011-06-15,71.44999694824219,36.628692626953125
2011-06-16,70.56999969482422,36.17756652832031
2011-06-17,70.88999938964844,36.34160614013672
2011-06-20,71.25,36.52615737915039
2011-06-21,71.7300033569336,36.77223587036133
2011-06-22,70.75,36.82637023925781
2011-06-23,69.81999969482422,36.34228515625
2011-06-24,69.56999969482422,36.212158203125
2011-06-27,70.43000030517578,36.65980911254883
2011-06-28,72.2699966430664,37.617549896240234
2011-06-29,72.8499984741211,37.91944885253906
2011-06-30,73.3499984741211,38.17970657348633
2011-07-01,74.16000366210938,38.6013298034668
2011-07-05,73.88999938964844,38.460777282714844
2011-07-06,73.23999786376953,38.122440338134766
2011-07-07,73.5,38.25779724121094
2011-07-08,72.1500015258789,37.555091857910156
2011-07-11,70.05000305175781,36.46201705932617
2011-07-12,69.44999694824219,36.149696350097656
2011-07-13,70.62999725341797,36.76390075683594
2011-07-14,69.54000091552734,36.196533203125
2011-07-15,69.5999984741211,36.2277717590332
2011-07-18,68.79000091552734,35.80615997314453
2011-07-19,69.56999969482422,36.212158203125
2011-07-20,69.68000030517578,36.2694091796875
2011-07-21,71.0199966430664,36.96689987182617
2011-07-22,71.33999633789062,37.13346862792969
2011-07-25,71.56999969482422,37.253196716308594
2011-07-26,71.75,37.34687423706055
2011-07-27,70.18000030517578,36.529666900634766
2011-07-28,69.73999786376953,36.3006477355957
2011-07-29,70.56999969482422,36.73268508911133
2011-08-01,70.0999984741211,36.488037109375
2011-08-02,68.12000274658203,35.45742416381836
2011-08-03,66.95999908447266,34.85362243652344
2011-08-04,62.470001220703125,32.51652145385742
2011-08-05,62.83000183105469,32.703887939453125
2011-08-08,57.0,29.669288635253906
2011-08-09,59.56999969482422,31.007022857666016
2011-08-10,57.84000015258789,30.106529235839844
2011-08-11,60.630001068115234,31.55877685546875
2011-08-12,61.349998474121094,31.93354034423828
2011-08-15,63.119998931884766,32.85485076904297
2011-08-16,62.65999984741211,32.61540985107422
2011-08-17,63.90999984741211,33.26605224609375
2011-08-18,61.20000076293945,31.855451583862305
2011-08-19,60.310001373291016,31.392192840576172
2011-08-22,60.150001525878906,31.30892562866211
2011-08-23,61.47999954223633,32.00120162963867
2011-08-24,61.209999084472656,31.86066436767578
2011-08-25,60.5099983215332,31.496309280395508
2011-08-26,61.31999969482422,31.917922973632812
2011-08-29,63.25,32.92251205444336
2011-08-30,64.13999938964844,33.385772705078125
2011-08-31,65.5,34.093666076660156
2011-09-01,65.91000366210938,34.30707550048828
2011-09-02,63.86000061035156,33.240028381347656
2011-09-06,62.93000030517578,32.75594711303711
2011-09-07,64.51000213623047,33.578369140625
2011-09-08,63.720001220703125,33.16716003417969
2011-09-09,60.970001220703125,31.735734939575195
2011-09-12,59.9900016784668,31.225635528564453
2011-09-13,59.86000061035156,31.157974243164062
2011-09-14,60.369998931884766,31.423431396484375
2011-09-15,60.91999816894531,31.709716796875
2011-09-16,60.95000076293945,31.725330352783203
2011-09-19,59.439998626708984,30.93935775756836
2011-09-20,58.77000045776367,30.590606689453125
2011-09-21,56.20000076293945,29.252887725830078
2011-09-22,52.38999938964844,27.26973533630371
2011-09-23,53.599998474121094,27.899551391601562
2011-09-26,54.4900016784668,28.362812042236328
2011-09-27,55.599998474121094,28.940574645996094
2011-09-28,54.16999816894531,28.196245193481445
2011-09-29,54.029998779296875,28.123367309570312
2011-09-30,52.0099983215332,27.071945190429688
2011-10-03,50.88999938964844,26.488956451416016
2011-10-04,50.970001220703125,26.53060531616211
2011-10-05,52.189998626708984,27.16562271118164
2011-10-06,54.790000915527344,28.518957138061523
2011-10-07,54.040000915527344,28.12857437133789
2011-10-10,56.150001525878906,29.22687530517578
2011-10-11,56.720001220703125,29.523561477661133
2011-10-12,58.31999969482422,30.35637855529785
2011-10-13,57.790000915527344,30.08051300048828
2011-10-14,58.790000915527344,30.601015090942383
2011-10-17,56.47999954223633,29.398635864257812
2011-10-18,58.0,30.1898193359375
2011-10-19,57.380001068115234,29.86709976196289
2011-10-20,56.290000915527344,29.29973030090332
2011-10-21,57.54999923706055,29.95557975769043
2011-10-24,59.86000061035156,31.157974243164062
2011-10-25,58.66999816894531,30.538557052612305
2011-10-26,59.63999938964844,31.043458938598633
2011-10-27,63.13999938964844,32.86525344848633
2011-10-28,64.51000213623047,33.578369140625
2011-10-31,62.369998931884766,32.46445846557617
2011-11-01,60.560001373291016,31.5223331451416
2011-11-02,61.790000915527344,32.16256332397461
2011-11-03,61.970001220703125,32.256256103515625
2011-11-04,62.029998779296875,32.28749084472656
2011-11-07,62.4900016784668,32.52692413330078
2011-11-08,63.2400016784668,32.91730880737305
2011-11-09,59.9900016784668,31.225635528564453
2011-11-10,60.400001525878906,31.439043045043945
2011-11-11,61.7599983215332,32.146942138671875
2011-11-14,61.02000045776367,31.761762619018555
2011-11-15,61.349998474121094,31.93354034423828
2011-11-16,60.43000030517578,31.454668045043945
2011-11-17,59.189998626708984,30.80923080444336
2011-11-18,59.04999923706055,30.736356735229492
2011-11-21,57.779998779296875,30.075300216674805
2011-11-22,57.150001525878906,29.747379302978516
2011-11-23,54.9900016784668,28.623075485229492
2011-11-25,54.29999923706055,28.26390838623047
2011-11-28,56.38999938964844,29.35179328918457
2011-11-29,55.790000915527344,29.039487838745117
2011-11-30,59.02000045776367,30.72073745727539
2011-12-01,59.880001068115234,31.168384552001953
2011-12-02,60.0099983215332,31.23604393005371
2011-12-05,61.47999954223633,32.00120162963867
2011-12-06,61.36000061035156,31.938737869262695
2011-12-07,61.119998931884766,31.81382179260254
2011-12-08,58.86000061035156,30.63745880126953
2011-12-09,60.29999923706055,31.386991500854492
2011-12-12,58.47999954223633,30.43966293334961
2011-12-13,57.650001525878906,30.007640838623047
2011-12-14,56.54999923706055,29.43507194519043
2011-12-15,56.59000015258789,29.45589256286621
2011-12-16,56.939998626708984,29.638072967529297
2011-12-19,55.689998626708984,28.987430572509766
2011-12-20,57.540000915527344,30.17852210998535
2011-12-21,57.380001068115234,30.0945987701416
2011-12-22,57.9900016784668,30.414539337158203
2011-12-23,58.33000183105469,30.592859268188477
2011-12-27,58.119998931884766,30.482723236083984
2011-12-28,56.54999923706055,29.659290313720703
2011-12-29,56.91999816894531,29.853343963623047
2011-12-30,57.38999938964844,30.099851608276367
2012-01-03,59.70000076293945,31.311389923095703
2012-01-04,59.91999816894531,31.426774978637695
2012-01-05,59.11000061035156,31.001941680908203
2012-01-06,58.52000045776367,30.692508697509766
2012-01-09,59.75,31.337617874145508
2012-01-10,60.97999954223633,31.982725143432617
2012-01-11,61.33000183105469,32.166297912597656
2012-01-12,62.130001068115234,32.58587646484375
2012-01-13,61.349998474121094,32.17678451538086
2012-01-17,62.810001373291016,32.94253158569336
2012-01-18,64.61000061035156,33.88658905029297
2012-01-19,64.80000305175781,33.98624801635742
2012-01-20,65.05000305175781,34.11735534667969
2012-01-23,65.51000213623047,34.35860824584961
2012-01-24,65.55999755859375,34.38483428955078
2012-01-25,66.8499984741211,35.06141662597656
2012-01-26,65.91000366210938,34.56840133666992
2012-01-27,66.06999969482422,34.652320861816406
2012-01-30,65.41000366210938,34.30616760253906
2012-01-31,65.5999984741211,34.40581512451172
2012-02-01,67.33999633789062,35.31842041015625
2012-02-02,67.79000091552734,35.55442428588867
2012-02-03,68.2699966430664,35.80618667602539
2012-02-06,68.12999725341797,35.732757568359375
2012-02-07,68.88999938964844,36.131351470947266
2012-02-08,68.93000030517578,36.1523323059082
2012-02-09,68.81999969482422,36.09463882446289
2012-02-10,67.38999938964844,35.34463882446289
2012-02-13,68.7699966430664,36.06841278076172
2012-02-14,67.7699966430664,35.5439338684082
2012-02-15,67.30999755859375,35.30267333984375
2012-02-16,68.47000122070312,35.91107177734375
2012-02-17,68.73999786376953,36.05268478393555
2012-02-21,68.63999938964844,36.00023651123047
2012-02-22,68.75,36.05792999267578
2012-02-23,68.68000030517578,36.021217346191406
2012-02-24,69.30000305175781,36.346397399902344
2012-02-27,68.70999908447266,36.03695297241211
2012-02-28,70.06999969482422,36.75023651123047
2012-02-29,69.18000030517578,36.28345489501953
2012-03-01,70.41999816894531,36.933807373046875
2012-03-02,70.30000305175781,36.8708610534668
2012-03-05,68.98999786376953,36.183799743652344
2012-03-06,66.61000061035156,34.935550689697266
2012-03-07,67.08000183105469,35.182044982910156
2012-03-08,68.0199966430664,35.6750602722168
2012-03-09,67.26000213623047,35.27646255493164
2012-03-12,66.2699966430664,34.7572135925293
2012-03-13,68.16000366210938,35.74849319458008
2012-03-14,67.81999969482422,35.57015609741211
2012-03-15,67.66000366210938,35.48625183105469
2012-03-16,67.55999755859375,35.433799743652344
2012-03-19,67.48999786376953,35.39707946777344
2012-03-20,66.56999969482422,34.91455841064453
2012-03-21,66.55999755859375,34.90932083129883
2012-03-22,65.41000366210938,34.30616760253906
2012-03-23,65.80999755859375,34.51595687866211
2012-03-26,66.91000366210938,35.09288787841797
2012-03-27,66.36000061035156,34.8044319152832
2012-03-28,64.91999816894531,34.04916763305664
2012-03-29,64.87999725341797,34.0281867980957
2012-03-30,64.66000366210938,33.91281509399414
2012-04-02,65.37999725341797,34.290435791015625
2012-04-03,64.75,33.96000671386719
2012-04-04,63.58000183105469,33.346370697021484
2012-04-05,63.56999969482422,33.341129302978516
2012-04-09,63.08000183105469,33.08412551879883
2012-04-10,61.849998474121094,32.43901443481445
2012-04-11,61.880001068115234,32.45475769042969
2012-04-12,63.619998931884766,33.36735153198242
2012-04-13,62.5,32.77993392944336
2012-04-16,62.099998474121094,32.57014083862305
2012-04-17,62.2599983215332,32.654056549072266
2012-04-18,61.91999816894531,32.475730895996094
2012-04-19,61.56999969482422,32.29217529296875
2012-04-20,62.130001068115234,32.58587646484375
2012-04-23,60.83000183105469,31.904048919677734
2012-04-24,61.15999984741211,32.07712936401367
2012-04-25,60.68000030517578,31.82537841796875
2012-04-26,60.970001220703125,31.977479934692383
2012-04-27,60.79999923706055,31.888328552246094
2012-04-30,60.2599983215332,31.605104446411133
2012-05-01,60.599998474121094,31.783424377441406
2012-05-02,60.310001373291016,31.631330490112305
2012-05-03,60.029998779296875,31.484479904174805
2012-05-04,58.59000015258789,30.72922706604004
2012-05-07,58.849998474121094,30.86558723449707
2012-05-08,57.630001068115234,30.225727081298828
2012-05-09,56.75,29.764184951782227
2012-05-10,57.099998474121094,29.947750091552734
2012-05-11,56.529998779296875,29.648788452148438
2012-05-14,54.25,28.452980041503906
2012-05-15,53.20000076293945,27.90227699279785
2012-05-16,53.099998474121094,27.849828720092773
2012-05-17,51.560001373291016,27.042144775390625
2012-05-18,51.540000915527344,27.031644821166992
2012-05-21,52.61000061035156,27.592844009399414
2012-05-22,51.150001525878906,26.82710075378418
2012-05-23,51.220001220703125,26.863813400268555
2012-05-24,51.119998931884766,26.81136703491211
2012-05-25,52.13999938964844,27.34632682800293
2012-05-29,52.65999984741211,27.61905860900879
2012-05-30,51.540000915527344,27.031644821166992
2012-05-31,52.040000915527344,27.293886184692383
2012-06-01,50.7400016784668,26.612062454223633
2012-06-04,50.61000061035156,26.54387664794922
2012-06-05,50.81999969482422,26.65401840209961
2012-06-06,52.040000915527344,27.293886184692383
2012-06-07,52.790000915527344,27.687240600585938
2012-06-08,52.040000915527344,27.293886184692383
2012-06-11,50.81999969482422,26.65401840209961
2012-06-12,51.56999969482422,27.047380447387695
2012-06-13,51.599998474121094,27.063106536865234
2012-06-14,51.810001373291016,27.17325210571289
2012-06-15,52.439998626708984,27.503673553466797
2012-06-18,52.58000183105469,27.577098846435547
2012-06-19,54.5,28.5841121673584
2012-06-20,54.099998474121094,28.374305725097656
2012-06-21,51.189998626708984,27.383602142333984
2012-06-22,50.75,27.14822769165039
2012-06-25,49.349998474121094,26.39931297302246
2012-06-26,49.41999816894531,26.4367618560791
2012-06-27,49.310001373291016,26.377920150756836
2012-06-28,49.06999969482422,26.24953842163086
2012-06-29,51.70000076293945,27.656423568725586
2012-07-02,52.58000183105469,28.127182006835938
2012-07-03,53.400001525878906,28.565824508666992
2012-07-05,53.2400016784668,28.48023223876953
2012-07-06,52.16999816894531,27.90784454345703
2012-07-09,51.77000045776367,27.69387435913086
2012-07-10,50.90999984741211,27.23381805419922
2012-07-11,50.790000915527344,27.16962432861328
2012-07-12,50.41999816894531,26.971696853637695
2012-07-13,51.310001373291016,27.447799682617188
2012-07-16,51.040000915527344,27.30335807800293
2012-07-17,51.56999969482422,27.586883544921875
2012-07-18,51.91999816894531,27.774106979370117
2012-07-19,52.70000076293945,28.19136619567871
2012-07-20,51.720001220703125,27.667125701904297
2012-07-23,50.369998931884766,26.944950103759766
2012-07-24,50.09000015258789,26.795166015625
2012-07-25,50.029998779296875,26.76306915283203
2012-07-26,51.689998626708984,27.65107536315918
2012-07-27,53.560001373291016,28.651405334472656
2012-07-30,53.47999954223633,28.608619689941406
2012-07-31,52.45000076293945,28.057628631591797
2012-08-01,52.650001525878906,28.164621353149414
2012-08-02,51.97999954223633,27.806211471557617
2012-08-03,53.47999954223633,28.608619689941406
2012-08-06,54.209999084472656,28.999122619628906
2012-08-07,54.25,29.02052879333496
2012-08-08,55.0099983215332,29.42707633972168
2012-08-09,55.0,29.42173194885254
2012-08-10,55.4900016784668,29.68385124206543
2012-08-13,55.09000015258789,29.46987533569336
2012-08-14,54.310001373291016,29.052610397338867
2012-08-15,54.54999923706055,29.180999755859375
2012-08-16,55.5,29.68920135498047
2012-08-17,55.369998931884766,29.619653701782227
2012-08-20,55.380001068115234,29.625009536743164
2012-08-21,54.84000015258789,29.336135864257812
2012-08-22,55.040000915527344,29.443124771118164
2012-08-23,54.15999984741211,28.97237777709961
2012-08-24,54.25,29.02052879333496
2012-08-27,53.709999084472656,28.731658935546875
2012-08-28,53.58000183105469,28.662105560302734
2012-08-29,52.709999084472656,28.196712493896484
2012-08-30,52.33000183105469,27.993438720703125
2012-08-31,52.720001220703125,28.202054977416992
2012-09-04,51.7599983215332,27.68851661682129
2012-09-05,52.25,27.950639724731445
2012-09-06,53.779998779296875,28.76909828186035
2012-09-07,55.279998779296875,29.57150650024414
2012-09-10,54.09000015258789,28.934938430786133
2012-09-11,54.84000015258789,29.336135864257812
2012-09-12,54.83000183105469,29.33078956604004
2012-09-13,56.470001220703125,30.208084106445312
2012-09-14,57.060001373291016,30.52370834350586
2012-09-17,56.47999954223633,30.213430404663086
2012-09-18,56.4900016784668,30.21879768371582
2012-09-19,56.27000045776367,30.101099014282227
2012-09-20,56.130001068115234,30.02620506286621
2012-09-21,55.93000030517578,29.919218063354492
2012-09-24,55.959999084472656,29.93527603149414
2012-09-25,54.77000045776367,29.298688888549805
2012-09-26,54.630001068115234,29.223800659179688
2012-09-27,54.7599983215332,29.293338775634766
2012-09-28,54.060001373291016,28.918882369995117
2012-10-01,54.540000915527344,29.17565155029297
2012-10-02,54.56999969482422,29.19169807434082
2012-10-03,54.0,28.886781692504883
2012-10-04,54.36000061035156,29.079357147216797
2012-10-05,54.220001220703125,29.004472732543945
2012-10-08,54.75,29.287992477416992
2012-10-09,54.27000045776367,29.031217575073242
2012-10-10,53.83000183105469,28.79584503173828
2012-10-11,54.2599983215332,29.0258731842041
2012-10-12,54.0,28.886781692504883
2012-10-15,54.599998474121094,29.20775604248047
2012-10-16,54.84000015258789,29.336135864257812
2012-10-17,55.18000030517578,29.518020629882812
2012-10-18,55.119998931884766,29.485912322998047
2012-10-19,54.38999938964844,29.09540557861328
2012-10-22,54.72999954223633,29.27729034423828
2012-10-23,53.33000183105469,28.528379440307617
2012-10-24,53.2400016784668,28.48023223876953
2012-10-25,53.810001373291016,28.785146713256836
2012-10-26,53.619998931884766,28.683500289916992
2012-10-31,53.349998474121094,28.539079666137695
2012-11-01,54.400001525878906,29.100765228271484
2012-11-02,54.15999984741211,28.97237777709961
2012-11-05,54.41999816894531,29.11146354675293
2012-11-06,54.86000061035156,29.34682846069336
2012-11-07,54.060001373291016,28.918882369995117
2012-11-08,53.189998626708984,28.45347785949707
2012-11-09,52.77000045776367,28.22881317138672
2012-11-12,52.5,28.08437728881836
2012-11-13,52.040000915527344,27.838294982910156
2012-11-14,51.2599983215332,27.421049118041992
2012-11-15,51.209999084472656,27.39429473876953
2012-11-16,51.060001373291016,27.314058303833008
2012-11-19,51.880001068115234,27.752721786499023
2012-11-20,51.91999816894531,27.774106979370117
2012-11-21,51.5099983215332,27.554784774780273
2012-11-23,52.15999984741211,27.90249252319336
2012-11-26,52.060001373291016,27.849002838134766
2012-11-27,51.43000030517578,27.511991500854492
2012-11-28,51.52000045776367,27.56012725830078
2012-11-29,51.880001068115234,27.752721786499023
2012-11-30,51.58000183105469,27.592227935791016
2012-12-03,51.5099983215332,27.554784774780273
2012-12-04,51.459999084472656,27.528038024902344
2012-12-05,52.34000015258789,27.998779296875
2012-12-06,52.77000045776367,28.22881317138672
2012-12-07,53.06999969482422,28.389286041259766
2012-12-10,53.540000915527344,28.640703201293945
2012-12-11,54.0099983215332,28.89213752746582
2012-12-12,54.04999923706055,28.913543701171875
2012-12-13,53.66999816894531,28.710254669189453
2012-12-14,54.189998626708984,28.988418579101562
2012-12-17,54.09000015258789,28.934938430786133
2012-12-18,54.349998474121094,29.280813217163086
2012-12-19,55.09000015258789,29.679475784301758
2012-12-20,55.540000915527344,29.92190170288086
2012-12-21,54.970001220703125,29.614830017089844
2012-12-24,54.83000183105469,29.539400100708008
2012-12-26,55.18000030517578,29.72795867919922
2012-12-27,55.439998626708984,29.938026428222656
2012-12-28,55.2599983215332,29.84082794189453
2012-12-31,55.939998626708984,30.20804214477539
2013-01-02,56.959999084472656,30.758834838867188
2013-01-03,57.31999969482422,30.953243255615234
2013-01-04,57.18000030517578,30.877641677856445
2013-01-07,56.86000061035156,30.704837799072266
2013-01-08,56.099998474121094,30.294431686401367
2013-01-09,56.439998626708984,30.478038787841797
2013-01-10,56.97999954223633,30.769634246826172
2013-01-11,56.40999984741211,30.46183204650879
2013-01-14,56.68000030517578,30.607633590698242
2013-01-15,56.5,30.510438919067383
2013-01-16,56.33000183105469,30.418638229370117
2013-01-17,56.849998474121094,30.699434280395508
2013-01-18,56.84000015258789,30.694042205810547
2013-01-22,56.81999969482422,30.683238983154297
2013-01-23,56.84000015258789,30.694042205810547
2013-01-24,56.70000076293945,30.618438720703125
2013-01-25,56.77000045776367,30.656246185302734
2013-01-28,56.61000061035156,30.56983184814453
2013-01-29,57.20000076293945,30.888444900512695
2013-01-30,56.56999969482422,30.548242568969727
2013-01-31,56.77000045776367,30.656246185302734
2013-02-01,57.08000183105469,30.823640823364258
2013-02-04,56.29999923706055,30.40243148803711
2013-02-05,56.119998931884766,30.30522918701172
2013-02-06,56.11000061035156,30.299829483032227
2013-02-07,55.97999954223633,30.229637145996094
2013-02-08,55.939998626708984,30.20804214477539
2013-02-11,55.83000183105469,30.14862823486328
2013-02-12,55.900001525878906,30.186433792114258
2013-02-13,56.40999984741211,30.46183204650879
2013-02-14,56.150001525878906,30.32143211364746
2013-02-15,56.16999816894531,30.332239151000977
2013-02-19,56.31999969482422,30.413225173950195
2013-02-20,55.09000015258789,29.749027252197266
2013-02-21,54.25,29.295421600341797
2013-02-22,54.81999969482422,29.60322380065918
2013-02-25,54.20000076293945,29.26841926574707
2013-02-26,54.65999984741211,29.51682472229004
2013-02-27,55.029998779296875,29.71662712097168
2013-02-28,55.130001068115234,29.770627975463867
2013-03-01,55.20000076293945,29.808425903320312
2013-03-04,54.779998779296875,29.58161735534668
2013-03-05,55.099998474121094,29.75442123413086
2013-03-06,56.439998626708984,30.478038787841797
2013-03-07,57.290000915527344,30.937040328979492
2013-03-08,57.650001525878906,31.131441116333008
2013-03-11,57.2599983215332,30.920841217041016
2013-03-12,57.040000915527344,30.80204200744629
2013-03-13,56.290000915527344,30.39703369140625
2013-03-14,56.02000045776367,30.25122833251953
2013-03-15,55.72999954223633,30.09462547302246
2013-03-18,55.31999969482422,29.87322235107422
2013-03-19,55.060001373291016,29.732816696166992
2013-03-20,54.7400016784668,29.560020446777344
2013-03-21,53.849998474121094,29.079410552978516
2013-03-22,53.70000076293945,28.998414993286133
2013-03-25,53.38999938964844,28.831016540527344
2013-03-26,53.709999084472656,29.003808975219727
2013-03-27,54.22999954223633,29.28462028503418
2013-03-28,54.47999954223633,29.41961669921875
2013-04-01,53.970001220703125,29.14422035217285
2013-04-02,53.59000015258789,28.939008712768555
2013-04-03,53.349998474121094,28.809412002563477
2013-04-04,53.22999954223633,28.744611740112305
2013-04-05,54.11000061035156,29.219818115234375
2013-04-08,54.06999969482422,29.19820785522461
2013-04-09,55.13999938964844,29.776023864746094
2013-04-10,55.709999084472656,30.083820343017578
2013-04-11,55.20000076293945,29.808425903320312
2013-04-12,54.97999954223633,29.689626693725586
2013-04-15,52.90999984741211,28.571805953979492
2013-04-16,53.709999084472656,29.003808975219727
2013-04-17,52.5099983215332,28.355798721313477
2013-04-18,52.439998626708984,28.3179988861084
2013-04-19,53.20000076293945,28.728403091430664
2013-04-22,53.119998931884766,28.68520164489746
2013-04-23,53.7599983215332,29.03082275390625
2013-04-24,54.290000915527344,29.317026138305664
2013-04-25,54.560001373291016,29.462818145751953
2013-04-26,53.720001220703125,29.009206771850586
2013-04-29,54.15999984741211,29.24681854248047
2013-04-30,55.150001525878906,29.781423568725586
2013-05-01,54.470001220703125,29.414215087890625
2013-05-02,54.68000030517578,29.527618408203125
2013-05-03,54.810001373291016,29.59783172607422
2013-05-06,54.7400016784668,29.560020446777344
2013-05-07,55.56999969482422,30.008230209350586
2013-05-08,55.66999816894531,30.06222915649414
2013-05-09,55.22999954223633,29.82462501525879
2013-05-10,54.810001373291016,29.59783172607422
2013-05-13,54.72999954223633,29.554616928100586
2013-05-14,54.400001525878906,29.376413345336914
2013-05-15,54.43000030517578,29.392620086669922
2013-05-16,54.41999816894531,29.387222290039062
2013-05-17,54.459999084472656,29.408823013305664
2013-05-20,54.93000030517578,29.66262435913086
2013-05-21,55.27000045776367,29.846227645874023
2013-05-22,54.90999984741211,29.651819229125977
2013-05-23,54.650001525878906,29.511417388916016
2013-05-24,54.58000183105469,29.47361946105957
2013-05-28,54.310001373291016,29.32781219482422
2013-05-29,52.400001525878906,28.296403884887695
2013-05-30,52.369998931884766,28.280195236206055
2013-05-31,50.88999938964844,27.480987548828125
2013-06-03,51.47999954223633,27.799596786499023
2013-06-04,51.130001068115234,27.610597610473633
2013-06-05,50.150001525878906,27.081388473510742
2013-06-06,50.40999984741211,27.22178840637207
2013-06-07,49.72999954223633,26.85458755493164
2013-06-10,49.189998626708984,26.56297492980957
2013-06-11,48.22999954223633,26.044572830200195
2013-06-12,47.290000915527344,25.536962509155273
2013-06-13,48.27000045776367,26.066177368164062
2013-06-14,47.630001068115234,25.7205753326416
2013-06-17,47.380001068115234,25.5855655670166
2013-06-18,47.09000015258789,25.42896842956543
2013-06-19,45.38999938964844,24.510950088500977
2013-06-20,43.939998626708984,23.72794532775879
2013-06-21,43.939998626708984,23.72794532775879
2013-06-24,43.06999969482422,23.258132934570312
2013-06-25,43.77000045776367,23.63613510131836
2013-06-26,44.58000183105469,24.073537826538086
2013-06-27,44.290000915527344,24.383501052856445
2013-06-28,43.86000061035156,24.14676856994629
2013-07-01,43.790000915527344,24.108226776123047
2013-07-02,42.33000183105469,23.3044376373291
2013-07-03,42.040000915527344,23.144779205322266
2013-07-05,41.470001220703125,22.830968856811523
2013-07-08,41.459999084472656,22.825462341308594
2013-07-09,41.970001220703125,23.106237411499023
2013-07-10,41.52000045776367,22.858503341674805
2013-07-11,42.939998626708984,23.640270233154297
2013-07-12,42.290000915527344,23.28241729736328
2013-07-15,43.47999954223633,23.937564849853516
2013-07-16,43.290000915527344,23.83295440673828
2013-07-17,43.9900016784668,24.218334197998047
2013-07-18,44.20000076293945,24.333961486816406
2013-07-19,43.720001220703125,24.06969451904297
2013-07-22,44.529998779296875,24.5156307220459
2013-07-23,45.15999984741211,24.862472534179688
2013-07-24,44.290000915527344,24.383501052856445
2013-07-25,44.7599983215332,24.64225196838379
2013-07-26,44.65999984741211,24.587200164794922
2013-07-29,44.20000076293945,24.333961486816406
2013-07-30,43.66999816894531,24.042158126831055
2013-07-31,43.5,23.948575973510742
2013-08-01,43.88999938964844,24.163280487060547
2013-08-02,43.959999084472656,24.201820373535156
2013-08-05,43.290000915527344,23.83295440673828
2013-08-06,42.779998779296875,23.552173614501953
2013-08-07,42.459999084472656,23.376008987426758
2013-08-08,43.81999969482422,24.124746322631836
2013-08-09,44.61000061035156,24.55967140197754
2013-08-12,44.70000076293945,24.609216690063477
2013-08-13,44.41999816894531,24.455068588256836
2013-08-14,44.130001068115234,24.295412063598633
2013-08-15,43.95000076293945,24.19631576538086
2013-08-16,43.13999938964844,23.75037956237793
2013-08-19,42.4900016784668,23.39252471923828
2013-08-20,42.119998931884766,23.188825607299805
2013-08-21,41.2599983215332,22.71535873413086
2013-08-22,41.959999084472656,23.10073471069336
2013-08-23,43.779998779296875,24.102718353271484
2013-08-26,43.040000915527344,23.69532012939453
2013-08-27,42.5,23.398033142089844
2013-08-28,42.41999816894531,23.35398292541504
2013-08-29,42.36000061035156,23.320951461791992
2013-08-30,42.38999938964844,23.33747100830078
2013-09-03,42.91999816894531,23.62925910949707
2013-09-04,43.220001220703125,23.79442596435547
2013-09-05,44.2599983215332,24.36698341369629
2013-09-06,45.290000915527344,24.93404197692871
2013-09-09,46.93000030517578,25.836929321289062
2013-09-10,47.029998779296875,25.89198112487793
2013-09-11,46.810001373291016,25.77086639404297
2013-09-12,46.27000045776367,25.47356414794922
2013-09-13,46.66999816894531,25.693782806396484
2013-09-16,46.72999954223633,25.726825714111328
2013-09-17,47.31999969482422,26.051639556884766
2013-09-18,49.720001220703125,27.372936248779297
2013-09-19,49.54999923706055,27.279346466064453
2013-09-20,48.52000045776367,26.712297439575195
2013-09-23,49.0,26.97655487060547
2013-09-24,48.939998626708984,26.943519592285156
2013-09-25,48.25,26.563640594482422
2013-09-26,48.20000076293945,26.536117553710938
2013-09-27,47.939998626708984,26.392974853515625
2013-09-30,47.90999984741211,26.376455307006836
2013-10-01,48.369998931884766,26.629709243774414
2013-10-02,48.88999938964844,26.91598892211914
2013-10-03,48.400001525878906,26.64622688293457
2013-10-04,48.529998779296875,26.717803955078125
2013-10-07,48.52000045776367,26.712297439575195
2013-10-08,48.209999084472656,26.5416202545166
2013-10-09,48.459999084472656,26.679258346557617
2013-10-10,49.349998474121094,27.169239044189453
2013-10-11,49.77000045776367,27.400474548339844
2013-10-14,50.439998626708984,27.769332885742188
2013-10-15,50.06999969482422,27.56563377380371
2013-10-16,50.5,27.8023624420166
2013-10-17,50.900001525878906,28.0225772857666
2013-10-18,50.70000076293945,27.912477493286133
2013-10-21,51.02000045776367,28.088642120361328
2013-10-22,51.61000061035156,28.41346549987793
2013-10-23,50.369998931884766,27.730792999267578
2013-10-24,49.9900016784668,27.521589279174805
2013-10-25,50.2400016784668,27.65922737121582
2013-10-28,50.939998626708984,28.044601440429688
2013-10-29,50.970001220703125,28.061115264892578
2013-10-30,50.93000030517578,28.039106369018555
2013-10-31,50.15999984741211,27.61518669128418
2013-11-01,49.619998931884766,27.31787872314453
2013-11-04,50.02000045776367,27.538105010986328
2013-11-05,48.59000015258789,26.750829696655273
2013-11-06,48.59000015258789,26.750829696655273
2013-11-07,47.31999969482422,26.051639556884766
2013-11-08,47.02000045776367,25.886484146118164
2013-11-11,46.95000076293945,25.84794044494629
2013-11-12,46.34000015258789,25.51210594177246
2013-11-13,46.91999816894531,25.8314266204834
2013-11-14,47.959999084472656,26.403989791870117
2013-11-15,48.599998474121094,26.756336212158203
2013-11-18,49.279998779296875,27.130699157714844
2013-11-19,48.38999938964844,26.640710830688477
2013-11-20,47.599998474121094,26.205793380737305
2013-11-21,47.439998626708984,26.117712020874023
2013-11-22,48.130001068115234,26.497573852539062
2013-11-25,47.459999084472656,26.12871742248535
2013-11-26,47.06999969482422,25.91400146484375
2013-11-27,46.5,25.600196838378906
2013-11-29,46.95000076293945,25.84794044494629
2013-12-02,45.33000183105469,24.95606231689453
2013-12-03,44.720001220703125,24.620235443115234
2013-12-04,44.5099983215332,24.504613876342773
2013-12-05,44.619998931884766,24.565183639526367
2013-12-06,45.220001220703125,24.895503997802734
2013-12-09,45.52000045776367,25.06066131591797
2013-12-10,45.66999816894531,25.143245697021484
2013-12-11,44.2599983215332,24.36698341369629
2013-12-12,44.459999084472656,24.477092742919922
2013-12-13,44.34000015258789,24.411027908325195
2013-12-16,44.47999954223633,24.48809814453125
2013-12-17,44.540000915527344,24.521137237548828
2013-12-18,44.689998626708984,24.932863235473633
2013-12-19,44.060001373291016,24.581384658813477
2013-12-20,43.40999984741211,24.2187442779541
2013-12-23,44.099998474121094,24.60370445251465
2013-12-24,44.349998474121094,24.743175506591797
2013-12-26,43.97999954223633,24.536752700805664
2013-12-27,44.689998626708984,24.932863235473633
2013-12-30,44.369998931884766,24.75433921813965
2013-12-31,44.68000030517578,24.927295684814453
2014-01-02,43.189998626708984,24.096010208129883
2014-01-03,43.43000030517578,24.22991371154785
2014-01-06,42.91999816894531,23.94538116455078
2014-01-07,42.91999816894531,23.94538116455078
2014-01-08,42.5099983215332,23.716632843017578
2014-01-09,41.97999954223633,23.420942306518555
2014-01-10,42.689998626708984,23.81705665588379
2014-01-13,42.25,23.571578979492188
2014-01-14,42.65999984741211,23.800315856933594
2014-01-15,42.65999984741211,23.800315856933594
2014-01-16,42.380001068115234,23.644102096557617
2014-01-17,42.209999084472656,23.54926109313965
2014-01-21,41.7599983215332,23.298198699951172
2014-01-22,42.25,23.571578979492188
2014-01-23,41.189998626708984,22.980195999145508
2014-01-24,39.970001220703125,22.299549102783203
2014-01-27,39.9900016784668,22.310707092285156
2014-01-28,40.04999923706055,22.344175338745117
2014-01-29,39.209999084472656,21.875539779663086
2014-01-30,39.63999938964844,22.11543846130371
2014-01-31,39.2400016784668,21.892284393310547
2014-02-03,38.029998779296875,21.217205047607422
2014-02-04,39.15999984741211,21.847639083862305
2014-02-05,39.08000183105469,21.803010940551758
2014-02-06,40.36000061035156,22.517131805419922
2014-02-07,40.63999938964844,22.67333984375
2014-02-10,39.9900016784668,22.310707092285156
2014-02-11,40.75,22.734716415405273
2014-02-12,40.02000045776367,22.327442169189453
2014-02-13,40.52000045776367,22.606395721435547
2014-02-14,40.63999938964844,22.67333984375
2014-02-18,39.529998779296875,22.05406951904297
2014-02-19,39.779998779296875,22.193546295166016
2014-02-20,40.220001220703125,22.439027786254883
2014-02-21,40.7599983215332,22.740291595458984
2014-02-24,40.75,22.734716415405273
2014-02-25,40.400001525878906,22.539447784423828
2014-02-26,40.369998931884766,22.522706985473633
2014-02-27,41.630001068115234,23.225671768188477
2014-02-28,41.0,22.87420082092285
2014-03-03,39.95000076293945,22.28838539123535
2014-03-04,40.56999969482422,22.634288787841797
2014-03-05,40.83000183105469,22.779348373413086
2014-03-06,41.279998779296875,23.030405044555664
2014-03-07,40.31999969482422,22.494815826416016
2014-03-10,39.630001068115234,22.109853744506836
2014-03-11,39.380001068115234,21.97038459777832
2014-03-12,39.68000030517578,22.13775062561035
2014-03-13,39.220001220703125,21.881118774414062
2014-03-14,39.11000061035156,21.81974983215332
2014-03-17,39.40999984741211,21.987119674682617
2014-03-18,40.369998931884766,22.522706985473633
2014-03-19,40.529998779296875,22.611976623535156
2014-03-20,41.47999954223633,23.14198875427246
2014-03-21,41.66999816894531,23.247989654541016
2014-03-24,42.15999984741211,23.5213680267334
2014-03-25,42.68000030517578,23.811479568481445
2014-03-26,42.52000045776367,23.722211837768555
2014-03-27,44.4900016784668,24.821292877197266
2014-03-28,44.869998931884766,25.033296585083008
2014-03-31,45.040000915527344,25.128135681152344
2014-04-01,45.150001525878906,25.189502716064453
2014-04-02,46.2400016784668,25.797622680664062
2014-04-03,45.68000030517578,25.485197067260742
2014-04-04,46.150001525878906,25.747413635253906
2014-04-07,47.38999938964844,26.43921661376953
2014-04-08,47.290000915527344,26.383434295654297
2014-04-09,47.150001525878906,26.305322647094727
2014-04-10,46.91999816894531,26.177001953125
2014-04-11,47.38999938964844,26.43921661376953
2014-04-14,47.25,26.361106872558594
2014-04-15,45.939998626708984,25.630252838134766
2014-04-16,46.61000061035156,26.00405502319336
2014-04-17,47.5,26.500585556030273
2014-04-21,47.290000915527344,26.383434295654297
2014-04-22,47.150001525878906,26.305322647094727
2014-04-23,47.08000183105469,26.266267776489258
2014-04-24,47.470001220703125,26.483856201171875
2014-04-25,46.709999084472656,26.059839248657227
2014-04-28,46.97999954223633,26.210477828979492
2014-04-29,47.25,26.361106872558594
2014-04-30,47.040000915527344,26.24394989013672
2014-05-01,46.86000061035156,26.143529891967773
2014-05-02,48.47999954223633,27.047330856323242
2014-05-05,48.119998931884766,26.84649085998535
2014-05-06,48.689998626708984,27.16449546813965
2014-05-07,49.189998626708984,27.443449020385742
2014-05-08,48.75,27.197973251342773
2014-05-09,48.540000915527344,27.080814361572266
2014-05-12,49.2599983215332,27.482500076293945
2014-05-13,49.099998474121094,27.393232345581055
2014-05-14,49.68000030517578,27.71682357788086
2014-05-15,49.0,27.337446212768555
2014-05-16,49.279998779296875,27.4936580657959
2014-05-19,48.86000061035156,27.259340286254883
2014-05-20,47.810001373291016,26.67354393005371
2014-05-21,48.029998779296875,26.796279907226562
2014-05-22,48.220001220703125,26.90228271484375
2014-05-23,47.83000183105469,26.6846981048584
2014-05-27,47.08000183105469,26.266267776489258
2014-05-28,47.650001525878906,26.584272384643555
2014-05-29,47.5,26.500585556030273
2014-05-30,46.4900016784668,25.937097549438477
2014-06-02,46.0,25.663724899291992
2014-06-03,46.290000915527344,25.825519561767578
2014-06-04,45.90999984741211,25.613513946533203
2014-06-05,46.27000045776367,25.814361572265625
2014-06-06,47.81999969482422,26.679119110107422
2014-06-09,49.25,27.476926803588867
2014-06-10,49.45000076293945,27.58850860595703
2014-06-11,49.72999954223633,27.744722366333008
2014-06-12,49.33000183105469,27.521560668945312
2014-06-13,49.63999938964844,27.69451332092285
2014-06-16,49.349998474121094,27.532718658447266
2014-06-17,48.93000030517578,27.298397064208984
2014-06-18,49.97999954223633,27.884201049804688
2014-06-19,49.459999084472656,27.594085693359375
2014-06-20,49.560001373291016,27.649877548217773
2014-06-23,49.5,27.61640167236328
2014-06-24,49.27000045776367,27.488088607788086
2014-06-25,48.18000030517578,27.41581153869629
2014-06-26,48.279998779296875,27.47271728515625
2014-06-27,48.11000061035156,27.37598419189453
2014-06-30,47.779998779296875,27.188203811645508
2014-07-01,47.880001068115234,27.2451171875
2014-07-02,47.31999969482422,26.92645263671875
2014-07-03,47.84000015258789,27.222349166870117
2014-07-07,47.900001525878906,27.256481170654297
2014-07-08,47.75,27.171131134033203
2014-07-09,48.459999084472656,27.575143814086914
2014-07-10,48.58000183105469,27.643428802490234
2014-07-11,48.79999923706055,27.76861000061035
2014-07-14,49.79999923706055,28.3376407623291
2014-07-15,49.720001220703125,28.29212188720703
2014-07-16,49.5099983215332,28.172624588012695
2014-07-17,48.66999816894531,27.694643020629883
2014-07-18,50.29999923706055,28.622161865234375
2014-07-21,51.08000183105469,29.066001892089844
2014-07-22,51.68000030517578,29.40741729736328
2014-07-23,50.97999954223633,29.009103775024414
2014-07-24,51.470001220703125,29.287927627563477
2014-07-25,51.060001373291016,29.054624557495117
2014-07-28,51.119998931884766,29.088764190673828
2014-07-29,50.52000045776367,28.747344970703125
2014-07-30,49.91999816894531,28.40592384338379
2014-07-31,48.5,27.597904205322266
2014-08-01,48.75,27.740163803100586
2014-08-04,49.11000061035156,27.945016860961914
2014-08-05,48.40999984741211,27.54669952392578
2014-08-06,48.75,27.740163803100586
2014-08-07,48.130001068115234,27.387365341186523
2014-08-08,47.9900016784668,27.307703018188477
2014-08-11,49.02000045776367,27.893800735473633
2014-08-12,48.83000183105469,27.78568458557129
2014-08-13,48.119998931884766,27.381669998168945
2014-08-14,48.40999984741211,27.54669952392578
2014-08-15,49.41999816894531,28.121416091918945
2014-08-18,50.099998474121094,28.508352279663086
2014-08-19,50.97999954223633,29.009103775024414
2014-08-20,51.040000915527344,29.04323959350586
2014-08-21,51.040000915527344,29.04323959350586
2014-08-22,50.40999984741211,28.684749603271484
2014-08-25,51.130001068115234,29.094459533691406
2014-08-26,51.97999954223633,29.578126907348633
2014-08-27,53.18000030517578,30.260963439941406
2014-08-28,52.7599983215332,30.021970748901367
2014-08-29,53.70000076293945,30.55686378479004
2014-09-02,53.900001525878906,30.67066192626953
2014-09-03,54.0,30.72756576538086
2014-09-04,53.099998474121094,30.215436935424805
2014-09-05,53.15999984741211,30.24958038330078
2014-09-08,51.41999816894531,29.259469985961914
2014-09-09,50.290000915527344,28.616472244262695
2014-09-10,49.79999923706055,28.3376407623291
2014-09-11,49.959999084472656,28.42868995666504
2014-09-12,47.810001373291016,27.205284118652344
2014-09-15,48.369998931884766,27.52393913269043
2014-09-16,49.810001373291016,28.343338012695312
2014-09-17,49.09000015258789,27.933629989624023
2014-09-18,48.369998931884766,27.52393913269043
2014-09-19,47.75,27.171131134033203
2014-09-22,46.5099983215332,26.465539932250977
2014-09-23,46.209999084472656,26.29483413696289
2014-09-24,46.79999923706055,26.63055992126465
2014-09-25,45.41999816894531,25.845298767089844
2014-09-26,46.4900016784668,26.45415687561035
2014-09-29,43.720001220703125,24.87795066833496
2014-09-30,43.45000076293945,24.72430992126465
2014-10-01,41.90999984741211,23.848005294799805
2014-10-02,42.279998779296875,24.058542251586914
2014-10-03,43.380001068115234,24.684480667114258
2014-10-06,46.029998779296875,26.192405700683594
2014-10-07,46.720001220703125,26.585031509399414
2014-10-08,46.95000076293945,26.71590805053711
2014-10-09,46.810001373291016,26.63625144958496
2014-10-10,44.7599983215332,25.469738006591797
2014-10-13,47.27000045776367,26.897998809814453
2014-10-14,47.31999969482422,26.92645263671875
2014-10-15,44.900001525878906,25.54940414428711
2014-10-16,43.279998779296875,24.627573013305664
2014-10-17,45.08000183105469,25.65182876586914
2014-10-20,43.40999984741211,24.70155143737793
2014-10-21,41.689998626708984,23.722820281982422
2014-10-22,41.349998474121094,23.529354095458984
2014-10-23,39.84000015258789,22.670114517211914
2014-10-24,41.56999969482422,23.654541015625
2014-10-27,39.33000183105469,22.379915237426758
2014-10-28,41.290000915527344,23.495203018188477
2014-10-29,41.099998474121094,23.3870906829834
2014-10-30,42.75,24.325990676879883
2014-10-31,43.2400016784668,24.60481834411621
2014-11-03,42.16999816894531,23.995952606201172
2014-11-04,42.40999984741211,24.132518768310547
2014-11-05,42.029998779296875,23.91628646850586
2014-11-06,40.380001068115234,22.977392196655273
2014-11-07,40.97999954223633,23.318809509277344
2014-11-10,40.56999969482422,23.08550453186035
2014-11-11,40.52000045776367,23.057050704956055
2014-11-12,40.52000045776367,23.057050704956055
2014-11-13,39.650001525878906,22.562000274658203
2014-11-14,39.279998779296875,22.351459503173828
2014-11-17,38.900001525878906,22.13522720336914
2014-11-18,39.7599983215332,22.624591827392578
2014-11-19,40.91999816894531,23.28466033935547
2014-11-20,41.130001068115234,23.40416145324707
2014-11-21,43.95000076293945,25.00882339477539
2014-11-24,42.63999938964844,24.263399124145508
2014-11-25,42.689998626708984,24.29184913635254
2014-11-26,43.25,24.61050033569336
2014-11-28,41.849998474121094,23.813852310180664
2014-12-01,40.119998931884766,22.829439163208008
2014-12-02,39.52000045776367,22.488025665283203
2014-12-03,39.869998931884766,22.687183380126953
2014-12-04,39.130001068115234,22.266109466552734
2014-12-05,39.33000183105469,22.379915237426758
2014-12-08,37.91999816894531,21.577579498291016
2014-12-09,37.97999954223633,21.611724853515625
2014-12-10,37.220001220703125,21.17926025390625
2014-12-11,36.63999938964844,20.849224090576172
2014-12-12,35.650001525878906,20.28588104248047
2014-12-15,34.349998474121094,19.546146392822266
2014-12-16,33.81999969482422,19.24456024169922
2014-12-17,35.02000045776367,20.17677116394043
2014-12-18,35.650001525878906,20.539745330810547
2014-12-19,36.0099983215332,20.747156143188477
2014-12-22,36.61000061035156,21.092851638793945
2014-12-23,36.470001220703125,21.012189865112305
2014-12-24,36.560001373291016,21.064043045043945
2014-12-26,36.4900016784668,21.023714065551758
2014-12-29,36.529998779296875,21.046754837036133
2014-12-30,36.7599983215332,21.179271697998047
2014-12-31,36.56999969482422,21.069801330566406
2015-01-02,35.36000061035156,20.372665405273438
2015-01-05,34.150001525878906,19.675525665283203
2015-01-06,34.7599983215332,20.02696990966797
2015-01-07,35.70000076293945,20.56855583190918
2015-01-08,36.27000045776367,20.896955490112305
2015-01-09,36.16999816894531,20.839344024658203
2015-01-12,35.31999969482422,20.3496150970459
2015-01-13,35.709999084472656,20.574308395385742
2015-01-14,36.06999969482422,20.781728744506836
2015-01-15,35.529998779296875,20.470609664916992
2015-01-16,36.720001220703125,21.156225204467773
2015-01-20,36.11000061035156,20.80477523803711
2015-01-21,37.310001373291016,21.496150970458984
2015-01-22,37.90999984741211,21.841840744018555
2015-01-23,36.79999923706055,21.202320098876953
2015-01-26,36.529998779296875,21.046754837036133
2015-01-27,36.970001220703125,21.300262451171875
2015-01-28,35.970001220703125,20.72411346435547
2015-01-29,36.0,20.74139976501465
2015-01-30,34.310001373291016,19.7677059173584
2015-02-02,34.709999084472656,19.99816131591797
2015-02-03,35.689998626708984,20.56279754638672
2015-02-04,35.220001220703125,20.29200553894043
2015-02-05,35.5,20.45332145690918
2015-02-06,34.41999816894531,19.831085205078125
2015-02-09,34.86000061035156,20.0845890045166
2015-02-10,33.84000015258789,19.496912002563477
2015-02-11,33.18000030517578,19.116655349731445
2015-02-12,34.47999954223633,19.865652084350586
2015-02-13,35.04999923706055,20.194053649902344
2015-02-17,35.369998931884766,20.37841796875
2015-02-18,35.38999938964844,20.389949798583984
2015-02-19,34.97999954223633,20.153724670410156
2015-02-20,34.86000061035156,20.0845890045166
2015-02-23,34.75,20.021207809448242
2015-02-24,35.77000045776367,20.608882904052734
2015-02-25,35.13999938964844,20.245906829833984
2015-02-26,34.91999816894531,20.119159698486328
2015-02-27,35.380001068115234,20.384183883666992
2015-03-02,34.5,19.877178192138672
2015-03-03,34.22999954223633,19.72161102294922
2015-03-04,33.2599983215332,19.162748336791992
2015-03-05,32.79999923706055,18.89771842956543
2015-03-06,31.93000030517578,18.39647102355957
2015-03-09,30.770000457763672,17.728134155273438
2015-03-10,30.459999084472656,17.54952621459961
2015-03-11,30.610000610351562,17.635953903198242
2015-03-12,30.360000610351562,17.491918563842773
2015-03-13,29.309999465942383,16.886953353881836
2015-03-16,29.520000457763672,17.007946014404297
2015-03-17,30.459999084472656,17.54952621459961
2015-03-18,31.34000015258789,18.056543350219727
2015-03-19,30.219999313354492,17.4112491607666
2015-03-20,31.540000915527344,18.171772003173828
2015-03-23,32.16999816894531,18.53474235534668
2015-03-24,32.150001525878906,18.52322006225586
2015-03-25,31.639999389648438,18.229385375976562
2015-03-26,30.959999084472656,17.837604522705078
2015-03-27,30.290000915527344,17.45158576965332
2015-03-30,31.09000015258789,17.912498474121094
2015-03-31,31.3700008392334,18.073823928833008
2015-04-01,32.25,18.580833435058594
2015-04-02,33.2400016784668,19.151227951049805
2015-04-06,33.66999816894531,19.398969650268555
2015-04-07,33.5,19.301021575927734
2015-04-08,34.27000045776367,19.744661331176758
2015-04-09,34.189998626708984,19.698564529418945
2015-04-10,34.45000076293945,19.84836769104004
2015-04-13,33.790000915527344,19.468107223510742
2015-04-14,34.380001068115234,19.808034896850586
2015-04-15,35.2400016784668,20.30352783203125
2015-04-16,35.279998779296875,20.326568603515625
2015-04-17,34.529998779296875,19.89445686340332
2015-04-20,34.5,19.877178192138672
2015-04-21,34.4900016784668,19.87141227722168
2015-04-22,35.380001068115234,20.384183883666992
2015-04-23,36.27000045776367,20.896955490112305
2015-04-24,37.16999816894531,21.41549301147461
2015-04-27,36.810001373291016,21.208086013793945
2015-04-28,36.84000015258789,21.225364685058594
2015-04-29,36.400001525878906,20.971860885620117
2015-04-30,36.209999084472656,20.862390518188477
2015-05-01,36.209999084472656,20.862390518188477
2015-05-04,36.130001068115234,20.816295623779297
2015-05-05,36.59000015258789,21.08133316040039
2015-05-06,36.310001373291016,20.920007705688477
2015-05-07,36.470001220703125,21.012189865112305
2015-05-08,37.189998626708984,21.427013397216797
2015-05-11,36.369998931884766,20.954574584960938
2015-05-12,36.52000045776367,21.040998458862305
2015-05-13,36.099998474121094,20.799015045166016
2015-05-14,36.810001373291016,21.208086013793945
2015-05-15,37.130001068115234,21.392452239990234
2015-05-18,36.130001068115234,20.816295623779297
2015-05-19,35.540000915527344,20.476369857788086
2015-05-20,35.599998474121094,20.51093864440918
2015-05-21,35.22999954223633,20.297760009765625
2015-05-22,34.20000076293945,19.704330444335938
2015-05-26,33.040000915527344,19.035993576049805
2015-05-27,33.439998626708984,19.266454696655273
2015-05-28,33.15999984741211,19.105131149291992
2015-05-29,32.27000045776367,18.59235954284668
2015-06-01,32.4900016784668,18.719112396240234
2015-06-02,33.59000015258789,19.352876663208008
2015-06-03,33.27000045776367,19.16851043701172
2015-06-04,32.790000915527344,18.89196014404297
2015-06-05,32.720001220703125,18.85162925720215
2015-06-08,33.04999923706055,19.041759490966797
2015-06-09,33.16999816894531,19.11089515686035
2015-06-10,33.630001068115234,19.375919342041016
2015-06-11,33.650001525878906,19.387449264526367
2015-06-12,33.36000061035156,19.220365524291992
2015-06-15,33.09000015258789,19.06480598449707
2015-06-16,33.81999969482422,19.48539161682129
2015-06-17,33.91999816894531,19.54300308227539
2015-06-18,34.529998779296875,19.89445686340332
2015-06-19,33.79999923706055,19.47386932373047
2015-06-22,34.09000015258789,19.64095115661621
2015-06-23,34.119998931884766,19.65823745727539
2015-06-24,33.84000015258789,19.496912002563477
2015-06-25,32.599998474121094,19.127851486206055
2015-06-26,33.08000183105469,19.409488677978516
2015-06-29,32.52000045776367,19.08091163635254
2015-06-30,32.77000045776367,19.22760009765625
2015-07-01,32.2599983215332,18.928359985351562
2015-07-02,32.97999954223633,19.350814819335938
2015-07-06,31.899999618530273,18.717134475708008
2015-07-07,31.770000457763672,18.64085578918457
2015-07-08,30.760000228881836,18.04823875427246
2015-07-09,31.100000381469727,18.24773597717285
2015-07-10,32.060001373291016,18.811010360717773
2015-07-13,32.61000061035156,19.13372230529785
2015-07-14,32.709999084472656,19.192394256591797
2015-07-15,32.459999084472656,19.04570960998535
2015-07-16,32.33000183105469,18.96942710876465
2015-07-17,31.520000457763672,18.494165420532227
2015-07-20,31.139999389648438,18.27120590209961
2015-07-21,31.290000915527344,18.359224319458008
2015-07-22,30.459999084472656,17.87221908569336
2015-07-23,29.219999313354492,17.144655227661133
2015-07-24,28.5,16.72220230102539
2015-07-27,28.049999237060547,16.458166122436523
2015-07-28,28.530000686645508,16.739809036254883
2015-07-29,29.09000015258789,17.06838035583496
2015-07-30,28.510000228881836,16.728069305419922
2015-07-31,28.690000534057617,16.833683013916016
2015-08-03,28.040000915527344,16.452301025390625
2015-08-04,28.0,16.428834915161133
2015-08-05,27.770000457763672,16.29387855529785
2015-08-06,27.209999084472656,15.96530532836914
2015-08-07,26.780000686645508,15.713003158569336
2015-08-10,27.739999771118164,16.276273727416992
2015-08-11,26.989999771118164,15.836216926574707
2015-08-12,26.780000686645508,15.713003158569336
2015-08-13,26.170000076293945,15.35509204864502
2015-08-14,26.290000915527344,15.425498008728027
2015-08-17,26.15999984741211,15.349220275878906
2015-08-18,26.360000610351562,15.466572761535645
2015-08-19,25.75,15.10865592956543
2015-08-20,26.010000228881836,15.261210441589355
2015-08-21,25.100000381469727,14.727272987365723
2015-08-24,24.010000228881836,14.08771800994873
2015-08-25,23.799999237060547,13.964502334594727
2015-08-26,24.760000228881836,14.52778148651123
2015-08-27,25.979999542236328,15.243613243103027
2015-08-28,25.389999389648438,14.897427558898926
2015-08-31,24.8799991607666,14.598188400268555
2015-09-01,23.729999542236328,13.923431396484375
2015-09-02,23.940000534057617,14.046647071838379
2015-09-03,24.229999542236328,14.216811180114746
2015-09-04,23.100000381469727,13.55378532409668
2015-09-08,23.56999969482422,13.82955551147461
2015-09-09,23.489999771118164,13.782613754272461
2015-09-10,23.149999618530273,13.583123207092285
2015-09-11,22.899999618530273,13.43643569946289
2015-09-14,23.770000457763672,13.946904182434082
2015-09-15,23.59000015258789,13.841289520263672
2015-09-16,24.420000076293945,14.328292846679688
2015-09-17,24.139999389648438,14.164002418518066
2015-09-18,22.729999542236328,13.336688995361328
2015-09-21,22.510000228881836,13.207609176635742
2015-09-22,21.899999618530273,12.84969425201416
2015-09-23,20.989999771118164,12.315756797790527
2015-09-24,21.770000457763672,12.773414611816406
2015-09-25,21.639999389648438,12.697137832641602
2015-09-28,20.639999389648438,12.110394477844238
2015-09-29,20.979999542236328,12.309886932373047
2015-09-30,21.950000762939453,12.879032135009766
2015-10-01,21.940000534057617,12.873161315917969
2015-10-02,23.020000457763672,13.506844520568848
2015-10-05,23.6200008392334,13.858892440795898
2015-10-06,23.850000381469727,13.993843078613281
2015-10-07,24.309999465942383,14.263745307922363
2015-10-08,24.959999084472656,14.645130157470703
2015-10-09,25.25,14.815287590026855
2015-10-12,24.690000534057617,14.486705780029297
2015-10-13,23.40999984741211,13.735678672790527
2015-10-14,23.649999618530273,13.876493453979492
2015-10-15,23.950000762939453,14.052518844604492
2015-10-16,23.729999542236328,13.923431396484375
2015-10-19,23.549999237060547,13.817818641662598
2015-10-20,23.190000534057617,13.606589317321777
2015-10-21,22.889999389648438,13.430567741394043
2015-10-22,23.670000076293945,13.888227462768555
2015-10-23,23.600000381469727,13.847160339355469
2015-10-26,23.290000915527344,13.665265083312988
2015-10-27,23.15999984741211,13.5889892578125
2015-10-28,22.959999084472656,13.471641540527344
2015-10-29,22.780000686645508,13.3660306930542
2015-10-30,22.8700008392334,13.418834686279297
2015-11-02,23.440000534057617,13.753280639648438
2015-11-03,24.770000457763672,14.533646583557129
2015-11-04,24.1200008392334,14.152266502380371
2015-11-05,24.459999084472656,14.351757049560547
2015-11-06,24.100000381469727,14.140525817871094
2015-11-09,23.360000610351562,13.706337928771973
2015-11-10,23.780000686645508,13.95277214050293
2015-11-11,24.280000686645508,14.246142387390137
2015-11-12,23.690000534057617,13.89996337890625
2015-11-13,23.229999542236328,13.630064010620117
2015-11-16,23.959999084472656,14.058382034301758
2015-11-17,23.8799991607666,14.011444091796875
2015-11-18,24.610000610351562,14.439769744873047
2015-11-19,25.1299991607666,14.744872093200684
2015-11-20,25.479999542236328,14.950237274169922
2015-11-23,24.850000381469727,14.580587387084961
2015-11-24,25.229999542236328,14.803549766540527
2015-11-25,24.059999465942383,14.117057800292969
2015-11-27,23.34000015258789,13.69460391998291
2015-11-30,22.520000457763672,13.21347427368164
2015-12-01,22.579999923706055,13.248679161071777
2015-12-02,23.139999389648438,13.57725715637207
2015-12-03,23.90999984741211,14.029048919677734
2015-12-04,23.479999542236328,13.776747703552246
2015-12-07,23.290000915527344,13.665265083312988
2015-12-08,23.309999465942383,13.677000999450684
2015-12-09,23.899999618530273,14.023181915283203
2015-12-10,22.889999389648438,13.430567741394043
2015-12-11,22.469999313354492,13.184133529663086
2015-12-14,22.389999389648438,13.13719654083252
2015-12-15,22.3700008392334,13.125463485717773
2015-12-16,22.850000381469727,13.407099723815918
2015-12-17,22.239999771118164,13.049184799194336
2015-12-18,21.219999313354492,12.45070743560791
2015-12-21,20.739999771118164,12.304171562194824
2015-12-22,20.93000030517578,12.416890144348145
2015-12-23,21.530000686645508,12.772845268249512
2015-12-24,21.489999771118164,12.749115943908691
2015-12-28,21.719999313354492,12.885563850402832
2015-12-29,21.600000381469727,12.814373016357422
2015-12-30,20.790000915527344,12.33383560180664
2015-12-31,20.68000030517578,12.26857852935791
2016-01-04,19.940000534057617,11.829564094543457
2016-01-05,20.219999313354492,11.99567699432373
2016-01-06,19.920000076293945,11.817699432373047
2016-01-07,19.18000030517578,11.37868881225586
2016-01-08,19.09000015258789,11.325294494628906
2016-01-11,18.93000030517578,11.230374336242676
2016-01-12,19.020000457763672,11.283767700195312
2016-01-13,18.579999923706055,11.022732734680176
2016-01-14,19.049999237060547,11.301563262939453
2016-01-15,18.34000015258789,10.880352020263672
2016-01-19,18.229999542236328,10.815093040466309
2016-01-20,17.790000915527344,10.554060935974121
2016-01-21,17.329999923706055,10.28116226196289
2016-01-22,18.079999923706055,10.726105690002441
2016-01-25,17.6299991607666,10.45914077758789
2016-01-26,17.940000534057617,10.643049240112305
2016-01-27,18.18000030517578,10.785429000854492
2016-01-28,18.489999771118164,10.969340324401855
2016-01-29,19.829999923706055,11.764305114746094
2016-02-01,19.8799991607666,11.793971061706543
2016-02-02,18.59000015258789,11.028669357299805
2016-02-03,19.719999313354492,11.699048042297363
2016-02-04,20.549999237060547,12.191450119018555
2016-02-05,20.059999465942383,11.900754928588867
2016-02-08,19.59000015258789,11.621925354003906
2016-02-09,19.31999969482422,11.461745262145996
2016-02-10,19.729999542236328,11.704981803894043
2016-02-11,18.899999618530273,11.212576866149902
2016-02-12,19.34000015258789,11.473609924316406
2016-02-16,19.479999542236328,11.55666732788086
2016-02-17,20.209999084472656,11.989742279052734
2016-02-18,19.690000534057617,11.681251525878906
2016-02-19,19.809999465942383,11.752442359924316
2016-02-22,21.100000381469727,12.517745018005371
2016-02-23,20.549999237060547,12.191450119018555
2016-02-24,20.389999389648438,12.09653091430664
2016-02-25,20.360000610351562,12.078731536865234
2016-02-26,20.010000228881836,11.87109375
2016-02-29,20.489999771118164,12.15585708618164
2016-03-01,21.56999969482422,12.796575546264648
2016-03-02,22.110000610351562,13.116936683654785
2016-03-03,23.739999771118164,14.083948135375977
2016-03-04,24.989999771118164,14.825516700744629
2016-03-07,24.809999465942383,14.718730926513672
2016-03-08,24.920000076293945,14.783988952636719
2016-03-09,25.200000762939453,14.950101852416992
2016-03-10,25.969999313354492,15.406908988952637
2016-03-11,26.15999984741211,15.519627571105957
2016-03-14,25.399999618530273,15.068754196166992
2016-03-15,23.780000686645508,14.107677459716797
2016-03-16,24.299999237060547,14.41617202758789
2016-03-17,26.450000762939453,15.691679954528809
2016-03-18,26.799999237060547,15.899313926696777
2016-03-21,26.90999984741211,15.964573860168457
2016-03-22,26.93000030517578,15.976436614990234
2016-03-23,25.670000076293945,15.228936195373535
2016-03-24,25.68000030517578,15.234868049621582
2016-03-28,26.68000030517578,15.828121185302734
2016-03-29,26.739999771118164,15.86371898651123
2016-03-30,26.860000610351562,15.934907913208008
2016-03-31,26.299999237060547,15.602681159973145
2016-04-01,26.889999389648438,15.952704429626465
2016-04-04,25.549999237060547,15.157739639282227
2016-04-05,25.389999389648438,15.062820434570312
2016-04-06,25.170000076293945,14.932302474975586
2016-04-07,24.959999084472656,14.807722091674805
2016-04-08,26.559999465942383,15.756932258605957
2016-04-11,27.190000534057617,16.130685806274414
2016-04-12,28.100000381469727,16.670551300048828
2016-04-13,28.920000076293945,17.15702247619629
2016-04-14,28.549999237060547,16.937517166137695
2016-04-15,28.59000015258789,16.961246490478516
2016-04-18,27.729999542236328,16.45104217529297
2016-04-19,28.829999923706055,17.10363006591797
2016-04-20,28.559999465942383,16.943450927734375
2016-04-21,28.110000610351562,16.676483154296875
2016-04-22,28.040000915527344,16.634958267211914
2016-04-25,27.65999984741211,16.409517288208008
2016-04-26,28.530000686645508,16.925655364990234
2016-04-27,29.239999771118164,17.346864700317383
2016-04-28,29.290000915527344,17.37652587890625
2016-04-29,29.510000228881836,17.507047653198242
2016-05-02,28.959999084472656,17.18075180053711
2016-05-03,27.700000762939453,16.433250427246094
2016-05-04,28.1299991607666,16.688352584838867
2016-05-05,27.639999389648438,16.39764976501465
2016-05-06,27.959999084472656,16.587491989135742
2016-05-09,27.479999542236328,16.3027286529541
2016-05-10,28.979999542236328,17.192617416381836
2016-05-11,29.030000686645508,17.222280502319336
2016-05-12,29.040000915527344,17.228214263916016
2016-05-13,27.799999237060547,16.492572784423828
2016-05-16,27.989999771118164,16.60529136657715
2016-05-17,27.530000686645508,16.332393646240234
2016-05-18,26.760000228881836,15.875587463378906
2016-05-19,26.479999542236328,15.709471702575684
2016-05-20,26.860000610351562,15.934907913208008
2016-05-23,26.049999237060547,15.454373359680176
2016-05-24,26.239999771118164,15.56709098815918
2016-05-25,26.100000381469727,15.48403549194336
2016-05-26,26.34000015258789,15.626418113708496
2016-05-27,25.799999237060547,15.306057929992676
2016-05-31,25.440000534057617,15.092484474182129
2016-06-01,25.8700008392334,15.347587585449219
2016-06-02,26.440000534057617,15.685742378234863
2016-06-03,27.260000228881836,16.172216415405273
2016-06-06,27.329999923706055,16.2137451171875
2016-06-07,27.6299991607666,16.3917179107666
2016-06-08,29.030000686645508,17.222280502319336
2016-06-09,28.469999313354492,16.890056610107422
2016-06-10,27.209999084472656,16.14255142211914
2016-06-13,26.959999084472656,15.994239807128906
2016-06-14,26.420000076293945,15.673877716064453
2016-06-15,26.709999084472656,15.845918655395508
2016-06-16,27.0,16.017967224121094
2016-06-17,27.440000534057617,16.27899932861328
2016-06-20,28.110000610351562,16.676483154296875
2016-06-21,28.290000915527344,16.78327178955078
2016-06-22,27.93000030517578,16.69242286682129
2016-06-23,29.030000686645508,17.349842071533203
2016-06-24,27.799999237060547,16.614730834960938
2016-06-27,27.34000015258789,16.339811325073242
2016-06-28,28.530000686645508,17.0510196685791
2016-06-29,29.690000534057617,17.744293212890625
2016-06-30,30.18000030517578,18.037141799926758
2016-07-01,30.530000686645508,18.24632453918457
2016-07-05,29.530000686645508,17.648670196533203
2016-07-06,29.350000381469727,17.541091918945312
2016-07-07,29.030000686645508,17.349842071533203
2016-07-08,30.389999389648438,18.16265296936035
2016-07-11,30.68000030517578,18.33597183227539
2016-07-12,30.959999084472656,18.50330924987793
2016-07-13,31.3799991607666,18.754323959350586
2016-07-14,32.0,19.12487030029297
2016-07-15,32.029998779296875,19.142797470092773
2016-07-18,32.599998474121094,19.48345947265625
2016-07-19,32.720001220703125,19.5551815032959
2016-07-20,32.75,19.573110580444336
2016-07-21,32.400001525878906,19.363929748535156
2016-07-22,32.86000061035156,19.638853073120117
2016-07-25,32.41999816894531,19.375885009765625
2016-07-26,32.56999969482422,19.465526580810547
2016-07-27,32.59000015258789,19.477481842041016
2016-07-28,32.220001220703125,19.2563533782959
2016-07-29,33.2400016784668,19.8659610748291
2016-08-01,32.54999923706055,19.453577041625977
2016-08-02,32.2400016784668,19.268308639526367
2016-08-03,33.040000915527344,19.746429443359375
2016-08-04,33.7599983215332,20.17673683166504
2016-08-05,34.130001068115234,20.397869110107422
2016-08-08,34.11000061035156,20.385915756225586
2016-08-09,34.459999084472656,20.595096588134766
2016-08-10,34.119998931884766,20.391895294189453
2016-08-11,34.880001068115234,20.846113204956055
2016-08-12,34.459999084472656,20.595096588134766
2016-08-15,34.84000015258789,20.82220458984375
2016-08-16,34.59000015258789,20.672788619995117
2016-08-17,34.52000045776367,20.630952835083008
2016-08-18,34.31999969482422,20.511423110961914
2016-08-19,34.4900016784668,20.613027572631836
2016-08-22,33.650001525878906,20.110998153686523
2016-08-23,33.459999084472656,19.9974422454834
2016-08-24,33.56999969482422,20.063182830810547
2016-08-25,33.349998474121094,19.931705474853516
2016-08-26,32.97999954223633,19.7105712890625
2016-08-29,33.959999084472656,20.2962703704834
2016-08-30,33.779998779296875,20.18868637084961
2016-08-31,33.52000045776367,20.033302307128906
2016-09-01,33.630001068115234,20.099042892456055
2016-09-02,34.400001525878906,20.559236526489258
2016-09-06,34.97999954223633,20.905874252319336
2016-09-07,34.959999084472656,20.893924713134766
2016-09-08,35.099998474121094,20.97759246826172
2016-09-09,33.08000183105469,19.770334243774414
2016-09-12,33.7400016784668,20.164791107177734
2016-09-13,32.09000015258789,19.17866325378418
2016-09-14,31.969999313354492,19.1069393157959
2016-09-15,32.91999816894531,19.67470932006836
2016-09-16,32.66999816894531,19.525297164916992
2016-09-19,32.779998779296875,19.591035842895508
2016-09-20,33.09000015258789,19.77631378173828
2016-09-21,34.029998779296875,20.338104248046875
2016-09-22,34.279998779296875,20.487520217895508
2016-09-23,33.869998931884766,20.242477416992188
2016-09-26,33.40999984741211,19.96756362915039
2016-09-27,33.93000030517578,20.27834129333496
2016-09-28,34.529998779296875,20.636930465698242
2016-09-29,33.58000183105469,20.069162368774414
2016-09-30,33.72999954223633,20.1588077545166
2016-10-03,34.65999984741211,20.71462631225586
2016-10-04,34.040000915527344,20.34408187866211
2016-10-05,34.91999816894531,20.87001609802246
2016-10-06,35.13999938964844,21.001501083374023
2016-10-07,35.459999084472656,21.19274139404297
2016-10-10,35.869998931884766,21.437786102294922
2016-10-11,35.58000183105469,21.26446533203125
2016-10-12,35.45000076293945,21.1867733001709
2016-10-13,35.83000183105469,21.41387939453125
2016-10-14,36.04999923706055,21.545360565185547
2016-10-17,36.470001220703125,21.796377182006836
2016-10-18,37.36000061035156,22.328283309936523
2016-10-19,37.27000045776367,22.274499893188477
2016-10-20,37.779998779296875,22.579294204711914
2016-10-21,37.77000045776367,22.573322296142578
2016-10-24,38.08000183105469,22.758594512939453
2016-10-25,38.189998626708984,22.824338912963867
2016-10-26,37.84000015258789,22.61515998840332
2016-10-27,37.77000045776367,22.573322296142578
2016-10-28,37.38999938964844,22.34621810913086
2016-10-31,37.7599983215332,22.567350387573242
2016-11-01,36.470001220703125,21.796377182006836
2016-11-02,35.83000183105469,21.41387939453125
2016-11-03,35.5099983215332,21.222627639770508
2016-11-04,35.36000061035156,21.132984161376953
2016-11-07,37.27000045776367,22.274499893188477
2016-11-08,37.540000915527344,22.43586540222168
2016-11-09,36.310001373291016,21.700756072998047
2016-11-10,33.45000076293945,19.991466522216797
2016-11-11,32.5,19.42369842529297
2016-11-14,32.380001068115234,19.351978302001953
2016-11-15,33.470001220703125,20.003419876098633
2016-11-16,33.06999969482422,19.764358520507812
2016-11-17,32.380001068115234,19.351978302001953
2016-11-18,32.59000015258789,19.477481842041016
2016-11-21,33.75,20.17076301574707
2016-11-22,34.16999816894531,20.42177391052246
2016-11-23,33.810001373291016,20.206623077392578
2016-11-25,33.060001373291016,19.758380889892578
2016-11-28,33.90999984741211,20.26639175415039
2016-11-29,33.20000076293945,19.842052459716797
2016-11-30,33.4900016784668,20.01537322998047
2016-12-01,31.479999542236328,18.8140926361084
2016-12-02,31.68000030517578,18.933622360229492
2016-12-05,32.119998931884766,19.19658660888672
2016-12-06,32.68000030517578,19.531272888183594
2016-12-07,33.279998779296875,19.889867782592773
2016-12-08,33.0099983215332,19.72849464416504
2016-12-09,32.81999969482422,19.614944458007812
2016-12-12,32.43000030517578,19.381858825683594
2016-12-13,32.720001220703125,19.5551815032959
2016-12-14,31.5,18.82604217529297
2016-12-15,31.8700008392334,19.04718017578125
2016-12-16,31.530000686645508,18.84397315979004
2016-12-19,31.110000610351562,18.592958450317383
2016-12-20,31.530000686645508,18.84397315979004
2016-12-21,31.299999237060547,18.94384002685547
2016-12-22,31.440000534057617,19.02857208251953
2016-12-23,32.27000045776367,19.530916213989258
2016-12-27,32.529998779296875,19.688276290893555
2016-12-28,33.040000915527344,19.996946334838867
2016-12-29,33.65999984741211,20.372190475463867
2016-12-30,33.34000015258789,20.178512573242188
2017-01-03,34.459999084472656,20.856374740600586
2017-01-04,34.810001373291016,21.068214416503906
2017-01-05,35.220001220703125,21.31635856628418
2017-01-06,34.86000061035156,21.098472595214844
2017-01-09,34.849998474121094,21.092418670654297
2017-01-10,35.25,21.334510803222656
2017-01-11,36.029998779296875,21.806594848632812
2017-01-12,36.41999816894531,22.042634963989258
2017-01-13,35.939998626708984,21.75212860107422
2017-01-17,36.189998626708984,21.903430938720703
2017-01-18,35.65999984741211,21.582656860351562
2017-01-19,36.130001068115234,21.86711883544922
2017-01-20,36.68000030517578,22.200002670288086
2017-01-23,37.66999816894531,22.799177169799805
2017-01-24,37.38999938964844,22.629718780517578
2017-01-25,37.959999084472656,22.97469711303711
2017-01-26,37.58000183105469,22.744714736938477
2017-01-27,37.77000045776367,22.859708786010742
2017-01-30,37.060001373291016,22.429990768432617
2017-01-31,36.869998931884766,22.31498908996582
2017-02-01,37.15999984741211,22.490509033203125
2017-02-02,37.310001373291016,22.581296920776367
2017-02-03,37.599998474121094,22.756820678710938
2017-02-06,37.029998779296875,22.411832809448242
2017-02-07,37.029998779296875,22.411832809448242
2017-02-08,37.58000183105469,22.744714736938477
2017-02-09,37.439998626708984,22.65998077392578
2017-02-10,38.27000045776367,23.162321090698242
2017-02-13,38.5,23.301528930664062
2017-02-14,38.97999954223633,23.592041015625
2017-02-15,40.040000915527344,24.233585357666016
2017-02-16,39.380001068115234,23.83413314819336
2017-02-17,39.2400016784668,23.74939727783203
2017-02-21,40.04999923706055,24.239633560180664
2017-02-22,40.150001525878906,24.300168991088867
2017-02-23,39.54999923706055,23.937026977539062
2017-02-24,38.36000061035156,23.216796875
2017-02-27,38.529998779296875,23.31968116760254
2017-02-28,37.72999954223633,22.835494995117188
2017-03-01,38.97999954223633,23.592041015625
2017-03-02,37.41999816894531,22.64786720275879
2017-03-03,38.58000183105469,23.349946975708008
2017-03-06,38.08000183105469,23.047330856323242
2017-03-07,37.939998626708984,22.96259117126465
2017-03-08,36.810001373291016,22.278682708740234
2017-03-09,36.31999969482422,21.982118606567383
2017-03-10,37.119998931884766,22.466304779052734
2017-03-13,37.349998474121094,22.60550308227539
2017-03-14,36.650001525878906,22.18184471130371
2017-03-15,38.150001525878906,23.08969497680664
2017-03-16,37.849998474121094,22.908117294311523
2017-03-17,37.22999954223633,22.53287696838379
2017-03-20,38.0099983215332,23.004959106445312
2017-03-21,36.709999084472656,22.21815299987793
2017-03-22,36.97999954223633,22.381572723388672
2017-03-23,36.56999969482422,22.133420944213867
2017-03-24,37.119998931884766,22.466304779052734
2017-03-27,37.0099983215332,22.39972686767578
2017-03-28,37.15999984741211,22.490509033203125
2017-03-29,37.959999084472656,22.97469711303711
2017-03-30,37.41999816894531,22.64786720275879
2017-03-31,37.459999084472656,22.67207908630371
2017-04-03,37.900001525878906,22.93838882446289
2017-04-04,38.2400016784668,23.1441707611084
2017-04-05,37.40999984741211,22.641813278198242
2017-04-06,36.779998779296875,22.260522842407227
2017-04-07,37.0,22.393678665161133
2017-04-10,37.099998474121094,22.45419692993164
2017-04-11,37.0,22.393678665161133
2017-04-12,36.91999816894531,22.345258712768555
2017-04-13,36.09000015258789,21.842910766601562
2017-04-17,37.54999923706055,22.726551055908203
2017-04-18,37.279998779296875,22.56313705444336
2017-04-19,36.459999084472656,22.06684112548828
2017-04-20,36.33000183105469,21.988170623779297
2017-04-21,36.15999984741211,21.88528060913086
2017-04-24,37.220001220703125,22.526824951171875
2017-04-25,37.209999084472656,22.520769119262695
2017-04-26,36.86000061035156,22.308944702148438
2017-04-27,36.70000076293945,22.21211051940918
2017-04-28,37.16999816894531,22.496562957763672
2017-05-01,37.470001220703125,22.678133010864258
2017-05-02,38.310001373291016,23.186534881591797
2017-05-03,37.880001068115234,22.92627716064453
2017-05-04,36.900001525878906,22.33315658569336
2017-05-05,37.59000015258789,22.75075912475586
2017-05-08,37.11000061035156,22.460254669189453
2017-05-09,37.79999923706055,22.87786102294922
2017-05-10,38.58000183105469,23.349946975708008
2017-05-11,38.959999084472656,23.579933166503906
2017-05-12,39.7400016784668,24.052017211914062
2017-05-15,40.150001525878906,24.300168991088867
2017-05-16,40.439998626708984,24.475679397583008
2017-05-17,39.13999938964844,23.68887710571289
2017-05-18,32.75,19.821426391601562
2017-05-19,34.959999084472656,21.158994674682617
2017-05-22,33.9900016784668,20.57192611694336
2017-05-23,34.79999923706055,21.062158584594727
2017-05-24,35.18000030517578,21.292146682739258
2017-05-25,34.95000076293945,21.15294647216797
2017-05-26,35.5,21.48582649230957
2017-05-30,35.540000915527344,21.510034561157227
2017-05-31,35.16999816894531,21.286094665527344
2017-06-01,34.88999938964844,21.116634368896484
2017-06-02,34.93000030517578,21.140840530395508
2017-06-05,34.54999923706055,20.91084861755371
2017-06-06,34.959999084472656,21.158994674682617
2017-06-07,35.040000915527344,21.207414627075195
2017-06-08,34.88999938964844,21.116634368896484
2017-06-09,34.2400016784668,20.723228454589844
2017-06-12,33.849998474121094,20.487186431884766
2017-06-13,33.959999084472656,20.553762435913086
2017-06-14,34.31999969482422,20.77164649963379
2017-06-15,33.959999084472656,20.553762435913086
2017-06-16,34.13999938964844,20.66270637512207
2017-06-19,34.310001373291016,20.765596389770508
2017-06-20,32.81999969482422,20.025466918945312
2017-06-21,32.900001525878906,20.074281692504883
2017-06-22,33.099998474121094,20.19631576538086
2017-06-23,33.040000915527344,20.159706115722656
2017-06-26,34.0,20.745458602905273
2017-06-27,33.41999816894531,20.391565322875977
2017-06-28,33.959999084472656,20.72105598449707
2017-06-29,33.81999969482422,20.635629653930664
2017-06-30,34.13999938964844,20.830881118774414
2017-07-03,34.400001525878906,20.989519119262695
2017-07-05,34.45000076293945,21.020034790039062
2017-07-06,33.880001068115234,20.6722412109375
2017-07-07,34.06999969482422,20.78816795349121
2017-07-10,34.65999984741211,21.148164749145508
2017-07-11,35.2400016784668,21.502056121826172
2017-07-12,36.290000915527344,22.142728805541992
2017-07-13,36.54999923706055,22.301374435424805
2017-07-14,36.81999969482422,22.466106414794922
2017-07-17,36.779998779296875,22.44170379638672
2017-07-18,37.119998931884766,22.649160385131836
2017-07-19,37.130001068115234,22.655263900756836
2017-07-20,37.349998474121094,22.78949546813965
2017-07-21,37.060001373291016,22.612548828125
2017-07-24,37.20000076293945,22.69797134399414
2017-07-25,37.130001068115234,22.655263900756836
2017-07-26,37.16999816894531,22.679664611816406
2017-07-27,37.119998931884766,22.649160385131836
2017-07-28,37.38999938964844,22.813905715942383
2017-07-31,37.79999923706055,23.064067840576172
2017-08-01,38.119998931884766,23.259323120117188
2017-08-02,38.540000915527344,23.515588760375977
2017-08-03,38.43000030517578,23.448469161987305
2017-08-04,38.29999923706055,23.3691463470459
2017-08-07,38.810001373291016,23.680330276489258
2017-08-08,38.7400016784668,23.637617111206055
2017-08-09,38.34000015258789,23.3935604095459
2017-08-10,37.61000061035156,22.948139190673828
2017-08-11,38.0,23.186100006103516
2017-08-14,38.04999923706055,23.21660614013672
2017-08-15,38.439998626708984,23.454570770263672
2017-08-16,38.93000030517578,23.753551483154297
2017-08-17,38.220001220703125,23.32033920288086
2017-08-18,39.029998779296875,23.814559936523438
2017-08-21,38.75,23.64372444152832
2017-08-22,39.33000183105469,23.99761962890625
2017-08-23,40.09000015258789,24.46133804321289
2017-08-24,40.29999923706055,24.58946990966797
2017-08-25,40.13999938964844,24.491840362548828
2017-08-28,40.08000183105469,24.45523452758789
2017-08-29,40.13999938964844,24.491840362548828
2017-08-30,39.9900016784668,24.400325775146484
2017-08-31,40.0,24.406421661376953
2017-09-01,40.61000061035156,24.778621673583984
2017-09-05,40.97999954223633,25.004383087158203
2017-09-06,41.88999938964844,25.55962371826172
2017-09-07,42.209999084472656,25.754878997802734
2017-09-08,41.91999816894531,25.577926635742188
2017-09-11,42.54999923706055,25.962329864501953
2017-09-12,42.369998931884766,25.852502822875977
2017-09-13,42.400001525878906,25.87080955505371
2017-09-14,42.65999984741211,26.029451370239258
2017-09-15,43.349998474121094,26.450458526611328
2017-09-18,43.130001068115234,26.31622314453125
2017-09-19,43.060001373291016,26.27351188659668
2017-09-20,43.189998626708984,26.352834701538086
2017-09-21,42.619998931884766,26.00503921508789
2017-09-22,42.72999954223633,26.072158813476562
2017-09-25,41.790000915527344,25.49860954284668
2017-09-26,41.68000030517578,25.43149185180664
2017-09-27,40.91999816894531,24.9677677154541
2017-09-28,40.970001220703125,24.998281478881836
2017-09-29,41.689998626708984,25.437593460083008
2017-10-02,41.720001220703125,25.455896377563477
2017-10-03,43.18000030517578,26.346736907958984
2017-10-04,43.31999969482422,26.432151794433594
2017-10-05,43.119998931884766,26.310117721557617
2017-10-06,42.619998931884766,26.00503921508789
2017-10-09,42.0,25.626747131347656
2017-10-10,42.81999969482422,26.127071380615234
2017-10-11,42.939998626708984,26.200288772583008
2017-10-12,42.7599983215332,26.090463638305664
2017-10-13,43.34000015258789,26.44435691833496
2017-10-16,42.939998626708984,26.200288772583008
2017-10-17,42.63999938964844,26.01724624633789
2017-10-18,42.70000076293945,26.053855895996094
2017-10-19,42.5,25.931821823120117
2017-10-20,42.2599983215332,25.785383224487305
2017-10-23,41.22999954223633,25.156917572021484
2017-10-24,41.5,25.3216609954834
2017-10-25,41.880001068115234,25.55352020263672
2017-10-26,40.630001068115234,24.790822982788086
2017-10-27,41.54999923706055,25.352170944213867
2017-10-30,40.15999984741211,24.50404930114746
2017-10-31,40.16999816894531,24.510149002075195
2017-11-01,39.900001525878906,24.345409393310547
2017-11-02,39.900001525878906,24.345409393310547
2017-11-03,39.310001373291016,23.985408782958984
2017-11-06,40.36000061035156,24.626079559326172
2017-11-07,39.15999984741211,23.89388656616211
2017-11-08,40.29999923706055,24.58946990966797
2017-11-09,39.61000061035156,24.1684627532959
2017-11-10,38.83000183105469,23.692533493041992
2017-11-13,38.95000076293945,23.765758514404297
2017-11-14,37.7400016784668,23.027462005615234
2017-11-15,38.02000045776367,23.198305130004883
2017-11-16,39.2599983215332,23.954904556274414
2017-11-17,39.83000183105469,24.30269432067871
2017-11-20,40.189998626708984,24.522354125976562
2017-11-21,40.43000030517578,24.668792724609375
2017-11-22,40.86000061035156,24.93115997314453
2017-11-24,40.72999954223633,24.851837158203125
2017-11-27,40.59000015258789,24.766416549682617
2017-11-28,41.0,25.016586303710938
2017-11-29,39.65999984741211,24.1989688873291
2017-11-30,38.70000076293945,23.613210678100586
2017-12-01,39.029998779296875,23.814559936523438
2017-12-04,39.63999938964844,24.1867618560791
2017-12-05,39.54999923706055,24.131853103637695
2017-12-06,40.029998779296875,24.424726486206055
2017-12-07,39.04999923706055,23.82676887512207
2017-12-08,39.0099983215332,23.802366256713867
2017-12-11,39.09000015258789,23.851181030273438
2017-12-12,40.09000015258789,24.46133804321289
2017-12-13,38.72999954223633,23.63151741027832
2017-12-14,38.310001373291016,23.37525749206543
2017-12-15,38.7599983215332,23.649826049804688
2017-12-18,39.220001220703125,23.930498123168945
2017-12-19,38.77000045776367,23.878141403198242
2017-12-20,38.81999969482422,23.90894317626953
2017-12-21,39.529998779296875,24.346227645874023
2017-12-22,39.5099983215332,24.33390998840332
2017-12-26,39.9900016784668,24.62953758239746
2017-12-27,40.11000061035156,24.703441619873047
2017-12-28,40.310001373291016,24.857606887817383
2017-12-29,40.45000076293945,24.94394302368164
2018-01-02,41.68000030517578,25.702436447143555
2018-01-03,42.189998626708984,26.016923904418945
2018-01-04,42.470001220703125,26.189594268798828
2018-01-05,42.84000015258789,26.417760848999023
2018-01-08,42.66999816894531,26.312925338745117
2018-01-09,42.34000015258789,26.109426498413086
2018-01-10,42.310001373291016,26.09092903137207
2018-01-11,43.099998474121094,26.57808494567871
2018-01-12,43.22999954223633,26.65825653076172
2018-01-16,43.08000183105469,26.565753936767578
2018-01-17,43.86000061035156,27.0467586517334
2018-01-18,43.959999084472656,27.108423233032227
2018-01-19,44.470001220703125,27.42291831970215
2018-01-22,44.630001068115234,27.521587371826172
2018-01-23,43.65999984741211,26.923425674438477
2018-01-24,46.349998474121094,28.582239151000977
2018-01-25,46.849998474121094,28.890567779541016
2018-01-26,47.33000183105469,29.18656349182129
2018-01-29,46.38999938964844,28.606904983520508
2018-01-30,46.310001373291016,28.557573318481445
2018-01-31,46.59000015258789,28.73023796081543
2018-02-01,46.720001220703125,28.810401916503906
2018-02-02,45.060001373291016,27.7867488861084
2018-02-05,43.459999084472656,26.80008888244629
2018-02-06,45.119998931884766,27.823747634887695
2018-02-07,43.72999954223633,26.966585159301758
2018-02-08,42.290000915527344,26.078598022460938
2018-02-09,43.15999984741211,26.615093231201172
2018-02-12,43.779998779296875,26.997419357299805
2018-02-13,44.0099983215332,27.139253616333008
2018-02-14,45.189998626708984,27.866912841796875
2018-02-15,45.5099983215332,28.064241409301758
2018-02-16,45.540000915527344,28.082746505737305
2018-02-20,45.869998931884766,28.286243438720703
2018-02-21,45.849998474121094,28.273910522460938
2018-02-22,46.2599983215332,28.52674102783203
2018-02-23,46.7400016784668,28.822731018066406
2018-02-26,47.130001068115234,29.0632381439209
2018-02-27,46.290000915527344,28.545238494873047
2018-02-28,45.47999954223633,28.045743942260742
2018-03-01,45.470001220703125,28.039583206176758
2018-03-02,45.599998474121094,28.11974334716797
2018-03-05,45.91999816894531,28.317075729370117
2018-03-06,46.2400016784668,28.514408111572266
2018-03-07,45.619998931884766,28.1320743560791
2018-03-08,45.04999923706055,27.780576705932617
2018-03-09,45.9900016784668,28.360240936279297
2018-03-12,46.220001220703125,28.502071380615234
2018-03-13,45.77000045776367,28.22458267211914
2018-03-14,45.70000076293945,28.181411743164062
2018-03-15,44.65999984741211,27.54008674621582
2018-03-16,44.61000061035156,27.509254455566406
2018-03-19,44.20000076293945,27.256418228149414
2018-03-20,43.91999816894531,27.083749771118164
2018-03-21,44.97999954223633,27.73741912841797
2018-03-22,43.90999984741211,27.07758903503418
2018-03-23,43.86000061035156,27.0467586517334
2018-03-26,44.529998779296875,27.45991325378418
2018-03-27,43.349998474121094,26.73225212097168
2018-03-28,43.540000915527344,26.84941864013672
2018-03-29,44.880001068115234,27.675750732421875
2018-04-02,44.16999816894531,27.2379150390625
2018-04-03,43.810001373291016,27.01592254638672
2018-04-04,43.790000915527344,27.00358772277832
2018-04-05,44.08000183105469,27.182418823242188
2018-04-06,43.41999816894531,26.77541732788086
2018-04-09,41.97999954223633,25.88743019104004
2018-04-10,42.81999969482422,26.405427932739258
2018-04-11,43.40999984741211,26.769258499145508
2018-04-12,43.2599983215332,26.676753997802734
2018-04-13,42.43000030517578,26.16493034362793
2018-04-16,41.880001068115234,25.825759887695312
2018-04-17,42.61000061035156,26.275924682617188
2018-04-18,43.84000015258789,27.0344181060791
2018-04-19,43.599998474121094,26.886425018310547
2018-04-20,43.15999984741211,26.615093231201172
2018-04-23,42.599998474121094,26.269763946533203
2018-04-24,42.38999938964844,26.1402645111084
2018-04-25,42.040000915527344,25.924434661865234
2018-04-26,42.869998931884766,26.436254501342773
2018-04-27,43.060001373291016,26.553424835205078
2018-04-30,42.29999923706055,26.084762573242188
2018-05-01,41.77000045776367,25.757932662963867
2018-05-02,41.08000183105469,25.332433700561523
2018-05-03,40.72999954223633,25.11660385131836
2018-05-04,40.75,25.12894058227539
2018-05-07,40.099998474121094,24.728105545043945
2018-05-08,40.11000061035156,24.73427391052246
2018-05-09,40.47999954223633,24.962432861328125
2018-05-10,41.86000061035156,25.81343650817871
2018-05-11,40.939998626708984,25.24610710144043
2018-05-14,40.650001525878906,25.067272186279297
2018-05-15,40.13999938964844,24.75277328491211
2018-05-16,40.58000183105469,25.024105072021484
2018-05-17,39.08000183105469,24.09911346435547
2018-05-18,38.29999923706055,23.618118286132812
2018-05-21,38.38999938964844,23.673614501953125
2018-05-22,39.369998931884766,24.277942657470703
2018-05-23,38.63999938964844,23.827781677246094
2018-05-24,38.13999938964844,23.519454956054688
2018-05-25,37.25,22.97062110900879
2018-05-29,35.33000183105469,21.786636352539062
2018-05-30,35.68000030517578,22.002466201782227
2018-05-31,35.619998931884766,21.96546173095703
2018-06-01,35.810001373291016,22.082632064819336
2018-06-04,36.41999816894531,22.45879554748535
2018-06-05,34.970001220703125,21.564638137817383
2018-06-06,34.47999954223633,21.26247215270996
2018-06-07,32.709999084472656,20.17098045349121
2018-06-08,34.13999938964844,21.05280876159668
2018-06-11,33.79999923706055,20.843141555786133
2018-06-12,34.15999984741211,21.065141677856445
2018-06-13,33.79999923706055,20.843141555786133
2018-06-14,32.68000030517578,20.152482986450195
2018-06-15,33.040000915527344,20.374481201171875
2018-06-18,32.56999969482422,20.084644317626953
2018-06-19,32.720001220703125,20.511558532714844
2018-06-20,32.540000915527344,20.398719787597656
2018-06-21,31.8799991607666,19.98497772216797
2018-06-22,32.040000915527344,20.08527946472168
2018-06-25,32.31999969482422,20.26080322265625
2018-06-26,32.150001525878906,20.154237747192383
2018-06-27,31.0,19.433320999145508
2018-06-28,31.889999389648438,19.99124526977539
2018-06-29,32.04999923706055,20.0915470123291
2018-07-02,31.8700008392334,19.978708267211914
2018-07-03,32.54999923706055,20.404985427856445
2018-07-05,32.290000915527344,20.241994857788086
2018-07-06,33.18000030517578,20.799922943115234
2018-07-09,33.540000915527344,21.02560043334961
2018-07-10,33.689998626708984,21.119632720947266
2018-07-11,32.7400016784668,20.52409553527832
2018-07-12,33.400001525878906,20.937837600708008
2018-07-13,34.04999923706055,21.34531021118164
2018-07-16,33.88999938964844,21.24500846862793
2018-07-17,34.81999969482422,21.8280086517334
2018-07-18,34.38999938964844,21.558448791503906
2018-07-19,34.5,21.627405166625977
2018-07-20,35.650001525878906,22.348318099975586
2018-07-23,35.33000183105469,22.147720336914062
2018-07-24,36.2400016784668,22.71817970275879
2018-07-25,37.150001525878906,23.288644790649414
2018-07-26,36.11000061035156,22.636688232421875
2018-07-27,36.72999954223633,23.025352478027344
2018-07-30,36.7599983215332,23.044157028198242
2018-07-31,36.099998474121094,22.630414962768555
2018-08-01,35.9900016784668,22.56146240234375
2018-08-02,36.22999954223633,22.711910247802734
2018-08-03,37.54999923706055,23.539392471313477
2018-08-06,37.029998779296875,23.21341323852539
2018-08-07,36.36000061035156,22.793407440185547
2018-08-08,35.900001525878906,22.505043029785156
2018-08-09,35.400001525878906,22.19160270690918
2018-08-10,33.84000015258789,21.21366310119629
2018-08-13,34.02000045776367,21.326501846313477
2018-08-14,34.70000076293945,21.752782821655273
2018-08-15,33.79999923706055,21.188587188720703
2018-08-16,33.630001068115234,21.082015991210938
2018-08-17,33.279998779296875,20.862607955932617
2018-08-20,33.08000183105469,20.73723602294922
2018-08-21,31.979999542236328,20.047657012939453
2018-08-22,32.61000061035156,20.442602157592773
2018-08-23,31.530000686645508,19.76556968688965
2018-08-24,31.969999313354492,20.04139518737793
2018-08-27,32.810001373291016,20.567975997924805
2018-08-28,32.189998626708984,20.179309844970703
2018-08-29,32.79999923706055,20.561708450317383
2018-08-30,31.6299991607666,19.82825469970703
2018-08-31,32.45000076293945,20.34229850769043
2018-09-04,30.959999084472656,19.408245086669922
2018-09-05,31.18000030517578,19.546165466308594
2018-09-06,32.040000915527344,20.08527946472168
2018-09-07,32.5099983215332,20.379911422729492
2018-09-10,32.13999938964844,20.147964477539062
2018-09-11,31.0,19.433320999145508
2018-09-12,31.25,19.59004020690918
2018-09-13,30.719999313354492,19.257795333862305
2018-09-14,31.219999313354492,19.57123565673828
2018-09-17,32.130001068115234,20.141698837280273
2018-09-18,32.529998779296875,20.3924503326416
2018-09-19,32.529998779296875,20.3924503326416
2018-09-20,32.970001220703125,20.66827964782715
2018-09-21,33.7599983215332,21.163511276245117
2018-09-24,32.790000915527344,20.55544090270996
2018-09-25,33.130001068115234,20.768579483032227
2018-09-26,33.650001525878906,21.094558715820312
2018-09-27,34.349998474121094,21.53337287902832
2018-09-28,33.72999954223633,21.144704818725586
2018-10-01,33.709999084472656,21.132171630859375
2018-10-02,35.61000061035156,22.323244094848633
2018-10-03,36.900001525878906,23.13192367553711
2018-10-04,36.5099983215332,22.88743782043457
2018-10-05,36.65999984741211,22.98146629333496
2018-10-08,39.130001068115234,24.529870986938477
2018-10-09,39.58000183105469,24.811962127685547
2018-10-10,38.119998931884766,23.896717071533203
2018-10-11,37.5099983215332,23.51431655883789
2018-10-12,38.61000061035156,24.203889846801758
2018-10-15,38.209999084472656,23.953134536743164
2018-10-16,39.45000076293945,24.730472564697266
2018-10-17,39.88999938964844,25.00629425048828
2018-10-18,38.59000015258789,24.191354751586914
2018-10-19,38.95000076293945,24.417030334472656
2018-10-22,39.779998779296875,24.93734359741211
2018-10-23,39.560001373291016,24.79943084716797
2018-10-24,37.939998626708984,23.783876419067383
2018-10-25,39.0,24.4483699798584
2018-10-26,40.040000915527344,25.100332260131836
2018-10-29,38.630001068115234,24.216426849365234
2018-10-30,40.38999938964844,25.319734573364258
2018-10-31,40.150001525878906,25.16929054260254
2018-11-01,41.04999923706055,25.73348045349121
2018-11-02,41.61000061035156,26.084535598754883
2018-11-05,41.2400016784668,25.852584838867188
2018-11-06,40.56999969482422,25.432575225830078
2018-11-07,40.369998931884766,25.307199478149414
2018-11-08,39.209999084472656,24.580020904541016
2018-11-09,39.459999084472656,24.736736297607422
2018-11-12,38.95000076293945,24.417030334472656
2018-11-13,38.31999969482422,24.022092819213867
2018-11-14,38.91999816894531,24.398218154907227
2018-11-15,39.869998931884766,24.993762969970703
2018-11-16,40.47999954223633,25.37615394592285
2018-11-19,39.90999984741211,25.018831253051758
2018-11-20,38.560001373291016,24.172544479370117
2018-11-21,39.400001525878906,24.699129104614258
2018-11-23,38.70000076293945,24.26030731201172
2018-11-26,37.41999816894531,23.45789909362793
2018-11-27,39.029998779296875,24.467174530029297
2018-11-28,39.810001373291016,24.95615005493164
2018-11-29,39.81999969482422,24.962411880493164
2018-11-30,39.79999923706055,24.94987678527832
2018-12-03,39.9900016784668,25.068986892700195
2018-12-04,39.279998779296875,24.623897552490234
2018-12-06,39.439998626708984,24.72419548034668
2018-12-07,38.65999984741211,24.2352352142334
2018-12-10,37.630001068115234,23.58954620361328
2018-12-11,38.04999923706055,23.852834701538086
2018-12-12,38.689998626708984,24.254037857055664
2018-12-13,38.83000183105469,24.341796875
2018-12-14,38.33000183105469,24.028366088867188
2018-12-17,37.84000015258789,23.7211856842041
2018-12-18,37.65999984741211,23.971986770629883
2018-12-19,36.88999938964844,23.48185157775879
2018-12-20,37.560001373291016,23.9083309173584
2018-12-21,37.13999938964844,23.640989303588867
2018-12-24,36.630001068115234,23.31635284423828
2018-12-26,37.29999923706055,23.74283218383789
2018-12-27,37.75,24.029277801513672
2018-12-28,38.08000183105469,24.23933219909668
2018-12-31,38.20000076293945,24.315715789794922
2019-01-02,40.63999938964844,25.868864059448242
2019-01-03,40.900001525878906,26.03436851501465
2019-01-04,41.81999969482422,26.619979858398438
2019-01-07,41.400001525878906,26.35263442993164
2019-01-08,41.900001525878906,26.6709041595459
2019-01-09,42.959999084472656,27.34563446044922
2019-01-10,42.900001525878906,27.307437896728516
2019-01-11,42.779998779296875,27.231054306030273
2019-01-14,42.97999954223633,27.35836410522461
2019-01-15,42.7400016784668,27.20559310913086
2019-01-16,42.66999816894531,27.16103744506836
2019-01-17,43.02000045776367,27.38382339477539
2019-01-18,43.20000076293945,27.49839973449707
2019-01-22,42.150001525878906,26.830036163330078
2019-01-23,43.290000915527344,27.555692672729492
2019-01-24,43.650001525878906,27.78484344482422
2019-01-25,43.81999969482422,27.893051147460938
2019-01-28,42.869998931884766,27.28834342956543
2019-01-29,43.439998626708984,27.651166915893555
2019-01-30,44.599998474121094,28.389554977416992
2019-01-31,45.369998931884766,28.879688262939453
2019-02-01,45.400001525878906,28.89878273010254
2019-02-04,45.459999084472656,28.936973571777344
2019-02-05,45.209999084472656,28.77783203125
2019-02-06,43.33000183105469,27.58115005493164
2019-02-07,43.04999923706055,27.40291976928711
2019-02-08,43.06999969482422,27.41565704345703
2019-02-11,42.4900016784668,27.046459197998047
2019-02-12,43.70000076293945,27.81667137145996
2019-02-13,43.06999969482422,27.41565704345703
2019-02-14,44.25,28.166765213012695
2019-02-15,44.45000076293945,28.2940731048584
2019-02-19,44.150001525878906,28.103111267089844
2019-02-20,43.7599983215332,27.8548641204834
2019-02-21,43.54999923706055,27.721189498901367
2019-02-22,44.150001525878906,28.103111267089844
2019-02-25,43.91999816894531,27.956707000732422
2019-02-26,44.099998474121094,28.07128143310547
2019-02-27,44.15999984741211,28.10947608947754
2019-02-28,43.0,27.371095657348633
2019-03-01,42.349998474121094,26.95734214782715
2019-03-04,42.369998931884766,26.970073699951172
2019-03-05,42.689998626708984,27.173770904541016
2019-03-06,41.5,26.41628646850586
2019-03-07,41.18000030517578,26.212594985961914
2019-03-08,41.66999816894531,26.524497985839844
2019-03-11,43.06999969482422,27.41565704345703
2019-03-12,43.279998779296875,27.5493221282959
2019-03-13,43.75,27.848499298095703
2019-03-14,43.209999084472656,27.50476837158203
2019-03-15,43.689998626708984,27.810304641723633
2019-03-18,44.400001525878906,28.26224136352539
2019-03-19,44.349998474121094,28.23042106628418
2019-03-20,44.0099983215332,28.013994216918945
2019-03-21,43.0,27.371095657348633
2019-03-22,40.43000030517578,25.735193252563477
2019-03-25,40.939998626708984,26.059823989868164
2019-03-26,41.619998931884766,26.49266815185547
2019-03-27,39.279998779296875,25.003175735473633
2019-03-28,40.68000030517578,25.894325256347656
2019-03-29,40.9900016784668,26.091655731201172
2019-04-01,41.79999923706055,26.607254028320312
2019-04-02,41.77000045776367,26.588151931762695
2019-04-03,41.18000030517578,26.212594985961914
2019-04-04,42.099998474121094,26.7982120513916
2019-04-05,42.290000915527344,26.919145584106445
2019-04-08,42.650001525878906,27.148305892944336
2019-04-09,42.08000183105469,26.785480499267578
2019-04-10,42.25,26.893695831298828
2019-04-11,41.470001220703125,26.397192001342773
2019-04-12,40.31999969482422,25.66517448425293
2019-04-15,40.619998931884766,25.85613441467285
2019-04-16,40.790000915527344,25.964344024658203
2019-04-17,40.04999923706055,25.49330711364746
2019-04-18,40.459999084472656,25.754291534423828
2019-04-22,40.4900016784668,25.77338218688965
2019-04-23,41.13999938964844,26.187137603759766
2019-04-24,40.09000015258789,25.51877212524414
2019-04-25,41.08000183105469,26.148941040039062
2019-04-26,41.25,26.257156372070312
2019-04-29,41.22999954223633,26.244422912597656
2019-04-30,41.38999938964844,26.34626579284668
2019-05-01,40.70000076293945,25.907058715820312
2019-05-02,40.650001525878906,25.875234603881836
2019-05-03,41.189998626708984,26.21895980834961
2019-05-06,40.459999084472656,25.754291534423828
2019-05-07,40.119998931884766,25.537870407104492
2019-05-08,40.90999984741211,26.04073143005371
2019-05-09,40.290000915527344,25.64607810974121
2019-05-10,40.25,25.620615005493164
2019-05-13,38.84000015258789,24.72309684753418
2019-05-14,38.970001220703125,24.805849075317383
2019-05-15,38.439998626708984,24.468482971191406
2019-05-16,37.650001525878906,23.965621948242188
2019-05-17,36.9900016784668,23.545509338378906
2019-05-20,37.720001220703125,24.010177612304688
2019-05-21,39.2599983215332,24.990447998046875
2019-05-22,39.36000061035156,25.05409812927246
2019-05-23,39.09000015258789,24.882230758666992
2019-05-24,39.220001220703125,24.964984893798828
2019-05-28,40.279998779296875,25.63971519470215
2019-05-29,40.91999816894531,26.047094345092773
2019-05-30,41.36000061035156,26.327171325683594
2019-05-31,41.650001525878906,26.511775970458984
2019-06-03,41.959999084472656,26.709091186523438
2019-06-04,42.560001373291016,27.091018676757812
2019-06-05,41.560001373291016,26.454479217529297
2019-06-06,42.220001220703125,26.87459373474121
2019-06-07,42.599998474121094,27.116474151611328
2019-06-10,42.27000045776367,26.906421661376953
2019-06-11,43.349998474121094,27.593881607055664
2019-06-12,42.779998779296875,27.231054306030273
2019-06-13,43.209999084472656,27.50476837158203
2019-06-14,42.2400016784668,26.887325286865234
2019-06-17,41.709999084472656,26.887971878051758
2019-06-18,42.810001373291016,27.59708023071289
2019-06-19,43.29999923706055,27.91295051574707
2019-06-20,44.18000030517578,28.48023223876953
2019-06-21,44.369998931884766,28.602712631225586
2019-06-24,44.380001068115234,28.609169006347656
2019-06-25,43.20000076293945,27.84848403930664
2019-06-26,43.54999923706055,28.07411003112793
2019-06-27,43.689998626708984,28.16436004638672
2019-06-28,43.720001220703125,28.183698654174805
2019-07-01,43.880001068115234,28.286840438842773
2019-07-02,43.47999954223633,28.028987884521484
2019-07-03,43.880001068115234,28.286840438842773
2019-07-05,45.2400016784668,29.16354751586914
2019-07-08,45.56999969482422,29.376283645629883
2019-07-09,46.02000045776367,29.66637420654297
2019-07-10,46.72999954223633,30.12406349182129
2019-07-11,46.56999969482422,30.02092742919922
2019-07-12,46.33000183105469,29.866209030151367
2019-07-15,45.88999938964844,29.582569122314453
2019-07-16,45.720001220703125,29.47298240661621
2019-07-17,45.970001220703125,29.634140014648438
2019-07-18,46.66999816894531,30.085386276245117
2019-07-19,46.02000045776367,29.66637420654297
2019-07-22,46.189998626708984,29.775962829589844
2019-07-23,45.70000076293945,29.460086822509766
2019-07-24,45.939998626708984,29.614803314208984
2019-07-25,45.09000015258789,29.06685447692871
2019-07-26,45.439998626708984,29.292482376098633
2019-07-29,45.4900016784668,29.32472038269043
2019-07-30,45.16999816894531,29.11842918395996
2019-07-31,44.5,28.686519622802734
2019-08-01,44.130001068115234,28.447999954223633
2019-08-02,43.91999816894531,28.312625885009766
2019-08-05,42.13999938964844,27.165163040161133
2019-08-06,42.93000030517578,27.67443084716797
2019-08-07,43.189998626708984,27.84203338623047
2019-08-08,44.27000045776367,28.538257598876953
2019-08-09,43.9900016784668,28.357751846313477
2019-08-12,42.59000015258789,27.455257415771484
2019-08-13,43.439998626708984,28.003196716308594
2019-08-14,41.349998474121094,26.655899047851562
2019-08-15,41.36000061035156,26.662342071533203
2019-08-16,41.650001525878906,26.849300384521484
2019-08-19,40.75,26.269119262695312
2019-08-20,40.88999938964844,26.359365463256836
2019-08-21,41.970001220703125,27.055578231811523
2019-08-22,40.90999984741211,26.372257232666016
2019-08-23,39.5099983215332,25.469755172729492
2019-08-26,38.88999938964844,25.07008171081543
2019-08-27,39.029998779296875,25.16033363342285
2019-08-28,39.459999084472656,25.437528610229492
2019-08-29,40.290000915527344,25.97258186340332
2019-08-30,40.9900016784668,26.423831939697266
2019-09-03,39.93000030517578,25.740510940551758
2019-09-04,41.189998626708984,26.55275535583496
2019-09-05,41.61000061035156,26.82350730895996
2019-09-06,42.130001068115234,27.158721923828125
2019-09-09,42.130001068115234,27.158721923828125
2019-09-10,42.0099983215332,27.08135986328125
2019-09-11,42.61000061035156,27.46814727783203
2019-09-12,42.9900016784668,27.713115692138672
2019-09-13,42.279998779296875,27.25541877746582
2019-09-16,42.349998474121094,27.300537109375
2019-09-17,42.86000061035156,27.629310607910156
2019-09-18,42.61000061035156,27.46814727783203
2019-09-19,41.91999816894531,27.02334213256836
2019-09-20,42.20000076293945,27.203847885131836
2019-09-23,41.84000015258789,26.971771240234375
2019-09-24,41.66999816894531,26.8621826171875
2019-09-25,41.959999084472656,27.04912757873535
2019-09-26,42.2599983215332,27.24252700805664
2019-09-27,42.22999954223633,27.22318458557129
2019-09-30,42.130001068115234,27.158721923828125
2019-10-01,41.68000030517578,26.868633270263672
2019-10-02,40.779998779296875,26.288454055786133
2019-10-03,41.20000076293945,26.559202194213867
2019-10-04,42.11000061035156,27.145832061767578
2019-10-07,40.869998931884766,26.346467971801758
2019-10-08,40.58000183105469,26.15953254699707
2019-10-09,41.130001068115234,26.51407814025879
2019-10-10,41.16999816894531,26.539859771728516
2019-10-11,42.22999954223633,27.22318458557129
2019-10-14,42.130001068115234,27.158721923828125
2019-10-15,41.79999923706055,26.945993423461914
2019-10-16,42.36000061035156,27.306991577148438
2019-10-17,42.040000915527344,27.100704193115234
2019-10-18,42.41999816894531,27.345666885375977
2019-10-21,42.79999923706055,27.590627670288086
2019-10-22,43.849998474121094,28.26749610900879
2019-10-23,44.459999084472656,28.660728454589844
2019-10-24,44.130001068115234,28.447999954223633
2019-10-25,44.66999816894531,28.79610824584961
2019-10-28,45.130001068115234,29.09264373779297
2019-10-29,44.619998931884766,28.76386833190918
2019-10-30,45.279998779296875,29.189334869384766
2019-10-31,44.599998474121094,28.75098419189453
2019-11-01,45.09000015258789,29.06685447692871
2019-11-04,45.02000045776367,29.0217342376709
2019-11-05,45.25,29.169998168945312
2019-11-06,44.34000015258789,28.583377838134766
2019-11-07,44.529998779296875,28.705852508544922
2019-11-08,43.02000045776367,27.732446670532227
2019-11-11,43.619998931884766,28.11923599243164
2019-11-12,42.790000915527344,27.584182739257812
2019-11-13,42.400001525878906,27.332778930664062
2019-11-14,42.47999954223633,27.384336471557617
2019-11-15,43.02000045776367,27.732446670532227
2019-11-18,42.209999084472656,27.210290908813477
2019-11-19,42.0,27.074914932250977
2019-11-20,41.959999084472656,27.04912757873535
2019-11-21,42.77000045776367,27.571287155151367
2019-11-22,43.15999984741211,27.822702407836914
2019-11-25,42.709999084472656,27.532608032226562
2019-11-26,42.099998474121094,27.139381408691406
2019-11-27,42.099998474121094,27.139381408691406
2019-11-29,42.470001220703125,27.377901077270508
2019-12-02,43.06999969482422,27.76468849182129
2019-12-03,43.119998931884766,27.796913146972656
2019-12-04,43.61000061035156,28.1127872467041
2019-12-05,44.0099983215332,28.370643615722656
2019-12-06,44.709999084472656,28.821889877319336
2019-12-09,44.59000015258789,28.744529724121094
2019-12-10,44.40999984741211,28.628501892089844
2019-12-11,44.91999816894531,28.957263946533203
2019-12-12,45.79999923706055,29.524545669555664
2019-12-13,45.689998626708984,29.453636169433594
2019-12-16,45.560001373291016,29.745485305786133
2019-12-17,45.529998779296875,29.725887298583984
2019-12-18,46.189998626708984,30.156797409057617
2019-12-19,46.54999923706055,30.3918399810791
2019-12-20,46.25,30.19597816467285
2019-12-23,46.70000076293945,30.489768981933594
2019-12-24,46.65999984741211,30.463651657104492
2019-12-26,47.689998626708984,31.13611602783203
2019-12-27,47.310001373291016,30.888036727905273
2019-12-30,47.20000076293945,30.879531860351562
2019-12-31,47.45000076293945,31.043087005615234
2020-01-02,48.40999984741211,31.6711368560791
2020-01-03,47.9900016784668,31.396360397338867
2020-01-06,47.25,30.912235260009766
2020-01-07,47.220001220703125,30.89260482788086
2020-01-08,47.0099983215332,30.755224227905273
2020-01-09,46.650001525878906,30.519702911376953
2020-01-10,46.27000045776367,30.27109146118164
2020-01-13,46.66999816894531,30.53278160095215
2020-01-14,46.81999969482422,30.630922317504883
2020-01-15,45.75,29.930898666381836
2020-01-16,45.880001068115234,30.015945434570312
2020-01-17,46.7599983215332,30.59166717529297
2020-01-21,45.66999816894531,29.878551483154297
2020-01-22,46.5099983215332,30.4281063079834
2020-01-23,47.060001373291016,30.787931442260742
2020-01-24,46.4900016784668,30.415023803710938
2020-01-27,44.75,29.27666664123535
2020-01-28,45.77000045776367,29.94398307800293
2020-01-29,44.959999084472656,29.41405487060547
2020-01-30,44.810001373291016,29.3159236907959
2020-01-31,43.7599983215332,28.628984451293945
2020-02-03,44.43000030517578,29.067310333251953
2020-02-04,44.720001220703125,29.257047653198242
2020-02-05,44.9900016784668,29.43368148803711
2020-02-06,44.16999816894531,28.897212982177734
2020-02-07,43.380001068115234,28.380380630493164
2020-02-10,42.9900016784668,28.125232696533203
2020-02-11,43.90999984741211,28.727121353149414
2020-02-12,44.11000061035156,28.85795783996582
2020-02-13,43.66999816894531,28.57010269165039
2020-02-14,43.86000061035156,28.694406509399414
2020-02-18,43.31999969482422,28.341123580932617
2020-02-19,43.90999984741211,28.727121353149414
2020-02-20,42.84000015258789,28.02709197998047
2020-02-21,42.459999084472656,27.778484344482422
2020-02-24,40.34000015258789,26.391521453857422
2020-02-25,39.77000045776367,26.018617630004883
2020-02-26,39.20000076293945,25.645708084106445
2020-02-27,37.779998779296875,24.716707229614258
2020-02-28,38.36000061035156,25.09615135192871
2020-03-02,39.38999938964844,25.770008087158203
2020-03-03,38.4900016784668,25.181209564208984
2020-03-04,38.779998779296875,25.370933532714844
2020-03-05,36.65999984741211,23.98396873474121
2020-03-06,35.099998474121094,22.9633731842041
2020-03-09,29.790000915527344,19.489425659179688
2020-03-10,32.810001373291016,21.465194702148438
2020-03-11,29.68000030517578,19.417465209960938
2020-03-12,24.739999771118164,16.185583114624023
2020-03-13,29.100000381469727,19.03801155090332
2020-03-16,22.3799991607666,14.641600608825684
2020-03-17,25.299999237060547,16.55194854736328
2020-03-18,21.389999389648438,13.993918418884277
2020-03-19,22.200000762939453,14.523841857910156
2020-03-20,22.329999923706055,14.608891487121582
2020-03-23,20.81999969482422,13.62100887298584
2020-03-24,23.329999923706055,15.2631196975708
2020-03-25,25.040000915527344,16.381853103637695
2020-03-26,26.18000030517578,17.127668380737305
2020-03-27,23.790000915527344,15.564064979553223
2020-03-30,24.0,15.701451301574707
2020-03-31,23.559999465942383,15.413592338562012
2020-04-01,22.56999969482422,14.765904426574707
2020-04-02,23.059999465942383,15.086477279663086
2020-04-03,21.790000915527344,14.255611419677734
2020-04-06,23.459999084472656,15.34817123413086
2020-04-07,24.489999771118164,16.022024154663086
2020-04-08,25.649999618530273,16.780927658081055
2020-04-09,25.649999618530273,16.780927658081055
2020-04-13,25.459999084472656,16.656627655029297
2020-04-14,25.799999237060547,16.87906265258789
2020-04-15,25.170000076293945,16.46689796447754
2020-04-16,24.68000030517578,16.146326065063477
2020-04-17,25.229999542236328,16.506155014038086
2020-04-20,24.920000076293945,16.303342819213867
2020-04-21,24.100000381469727,15.766877174377441
2020-04-22,24.959999084472656,16.329509735107422
2020-04-23,24.0,15.701451301574707
2020-04-24,22.15999984741211,14.497672080993652
2020-04-27,23.100000381469727,15.11264705657959
2020-04-28,24.559999465942383,16.067821502685547
2020-04-29,25.93000030517578,16.964113235473633
2020-04-30,24.670000076293945,16.13978385925293
2020-05-01,23.579999923706055,15.426678657531738
2020-05-04,23.8799991607666,15.622943878173828
2020-05-05,23.68000030517578,15.49209976196289
2020-05-06,23.170000076293945,15.158441543579102
2020-05-07,22.43000030517578,14.674312591552734
2020-05-08,23.420000076293945,15.322003364562988
2020-05-11,22.670000076293945,14.83133316040039
2020-05-12,22.110000610351562,14.464964866638184
2020-05-13,22.020000457763672,14.406085968017578
2020-05-14,22.6299991607666,14.805161476135254
2020-05-15,22.25,14.556556701660156
2020-05-18,23.709999084472656,15.511726379394531
2020-05-19,23.420000076293945,15.322003364562988
2020-05-20,23.799999237060547,15.570609092712402
2020-05-21,24.799999237060547,16.224834442138672
2020-05-22,24.65999984741211,16.133241653442383
2020-05-26,26.59000015258789,17.395902633666992
2020-05-27,27.799999237060547,18.187515258789062
2020-05-28,26.93000030517578,17.618337631225586
2020-05-29,27.190000534057617,17.788434982299805
2020-06-01,27.5,17.991249084472656
2020-06-02,29.100000381469727,19.03801155090332
2020-06-03,30.389999389648438,19.88196563720703
2020-06-04,30.329999923706055,19.842708587646484
2020-06-05,31.5,20.608156204223633
2020-06-08,33.27000045776367,21.766138076782227
2020-06-09,32.83000183105469,21.47827911376953
2020-06-10,31.780000686645508,20.79134178161621
2020-06-11,29.290000915527344,19.162317276000977
2020-06-12,30.389999389648438,19.88196563720703
2020-06-15,29.530000686645508,19.548978805541992
2020-06-16,29.350000381469727,19.429819107055664
2020-06-17,29.780000686645508,19.714481353759766
2020-06-18,29.389999389648438,19.456298828125
2020-06-19,29.700000762939453,19.661516189575195
2020-06-22,29.65999984741211,19.635038375854492
2020-06-23,30.530000686645508,20.210979461669922
2020-06-24,29.040000915527344,19.22459602355957
2020-06-25,29.65999984741211,19.635038375854492
2020-06-26,28.200000762939453,18.668514251708984
2020-06-29,28.950000762939453,19.165014266967773
2020-06-30,28.760000228881836,19.039236068725586
2020-07-01,29.700000762939453,19.661516189575195
2020-07-02,29.459999084472656,19.502635955810547
2020-07-06,30.399999618530273,20.124919891357422
2020-07-07,29.729999542236328,19.681379318237305
2020-07-08,30.690000534057617,20.31690216064453
2020-07-09,30.459999084472656,20.164640426635742
2020-07-10,30.790000915527344,20.38310432434082
2020-07-13,30.0,19.860118865966797
2020-07-14,30.770000457763672,20.36985969543457
2020-07-15,31.030000686645508,20.541982650756836
2020-07-16,30.90999984741211,20.462543487548828
2020-07-17,31.34000015258789,20.747207641601562
2020-07-20,32.02000045776367,21.19736671447754
2020-07-21,32.689998626708984,21.640911102294922
2020-07-22,33.5,22.17713165283203
2020-07-23,32.18000030517578,21.303287506103516
2020-07-24,32.290000915527344,21.37610626220703
2020-07-27,33.279998779296875,22.031494140625
2020-07-28,33.09000015258789,21.905710220336914
2020-07-29,33.47999954223633,22.163888931274414
2020-07-30,33.38999938964844,22.104312896728516
2020-07-31,32.540000915527344,21.541608810424805
2020-08-03,31.8700008392334,21.09807014465332
2020-08-04,31.510000228881836,20.8597469329834
2020-08-05,31.90999984741211,21.124544143676758
2020-08-06,32.040000915527344,21.210609436035156
2020-08-07,31.25,20.687623977661133
2020-08-10,31.170000076293945,20.63466453552246
2020-08-11,30.989999771118164,20.515501022338867
2020-08-12,30.81999969482422,20.40296173095703
2020-08-13,30.75,20.35662078857422
2020-08-14,30.719999313354492,20.336759567260742
2020-08-17,29.850000381469727,19.760814666748047
2020-08-18,30.700000762939453,20.323522567749023
2020-08-19,29.850000381469727,19.760814666748047
2020-08-20,29.920000076293945,19.807157516479492
2020-08-21,29.649999618530273,19.62841796875
2020-08-24,29.93000030517578,19.813777923583984
2020-08-25,30.18000030517578,19.97928237915039
2020-08-26,29.31999969482422,19.409957885742188
2020-08-27,29.520000457763672,19.542354583740234
2020-08-28,30.889999389648438,20.449302673339844
2020-08-31,29.81999969482422,19.7409610748291
2020-09-01,31.059999465942383,20.56184196472168
2020-09-02,31.110000610351562,20.594947814941406
2020-09-03,31.100000381469727,20.58832359313965
2020-09-04,31.190000534057617,20.647905349731445
2020-09-08,30.329999923706055,20.078580856323242
2020-09-09,31.219999313354492,20.667762756347656
2020-09-10,30.219999313354492,20.005760192871094
2020-09-11,30.09000015258789,19.919700622558594
2020-09-14,31.06999969482422,20.568464279174805
2020-09-15,30.920000076293945,20.469161987304688
2020-09-16,30.979999542236328,20.50888442993164
2020-09-17,31.229999542236328,20.67438507080078
2020-09-18,29.799999237060547,19.72771644592285
2020-09-21,29.350000381469727,19.429819107055664
2020-09-22,29.059999465942383,19.237836837768555
2020-09-23,28.059999465942383,18.575828552246094
2020-09-24,28.809999465942383,19.072336196899414
2020-09-25,28.6200008392334,18.946552276611328
2020-09-28,27.459999084472656,18.178630828857422
2020-09-29,27.170000076293945,17.98664665222168
2020-09-30,27.65999984741211,18.311025619506836
2020-10-01,27.670000076293945,18.31764793395996
2020-10-02,27.15999984741211,17.980022430419922
2020-10-05,28.3799991607666,18.787673950195312
2020-10-06,27.969999313354492,18.51624870300293
2020-10-07,27.90999984741211,18.476530075073242
2020-10-08,28.719999313354492,19.012752532958984
2020-10-09,28.959999084472656,19.171632766723633
2020-10-12,29.31999969482422,19.409957885742188
2020-10-13,29.049999237060547,19.231212615966797
2020-10-14,29.139999389648438,19.290794372558594
2020-10-15,28.920000076293945,19.145158767700195
2020-10-16,28.65999984741211,18.973031997680664
2020-10-19,28.8799991607666,19.11867332458496
2020-10-20,29.3799991607666,19.449674606323242
2020-10-21,29.31999969482422,19.409957885742188
2020-10-22,29.84000015258789,19.75419807434082
2020-10-23,29.489999771118164,19.522497177124023
2020-10-26,29.559999465942383,19.568838119506836
2020-10-27,28.719999313354492,19.012752532958984
2020-10-28,27.170000076293945,17.98664665222168
2020-10-29,27.520000457763672,18.21834945678711
2020-10-30,26.860000610351562,17.781429290771484
2020-11-02,27.170000076293945,17.98664665222168
2020-11-03,27.520000457763672,18.21834945678711
2020-11-04,28.389999389648438,18.794294357299805
2020-11-05,29.8799991607666,19.780677795410156
2020-11-06,30.760000228881836,20.363239288330078
2020-11-09,31.420000076293945,20.8001651763916
2020-11-10,31.739999771118164,21.012004852294922
2020-11-11,31.770000457763672,21.0318660736084
2020-11-12,30.739999771118164,20.350006103515625
2020-11-13,31.31999969482422,20.733963012695312
2020-11-16,32.099998474121094,21.250328063964844
2020-11-17,32.9900016784668,21.839513778686523
2020-11-18,32.369998931884766,21.42906951904297
2020-11-19,32.90999984741211,21.78655242919922
2020-11-20,32.16999816894531,21.29666519165039
2020-11-23,32.349998474121094,21.41582679748535
2020-11-24,33.439998626708984,22.137413024902344
2020-11-25,33.86000061035156,22.415454864501953
2020-11-27,34.029998779296875,22.527996063232422
2020-11-30,33.25,22.011629104614258
2020-12-01,34.88999938964844,23.09731674194336
2020-12-02,34.880001068115234,23.090696334838867
2020-12-03,35.470001220703125,23.48128318786621
2020-12-04,36.150001525878906,23.931446075439453
2020-12-07,36.16999816894531,23.944683074951172
2020-12-08,36.25,23.99764633178711
2020-12-09,35.650001525878906,23.60044288635254
2020-12-10,37.38999938964844,24.75232696533203
2020-12-11,37.13999938964844,24.586824417114258
2020-12-14,36.22999954223633,24.16397476196289
2020-12-15,37.02000045776367,24.690872192382812
2020-12-16,37.5099983215332,25.01768684387207
2020-12-17,37.88999938964844,25.271127700805664
2020-12-18,37.70000076293945,25.144405364990234
2020-12-21,36.619998931884766,24.42408561706543
2020-12-22,36.599998474121094,24.410747528076172
2020-12-23,36.65999984741211,24.450763702392578
2020-12-24,36.959999084472656,24.65085792541504
2020-12-28,36.810001373291016,24.550809860229492
2020-12-29,37.22999954223633,24.830934524536133
2020-12-30,37.150001525878906,24.77758026123047
2020-12-31,37.06999969482422,24.72422218322754
2021-01-04,36.56999969482422,24.390743255615234
2021-01-05,36.779998779296875,24.53080177307129
2021-01-06,36.630001068115234,24.430757522583008
2021-01-07,37.15999984741211,24.784244537353516
2021-01-08,37.70000076293945,25.144405364990234
2021-01-11,36.40999984741211,24.284025192260742
2021-01-12,38.06999969482422,25.391183853149414
2021-01-13,37.31999969482422,24.890960693359375
2021-01-14,38.61000061035156,25.751340866088867
2021-01-15,36.88999938964844,24.604164123535156
2021-01-19,36.68000030517578,24.46410369873047
2021-01-20,36.65999984741211,24.450763702392578
2021-01-21,35.97999954223633,23.997236251831055
2021-01-22,35.040000915527344,23.37029266357422
2021-01-25,34.52000045776367,23.02347183227539
2021-01-26,35.38999938964844,23.603727340698242
2021-01-27,34.79999923706055,23.210222244262695
2021-01-28,35.4900016784668,23.670425415039062
2021-01-29,34.189998626708984,22.80337142944336
2021-02-01,34.91999816894531,23.290254592895508
2021-02-02,35.68000030517578,23.797143936157227
2021-02-03,36.029998779296875,24.030582427978516
2021-02-04,35.47999954223633,23.663753509521484
2021-02-05,36.22999954223633,24.16397476196289
2021-02-08,36.27000045776367,24.190650939941406
2021-02-09,36.0099983215332,24.017244338989258
2021-02-10,35.70000076293945,23.810483932495117
2021-02-11,35.959999084472656,23.983896255493164
2021-02-12,36.029998779296875,24.030582427978516
2021-02-16,36.22999954223633,24.16397476196289
2021-02-17,36.11000061035156,24.083942413330078
2021-02-18,35.58000183105469,23.730451583862305
2021-02-19,35.68000030517578,23.797143936157227
2021-02-22,33.470001220703125,22.323162078857422
2021-02-23,34.380001068115234,22.930097579956055
2021-02-24,34.72999954223633,23.16353416442871
2021-02-25,33.02000045776367,22.023029327392578
2021-02-26,31.899999618530273,21.276037216186523
2021-03-01,31.84000015258789,21.23601722717285
2021-03-02,32.11000061035156,21.416095733642578
2021-03-03,32.189998626708984,21.469449996948242
2021-03-04,32.31999969482422,21.556161880493164
2021-03-05,32.9900016784668,22.003023147583008
2021-03-08,31.040000915527344,20.702449798583984
2021-03-09,31.260000228881836,20.84918212890625
2021-03-10,32.33000183105469,21.562828063964844
2021-03-11,33.66999816894531,22.45655632019043
2021-03-12,33.290000915527344,22.203113555908203
2021-03-15,33.040000915527344,22.0363712310791
2021-03-16,32.900001525878906,21.942996978759766
2021-03-17,33.849998474121094,22.57660675048828
2021-03-18,33.43000030517578,22.296485900878906
2021-03-19,34.25,22.843393325805664
2021-03-22,33.72999954223633,22.496572494506836
2021-03-23,33.209999084472656,22.149751663208008
2021-03-24,32.130001068115234,21.4294376373291
2021-03-25,32.43000030517578,21.62952423095703
2021-03-26,32.40999984741211,21.616188049316406
2021-03-29,32.369998931884766,21.589506149291992
2021-03-30,32.790000915527344,21.869630813598633
2021-03-31,33.45000076293945,22.309823989868164
2021-04-01,32.619998931884766,21.756248474121094
2021-04-05,33.58000183105469,22.396530151367188
2021-04-06,33.95000076293945,22.6433048248291
2021-04-07,33.720001220703125,22.489904403686523
2021-04-08,34.34000015258789,22.903419494628906
2021-04-09,33.560001373291016,22.383193969726562
2021-04-12,33.52000045776367,22.35651206970215
2021-04-13,33.650001525878906,22.443220138549805
2021-04-14,34.34000015258789,22.903419494628906
2021-04-15,34.72999954223633,23.16353416442871
2021-04-16,35.060001373291016,23.383628845214844
2021-04-19,35.27000045776367,23.523693084716797
2021-04-20,35.02000045776367,23.356950759887695
2021-04-21,35.099998474121094,23.410308837890625
2021-04-22,35.400001525878906,23.610401153564453
2021-04-23,35.540000915527344,23.70377540588379
2021-04-26,35.79999923706055,23.877182006835938
2021-04-27,35.439998626708984,23.637073516845703
2021-04-28,36.630001068115234,24.430757522583008
2021-04-29,36.540000915527344,24.370731353759766
2021-04-30,35.560001373291016,23.717111587524414
2021-05-03,35.70000076293945,23.810483932495117
2021-05-04,35.220001220703125,23.490346908569336
2021-05-05,36.22999954223633,24.16397476196289
2021-05-06,37.0099983215332,24.6842041015625
2021-05-07,38.0099983215332,25.35116195678711
2021-05-10,37.900001525878906,25.27779769897461
2021-05-11,38.310001373291016,25.551252365112305
2021-05-12,36.70000076293945,24.477447509765625
2021-05-13,36.97999954223633,24.664196014404297
2021-05-14,37.4900016784668,25.004343032836914
2021-05-17,37.900001525878906,25.27779769897461
2021-05-18,38.0,25.34449577331543
2021-05-19,37.5,25.011011123657227
2021-05-20,37.689998626708984,25.137737274169922
2021-05-21,37.02000045776367,24.690872192382812
2021-05-24,37.68000030517578,25.13106918334961
2021-05-25,37.15999984741211,24.784244537353516
2021-05-26,37.709999084472656,25.151073455810547
2021-05-27,38.20000076293945,25.477888107299805
2021-05-28,38.90999984741211,25.951427459716797
2021-06-01,40.33000183105469,26.898517608642578
2021-06-02,41.22999954223633,27.498777389526367
2021-06-03,40.84000015258789,27.238658905029297
2021-06-04,41.66999816894531,27.7922420501709
2021-06-07,41.849998474121094,27.91229248046875
2021-06-08,41.63999938964844,27.772228240966797
2021-06-09,41.38999938964844,27.605491638183594
2021-06-10,40.88999938964844,27.690814971923828
2021-06-11,40.29999923706055,27.29126739501953
2021-06-14,40.84000015258789,27.656953811645508
2021-06-15,40.9900016784668,27.75853729248047
2021-06-16,40.5099983215332,27.4334774017334
2021-06-17,40.27000045776367,27.270952224731445
2021-06-18,40.130001068115234,27.176145553588867
2021-06-21,40.83000183105469,27.65018653869629
2021-06-22,41.189998626708984,27.893978118896484
2021-06-23,41.09000015258789,27.82625961303711
2021-06-24,41.959999084472656,28.41542625427246
2021-06-25,41.040000915527344,27.792402267456055
2021-06-28,41.16999816894531,27.880435943603516
2021-06-29,41.0,27.76531219482422
2021-06-30,40.540000915527344,27.45379638671875
2021-07-01,39.689998626708984,26.878171920776367
2021-07-02,40.27000045776367,27.270952224731445
2021-07-06,38.33000183105469,25.95718002319336
2021-07-07,38.7400016784668,26.234832763671875
2021-07-08,38.130001068115234,25.821735382080078
2021-07-09,38.619998931884766,26.153566360473633
2021-07-12,39.38999938964844,26.675016403198242
2021-07-13,39.43000030517578,26.70210075378418
2021-07-14,40.279998779296875,27.277725219726562
2021-07-15,39.81999969482422,26.966209411621094
2021-07-16,39.290000915527344,26.6072940826416
2021-07-19,37.83000183105469,25.618579864501953
2021-07-20,38.16999816894531,25.848825454711914
2021-07-21,38.72999954223633,26.228055953979492
2021-07-22,38.65999984741211,26.18065643310547
2021-07-23,38.36000061035156,25.977495193481445
2021-07-26,38.959999084472656,26.383813858032227
2021-07-27,38.599998474121094,26.1400203704834
2021-07-28,39.61000061035156,26.823997497558594
2021-07-29,39.650001525878906,26.851083755493164
2021-07-30,37.400001525878906,25.327381134033203
2021-08-02,38.02000045776367,25.74724578857422
2021-08-03,38.119998931884766,25.81496810913086
2021-08-04,37.63999938964844,25.48990821838379
2021-08-05,37.29999923706055,25.259658813476562
2021-08-06,37.56999969482422,25.4425048828125
2021-08-09,37.45000076293945,25.36124038696289
2021-08-10,37.59000015258789,25.456052780151367
2021-08-11,37.52000045776367,25.40864372253418
2021-08-12,36.84000015258789,24.948148727416992
2021-08-13,36.9900016784668,25.049728393554688
2021-08-16,36.290000915527344,24.575685501098633
2021-08-17,35.970001220703125,24.358980178833008
2021-08-18,34.849998474121094,23.600515365600586
2021-08-19,34.459999084472656,23.336402893066406
2021-08-20,34.86000061035156,23.607288360595703
2021-08-23,34.779998779296875,23.553110122680664
2021-08-24,36.290000915527344,24.575685501098633
2021-08-25,36.84000015258789,24.948148727416992
2021-08-26,36.0,24.379295349121094
2021-08-27,36.97999954223633,25.04295539855957
2021-08-30,36.709999084472656,24.860109329223633
2021-08-31,36.400001525878906,24.650178909301758
2021-09-01,36.650001525878906,24.819480895996094
2021-09-02,35.95000076293945,24.345436096191406
2021-09-03,35.849998474121094,24.27771759033203
2021-09-07,36.06999969482422,24.426700592041016
2021-09-08,34.0099983215332,23.03166389465332
2021-09-09,35.119998931884766,23.783357620239258
2021-09-10,34.599998474121094,23.43121337890625
2021-09-13,35.349998474121094,23.939115524291992
2021-09-14,35.0,23.702096939086914
2021-09-15,34.810001373291016,23.573429107666016
2021-09-16,34.2400016784668,23.187423706054688
2021-09-17,33.29999923706055,22.55084800720215
2021-09-20,32.31999969482422,21.887191772460938
2021-09-21,32.959999084472656,22.320600509643555
2021-09-22,33.45000076293945,22.652429580688477
2021-09-23,33.90999984741211,22.963943481445312
2021-09-24,33.43000030517578,22.63888931274414
2021-09-27,33.34000015258789,22.577938079833984
2021-09-28,32.130001068115234,21.758522033691406
2021-09-29,32.33000183105469,21.893962860107422
2021-09-30,32.130001068115234,21.758522033691406
2021-10-01,33.08000183105469,22.40186882019043
2021-10-04,32.04999923706055,21.704343795776367
2021-10-05,31.860000610351562,21.575681686401367
2021-10-06,32.0099983215332,21.677257537841797
2021-10-07,31.850000381469727,21.56890869140625
2021-10-08,32.47999954223633,21.99554443359375
2021-10-11,32.130001068115234,21.758522033691406
2021-10-12,32.04999923706055,21.704343795776367
2021-10-13,32.56999969482422,22.056488037109375
2021-10-14,32.470001220703125,21.988771438598633
2021-10-15,33.2599983215332,22.523757934570312
2021-10-18,32.86000061035156,22.252878189086914
2021-10-19,31.40999984741211,21.27093505859375
2021-10-20,31.6200008392334,21.413150787353516
2021-10-21,30.100000381469727,20.38380241394043
2021-10-22,30.079999923706055,20.370254516601562
2021-10-25,31.200000762939453,21.12872314453125
2021-10-26,30.489999771118164,20.64790916442871
2021-10-27,30.579999923706055,20.708858489990234
2021-10-28,30.09000015258789,20.37702751159668
2021-10-29,29.31999969482422,19.8555850982666
2021-11-01,29.790000915527344,20.173870086669922
2021-11-02,29.25,19.808176040649414
2021-11-03,30.040000915527344,20.34317398071289
2021-11-04,29.270000457763672,19.82172393798828
2021-11-05,29.950000762939453,20.282222747802734
2021-11-08,29.920000076293945,20.26190185546875
2021-11-09,30.40999984741211,20.593730926513672
2021-11-10,30.43000030517578,20.60727882385254
2021-11-11,31.459999084472656,21.304794311523438
2021-11-12,30.860000610351562,20.898475646972656
2021-11-15,30.860000610351562,20.898475646972656
2021-11-16,30.1299991607666,20.404115676879883
2021-11-17,29.709999084472656,20.119691848754883
2021-11-18,29.149999618530273,19.74045753479004
2021-11-19,29.170000076293945,19.753999710083008
2021-11-22,29.15999984741211,19.747230529785156
2021-11-23,29.530000686645508,19.9977970123291
2021-11-24,29.81999969482422,20.194185256958008
2021-11-26,29.3799991607666,19.89621353149414
2021-11-29,29.34000015258789,19.869125366210938
2021-11-30,28.989999771118164,19.63210678100586
2021-12-01,28.520000457763672,19.31382179260254
2021-12-02,29.719999313354492,20.12646484375
2021-12-03,29.770000457763672,20.160324096679688
2021-12-06,30.200000762939453,20.45152473449707
2021-12-07,30.719999313354492,20.80366325378418
2021-12-08,31.290000915527344,21.18967056274414
2021-12-09,30.469999313354492,20.634366989135742
2021-12-10,30.68000030517578,20.77657699584961
2021-12-13,28.399999618530273,20.562265396118164
2021-12-14,28.139999389648438,20.374019622802734
2021-12-15,28.229999542236328,20.43918228149414
2021-12-16,28.6200008392334,20.7215518951416
2021-12-17,28.290000915527344,20.482624053955078
2021-12-20,27.489999771118164,19.903406143188477
2021-12-21,27.520000457763672,19.925125122070312
2021-12-22,27.899999618530273,20.200254440307617
2021-12-23,27.75,20.091651916503906
2021-12-27,28.1299991607666,20.366779327392578
2021-12-28,27.93000030517578,20.221975326538086
2021-12-29,27.399999618530273,19.838241577148438
2021-12-30,27.959999084472656,20.36334991455078
2021-12-31,28.06999969482422,20.443462371826172
2022-01-03,27.360000610351562,19.92637062072754
2022-01-04,27.239999771118164,19.838972091674805
2022-01-05,26.520000457763672,19.314592361450195
2022-01-06,26.770000457763672,19.496671676635742
2022-01-07,27.270000457763672,19.860820770263672
2022-01-10,26.989999771118164,19.656892776489258
2022-01-11,27.989999771118164,20.38520050048828
2022-01-12,28.850000381469727,21.011539459228516
2022-01-13,28.790000915527344,20.96784019470215
2022-01-14,29.110000610351562,21.200897216796875
2022-01-18,28.889999389648438,21.04067039489746
2022-01-19,29.889999389648438,21.76897430419922
2022-01-20,30.1299991607666,21.943767547607422
2022-01-21,29.920000076293945,21.790822982788086
2022-01-24,29.510000228881836,21.492218017578125
2022-01-25,30.389999389648438,22.133127212524414
2022-01-26,30.75,22.395313262939453
2022-01-27,31.200000762939453,22.723051071166992
2022-01-28,31.149999618530273,22.686635971069336
2022-01-31,31.6200008392334,23.0289363861084
2022-02-01,32.15999984741211,23.422222137451172
2022-02-02,31.940000534057617,23.261995315551758
2022-02-03,31.690000534057617,23.079919815063477
2022-02-04,31.68000030517578,23.072633743286133
2022-02-07,32.04999923706055,23.34210777282715
2022-02-08,32.11000061035156,23.38581085205078
2022-02-09,32.220001220703125,23.465919494628906
2022-02-10,32.43000030517578,23.618864059448242
2022-02-11,32.52000045776367,23.68440818786621
2022-02-14,32.77000045776367,23.866487503051758
2022-02-15,33.310001373291016,24.2597713470459
2022-02-16,33.63999938964844,24.500110626220703
2022-02-17,32.90999984741211,23.968448638916016
2022-02-18,32.91999816894531,23.97572898864746
2022-02-22,33.45000076293945,24.36173439025879
2022-02-23,33.5099983215332,24.405427932739258
2022-02-24,32.68000030517578,23.800941467285156
2022-02-25,33.060001373291016,24.07769775390625
2022-02-28,32.88999938964844,23.953882217407227
2022-03-01,32.900001525878906,23.96116828918457
2022-03-02,33.97999954223633,24.747732162475586
2022-03-03,34.56999969482422,25.177431106567383
2022-03-04,34.290000915527344,24.973506927490234
2022-03-07,33.029998779296875,24.055845260620117
2022-03-08,33.2400016784668,24.208789825439453
2022-03-09,34.13999938964844,24.864261627197266
2022-03-10,34.2400016784668,24.93709373474121
2022-03-11,33.369998931884766,24.303466796875
2022-03-14,32.529998779296875,23.691694259643555
2022-03-15,31.84000015258789,23.189165115356445
2022-03-16,32.939998626708984,23.990299224853516
2022-03-17,33.81999969482422,24.631202697753906
2022-03-18,34.650001525878906,25.235694885253906
2022-03-21,35.54999923706055,25.891164779663086
2022-03-22,35.95000076293945,26.182493209838867
2022-03-23,36.47999954223633,26.56848907470703
2022-03-24,37.130001068115234,27.041889190673828
2022-03-25,37.689998626708984,27.449739456176758
2022-03-28,37.400001525878906,27.238527297973633
2022-03-29,37.86000061035156,27.573549270629883
2022-03-30,37.7400016784668,27.486154556274414
2022-03-31,37.810001373291016,27.537132263183594
2022-04-01,39.13999938964844,28.505775451660156
2022-04-04,39.52000045776367,28.782529830932617
2022-04-05,38.31999969482422,27.9085693359375
2022-04-06,37.66999816894531,27.435169219970703
2022-04-07,37.77000045776367,27.507999420166016
2022-04-08,37.86000061035156,27.573549270629883
2022-04-11,37.599998474121094,27.384187698364258
2022-04-12,37.54999923706055,27.3477725982666
2022-04-13,37.599998474121094,27.384187698364258
2022-04-14,37.2400016784668,27.12200355529785
2022-04-18,37.4900016784668,27.3040828704834
2022-04-19,37.18000030517578,27.078306198120117
2022-04-20,37.29999923706055,27.16569709777832
2022-04-21,36.31999969482422,26.451961517333984
2022-04-22,34.75,25.30852508544922
2022-04-25,34.09000015258789,24.827848434448242
2022-04-26,32.58000183105469,23.72810935974121
2022-04-27,33.0099983215332,24.041278839111328
2022-04-28,33.439998626708984,24.354448318481445
2022-04-29,32.77000045776367,23.866487503051758
2022-05-02,31.6299991607666,23.03622055053711
2022-05-03,32.16999816894531,23.42950439453125
2022-05-04,33.09000015258789,24.09954261779785
2022-05-05,31.65999984741211,23.058069229125977
2022-05-06,31.34000015258789,22.82501220703125
2022-05-09,30.25,22.03116226196289
2022-05-10,30.299999237060547,22.067575454711914
2022-05-11,30.670000076293945,22.337047576904297
2022-05-12,31.09000015258789,22.6429386138916
2022-05-13,31.889999389648438,23.2255802154541
2022-05-16,32.349998474121094,23.560598373413086
2022-05-17,33.15999984741211,24.150524139404297
2022-05-18,32.13999938964844,23.407655715942383
2022-05-19,32.81999969482422,23.90290069580078
2022-05-20,33.619998931884766,24.48554039001465
2022-05-23,34.84000015258789,25.374073028564453
2022-05-24,34.779998779296875,25.33036994934082
2022-05-25,34.75,25.30852508544922
2022-05-26,35.5,25.85475730895996
2022-05-27,35.720001220703125,26.01498031616211
2022-05-31,35.25,25.672679901123047
2022-06-01,35.099998474121094,25.56342887878418
2022-06-02,35.540000915527344,25.883888244628906
2022-06-03,35.2400016784668,25.66539764404297
2022-06-06,34.869998931884766,25.395923614501953
2022-06-07,34.290000915527344,24.973506927490234
2022-06-08,33.52000045776367,24.412715911865234
2022-06-09,31.479999542236328,24.000255584716797
2022-06-10,30.530000686645508,23.27597999572754
2022-06-13,29.020000457763672,22.1247615814209
2022-06-14,28.799999237060547,21.957033157348633
2022-06-15,29.579999923706055,22.55170249938965
2022-06-16,28.270000457763672,21.552963256835938
2022-06-17,27.920000076293945,21.286123275756836
2022-06-21,27.889999389648438,21.263248443603516
2022-06-22,27.739999771118164,21.148893356323242
2022-06-23,27.139999389648438,20.69145393371582
2022-06-24,27.200000762939453,20.737199783325195
2022-06-27,27.899999618530273,21.270877838134766
2022-06-28,27.65999984741211,21.087902069091797
2022-06-29,27.780000686645508,21.17938995361328
2022-06-30,27.389999389648438,20.882049560546875
2022-07-01,27.06999969482422,20.63808250427246
2022-07-05,26.43000030517578,20.15015411376953
2022-07-06,26.3700008392334,20.10441017150879
2022-07-07,27.309999465942383,20.821062088012695
2022-07-08,27.540000915527344,20.996414184570312
2022-07-11,26.450000762939453,20.165401458740234
2022-07-12,26.139999389648438,19.92905616760254
2022-07-13,26.25,20.012922286987305
2022-07-14,25.579999923706055,19.502113342285156
2022-07-15,25.93000030517578,19.768953323364258
2022-07-18,25.959999084472656,19.791824340820312
2022-07-19,26.260000228881836,20.020545959472656
2022-07-20,25.989999771118164,19.814697265625
2022-07-21,26.020000457763672,19.837570190429688
2022-07-22,26.049999237060547,19.860441207885742
2022-07-25,27.079999923706055,20.64571189880371
2022-07-26,27.06999969482422,20.63808250427246
2022-07-27,28.020000457763672,21.362363815307617
2022-07-28,28.829999923706055,21.97990608215332
2022-07-29,29.020000457763672,22.1247615814209
2022-08-01,28.670000076293945,21.857919692993164
2022-08-02,28.469999313354492,21.705442428588867
2022-08-03,28.5,21.728315353393555
2022-08-04,29.309999465942383,22.345853805541992
2022-08-05,29.75,22.681312561035156
2022-08-08,30.670000076293945,23.382713317871094
2022-08-09,30.719999313354492,23.42083740234375
2022-08-10,31.40999984741211,23.946889877319336
2022-08-11,30.850000381469727,23.519947052001953
2022-08-12,31.989999771118164,24.389083862304688
2022-08-15,32.02000045776367,24.411951065063477
2022-08-16,31.899999618530273,24.32046127319336
2022-08-17,31.770000457763672,24.22135353088379
2022-08-18,31.860000610351562,24.289966583251953
2022-08-19,31.170000076293945,23.763916015625
2022-08-22,30.969999313354492,23.611434936523438
2022-08-23,32.099998474121094,24.472942352294922
2022-08-24,32.060001373291016,24.44244956970215
2022-08-25,32.209999084472656,24.556808471679688
2022-08-26,32.0099983215332,24.404327392578125
2022-08-29,32.290000915527344,24.617801666259766
2022-08-30,31.219999313354492,23.80203628540039
2022-08-31,30.520000457763672,23.26835823059082
2022-09-01,30.459999084472656,23.222610473632812
2022-09-02,30.8700008392334,23.53519630432129
2022-09-06,30.25,23.06250762939453
2022-09-07,30.530000686645508,23.27597999572754
2022-09-08,30.5,23.253108978271484
2022-09-09,31.489999771118164,24.007883071899414
2022-09-12,32.15999984741211,24.518688201904297
2022-09-13,30.81999969482422,23.49707794189453
2022-09-14,30.850000381469727,23.519947052001953
2022-09-15,30.329999923706055,23.123502731323242
2022-09-16,30.0,22.871912002563477
2022-09-19,31.270000457763672,23.840152740478516
2022-09-20,31.510000228881836,24.023130416870117
2022-09-21,31.239999771118164,23.817283630371094
2022-09-22,32.20000076293945,24.549182891845703
2022-09-23,30.739999771118164,23.43608283996582
2022-09-26,29.290000915527344,22.33060646057129
2022-09-27,29.170000076293945,22.23912239074707
2022-09-28,29.309999465942383,22.345853805541992
2022-09-29,28.969999313354492,22.086639404296875
2022-09-30,29.6299991607666,22.589820861816406
2022-10-03,32.54999923706055,24.816022872924805
2022-10-04,32.68000030517578,24.915136337280273
2022-10-05,32.81999969482422,25.021869659423828
2022-10-06,32.86000061035156,25.052366256713867
2022-10-07,32.459999084472656,24.747406005859375
2022-10-10,32.45000076293945,24.73978042602539
2022-10-11,31.65999984741211,24.137487411499023
2022-10-12,31.3700008392334,23.916391372680664
2022-10-13,31.579999923706055,24.076496124267578
2022-10-14,30.610000610351562,23.336973190307617
2022-10-17,31.260000228881836,23.832530975341797
2022-10-18,32.099998474121094,24.472942352294922
2022-10-19,32.279998779296875,24.610172271728516
2022-10-20,32.86000061035156,25.052366256713867
2022-10-21,34.09000015258789,25.990116119384766
2022-10-24,31.979999542236328,24.381454467773438
2022-10-25,31.440000534057617,23.96976089477539
2022-10-26,30.700000762939453,23.40558624267578
2022-10-27,31.6299991607666,24.11461639404297
2022-10-28,31.450000762939453,23.977386474609375
2022-10-31,32.66999816894531,24.90750503540039
2022-11-01,33.150001525878906,25.273460388183594
2022-11-02,32.16999816894531,24.526309967041016
2022-11-03,33.04999923706055,25.197219848632812
2022-11-04,33.869998931884766,25.822383880615234
2022-11-07,32.36000061035156,24.671167373657227
2022-11-08,32.66999816894531,24.90750503540039
2022-11-09,31.68000030517578,24.152734756469727
2022-11-10,29.610000610351562,22.574575424194336
2022-11-11,30.639999389648438,23.359844207763672
2022-11-14,30.809999465942383,23.489450454711914
2022-11-15,30.920000076293945,23.573314666748047
2022-11-16,29.729999542236328,22.66606330871582
2022-11-17,29.479999542236328,22.475461959838867
2022-11-18,29.469999313354492,22.467838287353516
2022-11-21,30.1200008392334,22.96339988708496
2022-11-22,29.469999313354492,22.467838287353516
2022-11-23,29.600000381469727,22.566951751708984
2022-11-25,29.579999923706055,22.55170249938965
2022-11-28,29.649999618530273,22.605070114135742
2022-11-29,30.59000015258789,23.32172393798828
2022-11-30,31.479999542236328,24.000255584716797
2022-12-01,31.219999313354492,23.80203628540039
2022-12-02,31.31999969482422,23.878273010253906
2022-12-05,30.25,23.06250762939453
2022-12-06,30.729999542236328,23.428457260131836
2022-12-07,30.520000457763672,23.26835823059082
2022-12-08,29.969999313354492,22.849037170410156
2022-12-09,29.940000534057617,22.8261661529541
2022-12-12,29.1200008392334,22.20100212097168
2022-12-13,26.5,21.71106719970703
2022-12-14,26.469999313354492,21.686487197875977
2022-12-15,26.360000610351562,21.59636688232422
2022-12-16,26.209999084472656,21.473474502563477
2022-12-19,26.780000686645508,21.940465927124023
2022-12-20,27.799999237060547,22.776138305664062
2022-12-21,28.010000228881836,22.94818878173828
2022-12-22,28.209999084472656,23.112045288085938
2022-12-23,28.790000915527344,23.58723258972168
2022-12-27,27.829999923706055,22.800718307495117
2022-12-28,28.420000076293945,23.284095764160156
2022-12-29,28.15999984741211,23.071081161499023
2022-12-30,27.969999313354492,22.915416717529297
2023-01-03,25.889999389648438,21.2113037109375
2023-01-04,26.34000015258789,21.579978942871094
2023-01-05,27.25,22.325531005859375
2023-01-06,28.299999237060547,23.185779571533203
2023-01-09,28.09000015258789,23.01373291015625
2023-01-10,28.81999969482422,23.6118106842041
2023-01-11,29.479999542236328,24.152536392211914
2023-01-12,29.729999542236328,24.357358932495117
2023-01-13,29.510000228881836,24.17711639404297
2023-01-17,29.600000381469727,24.250852584838867
2023-01-18,29.3700008392334,24.06241798400879
2023-01-19,29.520000457763672,24.18531036376953
2023-01-20,29.18000030517578,23.906753540039062
2023-01-23,29.18000030517578,23.906753540039062
2023-01-24,29.719999313354492,24.349166870117188
2023-01-25,30.479999542236328,24.97182273864746
2023-01-26,30.59000015258789,25.061946868896484
2023-01-27,29.81999969482422,24.431095123291016
2023-01-30,29.649999618530273,24.29181480407715
2023-01-31,30.34000015258789,24.85712242126465
2023-02-01,29.989999771118164,24.57037353515625
2023-02-02,29.459999084472656,24.136152267456055
2023-02-03,28.6200008392334,23.447952270507812
2023-02-06,28.510000228881836,23.357830047607422
2023-02-07,28.09000015258789,23.01373291015625
2023-02-08,28.549999237060547,23.390602111816406
2023-02-09,27.809999465942383,22.784330368041992
2023-02-10,28.100000381469727,23.021923065185547
2023-02-13,28.549999237060547,23.390602111816406
2023-02-14,28.309999465942383,23.193973541259766
2023-02-15,28.530000686645508,23.374217987060547
2023-02-16,28.639999389648438,23.464338302612305
2023-02-17,28.690000534057617,23.50530433654785
2023-02-21,28.209999084472656,23.112045288085938
2023-02-22,28.200000762939453,23.103853225708008
2023-02-23,28.549999237060547,23.390602111816406
2023-02-24,27.690000534057617,22.686016082763672
2023-02-27,27.639999389648438,22.645051956176758
2023-02-28,27.270000457763672,22.341917037963867
2023-03-01,27.489999771118164,22.522159576416016
2023-03-02,27.059999465942383,22.16986846923828
2023-03-03,27.25,22.325531005859375
2023-03-06,27.68000030517578,22.677825927734375
2023-03-07,27.34000015258789,22.399267196655273
2023-03-08,28.190000534057617,23.095659255981445
2023-03-09,27.709999084472656,22.702402114868164
2023-03-10,27.020000457763672,22.137096405029297
2023-03-13,26.600000381469727,21.79299545288086
2023-03-14,26.649999618530273,21.833961486816406
2023-03-15,26.299999237060547,21.547210693359375
2023-03-16,26.850000381469727,21.99781608581543
2023-03-17,26.3799991607666,21.612751007080078
2023-03-20,26.190000534057617,21.457088470458984
2023-03-21,26.25,21.506242752075195
2023-03-22,26.100000381469727,21.38335418701172
2023-03-23,25.260000228881836,20.69515037536621
2023-03-24,25.670000076293945,21.03105926513672
2023-03-27,26.079999923706055,21.36696434020996
2023-03-28,26.68000030517578,21.858539581298828
2023-03-29,27.010000228881836,22.1289005279541
2023-03-30,27.670000076293945,22.66963005065918
2023-03-31,27.3799991607666,22.432039260864258
2023-04-03,27.290000915527344,22.35830307006836
2023-04-04,27.31999969482422,22.38288116455078
2023-04-05,27.209999084472656,22.29275894165039
2023-04-06,27.09000015258789,22.19444465637207
2023-04-10,27.350000381469727,22.407461166381836
2023-04-11,28.799999237060547,23.595422744750977
2023-04-12,29.389999389648438,24.078800201416016
2023-04-13,29.31999969482422,24.021451950073242
2023-04-14,29.360000610351562,24.054222106933594
2023-04-17,29.209999084472656,23.93132972717285
2023-04-18,29.010000228881836,23.767473220825195
2023-04-19,27.770000457763672,22.75156021118164
2023-04-20,27.989999771118164,22.931804656982422
2023-04-21,27.700000762939453,22.694210052490234
2023-04-24,28.010000228881836,22.94818878173828
2023-04-25,27.610000610351562,22.62047576904297
2023-04-26,27.440000534057617,22.4811954498291
2023-04-27,28.0,22.93999481201172
2023-04-28,28.270000457763672,23.161203384399414
2023-05-01,28.040000915527344,22.972766876220703
2023-05-02,27.329999923706055,22.391075134277344
2023-05-03,27.59000015258789,22.604089736938477
2023-05-04,27.670000076293945,22.66963005065918
2023-05-05,28.760000228881836,23.56265640258789
2023-05-08,28.65999984741211,23.480722427368164
2023-05-09,29.040000915527344,23.79205322265625
2023-05-10,29.350000381469727,24.046030044555664
2023-05-11,29.559999465942383,24.218082427978516
2023-05-12,29.799999237060547,24.414710998535156
2023-05-15,30.149999618530273,24.701457977294922
2023-05-16,29.56999969482422,24.226272583007812
2023-05-17,29.989999771118164,24.57037353515625
2023-05-18,29.93000030517578,24.521217346191406
2023-05-19,29.889999389648438,24.488445281982422
2023-05-22,29.8700008392334,24.472061157226562
2023-05-23,29.809999465942383,24.422901153564453
2023-05-24,29.6200008392334,24.26723861694336
2023-05-25,29.440000534057617,24.119766235351562
2023-05-26,29.940000534057617,24.529407501220703
2023-05-30,29.1200008392334,23.857593536376953
2023-05-31,28.81999969482422,23.6118106842041
2023-06-01,29.719999313354492,24.349166870117188
2023-06-02,30.59000015258789,25.061946868896484
2023-06-05,30.75,25.193031311035156
2023-06-06,31.350000381469727,25.684602737426758
2023-06-07,30.809999465942383,25.865942001342773
2023-06-08,31.030000686645508,26.05063819885254
2023-06-09,31.600000381469727,26.5291690826416
2023-06-12,31.719999313354492,26.629913330078125
2023-06-13,31.56999969482422,26.503984451293945
2023-06-14,32.439998626708984,27.234375
2023-06-15,32.65999984741211,27.419071197509766
2023-06-16,32.31999969482422,27.133630752563477
2023-06-20,32.720001220703125,27.469444274902344
2023-06-21,33.16999816894531,27.847230911254883
2023-06-22,32.779998779296875,27.519813537597656
2023-06-23,32.689998626708984,27.444257736206055
2023-06-26,32.630001068115234,27.393888473510742
2023-06-27,32.290000915527344,27.10844612121582
2023-06-28,31.729999542236328,26.638309478759766
2023-06-29,32.189998626708984,27.024492263793945
2023-06-30,32.43000030517578,27.225980758666992
2023-07-03,32.83000183105469,27.56179428100586
2023-07-05,32.349998474121094,27.158815383911133
2023-07-06,31.260000228881836,26.243730545043945
2023-07-07,32.02000045776367,26.88177490234375
2023-07-10,31.670000076293945,26.58793830871582
2023-07-11,31.700000762939453,26.613122940063477
2023-07-12,32.02000045776367,26.88177490234375
2023-07-13,32.66999816894531,27.427465438842773
2023-07-14,32.25,27.074865341186523
2023-07-17,32.33000183105469,27.14202880859375
2023-07-18,32.209999084472656,27.041284561157227
2023-07-19,32.27000045776367,27.09165382385254
2023-07-20,32.31999969482422,27.133630752563477
2023-07-21,33.02000045776367,27.721302032470703
2023-07-24,33.689998626708984,28.28378677368164
2023-07-25,33.81999969482422,28.392927169799805
2023-07-26,34.11000061035156,28.636390686035156
2023-07-27,33.08000183105469,27.771678924560547
2023-07-28,33.38999938964844,28.031930923461914
2023-07-31,33.869998931884766,28.434900283813477
2023-08-01,33.220001220703125,27.889209747314453
2023-08-02,32.970001220703125,27.6793270111084
2023-08-03,32.290000915527344,27.10844612121582
2023-08-04,32.060001373291016,26.915353775024414
2023-08-07,32.02000045776367,26.88177490234375
2023-08-08,31.889999389648438,26.772632598876953
2023-08-09,31.639999389648438,26.562753677368164
2023-08-10,31.790000915527344,26.688682556152344
2023-08-11,31.56999969482422,26.503984451293945
2023-08-14,30.940000534057617,25.975082397460938
2023-08-15,30.6200008392334,25.706430435180664
2023-08-16,30.520000457763672,25.62247657775879
2023-08-17,30.31999969482422,25.454570770263672
2023-08-18,30.540000915527344,25.639266967773438
2023-08-21,30.219999313354492,25.370616912841797
2023-08-22,30.889999389648438,25.933103561401367
2023-08-23,31.920000076293945,26.797821044921875
2023-08-24,31.579999923706055,26.512380599975586
2023-08-25,31.309999465942383,26.285703659057617
2023-08-28,31.690000534057617,26.60472869873047
2023-08-29,32.13999938964844,26.982515335083008
2023-08-30,31.829999923706055,26.72226333618164
2023-08-31,30.850000381469727,25.89952278137207
2023-09-01,31.440000534057617,26.39484405517578
2023-09-05,31.15999984741211,26.159774780273438
2023-09-06,30.760000228881836,25.823963165283203
2023-09-07,30.15999984741211,25.32024574279785
2023-09-08,30.579999923706055,25.672847747802734
2023-09-11,31.329999923706055,26.3024959564209
2023-09-12,31.450000762939453,26.403242111206055
2023-09-13,31.799999237060547,26.69707489013672
2023-09-14,32.400001525878906,27.200796127319336
2023-09-15,32.2599983215332,27.0832576751709
2023-09-18,32.2599983215332,27.0832576751709
2023-09-19,32.040000915527344,26.898563385009766
2023-09-20,32.290000915527344,27.10844612121582
2023-09-21,31.200000762939453,26.193359375
2023-09-22,31.170000076293945,26.168170928955078
2023-09-25,31.0,26.025453567504883
2023-09-26,30.43000030517578,25.546920776367188
2023-09-27,30.059999465942383,25.236289978027344
2023-09-28,30.459999084472656,25.572105407714844
2023-09-29,30.670000076293945,25.74840545654297
2023-10-02,30.06999969482422,25.244688034057617
2023-10-03,29.139999389648438,24.463926315307617
2023-10-04,29.209999084472656,24.52269172668457
2023-10-05,29.100000381469727,24.430341720581055
2023-10-06,29.350000381469727,24.640226364135742
2023-10-09,29.790000915527344,25.009620666503906
2023-10-10,30.610000610351562,25.698036193847656
2023-10-11,30.739999771118164,25.807174682617188
2023-10-12,30.1299991607666,25.295059204101562
2023-10-13,30.229999542236328,25.379013061523438
2023-10-16,30.770000457763672,25.83235740661621
2023-10-17,30.639999389648438,25.723220825195312
2023-10-18,30.110000610351562,25.278270721435547
2023-10-19,30.100000381469727,25.26987648010254
2023-10-20,29.940000534057617,25.135549545288086
2023-10-23,29.809999465942383,25.026409149169922
2023-10-24,30.229999542236328,25.379013061523438
2023-10-25,29.920000076293945,25.118759155273438
2023-10-26,30.489999771118164,25.5972900390625
2023-10-27,29.93000030517578,25.127153396606445
2023-10-30,29.520000457763672,24.782947540283203
2023-10-31,29.770000457763672,24.992828369140625
2023-11-01,30.65999984741211,25.740013122558594
2023-11-02,31.540000915527344,26.47879981994629
2023-11-03,31.899999618530273,26.781028747558594
2023-11-06,32.02000045776367,26.88177490234375
2023-11-07,32.2400016784668,27.066471099853516
2023-11-08,31.979999542236328,26.84819221496582
2023-11-09,31.809999465942383,26.70547103881836
2023-11-10,32.400001525878906,27.200796127319336
2023-11-13,32.33000183105469,27.14202880859375
2023-11-14,33.380001068115234,28.023536682128906
2023-11-15,33.599998474121094,28.20823097229004
2023-11-16,33.66999816894531,28.267000198364258
2023-11-17,33.4900016784668,28.11588478088379
2023-11-20,34.15999984741211,28.678369522094727
2023-11-21,33.790000915527344,28.36774444580078
2023-11-22,33.7599983215332,28.342554092407227
2023-11-24,33.77000045776367,28.3509521484375
2023-11-27,33.75,28.33415985107422
2023-11-28,34.119998931884766,28.644784927368164
2023-11-29,33.790000915527344,28.36774444580078
2023-11-30,34.0099983215332,28.55243492126465
2023-12-01,34.41999816894531,28.896648406982422
2023-12-04,33.650001525878906,28.25020980834961
2023-12-05,33.7400016784668,28.325763702392578
2023-12-06,33.63999938964844,28.24181365966797
2023-12-07,33.599998474121094,28.20823097229004
2023-12-08,33.849998474121094,28.418113708496094
2023-12-11,33.7599983215332,28.342554092407227
2023-12-12,33.41999816894531,28.057113647460938
2023-12-13,34.63999938964844,29.081344604492188
2023-12-14,35.060001373291016,29.43394660949707
2023-12-15,34.59000015258789,29.039365768432617
2023-12-18,35.189998626708984,29.543087005615234
2023-12-19,35.65999984741211,29.93766212463379
2023-12-20,33.779998779296875,29.36479949951172
2023-12-21,34.33000183105469,29.842910766601562
2023-12-22,34.619998931884766,30.095006942749023
2023-12-26,35.150001525878906,30.555736541748047
2023-12-27,35.27000045776367,30.660049438476562
2023-12-28,35.11000061035156,30.520965576171875
2023-12-29,34.959999084472656,30.390567779541016
2024-01-02,34.369998931884766,29.877683639526367
2024-01-03,34.43000030517578,29.929840087890625
2024-01-04,34.06999969482422,29.616893768310547
2024-01-05,34.459999084472656,29.955915451049805
2024-01-08,34.529998779296875,30.01677131652832
2024-01-09,34.040000915527344,29.5908203125
2024-01-10,33.9900016784668,29.547353744506836
2024-01-11,34.15999984741211,29.695133209228516
2024-01-12,34.34000015258789,29.851606369018555
2024-01-16,33.439998626708984,29.069238662719727
2024-01-17,33.2400016784668,28.895383834838867
2024-01-18,32.90999984741211,28.608510971069336
2024-01-19,32.959999084472656,28.6519775390625
2024-01-22,32.34000015258789,28.113014221191406
2024-01-23,32.939998626708984,28.634592056274414
2024-01-24,32.93000030517578,28.62590217590332
2024-01-25,33.189998626708984,28.851917266845703
2024-01-26,33.369998931884766,29.00838851928711
2024-01-29,33.130001068115234,28.799758911132812
2024-01-30,32.86000061035156,28.565046310424805
2024-01-31,32.91999816894531,28.617202758789062
2024-02-01,33.290000915527344,28.938844680786133
2024-02-02,32.66999816894531,28.399879455566406
2024-02-05,32.68000030517578,28.40857696533203
2024-02-06,33.560001373291016,29.173555374145508
2024-02-07,33.38999938964844,29.025775909423828
2024-02-08,32.709999084472656,28.434650421142578
2024-02-09,32.93000030517578,28.62590217590332
2024-02-12,33.220001220703125,28.877994537353516
2024-02-13,32.27000045776367,28.052162170410156
2024-02-14,32.54999923706055,28.29556655883789
2024-02-15,32.79999923706055,28.51289176940918
2024-02-16,33.11000061035156,28.782371520996094
2024-02-20,33.689998626708984,29.28656005859375
2024-02-21,33.689998626708984,29.28656005859375
2024-02-22,33.4900016784668,29.11270523071289
2024-02-23,33.119998931884766,28.791065216064453
2024-02-26,33.290000915527344,28.938844680786133
2024-02-27,34.08000183105469,29.62558937072754
2024-02-28,33.349998474121094,28.99100112915039
2024-02-29,33.0099983215332,28.69544219970703
2024-03-01,33.20000076293945,28.86060905456543
2024-03-04,32.9900016784668,28.678054809570312
2024-03-05,32.849998474121094,28.556352615356445
2024-03-06,33.150001525878906,28.8171443939209
2024-03-07,33.099998474121094,28.7736759185791
2024-03-08,32.33000183105469,28.10432243347168
2024-03-11,32.119998931884766,27.921770095825195
2024-03-12,32.54999923706055,28.29556655883789
2024-03-13,32.68000030517578,28.40857696533203
2024-03-14,32.400001525878906,28.165172576904297
2024-03-15,32.09000015258789,27.89569091796875
2024-03-18,31.989999771118164,27.80876350402832
2024-03-19,32.08000183105469,27.886999130249023
2024-03-20,32.81999969482422,28.530277252197266
2024-03-21,32.54999923706055,28.29556655883789
2024-03-22,32.130001068115234,27.930461883544922
2024-03-25,32.25,28.034778594970703
2024-03-26,32.2599983215332,28.043468475341797
2024-03-27,32.5099983215332,28.260793685913086
2024-03-28,32.41999816894531,28.182558059692383
2024-04-01,31.829999923706055,27.669673919677734
2024-04-02,32.0099983215332,27.826143264770508
2024-04-03,32.09000015258789,27.89569091796875
2024-04-04,32.09000015258789,27.89569091796875
2024-04-05,31.809999465942383,27.652286529541016
2024-04-08,32.52000045776367,28.269487380981445
2024-04-09,32.9900016784668,28.678054809570312
2024-04-10,32.08000183105469,27.886999130249023
2024-04-11,31.81999969482422,27.660980224609375
2024-04-12,31.270000457763672,27.18286895751953
2024-04-15,30.809999465942383,26.78299331665039
2024-04-16,30.079999923706055,26.148406982421875
2024-04-17,30.170000076293945,26.22664451599121
2024-04-18,30.110000610351562,26.17448616027832
2024-04-19,30.739999771118164,26.722143173217773
2024-04-22,31.010000228881836,26.956851959228516
2024-04-23,31.15999984741211,27.087244033813477
2024-04-24,30.989999771118164,26.939464569091797
2024-04-25,30.809999465942383,26.78299331665039
2024-04-26,31.540000915527344,27.417579650878906
2024-04-29,31.75,27.600126266479492
2024-04-30,31.030000686645508,26.9742374420166
2024-05-01,31.149999618530273,27.078554153442383
2024-05-02,31.780000686645508,27.626211166381836
2024-05-03,32.310001373291016,28.086936950683594
2024-05-06,32.33000183105469,28.10432243347168
2024-05-07,32.52000045776367,28.269487380981445
2024-05-08,32.400001525878906,28.165172576904297
2024-05-09,31.850000381469727,27.687061309814453
2024-05-10,31.610000610351562,27.47842788696289
2024-05-13,31.780000686645508,27.626211166381836
2024-05-14,31.969999313354492,27.7913761138916
2024-05-15,31.6299991607666,27.495813369750977
2024-05-16,31.700000762939453,27.556665420532227
2024-05-17,31.75,27.600126266479492
2024-05-20,31.65999984741211,27.521892547607422
2024-05-21,31.440000534057617,27.330646514892578
2024-05-22,30.8700008392334,26.835153579711914
2024-05-23,30.639999389648438,26.635211944580078
2024-05-24,30.43000030517578,26.452661514282227
2024-05-28,30.399999618530273,26.42658233642578
2024-05-29,29.8799991607666,25.974546432495117
2024-05-30,30.030000686645508,26.104942321777344
2024-05-31,29.600000381469727,25.73114585876465
2024-06-03,29.579999923706055,25.713760375976562
2024-06-04,29.25,25.426891326904297
2024-06-05,29.149999618530273,25.339962005615234
2024-06-06,29.770000457763672,25.878925323486328
2024-06-07,28.760000228881836,25.000938415527344
2024-06-10,28.610000610351562,24.870542526245117
2024-06-11,27.850000381469727,25.008832931518555
2024-06-12,27.239999771118164,24.461061477661133
2024-06-13,27.290000915527344,24.505964279174805
2024-06-14,27.270000457763672,24.488004684448242
2024-06-17,26.979999542236328,24.227584838867188
2024-06-18,27.059999465942383,24.29942512512207
2024-06-20,27.139999389648438,24.37126350402832
2024-06-21,27.459999084472656,24.658618927001953
2024-06-24,27.989999771118164,25.134550094604492
2024-06-25,27.600000381469727,24.78433609008789
2024-06-26,27.360000610351562,24.56882095336914
2024-06-27,27.739999771118164,24.910053253173828
2024-06-28,27.329999923706055,24.541881561279297
2024-07-01,27.139999389648438,24.37126350402832
2024-07-02,27.15999984741211,24.389225006103516
2024-07-03,28.049999237060547,25.188430786132812
2024-07-05,28.389999389648438,25.493743896484375
2024-07-08,28.389999389648438,25.493743896484375
2024-07-09,28.790000915527344,25.852937698364258
2024-07-10,28.81999969482422,25.8798770904541
2024-07-11,28.950000762939453,25.996614456176758
2024-07-12,29.149999618530273,26.176210403442383
2024-07-15,29.1299991607666,26.158248901367188
2024-07-16,29.190000534057617,26.212129592895508
2024-07-17,29.0,26.04151153564453
2024-07-18,28.079999923706055,25.215368270874023
2024-07-19,28.0,25.143531799316406
2024-07-22,28.25,25.368024826049805
2024-07-23,27.84000015258789,24.999853134155273
2024-07-24,27.540000915527344,24.730459213256836
2024-07-25,27.459999084472656,24.658618927001953
2024-07-26,27.739999771118164,24.910053253173828
2024-07-29,27.760000228881836,24.928010940551758
2024-07-30,27.610000610351562,24.793317794799805
2024-07-31,27.770000457763672,24.936994552612305
2024-08-01,27.3700008392334,24.577800750732422
2024-08-02,27.18000030517578,24.407184600830078
2024-08-05,26.8700008392334,24.128808975219727
2024-08-06,27.469999313354492,24.6675968170166
2024-08-07,27.8799991607666,25.0357723236084
2024-08-08,28.40999984741211,25.511703491210938
2024-08-09,29.18000030517578,26.203149795532227
2024-08-12,29.43000030517578,26.42764663696289
2024-08-13,29.959999084472656,26.903575897216797
2024-08-14,30.0,26.939496994018555
2024-08-15,30.110000610351562,27.03827667236328
2024-08-16,30.239999771118164,27.155012130737305
2024-08-19,30.93000030517578,27.77462387084961
2024-08-20,30.549999237060547,27.433387756347656
2024-08-21,30.59000015258789,27.46930503845215
2024-08-22,29.760000228881836,26.723979949951172
2024-08-23,30.440000534057617,27.334609985351562
2024-08-26,30.700000762939453,27.568084716796875
2024-08-27,30.649999618530273,27.52318572998047
2024-08-28,30.540000915527344,27.424406051635742
2024-08-29,29.860000610351562,26.813777923583984
2024-08-30,29.8700008392334,26.8227596282959
2024-09-03,29.3799991607666,26.38274574279785
2024-09-04,29.579999923706055,26.562341690063477
2024-09-05,29.950000762939453,26.89459800720215
2024-09-06,29.360000610351562,26.36478614807129
2024-09-09,29.469999313354492,26.463565826416016
2024-09-10,29.010000228881836,26.050495147705078
2024-09-11,29.200000762939453,26.22110939025879
2024-09-12,29.280000686645508,26.292951583862305
2024-09-13,29.649999618530273,26.625202178955078
2024-09-16,30.0,26.939496994018555
2024-09-17,30.18000030517578,27.101133346557617
2024-09-18,30.030000686645508,26.9664363861084
2024-09-19,30.110000610351562,27.03827667236328
2024-09-20,29.190000534057617,26.212129592895508
2024-09-23,28.989999771118164,26.032533645629883
2024-09-24,29.700000762939453,26.670101165771484
2024-09-25,29.5,26.49050521850586
2024-09-26,29.719999313354492,26.688060760498047
2024-09-27,29.729999542236328,26.697038650512695
2024-09-30,29.489999771118164,26.48152732849121
2024-10-01,29.510000228881836,26.49948501586914
2024-10-02,29.770000457763672,26.732959747314453
2024-10-03,29.219999313354492,26.23906707763672
2024-10-04,29.40999984741211,26.409685134887695
2024-10-07,29.219999313354492,26.23906707763672
2024-10-08,28.969999313354492,26.014572143554688
2024-10-09,28.360000610351562,25.46680450439453
2024-10-10,28.510000228881836,25.60150146484375
2024-10-11,28.31999969482422,25.430885314941406
2024-10-14,28.950000762939453,25.996614456176758
2024-10-15,28.399999618530273,25.502723693847656
2024-10-16,28.450000762939453,25.547622680664062
2024-10-17,28.389999389648438,25.493743896484375
2024-10-18,28.200000762939453,25.32312774658203
2024-10-21,28.170000076293945,25.296186447143555
2024-10-22,28.100000381469727,25.23332977294922
2024-10-23,28.010000228881836,25.152511596679688
2024-10-24,28.34000015258789,25.44884490966797
2024-10-25,28.1299991607666,25.260265350341797
2024-10-28,28.540000915527344,25.628442764282227
2024-10-29,28.209999084472656,25.332107543945312
2024-10-30,28.18000030517578,25.30516815185547
2024-10-31,27.780000686645508,24.945974349975586
2024-11-01,27.010000228881836,24.254526138305664
2024-11-04,27.799999237060547,24.963932037353516
2024-11-05,28.09000015258789,25.224348068237305
2024-11-06,28.329999923706055,25.439863204956055
2024-11-07,28.25,25.368024826049805
2024-11-08,27.709999084472656,24.883113861083984
2024-11-11,27.709999084472656,24.883113861083984
2024-11-12,27.690000534057617,24.865156173706055
2024-11-13,27.530000686645508,24.721477508544922
2024-11-14,27.40999984741211,24.613719940185547
2024-11-15,27.299999237060547,24.51494026184082
2024-11-18,27.389999389648438,24.59575843811035
2024-11-19,27.280000686645508,24.49698257446289
2024-11-20,27.15999984741211,24.389225006103516
2024-11-21,26.920000076293945,24.173707962036133
2024-11-22,27.510000228881836,24.703519821166992
2024-11-25,27.420000076293945,24.622699737548828
2024-11-26,27.459999084472656,24.658618927001953
2024-11-27,26.459999084472656,23.760635375976562
2024-11-29,25.520000457763672,22.91653060913086
2024-12-02,25.239999771118164,22.66509437561035
2024-12-03,25.399999618530273,22.808773040771484
2024-12-04,25.450000762939453,22.853673934936523
2024-12-05,25.8799991607666,23.239805221557617
2024-12-06,25.270000457763672,22.692039489746094
2024-12-09,25.530000686645508,22.92551040649414
2024-12-10,25.809999465942383,23.17694854736328
2024-12-11,26.510000228881836,23.80553436279297
2024-12-12,25.729999542236328,23.1051082611084
2024-12-13,25.25,22.674074172973633
2024-12-16,24.700000762939453,22.18018341064453
2024-12-17,24.0,22.548477172851562
2024-12-18,22.399999618530273,21.045246124267578
2024-12-19,22.829999923706055,21.44923973083496
2024-12-20,23.09000015258789,21.69351577758789
2024-12-23,22.6200008392334,21.25193977355957
2024-12-24,22.760000228881836,21.383472442626953
2024-12-26,22.719999313354492,21.34589195251465
2024-12-27,22.559999465942383,21.19556999206543
2024-12-30,22.610000610351562,21.24254608154297
2024-12-31,22.510000228881836,21.148591995239258
2025-01-02,22.709999084472656,21.33649444580078
2025-01-03,22.450000762939453,21.09222412109375
2025-01-06,22.84000015258789,21.458635330200195
2025-01-07,23.18000030517578,21.7780704498291
2025-01-08,22.8700008392334,21.486820220947266
2025-01-10,22.690000534057617,21.317707061767578
2025-01-13,22.809999465942383,21.430448532104492
2025-01-14,22.969999313354492,21.58077049255371
2025-01-15,23.780000686645508,22.34178352355957
2025-01-16,23.3700008392334,21.956579208374023
2025-01-17,23.549999237060547,22.12569236755371
2025-01-21,23.84000015258789,22.39815330505371
2025-01-22,24.18000030517578,22.717592239379883
2025-01-23,24.209999084472656,22.74577522277832
2025-01-24,24.34000015258789,22.867916107177734
2025-01-27,24.639999389648438,23.149768829345703
2025-01-28,24.780000686645508,23.28130340576172
2025-01-29,24.670000076293945,23.177955627441406
2025-01-30,25.3700008392334,23.835620880126953
2025-01-31,25.329999923706055,23.79804039001465
2025-02-03,25.3799991607666,23.845014572143555
2025-02-04,25.450000762939453,23.910781860351562
2025-02-05,25.43000030517578,23.891992568969727
2025-02-06,25.770000457763672,24.211427688598633
2025-02-07,25.219999313354492,23.694690704345703
2025-02-10,25.579999923706055,24.03291893005371
2025-02-11,25.790000915527344,24.2302188873291
2025-02-12,25.34000015258789,23.807435989379883
2025-02-13,25.459999084472656,23.920177459716797
2025-02-14,26.3700008392334,24.7751407623291
2025-02-18,26.389999389648438,24.793930053710938
2025-02-19,26.09000015258789,24.512075424194336
2025-02-20,26.200000762939453,24.61542320251465
2025-02-21,25.469999313354492,23.9295711517334
2025-02-24,25.059999465942383,23.544368743896484
2025-02-25,25.280000686645508,23.75106430053711
2025-02-26,24.8799991607666,23.375255584716797
2025-02-27,24.709999084472656,23.21553611755371
2025-02-28,24.110000610351562,22.651823043823242
2025-03-03,24.139999389648438,22.680009841918945
2025-03-04,23.90999984741211,22.46392059326172
2025-03-05,24.579999923706055,23.093399047851562
2025-03-06,24.56999969482422,23.084003448486328
2025-03-07,24.81999969482422,23.318883895874023
2025-03-10,24.299999237060547,22.830331802368164
2025-03-11,24.3799991607666,22.905494689941406
2025-03-12,24.479999542236328,22.99944496154785
2025-03-13,24.799999237060547,23.300092697143555
2025-03-14,25.84000015258789,24.27719497680664
2025-03-17,26.450000762939453,24.85030174255371
2025-03-18,26.56999969482422,24.963043212890625
2025-03-19,26.940000534057617,25.3106689453125
2025-03-20,26.579999923706055,24.97243881225586
2025-03-21,26.56999969482422,24.963043212890625
2025-03-24,26.190000534057617,24.606027603149414
2025-03-25,26.420000076293945,24.82211685180664
2025-03-26,26.299999237060547,24.709373474121094
2025-03-27,26.329999923706055,24.737558364868164
2025-03-28,25.959999084472656,24.389934539794922
2025-03-31,25.850000381469727,24.286590576171875
2025-04-01,26.139999389648438,24.559049606323242
2025-04-02,26.139999389648438,24.559049606323242
2025-04-03,26.329999923706055,24.737558364868164
2025-04-04,24.5,23.018239974975586
2025-04-07,23.950000762939453,22.501502990722656
2025-04-08,23.440000534057617,22.02234649658203
2025-04-09,24.709999084472656,23.21553611755371
2025-04-10,24.190000534057617,22.726985931396484
2025-04-11,24.690000534057617,23.196748733520508
2025-04-14,25.010000228881836,23.497394561767578
2025-04-15,24.860000610351562,23.356464385986328
2025-04-16,24.790000915527344,23.290700912475586
2025-04-17,25.219999313354492,23.694690704345703
2025-04-21,25.200000762939453,23.675901412963867
2025-04-22,25.860000610351562,24.29598617553711
2025-04-23,26.309999465942383,24.718767166137695
2025-04-24,26.739999771118164,25.122760772705078
2025-04-25,26.940000534057617,25.3106689453125
2025-04-28,27.209999084472656,25.564334869384766
2025-04-29,27.360000610351562,25.705265045166016
2025-04-30,27.040000915527344,25.404619216918945
2025-05-01,26.8799991607666,25.25429344177246
2025-05-02,27.1200008392334,25.479780197143555
2025-05-05,26.709999084472656,25.094575881958008
2025-05-06,26.610000610351562,25.000625610351562
2025-05-07,26.399999618530273,24.803325653076172
2025-05-08,27.479999542236328,25.81800651550293
2025-05-09,27.559999465942383,25.89316749572754
2025-05-12,27.489999771118164,25.82740020751953
2025-05-13,28.329999923706055,26.616596221923828
2025-05-14,28.200000762939453,26.494462966918945
2025-05-15,28.010000228881836,26.31595230102539
2025-05-16,28.0,26.306556701660156
2025-05-19,28.18000030517578,26.475671768188477
2025-05-20,28.15999984741211,26.456880569458008
2025-05-21,27.670000076293945,25.99651527404785
2025-05-22,27.520000457763672,25.855588912963867
2025-05-23,27.649999618530273,25.977724075317383
2025-05-27,27.989999771118164,26.297163009643555
2025-05-28,27.690000534057617,26.015308380126953
2025-05-29,27.700000762939453,26.024703979492188
2025-05-30,27.209999084472656,25.564334869384766
2025-06-02,27.270000457763672,25.620708465576172
2025-06-03,27.579999923706055,25.911958694458008
2025-06-04,27.440000534057617,25.780426025390625
2025-06-05,27.600000381469727,25.930749893188477
2025-06-06,27.719999313354492,26.04349136352539
2025-06-09,27.6200008392334,25.949541091918945
2025-06-10,27.719999313354492,26.04349136352539
2025-06-11,28.219999313354492,26.51325035095215
2025-06-12,28.149999618530273,26.447484970092773
2025-06-13,28.139999389648438,26.438087463378906
2025-06-16,28.309999465942383,27.093658447265625
2025-06-17,28.110000610351562,26.902252197265625
2025-06-18,28.079999923706055,26.87354278564453
2025-06-20,27.670000076293945,26.481157302856445
2025-06-23,27.65999984741211,26.471586227416992
2025-06-24,27.979999542236328,26.7778377532959
2025-06-25,27.56999969482422,26.385454177856445
2025-06-26,28.1299991607666,26.9213924407959
2025-06-27,28.139999389648438,26.93096160888672
2025-06-30,28.850000381469727,27.61046028137207
2025-07-01,28.790000915527344,27.553037643432617
2025-07-02,28.90999984741211,27.667879104614258
2025-07-03,29.309999465942383,28.050695419311523
2025-07-07,28.600000381469727,27.371200561523438
2025-07-08,28.709999084472656,27.476472854614258
2025-07-09,28.15999984741211,26.950103759765625
2025-07-10,27.719999313354492,26.529008865356445
2025-07-11,27.530000686645508,26.347171783447266
2025-07-14,27.309999465942383,26.13662338256836
2025-07-15,27.469999313354492,26.289749145507812
2025-07-16,27.56999969482422,26.385454177856445
2025-07-17,27.690000534057617,26.50029754638672
2025-07-18,26.850000381469727,25.696388244628906
2025-07-21,27.079999923706055,25.916505813598633
2025-07-22,27.0,25.83994483947754
2025-07-23,27.479999542236328,26.299320220947266
2025-07-24,27.1299991607666,25.964357376098633
2025-07-25,26.940000534057617,25.782522201538086
2025-07-28,26.520000457763672,25.38056755065918
2025-07-29,26.760000228881836,25.610254287719727
2025-07-30,26.8799991607666,25.725099563598633
2025-07-31,26.549999237060547,25.409276962280273
2025-08-01,26.649999618530273,25.504981994628906
2025-08-04,26.93000030517578,25.772951126098633
2025-08-05,27.020000457763672,25.85908317565918
2025-08-06,27.450000762939453,26.270610809326172
2025-08-07,28.049999237060547,26.844829559326172
2025-08-08,27.809999465942383,26.615142822265625
2025-08-11,27.639999389648438,26.45244598388672
2025-08-12,28.389999389648438,27.17022132873535
2025-08-13,28.18000030517578,26.96924591064453
2025-08-14,27.889999389648438,26.69170570373535
2025-08-15,28.200000762939453,26.988386154174805
2025-08-18,28.290000915527344,27.074520111083984
2025-08-19,27.360000610351562,26.184476852416992
2025-08-20,27.690000534057617,26.50029754638672
2025-08-21,27.65999984741211,26.471586227416992
2025-08-22,28.610000610351562,27.380769729614258
2025-08-25,28.739999771118164,27.505184173583984
2025-08-26,28.610000610351562,27.380769729614258
2025-08-27,29.020000457763672,27.773155212402344
2025-08-28,29.489999771118164,28.22296142578125
2025-08-29,29.5,28.23253059387207
2025-09-02,29.0,27.754013061523438
2025-09-03,28.989999771118164,27.744443893432617
2025-09-04,29.170000076293945,27.916709899902344
2025-09-05,29.6299991607666,28.356945037841797
2025-09-08,29.579999923706055,28.309093475341797
2025-09-09,29.540000915527344,28.27081298828125
2025-09-10,29.790000915527344,28.510072708129883
2025-09-11,30.049999237060547,28.758899688720703
2025-09-12,30.030000686645508,28.73975944519043
2025-09-15,30.510000228881836,29.199134826660156
2025-09-16,30.690000534057617,29.37140464782715
2025-09-17,30.940000534057617,29.610660552978516
2025-09-18,30.81999969482422,29.495817184448242
2025-09-19,30.93000030517578,29.601091384887695
2025-09-22,30.790000915527344,29.46710777282715
2025-09-23,31.31999969482422,29.974334716796875
2025-09-24,31.049999237060547,29.71593475341797
2025-09-25,30.579999923706055,29.266128540039062
2025-09-26,30.729999542236328,29.409683227539062
2025-09-29,30.989999771118164,29.658512115478516
2025-09-30,31.0,29.6680850982666
2025-10-01,30.579999923706055,29.266128540039062
2025-10-02,30.239999771118164,28.940736770629883
2025-10-03,30.329999923706055,29.026870727539062
2025-10-06,30.309999465942383,29.007728576660156
2025-10-07,29.68000030517578,28.404796600341797
2025-10-08,29.8700008392334,28.58663558959961
2025-10-09,29.670000076293945,28.395227432250977
2025-10-10,28.790000915527344,27.553037643432617
2025-10-13,29.18000030517578,27.926280975341797
2025-10-14,29.100000381469727,27.84971809387207
2025-10-15,29.31999969482422,28.060264587402344
2025-10-16,29.239999771118164,27.983701705932617
2025-10-17,29.709999084472656,28.433507919311523
2025-10-20,30.219999313354492,28.921594619750977
2025-10-21,29.940000534057617,28.653627395629883
2025-10-22,30.030000686645508,28.73975944519043
2025-10-23,30.469999313354492,29.16085433959961
2025-10-24,30.479999542236328,29.170425415039062
2025-10-27,30.770000457763672,29.447967529296875
2025-10-28,30.920000076293945,29.591520309448242
2025-10-29,31.18000030517578,29.840349197387695
2025-10-30,31.049999237060547,29.71593475341797
2025-10-31,31.170000076293945,29.830780029296875
2025-11-03,31.520000457763672,30.165742874145508
2025-11-04,31.18000030517578,29.840349197387695
2025-11-05,32.099998474121094,30.7208194732666
2025-11-06,32.040000915527344,30.663400650024414
2025-11-07,32.29999923706055,30.912229537963867
2025-11-10,32.720001220703125,31.314184188842773
2025-11-11,33.4900016784668,32.05109786987305
2025-11-12,33.220001220703125,31.792701721191406
2025-11-13,32.97999954223633,31.563011169433594
2025-11-14,33.18000030517578,31.754417419433594
2025-11-17,32.779998779296875,31.37160301208496
2025-11-18,32.709999084472656,31.30461311340332
2025-11-19,32.4900016784668,31.094070434570312
2025-11-20,31.899999618530273,30.529415130615234
2025-11-21,32.029998779296875,30.65382957458496
2025-11-24,32.20000076293945,30.816526412963867
2025-11-25,32.54999923706055,31.1514892578125
2025-11-26,33.470001220703125,32.031959533691406
2025-11-28,33.61000061035156,32.16594696044922
2025-12-01,33.400001525878906,31.9649715423584
2025-12-02,34.029998779296875,32.567901611328125
2025-12-03,34.20000076293945,32.730594635009766
2025-12-04,34.720001220703125,33.22825241088867
2025-12-05,32.529998779296875,31.132343292236328
2025-12-08,32.75,31.342897415161133
2025-12-09,32.7400016784668,31.33332633972168
2025-12-10,32.77000045776367,31.362035751342773
2025-12-11,33.15999984741211,31.73527717590332
2025-12-12,33.31999969482422,31.88840675354004
2025-12-15,33.58000183105469,32.13723373413086
2025-12-16,31.600000381469727,31.1964054107666
2025-12-17,31.0,30.604068756103516
2025-12-18,31.170000076293945,30.77189826965332
2025-12-19,31.170000076293945,30.77189826965332
2025-12-22,30.969999313354492,30.574451446533203
2025-12-23,31.649999618530273,31.245765686035156
2025-12-24,31.549999237060547,31.147043228149414
2025-12-26,31.729999542236328,31.324745178222656
2025-12-29,31.420000076293945,31.018705368041992
2025-12-30,31.989999771118164,31.68832778930664
2025-12-31,31.770000457763672,31.47040367126465
2026-01-02,32.20000076293945,31.89634895324707
2026-01-05,32.790000915527344,32.48078536987305
2026-01-06,33.11000061035156,32.797767639160156
2026-01-07,32.70000076293945,32.39163589477539
2026-01-08,32.880001068115234,32.56993865966797
2026-01-09,33.060001373291016,32.74824142456055
2026-01-12,32.93000030517578,32.61946487426758
2026-01-13,32.630001068115234,32.322296142578125
2026-01-14,33.15999984741211,32.847293853759766
2026-01-15,33.36000061035156,33.04541015625
2026-01-16,33.16999816894531,32.857200622558594
2026-01-20,33.619998931884766,33.302955627441406
2026-01-21,35.02000045776367,34.689754486083984
2026-01-22,35.95000076293945,35.610984802246094
2026-01-23,36.59000015258789,36.24494934082031
2026-01-26,36.61000061035156,36.26476287841797
2026-01-27,37.88999938964844,37.532691955566406
2026-01-28,38.33000183105469,37.968544006347656
2026-01-29,38.119998931884766,37.760520935058594
2026-01-30,37.040000915527344,36.69070816040039
2026-02-02,37.45000076293945,37.096839904785156
2026-02-03,38.040000915527344,37.681278228759766
2026-02-04,36.97999954223633,36.63127136230469
2026-02-05,36.90999984741211,36.56193161010742
2026-02-06,37.560001373291016,37.20580291748047
2026-02-09,38.41999816894531,38.05768966674805
2026-02-10,38.31999969482422,37.95863723754883
2026-02-11,39.15999984741211,38.790714263916016
2026-02-12,38.4900016784668,38.12703323364258
2026-02-13,38.060001373291016,37.701087951660156
2026-02-17,37.7400016784668,37.38410568237305
2026-02-18,38.029998779296875,37.67136764526367
2026-02-19,38.61000061035156,38.24590301513672
2026-02-20,39.369998931884766,38.99873352050781
2026-02-23,38.77000045776367,38.40439224243164
2026-02-24,39.470001220703125,39.09779357910156
2026-02-25,39.59000015258789,39.21665954589844
2026-02-26,39.099998474121094,38.73127746582031
2026-02-27,38.72999954223633,38.364768981933594
2026-03-02,38.63999938964844,38.27561950683594
2026-03-03,36.81999969482422,36.472782135009766
2026-03-04,37.4900016784668,37.1364631652832
2026-03-05,36.36000061035156,36.017120361328125
2026-03-06,36.279998779296875,35.93787384033203
2026-03-09,37.099998474121094,36.75013732910156
2026-03-10,37.529998779296875,37.176082611083984
2026-03-11,37.61000061035156,37.255332946777344
2026-03-12,36.119998931884766,35.779380798339844
2026-03-13,35.4900016784668,35.15532302856445
2026-03-16,36.529998779296875,36.185516357421875
2026-03-17,36.709999084472656,36.36381912231445
2026-03-18,36.2599983215332,35.918060302734375
2026-03-19,36.5,36.155799865722656
2026-03-20,35.060001373291016,34.72937774658203
2026-03-23,36.849998474121094,36.502498626708984
2026-03-24,36.66999816894531,36.32419204711914
2026-03-25,37.540000915527344,37.18599319458008
2026-03-26,36.79999923706055,36.45296859741211
2026-03-27,36.630001068115234,36.28457260131836
2026-03-30,36.77000045776367,36.42325210571289
2026-03-31,38.38999938964844,38.027976989746094
2026-04-01,38.369998931884766,38.00816345214844
2026-04-02,38.349998474121094,37.98834991455078
2026-04-06,38.540000915527344,38.17656326293945
2026-04-07,38.459999084472656,38.097312927246094
2026-04-08,39.560001373291016,39.18694305419922
2026-04-09,40.540000915527344,40.1577033996582
2026-04-10,41.33000183105469,40.94025421142578
2026-04-13,41.52000045776367,41.12845993041992
2026-04-14,41.72999954223633,41.33647918701172
2026-04-15,41.459999084472656,41.06902313232422
2026-04-16,41.470001220703125,41.07893371582031
2026-04-17,41.15999984741211,40.771854400634766
2026-04-20,41.29999923706055,40.9105339050293
2026-04-21,40.790000915527344,40.40534591674805
2026-04-22,40.59000015258789,40.20722961425781
2026-04-23,40.09000015258789,39.711944580078125
2026-04-24,39.939998626708984,39.563358306884766
2026-04-27,39.88999938964844,39.51382827758789
2026-04-28,39.689998626708984,39.31571578979492
2026-04-29,38.650001525878906,38.285526275634766
2026-04-30,39.70000076293945,39.32562255859375
2026-05-01,39.43000030517578,39.058170318603516
2026-05-04,39.040000915527344,38.67184829711914
2026-05-05,39.709999084472656,39.33552551269531
2026-05-06,39.900001525878906,39.523738861083984
2026-05-07,38.79999923706055,38.43410873413086
2026-05-08,39.119998931884766,38.75109100341797
2026-05-11,38.65999984741211,38.29542922973633
2026-05-12,38.2400016784668,37.879390716552734
2026-05-13,36.779998779296875,36.43315887451172
2026-05-14,37.130001068115234,36.77985763549805
2026-05-15,36.22999954223633,35.888343811035156
2026-05-18,36.7400016784668,36.39353561401367
2026-05-19,35.88999938964844,35.551551818847656
2026-05-20,36.75,36.4034423828125
2026-05-21,37.0099983215332,36.660987854003906
2026-05-22,36.369998931884766,36.02702331542969
2026-05-26,36.4900016784668,36.14589309692383
2026-05-27,36.11000061035156,35.76947784423828
2026-05-28,36.11000061035156,35.76947784423828
2026-05-29,35.90999984741211,35.57136154174805
2026-06-01,35.66999816894531,35.33362579345703
2026-06-02,35.779998779296875,35.442588806152344
2026-06-03,34.63999938964844,34.31333923339844
2026-06-04,34.779998779296875,34.45201873779297
2026-06-05,34.0099983215332,33.68927764892578
2026-06-08,33.689998626708984,33.37229537963867
2026-06-09,33.91999816894531,33.600128173828125
2026-06-10,33.779998779296875,33.461448669433594
2026-06-11,34.810001373291016,34.48173904418945
2026-06-12,35.099998474121094,34.76900100708008
2026-06-15,34.63999938964844,34.63999938964844
2026-06-16,34.40999984741211,34.40999984741211
2026-06-17,34.11000061035156,34.11000061035156
2026-06-18,33.72999954223633,33.72999954223633
2026-06-22,34.27000045776367,34.27000045776367
2026-06-23,34.150001525878906,34.150001525878906
2026-06-24,33.849998474121094,33.849998474121094
2026-06-25,34.18000030517578,34.18000030517578
2026-06-26,34.66999816894531,34.66999816894531
2026-06-29,34.54999923706055,34.54999923706055
2026-06-30,34.5,34.5
2026-07-01,34.18000030517578,34.18000030517578
2026-07-02,34.43000030517578,34.43000030517578
2026-07-06,34.91999816894531,34.91999816894531
2026-07-07,34.63999938964844,34.63999938964844
2026-07-08,34.40999984741211,34.40999984741211
2026-07-09,34.959999084472656,34.959999084472656
2026-07-10,35.93000030517578,35.93000030517578
2026-07-13,35.38999938964844,35.38999938964844
2026-07-14,36.029998779296875,36.029998779296875
2026-07-15,35.880001068115234,35.880001068115234
2026-07-16,35.33000183105469,35.33000183105469
2026-07-17,35.22999954223633,35.22999954223633
2026-07-20,35.47999954223633,35.47999954223633
2026-07-21,35.619998931884766,35.619998931884766
2026-07-22,36.619998931884766,36.619998931884766
2026-07-23,36.16999816894531,36.16999816894531
2026-07-24,35.72999954223633,35.72999954223633
2026-07-27,35.869998931884766,35.869998931884766
2026-07-28,36.04999923706055,36.04999923706055
2026-07-29,35.470001220703125,35.470001220703125
2026-07-30,36.529998779296875,36.529998779296875
2026-07-31,36.650001525878906,36.650001525878906
2026-08-03,36.41999816894531,36.41999816894531
2026-08-04,36.09000015258789,36.09000015258789
2026-08-05,36.11000061035156,36.11000061035156
2026-08-06,35.810001373291016,35.810001373291016
2026-08-07,35.34000015258789,35.34000015258789
2026-08-10,35.189998626708984,35.189998626708984
2026-08-11,33.97999954223633,33.97999954223633
2026-08-12,33.86000061035156,33.86000061035156
2026-08-13,33.77000045776367,33.77000045776367
2026-08-14,33.93000030517578,33.93000030517578
2026-08-17,33.970001220703125,33.970001220703125
2026-08-18,33.70000076293945,33.70000076293945
2026-08-19,34.2599983215332,34.2599983215332
2026-08-20,34.13999938964844,34.13999938964844
2026-08-21,35.060001373291016,35.060001373291016
2026-08-24,35.16999816894531,35.16999816894531
2026-08-25,35.880001068115234,35.880001068115234
2026-08-26,35.720001220703125,35.720001220703125
2026-08-27,35.7599983215332,35.7599983215332
2026-08-28,35.54999923706055,35.54999923706055
2026-08-31,36.029998779296875,36.029998779296875
2026-09-01,36.56999969482422,36.56999969482422
2026-09-02,38.09000015258789,38.09000015258789
2026-09-03,38.130001068115234,38.130001068115234
2026-09-04,37.86000061035156,37.86000061035156
2026-09-08,38.61000061035156,38.61000061035156
2026-09-09,38.06999969482422,38.06999969482422
2026-09-10,38.560001373291016,38.560001373291016
2026-09-11,38.189998626708984,38.189998626708984
2026-09-14,37.720001220703125,37.720001220703125
2026-09-15,37.779998779296875,37.779998779296875
2026-09-16,37.47999954223633,37.47999954223633
2026-09-17,37.7400016784668,37.7400016784668
2026-09-18,37.52000045776367,37.52000045776367
2026-09-21,38.06999969482422,38.06999969482422
2026-09-22,38.2599983215332,38.2599983215332
2026-09-23,37.369998931884766,37.369998931884766
2026-09-24,36.90999984741211,36.90999984741211
2026-09-25,36.81999969482422,36.81999969482422
2026-09-28,36.209999084472656,36.209999084472656
2026-09-29,36.470001220703125,36.470001220703125
2026-09-30,37.25,37.25
2026-10-01,37.13999938964844,37.13999938964844
2026-10-02,38.189998626708984,38.189998626708984
2026-10-05,42.97999954223633,42.97999954223633
2026-10-06,,
